# https://github.com/mikedh/trimesh
mtllib material.mtl
usemtl material_0
v 0.89718199 0.75001103 -0.35272697
v 0.89718199 0.75625402 -0.35293597
v 0.89718199 0.75625402 -0.33742398
v 0.89718199 0.75001103 -0.33736098
v 0.89718199 0.74376798 -0.35251698
v 0.89718199 0.74376798 -0.33729896
v 0.89718199 0.74376798 -0.37544298
v 0.89718199 0.75001103 -0.37575796
v 0.89718199 0.75625402 -0.37607196
v 0.89718199 0.75001103 -0.32156998
v 0.89718199 0.75625402 -0.32160997
v 0.89718199 0.75625402 -0.29995194
v 0.89718199 0.75001103 -0.29989097
v 0.89718199 0.74376798 -0.32152897
v 0.89718199 0.74376798 -0.29982996
v 0.82142401 0.75001103 -0.46803197
v 0.82163000 0.75625402 -0.46803197
v 0.83995992 0.75625402 -0.46803197
v 0.83964998 0.75001103 -0.46803197
v 0.82121694 0.74376798 -0.46803197
v 0.83934098 0.74376798 -0.46803197
v 0.80573601 0.74376798 -0.46803197
v 0.80584997 0.75001103 -0.46803197
v 0.80596399 0.75625402 -0.46803197
v 0.89452302 0.75001103 0.33131105
v 0.89452302 0.74376798 0.33131105
v 0.89651698 0.74376798 0.33061409
v 0.89651698 0.75001103 0.33061409
v 0.89452302 0.75625402 0.33131206
v 0.89651698 0.75625402 0.33061409
v 0.88183898 0.75625402 0.33131206
v 0.88183999 0.75001103 0.33131105
v 0.88183898 0.74376798 0.33131105
v 0.35780501 0.76192498 -0.46462196
v 0.63306600 0.76192498 -0.46462196
v 0.63308501 0.76138598 -0.46717894
v 0.35780802 0.76138598 -0.46717894
v 0.08168101 0.76192498 -0.46462196
v 0.08168101 0.76138598 -0.46717894
v 0.08168101 0.76192498 -0.44660997
v 0.35778603 0.76192498 -0.44660997
v 0.63303399 0.76192302 -0.44634998
v 0.35780901 0.73809701 0.32852209
v 0.63724703 0.73809701 0.32852209
v 0.63724703 0.73863494 0.33061409
v 0.35780901 0.73863494 0.33061409
v 0.08168101 0.73809701 0.32852209
v 0.08168101 0.73863494 0.33061409
v 0.08168101 0.73809701 0.32010406
v 0.35780901 0.73809701 0.32010406
v 0.63724703 0.73809701 0.32010406
v 0.84910601 0.76192498 0.32852209
v 0.80564493 0.76192498 0.32852209
v 0.80564493 0.76138598 0.33061409
v 0.84910601 0.76138598 0.33061409
v 0.88183999 0.76192498 0.32852209
v 0.88183898 0.76138598 0.33061409
v 0.88183898 0.76192498 0.32010001
v 0.84910601 0.76192498 0.32010204
v 0.80564493 0.76192498 0.32010305
v 0.89452302 0.73809701 0.09829205
v 0.89452302 0.73809701 -0.05301398
v 0.89651698 0.73863494 -0.05302000
v 0.89651698 0.73863494 0.09828907
v 0.89452302 0.73809701 0.23722303
v 0.89651698 0.73863494 0.23722106
v 0.88183898 0.73809701 0.23723102
v 0.88183999 0.73809701 0.09831399
v 0.88172901 0.73809701 -0.05391294
v 0.89718199 0.75001103 0.32852209
v 0.89718199 0.75625402 0.32852209
v 0.89651698 0.75625402 0.33061409
v 0.89651698 0.75001103 0.33061409
v 0.89718199 0.74376798 0.32852209
v 0.89651698 0.74376798 0.33061409
v 0.89718199 0.74376798 0.32009900
v 0.89718199 0.75001103 0.32009900
v 0.89718199 0.75625402 0.32009900
v 0.35774100 0.76192498 -0.28268096
v 0.63256902 0.76191801 -0.28336996
v 0.63141596 0.76191700 -0.33923897
v 0.35770604 0.76192498 -0.33930597
v 0.08168101 0.76192498 -0.28268096
v 0.08168101 0.76192498 -0.33930597
v 0.08168101 0.76192498 -0.22281697
v 0.35779199 0.76192498 -0.22281697
v 0.63355798 0.76192302 -0.22392395
v 0.76077503 0.73809701 0.09844303
v 0.76101100 0.73809701 -0.05650097
v 0.80559403 0.73809701 -0.05466193
v 0.80564493 0.73809701 0.09842509
v 0.76077503 0.73809701 0.23728204
v 0.80564493 0.73809701 0.23727405
v 0.63724703 0.73809701 0.23728204
v 0.63724703 0.73809701 0.09844303
v 0.63730597 0.73809701 -0.05369693
v 0.74370599 0.75001103 -0.46803197
v 0.74395502 0.75625402 -0.46803197
v 0.76972502 0.75625402 -0.46803197
v 0.76935101 0.75001103 -0.46803197
v 0.74345702 0.74376798 -0.46803197
v 0.76897800 0.74376798 -0.46803197
v 0.63291699 0.74376798 -0.46803197
v 0.63297898 0.75001103 -0.46803197
v 0.63304198 0.75625402 -0.46803197
v 0.76077503 0.75001103 0.33131105
v 0.76077503 0.74376798 0.33131105
v 0.80564493 0.74376798 0.33131105
v 0.80564493 0.75001103 0.33131105
v 0.76077503 0.75625402 0.33131206
v 0.80564493 0.75625402 0.33131206
v 0.63724703 0.75625402 0.33131206
v 0.63724703 0.75001103 0.33131105
v 0.63724703 0.74376798 0.33131105
v 0.76077503 0.76192498 0.32852209
v 0.63724703 0.76192498 0.32852209
v 0.63724703 0.76138598 0.33061409
v 0.76077503 0.76138598 0.33061409
v 0.76077503 0.76192498 0.32010406
v 0.63724703 0.76192498 0.32010406
v 0.89452302 0.75001103 -0.46803197
v 0.89452302 0.75625402 -0.46803197
v 0.89651698 0.75625402 -0.46717894
v 0.89651698 0.75001103 -0.46717894
v 0.89452302 0.74376798 -0.46803197
v 0.89651698 0.74376798 -0.46717894
v 0.88555598 0.74376798 -0.46803197
v 0.88560802 0.75001103 -0.46803197
v 0.88565999 0.75625402 -0.46803197
v 0.78927898 0.75001103 -0.46803197
v 0.78952801 0.75625402 -0.46803197
v 0.78903002 0.74376798 -0.46803197
v 0.89718199 0.75001103 -0.46462196
v 0.89718199 0.74376798 -0.46462196
v 0.89651698 0.74376798 -0.46717894
v 0.89651698 0.75001103 -0.46717894
v 0.89718199 0.75625402 -0.46462196
v 0.89651698 0.75625402 -0.46717894
v 0.89718199 0.75625402 -0.45044994
v 0.89718199 0.75001103 -0.45039797
v 0.89718199 0.74376798 -0.45034599
v 0.89718199 0.75001103 -0.26686597
v 0.89718199 0.75625402 -0.26690698
v 0.89718199 0.75625402 -0.21914595
v 0.89718199 0.75001103 -0.21913496
v 0.89718199 0.74376798 -0.26682496
v 0.89718199 0.74376798 -0.21912494
v 0.82928896 0.76191700 -0.22020495
v 0.82295501 0.76189202 -0.25697994
v 0.80542499 0.76189202 -0.25566697
v 0.80544698 0.76191700 -0.21795198
v 0.84346497 0.76191092 -0.23653099
v 0.84116101 0.76189297 -0.26221696
v 0.86056697 0.76191801 -0.22398296
v 0.86254698 0.76189792 -0.27173597
v 0.88470399 0.76192302 -0.22034195
v 0.88519901 0.76191598 -0.26810196
v 0.86960298 0.76189202 -0.30087698
v 0.88696301 0.76191300 -0.30017298
v 0.88809597 0.76191092 -0.32154799
v 0.87413299 0.76188999 -0.32138297
v 0.88851100 0.76191092 -0.33749697
v 0.87579501 0.76188999 -0.33752498
v 0.88812399 0.76191092 -0.35329497
v 0.87424397 0.76188999 -0.35357198
v 0.88696200 0.76191199 -0.37618098
v 0.86959898 0.76189101 -0.37530798
v 0.88505697 0.76191503 -0.41339397
v 0.86197501 0.76189500 -0.40851295
v 0.88555098 0.76192200 -0.45010996
v 0.86395401 0.76191598 -0.44888997
v 0.83998501 0.76188898 -0.41877997
v 0.84021997 0.76191300 -0.45145696
v 0.82192302 0.76191199 -0.45286196
v 0.82212895 0.76188701 -0.42439997
v 0.80596602 0.76191092 -0.45323098
v 0.80576795 0.76188701 -0.42587495
v 0.78925103 0.76191199 -0.45268893
v 0.78826600 0.76188600 -0.42370898
v 0.76940602 0.76191300 -0.45040995
v 0.76822001 0.76188898 -0.41459396
v 0.74405599 0.76191598 -0.44556898
v 0.74422598 0.76189601 -0.39522797
v 0.63300300 0.76191801 -0.39835197
v 0.73806292 0.76189399 -0.33903795
v 0.74246901 0.76189792 -0.28543493
v 0.74611998 0.76191801 -0.22724497
v 0.76503199 0.76189297 -0.26681197
v 0.76373798 0.76191092 -0.23848495
v 0.77980602 0.76191700 -0.22036496
v 0.78606701 0.76189202 -0.25791696
v 0.88806802 0.73807591 -0.32141897
v 0.87402201 0.73804402 -0.32129696
v 0.87560803 0.73804402 -0.33738998
v 0.88846499 0.73807502 -0.33729798
v 0.88696700 0.73807800 -0.29998097
v 0.86961800 0.73804700 -0.30075398
v 0.88519800 0.73808300 -0.26797795
v 0.86254102 0.73805600 -0.27167296
v 0.88468999 0.73809302 -0.22031099
v 0.86051100 0.73808599 -0.22396699
v 0.84109402 0.73804891 -0.26217398
v 0.84339201 0.73807591 -0.23651198
v 0.82922298 0.73808402 -0.22017196
v 0.82290298 0.73804802 -0.25684896
v 0.80545902 0.73808402 -0.21790498
v 0.80542701 0.73804802 -0.25547996
v 0.77991998 0.73808402 -0.22034895
v 0.78612500 0.73804700 -0.25785196
v 0.76385999 0.73807591 -0.23850998
v 0.76512396 0.73804891 -0.26686698
v 0.74623901 0.73808700 -0.22724196
v 0.74254799 0.73805702 -0.28542498
v 0.63358700 0.73809397 -0.22392395
v 0.63258898 0.73808700 -0.28336698
v 0.73803800 0.73805201 -0.33892697
v 0.63141000 0.73808599 -0.33921096
v 0.63291901 0.73808599 -0.39832798
v 0.74388999 0.73805499 -0.39513195
v 0.63284492 0.73809302 -0.44634396
v 0.74330199 0.73808402 -0.44554496
v 0.76756197 0.73804301 -0.41450498
v 0.76823598 0.73807901 -0.45038801
v 0.78846693 0.73807693 -0.45265898
v 0.78780699 0.73803902 -0.42358896
v 0.80560601 0.73807693 -0.45319396
v 0.80555201 0.73803902 -0.42572796
v 0.82126600 0.73807693 -0.45282796
v 0.82172298 0.73803902 -0.42426598
v 0.83924598 0.73807901 -0.45141098
v 0.83942598 0.73804301 -0.41859698
v 0.86334598 0.73808300 -0.44878900
v 0.86176699 0.73805302 -0.40811098
v 0.88539898 0.73809195 -0.44994599
v 0.88500500 0.73808199 -0.41273898
v 0.86968899 0.73804599 -0.37464094
v 0.88698500 0.73807800 -0.37518197
v 0.88812101 0.73807591 -0.35262698
v 0.87423402 0.73804402 -0.35311997
v 0.35780901 0.75001103 -0.46803197
v 0.35780901 0.75625402 -0.46803197
v 0.35780901 0.74376798 -0.46803197
v 0.08168101 0.74376798 -0.46803197
v 0.08168101 0.75001103 -0.46803197
v 0.08168101 0.75625402 -0.46803197
v 0.35780901 0.75001103 0.33131105
v 0.35780901 0.74376798 0.33131105
v 0.35780901 0.75625402 0.33131206
v 0.08168101 0.75625402 0.33131206
v 0.08168101 0.75001103 0.33131105
v 0.08168101 0.74376798 0.33131105
v 0.35780501 0.73809701 -0.46462196
v 0.08168101 0.73809701 -0.46462196
v 0.08168101 0.73863494 -0.46717894
v 0.35780802 0.73863494 -0.46717894
v 0.63283700 0.73809600 -0.46462196
v 0.63286000 0.73863494 -0.46717894
v 0.35778603 0.73809701 -0.44660997
v 0.08168101 0.73809701 -0.44660997
v 0.35780901 0.76192498 0.32852209
v 0.08168101 0.76192498 0.32852209
v 0.08168101 0.76138598 0.33061409
v 0.35780901 0.76138598 0.33061409
v 0.35780901 0.76192498 0.32010406
v 0.08168101 0.76192498 0.32010406
v 0.35774100 0.73809701 -0.28268096
v 0.08168101 0.73809701 -0.28268096
v 0.08168101 0.73809701 -0.33930597
v 0.35770604 0.73809701 -0.33930597
v 0.35779199 0.73809701 -0.22281697
v 0.08168101 0.73809701 -0.22281697
v 0.89718199 0.74025100 -0.35239896
v 0.89718199 0.74025100 -0.33726296
v 0.89651698 0.73863399 -0.35236496
v 0.89651698 0.73863399 -0.33725098
v 0.89651698 0.73863399 -0.37521496
v 0.89718199 0.74025100 -0.37526596
v 0.89718199 0.75977099 -0.35305497
v 0.89718199 0.75977099 -0.37624896
v 0.89651698 0.76138502 -0.35311997
v 0.89651698 0.76138598 -0.37634796
v 0.89651698 0.76138502 -0.33747697
v 0.89718199 0.75977099 -0.33745894
v 0.89718199 0.74025100 -0.32150593
v 0.89718199 0.74025100 -0.29979596
v 0.89651698 0.73863399 -0.32148996
v 0.89651698 0.73863399 -0.29977196
v 0.89718199 0.75977099 -0.32163298
v 0.89651698 0.76138502 -0.32163697
v 0.89651698 0.76138598 -0.29999197
v 0.89718199 0.75977099 -0.29998696
v 0.82110101 0.74025100 -0.46803197
v 0.83916700 0.74025100 -0.46803197
v 0.82106000 0.73863399 -0.46717894
v 0.83910602 0.73863399 -0.46717894
v 0.80564100 0.73863399 -0.46717894
v 0.80567193 0.74025100 -0.46803197
v 0.82174599 0.75977099 -0.46803197
v 0.80602801 0.75977099 -0.46803197
v 0.82180500 0.76138598 -0.46717894
v 0.80605203 0.76138598 -0.46717894
v 0.84022301 0.76138598 -0.46717894
v 0.84013402 0.75977099 -0.46803197
v 0.89452302 0.75977099 0.33131206
v 0.89651698 0.75977099 0.33061409
v 0.89452302 0.76138598 0.33061409
v 0.89599997 0.76096702 0.33007205
v 0.88183898 0.76138598 0.33061409
v 0.88183999 0.75977099 0.33131206
v 0.84910601 0.74025100 0.33131105
v 0.84910601 0.74376798 0.33131105
v 0.80564493 0.74025100 0.33131105
v 0.84910601 0.73863494 0.33061409
v 0.80564493 0.73863494 0.33061409
v 0.88183898 0.73863494 0.33061409
v 0.88183999 0.74025100 0.33131105
v 0.89718199 0.74025100 0.32852209
v 0.89651698 0.74025100 0.33061409
v 0.89651698 0.73863494 0.32852209
v 0.89599997 0.73905402 0.33007205
v 0.89651698 0.73863494 0.32009900
v 0.89718199 0.74025100 0.32009900
v 0.89718199 0.75977099 0.09828806
v 0.89718199 0.75977099 -0.05302197
v 0.89651698 0.76138598 -0.05302000
v 0.89651698 0.76138598 0.09828907
v 0.89718199 0.75977099 0.23722106
v 0.89651698 0.76138598 0.23722106
v 0.89718199 0.75625402 0.23722106
v 0.89718199 0.75625402 0.09828806
v 0.89718199 0.75625402 -0.05302197
v 0.74331599 0.74025100 -0.46803197
v 0.76876700 0.74025100 -0.46803197
v 0.74323303 0.73863494 -0.46717894
v 0.76864398 0.73863399 -0.46717894
v 0.63286000 0.73863494 -0.46717894
v 0.63288200 0.74025100 -0.46803197
v 0.74409503 0.75977099 -0.46803197
v 0.63307697 0.75977099 -0.46803197
v 0.74413300 0.76138598 -0.46717894
v 0.63308501 0.76138598 -0.46717894
v 0.76999301 0.76138598 -0.46717894
v 0.76993603 0.75977099 -0.46803197
v 0.76077503 0.75977099 0.33131206
v 0.80564493 0.75977099 0.33131206
v 0.76077503 0.76138598 0.33061409
v 0.80564493 0.76138598 0.33061409
v 0.63724703 0.76138598 0.33061409
v 0.63724703 0.75977099 0.33131206
v 0.76077503 0.74025100 0.33131105
v 0.63724703 0.74025100 0.33131105
v 0.76077503 0.73863494 0.33061409
v 0.63724703 0.73863494 0.33061409
v 0.89452302 0.74025100 -0.46803197
v 0.89651698 0.74025100 -0.46717894
v 0.89452302 0.73863494 -0.46717894
v 0.89599997 0.73905402 -0.46651596
v 0.88551700 0.73863494 -0.46717894
v 0.88552803 0.74025100 -0.46803197
v 0.86450398 0.75977099 -0.46803197
v 0.86438698 0.75625402 -0.46803197
v 0.86456299 0.76138598 -0.46717894
v 0.88570398 0.76138598 -0.46717894
v 0.88568902 0.75977099 -0.46803197
v 0.78889000 0.74025100 -0.46803197
v 0.78880799 0.73863399 -0.46717894
v 0.78966898 0.75977099 -0.46803197
v 0.78970701 0.76138598 -0.46717894
v 0.89718199 0.75977099 -0.46462196
v 0.89651698 0.75977099 -0.46717894
v 0.89651698 0.76138598 -0.46462196
v 0.89599997 0.76096702 -0.46651596
v 0.89651698 0.76138598 -0.45049596
v 0.89718199 0.75977099 -0.45047998
v 0.89718199 0.74025100 -0.41421798
v 0.89718199 0.74376798 -0.41433597
v 0.89651698 0.73863399 -0.41418397
v 0.89651698 0.73863494 -0.45030797
v 0.89718199 0.74025100 -0.45031598
v 0.89718199 0.74025100 -0.26680198
v 0.89718199 0.74025100 -0.21911895
v 0.89651698 0.73863494 -0.26678497
v 0.89651698 0.73863494 -0.21911299
v 0.89718199 0.75977099 -0.26692995
v 0.89651698 0.76138598 -0.26693198
v 0.89651698 0.76138598 -0.21914998
v 0.89718199 0.75977099 -0.21915096
v 0.35780901 0.74025100 -0.46803197
v 0.35780802 0.73863494 -0.46717894
v 0.08168101 0.73863494 -0.46717894
v 0.08168101 0.74025100 -0.46803197
v 0.35780901 0.75977099 -0.46803197
v 0.08168101 0.75977099 -0.46803197
v 0.35780802 0.76138598 -0.46717894
v 0.08168101 0.76138598 -0.46717894
v 0.35780901 0.75977099 0.33131206
v 0.35780901 0.76138598 0.33061409
v 0.08168101 0.76138598 0.33061409
v 0.08168101 0.75977099 0.33131206
v 0.35780901 0.74025100 0.33131105
v 0.08168101 0.74025100 0.33131105
v 0.35780901 0.73863494 0.33061409
v 0.08168101 0.73863494 0.33061409
v 0.35773700 0.76192498 -0.39939296
v 0.08168101 0.76192498 -0.39939296
v 0.89718199 0.75001103 -0.41454497
v 0.89718199 0.75625402 -0.41475496
v 0.89452302 0.76192498 -0.46462196
v 0.89452302 0.76192403 -0.45050898
v 0.89651698 0.76138598 -0.45049596
v 0.89651698 0.76138598 -0.46462196
v 0.89452302 0.76138598 -0.46717894
v 0.89599997 0.76096702 -0.46651596
v 0.88570398 0.76138598 -0.46717894
v 0.88571203 0.76192403 -0.46462196
v 0.82183999 0.76192200 -0.46462196
v 0.84027499 0.76192200 -0.46462196
v 0.82180500 0.76138598 -0.46717894
v 0.84022301 0.76138598 -0.46717894
v 0.80605203 0.76138598 -0.46717894
v 0.80604601 0.76192200 -0.46462196
v 0.78965002 0.76192200 -0.46462196
v 0.78970701 0.76138598 -0.46717894
v 0.76999301 0.76138598 -0.46717894
v 0.76990598 0.76192200 -0.46462196
v 0.74407202 0.76192302 -0.46462196
v 0.74413300 0.76138598 -0.46717894
v 0.74315602 0.73809499 -0.46462196
v 0.74323303 0.73863494 -0.46717894
v 0.76864398 0.73863399 -0.46717894
v 0.76853198 0.73809302 -0.46462196
v 0.78873402 0.73809195 -0.46462196
v 0.78880799 0.73863399 -0.46717894
v 0.80564100 0.73863399 -0.46717894
v 0.80562699 0.73809195 -0.46462196
v 0.82108003 0.73809195 -0.46462196
v 0.82106000 0.73863399 -0.46717894
v 0.83910602 0.73863399 -0.46717894
v 0.83913600 0.73809302 -0.46462196
v 0.86383802 0.73809499 -0.46462196
v 0.86381799 0.73863494 -0.46717894
v 0.88551700 0.73863494 -0.46717894
v 0.88552201 0.73809600 -0.46462196
v 0.35773700 0.73809701 -0.39939296
v 0.08168101 0.73809701 -0.39939296
v 0.89718199 0.75977099 -0.41487297
v 0.89651698 0.76138598 -0.41493896
v 0.89718199 0.74025100 -0.46462196
v 0.89651698 0.73863494 -0.46462196
v 0.89651698 0.74025100 -0.46717894
v 0.89599997 0.73905402 -0.46651596
v 0.84910601 0.75001103 0.33131105
v 0.84910601 0.75625402 0.33131206
v 0.89452302 0.76192498 0.32852209
v 0.89452302 0.76138598 0.33061409
v 0.89651698 0.76138598 0.32852209
v 0.89599997 0.76096702 0.33007205
v 0.89651698 0.76138598 0.32009900
v 0.89452302 0.76192498 0.32009900
v 0.84910601 0.73809701 0.32852209
v 0.88183999 0.73809701 0.32852209
v 0.88183898 0.73863494 0.33061409
v 0.84910601 0.73863494 0.33061409
v 0.80564493 0.73809701 0.32852209
v 0.80564493 0.73863494 0.33061409
v 0.80564493 0.73809701 0.32010305
v 0.84910601 0.73809701 0.32010204
v 0.88183999 0.73809701 0.32010001
v 0.86418098 0.75001103 -0.46803197
v 0.86397499 0.74376798 -0.46803197
v 0.89452302 0.76192302 -0.26691198
v 0.89452302 0.76192403 -0.21913895
v 0.89651698 0.76138598 -0.26693198
v 0.89651698 0.76138598 -0.21914998
v 0.89651698 0.76138598 -0.29999197
v 0.89452302 0.76192200 -0.29996696
v 0.89452302 0.76192099 -0.32162097
v 0.89651698 0.76138502 -0.32163697
v 0.89651698 0.76138502 -0.33747697
v 0.89452302 0.76191998 -0.33748496
v 0.89452302 0.76192099 -0.35317197
v 0.89651698 0.76138502 -0.35311997
v 0.89651698 0.76138598 -0.37634796
v 0.89452302 0.76192200 -0.37642598
v 0.89452302 0.76192302 -0.41499096
v 0.89651698 0.76138598 -0.41493896
v 0.89452302 0.73809099 -0.32147193
v 0.89452302 0.73808992 -0.33725697
v 0.89651698 0.73863399 -0.32148996
v 0.89651698 0.73863399 -0.33725098
v 0.89651698 0.73863399 -0.29977196
v 0.89452302 0.73809195 -0.29974398
v 0.89452302 0.73809397 -0.26676297
v 0.89651698 0.73863494 -0.26678497
v 0.89651698 0.73863494 -0.21911299
v 0.89452302 0.73809600 -0.21910197
v 0.89452302 0.73809397 -0.41422698
v 0.89452302 0.73809600 -0.45031798
v 0.89651698 0.73863399 -0.41418397
v 0.89651698 0.73863494 -0.45030797
v 0.89651698 0.73863399 -0.37521496
v 0.89452302 0.73809195 -0.37527996
v 0.89452302 0.73809099 -0.35240796
v 0.89651698 0.73863399 -0.35236496
v 0.84910601 0.75977099 0.33131206
v 0.84910601 0.76138598 0.33061409
v 0.89452302 0.74025100 0.33131105
v 0.89452302 0.73863494 0.33061409
v 0.89651698 0.74025100 0.33061409
v 0.89599997 0.73905402 0.33007205
v 0.86385900 0.74025100 -0.46803197
v 0.86381799 0.73863494 -0.46717894
v 0.89452302 0.75977099 -0.46803197
v 0.89452302 0.76138598 -0.46717894
v 0.89651698 0.75977099 -0.46717894
v 0.89599997 0.76096702 -0.46651596
v 0.86459798 0.76192302 -0.46462196
v 0.86456299 0.76138598 -0.46717894
v 0.89452302 0.73809701 -0.46462196
v 0.89452302 0.73863494 -0.46717894
v 0.89651698 0.73863494 -0.46462196
v 0.89599997 0.73905402 -0.46651596
v 0.35780901 0.73809701 0.09844303
v 0.35780901 0.73809701 0.23728204
v 0.08168101 0.73809701 0.23728204
v 0.08168101 0.73809701 0.09844303
v 0.35780901 0.73809701 -0.05276299
v 0.08168101 0.73809701 -0.05276299
v 0.84910601 0.76192498 0.09837008
v 0.84910601 0.76192498 0.23725307
v 0.88183999 0.76192498 0.23723102
v 0.88183999 0.76192498 0.09831399
v 0.84867501 0.76192498 -0.05662292
v 0.88173199 0.76192498 -0.05391294
v 0.80559200 0.76192498 -0.05466193
v 0.80564493 0.76192498 0.09842509
v 0.80564493 0.76192498 0.23727405
v 0.89452302 0.73809701 0.32852209
v 0.89452302 0.73809701 0.32009900
v 0.89651698 0.73863494 0.32009900
v 0.89651698 0.73863494 0.32852209
v 0.89452302 0.73863494 0.33061409
v 0.89599997 0.73905402 0.33007205
v 0.89718199 0.75001103 0.09828806
v 0.89718199 0.75001103 0.23722106
v 0.89718199 0.74376798 0.23722106
v 0.89718199 0.74376798 0.09828806
v 0.89718199 0.75001103 -0.05302197
v 0.89718199 0.74376798 -0.05302197
v 0.76077503 0.73809701 0.32852209
v 0.76077503 0.73809701 0.32010406
v 0.76077503 0.73863494 0.33061409
v 0.76077503 0.76192498 0.09844303
v 0.76077503 0.76192498 0.23728204
v 0.76099402 0.76192498 -0.05650097
v 0.63730198 0.76192498 -0.05369693
v 0.63724703 0.76192498 0.09844303
v 0.63724703 0.76192498 0.23728204
v 0.35780901 0.76192498 0.09844303
v 0.35780901 0.76192498 0.23728204
v 0.35780901 0.76192498 -0.05276299
v 0.08168101 0.76192498 -0.05276299
v 0.08168101 0.76192498 0.09844303
v 0.08168101 0.76192498 0.23728204
v 0.89718199 0.74025100 0.09828806
v 0.89718199 0.74025100 0.23722106
v 0.89651698 0.73863494 0.23722106
v 0.89651698 0.73863494 0.09828907
v 0.89718199 0.74025100 -0.05302197
v 0.89651698 0.73863494 -0.05302000
v 0.89718199 0.75977099 0.32852209
v 0.89718199 0.75977099 0.32009900
v 0.89651698 0.76138598 0.32009900
v 0.89651698 0.76138598 0.32852209
v 0.89651698 0.75977099 0.33061409
v 0.89599997 0.76096702 0.33007205
v 0.89452302 0.76192498 0.09829205
v 0.89452302 0.76192498 0.23722303
v 0.89651698 0.76138598 0.23722106
v 0.89651698 0.76138598 0.09828907
v 0.89452302 0.76192498 -0.05301398
v 0.89651698 0.76138598 -0.05302000
v 0.84910601 0.73809701 0.09837008
v 0.84910601 0.73809701 0.23725307
v 0.84866601 0.73809701 -0.05662292
v 0.89452302 0.73809701 0.30041206
v 0.89651698 0.73863494 0.30041206
v 0.88183999 0.73809701 0.30041504
v 0.89452302 0.73809701 -0.15333194
v 0.88139898 0.73809701 -0.15702397
v 0.89651698 0.73863494 -0.15333894
v 0.76077503 0.73809701 0.30042905
v 0.80564493 0.73809701 0.30042702
v 0.63724703 0.73809701 0.30042905
v 0.76171798 0.73809701 -0.16796896
v 0.63748199 0.73809701 -0.15675196
v 0.80544001 0.73809701 -0.16052896
v 0.89718199 0.75977099 0.30041206
v 0.89651698 0.76138598 0.30041206
v 0.89718199 0.75625402 0.30041206
v 0.89718199 0.75977099 -0.15334195
v 0.89718199 0.75625402 -0.15334195
v 0.89651698 0.76138598 -0.15333894
v 0.35780901 0.73809701 -0.15301397
v 0.08168101 0.73809701 -0.15301397
v 0.35780901 0.73809701 0.30042905
v 0.08168101 0.73809701 0.30042905
v 0.84737998 0.76192498 -0.16812095
v 0.88140798 0.76192498 -0.15702495
v 0.80543202 0.76192498 -0.16052896
v 0.84910601 0.76192498 0.30042106
v 0.80564493 0.76192498 0.30042702
v 0.88183999 0.76192498 0.30041504
v 0.89718199 0.75001103 -0.15334195
v 0.89718199 0.74376798 -0.15334195
v 0.89718199 0.75001103 0.30041206
v 0.89718199 0.74376798 0.30041206
v 0.76165193 0.76192498 -0.16796896
v 0.63746601 0.76192498 -0.15675196
v 0.76077503 0.76192498 0.30042905
v 0.63724703 0.76192498 0.30042905
v 0.35780901 0.76192498 -0.15301397
v 0.08168101 0.76192498 -0.15301397
v 0.35780901 0.76192498 0.30042905
v 0.08168101 0.76192498 0.30042905
v 0.89718199 0.74025100 -0.15334195
v 0.89651698 0.73863494 -0.15333894
v 0.89718199 0.74025100 0.30041206
v 0.89651698 0.73863494 0.30041206
v 0.89452302 0.76192498 -0.15333194
v 0.89651698 0.76138598 -0.15333894
v 0.89452302 0.76192498 0.30041206
v 0.89651698 0.76138598 0.30041206
v 0.84734398 0.73809701 -0.16811997
v 0.84910601 0.73809701 0.30042106
v 0.81412798 0.76184201 -0.38522798
v 0.81397301 0.76187402 -0.41099298
v 0.80555701 0.76187402 -0.41139895
v 0.80572599 0.76184201 -0.38592398
v 0.82218999 0.76187402 -0.40950096
v 0.82203299 0.76184297 -0.38331196
v 0.80586898 0.76181197 -0.38292497
v 0.81417996 0.76181197 -0.38216898
v 0.80599600 0.76175499 -0.38126099
v 0.81420302 0.76175600 -0.38046497
v 0.82218200 0.76176000 -0.37817293
v 0.82213098 0.76181400 -0.38005793
v 0.83764201 0.76178795 -0.36941397
v 0.83582801 0.76182801 -0.37394595
v 0.82954693 0.76182002 -0.37697297
v 0.82983702 0.76176900 -0.37460196
v 0.83521700 0.76184702 -0.37803096
v 0.82918298 0.76184392 -0.38068798
v 0.83847696 0.76187599 -0.40388897
v 0.83032000 0.76187497 -0.40707996
v 0.84848201 0.73799998 -0.31414098
v 0.86420000 0.73802799 -0.31224197
v 0.86156100 0.73802900 -0.30283996
v 0.84583402 0.73799801 -0.30789897
v 0.86633301 0.73802698 -0.32101098
v 0.85114503 0.73800099 -0.32142398
v 0.84213102 0.73800802 -0.30738497
v 0.84520698 0.73801500 -0.31381896
v 0.83745003 0.73804301 -0.30559394
v 0.84272802 0.73806101 -0.31353799
v 0.84643602 0.73806900 -0.32131696
v 0.84839302 0.73802102 -0.32135296
v 0.84980297 0.73807299 -0.33756897
v 0.85154903 0.73802292 -0.33755496
v 0.85063499 0.73802292 -0.32934198
v 0.84887701 0.73807299 -0.32937396
v 0.85404801 0.73800200 -0.33753297
v 0.85316396 0.73800200 -0.32932696
v 0.86837101 0.73802698 -0.33740598
v 0.86778295 0.73802698 -0.32933596
v 0.82914299 0.73799402 -0.38055998
v 0.82999903 0.73802203 -0.40690196
v 0.83816200 0.73802400 -0.40368298
v 0.83520502 0.73799300 -0.37789598
v 0.82191700 0.73802102 -0.40932798
v 0.82198900 0.73799497 -0.38318098
v 0.83584601 0.73800498 -0.37385094
v 0.82953602 0.73801202 -0.37688896
v 0.83766502 0.73804200 -0.36936498
v 0.82983702 0.73805898 -0.37455893
v 0.82217300 0.73806697 -0.37812996
v 0.82211101 0.73801601 -0.37997296
v 0.80598998 0.73807102 -0.38121697
v 0.80585700 0.73801798 -0.38283598
v 0.81416202 0.73801798 -0.38208196
v 0.81419396 0.73807001 -0.38042098
v 0.80569994 0.73799497 -0.38578600
v 0.81409299 0.73799497 -0.38509196
v 0.80537701 0.73802000 -0.41122097
v 0.81376100 0.73802000 -0.41081697
v 0.85330898 0.76184702 -0.32934996
v 0.86796898 0.76187903 -0.32941797
v 0.86856502 0.76187903 -0.33753097
v 0.85419792 0.76184702 -0.33756796
v 0.86646402 0.76187903 -0.32108197
v 0.85124600 0.76184702 -0.32144296
v 0.85164601 0.76181602 -0.33757496
v 0.85072798 0.76181602 -0.32935396
v 0.84985101 0.76175803 -0.33757898
v 0.84892303 0.76175803 -0.32937998
v 0.84646899 0.76176095 -0.32132298
v 0.84845799 0.76181698 -0.32136396
v 0.83744901 0.76178795 -0.30560496
v 0.84212399 0.76182997 -0.30739897
v 0.84523499 0.76182199 -0.31383097
v 0.84274298 0.76176900 -0.31354398
v 0.84582299 0.76185000 -0.30791998
v 0.84852302 0.76184797 -0.31416097
v 0.86155701 0.76187998 -0.30291998
v 0.86425692 0.76187903 -0.31231794
v 0.76028597 0.76184297 -0.34747198
v 0.74755198 0.76187998 -0.35979298
v 0.74603403 0.76187998 -0.33872697
v 0.75926995 0.76184297 -0.33770198
v 0.75197101 0.76187998 -0.37802398
v 0.76306498 0.76184297 -0.35675198
v 0.76134902 0.76181197 -0.33763698
v 0.76227897 0.76181197 -0.34647098
v 0.76274902 0.76175398 -0.33762696
v 0.76362097 0.76175398 -0.34611896
v 0.76608598 0.76175398 -0.35429797
v 0.76485699 0.76181102 -0.35496497
v 0.77537602 0.76175398 -0.36846596
v 0.77449203 0.76181102 -0.36964896
v 0.76896697 0.76181102 -0.36279798
v 0.77003902 0.76175398 -0.36185098
v 0.77341002 0.76184201 -0.37220293
v 0.76751101 0.76184201 -0.36506796
v 0.76927602 0.76187599 -0.39830196
v 0.75980002 0.76187801 -0.39021194
v 0.76749700 0.73799700 -0.36496398
v 0.75949001 0.73802698 -0.39008698
v 0.76889801 0.73802400 -0.39818001
v 0.77337998 0.73799598 -0.37210497
v 0.75177300 0.73803002 -0.37789097
v 0.76307303 0.73799801 -0.35663998
v 0.77448398 0.73801899 -0.36958596
v 0.76896799 0.73802000 -0.36273098
v 0.77537203 0.73807198 -0.36843395
v 0.77003902 0.73807299 -0.36181697
v 0.76609200 0.73807299 -0.35426098
v 0.76486999 0.73802000 -0.35489196
v 0.76276201 0.73807400 -0.33759397
v 0.76137400 0.73802102 -0.33757198
v 0.76230001 0.73802102 -0.34639597
v 0.76363200 0.73807299 -0.34608194
v 0.75930601 0.73799902 -0.33759996
v 0.76031297 0.73799801 -0.34735698
v 0.74602801 0.73803103 -0.33860198
v 0.74746102 0.73803103 -0.35965398
v 0.76014698 0.73799902 -0.32785398
v 0.74694502 0.73803198 -0.31795993
v 0.75077200 0.73803300 -0.30038697
v 0.76275998 0.73799902 -0.31856996
v 0.76220399 0.73802102 -0.32874498
v 0.76358402 0.73807400 -0.32911396
v 0.76600099 0.73807400 -0.32094496
v 0.76468796 0.73802102 -0.32023698
v 0.77523899 0.73807400 -0.30675298
v 0.77421802 0.73802102 -0.30545598
v 0.76872700 0.73802102 -0.31236696
v 0.76991802 0.73807400 -0.31338996
v 0.77291203 0.73799801 -0.30297798
v 0.76707500 0.73799902 -0.31020197
v 0.76725203 0.73802900 -0.28057897
v 0.75806701 0.73803103 -0.28854197
v 0.79686099 0.76184392 -0.29004598
v 0.79591900 0.76187903 -0.26830697
v 0.80523694 0.76187903 -0.26739696
v 0.80561602 0.76184392 -0.28893298
v 0.78635103 0.76187801 -0.27065498
v 0.78822500 0.76184392 -0.29280296
v 0.80578899 0.76181298 -0.29191697
v 0.79724693 0.76181298 -0.29295897
v 0.80593401 0.76175600 -0.29376197
v 0.79758400 0.76175499 -0.29472598
v 0.78944200 0.76175499 -0.29729298
v 0.78887999 0.76181298 -0.29563197
v 0.77524501 0.76175398 -0.30674297
v 0.77423102 0.76181197 -0.30543697
v 0.78107798 0.76181197 -0.29982698
v 0.78187400 0.76175499 -0.30133897
v 0.77292901 0.76184392 -0.30294797
v 0.78011298 0.76184392 -0.29712898
v 0.76721197 0.76187903 -0.28053898
v 0.77671897 0.76187903 -0.27465898
v 0.77754301 0.74305999 -0.30932596
v 0.77261502 0.74305999 -0.31541398
v 0.77261502 0.75675797 -0.31541398
v 0.77754301 0.75675797 -0.30932596
v 0.76898301 0.74305999 -0.32234198
v 0.76898301 0.75675797 -0.32234198
v 0.76673400 0.74305999 -0.32983497
v 0.76673400 0.75675797 -0.32983497
v 0.76595497 0.74305999 -0.33761796
v 0.76595497 0.75675797 -0.33761796
v 0.83404499 0.74305499 -0.30915698
v 0.82800299 0.74305600 -0.30419797
v 0.82800400 0.75676203 -0.30419797
v 0.83404499 0.75676203 -0.30915698
v 0.82117403 0.74305701 -0.30050597
v 0.82117498 0.75676101 -0.30050597
v 0.81378800 0.74305803 -0.29820496
v 0.81378800 0.75676000 -0.29820496
v 0.80607700 0.74305892 -0.29741797
v 0.80607700 0.75675899 -0.29741797
v 0.83423197 0.74305499 -0.36604697
v 0.83923697 0.74305499 -0.35993898
v 0.83923697 0.75676298 -0.35993797
v 0.83423197 0.75676298 -0.36604598
v 0.84301901 0.74305600 -0.35296696
v 0.84301901 0.75676203 -0.35296696
v 0.84541100 0.74305701 -0.34541997
v 0.84541100 0.75676101 -0.34541997
v 0.84624100 0.74305803 -0.33758897
v 0.84624100 0.75676000 -0.33758897
v 0.77754301 0.74305999 -0.36600393
v 0.78367800 0.74305999 -0.37096298
v 0.78367800 0.75675797 -0.37096298
v 0.77754301 0.75675797 -0.36600393
v 0.79069996 0.74305999 -0.37465900
v 0.79069996 0.75675797 -0.37465900
v 0.79828799 0.74305999 -0.37697297
v 0.79828799 0.75675797 -0.37697297
v 0.80611902 0.74305892 -0.37778896
v 0.80611902 0.75675899 -0.37778896
v 0.79828799 0.75675797 -0.37697297
v 0.79828799 0.74305999 -0.37697297
v 0.81387299 0.74305803 -0.37698895
v 0.81387299 0.75676000 -0.37698895
v 0.82130599 0.74305600 -0.37468797
v 0.82130599 0.75676203 -0.37468797
v 0.82817400 0.74305499 -0.37100196
v 0.82817400 0.75676298 -0.37100196
v 0.76673400 0.74305999 -0.34541696
v 0.76673400 0.75675797 -0.34541696
v 0.76898301 0.74305999 -0.35294098
v 0.76898301 0.75675797 -0.35294098
v 0.77261502 0.74305999 -0.35989997
v 0.77261502 0.75675797 -0.35989997
v 0.79827100 0.74305999 -0.29826698
v 0.79827100 0.75675797 -0.29826698
v 0.79069602 0.74305999 -0.30062097
v 0.79069602 0.75675797 -0.30062097
v 0.78367800 0.74305999 -0.30435097
v 0.78367800 0.75675797 -0.30435097
v 0.84534299 0.74305701 -0.32976198
v 0.84534299 0.75676000 -0.32976198
v 0.84289199 0.74305600 -0.32222396
v 0.84289199 0.75676101 -0.32222396
v 0.83906698 0.74305600 -0.31526098
v 0.83906698 0.75676203 -0.31526098
v 0.82968903 0.76176900 -0.30037096
v 0.82944399 0.76182097 -0.29773995
v 0.83568698 0.76182997 -0.30076596
v 0.82207495 0.76176000 -0.29679498
v 0.82205701 0.76181602 -0.29467598
v 0.82201993 0.76184499 -0.29137996
v 0.82916701 0.76184702 -0.29394898
v 0.83517098 0.76184899 -0.29658896
v 0.81412703 0.76175702 -0.29452094
v 0.81411499 0.76181400 -0.29261196
v 0.81408602 0.76184499 -0.28954297
v 0.81411397 0.76187903 -0.26770595
v 0.82265598 0.76187903 -0.26908097
v 0.83096600 0.76187903 -0.27136797
v 0.83914602 0.76187998 -0.27441496
v 0.76991999 0.76175398 -0.31338298
v 0.76872993 0.76181197 -0.31235397
v 0.76599699 0.76175398 -0.32094997
v 0.76467901 0.76181197 -0.32024798
v 0.76274502 0.76184392 -0.31858596
v 0.76707798 0.76184392 -0.31018198
v 0.76357400 0.76175398 -0.32913396
v 0.76218402 0.76181197 -0.32878497
v 0.76011598 0.76184392 -0.32791597
v 0.74690902 0.76188099 -0.31803796
v 0.75072098 0.76188201 -0.30040696
v 0.75801700 0.76188099 -0.28851497
v 0.78199297 0.76175398 -0.37382996
v 0.78131598 0.76181102 -0.37519598
v 0.78953803 0.76175398 -0.37782797
v 0.78906596 0.76181102 -0.37932897
v 0.78856701 0.76184100 -0.38219598
v 0.78055298 0.76184100 -0.37794000
v 0.79765701 0.76175398 -0.38034397
v 0.79737401 0.76181102 -0.38194197
v 0.79708099 0.76184201 -0.38488498
v 0.79683000 0.76187402 -0.41056001
v 0.78784096 0.76187402 -0.40824896
v 0.77863997 0.76187402 -0.40423793
v 0.84292901 0.76177001 -0.36157697
v 0.84543800 0.76182199 -0.36125898
v 0.84234101 0.76182997 -0.36756596
v 0.84661001 0.76176202 -0.35383296
v 0.84861201 0.76181698 -0.35377398
v 0.85140997 0.76184702 -0.35367796
v 0.84873903 0.76184797 -0.36091697
v 0.84605300 0.76185000 -0.36706698
v 0.84899896 0.76175898 -0.34578198
v 0.85081100 0.76181602 -0.34579697
v 0.85339701 0.76184702 -0.34578696
v 0.86804301 0.76187903 -0.34562796
v 0.86658800 0.76187903 -0.35402498
v 0.86438400 0.76187903 -0.36303696
v 0.86161798 0.76187903 -0.37297994
v 0.79705501 0.73799497 -0.38475597
v 0.79660797 0.73802000 -0.41039297
v 0.78754598 0.73802102 -0.40809897
v 0.78853601 0.73799497 -0.38207996
v 0.79736400 0.73801899 -0.38185900
v 0.79765099 0.73807198 -0.38030195
v 0.78953201 0.73807198 -0.37779093
v 0.78905499 0.73801899 -0.37925398
v 0.78130400 0.73801899 -0.37512898
v 0.78198797 0.73807198 -0.37379694
v 0.78051794 0.73799497 -0.37783700
v 0.77827901 0.73802102 -0.40410596
v 0.85330200 0.73800200 -0.34572396
v 0.86791998 0.73802698 -0.34540898
v 0.86657000 0.73802799 -0.35369498
v 0.85140097 0.73800099 -0.35358098
v 0.85074902 0.73802292 -0.34576097
v 0.84896803 0.73807299 -0.34576398
v 0.84660500 0.73806900 -0.35380498
v 0.84860498 0.73802102 -0.35371897
v 0.84242201 0.73800701 -0.36746597
v 0.84548402 0.73801500 -0.36118197
v 0.84294599 0.73806101 -0.36153898
v 0.84618998 0.73799700 -0.36690497
v 0.84881699 0.73799998 -0.36078498
v 0.86173099 0.73802799 -0.37251198
v 0.86445999 0.73802799 -0.36261296
v 0.84045500 0.73799801 -0.37188098
v 0.83982599 0.73799300 -0.37585795
v 0.84294200 0.73799497 -0.37495196
v 0.84416097 0.73799497 -0.37151298
v 0.84656101 0.73802698 -0.39982098
v 0.85381001 0.73803002 -0.39370799
v 0.85852402 0.73803002 -0.38374197
v 0.83977097 0.76185101 -0.37601897
v 0.84677303 0.76187801 -0.40008694
v 0.85387999 0.76187998 -0.39405298
v 0.84283900 0.76185501 -0.37513998
v 0.84037399 0.76183999 -0.37200898
v 0.84402102 0.76185203 -0.37169099
v 0.85847300 0.76187998 -0.38416797
v 0.84019399 0.76184100 -0.30271396
v 0.83967501 0.76185298 -0.29863697
v 0.84271598 0.76185602 -0.29968998
v 0.84382701 0.76185298 -0.30313796
v 0.84730202 0.76188099 -0.27806798
v 0.85419101 0.76188201 -0.28369898
v 0.85857201 0.76188099 -0.29268196
v 0.81407797 0.73799902 -0.28938898
v 0.81409401 0.73802799 -0.26750797
v 0.80523199 0.73802799 -0.26719198
v 0.80560601 0.73799902 -0.28877497
v 0.82262301 0.73802799 -0.26892298
v 0.82201302 0.73799902 -0.29125896
v 0.80578196 0.73802102 -0.29181397
v 0.81410998 0.73802102 -0.29251298
v 0.80593002 0.73807299 -0.29370996
v 0.81412399 0.73807198 -0.29447198
v 0.82207298 0.73806798 -0.29675597
v 0.82205302 0.73801899 -0.29459798
v 0.83569300 0.73800701 -0.30073997
v 0.82944399 0.73801398 -0.29768997
v 0.82968801 0.73806000 -0.30034697
v 0.83517599 0.73799700 -0.29654998
v 0.82916301 0.73799801 -0.29387197
v 0.83911300 0.73803002 -0.27435493
v 0.83092701 0.73802900 -0.27126396
v 0.84021401 0.73799998 -0.30269697
v 0.84386200 0.73799598 -0.30311796
v 0.84275001 0.73799700 -0.29966897
v 0.83969802 0.73799598 -0.29861596
v 0.85859495 0.73803103 -0.29261494
v 0.85420400 0.73803300 -0.28364798
v 0.84729099 0.73803103 -0.27802297
v 0.78186595 0.73807400 -0.30133796
v 0.78106201 0.73802102 -0.29982397
v 0.78943503 0.73807400 -0.29727197
v 0.78886598 0.73802102 -0.29559097
v 0.78820503 0.73799902 -0.29273996
v 0.78009099 0.73799902 -0.29712397
v 0.79757899 0.73807400 -0.29468697
v 0.79723698 0.73802102 -0.29288095
v 0.79684597 0.73799902 -0.28992397
v 0.79592800 0.73802799 -0.26815096
v 0.78637093 0.73802799 -0.27057397
v 0.77675003 0.73802799 -0.27465296
v 0.82902300 0.76153600 -0.37230697
v 0.83536100 0.76153898 -0.36717498
v 0.82184303 0.76153201 -0.37609997
v 0.81413001 0.76152700 -0.37847298
v 0.80610794 0.76152301 -0.37929899
v 0.80611801 0.76106900 -0.37846196
v 0.81399900 0.76107401 -0.37764496
v 0.82155401 0.76108003 -0.37530196
v 0.82853502 0.76108497 -0.37154996
v 0.83469403 0.76108700 -0.36651096
v 0.84683502 0.73829496 -0.32949698
v 0.84776199 0.73829597 -0.33758396
v 0.84430897 0.73829103 -0.32167998
v 0.84037203 0.73828697 -0.31439796
v 0.83516997 0.73828501 -0.30800897
v 0.83450598 0.73873401 -0.30869198
v 0.83961397 0.73873597 -0.31489697
v 0.84350502 0.73874003 -0.32197398
v 0.84600002 0.73874402 -0.32963297
v 0.84691399 0.73874599 -0.33758697
v 0.81412899 0.73829496 -0.37846896
v 0.80610698 0.73829800 -0.37929398
v 0.82184303 0.73829001 -0.37609595
v 0.82902402 0.73828602 -0.37230298
v 0.83536202 0.73828399 -0.36717096
v 0.83469403 0.73873299 -0.36651096
v 0.82853502 0.73873502 -0.37155098
v 0.82155401 0.73874003 -0.37530196
v 0.81400001 0.73874497 -0.37764496
v 0.80611801 0.73875099 -0.37846297
v 0.84037501 0.76153398 -0.31439698
v 0.83517200 0.76153600 -0.30800796
v 0.84431398 0.76153100 -0.32167897
v 0.84684002 0.76152802 -0.32949594
v 0.84776801 0.76152700 -0.33758396
v 0.84691501 0.76107401 -0.33758596
v 0.84600002 0.76107502 -0.32963198
v 0.84350699 0.76107800 -0.32197198
v 0.83961600 0.76108098 -0.31489396
v 0.83450800 0.76108301 -0.30868897
v 0.77138901 0.76152003 -0.36074096
v 0.77649999 0.76152003 -0.36707294
v 0.76762003 0.76152003 -0.35351998
v 0.76528400 0.76152003 -0.34571198
v 0.76447302 0.76152003 -0.33761796
v 0.76528001 0.76106399 -0.33761796
v 0.76607198 0.76106399 -0.34554797
v 0.76835901 0.76106399 -0.35319796
v 0.77205193 0.76106399 -0.36027497
v 0.77706301 0.76106399 -0.36648196
v 0.76528502 0.73830199 -0.34570897
v 0.76447397 0.73830199 -0.33761498
v 0.76762003 0.73830199 -0.35351598
v 0.77138901 0.73830199 -0.36073697
v 0.77649999 0.73830199 -0.36706996
v 0.77706301 0.73875600 -0.36648196
v 0.77205300 0.73875600 -0.36027497
v 0.76836002 0.73875600 -0.35319796
v 0.76607198 0.73875600 -0.34554797
v 0.76528001 0.73875600 -0.33761796
v 0.77137703 0.73830199 -0.31456697
v 0.77648598 0.73830199 -0.30824798
v 0.76761103 0.73830199 -0.32175896
v 0.76528001 0.73830199 -0.32953694
v 0.76607198 0.73875600 -0.32970297
v 0.76835901 0.73875600 -0.32208496
v 0.77205193 0.73875600 -0.31503996
v 0.77706301 0.73875600 -0.30884898
v 0.78285003 0.76152003 -0.30308497
v 0.77648699 0.76152003 -0.30824697
v 0.79012501 0.76152003 -0.29921496
v 0.79797602 0.76152098 -0.29677197
v 0.80606198 0.76152301 -0.29588798
v 0.80607498 0.76106799 -0.29674298
v 0.79813898 0.76106602 -0.29760498
v 0.79043698 0.76106399 -0.29999796
v 0.78330201 0.76106399 -0.30379096
v 0.77706301 0.76106399 -0.30884898
v 0.81404501 0.76152599 -0.29669797
v 0.82171202 0.76152992 -0.29906896
v 0.82885295 0.76153398 -0.30286896
v 0.82836598 0.76108098 -0.30364597
v 0.82142299 0.76107699 -0.29988998
v 0.81391501 0.76107299 -0.29754698
v 0.76527900 0.76152003 -0.32953897
v 0.76761103 0.76152003 -0.32175896
v 0.77137703 0.76152003 -0.31456697
v 0.77205300 0.76106399 -0.31503996
v 0.76836002 0.76106399 -0.32208496
v 0.76607198 0.76106399 -0.32970297
v 0.79799902 0.76152098 -0.37844998
v 0.79013902 0.76152003 -0.37604898
v 0.78286201 0.76152003 -0.37221599
v 0.78330201 0.76106399 -0.37152398
v 0.79044199 0.76106399 -0.37528196
v 0.79815602 0.76106602 -0.37763494
v 0.84690899 0.76152903 -0.34567696
v 0.84444302 0.76153302 -0.35350198
v 0.84054703 0.76153702 -0.36078697
v 0.83978498 0.76108497 -0.36029997
v 0.84363300 0.76108098 -0.35321397
v 0.84606802 0.76107699 -0.34554496
v 0.78286099 0.73830199 -0.37221196
v 0.79013902 0.73830098 -0.37604496
v 0.79799902 0.73830003 -0.37844598
v 0.79815602 0.73875397 -0.37763494
v 0.79044199 0.73875499 -0.37528196
v 0.78330201 0.73875600 -0.37152398
v 0.84054798 0.73828602 -0.36078396
v 0.84444201 0.73829103 -0.35349897
v 0.84690601 0.73829395 -0.34567496
v 0.84606802 0.73874402 -0.34554496
v 0.84363401 0.73874003 -0.35321397
v 0.83978498 0.73873502 -0.36030096
v 0.82885200 0.73828697 -0.30286798
v 0.82171100 0.73829103 -0.29906598
v 0.81404394 0.73829496 -0.29669398
v 0.80606198 0.73829901 -0.29588297
v 0.80607402 0.73875099 -0.29674396
v 0.81391299 0.73874599 -0.29754797
v 0.82142103 0.73874003 -0.29989097
v 0.82836401 0.73873597 -0.30364797
v 0.79797500 0.73830098 -0.29676798
v 0.79012501 0.73830199 -0.29921398
v 0.78284901 0.73830199 -0.30308497
v 0.78330100 0.73875600 -0.30379096
v 0.79043698 0.73875499 -0.29999796
v 0.79813898 0.73875397 -0.29760498
v 0.76651001 0.73975003 -0.32979098
v 0.76572698 0.73975003 -0.33761796
v 0.76877201 0.73975003 -0.32225496
v 0.77242500 0.73975003 -0.31528798
v 0.77738100 0.73975003 -0.30916497
v 0.77706301 0.73875600 -0.30884898
v 0.77205193 0.73875600 -0.31503996
v 0.76835901 0.73875600 -0.32208496
v 0.76607198 0.73875600 -0.32970297
v 0.76528001 0.73875600 -0.33761796
v 0.77242500 0.76006800 -0.31528798
v 0.77738100 0.76006800 -0.30916497
v 0.76877201 0.76006800 -0.32225496
v 0.76651001 0.76006800 -0.32979098
v 0.76572698 0.76006800 -0.33761796
v 0.76528001 0.76106399 -0.33761796
v 0.76607198 0.76106399 -0.32970297
v 0.76836002 0.76106399 -0.32208496
v 0.77205300 0.76106399 -0.31503996
v 0.77706301 0.76106399 -0.30884898
v 0.81382900 0.73974299 -0.29798493
v 0.80607498 0.73974699 -0.29719096
v 0.82125503 0.73973894 -0.30030096
v 0.82812202 0.73973602 -0.30401596
v 0.83419698 0.73973501 -0.30900395
v 0.83450598 0.73873401 -0.30869198
v 0.82836401 0.73873597 -0.30364797
v 0.82142103 0.73874003 -0.29989097
v 0.81391299 0.73874599 -0.29754797
v 0.80607402 0.73875099 -0.29674396
v 0.82812297 0.76007998 -0.30401397
v 0.83419901 0.76008099 -0.30900198
v 0.82125700 0.76007801 -0.30029997
v 0.81383002 0.76007402 -0.29798397
v 0.80607599 0.76007098 -0.29719096
v 0.80607498 0.76106799 -0.29674298
v 0.81391501 0.76107299 -0.29754698
v 0.82142299 0.76107699 -0.29988998
v 0.82836598 0.76108098 -0.30364597
v 0.83450800 0.76108301 -0.30868897
v 0.84563100 0.73974198 -0.34546098
v 0.84646696 0.73974299 -0.33758798
v 0.84322399 0.73973894 -0.35304797
v 0.83941799 0.73973602 -0.36005798
v 0.83438402 0.73973399 -0.36619997
v 0.83469403 0.73873299 -0.36651096
v 0.83978498 0.73873502 -0.36030096
v 0.84363401 0.73874003 -0.35321397
v 0.84606802 0.73874402 -0.34554496
v 0.84691399 0.73874599 -0.33758697
v 0.83941799 0.76008302 -0.36005697
v 0.83438402 0.76008499 -0.36619896
v 0.84322399 0.76007998 -0.35304797
v 0.84563100 0.76007700 -0.34546098
v 0.84646696 0.76007497 -0.33758798
v 0.84691501 0.76107401 -0.33758596
v 0.84606802 0.76107699 -0.34554496
v 0.84363300 0.76108098 -0.35321397
v 0.83978498 0.76108497 -0.36029997
v 0.83469403 0.76108700 -0.36651096
v 0.79824299 0.73974901 -0.37719598
v 0.80611801 0.73974699 -0.37801594
v 0.79061300 0.73975003 -0.37486896
v 0.79824299 0.73974901 -0.37719598
v 0.78355098 0.73975003 -0.37115297
v 0.77738100 0.73975003 -0.36616498
v 0.77706301 0.73875600 -0.36648196
v 0.78330201 0.73875600 -0.37152398
v 0.79044199 0.73875499 -0.37528196
v 0.79815602 0.73875397 -0.37763494
v 0.80611801 0.73875099 -0.37846297
v 0.79815602 0.73875397 -0.37763494
v 0.78355098 0.76006800 -0.37115297
v 0.77738100 0.76006800 -0.36616594
v 0.79061300 0.76006901 -0.37486896
v 0.79824299 0.76007003 -0.37719598
v 0.80611801 0.76007199 -0.37801594
v 0.79824299 0.76007003 -0.37719598
v 0.80611801 0.76106900 -0.37846196
v 0.79815602 0.76106602 -0.37763494
v 0.79044199 0.76106399 -0.37528196
v 0.79815602 0.76106602 -0.37763494
v 0.78330201 0.76106399 -0.37152398
v 0.77706301 0.76106399 -0.36648196
v 0.82829201 0.73973602 -0.37118396
v 0.82138699 0.73973894 -0.37489295
v 0.81391400 0.73974299 -0.37720898
v 0.81400001 0.73874497 -0.37764496
v 0.82155401 0.73874003 -0.37530196
v 0.82853502 0.73873502 -0.37155098
v 0.81391400 0.76007599 -0.37720898
v 0.82138699 0.76007998 -0.37489194
v 0.82829201 0.76008302 -0.37118298
v 0.82853502 0.76108497 -0.37154996
v 0.82155401 0.76108003 -0.37530196
v 0.81399900 0.76107401 -0.37764496
v 0.77242500 0.73975003 -0.36002693
v 0.76877201 0.73975003 -0.35302797
v 0.76651001 0.73975003 -0.34546098
v 0.76607198 0.73875600 -0.34554797
v 0.76836002 0.73875600 -0.35319796
v 0.77205300 0.73875600 -0.36027497
v 0.76651001 0.76006800 -0.34546098
v 0.76877201 0.76006800 -0.35302797
v 0.77242500 0.76006800 -0.36002693
v 0.77205193 0.76106399 -0.36027497
v 0.76835901 0.76106399 -0.35319796
v 0.76607198 0.76106399 -0.34554797
v 0.78355098 0.73975003 -0.30416197
v 0.79060799 0.73975003 -0.30041096
v 0.79822600 0.73974901 -0.29804298
v 0.79813898 0.73875397 -0.29760498
v 0.79043698 0.73875499 -0.29999796
v 0.78330100 0.73875600 -0.30379096
v 0.79822600 0.76006901 -0.29804298
v 0.79060799 0.76006901 -0.30041096
v 0.78355098 0.76006800 -0.30416197
v 0.78330201 0.76106399 -0.30379096
v 0.79043698 0.76106399 -0.29999796
v 0.79813898 0.76106602 -0.29760498
v 0.83924800 0.73973602 -0.31514096
v 0.84309697 0.73973894 -0.32214198
v 0.84556299 0.73974198 -0.32971996
v 0.84600002 0.73874402 -0.32963297
v 0.84350502 0.73874003 -0.32197398
v 0.83961397 0.73873597 -0.31489697
v 0.84556299 0.76007599 -0.32971898
v 0.84309798 0.76007801 -0.32214096
v 0.83925003 0.76007998 -0.31513998
v 0.83961600 0.76108098 -0.31489396
v 0.84350699 0.76107800 -0.32197198
v 0.84600002 0.76107502 -0.32963198
v -0.70360106 0.75001103 -0.35272697
v -0.70359999 0.75001103 -0.33736098
v -0.70360106 0.75625402 -0.33742398
v -0.70360106 0.75625402 -0.35293597
v -0.70360106 0.74376798 -0.35251698
v -0.70360106 0.74376798 -0.33729896
v -0.70360106 0.75001103 -0.37575796
v -0.70360106 0.74376798 -0.37544298
v -0.70360106 0.75625402 -0.37607196
v -0.70359999 0.75001103 -0.32156998
v -0.70359999 0.75001103 -0.29989097
v -0.70360106 0.75625402 -0.29995194
v -0.70359999 0.75625402 -0.32160997
v -0.70359999 0.74376798 -0.32152897
v -0.70360106 0.74376798 -0.29982996
v -0.62784207 0.75001103 -0.46803197
v -0.64606905 0.75001103 -0.46803197
v -0.64637804 0.75625402 -0.46803197
v -0.62804806 0.75625402 -0.46803197
v -0.62763608 0.74376798 -0.46803197
v -0.64576006 0.74376798 -0.46803197
v -0.61226904 0.75001103 -0.46803197
v -0.61215502 0.74376798 -0.46803197
v -0.61238307 0.75625402 -0.46803197
v -0.70094204 0.75001103 0.33131105
v -0.70293605 0.75001103 0.33061409
v -0.70293605 0.74376798 0.33061409
v -0.70094204 0.74376798 0.33131105
v -0.70094204 0.75625402 0.33131206
v -0.70293605 0.75625402 0.33061409
v -0.68825799 0.75001103 0.33131105
v -0.68825799 0.75625402 0.33131206
v -0.68825799 0.74376798 0.33131105
v -0.20283702 0.76192498 -0.46462196
v -0.20284002 0.76138598 -0.46717894
v -0.43950301 0.76138598 -0.46717894
v -0.43948403 0.76192498 -0.46462196
v -0.20281801 0.76192498 -0.44660997
v -0.43945301 0.76192302 -0.44634998
v -0.20284100 0.73809701 0.32852209
v -0.20284100 0.73863494 0.33061409
v -0.44366601 0.73863494 0.33061409
v -0.44366500 0.73809701 0.32852209
v -0.20284100 0.73809701 0.32010406
v -0.44366601 0.73809701 0.32010406
v -0.65552509 0.76192498 0.32852209
v -0.65552509 0.76138598 0.33061409
v -0.61206406 0.76138598 0.33061409
v -0.61206305 0.76192498 0.32852209
v -0.68825799 0.76192498 0.32852209
v -0.68825799 0.76138598 0.33061409
v -0.65552509 0.76192498 0.32010204
v -0.68825799 0.76192498 0.32010001
v -0.61206305 0.76192498 0.32010305
v -0.70094204 0.73809701 0.09829205
v -0.70293605 0.73863494 0.09828907
v -0.70293605 0.73863494 -0.05302000
v -0.70094204 0.73809701 -0.05301398
v -0.70094204 0.73809701 0.23722303
v -0.70293605 0.73863494 0.23722106
v -0.68825799 0.73809701 0.09831399
v -0.68825799 0.73809701 0.23723102
v -0.68814808 0.73809701 -0.05391294
v -0.70360106 0.75001103 0.32852209
v -0.70293605 0.75001103 0.33061409
v -0.70293605 0.75625402 0.33061409
v -0.70360106 0.75625402 0.32852209
v -0.70360106 0.74376798 0.32852209
v -0.70293605 0.74376798 0.33061409
v -0.70360106 0.75001103 0.32009900
v -0.70360106 0.74376798 0.32009900
v -0.70360106 0.75625402 0.32009900
v -0.20277300 0.76192498 -0.28268096
v -0.20273900 0.76192498 -0.33930597
v -0.43783501 0.76191700 -0.33923897
v -0.43898803 0.76191801 -0.28336996
v -0.20282400 0.76192498 -0.22281697
v -0.43997601 0.76192302 -0.22392395
v -0.56719404 0.73809701 0.09844303
v -0.61206305 0.73809701 0.09842509
v -0.61201209 0.73809701 -0.05466193
v -0.56743002 0.73809701 -0.05650097
v -0.56719404 0.73809701 0.23728204
v -0.61206305 0.73809701 0.23727405
v -0.44366500 0.73809701 0.09844303
v -0.44366601 0.73809701 0.23728204
v -0.44372404 0.73809701 -0.05369693
v -0.55012405 0.75001103 -0.46803197
v -0.57577008 0.75001103 -0.46803197
v -0.57614404 0.75625402 -0.46803197
v -0.55037397 0.75625402 -0.46803197
v -0.54987508 0.74376798 -0.46803197
v -0.57539606 0.74376798 -0.46803197
v -0.43939799 0.75001103 -0.46803197
v -0.43933600 0.74376798 -0.46803197
v -0.43946099 0.75625402 -0.46803197
v -0.56719404 0.75001103 0.33131105
v -0.61206305 0.75001103 0.33131105
v -0.61206305 0.74376798 0.33131105
v -0.56719404 0.74376798 0.33131105
v -0.56719404 0.75625402 0.33131206
v -0.61206406 0.75625402 0.33131206
v -0.44366500 0.75001103 0.33131105
v -0.44366601 0.75625402 0.33131206
v -0.44366601 0.74376798 0.33131105
v -0.56719404 0.76192498 0.32852209
v -0.56719404 0.76138598 0.33061409
v -0.44366601 0.76138598 0.33061409
v -0.44366500 0.76192498 0.32852209
v -0.56719404 0.76192498 0.32010406
v -0.44366601 0.76192498 0.32010406
v -0.70094204 0.75001103 -0.46803197
v -0.70293605 0.75001103 -0.46717894
v -0.70293605 0.75625402 -0.46717894
v -0.70094204 0.75625402 -0.46803197
v -0.70094204 0.74376798 -0.46803197
v -0.70293605 0.74376798 -0.46717894
v -0.69202703 0.75001103 -0.46803197
v -0.69197500 0.74376798 -0.46803197
v -0.69207805 0.75625402 -0.46803197
v -0.59569800 0.75001103 -0.46803197
v -0.59594709 0.75625402 -0.46803197
v -0.59544903 0.74376798 -0.46803197
v -0.70360106 0.75001103 -0.46462196
v -0.70293605 0.75001103 -0.46717894
v -0.70293605 0.74376798 -0.46717894
v -0.70360106 0.74376798 -0.46462196
v -0.70360106 0.75625402 -0.46462196
v -0.70293605 0.75625402 -0.46717894
v -0.70360106 0.75001103 -0.45039797
v -0.70360106 0.75625402 -0.45044994
v -0.70360106 0.74376798 -0.45034599
v -0.70360106 0.75001103 -0.26686597
v -0.70360106 0.75001103 -0.21913496
v -0.70360106 0.75625402 -0.21914595
v -0.70359999 0.75625402 -0.26690698
v -0.70359999 0.74376798 -0.26682496
v -0.70360106 0.74376798 -0.21912494
v -0.63570803 0.76191700 -0.22020495
v -0.61186606 0.76191700 -0.21795198
v -0.61184400 0.76189202 -0.25566697
v -0.62937301 0.76189202 -0.25697994
v -0.64757907 0.76189297 -0.26221696
v -0.64988405 0.76191092 -0.23653099
v -0.66698498 0.76191801 -0.22398296
v -0.66896605 0.76189792 -0.27173597
v -0.69161808 0.76191598 -0.26810196
v -0.69112307 0.76192302 -0.22034195
v -0.67602199 0.76189202 -0.30087698
v -0.69338208 0.76191300 -0.30017298
v -0.69451505 0.76191092 -0.32154799
v -0.68055207 0.76188999 -0.32138297
v -0.68221307 0.76188999 -0.33752498
v -0.69493002 0.76191092 -0.33749697
v -0.69454205 0.76191092 -0.35329497
v -0.68066299 0.76188999 -0.35357198
v -0.67601705 0.76189101 -0.37530798
v -0.69338107 0.76191199 -0.37618098
v -0.69147503 0.76191503 -0.41339397
v -0.66839409 0.76189500 -0.40851295
v -0.67037201 0.76191598 -0.44888997
v -0.69197005 0.76192200 -0.45010996
v -0.64640403 0.76188898 -0.41877997
v -0.64663905 0.76191300 -0.45145696
v -0.62834203 0.76191199 -0.45286196
v -0.62854707 0.76188701 -0.42439997
v -0.61218709 0.76188701 -0.42587495
v -0.61238503 0.76191092 -0.45323098
v -0.59566998 0.76191199 -0.45268893
v -0.59468508 0.76188600 -0.42370898
v -0.57463908 0.76188898 -0.41459396
v -0.57582408 0.76191300 -0.45040995
v -0.55047506 0.76191598 -0.44556898
v -0.55064398 0.76189601 -0.39522797
v -0.43942201 0.76191801 -0.39835197
v -0.54448104 0.76189399 -0.33903795
v -0.54888803 0.76189792 -0.28543493
v -0.55253905 0.76191801 -0.22724497
v -0.57145005 0.76189297 -0.26681197
v -0.57015705 0.76191092 -0.23848495
v -0.58622497 0.76191700 -0.22036496
v -0.59248602 0.76189202 -0.25791696
v -0.69448704 0.73807591 -0.32141897
v -0.69488305 0.73807502 -0.33729798
v -0.68202704 0.73804402 -0.33738998
v -0.68044007 0.73804402 -0.32129696
v -0.67603600 0.73804700 -0.30075398
v -0.69338608 0.73807800 -0.29998097
v -0.69161707 0.73808300 -0.26797795
v -0.66896003 0.73805600 -0.27167296
v -0.66693002 0.73808599 -0.22396699
v -0.69110906 0.73809302 -0.22031099
v -0.64751303 0.73804891 -0.26217398
v -0.64981008 0.73807591 -0.23651198
v -0.63564104 0.73808402 -0.22017196
v -0.62932098 0.73804802 -0.25684896
v -0.61184508 0.73804802 -0.25547996
v -0.61187804 0.73808402 -0.21790498
v -0.58633804 0.73808402 -0.22034895
v -0.59254408 0.73804700 -0.25785196
v -0.57154208 0.73804891 -0.26686698
v -0.57027805 0.73807591 -0.23850998
v -0.55265707 0.73808700 -0.22724196
v -0.54896605 0.73805702 -0.28542498
v -0.43900803 0.73808700 -0.28336698
v -0.44000599 0.73809397 -0.22392395
v -0.54445606 0.73805201 -0.33892697
v -0.43782800 0.73808599 -0.33921096
v -0.43933800 0.73808599 -0.39832798
v -0.55030906 0.73805499 -0.39513195
v -0.54972100 0.73808402 -0.44554496
v -0.43926400 0.73809302 -0.44634396
v -0.57398105 0.73804301 -0.41450498
v -0.57465500 0.73807901 -0.45038801
v -0.59488505 0.73807693 -0.45265898
v -0.59422606 0.73803902 -0.42358896
v -0.61197108 0.73803902 -0.42572796
v -0.61202407 0.73807693 -0.45319396
v -0.62768507 0.73807693 -0.45282796
v -0.62814105 0.73803902 -0.42426598
v -0.64584398 0.73804301 -0.41859698
v -0.64566505 0.73807901 -0.45141098
v -0.66976404 0.73808300 -0.44878900
v -0.66818506 0.73805302 -0.40811098
v -0.69142306 0.73808199 -0.41273898
v -0.69181806 0.73809195 -0.44994599
v -0.67610806 0.73804599 -0.37464094
v -0.69340402 0.73807800 -0.37518197
v -0.69454008 0.73807591 -0.35262698
v -0.68065208 0.73804402 -0.35311997
v -0.20284100 0.75001103 -0.46803197
v -0.20284100 0.75625402 -0.46803197
v -0.20284100 0.74376798 -0.46803197
v -0.20284100 0.75001103 0.33131105
v -0.20284100 0.74376798 0.33131105
v -0.20284100 0.75625402 0.33131206
v -0.20283702 0.73809701 -0.46462196
v -0.20284002 0.73863494 -0.46717894
v -0.43925500 0.73809600 -0.46462196
v -0.43927899 0.73863494 -0.46717894
v -0.20281801 0.73809701 -0.44660997
v -0.20284100 0.76192498 0.32852209
v -0.20284100 0.76138598 0.33061409
v -0.20284100 0.76192498 0.32010406
v -0.20277300 0.73809701 -0.28268096
v -0.20273900 0.73809701 -0.33930597
v -0.20282400 0.73809701 -0.22281697
v -0.70360106 0.74025100 -0.35239896
v -0.70360106 0.74025100 -0.33726296
v -0.70293605 0.73863399 -0.35236496
v -0.70293605 0.73863399 -0.33725098
v -0.70360106 0.74025100 -0.37526596
v -0.70293605 0.73863399 -0.37521496
v -0.70360106 0.75977099 -0.35305497
v -0.70360106 0.75977099 -0.37624896
v -0.70293605 0.76138502 -0.35311997
v -0.70293605 0.76138598 -0.37634796
v -0.70360106 0.75977099 -0.33745894
v -0.70293605 0.76138502 -0.33747697
v -0.70359999 0.74025100 -0.32150593
v -0.70359999 0.74025100 -0.29979596
v -0.70293605 0.73863399 -0.32148996
v -0.70293605 0.73863399 -0.29977196
v -0.70360106 0.75977099 -0.32163298
v -0.70293605 0.76138502 -0.32163697
v -0.70359999 0.75977099 -0.29998696
v -0.70293605 0.76138598 -0.29999197
v -0.62752008 0.74025100 -0.46803197
v -0.64558601 0.74025100 -0.46803197
v -0.62747908 0.73863399 -0.46717894
v -0.64552504 0.73863399 -0.46717894
v -0.61209106 0.74025100 -0.46803197
v -0.61206001 0.73863399 -0.46717894
v -0.62816501 0.75977099 -0.46803197
v -0.61244708 0.75977099 -0.46803197
v -0.62822306 0.76138598 -0.46717894
v -0.61247104 0.76138598 -0.46717894
v -0.64655203 0.75977099 -0.46803197
v -0.64664108 0.76138598 -0.46717894
v -0.70094204 0.75977099 0.33131206
v -0.70293605 0.75977099 0.33061409
v -0.70094204 0.76138598 0.33061409
v -0.70241904 0.76096702 0.33007205
v -0.68825799 0.75977099 0.33131206
v -0.68825799 0.76138598 0.33061409
v -0.65552509 0.74025100 0.33131105
v -0.61206305 0.74025100 0.33131105
v -0.65552509 0.74376798 0.33131105
v -0.65552509 0.73863494 0.33061409
v -0.61206406 0.73863494 0.33061409
v -0.68825799 0.74025100 0.33131105
v -0.68825799 0.73863494 0.33061409
v -0.70360106 0.74025100 0.32852209
v -0.70293605 0.74025100 0.33061409
v -0.70293605 0.73863494 0.32852209
v -0.70241904 0.73905402 0.33007205
v -0.70360106 0.74025100 0.32009900
v -0.70293605 0.73863494 0.32009900
v -0.70360106 0.75977099 0.09828806
v -0.70293605 0.76138598 0.09828907
v -0.70293605 0.76138598 -0.05302000
v -0.70360106 0.75977099 -0.05302197
v -0.70360106 0.75977099 0.23722106
v -0.70293605 0.76138598 0.23722106
v -0.70360106 0.75625402 0.09828806
v -0.70360106 0.75625402 0.23722106
v -0.70360106 0.75625402 -0.05302197
v -0.54973507 0.74025100 -0.46803197
v -0.57518500 0.74025100 -0.46803197
v -0.54965198 0.73863494 -0.46717894
v -0.57506198 0.73863399 -0.46717894
v -0.43930104 0.74025100 -0.46803197
v -0.43927899 0.73863494 -0.46717894
v -0.55051404 0.75977099 -0.46803197
v -0.43949500 0.75977099 -0.46803197
v -0.55055100 0.76138598 -0.46717894
v -0.43950301 0.76138598 -0.46717894
v -0.57635409 0.75977099 -0.46803197
v -0.57641101 0.76138598 -0.46717894
v -0.56719404 0.75977099 0.33131206
v -0.61206305 0.75977099 0.33131206
v -0.56719404 0.76138598 0.33061409
v -0.61206406 0.76138598 0.33061409
v -0.44366500 0.75977099 0.33131206
v -0.44366601 0.76138598 0.33061409
v -0.56719404 0.74025100 0.33131105
v -0.44366500 0.74025100 0.33131105
v -0.56719404 0.73863494 0.33061409
v -0.44366601 0.73863494 0.33061409
v -0.70094204 0.74025100 -0.46803197
v -0.70293605 0.74025100 -0.46717894
v -0.70094204 0.73863494 -0.46717894
v -0.70241904 0.73905402 -0.46651596
v -0.69194609 0.74025100 -0.46803197
v -0.69193608 0.73863494 -0.46717894
v -0.67092204 0.75977099 -0.46803197
v -0.67080605 0.75625402 -0.46803197
v -0.67098105 0.76138598 -0.46717894
v -0.69210708 0.75977099 -0.46803197
v -0.69212204 0.76138598 -0.46717894
v -0.59530807 0.74025100 -0.46803197
v -0.59522605 0.73863399 -0.46717894
v -0.59608805 0.75977099 -0.46803197
v -0.59612608 0.76138598 -0.46717894
v -0.70360106 0.75977099 -0.46462196
v -0.70293605 0.75977099 -0.46717894
v -0.70293605 0.76138598 -0.46462196
v -0.70241904 0.76096702 -0.46651596
v -0.70360106 0.75977099 -0.45047998
v -0.70293605 0.76138598 -0.45049596
v -0.70360106 0.74025100 -0.41421798
v -0.70360106 0.74376798 -0.41433597
v -0.70293605 0.73863399 -0.41418397
v -0.70360106 0.74025100 -0.45031598
v -0.70293605 0.73863494 -0.45030797
v -0.70360106 0.74025100 -0.26680198
v -0.70360106 0.74025100 -0.21911895
v -0.70293605 0.73863494 -0.26678497
v -0.70293605 0.73863494 -0.21911299
v -0.70359999 0.75977099 -0.26692995
v -0.70293605 0.76138598 -0.26693198
v -0.70359999 0.75977099 -0.21915096
v -0.70293605 0.76138598 -0.21914998
v -0.20284100 0.74025100 -0.46803197
v -0.20284002 0.73863494 -0.46717894
v -0.20284100 0.75977099 -0.46803197
v -0.20284002 0.76138598 -0.46717894
v -0.20284100 0.75977099 0.33131206
v -0.20284100 0.76138598 0.33061409
v -0.20284100 0.74025100 0.33131105
v -0.20284100 0.73863494 0.33061409
v -0.20276999 0.76192498 -0.39939296
v -0.70360106 0.75001103 -0.41454497
v -0.70360106 0.75625402 -0.41475496
v -0.70094204 0.76192498 -0.46462196
v -0.70293605 0.76138598 -0.46462196
v -0.70293605 0.76138598 -0.45049596
v -0.70094204 0.76192403 -0.45050898
v -0.70094204 0.76138598 -0.46717894
v -0.70241904 0.76096702 -0.46651596
v -0.69213104 0.76192403 -0.46462196
v -0.69212204 0.76138598 -0.46717894
v -0.62825799 0.76192200 -0.46462196
v -0.64669305 0.76192200 -0.46462196
v -0.62822306 0.76138598 -0.46717894
v -0.64664108 0.76138598 -0.46717894
v -0.61246508 0.76192200 -0.46462196
v -0.61247104 0.76138598 -0.46717894
v -0.59606802 0.76192200 -0.46462196
v -0.59612608 0.76138598 -0.46717894
v -0.57632506 0.76192200 -0.46462196
v -0.57641101 0.76138598 -0.46717894
v -0.55049103 0.76192302 -0.46462196
v -0.55055100 0.76138598 -0.46717894
v -0.54957503 0.73809499 -0.46462196
v -0.54965198 0.73863494 -0.46717894
v -0.57495105 0.73809302 -0.46462196
v -0.57506198 0.73863399 -0.46717894
v -0.59515208 0.73809195 -0.46462196
v -0.59522605 0.73863399 -0.46717894
v -0.61204600 0.73809195 -0.46462196
v -0.61206001 0.73863399 -0.46717894
v -0.62749904 0.73809195 -0.46462196
v -0.62747908 0.73863399 -0.46717894
v -0.64555508 0.73809302 -0.46462196
v -0.64552504 0.73863399 -0.46717894
v -0.67025703 0.73809499 -0.46462196
v -0.67023700 0.73863494 -0.46717894
v -0.69194108 0.73809600 -0.46462196
v -0.69193608 0.73863494 -0.46717894
v -0.20276999 0.73809701 -0.39939296
v -0.70360106 0.75977099 -0.41487297
v -0.70293605 0.76138598 -0.41493896
v -0.70360106 0.74025100 -0.46462196
v -0.70293605 0.73863494 -0.46462196
v -0.70293605 0.74025100 -0.46717894
v -0.70241904 0.73905402 -0.46651596
v -0.65552509 0.75001103 0.33131105
v -0.65552509 0.75625402 0.33131206
v -0.70094204 0.76192498 0.32852209
v -0.70094204 0.76138598 0.33061409
v -0.70293605 0.76138598 0.32852209
v -0.70241904 0.76096702 0.33007205
v -0.70094204 0.76192498 0.32009900
v -0.70293605 0.76138598 0.32009900
v -0.65552509 0.73809701 0.32852209
v -0.65552509 0.73863494 0.33061409
v -0.68825799 0.73863494 0.33061409
v -0.68825799 0.73809701 0.32852209
v -0.61206305 0.73809701 0.32852209
v -0.61206406 0.73863494 0.33061409
v -0.65552509 0.73809701 0.32010204
v -0.61206406 0.73809701 0.32010305
v -0.68825799 0.73809701 0.32010001
v -0.67060006 0.75001103 -0.46803197
v -0.67039406 0.74376798 -0.46803197
v -0.70094204 0.76192302 -0.26691198
v -0.70094204 0.76192403 -0.21913895
v -0.70293605 0.76138598 -0.26693198
v -0.70293605 0.76138598 -0.21914998
v -0.70094204 0.76192200 -0.29996696
v -0.70293605 0.76138598 -0.29999197
v -0.70094204 0.76192099 -0.32162097
v -0.70293605 0.76138502 -0.32163697
v -0.70094204 0.76191998 -0.33748496
v -0.70293605 0.76138502 -0.33747697
v -0.70094204 0.76192099 -0.35317197
v -0.70293605 0.76138502 -0.35311997
v -0.70094204 0.76192200 -0.37642598
v -0.70293605 0.76138598 -0.37634796
v -0.70094204 0.76192302 -0.41499096
v -0.70293605 0.76138598 -0.41493896
v -0.70094204 0.73809099 -0.32147193
v -0.70094204 0.73808992 -0.33725697
v -0.70293605 0.73863399 -0.32148996
v -0.70293605 0.73863399 -0.33725098
v -0.70094204 0.73809195 -0.29974398
v -0.70293605 0.73863399 -0.29977196
v -0.70094204 0.73809397 -0.26676297
v -0.70293605 0.73863494 -0.26678497
v -0.70094204 0.73809600 -0.21910197
v -0.70293605 0.73863494 -0.21911299
v -0.70094204 0.73809397 -0.41422698
v -0.70094204 0.73809600 -0.45031798
v -0.70293605 0.73863399 -0.41418397
v -0.70293605 0.73863494 -0.45030797
v -0.70094204 0.73809195 -0.37527996
v -0.70293605 0.73863399 -0.37521496
v -0.70094204 0.73809099 -0.35240796
v -0.70293605 0.73863399 -0.35236496
v -0.65552509 0.75977099 0.33131206
v -0.65552509 0.76138598 0.33061409
v -0.70094204 0.74025100 0.33131105
v -0.70094204 0.73863494 0.33061409
v -0.70293605 0.74025100 0.33061409
v -0.70241904 0.73905402 0.33007205
v -0.67027801 0.74025100 -0.46803197
v -0.67023700 0.73863494 -0.46717894
v -0.70094204 0.75977099 -0.46803197
v -0.70094204 0.76138598 -0.46717894
v -0.70293605 0.75977099 -0.46717894
v -0.70241904 0.76096702 -0.46651596
v -0.67101604 0.76192302 -0.46462196
v -0.67098105 0.76138598 -0.46717894
v -0.70094204 0.73809701 -0.46462196
v -0.70094204 0.73863494 -0.46717894
v -0.70293605 0.73863494 -0.46462196
v -0.70241904 0.73905402 -0.46651596
v -0.20284100 0.73809701 0.09844303
v -0.20284100 0.73809701 0.23728204
v -0.20284100 0.73809701 -0.05276299
v -0.65552509 0.76192498 0.09837008
v -0.68825799 0.76192498 0.09831399
v -0.68825799 0.76192498 0.23723102
v -0.65552509 0.76192498 0.23725307
v -0.65509307 0.76192498 -0.05662292
v -0.68814999 0.76192498 -0.05391294
v -0.61206305 0.76192498 0.09842509
v -0.61201006 0.76192498 -0.05466193
v -0.61206305 0.76192498 0.23727405
v -0.70094204 0.73809701 0.32852209
v -0.70293605 0.73863494 0.32852209
v -0.70293605 0.73863494 0.32009900
v -0.70094204 0.73809701 0.32009900
v -0.70094204 0.73863494 0.33061409
v -0.70241904 0.73905402 0.33007205
v -0.70360106 0.75001103 0.09828806
v -0.70360106 0.74376798 0.09828806
v -0.70360106 0.74376798 0.23722106
v -0.70360106 0.75001103 0.23722106
v -0.70360106 0.75001103 -0.05302197
v -0.70360106 0.74376798 -0.05302197
v -0.56719404 0.73809701 0.32852209
v -0.56719404 0.73809701 0.32010406
v -0.56719404 0.73863494 0.33061409
v -0.56719404 0.76192498 0.09844303
v -0.56719404 0.76192498 0.23728204
v -0.56741297 0.76192498 -0.05650097
v -0.44366500 0.76192498 0.09844303
v -0.44372001 0.76192498 -0.05369693
v -0.44366601 0.76192498 0.23728204
v -0.20284100 0.76192498 0.09844303
v -0.20284100 0.76192498 0.23728204
v -0.20284100 0.76192498 -0.05276299
v -0.70360106 0.74025100 0.09828806
v -0.70293605 0.73863494 0.09828907
v -0.70293605 0.73863494 0.23722106
v -0.70360106 0.74025100 0.23722106
v -0.70360106 0.74025100 -0.05302197
v -0.70293605 0.73863494 -0.05302000
v -0.70360106 0.75977099 0.32852209
v -0.70293605 0.76138598 0.32852209
v -0.70293605 0.76138598 0.32009900
v -0.70360106 0.75977099 0.32009900
v -0.70293605 0.75977099 0.33061409
v -0.70241904 0.76096702 0.33007205
v -0.70094204 0.76192498 0.09829205
v -0.70293605 0.76138598 0.09828907
v -0.70293605 0.76138598 0.23722106
v -0.70094204 0.76192498 0.23722303
v -0.70094204 0.76192498 -0.05301398
v -0.70293605 0.76138598 -0.05302000
v -0.65552509 0.73809701 0.09837008
v -0.65552509 0.73809701 0.23725307
v -0.65508407 0.73809701 -0.05662292
v -0.70094204 0.73809701 0.30041206
v -0.70293605 0.73863494 0.30041206
v -0.68825799 0.73809701 0.30041504
v -0.70094204 0.73809701 -0.15333194
v -0.68781704 0.73809701 -0.15702397
v -0.70293605 0.73863494 -0.15333894
v -0.56719404 0.73809701 0.30042905
v -0.61206305 0.73809701 0.30042702
v -0.44366500 0.73809701 0.30042905
v -0.56813598 0.73809701 -0.16796896
v -0.44390103 0.73809701 -0.15675196
v -0.61185801 0.73809701 -0.16052896
v -0.70360106 0.75977099 0.30041206
v -0.70293605 0.76138598 0.30041206
v -0.70360106 0.75625402 0.30041206
v -0.70360106 0.75977099 -0.15334195
v -0.70360106 0.75625402 -0.15334195
v -0.70293605 0.76138598 -0.15333894
v -0.20284100 0.73809701 -0.15301397
v -0.20284100 0.73809701 0.30042905
v -0.65379906 0.76192498 -0.16812095
v -0.68782604 0.76192498 -0.15702495
v -0.61185104 0.76192498 -0.16052896
v -0.65552509 0.76192498 0.30042106
v -0.61206305 0.76192498 0.30042702
v -0.68825799 0.76192498 0.30041504
v -0.70360106 0.75001103 -0.15334195
v -0.70360106 0.74376798 -0.15334195
v -0.70360106 0.75001103 0.30041206
v -0.70360106 0.74376798 0.30041206
v -0.56807107 0.76192498 -0.16796896
v -0.44388500 0.76192498 -0.15675196
v -0.56719404 0.76192498 0.30042905
v -0.44366500 0.76192498 0.30042905
v -0.20284100 0.76192498 -0.15301397
v -0.20284100 0.76192498 0.30042905
v -0.70360106 0.74025100 -0.15334195
v -0.70293605 0.73863494 -0.15333894
v -0.70360106 0.74025100 0.30041206
v -0.70293605 0.73863494 0.30041206
v -0.70094204 0.76192498 -0.15333194
v -0.70293605 0.76138598 -0.15333894
v -0.70094204 0.76192498 0.30041206
v -0.70293605 0.76138598 0.30041206
v -0.65376306 0.73809701 -0.16811997
v -0.65552509 0.73809701 0.30042106
v -0.62054706 0.76184201 -0.38522798
v -0.61214399 0.76184201 -0.38592398
v -0.61197609 0.76187402 -0.41139895
v -0.62039101 0.76187402 -0.41099298
v -0.62860805 0.76187402 -0.40950096
v -0.62845206 0.76184297 -0.38331196
v -0.62059808 0.76181197 -0.38216898
v -0.61228704 0.76181197 -0.38292497
v -0.61241502 0.76175499 -0.38126099
v -0.62062103 0.76175600 -0.38046497
v -0.62860000 0.76176000 -0.37817293
v -0.62855005 0.76181400 -0.38005793
v -0.64406103 0.76178795 -0.36941397
v -0.63625509 0.76176900 -0.37460196
v -0.63596505 0.76182002 -0.37697297
v -0.64224607 0.76182801 -0.37394595
v -0.64163607 0.76184702 -0.37803096
v -0.63560206 0.76184392 -0.38068798
v -0.63673902 0.76187497 -0.40707996
v -0.64489603 0.76187599 -0.40388897
v -0.65490007 0.73799998 -0.31414098
v -0.65225303 0.73799801 -0.30789897
v -0.66798007 0.73802900 -0.30283996
v -0.67061901 0.73802799 -0.31224197
v -0.67275208 0.73802698 -0.32101098
v -0.65756398 0.73800099 -0.32142398
v -0.65162605 0.73801500 -0.31381896
v -0.64854908 0.73800802 -0.30738497
v -0.64386809 0.73804301 -0.30559394
v -0.64914703 0.73806101 -0.31353799
v -0.65285498 0.73806900 -0.32131696
v -0.65481204 0.73802102 -0.32135296
v -0.65622103 0.73807299 -0.33756897
v -0.65529507 0.73807299 -0.32937396
v -0.65705407 0.73802292 -0.32934198
v -0.65796804 0.73802292 -0.33755496
v -0.66046607 0.73800200 -0.33753297
v -0.65958303 0.73800200 -0.32932696
v -0.67420208 0.73802698 -0.32933596
v -0.67479008 0.73802698 -0.33740598
v -0.63556206 0.73799402 -0.38055998
v -0.64162397 0.73799300 -0.37789598
v -0.64458108 0.73802400 -0.40368298
v -0.63641804 0.73802203 -0.40690196
v -0.62833607 0.73802102 -0.40932798
v -0.62840801 0.73799497 -0.38318098
v -0.63595408 0.73801202 -0.37688896
v -0.64226502 0.73800498 -0.37385094
v -0.64408404 0.73804200 -0.36936498
v -0.63625604 0.73805898 -0.37455893
v -0.62859207 0.73806697 -0.37812996
v -0.62853003 0.73801601 -0.37997296
v -0.61240906 0.73807102 -0.38121697
v -0.62061304 0.73807001 -0.38042098
v -0.62058097 0.73801798 -0.38208196
v -0.61227608 0.73801798 -0.38283598
v -0.61211807 0.73799497 -0.38578600
v -0.62051105 0.73799497 -0.38509196
v -0.62018007 0.73802000 -0.41081697
v -0.61179507 0.73802000 -0.41122097
v -0.65972799 0.76184702 -0.32934996
v -0.66061705 0.76184702 -0.33756796
v -0.67498404 0.76187903 -0.33753097
v -0.67438799 0.76187903 -0.32941797
v -0.67288303 0.76187903 -0.32108197
v -0.65766406 0.76184702 -0.32144296
v -0.65714705 0.76181602 -0.32935396
v -0.65806508 0.76181602 -0.33757496
v -0.65627003 0.76175803 -0.33757898
v -0.65534204 0.76175803 -0.32937998
v -0.65288806 0.76176095 -0.32132298
v -0.65487707 0.76181698 -0.32136396
v -0.64386708 0.76178795 -0.30560496
v -0.64916104 0.76176900 -0.31354398
v -0.65165305 0.76182199 -0.31383097
v -0.64854306 0.76182997 -0.30739897
v -0.65224099 0.76185000 -0.30791998
v -0.65494108 0.76184797 -0.31416097
v -0.67067605 0.76187903 -0.31231794
v -0.66797602 0.76187998 -0.30291998
v -0.56670403 0.76184297 -0.34747198
v -0.56568807 0.76184297 -0.33770198
v -0.55245298 0.76187998 -0.33872697
v -0.55397105 0.76187998 -0.35979298
v -0.55839002 0.76187998 -0.37802398
v -0.56948400 0.76184297 -0.35675198
v -0.56869704 0.76181197 -0.34647098
v -0.56776702 0.76181197 -0.33763698
v -0.56916797 0.76175398 -0.33762696
v -0.57003999 0.76175398 -0.34611896
v -0.57250398 0.76175398 -0.35429797
v -0.57127607 0.76181102 -0.35496497
v -0.58179504 0.76175398 -0.36846596
v -0.57645708 0.76175398 -0.36185098
v -0.57538605 0.76181102 -0.36279798
v -0.58091104 0.76181102 -0.36964896
v -0.57982898 0.76184201 -0.37220293
v -0.57392907 0.76184201 -0.36506796
v -0.56621802 0.76187801 -0.39021194
v -0.57569504 0.76187599 -0.39830196
v -0.57391506 0.73799700 -0.36496398
v -0.57979900 0.73799598 -0.37210497
v -0.57531607 0.73802400 -0.39818001
v -0.56590909 0.73802698 -0.39008698
v -0.55819207 0.73803002 -0.37789097
v -0.56949204 0.73799801 -0.35663998
v -0.57538706 0.73802000 -0.36273098
v -0.58090299 0.73801899 -0.36958596
v -0.58179003 0.73807198 -0.36843395
v -0.57645804 0.73807299 -0.36181697
v -0.57251006 0.73807299 -0.35426098
v -0.57128805 0.73802000 -0.35489196
v -0.56918007 0.73807400 -0.33759397
v -0.57005107 0.73807299 -0.34608194
v -0.56871909 0.73802102 -0.34639597
v -0.56779307 0.73802102 -0.33757198
v -0.56572503 0.73799902 -0.33759996
v -0.56673104 0.73799801 -0.34735698
v -0.55388004 0.73803103 -0.35965398
v -0.55244607 0.73803103 -0.33860198
v -0.56656504 0.73799902 -0.32785398
v -0.55336404 0.73803198 -0.31795993
v -0.55719101 0.73803300 -0.30038697
v -0.56917906 0.73799902 -0.31856996
v -0.56862205 0.73802102 -0.32874498
v -0.57000202 0.73807400 -0.32911396
v -0.57242006 0.73807400 -0.32094496
v -0.57110703 0.73802102 -0.32023698
v -0.58165705 0.73807400 -0.30675298
v -0.57633704 0.73807400 -0.31338996
v -0.57514501 0.73802102 -0.31236696
v -0.58063704 0.73802102 -0.30545598
v -0.57933009 0.73799801 -0.30297798
v -0.57349408 0.73799902 -0.31020197
v -0.56448603 0.73803103 -0.28854197
v -0.57367104 0.73802900 -0.28057897
v -0.60327899 0.76184392 -0.29004598
v -0.61203402 0.76184392 -0.28893298
v -0.61165506 0.76187903 -0.26739696
v -0.60233808 0.76187903 -0.26830697
v -0.59276909 0.76187801 -0.27065498
v -0.59464306 0.76184392 -0.29280296
v -0.60366505 0.76181298 -0.29295897
v -0.61220706 0.76181298 -0.29191697
v -0.61235207 0.76175600 -0.29376197
v -0.60400200 0.76175499 -0.29472598
v -0.59586102 0.76175499 -0.29729298
v -0.59529805 0.76181298 -0.29563197
v -0.58166403 0.76175398 -0.30674297
v -0.58829302 0.76175499 -0.30133897
v -0.58749706 0.76181197 -0.29982698
v -0.58065003 0.76181197 -0.30543697
v -0.57934707 0.76184392 -0.30294797
v -0.58653104 0.76184392 -0.29712898
v -0.58313805 0.76187903 -0.27465898
v -0.57363003 0.76187903 -0.28053898
v -0.58396107 0.74305999 -0.30932596
v -0.58396107 0.75675797 -0.30932596
v -0.57903403 0.75675797 -0.31541398
v -0.57903403 0.74305999 -0.31541398
v -0.57540208 0.74305999 -0.32234198
v -0.57540208 0.75675797 -0.32234198
v -0.57315207 0.75675797 -0.32983497
v -0.57315207 0.74305999 -0.32983497
v -0.57237405 0.74305999 -0.33761796
v -0.57237405 0.75675797 -0.33761796
v -0.64046305 0.74305499 -0.30915698
v -0.64046407 0.75676203 -0.30915698
v -0.63442206 0.75676203 -0.30419797
v -0.63442206 0.74305600 -0.30419797
v -0.62759298 0.74305701 -0.30050597
v -0.62759298 0.75676101 -0.30050597
v -0.62020707 0.75676000 -0.29820496
v -0.62020707 0.74305803 -0.29820496
v -0.61249501 0.74305892 -0.29741797
v -0.61249501 0.75675899 -0.29741797
v -0.64065105 0.74305499 -0.36604697
v -0.64065105 0.75676298 -0.36604598
v -0.64565498 0.75676298 -0.35993797
v -0.64565498 0.74305499 -0.35993898
v -0.64943802 0.74305600 -0.35296696
v -0.64943802 0.75676203 -0.35296696
v -0.65182906 0.75676101 -0.34541997
v -0.65182906 0.74305701 -0.34541997
v -0.65266007 0.74305803 -0.33758897
v -0.65266007 0.75676000 -0.33758897
v -0.58396107 0.74305999 -0.36600393
v -0.58396107 0.75675797 -0.36600393
v -0.59009707 0.75675797 -0.37096298
v -0.59009707 0.74305999 -0.37096298
v -0.59711903 0.74305999 -0.37465900
v -0.59711903 0.75675797 -0.37465900
v -0.60470706 0.75675797 -0.37697297
v -0.60470605 0.74305999 -0.37697297
v -0.61253798 0.74305892 -0.37778896
v -0.61253798 0.75675899 -0.37778896
v -0.61253798 0.74305892 -0.37778896
v -0.61253798 0.75675899 -0.37778896
v -0.62029207 0.75676000 -0.37698895
v -0.62029207 0.74305803 -0.37698895
v -0.62772506 0.74305600 -0.37468797
v -0.62772506 0.75676203 -0.37468797
v -0.63459206 0.75676298 -0.37100196
v -0.63459206 0.74305499 -0.37100196
v -0.57315207 0.75675797 -0.34541696
v -0.57315207 0.74305999 -0.34541696
v -0.57540208 0.74305999 -0.35294098
v -0.57540208 0.75675797 -0.35294098
v -0.57903403 0.75675797 -0.35989997
v -0.57903403 0.74305999 -0.35989997
v -0.60468906 0.75675797 -0.29826698
v -0.60468906 0.74305999 -0.29826698
v -0.59711498 0.74305999 -0.30062097
v -0.59711498 0.75675797 -0.30062097
v -0.59009707 0.75675797 -0.30435097
v -0.59009707 0.74305999 -0.30435097
v -0.65176105 0.75676000 -0.32976198
v -0.65176105 0.74305701 -0.32976198
v -0.64931107 0.74305600 -0.32222396
v -0.64931107 0.75676101 -0.32222396
v -0.64548606 0.75676203 -0.31526098
v -0.64548504 0.74305600 -0.31526098
v -0.64210606 0.76182997 -0.30076596
v -0.63586307 0.76182097 -0.29773995
v -0.63610709 0.76176900 -0.30037096
v -0.62849307 0.76176000 -0.29679498
v -0.62847602 0.76181602 -0.29467598
v -0.62843907 0.76184499 -0.29137996
v -0.63558608 0.76184702 -0.29394898
v -0.64159006 0.76184899 -0.29658896
v -0.62053406 0.76181400 -0.29261196
v -0.62054604 0.76175702 -0.29452094
v -0.62050503 0.76184499 -0.28954297
v -0.62053305 0.76187903 -0.26770595
v -0.62907499 0.76187903 -0.26908097
v -0.63738406 0.76187903 -0.27136797
v -0.64556503 0.76187998 -0.27441496
v -0.57514906 0.76181197 -0.31235397
v -0.57633805 0.76175398 -0.31338298
v -0.57241505 0.76175398 -0.32094997
v -0.57109809 0.76181197 -0.32024798
v -0.56916404 0.76184392 -0.31858596
v -0.57349604 0.76184392 -0.31018198
v -0.56860209 0.76181197 -0.32878497
v -0.56999308 0.76175398 -0.32913396
v -0.56653506 0.76184392 -0.32791597
v -0.55332702 0.76188099 -0.31803796
v -0.55714005 0.76188201 -0.30040696
v -0.56443608 0.76188099 -0.28851497
v -0.58773404 0.76181102 -0.37519598
v -0.58841205 0.76175398 -0.37382996
v -0.59595698 0.76175398 -0.37782797
v -0.59548503 0.76181102 -0.37932897
v -0.59498507 0.76184100 -0.38219598
v -0.58697104 0.76184100 -0.37794000
v -0.60379308 0.76181102 -0.38194197
v -0.60407507 0.76175398 -0.38034397
v -0.60350001 0.76184201 -0.38488498
v -0.60324806 0.76187402 -0.41056001
v -0.59425908 0.76187402 -0.40824896
v -0.58505803 0.76187402 -0.40423793
v -0.64876008 0.76182997 -0.36756596
v -0.65185606 0.76182199 -0.36125898
v -0.64934707 0.76177001 -0.36157697
v -0.65302908 0.76176202 -0.35383296
v -0.65503109 0.76181698 -0.35377398
v -0.65782905 0.76184702 -0.35367796
v -0.65515804 0.76184797 -0.36091697
v -0.65247208 0.76185000 -0.36706698
v -0.65723008 0.76181602 -0.34579697
v -0.65541804 0.76175898 -0.34578198
v -0.65981609 0.76184702 -0.34578696
v -0.67446208 0.76187903 -0.34562796
v -0.67300606 0.76187903 -0.35402498
v -0.67080307 0.76187903 -0.36303696
v -0.66803604 0.76187903 -0.37297994
v -0.60347408 0.73799497 -0.38475597
v -0.60302705 0.73802000 -0.41039297
v -0.59396505 0.73802102 -0.40809897
v -0.59495509 0.73799497 -0.38207996
v -0.60378206 0.73801899 -0.38185900
v -0.60407001 0.73807198 -0.38030195
v -0.59595108 0.73807198 -0.37779093
v -0.59547406 0.73801899 -0.37925398
v -0.58840609 0.73807198 -0.37379694
v -0.58772302 0.73801899 -0.37512898
v -0.58693707 0.73799497 -0.37783700
v -0.58469808 0.73802102 -0.40410596
v -0.65972108 0.73800200 -0.34572396
v -0.67433906 0.73802698 -0.34540898
v -0.67298800 0.73802799 -0.35369498
v -0.65782005 0.73800099 -0.35358098
v -0.65716797 0.73802292 -0.34576097
v -0.65538698 0.73807299 -0.34576398
v -0.65302408 0.73806900 -0.35380498
v -0.65502405 0.73802102 -0.35371897
v -0.64936405 0.73806101 -0.36153898
v -0.65190297 0.73801500 -0.36118197
v -0.64884102 0.73800701 -0.36746597
v -0.65260899 0.73799700 -0.36690497
v -0.65523601 0.73799998 -0.36078498
v -0.67087907 0.73802799 -0.36261296
v -0.66815007 0.73802799 -0.37251198
v -0.64687306 0.73799801 -0.37188098
v -0.64624405 0.73799300 -0.37585795
v -0.64936107 0.73799497 -0.37495196
v -0.65057999 0.73799497 -0.37151298
v -0.65298009 0.73802698 -0.39982098
v -0.66022909 0.73803002 -0.39370799
v -0.66494298 0.73803002 -0.38374197
v -0.64619005 0.76185101 -0.37601897
v -0.65319204 0.76187801 -0.40008694
v -0.66029900 0.76187998 -0.39405298
v -0.64925808 0.76185501 -0.37513998
v -0.64679205 0.76183999 -0.37200898
v -0.65044004 0.76185203 -0.37169099
v -0.66489106 0.76187998 -0.38416797
v -0.64661205 0.76184100 -0.30271396
v -0.64609307 0.76185298 -0.29863697
v -0.64913404 0.76185602 -0.29968998
v -0.65024608 0.76185298 -0.30313796
v -0.65372008 0.76188099 -0.27806798
v -0.66060907 0.76188201 -0.28369898
v -0.66499108 0.76188099 -0.29268196
v -0.62049705 0.73799902 -0.28938898
v -0.61202508 0.73799902 -0.28877497
v -0.61165005 0.73802799 -0.26719198
v -0.62051302 0.73802799 -0.26750797
v -0.62904108 0.73802799 -0.26892298
v -0.62843108 0.73799902 -0.29125896
v -0.62052906 0.73802102 -0.29251298
v -0.61220104 0.73802102 -0.29181397
v -0.61234903 0.73807299 -0.29370996
v -0.62054306 0.73807198 -0.29447198
v -0.62849206 0.73806798 -0.29675597
v -0.62847203 0.73801899 -0.29459798
v -0.63610709 0.73806000 -0.30034697
v -0.63586205 0.73801398 -0.29768997
v -0.64211208 0.73800701 -0.30073997
v -0.64159507 0.73799700 -0.29654998
v -0.63558197 0.73799801 -0.29387197
v -0.63734508 0.73802900 -0.27126396
v -0.64553201 0.73803002 -0.27435493
v -0.64663303 0.73799998 -0.30269697
v -0.65028006 0.73799598 -0.30311796
v -0.64916909 0.73799700 -0.29966897
v -0.64611697 0.73799598 -0.29861596
v -0.66501409 0.73803103 -0.29261494
v -0.66062307 0.73803300 -0.28364798
v -0.65371007 0.73803103 -0.27802297
v -0.58748108 0.73802102 -0.29982397
v -0.58828509 0.73807400 -0.30133796
v -0.59585404 0.73807400 -0.29727197
v -0.59528404 0.73802102 -0.29559097
v -0.59462398 0.73799902 -0.29273996
v -0.58651000 0.73799902 -0.29712397
v -0.60365504 0.73802102 -0.29288095
v -0.60399705 0.73807400 -0.29468697
v -0.60326505 0.73799902 -0.28992397
v -0.60234708 0.73802799 -0.26815096
v -0.59279007 0.73802799 -0.27057397
v -0.58316809 0.73802799 -0.27465296
v -0.64177907 0.76153898 -0.36717498
v -0.63544106 0.76153600 -0.37230697
v -0.62826204 0.76153201 -0.37609997
v -0.62054908 0.76152700 -0.37847298
v -0.61252606 0.76152301 -0.37929899
v -0.61253601 0.76106900 -0.37846196
v -0.62041801 0.76107401 -0.37764496
v -0.62797302 0.76108003 -0.37530196
v -0.63495308 0.76108497 -0.37154996
v -0.64111304 0.76108700 -0.36651096
v -0.65418106 0.73829597 -0.33758396
v -0.65325308 0.73829496 -0.32949698
v -0.65072805 0.73829103 -0.32167998
v -0.64679104 0.73828697 -0.31439796
v -0.64158905 0.73828501 -0.30800897
v -0.64092404 0.73873401 -0.30869198
v -0.64603204 0.73873597 -0.31489697
v -0.64992404 0.73874003 -0.32197398
v -0.65241802 0.73874402 -0.32963297
v -0.65333301 0.73874599 -0.33758697
v -0.61252606 0.73829800 -0.37929398
v -0.62054807 0.73829496 -0.37846896
v -0.62826109 0.73829001 -0.37609595
v -0.63544208 0.73828602 -0.37230298
v -0.64178103 0.73828399 -0.36717096
v -0.64111304 0.73873299 -0.36651096
v -0.63495308 0.73873502 -0.37155098
v -0.62797302 0.73874003 -0.37530196
v -0.62041801 0.73874497 -0.37764496
v -0.61253601 0.73875099 -0.37846297
v -0.64159107 0.76153600 -0.30800796
v -0.64679307 0.76153398 -0.31439698
v -0.65073198 0.76153100 -0.32167897
v -0.65325904 0.76152802 -0.32949594
v -0.65418607 0.76152700 -0.33758396
v -0.65333301 0.76107401 -0.33758596
v -0.65241897 0.76107502 -0.32963198
v -0.64992607 0.76107800 -0.32197198
v -0.64603400 0.76108098 -0.31489396
v -0.64092708 0.76108301 -0.30868897
v -0.58291900 0.76152003 -0.36707294
v -0.57780808 0.76152003 -0.36074096
v -0.57403809 0.76152003 -0.35351998
v -0.57170200 0.76152003 -0.34571198
v -0.57089204 0.76152003 -0.33761796
v -0.57169908 0.76106399 -0.33761796
v -0.57249099 0.76106399 -0.34554797
v -0.57477802 0.76106399 -0.35319796
v -0.57847106 0.76106399 -0.36027497
v -0.58348107 0.76106399 -0.36648196
v -0.57089305 0.73830199 -0.33761498
v -0.57170302 0.73830199 -0.34570897
v -0.57403904 0.73830199 -0.35351598
v -0.57780808 0.73830199 -0.36073697
v -0.58291799 0.73830199 -0.36706996
v -0.58348209 0.73875600 -0.36648196
v -0.57847106 0.73875600 -0.36027497
v -0.57477802 0.73875600 -0.35319796
v -0.57249099 0.73875600 -0.34554797
v -0.57169908 0.73875600 -0.33761796
v -0.58290499 0.73830199 -0.30824798
v -0.57779604 0.73830199 -0.31456697
v -0.57402998 0.73830199 -0.32175896
v -0.57169908 0.73830199 -0.32953694
v -0.57249099 0.73875600 -0.32970297
v -0.57477802 0.73875600 -0.32208496
v -0.57847106 0.73875600 -0.31503996
v -0.58348107 0.73875600 -0.30884898
v -0.58290601 0.76152003 -0.30824697
v -0.58926809 0.76152003 -0.30308497
v -0.59654403 0.76152003 -0.29921496
v -0.60439497 0.76152098 -0.29677197
v -0.61248100 0.76152301 -0.29588798
v -0.61249405 0.76106799 -0.29674298
v -0.60455805 0.76106602 -0.29760498
v -0.59685600 0.76106399 -0.29999796
v -0.58972007 0.76106399 -0.30379096
v -0.58348107 0.76106399 -0.30884898
v -0.62046409 0.76152599 -0.29669797
v -0.62813103 0.76152992 -0.29906896
v -0.63527209 0.76153398 -0.30286896
v -0.63478506 0.76108098 -0.30364597
v -0.62784207 0.76107699 -0.29988998
v -0.62033308 0.76107299 -0.29754698
v -0.57169807 0.76152003 -0.32953897
v -0.57402903 0.76152003 -0.32175896
v -0.57779604 0.76152003 -0.31456697
v -0.57847106 0.76106399 -0.31503996
v -0.57477802 0.76106399 -0.32208496
v -0.57249099 0.76106399 -0.32970297
v -0.60441804 0.76152098 -0.37844998
v -0.59655797 0.76152003 -0.37604898
v -0.58928007 0.76152003 -0.37221599
v -0.58972007 0.76106399 -0.37152398
v -0.59686005 0.76106399 -0.37528196
v -0.60457498 0.76106602 -0.37763494
v -0.65332806 0.76152903 -0.34567696
v -0.65086108 0.76153302 -0.35350198
v -0.64696509 0.76153702 -0.36078697
v -0.64620304 0.76108497 -0.36029997
v -0.65005201 0.76108098 -0.35321397
v -0.65248698 0.76107699 -0.34554496
v -0.58928007 0.73830199 -0.37221196
v -0.59655702 0.73830098 -0.37604496
v -0.60441804 0.73830003 -0.37844598
v -0.60457498 0.73875397 -0.37763494
v -0.59686005 0.73875499 -0.37528196
v -0.58972007 0.73875600 -0.37152398
v -0.64696705 0.73828602 -0.36078396
v -0.65086108 0.73829103 -0.35349897
v -0.65332508 0.73829395 -0.34567496
v -0.65248698 0.73874402 -0.34554496
v -0.65005201 0.73874003 -0.35321397
v -0.64620304 0.73873502 -0.36030096
v -0.63527000 0.73828697 -0.30286798
v -0.62813008 0.73829103 -0.29906598
v -0.62046307 0.73829496 -0.29669398
v -0.61248004 0.73829901 -0.29588297
v -0.61249304 0.73875099 -0.29674396
v -0.62033206 0.73874599 -0.29754797
v -0.62784004 0.73874003 -0.29989097
v -0.63478208 0.73873597 -0.30364797
v -0.60439408 0.73830098 -0.29676798
v -0.59654301 0.73830199 -0.29921398
v -0.58926708 0.73830199 -0.30308497
v -0.58972007 0.73875600 -0.30379096
v -0.59685600 0.73875499 -0.29999796
v -0.60455704 0.73875397 -0.29760498
v -0.57214606 0.73975003 -0.33761796
v -0.57292902 0.73975003 -0.32979098
v -0.57519108 0.73975003 -0.32225496
v -0.57884407 0.73975003 -0.31528798
v -0.58379906 0.73975003 -0.30916497
v -0.58348107 0.73875600 -0.30884898
v -0.57847106 0.73875600 -0.31503996
v -0.57477802 0.73875600 -0.32208496
v -0.57249099 0.73875600 -0.32970297
v -0.57169908 0.73875600 -0.33761796
v -0.58379906 0.76006800 -0.30916497
v -0.57884407 0.76006800 -0.31528798
v -0.57519108 0.76006800 -0.32225496
v -0.57292902 0.76006800 -0.32979098
v -0.57214606 0.76006800 -0.33761796
v -0.57169908 0.76106399 -0.33761796
v -0.57249099 0.76106399 -0.32970297
v -0.57477802 0.76106399 -0.32208496
v -0.57847106 0.76106399 -0.31503996
v -0.58348107 0.76106399 -0.30884898
v -0.61249405 0.73974699 -0.29719096
v -0.62024808 0.73974299 -0.29798493
v -0.62767398 0.73973894 -0.30030096
v -0.63454008 0.73973602 -0.30401596
v -0.64061505 0.73973501 -0.30900395
v -0.64092404 0.73873401 -0.30869198
v -0.63478208 0.73873597 -0.30364797
v -0.62784004 0.73874003 -0.29989097
v -0.62033206 0.73874599 -0.29754797
v -0.61249304 0.73875099 -0.29674396
v -0.64061701 0.76008099 -0.30900198
v -0.63454205 0.76007998 -0.30401397
v -0.62767500 0.76007801 -0.30029997
v -0.62024808 0.76007402 -0.29798397
v -0.61249405 0.76007098 -0.29719096
v -0.61249405 0.76106799 -0.29674298
v -0.62033308 0.76107299 -0.29754698
v -0.62784207 0.76107699 -0.29988998
v -0.63478506 0.76108098 -0.30364597
v -0.64092708 0.76108301 -0.30868897
v -0.65288603 0.73974299 -0.33758798
v -0.65204906 0.73974198 -0.34546098
v -0.64964300 0.73973894 -0.35304797
v -0.64583707 0.73973602 -0.36005798
v -0.64080304 0.73973399 -0.36619997
v -0.64111304 0.73873299 -0.36651096
v -0.64620304 0.73873502 -0.36030096
v -0.65005201 0.73874003 -0.35321397
v -0.65248698 0.73874402 -0.34554496
v -0.65333301 0.73874599 -0.33758697
v -0.64080304 0.76008499 -0.36619896
v -0.64583707 0.76008302 -0.36005697
v -0.64964300 0.76007998 -0.35304797
v -0.65204906 0.76007700 -0.34546098
v -0.65288603 0.76007497 -0.33758798
v -0.65333301 0.76107401 -0.33758596
v -0.65248698 0.76107699 -0.34554496
v -0.65005201 0.76108098 -0.35321397
v -0.64620304 0.76108497 -0.36029997
v -0.64111304 0.76108700 -0.36651096
v -0.61253703 0.73974699 -0.37801594
v -0.60466206 0.73974901 -0.37719598
v -0.59703106 0.73975003 -0.37486896
v -0.58996898 0.73975003 -0.37115297
v -0.58379906 0.73975003 -0.36616498
v -0.58348209 0.73875600 -0.36648196
v -0.58972007 0.73875600 -0.37152398
v -0.59686005 0.73875499 -0.37528196
v -0.60457498 0.73875397 -0.37763494
v -0.61253601 0.73875099 -0.37846297
v -0.58379906 0.76006800 -0.36616594
v -0.58996898 0.76006800 -0.37115297
v -0.59703106 0.76006901 -0.37486896
v -0.60466206 0.76007003 -0.37719598
v -0.61253703 0.76007199 -0.37801594
v -0.61253601 0.76106900 -0.37846196
v -0.60457498 0.76106602 -0.37763494
v -0.59686005 0.76106399 -0.37528196
v -0.58972007 0.76106399 -0.37152398
v -0.58348107 0.76106399 -0.36648196
v -0.63471103 0.73973602 -0.37118396
v -0.62780607 0.73973894 -0.37489295
v -0.62033308 0.73974299 -0.37720898
v -0.61253703 0.73974699 -0.37801594
v -0.61253601 0.73875099 -0.37846297
v -0.62041801 0.73874497 -0.37764496
v -0.62797302 0.73874003 -0.37530196
v -0.63495308 0.73873502 -0.37155098
v -0.61253703 0.76007199 -0.37801594
v -0.62033308 0.76007599 -0.37720898
v -0.62780607 0.76007998 -0.37489194
v -0.63471103 0.76008302 -0.37118298
v -0.63495308 0.76108497 -0.37154996
v -0.62797302 0.76108003 -0.37530196
v -0.62041801 0.76107401 -0.37764496
v -0.61253601 0.76106900 -0.37846196
v -0.57884407 0.73975003 -0.36002693
v -0.57519108 0.73975003 -0.35302797
v -0.57292902 0.73975003 -0.34546098
v -0.57249099 0.73875600 -0.34554797
v -0.57477802 0.73875600 -0.35319796
v -0.57847106 0.73875600 -0.36027497
v -0.57292902 0.76006800 -0.34546098
v -0.57519108 0.76006800 -0.35302797
v -0.57884407 0.76006800 -0.36002693
v -0.57847106 0.76106399 -0.36027497
v -0.57477802 0.76106399 -0.35319796
v -0.57249099 0.76106399 -0.34554797
v -0.58996898 0.73975003 -0.30416197
v -0.59702706 0.73975003 -0.30041096
v -0.60464400 0.73974901 -0.29804298
v -0.60455704 0.73875397 -0.29760498
v -0.59685600 0.73875499 -0.29999796
v -0.58972007 0.73875600 -0.30379096
v -0.60464400 0.76006901 -0.29804298
v -0.59702706 0.76006901 -0.30041096
v -0.58996898 0.76006800 -0.30416197
v -0.58972007 0.76106399 -0.30379096
v -0.59685600 0.76106399 -0.29999796
v -0.60455805 0.76106602 -0.29760498
v -0.64566702 0.73973602 -0.31514096
v -0.64951503 0.73973894 -0.32214198
v -0.65198106 0.73974198 -0.32971996
v -0.65241802 0.73874402 -0.32963297
v -0.64992404 0.73874003 -0.32197398
v -0.64603204 0.73873597 -0.31489697
v -0.65198201 0.76007599 -0.32971898
v -0.64951605 0.76007801 -0.32214096
v -0.64566803 0.76007998 -0.31513998
v -0.64603400 0.76108098 -0.31489396
v -0.64992607 0.76107800 -0.32197198
v -0.65241897 0.76107502 -0.32963198
v -0.62460303 0.72417003 -0.33118197
v -0.62460303 0.72417003 -0.34231496
v -0.62460303 0.35437497 -0.34231496
v -0.62460303 0.35437497 -0.33118296
v 0.82571697 0.72417003 -0.34231496
v 0.82571697 0.72417003 -0.33118197
v 0.82571697 0.35437497 -0.33118296
v 0.82571697 0.35437497 -0.34231496
v 0.08544700 0.34115899 -0.34231496
v 0.08544700 0.34115899 -0.33118197
v -0.60627908 0.34115899 -0.33118197
v -0.60627908 0.34115899 -0.34231496
v 0.08544700 0.72417003 -0.34424698
v 0.08544700 0.35437497 -0.34424698
v -0.60627908 0.35437497 -0.34424698
v -0.60627908 0.72417003 -0.34424698
v 0.08544700 0.73738599 -0.33118197
v 0.08544700 0.73738599 -0.34231496
v -0.60627908 0.73738599 -0.34231496
v -0.60627908 0.73738599 -0.33118197
v 0.08544700 0.35437497 -0.32925093
v 0.08544700 0.72417003 -0.32924998
v -0.60627908 0.72417003 -0.32924998
v -0.60627908 0.35437497 -0.32925093
v -0.62460303 0.34309098 -0.33118197
v -0.62448305 0.34224597 -0.33118197
v -0.62436205 0.34230596 -0.33039796
v -0.62448305 0.34309098 -0.33033696
v -0.62406003 0.34242696 -0.32979396
v -0.62412000 0.34309098 -0.32973298
v -0.62412000 0.34164199 -0.33118197
v -0.62406003 0.34170198 -0.33051798
v -0.62387908 0.34188297 -0.32997498
v -0.62460303 0.73545402 -0.33118197
v -0.62448305 0.73545402 -0.33033696
v -0.62436205 0.73623896 -0.33039796
v -0.62448305 0.73629898 -0.33118197
v -0.62406003 0.73684299 -0.33051798
v -0.62412000 0.73690301 -0.33118197
v -0.62412000 0.73545402 -0.32973298
v -0.62406003 0.73611796 -0.32979396
v -0.62387908 0.73666096 -0.32997498
v -0.62460303 0.73545402 -0.34231496
v -0.62448305 0.73629898 -0.34231496
v -0.62436205 0.73623896 -0.34309998
v -0.62448305 0.73545402 -0.34315997
v -0.62406003 0.73611796 -0.34370396
v -0.62412000 0.73545402 -0.34376398
v -0.62412000 0.73690301 -0.34231496
v -0.62406003 0.73684299 -0.34297898
v -0.62387908 0.73666096 -0.34352294
v -0.62460303 0.34309098 -0.34231496
v -0.62448305 0.34309098 -0.34315997
v -0.62436205 0.34230596 -0.34309998
v -0.62448305 0.34224597 -0.34231496
v -0.62406003 0.34170198 -0.34297898
v -0.62412000 0.34164199 -0.34231496
v -0.62412000 0.34309098 -0.34376398
v -0.62406003 0.34242696 -0.34370396
v -0.62387908 0.34188396 -0.34352294
v 0.82571697 0.34309098 -0.33118197
v 0.82559597 0.34309098 -0.33033696
v 0.82547498 0.34230596 -0.33039796
v 0.82559597 0.34224597 -0.33118197
v 0.82517302 0.34170198 -0.33051798
v 0.82523400 0.34164199 -0.33118197
v 0.82523400 0.34309098 -0.32973298
v 0.82517302 0.34242696 -0.32979396
v 0.82499200 0.34188297 -0.32997498
v 0.82571697 0.34309098 -0.34231496
v 0.82559597 0.34224597 -0.34231496
v 0.82547498 0.34230596 -0.34309998
v 0.82559597 0.34309098 -0.34315997
v 0.82517302 0.34242696 -0.34370396
v 0.82523400 0.34309098 -0.34376398
v 0.82523400 0.34164199 -0.34231496
v 0.82517302 0.34170198 -0.34297898
v 0.82499200 0.34188297 -0.34352294
v 0.82571697 0.73545402 -0.34231496
v 0.82559597 0.73545402 -0.34315997
v 0.82547498 0.73623896 -0.34309998
v 0.82559597 0.73629898 -0.34231496
v 0.82517302 0.73684299 -0.34297898
v 0.82523400 0.73690301 -0.34231496
v 0.82523400 0.73545402 -0.34376398
v 0.82517302 0.73611796 -0.34370396
v 0.82499200 0.73666096 -0.34352294
v 0.82571697 0.73545402 -0.33118296
v 0.82559597 0.73629898 -0.33118296
v 0.82547498 0.73623896 -0.33039796
v 0.82559597 0.73545402 -0.33033696
v 0.82517302 0.73611796 -0.32979396
v 0.82523400 0.73545402 -0.32973298
v 0.82523400 0.73690301 -0.33118296
v 0.82517302 0.73684299 -0.33051798
v 0.82499200 0.73666096 -0.32997498
v -0.62267107 0.34115899 -0.33118197
v -0.62267107 0.34127998 -0.33033696
v -0.62345606 0.34139997 -0.33039796
v -0.62351704 0.34127998 -0.33118197
v -0.62406003 0.34170198 -0.33051798
v -0.62412000 0.34164199 -0.33118197
v -0.62267107 0.34164199 -0.32973298
v -0.62333608 0.34170198 -0.32979396
v -0.62387908 0.34188297 -0.32997498
v -0.62267107 0.34115899 -0.34231496
v -0.62351704 0.34127998 -0.34231496
v -0.62345606 0.34140098 -0.34309998
v -0.62267107 0.34127998 -0.34315997
v -0.62333608 0.34170198 -0.34370396
v -0.62267107 0.34164199 -0.34376398
v -0.62412000 0.34164199 -0.34231496
v -0.62406003 0.34170198 -0.34297898
v -0.62387908 0.34188396 -0.34352294
v 0.82378501 0.34115899 -0.34231496
v 0.82378501 0.34127998 -0.34315997
v 0.82457000 0.34139997 -0.34309998
v 0.82463002 0.34127998 -0.34231496
v 0.82517302 0.34170198 -0.34297898
v 0.82523400 0.34164199 -0.34231496
v 0.82378501 0.34164199 -0.34376398
v 0.82444900 0.34170198 -0.34370396
v 0.82499200 0.34188297 -0.34352294
v 0.82378501 0.34115899 -0.33118197
v 0.82463002 0.34127998 -0.33118197
v 0.82457000 0.34139997 -0.33039796
v 0.82378501 0.34127998 -0.33033696
v 0.82444900 0.34170198 -0.32979396
v 0.82378501 0.34164199 -0.32973298
v 0.82523400 0.34164199 -0.33118197
v 0.82517302 0.34170198 -0.33051798
v 0.82499200 0.34188297 -0.32997498
v -0.62267107 0.34309098 -0.34424698
v -0.62267107 0.34224597 -0.34412596
v -0.62345606 0.34230596 -0.34400597
v -0.62351704 0.34309098 -0.34412596
v -0.62406003 0.34242696 -0.34370396
v -0.62412000 0.34309098 -0.34376398
v -0.62267107 0.34164199 -0.34376398
v -0.62333608 0.34170198 -0.34370396
v -0.62387908 0.34188396 -0.34352294
v -0.62267107 0.73545402 -0.34424698
v -0.62351704 0.73545402 -0.34412596
v -0.62345606 0.73623896 -0.34400597
v -0.62267107 0.73629898 -0.34412596
v -0.62333608 0.73684299 -0.34370396
v -0.62267107 0.73690301 -0.34376398
v -0.62412000 0.73545402 -0.34376398
v -0.62406003 0.73611796 -0.34370396
v -0.62387908 0.73666096 -0.34352294
v 0.82378501 0.73545402 -0.34424698
v 0.82378501 0.73629898 -0.34412596
v 0.82457000 0.73623896 -0.34400597
v 0.82463002 0.73545402 -0.34412596
v 0.82517302 0.73611796 -0.34370396
v 0.82523400 0.73545402 -0.34376398
v 0.82378501 0.73690301 -0.34376398
v 0.82444900 0.73684299 -0.34370396
v 0.82499200 0.73666096 -0.34352294
v 0.82378501 0.34309098 -0.34424698
v 0.82463002 0.34309098 -0.34412596
v 0.82457000 0.34230596 -0.34400597
v 0.82378501 0.34224597 -0.34412596
v 0.82444900 0.34170198 -0.34370396
v 0.82378501 0.34164199 -0.34376398
v 0.82523400 0.34309098 -0.34376398
v 0.82517302 0.34242696 -0.34370396
v 0.82499200 0.34188297 -0.34352294
v -0.62267107 0.73738599 -0.34231496
v -0.62267107 0.73726499 -0.34315997
v -0.62345606 0.73714399 -0.34309998
v -0.62351704 0.73726499 -0.34231496
v -0.62406003 0.73684299 -0.34297898
v -0.62412000 0.73690301 -0.34231496
v -0.62267107 0.73690301 -0.34376398
v -0.62333608 0.73684299 -0.34370396
v -0.62387908 0.73666096 -0.34352294
v -0.62267107 0.73738599 -0.33118197
v -0.62351704 0.73726499 -0.33118197
v -0.62345606 0.73714399 -0.33039796
v -0.62267107 0.73726499 -0.33033696
v -0.62333608 0.73684299 -0.32979396
v -0.62267107 0.73690301 -0.32973298
v -0.62412000 0.73690301 -0.33118197
v -0.62406003 0.73684299 -0.33051798
v -0.62387908 0.73666096 -0.32997498
v 0.82378501 0.73738599 -0.33118296
v 0.82378501 0.73726499 -0.33033696
v 0.82457000 0.73714399 -0.33039796
v 0.82463002 0.73726499 -0.33118296
v 0.82517302 0.73684299 -0.33051798
v 0.82523400 0.73690301 -0.33118296
v 0.82378501 0.73690301 -0.32973298
v 0.82444900 0.73684299 -0.32979396
v 0.82499200 0.73666096 -0.32997498
v 0.82378501 0.73738599 -0.34231496
v 0.82463002 0.73726499 -0.34231496
v 0.82456899 0.73714399 -0.34309998
v 0.82378501 0.73726499 -0.34315997
v 0.82444900 0.73684299 -0.34370396
v 0.82378501 0.73690301 -0.34376398
v 0.82523400 0.73690301 -0.34231496
v 0.82517302 0.73684299 -0.34297898
v 0.82499200 0.73666096 -0.34352294
v -0.62267107 0.73545402 -0.32925093
v -0.62267107 0.73629898 -0.32937098
v -0.62345606 0.73623896 -0.32949197
v -0.62351704 0.73545402 -0.32937098
v -0.62406003 0.73611796 -0.32979396
v -0.62412000 0.73545402 -0.32973298
v -0.62267107 0.73690301 -0.32973298
v -0.62333608 0.73684299 -0.32979396
v -0.62387908 0.73666096 -0.32997498
v -0.62267107 0.34309098 -0.32924998
v -0.62351704 0.34309098 -0.32937098
v -0.62345606 0.34230596 -0.32949197
v -0.62267107 0.34224597 -0.32937098
v -0.62333608 0.34170198 -0.32979396
v -0.62267107 0.34164199 -0.32973298
v -0.62412000 0.34309098 -0.32973298
v -0.62406003 0.34242696 -0.32979396
v -0.62387908 0.34188297 -0.32997498
v 0.82378501 0.34309098 -0.32924998
v 0.82378501 0.34224597 -0.32937098
v 0.82457000 0.34230596 -0.32949197
v 0.82463002 0.34309098 -0.32937098
v 0.82517302 0.34242696 -0.32979396
v 0.82523400 0.34309098 -0.32973298
v 0.82378501 0.34164199 -0.32973298
v 0.82444900 0.34170198 -0.32979396
v 0.82499200 0.34188297 -0.32997498
v 0.82378501 0.73545402 -0.32925093
v 0.82463002 0.73545402 -0.32937098
v 0.82456899 0.73623896 -0.32949197
v 0.82378501 0.73629898 -0.32937098
v 0.82444900 0.73684299 -0.32979396
v 0.82378501 0.73690301 -0.32973298
v 0.82523400 0.73545402 -0.32973298
v 0.82517302 0.73611796 -0.32979396
v 0.82499200 0.73666096 -0.32997498
v -0.62448305 0.35437497 -0.33033696
v -0.62448305 0.72417003 -0.33033696
v -0.62412000 0.35437497 -0.32973397
v -0.62412000 0.72417003 -0.32973298
v -0.62448305 0.72417003 -0.34315997
v -0.62448305 0.35437497 -0.34316096
v -0.62412000 0.72417003 -0.34376398
v -0.62412000 0.35437497 -0.34376398
v 0.82559597 0.35437497 -0.34316096
v 0.82559597 0.72417003 -0.34315997
v 0.82523400 0.35437497 -0.34376398
v 0.82523400 0.72417003 -0.34376398
v 0.82559597 0.72417003 -0.33033696
v 0.82559597 0.35437497 -0.33033696
v 0.82523400 0.72417003 -0.32973298
v 0.82523400 0.35437497 -0.32973397
v 0.08544700 0.34127998 -0.34315997
v 0.80739301 0.34127998 -0.34315997
v 0.80739301 0.34115899 -0.34231496
v 0.08544700 0.34164199 -0.34376398
v 0.80739301 0.34164199 -0.34376398
v 0.08544700 0.34127998 -0.33033696
v -0.60627908 0.34127998 -0.33033696
v 0.08544700 0.34164199 -0.32973298
v -0.60627908 0.34164199 -0.32973298
v -0.62267107 0.35437497 -0.34424698
v -0.62351704 0.35437497 -0.34412697
v -0.62351704 0.72417003 -0.34412596
v -0.62267107 0.72417003 -0.34424698
v -0.62412000 0.35437497 -0.34376398
v -0.62412000 0.72417003 -0.34376398
v 0.08544700 0.73545402 -0.34424698
v 0.08544700 0.73629898 -0.34412596
v 0.80739200 0.73629898 -0.34412596
v 0.80739200 0.73545402 -0.34424698
v 0.08544700 0.73690301 -0.34376398
v 0.80739200 0.73690301 -0.34376398
v 0.82378501 0.72417003 -0.34424698
v 0.82463002 0.72417003 -0.34412596
v 0.82463002 0.35437497 -0.34412697
v 0.82378501 0.35437497 -0.34424698
v 0.82523400 0.72417003 -0.34376398
v 0.82523400 0.35437497 -0.34376398
v 0.08544700 0.34309098 -0.34424698
v 0.08544700 0.34224597 -0.34412596
v -0.60627908 0.34224597 -0.34412596
v -0.60627908 0.34309098 -0.34424698
v 0.08544700 0.34164199 -0.34376398
v -0.60627908 0.34164199 -0.34376398
v 0.08544700 0.73726499 -0.33033696
v 0.80739200 0.73726499 -0.33033696
v 0.80739200 0.73738599 -0.33118296
v 0.08544700 0.73690301 -0.32973298
v 0.80739200 0.73690301 -0.32973298
v 0.08544700 0.73726499 -0.34315997
v -0.60627908 0.73726499 -0.34315997
v 0.08544700 0.73690301 -0.34376398
v -0.60627908 0.73690301 -0.34376398
v -0.62267107 0.72417003 -0.32924998
v -0.62351704 0.72417003 -0.32937098
v -0.62351704 0.35437497 -0.32937098
v -0.62267107 0.35437497 -0.32925093
v -0.62412000 0.72417003 -0.32973298
v -0.62412000 0.35437497 -0.32973397
v 0.08544700 0.34309098 -0.32924998
v 0.08544700 0.34224597 -0.32937098
v 0.80739301 0.34224597 -0.32937098
v 0.80739301 0.34309098 -0.32924998
v 0.08544700 0.34164199 -0.32973298
v 0.80739200 0.34164199 -0.32973298
v 0.82378501 0.35437497 -0.32925093
v 0.82463002 0.35437497 -0.32937098
v 0.82463002 0.72417003 -0.32937098
v 0.82378501 0.72417003 -0.32924998
v 0.82523400 0.35437497 -0.32973397
v 0.82523400 0.72417003 -0.32973298
v 0.08544700 0.73545402 -0.32925093
v 0.08544700 0.73629898 -0.32937098
v -0.60627908 0.73629898 -0.32937098
v -0.60627908 0.73545402 -0.32925093
v 0.08544700 0.73690301 -0.32973298
v -0.60627908 0.73690301 -0.32973298
v -0.60627908 0.73545402 -0.34424698
v 0.80739200 0.35437497 -0.34424698
v 0.80739200 0.34309098 -0.34424698
v -0.60627908 0.34309098 -0.32924998
v 0.80739200 0.72417003 -0.32924998
v 0.80739200 0.73545402 -0.32925093
v 0.80739200 0.34115899 -0.33118197
v 0.80739200 0.72417003 -0.34424698
v 0.80739200 0.73738599 -0.34231496
v 0.80739301 0.35437497 -0.32925093
v -0.60627908 0.34127998 -0.34315997
v -0.60627908 0.34164199 -0.34376398
v 0.80739200 0.34127998 -0.33033696
v 0.80739200 0.34164199 -0.32973298
v -0.60627908 0.73629898 -0.34412596
v -0.60627908 0.73690301 -0.34376398
v 0.80739200 0.34224597 -0.34412596
v 0.80739301 0.34164199 -0.34376398
v -0.60627908 0.73726499 -0.33033696
v -0.60627908 0.73690301 -0.32973298
v 0.80739200 0.73726499 -0.34315997
v 0.80739200 0.73690301 -0.34376398
v -0.60627908 0.34224597 -0.32937098
v -0.60627908 0.34164199 -0.32973298
v 0.80739200 0.73629898 -0.32937098
v 0.80739200 0.73690301 -0.32973298
vn 1.00000000 0.00000700 0.00000400
vn 1.00000000 0.00000100 0.00000000
vn 1.00000000 -0.00000200 0.00000300
vn 1.00000000 0.00000100 0.00000500
vn 1.00000000 0.00001000 0.00000300
vn 1.00000000 0.00000100 0.00000700
vn 1.00000000 -0.00000700 0.00000300
vn 1.00000000 0.00001000 0.00000300
vn 1.00000000 0.00000000 0.00000300
vn 1.00000000 0.00000100 0.00000100
vn 1.00000000 -0.00001700 0.00000300
vn 1.00000000 0.00001600 -0.00000100
vn 1.00000000 0.00000000 -0.00000200
vn 1.00000000 0.00000100 0.00000300
vn 1.00000000 -0.00001500 -0.00000200
vn 0.00000000 0.00000000 -1.00000000
vn -0.00000100 0.00000000 -1.00000000
vn 0.00000200 -0.00000900 -1.00000000
vn 0.00000000 0.00000200 -1.00000000
vn 0.00000000 0.00000000 -1.00000000
vn 0.00000100 0.00000600 -1.00000000
vn 0.00000000 0.00000800 -1.00000000
vn 0.00000000 0.00000000 -1.00000000
vn 0.00000000 -0.00000700 -1.00000000
vn 0.16743308 -0.00000500 0.98588347
vn 0.16743308 0.00000000 0.98588347
vn 0.71722239 0.00000000 0.69684440
vn 0.71722335 -0.00000200 0.69684339
vn 0.16744508 -0.00000300 0.98588145
vn 0.71723181 0.00000000 0.69683474
vn 0.00000000 -0.00000500 1.00000000
vn 0.00000000 -0.00000500 1.00000000
vn 0.00000000 0.00000000 1.00000000
vn 0.00000000 0.99462092 -0.10358199
vn 0.00001800 0.99463153 -0.10348006
vn 0.00000300 0.79830301 -0.60225606
vn 0.00000000 0.79826003 -0.60231298
vn 0.00000000 0.99462092 -0.10358199
vn 0.00000000 0.79826003 -0.60231298
vn 0.00000000 1.00000000 0.00000000
vn 0.00000600 1.00000000 0.00000400
vn 0.00005700 1.00000000 0.00012300
vn 0.00000000 -0.99207890 0.12561597
vn 0.00000000 -0.99207890 0.12561597
vn 0.00000000 -0.75993961 0.64999366
vn 0.00000000 -0.75993961 0.64999366
vn 0.00000000 -0.99207878 0.12561697
vn 0.00000000 -0.75993925 0.64999419
vn 0.00000000 -1.00000000 0.00000000
vn 0.00000000 -1.00000000 0.00000000
vn 0.00000000 -1.00000000 0.00000000
vn 0.00000000 0.99207878 0.12561697
vn 0.00000000 0.99207878 0.12561697
vn 0.00000000 0.75994980 0.64998180
vn 0.00000000 0.75994980 0.64998180
vn 0.00000000 0.99207878 0.12561697
vn 0.00000000 0.75994980 0.64998180
vn 0.00000000 1.00000000 0.00000000
vn 0.00000000 1.00000000 0.00000000
vn 0.00000000 1.00000000 0.00000000
vn 0.13149595 -0.99131668 0.00000000
vn 0.13149595 -0.99131668 0.00000000
vn 0.66095430 -0.75042623 0.00000000
vn 0.66095108 -0.75042897 0.00000000
vn 0.13149595 -0.99131668 0.00000000
vn 0.66095370 -0.75042671 0.00000000
vn 0.00000000 -1.00000000 0.00000000
vn 0.00000000 -1.00000000 0.00000000
vn 0.00000000 -1.00000000 0.00000000
vn 0.98819339 0.00000200 0.15321207
vn 0.98819339 0.00000000 0.15321207
vn 0.71723181 0.00000000 0.69683474
vn 0.71722335 -0.00000200 0.69684339
vn 0.98819304 -0.00000200 0.15321401
vn 0.71722239 0.00000000 0.69684440
vn 1.00000000 -0.00001100 0.00000300
vn 1.00000000 0.00000300 0.00000100
vn 1.00000000 0.00000700 0.00000600
vn 0.00001300 1.00000000 -0.00000100
vn 0.00010500 1.00000000 -0.00005400
vn 0.00011800 1.00000000 -0.00000400
vn 0.00001400 1.00000000 0.00000000
vn 0.00000000 1.00000000 0.00000000
vn 0.00000000 1.00000000 0.00000000
vn 0.00000000 1.00000000 0.00000000
vn 0.00000600 1.00000000 -0.00000300
vn 0.00004700 1.00000000 -0.00007600
vn 0.00000000 -1.00000000 0.00000000
vn 0.00000000 -1.00000000 0.00000000
vn 0.00000000 -1.00000000 0.00000000
vn 0.00000000 -1.00000000 0.00000000
vn 0.00000000 -1.00000000 0.00000000
vn 0.00000000 -1.00000000 0.00000000
vn 0.00000000 -1.00000000 0.00000000
vn 0.00000000 -1.00000000 0.00000000
vn 0.00000000 -1.00000000 0.00000000
vn 0.00000100 0.00000100 -1.00000000
vn 0.00000100 0.00000000 -1.00000000
vn 0.00000000 -0.00000700 -1.00000000
vn 0.00000000 0.00000000 -1.00000000
vn 0.00000100 0.00000000 -1.00000000
vn -0.00000100 0.00000800 -1.00000000
vn 0.00000000 0.00000800 -1.00000000
vn 0.00000000 0.00000000 -1.00000000
vn 0.00000000 -0.00000700 -1.00000000
vn 0.00000000 -0.00000500 1.00000000
vn 0.00000000 0.00000000 1.00000000
vn 0.00000000 0.00000000 1.00000000
vn 0.00000000 -0.00000500 1.00000000
vn 0.00000000 -0.00000500 1.00000000
vn 0.00000000 -0.00000500 1.00000000
vn 0.00000000 -0.00000500 1.00000000
vn 0.00000000 -0.00000500 1.00000000
vn 0.00000000 0.00000000 1.00000000
vn 0.00000000 0.99207878 0.12561697
vn 0.00000000 0.99207878 0.12561697
vn 0.00000000 0.75994980 0.64998180
vn 0.00000000 0.75994980 0.64998180
vn 0.00000000 1.00000000 0.00000000
vn 0.00000000 1.00000000 0.00000000
vn 0.20062000 -0.00000200 -0.97966909
vn 0.20062000 0.00000000 -0.97966909
vn 0.75799012 0.00000000 -0.65226609
vn 0.75799012 0.00000000 -0.65226609
vn 0.20061791 0.00000200 -0.97966957
vn 0.75799012 0.00000000 -0.65226609
vn 0.00000000 0.00001100 -1.00000000
vn 0.00000300 -0.00000300 -1.00000000
vn -0.00000100 -0.00000700 -1.00000000
vn 0.00000000 0.00000000 -1.00000000
vn 0.00000000 0.00000000 -1.00000000
vn 0.00000100 0.00000000 -1.00000000
vn 0.99192566 -0.00000100 -0.12682097
vn 0.99192578 0.00000000 -0.12681998
vn 0.75799012 0.00000000 -0.65226609
vn 0.75799012 0.00000000 -0.65226609
vn 0.99192554 0.00000100 -0.12682194
vn 0.75799012 0.00000000 -0.65226609
vn 1.00000000 0.00000900 -0.00000200
vn 1.00000000 -0.00000200 -0.00000100
vn 1.00000000 -0.00000800 -0.00000300
vn 1.00000000 0.00000100 -0.00000100
vn 1.00000000 0.00000900 0.00000000
vn 1.00000000 0.00002600 -0.00000100
vn 1.00000000 -0.00000100 -0.00000100
vn 1.00000000 0.00000700 0.00000000
vn 1.00000000 -0.00000600 -0.00000100
vn -0.00000700 1.00000000 -0.00035600
vn -0.00019400 0.99999958 -0.00086400
vn 0.00000700 0.99999958 -0.00088200
vn -0.00000200 1.00000000 -0.00038200
vn -0.00009500 0.99999994 -0.00053900
vn -0.00039000 0.99999958 -0.00078900
vn -0.00017700 1.00000000 -0.00028100
vn -0.00069000 0.99999970 -0.00050000
vn -0.00022500 1.00000000 -0.00010600
vn -0.00081900 0.99999970 -0.00016400
vn -0.00126000 0.99999923 -0.00036500
vn -0.00121500 0.99999934 -0.00013500
vn -0.00149000 0.99999899 -0.00013300
vn -0.00150800 0.99999887 -0.00028600
vn -0.00161100 0.99999869 -0.00002200
vn -0.00157200 0.99999881 -0.00001800
vn -0.00152200 0.99999887 0.00008800
vn -0.00146800 0.99999899 0.00022300
vn -0.00122700 0.99999928 0.00014000
vn -0.00125800 0.99999923 0.00033700
vn -0.00081800 0.99999970 0.00015100
vn -0.00073200 0.99999970 0.00045800
vn -0.00031100 1.00000000 0.00022600
vn -0.00022500 0.99999988 0.00049700
vn -0.00043800 0.99999970 0.00074300
vn -0.00011700 0.99999982 0.00071900
vn -0.00009600 0.99999970 0.00085600
vn -0.00024100 0.99999958 0.00087600
vn -0.00000600 0.99999958 0.00089800
vn 0.00000100 0.99999958 0.00088900
vn 0.00008000 0.99999970 0.00085700
vn 0.00025500 0.99999970 0.00082400
vn 0.00018800 0.99999982 0.00068300
vn 0.00056800 0.99999970 0.00066700
vn 0.00017300 0.99999994 0.00043600
vn 0.00058100 0.99999982 0.00035900
vn 0.00010900 1.00000000 0.00005800
vn 0.00096700 0.99999958 -0.00000200
vn 0.00056400 0.99999982 -0.00036400
vn 0.00014800 1.00000000 -0.00025300
vn 0.00053400 0.99999970 -0.00069500
vn 0.00016200 0.99999994 -0.00050300
vn 0.00001900 1.00000000 -0.00035300
vn 0.00024000 0.99999970 -0.00083100
vn 0.00227400 -0.99999744 0.00014300
vn 0.00218700 -0.99999756 0.00036700
vn 0.00236100 -0.99999720 -0.00001900
vn 0.00241900 -0.99999708 -0.00003000
vn 0.00181200 -0.99999833 0.00024300
vn 0.00184500 -0.99999821 0.00058800
vn 0.00117400 -0.99999934 0.00024300
vn 0.00103200 -0.99999923 0.00075100
vn 0.00031100 -1.00000000 0.00021200
vn 0.00026500 -0.99999994 0.00042100
vn 0.00058700 -0.99999911 0.00117500
vn 0.00017000 -0.99999970 0.00082200
vn 0.00000900 -0.99999994 0.00053900
vn 0.00027800 -0.99999923 0.00128400
vn 0.00000100 -0.99999988 0.00057200
vn -0.00001800 -0.99999911 0.00131600
vn -0.00002900 -0.99999994 0.00052500
vn -0.00036400 -0.99999923 0.00124100
vn -0.00024500 -0.99999970 0.00074800
vn -0.00080900 -0.99999923 0.00103400
vn -0.00022300 -1.00000000 0.00037400
vn -0.00084500 -0.99999958 0.00053500
vn -0.00007300 -1.00000000 0.00010600
vn -0.00016000 -1.00000000 0.00008200
vn -0.00143000 -0.99999899 0.00000700
vn -0.00017400 -1.00000000 0.00000600
vn -0.00016600 -1.00000000 -0.00008700
vn -0.00087000 -0.99999946 -0.00051700
vn -0.00007100 -1.00000000 -0.00018600
vn -0.00024700 -0.99999982 -0.00068200
vn -0.00084000 -0.99999923 -0.00100500
vn -0.00027800 -0.99999946 -0.00102900
vn -0.00017900 -0.99999923 -0.00125700
vn -0.00046700 -0.99999911 -0.00130100
vn -0.00002000 -0.99999911 -0.00134400
vn -0.00002700 -0.99999911 -0.00133400
vn 0.00010200 -0.99999923 -0.00129900
vn 0.00032000 -0.99999923 -0.00126200
vn 0.00023400 -0.99999946 -0.00109700
vn 0.00068600 -0.99999923 -0.00109000
vn 0.00033500 -0.99999970 -0.00074100
vn 0.00109900 -0.99999923 -0.00068900
vn 0.00049500 -0.99999988 -0.00028900
vn 0.00126600 -0.99999923 -0.00023600
vn 0.00193300 -0.99999809 -0.00048000
vn 0.00184400 -0.99999833 -0.00017200
vn 0.00225700 -0.99999744 -0.00018700
vn 0.00228600 -0.99999732 -0.00040700
vn 0.00000000 0.00000000 -1.00000000
vn 0.00000000 0.00000000 -1.00000000
vn 0.00000000 0.00000000 -1.00000000
vn 0.00000000 0.00000000 -1.00000000
vn 0.00000000 0.00000000 -1.00000000
vn 0.00000000 0.00000000 -1.00000000
vn 0.00000000 -0.00000500 1.00000000
vn 0.00000000 0.00000000 1.00000000
vn 0.00000000 -0.00000500 1.00000000
vn 0.00000000 -0.00000500 1.00000000
vn 0.00000000 -0.00000500 1.00000000
vn 0.00000000 0.00000000 1.00000000
vn -0.00000300 -0.99462074 -0.10358398
vn 0.00000000 -0.99462092 -0.10358199
vn 0.00000000 -0.79826003 -0.60231298
vn 0.00000000 -0.79825956 -0.60231364
vn -0.00000500 -0.99460554 -0.10372996
vn -0.00000100 -0.79821616 -0.60237110
vn -0.00000600 -1.00000000 0.00000000
vn 0.00000000 -1.00000000 0.00000000
vn 0.00000000 0.99207878 0.12561697
vn 0.00000000 0.99207878 0.12561697
vn 0.00000000 0.75994980 0.64998180
vn 0.00000000 0.75994980 0.64998180
vn 0.00000000 1.00000000 0.00000000
vn 0.00000000 1.00000000 0.00000000
vn -0.00001200 -1.00000000 0.00000400
vn 0.00000000 -1.00000000 0.00000000
vn 0.00000000 -1.00000000 0.00000000
vn -0.00001900 -1.00000000 0.00000000
vn -0.00000400 -1.00000000 0.00000000
vn 0.00000000 -1.00000000 0.00000000
vn 0.98104328 -0.19378908 0.00000100
vn 0.98104167 -0.19379695 0.00000900
vn 0.66188627 -0.74960428 -0.00001400
vn 0.66195107 -0.74954706 -0.00000200
vn 0.66170192 -0.74976701 -0.00001900
vn 0.98103386 -0.19383697 0.00000000
vn 0.98099566 0.19402994 0.00000300
vn 0.98099345 0.19404089 0.00000300
vn 0.66033930 0.75096744 0.00001000
vn 0.66044682 0.75087285 0.00001400
vn 0.66029894 0.75100297 -0.00000100
vn 0.98099047 0.19405591 0.00000000
vn 0.98104328 -0.19378908 0.00000200
vn 0.98103714 -0.19382001 0.00000100
vn 0.66189158 -0.74959958 0.00001400
vn 0.66171849 -0.74975246 0.00002000
vn 0.98099244 0.19404608 0.00000500
vn 0.66032183 0.75098276 -0.00001200
vn 0.66046071 0.75086063 -0.00001400
vn 0.98098791 0.19406897 -0.00000200
vn 0.00000100 -0.24025190 -0.97071064
vn 0.00000300 -0.24027286 -0.97070545
vn 0.00000500 -0.79779404 -0.60293013
vn 0.00001800 -0.79787594 -0.60282189
vn -0.00000200 -0.79778373 -0.60294378
vn -0.00000100 -0.24024697 -0.97071189
vn -0.00000200 0.24048615 -0.97065258
vn 0.00000100 0.24048901 -0.97065198
vn -0.00000700 0.79856783 -0.60190487
vn -0.00000200 0.79858935 -0.60187626
vn -0.00000700 0.79852700 -0.60195899
vn 0.00000000 0.24046993 -0.97065663
vn 0.16117196 0.19599696 0.96726876
vn 0.69769806 0.22665402 0.67959207
vn 0.17040303 0.74493015 0.64501315
vn 0.54290062 0.66118866 0.51777261
vn 0.00000000 0.75994980 0.64998180
vn 0.00000000 0.20237906 0.97930735
vn 0.00000000 -0.20236409 0.97931039
vn 0.00000000 0.00000000 1.00000000
vn 0.00000000 -0.20236409 0.97931039
vn 0.00000000 -0.75993961 0.64999366
vn 0.00000000 -0.75993961 0.64999366
vn 0.00000000 -0.75993961 0.64999366
vn 0.00000000 -0.20236409 0.97931039
vn 0.97083706 -0.18861401 0.14798699
vn 0.69769114 -0.22665104 0.67960012
vn 0.65606683 -0.73771375 0.15923196
vn 0.54290098 -0.66118896 0.51777196
vn 0.66095108 -0.75042897 0.00000000
vn 0.98100805 -0.19396701 0.00000100
vn 0.98101443 0.19393508 0.00000000
vn 0.98101026 0.19395603 0.00000000
vn 0.66097605 0.75040704 0.00000000
vn 0.66097820 0.75040513 0.00000000
vn 0.98100746 0.19397010 0.00000000
vn 0.66095108 0.75042897 0.00000000
vn 1.00000000 0.00000800 0.00000000
vn 1.00000000 0.00001700 0.00000000
vn 1.00000000 0.00002500 0.00000000
vn 0.00000100 -0.24033198 -0.97069085
vn -0.00000300 -0.24027804 -0.97070414
vn -0.00000900 -0.79804963 -0.60259175
vn -0.00002000 -0.79789442 -0.60279727
vn -0.00000100 -0.79821616 -0.60237110
vn 0.00000000 -0.24037504 -0.97068012
vn 0.00000100 0.24043508 -0.97066534
vn 0.00000000 0.24040212 -0.97067344
vn 0.00001300 0.79840577 -0.60211980
vn 0.00000300 0.79830301 -0.60225606
vn 0.00001000 0.79852265 -0.60196477
vn 0.00000100 0.24046709 -0.97065729
vn 0.00000000 0.20237906 0.97930735
vn 0.00000000 0.20237906 0.97930735
vn 0.00000000 0.75994980 0.64998180
vn 0.00000000 0.75994980 0.64998180
vn 0.00000000 0.75994980 0.64998180
vn 0.00000000 0.20237906 0.97930735
vn 0.00000000 -0.20236409 0.97931039
vn 0.00000000 -0.20236409 0.97931039
vn 0.00000000 -0.75993961 0.64999366
vn 0.00000000 -0.75993961 0.64999366
vn 0.19044009 -0.23006211 -0.95436054
vn 0.73043627 -0.24595711 -0.63715625
vn 0.18619689 -0.77772158 -0.60039967
vn 0.56992489 -0.69112086 -0.44445196
vn 0.00003500 -0.79818392 -0.60241401
vn 0.00000200 -0.24037009 -0.97068137
vn -0.00000200 0.24043697 -0.97066480
vn -0.00000200 0.00000000 -1.00000000
vn -0.00001500 0.79841864 -0.60210276
vn -0.00002100 0.79832119 -0.60223204
vn 0.00000200 0.24040797 -0.97067189
vn 0.00000000 -0.24025591 -0.97070962
vn -0.00001300 -0.79779929 -0.60292321
vn 0.00000000 0.24048403 -0.97065312
vn 0.00000500 0.79857081 -0.60190094
vn 0.97412038 0.18976608 -0.12279405
vn 0.73043495 0.24596398 -0.63715500
vn 0.65844923 0.74115431 -0.13090104
vn 0.56991428 0.69113535 -0.44444323
vn 0.66085321 0.75051522 0.00001900
vn 0.98100448 0.19398509 -0.00000100
vn 0.98102587 -0.19387698 -0.00000200
vn 1.00000000 0.00000000 -0.00000100
vn 0.66138214 -0.75004917 -0.00001900
vn 0.66108984 -0.75030684 -0.00001700
vn 0.98101282 -0.19394298 -0.00000100
vn 0.98102903 -0.19386101 -0.00000100
vn 0.98101085 -0.19395298 0.00000100
vn 0.66135663 -0.75007159 0.00002200
vn 0.66105205 -0.75034010 0.00001400
vn 0.98100179 0.19399898 0.00000000
vn 0.66068202 0.75066602 -0.00001200
vn 0.66091913 0.75045711 -0.00000300
vn 0.98101419 0.19393602 -0.00000100
vn 0.00000000 -0.24039198 -0.97067595
vn 0.00000000 -0.79825956 -0.60231364
vn 0.00000000 -0.79826003 -0.60231298
vn 0.00000000 -0.24039291 -0.97067571
vn 0.00000000 0.24039291 -0.97067571
vn 0.00000000 0.24039291 -0.97067571
vn 0.00000000 0.79826003 -0.60231298
vn 0.00000000 0.79826003 -0.60231298
vn 0.00000000 0.20237906 0.97930735
vn 0.00000000 0.75994980 0.64998180
vn 0.00000000 0.75994980 0.64998180
vn 0.00000000 0.20237906 0.97930735
vn 0.00000000 -0.20236409 0.97931039
vn 0.00000000 -0.20236409 0.97931039
vn 0.00000000 -0.75993961 0.64999366
vn 0.00000000 -0.75993925 0.64999419
vn 0.00001300 1.00000000 0.00000100
vn 0.00000000 1.00000000 0.00000000
vn 1.00000000 0.00000000 0.00000000
vn 1.00000000 0.00000100 0.00000100
vn 0.12970203 0.98630923 -0.10184001
vn 0.13124795 0.99134964 0.00008900
vn 0.66085321 0.75051522 0.00001900
vn 0.65844923 0.74115431 -0.13090104
vn 0.18617202 0.77775204 -0.60036808
vn 0.56991428 0.69113535 -0.44444323
vn -0.00002100 0.79832119 -0.60223204
vn -0.00010000 0.99463844 -0.10341404
vn -0.00003200 0.99470782 -0.10274398
vn -0.00002200 0.99469435 -0.10287505
vn -0.00000700 0.79856783 -0.60190487
vn -0.00000700 0.79852700 -0.60195899
vn -0.00000200 0.79858935 -0.60187626
vn -0.00000400 0.99471200 -0.10270400
vn 0.00001700 0.99470937 -0.10272904
vn 0.00000500 0.79857081 -0.60190094
vn 0.00001000 0.79852265 -0.60196477
vn 0.00004600 0.99469268 -0.10289097
vn 0.00005100 0.99466377 -0.10316997
vn 0.00001300 0.79840577 -0.60211980
vn -0.00004400 -0.99456161 -0.10414997
vn -0.00000900 -0.79804963 -0.60259175
vn -0.00002000 -0.79789442 -0.60279727
vn -0.00009300 -0.99451929 -0.10455403
vn -0.00005500 -0.99449068 -0.10482495
vn -0.00001300 -0.79779929 -0.60292321
vn -0.00000200 -0.79778373 -0.60294378
vn -0.00001000 -0.99448222 -0.10490602
vn 0.00002400 -0.99448693 -0.10486099
vn 0.00000500 -0.79779404 -0.60293013
vn 0.00001800 -0.79787594 -0.60282189
vn 0.00006300 -0.99450761 -0.10466507
vn 0.00008600 -0.99454784 -0.10428197
vn 0.00002300 -0.79802006 -0.60263097
vn 0.00003500 -0.79818392 -0.60241401
vn 0.00014800 -0.99459404 -0.10384000
vn -0.00001300 -1.00000000 -0.00000400
vn 0.00000000 -1.00000000 0.00000000
vn 0.98100114 0.19400202 0.00000100
vn 0.66065860 0.75068659 0.00001300
vn 0.97412175 -0.18975797 -0.12279598
vn 0.65848833 -0.74111545 -0.13092408
vn 0.73043627 -0.24595711 -0.63715625
vn 0.56992489 -0.69112086 -0.44445196
vn 0.00000000 -0.00000500 1.00000000
vn 0.00000000 -0.00000500 1.00000000
vn 0.12921600 0.98391509 0.12334701
vn 0.17040303 0.74493015 0.64501315
vn 0.65606683 0.73771375 0.15923196
vn 0.54290062 0.66118866 0.51777261
vn 0.66095108 0.75042897 0.00000000
vn 0.13149595 0.99131668 0.00000000
vn 0.00000000 -0.99207890 0.12561597
vn 0.00000000 -0.99207890 0.12561597
vn 0.00000000 -0.75993961 0.64999366
vn 0.00000000 -0.75993961 0.64999366
vn 0.00000000 -0.99207890 0.12561597
vn 0.00000000 -0.75993961 0.64999366
vn 0.00000000 -1.00000000 0.00000000
vn 0.00000000 -1.00000000 0.00000000
vn 0.00000000 -1.00000000 0.00000000
vn 0.00000000 0.00000000 -1.00000000
vn 0.00000000 0.00000000 -1.00000000
vn 0.13081804 0.99140644 -0.00005700
vn 0.13131104 0.99134129 -0.00001000
vn 0.66068202 0.75066602 -0.00001200
vn 0.66091913 0.75045711 -0.00000300
vn 0.66046071 0.75086063 -0.00001400
vn 0.13034806 0.99146837 -0.00006200
vn 0.13002805 0.99151039 -0.00004900
vn 0.66032183 0.75098276 -0.00001200
vn 0.66029894 0.75100297 -0.00000100
vn 0.12991600 0.99152505 -0.00001000
vn 0.13000603 0.99151325 0.00002900
vn 0.66033930 0.75096744 0.00001000
vn 0.66044682 0.75087285 0.00001400
vn 0.13030906 0.99147344 0.00004700
vn 0.13075103 0.99141526 0.00004500
vn 0.66065860 0.75068659 0.00001300
vn 0.13370603 -0.99102104 0.00004500
vn 0.13384698 -0.99100202 -0.00001700
vn 0.66189158 -0.74959958 0.00001400
vn 0.66195107 -0.74954706 -0.00000200
vn 0.66171849 -0.74975246 0.00002000
vn 0.13324600 -0.99108303 0.00008100
vn 0.13253997 -0.99117774 0.00007600
vn 0.66135663 -0.75007159 0.00002200
vn 0.66105205 -0.75034010 0.00001400
vn 0.13175602 -0.99128222 0.00007400
vn 0.13256404 -0.99117446 -0.00009200
vn 0.13183302 -0.99127197 -0.00007800
vn 0.66138214 -0.75004917 -0.00001900
vn 0.66108984 -0.75030684 -0.00001700
vn 0.66170192 -0.74976701 -0.00001900
vn 0.13324897 -0.99108267 -0.00007800
vn 0.13369003 -0.99102318 -0.00006600
vn 0.66188627 -0.74960428 -0.00001400
vn 0.00000000 0.20237906 0.97930735
vn 0.00000000 0.75994980 0.64998180
vn 0.16116008 -0.19598310 0.96727353
vn 0.17040005 -0.74492222 0.64502317
vn 0.69769114 -0.22665104 0.67960012
vn 0.54290098 -0.66118896 0.51777196
vn 0.00000100 -0.24032512 -0.97069252
vn 0.00002300 -0.79802006 -0.60263097
vn 0.19043694 0.23007196 -0.95435876
vn 0.18617202 0.77775204 -0.60036808
vn 0.73043495 0.24596398 -0.63715500
vn 0.56991428 0.69113535 -0.44444323
vn -0.00005800 0.99466944 -0.10311505
vn -0.00001500 0.79841864 -0.60210276
vn 0.12980497 -0.98628676 -0.10192697
vn 0.18619689 -0.77772158 -0.60039967
vn 0.65848833 -0.74111545 -0.13092408
vn 0.56992489 -0.69112086 -0.44445196
vn 0.00000000 -1.00000000 0.00000000
vn 0.00000000 -1.00000000 0.00000000
vn 0.00000000 -1.00000000 0.00000000
vn 0.00000000 -1.00000000 0.00000000
vn 0.00000000 -1.00000000 0.00000000
vn 0.00000000 -1.00000000 0.00000000
vn 0.00000000 1.00000000 0.00000000
vn 0.00000000 1.00000000 0.00000000
vn 0.00000000 1.00000000 0.00000000
vn 0.00000000 1.00000000 0.00000000
vn 0.00000000 1.00000000 0.00000000
vn 0.00000000 1.00000000 0.00000000
vn 0.00000000 1.00000000 0.00000000
vn 0.00000000 1.00000000 0.00000000
vn 0.00000000 1.00000000 0.00000000
vn 0.12921600 -0.98391509 0.12334701
vn 0.13149595 -0.99131668 0.00000000
vn 0.66095108 -0.75042897 0.00000000
vn 0.65606683 -0.73771375 0.15923196
vn 0.17040005 -0.74492222 0.64502317
vn 0.54290098 -0.66118896 0.51777196
vn 1.00000000 0.00000000 0.00000000
vn 1.00000000 0.00000000 0.00000000
vn 1.00000000 -0.00000700 0.00000000
vn 1.00000000 0.00000000 0.00000000
vn 1.00000000 -0.00001000 -0.00000100
vn 1.00000000 0.00000000 -0.00000100
vn 0.00000000 -0.99207890 0.12561597
vn 0.00000000 -1.00000000 0.00000000
vn 0.00000000 -0.75993961 0.64999366
vn 0.00000000 1.00000000 0.00000000
vn 0.00000000 1.00000000 0.00000000
vn 0.00000000 1.00000000 0.00000000
vn 0.00000000 1.00000000 0.00000000
vn 0.00000000 1.00000000 0.00000000
vn 0.00000000 1.00000000 0.00000000
vn 0.00000000 1.00000000 0.00000000
vn 0.00000000 1.00000000 0.00000000
vn 0.00000000 1.00000000 0.00000000
vn 0.00000000 1.00000000 0.00000000
vn 0.00000000 1.00000000 0.00000000
vn 0.00000000 1.00000000 0.00000000
vn 0.98101085 -0.19395298 0.00000000
vn 0.98100805 -0.19396701 0.00000000
vn 0.66095370 -0.75042671 0.00000000
vn 0.66095108 -0.75042897 0.00000000
vn 0.98101151 -0.19395010 -0.00000100
vn 0.66095430 -0.75042623 0.00000000
vn 0.97083706 0.18861401 0.14798699
vn 0.98100787 0.19396798 0.00000300
vn 0.66095108 0.75042897 0.00000000
vn 0.65606683 0.73771375 0.15923196
vn 0.69769806 0.22665402 0.67959207
vn 0.54290062 0.66118866 0.51777261
vn 0.13149595 0.99131668 0.00000000
vn 0.13149595 0.99131668 0.00000000
vn 0.66095108 0.75042897 0.00000000
vn 0.66097820 0.75040513 0.00000000
vn 0.13149595 0.99131668 0.00000000
vn 0.66097605 0.75040704 0.00000000
vn 0.00000000 -1.00000000 0.00000000
vn 0.00000000 -1.00000000 0.00000000
vn 0.00000000 -1.00000000 0.00000000
vn 0.13149595 -0.99131668 0.00000000
vn 0.66095108 -0.75042897 0.00000000
vn 0.00000000 -1.00000000 0.00000000
vn 0.13148895 -0.99131769 0.00000200
vn 0.00001300 -1.00000000 0.00003400
vn 0.66097021 -0.75041223 0.00000000
vn 0.00000000 -1.00000000 0.00000000
vn 0.00000000 -1.00000000 0.00000000
vn 0.00000000 -1.00000000 0.00000000
vn -0.00001700 -1.00000000 0.00011400
vn -0.00000900 -1.00000000 0.00002800
vn 0.00000100 -1.00000000 0.00009700
vn 0.98101074 0.19395396 -0.00000100
vn 0.66095108 0.75042897 0.00000000
vn 1.00000000 -0.00000100 -0.00000100
vn 0.98101699 0.19392201 -0.00000100
vn 1.00000000 0.00000000 -0.00000100
vn 0.66096914 0.75041306 -0.00000200
vn -0.00000200 -1.00000000 0.00000100
vn 0.00000000 -1.00000000 0.00000000
vn 0.00000000 -1.00000000 0.00000000
vn 0.00000000 -1.00000000 0.00000000
vn -0.00000200 1.00000000 -0.00008100
vn -0.00000100 1.00000000 -0.00003000
vn 0.00000000 1.00000000 -0.00006500
vn 0.00000000 1.00000000 0.00000000
vn 0.00000000 1.00000000 0.00000000
vn 0.00000000 1.00000000 0.00000000
vn 1.00000000 0.00000000 0.00000000
vn 1.00000000 0.00000000 0.00000000
vn 1.00000000 0.00000100 -0.00000100
vn 1.00000000 -0.00000100 -0.00000100
vn 0.00001100 1.00000000 -0.00007700
vn 0.00000800 1.00000000 -0.00001800
vn 0.00000000 1.00000000 0.00000000
vn 0.00000000 1.00000000 0.00000000
vn 0.00000000 1.00000000 0.00000000
vn 0.00000000 1.00000000 0.00000000
vn 0.00000000 1.00000000 0.00000000
vn 0.00000000 1.00000000 0.00000000
vn 0.98101699 -0.19392201 0.00000000
vn 0.66097021 -0.75041223 0.00000000
vn 0.98101074 -0.19395396 0.00000000
vn 0.66095108 -0.75042897 0.00000000
vn 0.13148700 0.99131793 -0.00000800
vn 0.66096914 0.75041306 -0.00000200
vn 0.13149595 0.99131668 0.00000000
vn 0.66095108 0.75042897 0.00000000
vn 0.00000300 -1.00000000 0.00012200
vn 0.00000000 -1.00000000 0.00000000
vn -0.00086500 0.99998558 0.00530600
vn -0.00012900 0.99999946 0.00104600
vn 0.00001300 0.99999946 0.00105300
vn 0.00005500 0.99998558 0.00538000
vn -0.00030000 0.99999946 0.00102300
vn -0.00176200 0.99998701 0.00480100
vn 0.00025300 0.99977463 0.02122899
vn -0.00380500 0.99978119 0.02057101
vn 0.00022700 0.99734223 0.07285901
vn -0.01359900 0.99739325 0.07086501
vn -0.02514501 0.99765635 0.06363703
vn -0.00664200 0.99980706 0.01849000
vn -0.03118899 0.99902475 0.03125499
vn -0.00589600 0.99994612 0.00855700
vn -0.00812300 0.99986154 0.01452801
vn -0.03137200 0.99814099 0.05225400
vn -0.00241100 0.99999237 0.00309500
vn -0.00189200 0.99999040 0.00394600
vn -0.00060400 0.99999946 0.00090300
vn -0.00046800 0.99999946 0.00098500
vn -0.00158400 -0.99999845 -0.00081900
vn 0.00194500 -0.99999797 0.00058900
vn 0.00188600 -0.99999797 0.00070000
vn -0.00065000 -0.99999934 -0.00095400
vn 0.00194800 -0.99999803 0.00044000
vn -0.00254500 -0.99999619 -0.00109900
vn -0.00641300 -0.99997008 -0.00434100
vn -0.01192600 -0.99990588 -0.00678500
vn -0.02839899 -0.99919468 -0.02834799
vn -0.04812999 -0.99841583 -0.02914599
vn -0.05877499 -0.99798280 -0.02399800
vn -0.01575601 -0.99985856 -0.00589000
vn -0.06574603 -0.99783641 -0.00033600
vn -0.01792701 -0.99983937 -0.00012500
vn -0.01763500 -0.99983823 -0.00356100
vn -0.06524202 -0.99777836 -0.01348900
vn -0.00301800 -0.99999553 -0.00003100
vn -0.00306500 -0.99999517 -0.00057700
vn 0.00202500 -0.99999797 0.00000300
vn 0.00202300 -0.99999797 0.00023500
vn -0.00082500 -0.99999785 0.00191900
vn 0.00057500 -0.99999923 -0.00115200
vn 0.00079400 -0.99999911 -0.00113600
vn -0.00093800 -0.99999899 0.00112200
vn 0.00035100 -0.99999934 -0.00113700
vn -0.00103500 -0.99999583 0.00272000
vn -0.00451400 -0.99996495 0.00705400
vn -0.00716800 -0.99989033 0.01296700
vn -0.02957500 -0.99911290 0.02998000
vn -0.03057700 -0.99821585 0.05128500
vn -0.02478899 -0.99771452 0.06285897
vn -0.00597200 -0.99984097 0.01680500
vn 0.00023600 -0.99739444 0.07214104
vn 0.00024500 -0.99981135 0.01942201
vn -0.00346300 -0.99981719 0.01880600
vn -0.01342000 -0.99744415 0.07017802
vn 0.00003200 -0.99999493 0.00317700
vn -0.00049600 -0.99999493 0.00313700
vn -0.00002500 -0.99999934 -0.00115500
vn 0.00014400 -0.99999934 -0.00115100
vn -0.00689300 0.99997550 -0.00120900
vn -0.00184600 0.99999833 -0.00021300
vn -0.00184500 0.99999833 -0.00000600
vn -0.00690300 0.99997622 -0.00002900
vn -0.00177400 0.99999833 -0.00040800
vn -0.00618700 0.99997854 -0.00220200
vn -0.02143101 0.99977034 -0.00009600
vn -0.02114499 0.99976760 -0.00421100
vn -0.06827497 0.99766654 -0.00026900
vn -0.06791304 0.99759245 -0.01404301
vn -0.06179499 0.99777180 -0.02515599
vn -0.01919201 0.99979049 -0.00712000
vn -0.03056601 0.99907053 -0.03039701
vn -0.00892700 0.99994308 -0.00585200
vn -0.01500500 0.99985325 -0.00827100
vn -0.05116602 0.99820834 -0.03102001
vn -0.00382900 0.99998951 -0.00254100
vn -0.00499300 0.99998510 -0.00220500
vn -0.00147300 0.99999881 -0.00056600
vn -0.00166300 0.99999857 -0.00054200
vn 0.00803400 0.99996650 0.00159000
vn 0.00221200 0.99999756 0.00034200
vn 0.00224400 0.99999756 0.00001100
vn 0.00853600 0.99996364 0.00003400
vn 0.00153200 0.99999869 0.00056600
vn 0.00678600 0.99997300 0.00282700
vn 0.02730800 0.99962711 0.00011500
vn 0.02674502 0.99962854 0.00525300
vn 0.08512405 0.99637038 0.00015100
vn 0.08425300 0.99630100 0.01690700
vn 0.07924604 0.99632841 0.03240101
vn 0.02460501 0.99964756 0.00997100
vn 0.05774802 0.99665248 0.05787202
vn 0.01752300 0.99969512 0.01739600
vn 0.02148400 0.99967015 0.01407400
vn 0.07029902 0.99645138 0.04629001
vn 0.00444500 0.99997979 0.00455800
vn 0.00561200 0.99997705 0.00380800
vn 0.00088200 0.99999923 0.00094900
vn 0.00113100 0.99999911 0.00083300
vn 0.00273600 -0.99999404 0.00211800
vn -0.00135100 -0.99999875 -0.00089500
vn -0.00105700 -0.99999899 -0.00100800
vn 0.00233000 -0.99999392 0.00259900
vn -0.00183000 -0.99999821 -0.00057800
vn 0.00312500 -0.99999398 0.00154500
vn 0.01566700 -0.99975479 0.01565499
vn 0.01900101 -0.99974054 0.01256501
vn 0.05646800 -0.99679810 0.05661300
vn 0.06858004 -0.99662352 0.04515003
vn 0.07708202 -0.99652612 0.03153001
vn 0.02153401 -0.99972922 0.00882500
vn 0.08202403 -0.99663037 0.00014300
vn 0.02333999 -0.99972767 0.00012900
vn 0.02309799 -0.99972260 0.00461100
vn 0.08162000 -0.99652898 0.01637600
vn 0.00374600 -0.99999303 0.00006600
vn 0.00357800 -0.99999326 0.00089800
vn -0.00252900 -0.99999684 0.00000400
vn -0.00254800 -0.99999672 -0.00035700
vn 0.00344400 -0.99999380 -0.00075100
vn -0.00259400 -0.99999660 0.00036100
vn -0.00183800 -0.99999809 0.00064600
vn 0.00296300 -0.99999481 -0.00133800
vn 0.02219399 -0.99974471 -0.00423700
vn 0.07894196 -0.99675959 -0.01544599
vn 0.07223498 -0.99695480 -0.02938299
vn 0.01995900 -0.99976909 -0.00796700
vn 0.05085203 -0.99741751 -0.05072002
vn 0.01388900 -0.99981022 -0.01366200
vn 0.01712300 -0.99979103 -0.01116600
vn 0.06273599 -0.99718595 -0.04104300
vn 0.00214200 -0.99999529 -0.00224000
vn 0.00252300 -0.99999517 -0.00182800
vn -0.00108900 -0.99999869 0.00121300
vn -0.00139100 -0.99999857 0.00105000
vn 0.00121500 0.99998283 -0.00574200
vn 0.00019000 0.99999917 -0.00132700
vn 0.00002600 0.99999911 -0.00134400
vn 0.00010600 0.99998367 -0.00572400
vn 0.00042100 0.99999911 -0.00126700
vn 0.00227000 0.99998218 -0.00553900
vn 0.00037200 0.99979872 -0.02006199
vn 0.00433900 0.99978572 -0.02024399
vn 0.00052000 0.99773145 -0.06731903
vn 0.01440001 0.99758345 -0.06797003
vn 0.02744999 0.99745584 -0.06579100
vn 0.00831200 0.99977225 -0.01965901
vn 0.05297202 0.99719435 -0.05289102
vn 0.01617001 0.99974233 -0.01593301
vn 0.01213000 0.99975985 -0.01825200
vn 0.04031099 0.99733675 -0.06078199
vn 0.00449800 0.99997956 -0.00456800
vn 0.00335400 0.99998105 -0.00517600
vn 0.00090800 0.99999911 -0.00107400
vn 0.00064900 0.99999911 -0.00120700
vn 0.70699728 -0.03452202 -0.70637327
vn 0.83508509 -0.03449700 -0.54903805
vn 0.83508235 0.03448201 -0.54904324
vn 0.70699668 0.03450499 -0.70637465
vn 0.92540735 -0.03445901 -0.37740418
vn 0.92540920 0.03443101 -0.37740213
vn 0.98033267 -0.03441899 -0.19432795
vn 0.98033392 0.03441500 -0.19432200
vn 0.99940729 -0.03442601 -0.00009800
vn 0.99940747 0.03442001 -0.00009800
vn -0.70633692 -0.03259600 -0.70712495
vn -0.55730098 -0.03276100 -0.82966399
vn -0.55728793 0.03305900 -0.82966089
vn -0.70633197 0.03291999 -0.70711488
vn -0.38825202 -0.03325601 -0.92095304
vn -0.38821387 0.03346199 -0.92096162
vn -0.20046808 -0.03381801 -0.97911644
vn -0.20044103 0.03392800 -0.97911811
vn 0.00317400 -0.03424098 -0.99940860
vn 0.00320200 0.03428300 -0.99940705
vn -0.70641702 -0.03259500 0.70704502
vn -0.82948577 -0.03273199 0.55756783
vn -0.82948929 0.03267701 0.55756611
vn -0.70641887 0.03253699 0.70704585
vn -0.91971129 -0.03322501 0.39118710
vn -0.91970843 0.03318502 0.39119714
vn -0.97823203 -0.03376400 0.20474902
vn -0.97822905 0.03376601 0.20476301
vn -0.99941176 -0.03402399 -0.00430800
vn -0.99941087 0.03405100 -0.00429100
vn 0.70689666 -0.03455098 0.70647252
vn 0.54943621 -0.03449601 0.83482331
vn 0.54943401 0.03449000 0.83482504
vn 0.70689636 0.03456001 0.70647234
vn 0.38020101 -0.03442500 0.92426300
vn 0.38019815 0.03442201 0.92426431
vn 0.19852008 -0.03436201 0.97949433
vn 0.19851895 0.03435799 0.97949475
vn 0.00037700 -0.03418701 0.99941540
vn 0.00036900 0.03417100 0.99941599
vn 0.19851895 0.03435799 0.97949475
vn 0.19852008 -0.03436201 0.97949433
vn -0.20013002 -0.03377301 0.97918713
vn -0.20013304 0.03374701 0.97918737
vn -0.38607615 -0.03322601 0.92186838
vn -0.38608190 0.03317399 0.92186785
vn -0.55532622 -0.03275601 0.83098739
vn -0.55533093 0.03270799 0.83098596
vn 0.98046464 -0.03441298 0.19366193
vn 0.98046464 0.03440699 0.19366293
vn 0.92597622 -0.03443801 0.37600815
vn 0.92597604 0.03444401 0.37600803
vn 0.83593762 -0.03450498 0.54773885
vn 0.83593857 0.03449898 0.54773772
vn 0.20332003 -0.03439600 -0.97850806
vn 0.20332405 0.03439700 -0.97850716
vn 0.38453224 -0.03442202 -0.92246956
vn 0.38453209 0.03440901 -0.92247015
vn 0.55178010 -0.03446401 -0.83327729
vn 0.55177921 0.03445201 -0.83327842
vn -0.97654790 -0.03378000 -0.21263397
vn -0.97654623 0.03387701 -0.21262604
vn -0.91720742 -0.03324002 -0.39702114
vn -0.91721994 0.03343100 -0.39697596
vn -0.82746363 -0.03276198 -0.56056279
vn -0.82746983 0.03302899 -0.56053787
vn -0.02946600 0.99838704 -0.04852900
vn -0.00761300 0.99987972 -0.01351500
vn -0.00576900 0.99994963 -0.00822300
vn -0.02308501 0.99802846 -0.05836402
vn -0.00614800 0.99983341 -0.01719001
vn -0.00180200 0.99998575 -0.00503400
vn -0.00186000 0.99998999 -0.00408700
vn -0.00238200 0.99999225 -0.00314700
vn -0.01228800 0.99780536 -0.06506602
vn -0.00345000 0.99980855 -0.01926199
vn -0.00084100 0.99998397 -0.00560500
vn -0.00013000 0.99999911 -0.00133700
vn -0.00032200 0.99999917 -0.00127900
vn -0.00044800 0.99999923 -0.00123000
vn -0.00061400 0.99999923 -0.00115800
vn 0.06541000 0.99694079 -0.04278699
vn 0.02004201 0.99971455 -0.01300901
vn 0.07540203 0.99668241 -0.03063801
vn 0.02344899 0.99968177 -0.00930200
vn 0.00671100 0.99997383 -0.00273200
vn 0.00555600 0.99997765 -0.00373300
vn 0.08229004 0.99647850 -0.01609401
vn 0.02610200 0.99964708 -0.00494900
vn 0.00797000 0.99996722 -0.00146800
vn 0.00223300 0.99999744 -0.00032300
vn 0.00156800 0.99999857 -0.00060100
vn 0.00114800 0.99999899 -0.00092600
vn 0.04388200 0.99681288 0.06662199
vn 0.01308501 0.99971849 0.01979201
vn 0.02952700 0.99699086 0.07167599
vn 0.00882100 0.99973893 0.02107900
vn 0.00217300 0.99998343 0.00533200
vn 0.00326500 0.99998182 0.00507700
vn 0.01518500 0.99717271 0.07359397
vn 0.00449000 0.99975884 0.02149699
vn 0.00112600 0.99998468 0.00543000
vn 0.00016800 0.99999946 0.00104500
vn 0.00038400 0.99999946 0.00101600
vn 0.00060600 0.99999934 0.00100100
vn -0.05096198 0.99822164 0.03092699
vn -0.01484299 0.99985665 0.00815900
vn -0.00885900 0.99994320 0.00593100
vn -0.06132799 0.99781483 0.02458699
vn -0.01899799 0.99979556 0.00692700
vn -0.00618700 0.99997854 0.00218700
vn -0.00492200 0.99998587 0.00205200
vn -0.00371000 0.99999005 0.00250000
vn -0.06753397 0.99762660 0.01342899
vn -0.02102200 0.99977094 0.00401600
vn -0.00686700 0.99997586 0.00113900
vn -0.00184900 0.99999827 0.00020000
vn -0.00175500 0.99999845 0.00040100
vn -0.00167600 0.99999857 0.00044400
vn -0.00150700 0.99999881 0.00053200
vn 0.00067100 -0.99999458 0.00323700
vn -0.00019400 -0.99999934 -0.00113900
vn -0.00045200 -0.99999934 -0.00110000
vn 0.00125000 -0.99999428 0.00316900
vn 0.00410400 -0.99979824 0.01966400
vn 0.01501200 -0.99723494 0.07278199
vn 0.02910401 -0.99707443 0.07068003
vn 0.00802700 -0.99978286 0.01923300
vn 0.01181300 -0.99976909 0.01795300
vn 0.04307903 -0.99692655 0.06543604
vn 0.00180600 -0.99999392 0.00297400
vn -0.00071900 -0.99999923 -0.00108300
vn -0.00301400 -0.99999541 0.00052100
vn 0.00203100 -0.99999797 -0.00021900
vn 0.00197300 -0.99999797 -0.00042300
vn -0.00247900 -0.99999642 0.00105800
vn -0.01745500 -0.99984217 0.00332200
vn -0.06471901 -0.99782228 0.01273100
vn -0.05832101 -0.99802417 0.02337701
vn -0.01550000 -0.99986368 0.00569100
vn -0.00640600 -0.99996865 0.00466600
vn -0.01176800 -0.99990797 0.00675600
vn -0.04821601 -0.99840623 0.02933101
vn -0.00062900 -0.99999923 0.00110300
vn -0.00152700 -0.99999857 0.00085800
vn 0.00196100 -0.99999797 -0.00061700
vn 0.00198000 -0.99999797 -0.00053100
vn -0.00375600 -0.99998444 0.00414000
vn 0.00015200 -1.00000000 0.00013100
vn 0.00092100 -0.99999958 -0.00027900
vn 0.00044300 -0.99999994 0.00012200
vn 0.00103700 -0.99999887 -0.00111800
vn 0.00143600 -0.99999857 -0.00089900
vn 0.00188400 -0.99999797 -0.00071600
vn -0.00168400 0.99999684 0.00190100
vn -0.00074500 0.99999946 0.00081900
vn -0.00100700 0.99999934 0.00064600
vn -0.00155800 0.99999785 0.00135300
vn -0.00585900 0.99996728 0.00559200
vn -0.00234500 0.99999630 0.00145100
vn -0.00136000 0.99999899 0.00051400
vn -0.00578900 0.99996835 -0.00546600
vn -0.00177200 0.99999642 -0.00199600
vn -0.00161700 0.99999756 -0.00155200
vn -0.00239100 0.99999601 -0.00154900
vn -0.00075800 0.99999923 -0.00100900
vn -0.00096200 0.99999923 -0.00077000
vn -0.00134100 0.99999899 -0.00060700
vn -0.00041100 -0.99999654 -0.00260900
vn 0.00014300 -0.99999887 0.00150700
vn -0.00003500 -0.99999887 0.00151200
vn 0.00005500 -0.99999642 -0.00267100
vn 0.00035200 -0.99999887 0.00146400
vn -0.00090000 -0.99999720 -0.00219200
vn 0.00033700 -0.99986333 -0.01653400
vn -0.00289300 -0.99987036 -0.01584501
vn 0.00048200 -0.99803090 -0.06272300
vn -0.01149200 -0.99809837 -0.06056102
vn -0.02169000 -0.99827605 -0.05454001
vn -0.00513200 -0.99988705 -0.01412700
vn -0.00423700 -0.99997211 -0.00615800
vn -0.00630800 -0.99991995 -0.01097200
vn -0.02765301 -0.99858147 -0.04550203
vn -0.00089900 -0.99999934 -0.00077800
vn -0.00074600 -0.99999869 -0.00148000
vn 0.00076000 -0.99999869 0.00144700
vn 0.00053700 -0.99999881 0.00146800
vn -0.00361000 -0.99998701 -0.00361100
vn 0.00041600 -0.99999994 0.00001700
vn 0.00077400 -0.99999958 0.00053000
vn 0.00015700 -1.00000000 0.00014000
vn 0.00184300 -0.99999797 0.00082800
vn 0.00136700 -0.99999857 0.00108400
vn 0.00100600 -0.99999857 0.00138100
vn 0.03864900 -0.99756610 -0.05803701
vn 0.01043600 -0.99982411 -0.01558600
vn 0.02610200 -0.99771601 -0.06230200
vn 0.00712700 -0.99983692 -0.01659900
vn 0.00114600 -0.99999571 -0.00272200
vn 0.00166600 -0.99999541 -0.00255900
vn 0.01363199 -0.99787259 -0.06375297
vn 0.00368800 -0.99985081 -0.01687500
vn 0.00064100 -0.99999601 -0.00276100
vn -0.00021100 -0.99999887 0.00148500
vn -0.00048500 -0.99999899 0.00140200
vn -0.00073600 -0.99999887 0.00135000
vn -0.14612599 0.96390486 0.22256395
vn -0.17533091 0.96873367 0.17553993
vn -0.11003598 0.95836174 0.26350498
vn -0.05796802 0.95702732 0.28414509
vn -0.00022800 0.95659935 0.29140612
vn -0.00012200 0.69011384 0.72370082
vn -0.14642899 0.68958086 0.70925087
vn -0.27915105 0.69120508 0.66656607
vn -0.39773494 0.69938695 0.59385598
vn -0.50083607 0.70551699 0.50140709
vn -0.27686504 -0.95903617 -0.05996201
vn -0.28174791 -0.95948780 -0.00120600
vn -0.25753808 -0.95988131 -0.11091403
vn -0.21768099 -0.96521091 -0.14485498
vn -0.17152794 -0.97010368 -0.17168896
vn -0.49928695 -0.70794594 -0.49952498
vn -0.58995700 -0.70113409 -0.40045202
vn -0.66150337 -0.69317240 -0.28622618
vn -0.70452911 -0.69265813 -0.15447804
vn -0.71923703 -0.69475794 -0.00309300
vn -0.05799102 -0.95695025 0.28440008
vn -0.00022600 -0.95652109 0.29166302
vn -0.11002498 -0.95834875 0.26355693
vn -0.14571401 -0.96407419 0.22210003
vn -0.17429100 -0.96909708 0.17456700
vn -0.50033796 -0.70610893 0.50107092
vn -0.39750201 -0.69971198 0.59362900
vn -0.27907988 -0.69127369 0.66652471
vn -0.14641407 -0.68957430 0.70926034
vn -0.00012000 -0.69008726 0.72372621
vn -0.22049597 0.96430093 -0.14664699
vn -0.17401598 0.96921492 -0.17418699
vn -0.25998098 0.95910800 -0.11190100
vn -0.27850997 0.95854092 -0.06026199
vn -0.28298005 0.95912516 -0.00112200
vn -0.71965754 0.69432259 -0.00303600
vn -0.70504624 0.69213223 -0.15447608
vn -0.66220278 0.69239682 -0.28648591
vn -0.59088582 0.70004475 -0.40098792
vn -0.50014275 0.70670170 -0.50042975
vn 0.25676909 0.95174229 0.16809607
vn 0.21469201 0.95290899 0.21417700
vn 0.28652215 0.95099139 0.11627805
vn 0.30366111 0.95088536 0.06005902
vn 0.30815205 0.95133722 0.00004200
vn 0.72972488 0.68374091 -0.00001600
vn 0.71669436 0.68290526 0.14138506
vn 0.67671329 0.68315536 0.27451411
vn 0.60997987 0.68452787 0.39918190
vn 0.51459223 0.68659139 0.51360226
vn 0.30215713 -0.95138037 0.05980302
vn 0.30619797 -0.95196790 0.00008700
vn 0.28526402 -0.95142907 0.11578901
vn 0.25576311 -0.95212644 0.16745308
vn 0.21394305 -0.95323831 0.21346006
vn 0.51428014 -0.68700314 0.51336414
vn 0.60958511 -0.68498713 0.39899713
vn 0.67626101 -0.68365407 0.27438700
vn 0.71618640 -0.68344247 0.14136308
vn 0.72907102 -0.68443805 0.00005600
vn 0.24815297 -0.95496291 -0.16268396
vn 0.20657605 -0.95650417 -0.20597604
vn 0.27903789 -0.95354265 -0.11355297
vn 0.29875100 -0.95251292 -0.05888100
vn 0.71491385 -0.68474090 -0.14152098
vn 0.67388952 -0.68599856 -0.27437025
vn 0.60649019 -0.68814212 -0.39828405
vn 0.51198220 -0.69063520 -0.51078117
vn 0.16161500 0.95632511 -0.24356301
vn 0.20826995 0.95576274 -0.20770495
vn 0.11172094 0.95694953 -0.26789188
vn 0.05844997 0.95793062 -0.28098488
vn 0.00069900 0.95914030 -0.28293011
vn 0.00199400 0.69393498 -0.72003502
vn 0.14675094 0.69156182 -0.70725274
vn 0.27870697 0.69000286 -0.66799587
vn 0.40011007 0.68952513 -0.60371113
vn 0.51263297 0.68966490 -0.51143903
vn -0.05598403 0.95969445 -0.27541313
vn -0.10715398 0.96083885 -0.25555196
vn -0.14373802 0.96539408 -0.21760903
vn -0.39773297 0.70199001 -0.59077793
vn -0.27932411 0.69491529 -0.66262424
vn -0.14577805 0.69364727 -0.70540929
vn 0.30105102 0.95175815 -0.05937001
vn 0.28130808 0.95276427 -0.11448204
vn 0.25020003 0.95420104 -0.16401301
vn 0.60724497 0.68719792 -0.39876401
vn 0.67466831 0.68509638 -0.27471018
vn 0.71567601 0.68390203 -0.14172499
vn 0.05877402 0.95536339 0.28952813
vn 0.11389299 0.95423096 0.27653497
vn 0.16606809 0.95345449 0.25168616
vn 0.40016794 0.68620688 0.60744196
vn 0.27683192 0.68662387 0.67224389
vn 0.14393206 0.68807036 0.71122628
vn -0.27810493 0.95879781 0.05800299
vn -0.25950709 0.95945930 0.10997304
vn -0.22086401 0.96430612 0.14605799
vn -0.59248304 0.69972402 0.39918703
vn -0.66379613 0.69253212 0.28244302
vn -0.70603937 0.69232136 0.14899509
vn 0.16566896 -0.95366770 0.25114095
vn 0.11377297 -0.95431781 0.27628493
vn 0.05876302 -0.95535129 0.28957009
vn 0.14390507 -0.68814325 0.71116126
vn 0.27672401 -0.68681502 0.67209297
vn 0.39996797 -0.68653399 0.60720402
vn -0.21899410 -0.96490538 0.14491107
vn -0.25744107 -0.96012032 0.10905503
vn -0.27645099 -0.95930511 0.05752101
vn -0.70539385 -0.69301486 0.14882897
vn -0.66301101 -0.69342101 0.28210601
vn -0.59173787 -0.70058388 0.39878395
vn -0.14161702 -0.96647710 -0.21416503
vn -0.10539495 -0.96219867 -0.25112891
vn -0.05509201 -0.96116823 -0.27040809
vn 0.00064900 -0.96062869 -0.27783492
vn 0.00193700 -0.69595593 -0.71808189
vn -0.14553003 -0.69560909 -0.70352614
vn -0.27878004 -0.69670206 -0.66097504
vn -0.39701596 -0.70346290 -0.58950692
vn 0.05761101 -0.95925128 -0.27661905
vn 0.11039405 -0.95802432 -0.26458013
vn 0.16015700 -0.95717198 -0.24118802
vn 0.39952093 -0.69064289 -0.60282290
vn 0.27822793 -0.69143474 -0.66671377
vn 0.14637502 -0.69334900 -0.70557892
vn 0.95088941 -0.24553409 -0.18847409
vn 0.96935433 -0.24566706 -0.00009000
vn 0.89759505 -0.24566902 -0.36601904
vn 0.80992490 -0.24602298 -0.53244185
vn 0.68558329 -0.24643409 -0.68501526
vn 0.51198220 -0.69063520 -0.51078117
vn 0.60649019 -0.68814212 -0.39828405
vn 0.67388952 -0.68599856 -0.27437025
vn 0.71491385 -0.68474090 -0.14152098
vn 0.72907102 -0.68443805 0.00005600
vn 0.80998319 0.24574806 -0.53248018
vn 0.68562394 0.24619098 -0.68506187
vn 0.89766645 0.24536312 -0.36604917
vn 0.95094466 0.24530615 -0.18849212
vn 0.96940923 0.24545006 -0.00008900
vn 0.72972488 0.68374091 -0.00001600
vn 0.71567601 0.68390203 -0.14172499
vn 0.67466831 0.68509638 -0.27471018
vn 0.60724497 0.68719792 -0.39876401
vn 0.51263297 0.68966490 -0.51143903
vn -0.19498491 -0.24384987 -0.95000958
vn 0.00291200 -0.24552006 -0.96938717
vn -0.37728813 -0.24175206 -0.89398527
vn -0.54153502 -0.24017197 -0.80564100
vn -0.68617880 -0.23939395 -0.68691289
vn -0.49928695 -0.70794594 -0.49952498
vn -0.39701596 -0.70346290 -0.58950692
vn -0.27878004 -0.69670206 -0.66097504
vn -0.14553003 -0.69560909 -0.70352614
vn 0.00193700 -0.69595593 -0.71808189
vn -0.54142010 0.24068806 -0.80556417
vn -0.68607289 0.24005798 -0.68678689
vn -0.37716827 0.24207418 -0.89394867
vn -0.19488692 0.24396293 -0.95000070
vn 0.00296600 0.24542502 -0.96941113
vn 0.00199400 0.69393498 -0.72003502
vn -0.14577805 0.69364727 -0.70540929
vn -0.27932411 0.69491529 -0.66262424
vn -0.39773297 0.70199001 -0.59077793
vn -0.50014275 0.70670170 -0.50042975
vn -0.94919473 -0.24371591 0.19907792
vn -0.96946728 -0.24518509 -0.00417700
vn -0.89285040 -0.24148314 0.38013721
vn -0.80553699 -0.23989801 0.54181105
vn -0.68625098 -0.23941903 0.68683201
vn -0.50033796 -0.70610893 0.50107092
vn -0.59173787 -0.70058388 0.39878395
vn -0.66301101 -0.69342101 0.28210601
vn -0.70539385 -0.69301486 0.14882897
vn -0.71923703 -0.69475794 -0.00309300
vn -0.80560195 0.23958495 0.54185295
vn -0.68630117 0.23912807 0.68688321
vn -0.89292181 0.24112597 0.38019595
vn -0.94927192 0.24337097 0.19913197
vn -0.96950895 0.24502100 -0.00413600
vn -0.71965754 0.69432259 -0.00303600
vn -0.70603937 0.69232136 0.14899509
vn -0.66379613 0.69253212 0.28244302
vn -0.59248304 0.69972402 0.39918703
vn -0.50083607 0.70551699 0.50140709
vn 0.19246912 -0.24533412 0.95014048
vn 0.00018500 -0.24515595 0.96948367
vn 0.36873192 -0.24546893 0.89653873
vn 0.19246912 -0.24533412 0.95014048
vn 0.53281403 -0.24591102 0.80971408
vn 0.68546122 -0.24660408 0.68507624
vn 0.51428014 -0.68700314 0.51336414
vn 0.39996797 -0.68653399 0.60720402
vn 0.27672401 -0.68681502 0.67209297
vn 0.14390507 -0.68814325 0.71116126
vn -0.00012000 -0.69008726 0.72372621
vn 0.14390507 -0.68814325 0.71116126
vn 0.53283489 0.24571592 0.80975968
vn 0.68548566 0.24645986 0.68510360
vn 0.36875081 0.24527688 0.89658356
vn 0.19247590 0.24513090 0.95019150
vn 0.00017500 0.24492995 0.96954083
vn 0.19247590 0.24513090 0.95019150
vn -0.00012200 0.69011384 0.72370082
vn 0.14393206 0.68807036 0.71122628
vn 0.27683192 0.68662387 0.67224389
vn 0.14393206 0.68807036 0.71122628
vn 0.40016794 0.68620688 0.60744196
vn 0.51459223 0.68659139 0.51360226
vn -0.53962308 -0.24006401 0.80695504
vn -0.37514725 -0.24159013 0.89492959
vn -0.19465595 -0.24349993 0.95016682
vn -0.14641407 -0.68957430 0.70926034
vn -0.27907988 -0.69127369 0.66652471
vn -0.39750201 -0.69971198 0.59362900
vn -0.19467995 0.24323495 0.95022976
vn -0.37518388 0.24128793 0.89499569
vn -0.53967088 0.23974195 0.80701882
vn -0.39773494 0.69938695 0.59385598
vn -0.27915105 0.69120508 0.66656607
vn -0.14642899 0.68958086 0.70925087
vn 0.81075579 -0.24606192 0.53115779
vn 0.89817041 -0.24557813 0.36466613
vn 0.95103174 -0.24546492 0.18784495
vn 0.71618640 -0.68344247 0.14136308
vn 0.67626101 -0.68365407 0.27438700
vn 0.60958511 -0.68498713 0.39899713
vn 0.95108294 0.24526398 0.18784800
vn 0.89820361 0.24543718 0.36467925
vn 0.81078911 0.24590805 0.53117812
vn 0.60997987 0.68452787 0.39918190
vn 0.67671329 0.68315536 0.27451411
vn 0.71669436 0.68290526 0.14138506
vn 0.53511596 -0.24580197 -0.80822796
vn 0.37296391 -0.24549694 -0.89477885
vn 0.19714898 -0.24552196 -0.94913191
vn 0.14637502 -0.69334900 -0.70557892
vn 0.27822793 -0.69143474 -0.66671377
vn 0.39952093 -0.69064289 -0.60282290
vn 0.19718705 0.24532707 -0.94917428
vn 0.37299517 0.24525411 -0.89483249
vn 0.53515416 0.24553005 -0.80828518
vn 0.40011007 0.68952513 -0.60371113
vn 0.27870697 0.69000286 -0.66799587
vn 0.14675094 0.69156182 -0.70725274
vn -0.80355000 -0.23998098 -0.54471701
vn -0.89038438 -0.24161811 -0.38579315
vn -0.94754732 -0.24377607 -0.20670608
vn -0.70452911 -0.69265813 -0.15447804
vn -0.66150337 -0.69317240 -0.28622618
vn -0.58995700 -0.70113409 -0.40045202
vn -0.94755304 0.24381903 -0.20662899
vn -0.89033431 0.24199709 -0.38567114
vn -0.80348891 0.24047795 -0.54458791
vn -0.59088582 0.70004475 -0.40098792
vn -0.66220278 0.69239682 -0.28648591
vn -0.70504624 0.69213223 -0.15447608
vn -1.00000000 0.00000700 0.00000400
vn -1.00000000 0.00000100 0.00000500
vn -1.00000000 -0.00000200 0.00000300
vn -1.00000000 0.00000100 0.00000000
vn -1.00000000 0.00001000 0.00000300
vn -1.00000000 0.00000100 0.00000700
vn -1.00000000 0.00001000 0.00000300
vn -1.00000000 -0.00000700 0.00000300
vn -1.00000000 0.00000000 0.00000300
vn -1.00000000 0.00000100 0.00000100
vn -1.00000000 0.00000000 -0.00000200
vn -1.00000000 0.00001600 -0.00000100
vn -1.00000000 -0.00001700 0.00000300
vn -1.00000000 0.00000100 0.00000300
vn -1.00000000 -0.00001500 -0.00000200
vn 0.00000000 0.00000000 -1.00000000
vn 0.00000000 0.00000200 -1.00000000
vn -0.00000200 -0.00000900 -1.00000000
vn 0.00000100 0.00000000 -1.00000000
vn 0.00000000 0.00000000 -1.00000000
vn -0.00000100 0.00000600 -1.00000000
vn 0.00000000 0.00000000 -1.00000000
vn 0.00000000 0.00000800 -1.00000000
vn 0.00000000 -0.00000700 -1.00000000
vn -0.16743308 -0.00000500 0.98588347
vn -0.71722335 -0.00000200 0.69684339
vn -0.71722239 0.00000000 0.69684440
vn -0.16743308 0.00000000 0.98588347
vn -0.16744508 -0.00000300 0.98588145
vn -0.71723181 0.00000000 0.69683474
vn 0.00000000 -0.00000500 1.00000000
vn 0.00000000 -0.00000500 1.00000000
vn 0.00000000 0.00000000 1.00000000
vn 0.00000000 0.99462092 -0.10358199
vn 0.00000000 0.79826003 -0.60231298
vn -0.00000300 0.79830217 -0.60225713
vn -0.00001800 0.99463153 -0.10348006
vn -0.00000700 1.00000000 0.00000500
vn -0.00005800 1.00000000 0.00012300
vn 0.00000000 -0.99207878 0.12561697
vn 0.00000000 -0.75994015 0.64999312
vn 0.00000000 -0.75993961 0.64999366
vn 0.00000000 -0.99207878 0.12561697
vn 0.00000000 -1.00000000 0.00000000
vn 0.00000000 -1.00000000 0.00000000
vn 0.00000000 0.99207878 0.12561697
vn 0.00000000 0.75994980 0.64998180
vn 0.00000000 0.75994980 0.64998180
vn 0.00000000 0.99207878 0.12561697
vn 0.00000000 0.99207878 0.12561697
vn 0.00000000 0.75994980 0.64998180
vn 0.00000000 1.00000000 0.00000100
vn 0.00000000 1.00000000 0.00000100
vn 0.00000000 1.00000000 0.00000100
vn -0.13149595 -0.99131668 0.00000000
vn -0.66095108 -0.75042897 0.00000000
vn -0.66095430 -0.75042623 0.00000000
vn -0.13149595 -0.99131668 0.00000000
vn -0.13149595 -0.99131668 0.00000000
vn -0.66095370 -0.75042671 0.00000000
vn 0.00000000 -1.00000000 0.00000000
vn 0.00000000 -1.00000000 0.00000000
vn 0.00000000 -1.00000000 0.00000000
vn -0.98819339 0.00000200 0.15321207
vn -0.71722335 -0.00000200 0.69684339
vn -0.71723181 0.00000000 0.69683474
vn -0.98819339 0.00000000 0.15321207
vn -0.98819304 -0.00000200 0.15321401
vn -0.71722239 0.00000000 0.69684440
vn -1.00000000 0.00000300 0.00000100
vn -1.00000000 -0.00001100 0.00000300
vn -1.00000000 0.00000700 0.00000600
vn -0.00001500 1.00000000 -0.00000100
vn -0.00001600 1.00000000 0.00000000
vn -0.00012000 1.00000000 -0.00000400
vn -0.00010600 1.00000000 -0.00005400
vn -0.00000600 1.00000000 -0.00000400
vn -0.00004800 1.00000000 -0.00007600
vn 0.00000000 -1.00000000 0.00000000
vn 0.00000000 -1.00000000 0.00000000
vn 0.00000000 -1.00000000 0.00000000
vn 0.00000000 -1.00000000 0.00000000
vn 0.00000000 -1.00000000 0.00000000
vn 0.00000000 -1.00000000 0.00000000
vn 0.00000000 -1.00000000 0.00000000
vn 0.00000000 -1.00000000 0.00000000
vn 0.00000000 -1.00000000 0.00000000
vn -0.00000100 0.00000100 -1.00000000
vn 0.00000000 0.00000000 -1.00000000
vn 0.00000000 -0.00000700 -1.00000000
vn -0.00000100 0.00000000 -1.00000000
vn -0.00000100 0.00000000 -1.00000000
vn 0.00000100 0.00000800 -1.00000000
vn 0.00000000 0.00000000 -1.00000000
vn 0.00000000 0.00000800 -1.00000000
vn 0.00000000 -0.00000700 -1.00000000
vn 0.00000000 -0.00000500 1.00000000
vn 0.00000000 -0.00000500 1.00000000
vn 0.00000000 0.00000000 1.00000000
vn 0.00000000 0.00000000 1.00000000
vn 0.00000000 -0.00000500 1.00000000
vn 0.00000000 -0.00000500 1.00000000
vn 0.00000000 -0.00000500 1.00000000
vn 0.00000000 -0.00000500 1.00000000
vn 0.00000000 0.00000000 1.00000000
vn 0.00000000 0.99207878 0.12561697
vn 0.00000000 0.75994980 0.64998180
vn 0.00000000 0.75994980 0.64998180
vn 0.00000000 0.99207878 0.12561697
vn 0.00000000 1.00000000 0.00000100
vn 0.00000000 1.00000000 0.00000100
vn -0.20062000 -0.00000200 -0.97966909
vn -0.75799012 0.00000000 -0.65226609
vn -0.75799012 0.00000000 -0.65226609
vn -0.20062000 0.00000000 -0.97966909
vn -0.20061791 0.00000200 -0.97966957
vn -0.75799012 0.00000000 -0.65226609
vn -0.00000300 -0.00000300 -1.00000000
vn 0.00000000 0.00001100 -1.00000000
vn 0.00000100 -0.00000700 -1.00000000
vn 0.00000000 0.00000000 -1.00000000
vn 0.00000000 0.00000000 -1.00000000
vn -0.00000100 0.00000000 -1.00000000
vn -0.99192566 -0.00000100 -0.12682097
vn -0.75799012 0.00000000 -0.65226609
vn -0.75799012 0.00000000 -0.65226609
vn -0.99192578 0.00000000 -0.12681998
vn -0.99192554 0.00000100 -0.12682194
vn -0.75799012 0.00000000 -0.65226609
vn -1.00000000 -0.00000200 -0.00000100
vn -1.00000000 0.00000900 -0.00000200
vn -1.00000000 -0.00000800 -0.00000300
vn -1.00000000 0.00000100 -0.00000100
vn -1.00000000 -0.00000100 -0.00000100
vn -1.00000000 0.00002600 -0.00000100
vn -1.00000000 0.00000900 0.00000000
vn -1.00000000 0.00000700 0.00000000
vn -1.00000000 -0.00000600 -0.00000100
vn 0.00000700 1.00000000 -0.00035600
vn 0.00000200 1.00000000 -0.00038200
vn -0.00000700 0.99999958 -0.00088200
vn 0.00019400 0.99999958 -0.00086400
vn 0.00039000 0.99999958 -0.00078900
vn 0.00009500 0.99999994 -0.00053900
vn 0.00017700 1.00000000 -0.00028100
vn 0.00069000 0.99999970 -0.00050000
vn 0.00081900 0.99999970 -0.00016400
vn 0.00022500 1.00000000 -0.00010600
vn 0.00126000 0.99999923 -0.00036500
vn 0.00121500 0.99999934 -0.00013500
vn 0.00149000 0.99999899 -0.00013300
vn 0.00150800 0.99999887 -0.00028600
vn 0.00157200 0.99999881 -0.00001800
vn 0.00161100 0.99999869 -0.00002200
vn 0.00152200 0.99999887 0.00008800
vn 0.00146800 0.99999899 0.00022300
vn 0.00125700 0.99999923 0.00033700
vn 0.00122700 0.99999928 0.00014000
vn 0.00081800 0.99999970 0.00015100
vn 0.00073200 0.99999970 0.00045800
vn 0.00022500 0.99999988 0.00049700
vn 0.00031100 1.00000000 0.00022500
vn 0.00043800 0.99999970 0.00074300
vn 0.00011700 0.99999982 0.00071900
vn 0.00009600 0.99999970 0.00085600
vn 0.00024100 0.99999958 0.00087600
vn -0.00000100 0.99999958 0.00089000
vn 0.00000600 0.99999958 0.00089800
vn -0.00008000 0.99999970 0.00085600
vn -0.00025500 0.99999970 0.00082400
vn -0.00056800 0.99999970 0.00066700
vn -0.00018800 0.99999982 0.00068300
vn -0.00017300 0.99999994 0.00043600
vn -0.00058100 0.99999982 0.00035900
vn -0.00011100 1.00000000 0.00005700
vn -0.00096700 0.99999958 -0.00000200
vn -0.00056400 0.99999982 -0.00036500
vn -0.00014800 1.00000000 -0.00025300
vn -0.00053400 0.99999970 -0.00069500
vn -0.00016200 0.99999994 -0.00050300
vn -0.00001900 1.00000000 -0.00035300
vn -0.00024000 0.99999970 -0.00083100
vn -0.00227400 -0.99999744 0.00014300
vn -0.00241900 -0.99999708 -0.00003000
vn -0.00236100 -0.99999720 -0.00001900
vn -0.00218700 -0.99999756 0.00036700
vn -0.00184500 -0.99999821 0.00058800
vn -0.00181200 -0.99999833 0.00024300
vn -0.00117400 -0.99999934 0.00024300
vn -0.00103200 -0.99999923 0.00075100
vn -0.00026500 -0.99999994 0.00042100
vn -0.00031100 -1.00000000 0.00021200
vn -0.00058700 -0.99999911 0.00117500
vn -0.00017000 -0.99999970 0.00082200
vn -0.00000900 -0.99999994 0.00053900
vn -0.00027700 -0.99999923 0.00128400
vn 0.00001800 -0.99999911 0.00131600
vn -0.00000100 -0.99999988 0.00057100
vn 0.00002900 -0.99999994 0.00052500
vn 0.00036400 -0.99999923 0.00124100
vn 0.00080900 -0.99999923 0.00103400
vn 0.00024500 -0.99999970 0.00074800
vn 0.00022300 -1.00000000 0.00037400
vn 0.00084500 -0.99999958 0.00053500
vn 0.00016300 -1.00000000 0.00008200
vn 0.00007500 -1.00000000 0.00010500
vn 0.00143000 -0.99999899 0.00000700
vn 0.00017700 -1.00000000 0.00000600
vn 0.00016900 -1.00000000 -0.00008700
vn 0.00087100 -0.99999946 -0.00051700
vn 0.00024700 -0.99999982 -0.00068200
vn 0.00007300 -1.00000000 -0.00018500
vn 0.00084000 -0.99999923 -0.00100500
vn 0.00027800 -0.99999946 -0.00102900
vn 0.00017900 -0.99999923 -0.00125700
vn 0.00046700 -0.99999911 -0.00130100
vn 0.00002700 -0.99999911 -0.00133400
vn 0.00002000 -0.99999911 -0.00134400
vn -0.00010300 -0.99999923 -0.00129900
vn -0.00032000 -0.99999923 -0.00126200
vn -0.00068600 -0.99999923 -0.00109000
vn -0.00023400 -0.99999946 -0.00109700
vn -0.00033500 -0.99999970 -0.00074100
vn -0.00109900 -0.99999923 -0.00068900
vn -0.00126600 -0.99999923 -0.00023600
vn -0.00049500 -0.99999988 -0.00028900
vn -0.00193300 -0.99999809 -0.00048000
vn -0.00184400 -0.99999833 -0.00017200
vn -0.00225700 -0.99999744 -0.00018700
vn -0.00228600 -0.99999732 -0.00040700
vn 0.00000000 0.00000000 -1.00000000
vn 0.00000000 0.00000000 -1.00000000
vn 0.00000000 0.00000000 -1.00000000
vn 0.00000000 -0.00000500 1.00000000
vn 0.00000000 0.00000000 1.00000000
vn 0.00000000 -0.00000500 1.00000000
vn 0.00000400 -0.99462074 -0.10358398
vn 0.00000100 -0.79825956 -0.60231364
vn 0.00000500 -0.99460548 -0.10373005
vn 0.00000100 -0.79821569 -0.60237175
vn 0.00000700 -1.00000000 0.00000000
vn 0.00000000 0.99207878 0.12561697
vn 0.00000000 0.75994891 0.64998287
vn 0.00000000 1.00000000 0.00000000
vn 0.00001400 -1.00000000 0.00000500
vn 0.00002200 -1.00000000 0.00000000
vn 0.00000500 -1.00000000 0.00000000
vn -0.98104328 -0.19378908 0.00000100
vn -0.98104167 -0.19379695 0.00000900
vn -0.66188687 -0.74960375 -0.00001400
vn -0.66195107 -0.74954706 -0.00000200
vn -0.98103386 -0.19383697 0.00000000
vn -0.66170192 -0.74976701 -0.00001900
vn -0.98099566 0.19402994 0.00000300
vn -0.98099345 0.19404110 0.00000300
vn -0.66033882 0.75096780 0.00001000
vn -0.66044682 0.75087285 0.00001400
vn -0.98099071 0.19405493 0.00000000
vn -0.66029942 0.75100249 -0.00000100
vn -0.98104328 -0.19378908 0.00000200
vn -0.98103714 -0.19382001 0.00000100
vn -0.66189158 -0.74959958 0.00001300
vn -0.66171849 -0.74975246 0.00002000
vn -0.98099273 0.19404496 0.00000500
vn -0.66032183 0.75098276 -0.00001200
vn -0.98098791 0.19406897 -0.00000200
vn -0.66046119 0.75086015 -0.00001400
vn -0.00000100 -0.24025190 -0.97071064
vn -0.00000300 -0.24027286 -0.97070545
vn -0.00000500 -0.79779357 -0.60293072
vn -0.00001800 -0.79787499 -0.60282302
vn 0.00000100 -0.24024697 -0.97071189
vn 0.00000200 -0.79778337 -0.60294425
vn 0.00000200 0.24048708 -0.97065234
vn -0.00000100 0.24048901 -0.97065198
vn 0.00000700 0.79856783 -0.60190487
vn 0.00000200 0.79858935 -0.60187626
vn 0.00000000 0.24046993 -0.97065663
vn 0.00000700 0.79852700 -0.60195899
vn -0.16117196 0.19599696 0.96726876
vn -0.69769806 0.22665402 0.67959207
vn -0.17040303 0.74493015 0.64501315
vn -0.54290098 0.66118896 0.51777196
vn 0.00000000 0.20237906 0.97930735
vn 0.00000000 0.75994980 0.64998180
vn 0.00000000 -0.20236503 0.97931015
vn 0.00000000 -0.20236503 0.97931015
vn 0.00000000 0.00000000 1.00000000
vn 0.00000000 -0.75994015 0.64999312
vn 0.00000000 -0.75994015 0.64999312
vn 0.00000000 -0.20236503 0.97931015
vn 0.00000000 -0.75994015 0.64999312
vn -0.97083706 -0.18861401 0.14798699
vn -0.69769114 -0.22665104 0.67960012
vn -0.65606683 -0.73771375 0.15923196
vn -0.54290098 -0.66118896 0.51777196
vn -0.98100805 -0.19396701 0.00000100
vn -0.66095108 -0.75042897 0.00000000
vn -0.98101443 0.19393508 0.00000000
vn -0.66097820 0.75040513 0.00000000
vn -0.66097605 0.75040704 0.00000000
vn -0.98101044 0.19395509 0.00000000
vn -0.98100746 0.19397010 0.00000000
vn -0.66095108 0.75042897 0.00000000
vn -1.00000000 0.00001700 0.00000000
vn -1.00000000 0.00000800 0.00000000
vn -1.00000000 0.00002500 0.00000000
vn -0.00000100 -0.24033198 -0.97069085
vn 0.00000300 -0.24027804 -0.97070414
vn 0.00000900 -0.79804933 -0.60259217
vn 0.00002000 -0.79789394 -0.60279793
vn 0.00000000 -0.24037504 -0.97068012
vn 0.00000100 -0.79821569 -0.60237175
vn -0.00000100 0.24043599 -0.97066498
vn 0.00000000 0.24040212 -0.97067344
vn -0.00001300 0.79840618 -0.60211921
vn -0.00000300 0.79830217 -0.60225713
vn -0.00000100 0.24046709 -0.97065729
vn -0.00001000 0.79852265 -0.60196477
vn 0.00000000 0.20237906 0.97930735
vn 0.00000000 0.20237906 0.97930735
vn 0.00000000 0.75994980 0.64998180
vn 0.00000000 0.75994980 0.64998180
vn 0.00000000 0.20237906 0.97930735
vn 0.00000000 0.75994980 0.64998180
vn 0.00000000 -0.20236503 0.97931015
vn 0.00000000 -0.20236503 0.97931015
vn 0.00000000 -0.75994015 0.64999312
vn 0.00000000 -0.75993961 0.64999366
vn -0.19044009 -0.23006211 -0.95436054
vn -0.73043627 -0.24595711 -0.63715625
vn -0.18619706 -0.77772123 -0.60040015
vn -0.56992501 -0.69112009 -0.44445306
vn -0.00000200 -0.24037009 -0.97068137
vn -0.00003500 -0.79818308 -0.60241503
vn 0.00000200 0.24043697 -0.97066480
vn 0.00000200 0.00000000 -1.00000000
vn 0.00001500 0.79841912 -0.60210204
vn -0.00000200 0.24040893 -0.97067177
vn 0.00002100 0.79832119 -0.60223204
vn 0.00000000 -0.24025591 -0.97070962
vn 0.00001300 -0.79779881 -0.60292387
vn 0.00000000 0.24048403 -0.97065312
vn -0.00000500 0.79857081 -0.60190094
vn -0.97412038 0.18976608 -0.12279405
vn -0.73043495 0.24596398 -0.63715500
vn -0.65844923 0.74115431 -0.13090104
vn -0.56991392 0.69113582 -0.44444290
vn -0.98100471 0.19398396 -0.00000100
vn -0.66085374 0.75051475 0.00001900
vn -0.98102587 -0.19387698 -0.00000200
vn -1.00000000 0.00000000 -0.00000100
vn -0.66138214 -0.75004917 -0.00001900
vn -0.98101282 -0.19394298 -0.00000100
vn -0.66108984 -0.75030684 -0.00001700
vn -0.98102903 -0.19386101 -0.00000100
vn -0.98101103 -0.19395202 0.00000100
vn -0.66135663 -0.75007159 0.00002200
vn -0.66105312 -0.75033915 0.00001400
vn -0.98100179 0.19399898 0.00000000
vn -0.66068202 0.75066602 -0.00001200
vn -0.98101419 0.19393602 -0.00000100
vn -0.66091913 0.75045711 -0.00000300
vn 0.00000000 -0.24039198 -0.97067595
vn 0.00000100 -0.79825956 -0.60231364
vn 0.00000000 0.24039291 -0.97067571
vn 0.00000000 0.79826003 -0.60231298
vn 0.00000000 0.20237906 0.97930735
vn 0.00000000 0.75994891 0.64998287
vn 0.00000000 -0.20236503 0.97931015
vn 0.00000000 -0.75994015 0.64999312
vn -0.00001600 1.00000000 0.00000100
vn -1.00000000 0.00000000 0.00000000
vn -1.00000000 0.00000100 0.00000100
vn -0.12970203 0.98630923 -0.10184103
vn -0.65844923 0.74115431 -0.13090104
vn -0.66085374 0.75051475 0.00001900
vn -0.13124795 0.99134964 0.00008900
vn -0.18617198 0.77775288 -0.60036695
vn -0.56991392 0.69113582 -0.44444290
vn 0.00010000 0.99463844 -0.10341404
vn 0.00002100 0.79832119 -0.60223204
vn 0.00003200 0.99470782 -0.10274398
vn 0.00002200 0.99469435 -0.10287505
vn 0.00000700 0.79856783 -0.60190487
vn 0.00000700 0.79852700 -0.60195899
vn 0.00000400 0.99471200 -0.10270400
vn 0.00000200 0.79858935 -0.60187626
vn -0.00001700 0.99470937 -0.10272904
vn -0.00000500 0.79857081 -0.60190094
vn -0.00004600 0.99469256 -0.10289194
vn -0.00001000 0.79852265 -0.60196477
vn -0.00005100 0.99466377 -0.10316997
vn -0.00001300 0.79840618 -0.60211921
vn 0.00004400 -0.99456149 -0.10415106
vn 0.00000900 -0.79804933 -0.60259217
vn 0.00009300 -0.99451917 -0.10455501
vn 0.00002000 -0.79789394 -0.60279793
vn 0.00005500 -0.99449056 -0.10482596
vn 0.00001300 -0.79779881 -0.60292387
vn 0.00001000 -0.99448222 -0.10490602
vn 0.00000200 -0.79778337 -0.60294425
vn -0.00002400 -0.99448693 -0.10486099
vn -0.00000500 -0.79779357 -0.60293072
vn -0.00006300 -0.99450749 -0.10466605
vn -0.00001800 -0.79787499 -0.60282302
vn -0.00008600 -0.99454772 -0.10428296
vn -0.00002300 -0.79801917 -0.60263211
vn -0.00014800 -0.99459392 -0.10384099
vn -0.00003500 -0.79818308 -0.60241503
vn 0.00001600 -1.00000000 -0.00000500
vn -0.98100114 0.19400202 0.00000100
vn -0.66065800 0.75068706 0.00001300
vn -0.97412157 -0.18975791 -0.12279694
vn -0.65848833 -0.74111545 -0.13092408
vn -0.73043627 -0.24595711 -0.63715625
vn -0.56992501 -0.69112009 -0.44445306
vn 0.00000000 -0.00000500 1.00000000
vn 0.00000000 -0.00000500 1.00000000
vn -0.12921599 0.98391497 0.12334799
vn -0.17040303 0.74493015 0.64501315
vn -0.65606683 0.73771375 0.15923196
vn -0.54290098 0.66118896 0.51777196
vn -0.13149595 0.99131668 0.00000100
vn -0.66095209 0.75042802 0.00000000
vn 0.00000000 -0.99207878 0.12561697
vn 0.00000000 -0.75994015 0.64999312
vn 0.00000000 -0.75994015 0.64999312
vn 0.00000000 -0.99207878 0.12561697
vn 0.00000000 -0.99207878 0.12561697
vn 0.00000000 -0.75994015 0.64999312
vn 0.00000000 -1.00000000 0.00000000
vn 0.00000000 -1.00000000 0.00000000
vn 0.00000000 -1.00000000 0.00000000
vn 0.00000000 0.00000000 -1.00000000
vn 0.00000000 0.00000000 -1.00000000
vn -0.13081804 0.99140644 -0.00005700
vn -0.13131104 0.99134129 -0.00001000
vn -0.66068202 0.75066602 -0.00001200
vn -0.66091913 0.75045711 -0.00000300
vn -0.13034806 0.99146837 -0.00006200
vn -0.66046119 0.75086015 -0.00001400
vn -0.13002805 0.99151039 -0.00004900
vn -0.66032183 0.75098276 -0.00001200
vn -0.12991600 0.99152505 -0.00001000
vn -0.66029942 0.75100249 -0.00000100
vn -0.13000603 0.99151325 0.00002900
vn -0.66033882 0.75096780 0.00001000
vn -0.13030906 0.99147344 0.00004700
vn -0.66044682 0.75087285 0.00001400
vn -0.13075005 0.99141538 0.00004500
vn -0.66065800 0.75068706 0.00001300
vn -0.13370603 -0.99102104 0.00004500
vn -0.13384698 -0.99100202 -0.00001700
vn -0.66189158 -0.74959958 0.00001300
vn -0.66195107 -0.74954706 -0.00000200
vn -0.13324600 -0.99108303 0.00008100
vn -0.66171849 -0.74975246 0.00002000
vn -0.13253997 -0.99117774 0.00007600
vn -0.66135663 -0.75007159 0.00002200
vn -0.13175602 -0.99128222 0.00007400
vn -0.66105312 -0.75033915 0.00001400
vn -0.13256404 -0.99117446 -0.00009200
vn -0.13183302 -0.99127197 -0.00007800
vn -0.66138214 -0.75004917 -0.00001900
vn -0.66108984 -0.75030684 -0.00001700
vn -0.13324897 -0.99108267 -0.00007800
vn -0.66170192 -0.74976701 -0.00001900
vn -0.13369003 -0.99102318 -0.00006600
vn -0.66188687 -0.74960375 -0.00001400
vn 0.00000000 0.20237906 0.97930735
vn 0.00000000 0.75994980 0.64998180
vn -0.16116105 -0.19598405 0.96727324
vn -0.17040098 -0.74492294 0.64502198
vn -0.69769114 -0.22665104 0.67960012
vn -0.54290098 -0.66118896 0.51777196
vn -0.00000100 -0.24032512 -0.97069252
vn -0.00002300 -0.79801917 -0.60263211
vn -0.19043694 0.23007196 -0.95435876
vn -0.18617198 0.77775288 -0.60036695
vn -0.73043495 0.24596398 -0.63715500
vn -0.56991392 0.69113582 -0.44444290
vn 0.00005800 0.99466944 -0.10311505
vn 0.00001500 0.79841912 -0.60210204
vn -0.12980495 -0.98628664 -0.10192797
vn -0.18619706 -0.77772123 -0.60040015
vn -0.65848833 -0.74111545 -0.13092408
vn -0.56992501 -0.69112009 -0.44445306
vn 0.00000000 -1.00000000 0.00000000
vn 0.00000000 -1.00000000 0.00000000
vn 0.00000000 -1.00000000 0.00000000
vn 0.00000000 1.00000000 0.00000000
vn 0.00000000 1.00000000 0.00000000
vn 0.00000000 1.00000000 0.00000000
vn 0.00000000 1.00000000 0.00000000
vn 0.00000000 1.00000000 0.00000000
vn 0.00000000 1.00000000 0.00000000
vn 0.00000000 1.00000000 0.00000000
vn 0.00000000 1.00000000 0.00000000
vn 0.00000000 1.00000000 0.00000000
vn -0.12921600 -0.98391509 0.12334701
vn -0.65606683 -0.73771375 0.15923196
vn -0.66095108 -0.75042897 0.00000000
vn -0.13149595 -0.99131668 0.00000000
vn -0.17040098 -0.74492294 0.64502198
vn -0.54290098 -0.66118896 0.51777196
vn -1.00000000 0.00000000 0.00000000
vn -1.00000000 0.00000000 0.00000000
vn -1.00000000 -0.00000700 0.00000000
vn -1.00000000 0.00000000 0.00000000
vn -1.00000000 -0.00001000 -0.00000100
vn -1.00000000 0.00000000 -0.00000100
vn 0.00000000 -0.99207878 0.12561697
vn 0.00000000 -1.00000000 0.00000000
vn 0.00000000 -0.75994015 0.64999312
vn 0.00000000 1.00000000 0.00000000
vn 0.00000000 1.00000000 0.00000000
vn 0.00000000 1.00000000 0.00000000
vn 0.00000000 1.00000000 0.00000000
vn 0.00000000 1.00000000 0.00000000
vn 0.00000000 1.00000000 0.00000000
vn 0.00000000 1.00000000 0.00000000
vn 0.00000000 1.00000000 0.00000000
vn 0.00000000 1.00000000 0.00000000
vn -0.98101085 -0.19395298 0.00000000
vn -0.66095108 -0.75042897 0.00000000
vn -0.66095370 -0.75042671 0.00000000
vn -0.98100805 -0.19396701 0.00000000
vn -0.98101151 -0.19395010 -0.00000100
vn -0.66095430 -0.75042623 0.00000000
vn -0.97083706 0.18861401 0.14798699
vn -0.65606683 0.73771375 0.15923196
vn -0.66095209 0.75042802 0.00000000
vn -0.98100805 0.19396701 0.00000300
vn -0.69769806 0.22665402 0.67959207
vn -0.54290098 0.66118896 0.51777196
vn -0.13149595 0.99131668 0.00000000
vn -0.66097820 0.75040513 0.00000000
vn -0.66095108 0.75042897 0.00000000
vn -0.13149595 0.99131668 0.00000000
vn -0.13149595 0.99131668 0.00000000
vn -0.66097605 0.75040704 0.00000000
vn 0.00000000 -1.00000000 0.00000000
vn 0.00000000 -1.00000000 0.00000000
vn 0.00000000 -1.00000000 0.00000000
vn -0.13149595 -0.99131668 0.00000000
vn -0.66095108 -0.75042897 0.00000000
vn 0.00000000 -1.00000000 0.00000000
vn -0.13148895 -0.99131769 0.00000200
vn -0.00001300 -1.00000000 0.00003400
vn -0.66097021 -0.75041223 0.00000000
vn 0.00000000 -1.00000000 0.00000000
vn 0.00000000 -1.00000000 0.00000000
vn 0.00000000 -1.00000000 0.00000000
vn 0.00001700 -1.00000000 0.00011400
vn 0.00000900 -1.00000000 0.00002800
vn -0.00000100 -1.00000000 0.00009700
vn -0.98101074 0.19395396 -0.00000100
vn -0.66095108 0.75042897 0.00000000
vn -1.00000000 -0.00000100 -0.00000100
vn -0.98101681 0.19392295 -0.00000100
vn -1.00000000 0.00000000 -0.00000100
vn -0.66096807 0.75041407 -0.00000200
vn 0.00000200 -1.00000000 0.00000100
vn 0.00000000 -1.00000000 0.00000000
vn 0.00000200 1.00000000 -0.00008100
vn 0.00000000 1.00000000 -0.00003000
vn 0.00000000 1.00000000 -0.00006500
vn 0.00000000 1.00000000 0.00000000
vn 0.00000000 1.00000000 0.00000000
vn 0.00000000 1.00000000 0.00000000
vn -1.00000000 0.00000000 0.00000000
vn -1.00000000 0.00000000 0.00000000
vn -1.00000000 0.00000100 -0.00000100
vn -1.00000000 -0.00000100 -0.00000100
vn -0.00001100 1.00000000 -0.00007700
vn -0.00000800 1.00000000 -0.00001800
vn 0.00000000 1.00000000 0.00000000
vn 0.00000000 1.00000000 0.00000000
vn 0.00000000 1.00000000 0.00000000
vn 0.00000000 1.00000000 0.00000000
vn -0.98101699 -0.19392201 0.00000000
vn -0.66097021 -0.75041223 0.00000000
vn -0.98101074 -0.19395396 0.00000000
vn -0.66095108 -0.75042897 0.00000000
vn -0.13148797 0.99131781 -0.00000800
vn -0.66096807 0.75041407 -0.00000200
vn -0.13149595 0.99131668 0.00000000
vn -0.66095108 0.75042897 0.00000000
vn -0.00000300 -1.00000000 0.00012200
vn 0.00000000 -1.00000000 0.00000000
vn 0.00086600 0.99998558 0.00530600
vn -0.00005500 0.99998558 0.00537800
vn -0.00001300 0.99999946 0.00105300
vn 0.00012900 0.99999946 0.00104600
vn 0.00030100 0.99999946 0.00102300
vn 0.00176200 0.99998701 0.00480100
vn 0.00380500 0.99978119 0.02057101
vn -0.00025300 0.99977475 0.02122599
vn -0.00022700 0.99734235 0.07285802
vn 0.01359900 0.99739325 0.07086401
vn 0.02514500 0.99765623 0.06363902
vn 0.00664200 0.99980706 0.01848900
vn 0.03118899 0.99902475 0.03125499
vn 0.03137199 0.99814087 0.05225599
vn 0.00812300 0.99986148 0.01453001
vn 0.00589600 0.99994600 0.00855900
vn 0.00241100 0.99999237 0.00309600
vn 0.00189200 0.99999040 0.00394600
vn 0.00046800 0.99999946 0.00098500
vn 0.00060300 0.99999946 0.00090300
vn 0.00158400 -0.99999845 -0.00081900
vn 0.00065000 -0.99999934 -0.00095400
vn -0.00188600 -0.99999797 0.00070000
vn -0.00194500 -0.99999797 0.00058900
vn -0.00194800 -0.99999803 0.00043900
vn 0.00254500 -0.99999619 -0.00109900
vn 0.01192600 -0.99990588 -0.00678500
vn 0.00641300 -0.99997008 -0.00434100
vn 0.02839899 -0.99919468 -0.02834799
vn 0.04812999 -0.99841583 -0.02914599
vn 0.05877499 -0.99798280 -0.02399800
vn 0.01575601 -0.99985856 -0.00589000
vn 0.06574603 -0.99783641 -0.00033500
vn 0.06524202 -0.99777836 -0.01348900
vn 0.01763500 -0.99983823 -0.00356100
vn 0.01792701 -0.99983937 -0.00012500
vn 0.00301800 -0.99999553 -0.00003100
vn 0.00306500 -0.99999517 -0.00057700
vn -0.00202300 -0.99999797 0.00023500
vn -0.00202500 -0.99999797 0.00000300
vn 0.00082500 -0.99999785 0.00192000
vn 0.00093800 -0.99999899 0.00112300
vn -0.00079400 -0.99999911 -0.00113600
vn -0.00057500 -0.99999923 -0.00115200
vn -0.00035100 -0.99999934 -0.00113700
vn 0.00103500 -0.99999583 0.00271900
vn 0.00716800 -0.99989033 0.01296700
vn 0.00451400 -0.99996495 0.00705400
vn 0.02957500 -0.99911290 0.02998000
vn 0.03057700 -0.99821585 0.05128500
vn 0.02478901 -0.99771452 0.06285903
vn 0.00597100 -0.99984097 0.01680500
vn -0.00023600 -0.99739438 0.07214202
vn 0.01342000 -0.99744415 0.07017802
vn 0.00346300 -0.99981719 0.01880500
vn -0.00024500 -0.99981135 0.01942201
vn -0.00003200 -0.99999493 0.00317600
vn 0.00049600 -0.99999505 0.00313600
vn -0.00014400 -0.99999934 -0.00115100
vn 0.00002500 -0.99999934 -0.00115500
vn 0.00689300 0.99997550 -0.00120900
vn 0.00690300 0.99997622 -0.00002900
vn 0.00184500 0.99999833 -0.00000600
vn 0.00184600 0.99999833 -0.00021300
vn 0.00177400 0.99999833 -0.00040900
vn 0.00618700 0.99997854 -0.00220300
vn 0.02114499 0.99976760 -0.00421100
vn 0.02143101 0.99977034 -0.00009600
vn 0.06827497 0.99766654 -0.00026900
vn 0.06791304 0.99759245 -0.01404301
vn 0.06179499 0.99777180 -0.02515700
vn 0.01919201 0.99979049 -0.00712000
vn 0.03056601 0.99907053 -0.03039601
vn 0.05116602 0.99820834 -0.03102001
vn 0.01500600 0.99985325 -0.00827100
vn 0.00892800 0.99994308 -0.00585200
vn 0.00382900 0.99998951 -0.00254000
vn 0.00499300 0.99998510 -0.00220600
vn 0.00166300 0.99999857 -0.00054200
vn 0.00147300 0.99999881 -0.00056500
vn -0.00803400 0.99996650 0.00159100
vn -0.00853600 0.99996364 0.00003400
vn -0.00224300 0.99999756 0.00001100
vn -0.00221100 0.99999756 0.00034200
vn -0.00153100 0.99999869 0.00056500
vn -0.00678500 0.99997300 0.00282700
vn -0.02674502 0.99962854 0.00525400
vn -0.02730800 0.99962711 0.00011500
vn -0.08512405 0.99637038 0.00015100
vn -0.08425300 0.99630100 0.01690700
vn -0.07924703 0.99632835 0.03240201
vn -0.02460499 0.99964756 0.00997000
vn -0.05774697 0.99665260 0.05787097
vn -0.07029499 0.99645185 0.04628699
vn -0.02148201 0.99967027 0.01407200
vn -0.01752100 0.99969524 0.01739500
vn -0.00444400 0.99997979 0.00455900
vn -0.00561200 0.99997705 0.00380800
vn -0.00113200 0.99999911 0.00083200
vn -0.00088200 0.99999923 0.00094900
vn -0.00273600 -0.99999404 0.00211800
vn -0.00233000 -0.99999392 0.00259900
vn 0.00105600 -0.99999899 -0.00100800
vn 0.00135100 -0.99999875 -0.00089500
vn 0.00183100 -0.99999821 -0.00057800
vn -0.00312500 -0.99999398 0.00154500
vn -0.01900101 -0.99974054 0.01256501
vn -0.01566599 -0.99975479 0.01565499
vn -0.05646800 -0.99679810 0.05661300
vn -0.06858004 -0.99662352 0.04515003
vn -0.07708299 -0.99652606 0.03153000
vn -0.02153401 -0.99972922 0.00882400
vn -0.08202403 -0.99663037 0.00014400
vn -0.08162000 -0.99652898 0.01637600
vn -0.02309799 -0.99972260 0.00461100
vn -0.02333999 -0.99972767 0.00012900
vn -0.00374500 -0.99999303 0.00006600
vn -0.00357800 -0.99999326 0.00089900
vn 0.00254800 -0.99999672 -0.00035700
vn 0.00252900 -0.99999684 0.00000400
vn -0.00344400 -0.99999380 -0.00075100
vn 0.00259400 -0.99999660 0.00036100
vn 0.00183800 -0.99999809 0.00064600
vn -0.00296200 -0.99999481 -0.00133800
vn -0.02219399 -0.99974471 -0.00423800
vn -0.07894196 -0.99675959 -0.01544599
vn -0.07223498 -0.99695480 -0.02938299
vn -0.01995800 -0.99976909 -0.00796700
vn -0.05085097 -0.99741751 -0.05071998
vn -0.06273700 -0.99718583 -0.04104399
vn -0.01712400 -0.99979103 -0.01116700
vn -0.01388900 -0.99981022 -0.01366200
vn -0.00214200 -0.99999529 -0.00224000
vn -0.00252300 -0.99999517 -0.00182800
vn 0.00139100 -0.99999857 0.00105000
vn 0.00108900 -0.99999869 0.00121300
vn -0.00121500 0.99998283 -0.00574300
vn -0.00010600 0.99998367 -0.00572500
vn -0.00002600 0.99999911 -0.00134400
vn -0.00019000 0.99999917 -0.00132700
vn -0.00042100 0.99999911 -0.00126700
vn -0.00227000 0.99998212 -0.00553800
vn -0.00433900 0.99978560 -0.02024499
vn -0.00037200 0.99979860 -0.02006499
vn -0.00052000 0.99773133 -0.06732002
vn -0.01440000 0.99758357 -0.06796797
vn -0.02745099 0.99745572 -0.06579198
vn -0.00831100 0.99977225 -0.01965800
vn -0.05297098 0.99719453 -0.05288897
vn -0.04031099 0.99733675 -0.06078199
vn -0.01213100 0.99975985 -0.01825200
vn -0.01616900 0.99974233 -0.01593200
vn -0.00449900 0.99997944 -0.00456800
vn -0.00335500 0.99998099 -0.00517600
vn -0.00064900 0.99999911 -0.00120700
vn -0.00090800 0.99999911 -0.00107500
vn -0.70699728 -0.03452202 -0.70637327
vn -0.70699668 0.03450499 -0.70637465
vn -0.83508235 0.03448201 -0.54904324
vn -0.83508509 -0.03449700 -0.54903805
vn -0.92540735 -0.03445901 -0.37740418
vn -0.92540920 0.03443101 -0.37740213
vn -0.98033392 0.03441500 -0.19432200
vn -0.98033267 -0.03441899 -0.19432795
vn -0.99940729 -0.03442601 -0.00009800
vn -0.99940747 0.03442001 -0.00009800
vn 0.70633692 -0.03259600 -0.70712495
vn 0.70633197 0.03291999 -0.70711488
vn 0.55728793 0.03305900 -0.82966089
vn 0.55730098 -0.03276100 -0.82966399
vn 0.38825202 -0.03325601 -0.92095304
vn 0.38821387 0.03346199 -0.92096162
vn 0.20044103 0.03392800 -0.97911811
vn 0.20046808 -0.03381801 -0.97911644
vn -0.00317400 -0.03424098 -0.99940860
vn -0.00320200 0.03428300 -0.99940705
vn 0.70641702 -0.03259500 0.70704502
vn 0.70641887 0.03253699 0.70704585
vn 0.82948929 0.03267701 0.55756611
vn 0.82948577 -0.03273199 0.55756783
vn 0.91971129 -0.03322501 0.39118710
vn 0.91970843 0.03318502 0.39119714
vn 0.97822905 0.03376601 0.20476301
vn 0.97823203 -0.03376400 0.20474902
vn 0.99941176 -0.03402399 -0.00430800
vn 0.99941087 0.03405100 -0.00429100
vn -0.70689666 -0.03455098 0.70647252
vn -0.70689636 0.03456001 0.70647234
vn -0.54943401 0.03449000 0.83482504
vn -0.54943621 -0.03449601 0.83482331
vn -0.38020101 -0.03442400 0.92426306
vn -0.38019815 0.03442201 0.92426431
vn -0.19851895 0.03435799 0.97949475
vn -0.19852008 -0.03436201 0.97949433
vn -0.00037700 -0.03418701 0.99941540
vn -0.00036900 0.03417100 0.99941599
vn -0.00037700 -0.03418701 0.99941540
vn -0.00036900 0.03417100 0.99941599
vn 0.20013304 0.03374701 0.97918737
vn 0.20013002 -0.03377301 0.97918713
vn 0.38607615 -0.03322601 0.92186838
vn 0.38608190 0.03317399 0.92186785
vn 0.55533093 0.03270799 0.83098596
vn 0.55532622 -0.03275601 0.83098739
vn -0.98046464 0.03440699 0.19366293
vn -0.98046464 -0.03441298 0.19366193
vn -0.92597622 -0.03443801 0.37600815
vn -0.92597604 0.03444401 0.37600803
vn -0.83593857 0.03449898 0.54773772
vn -0.83593762 -0.03450498 0.54773885
vn -0.20332405 0.03439700 -0.97850716
vn -0.20332003 -0.03439600 -0.97850806
vn -0.38453224 -0.03442202 -0.92246956
vn -0.38453209 0.03440901 -0.92247015
vn -0.55177921 0.03445201 -0.83327842
vn -0.55178010 -0.03446401 -0.83327729
vn 0.97654623 0.03387701 -0.21262604
vn 0.97654790 -0.03378000 -0.21263397
vn 0.91720700 -0.03324001 -0.39702201
vn 0.91721994 0.03343100 -0.39697596
vn 0.82746983 0.03302899 -0.56053787
vn 0.82746363 -0.03276198 -0.56056279
vn 0.00576900 0.99994963 -0.00822400
vn 0.00761300 0.99987972 -0.01351500
vn 0.02946600 0.99838704 -0.04853000
vn 0.02308501 0.99802858 -0.05836303
vn 0.00614800 0.99983341 -0.01719001
vn 0.00180200 0.99998575 -0.00503500
vn 0.00186000 0.99998999 -0.00408500
vn 0.00238200 0.99999225 -0.00314700
vn 0.00345100 0.99980855 -0.01926301
vn 0.01228801 0.99780548 -0.06506403
vn 0.00084200 0.99998397 -0.00560700
vn 0.00012900 0.99999911 -0.00133700
vn 0.00032200 0.99999917 -0.00127900
vn 0.00044900 0.99999923 -0.00123100
vn 0.00061400 0.99999923 -0.00115800
vn -0.02004201 0.99971455 -0.01300901
vn -0.06541000 0.99694079 -0.04278699
vn -0.07540203 0.99668241 -0.03063902
vn -0.02344700 0.99968189 -0.00930200
vn -0.00671000 0.99997383 -0.00273200
vn -0.00555600 0.99997765 -0.00373300
vn -0.02610200 0.99964708 -0.00494900
vn -0.08229004 0.99647850 -0.01609401
vn -0.00797000 0.99996722 -0.00146800
vn -0.00223300 0.99999744 -0.00032300
vn -0.00156800 0.99999857 -0.00060100
vn -0.00114800 0.99999899 -0.00092600
vn -0.01308501 0.99971849 0.01979301
vn -0.04388100 0.99681300 0.06662199
vn -0.02952700 0.99699086 0.07167698
vn -0.00882000 0.99973893 0.02107800
vn -0.00217300 0.99998343 0.00533200
vn -0.00326600 0.99998182 0.00507900
vn -0.00449000 0.99975884 0.02149699
vn -0.01518500 0.99717283 0.07359298
vn -0.00112600 0.99998468 0.00543000
vn -0.00016900 0.99999946 0.00104500
vn -0.00038500 0.99999946 0.00101600
vn -0.00060600 0.99999934 0.00100100
vn 0.00885900 0.99994320 0.00593100
vn 0.01484299 0.99985665 0.00815900
vn 0.05096198 0.99822164 0.03092699
vn 0.06132799 0.99781483 0.02458699
vn 0.01899799 0.99979556 0.00692700
vn 0.00618700 0.99997854 0.00218700
vn 0.00492200 0.99998587 0.00205200
vn 0.00370900 0.99999005 0.00250000
vn 0.02102200 0.99977094 0.00401600
vn 0.06753397 0.99762660 0.01342899
vn 0.00686700 0.99997586 0.00113900
vn 0.00184900 0.99999827 0.00020000
vn 0.00175500 0.99999845 0.00040000
vn 0.00167600 0.99999857 0.00044400
vn 0.00150600 0.99999881 0.00053300
vn -0.00067100 -0.99999458 0.00323700
vn 0.00019400 -0.99999934 -0.00113900
vn 0.00045200 -0.99999934 -0.00110100
vn -0.00125000 -0.99999428 0.00316900
vn -0.00410400 -0.99979830 0.01966301
vn -0.01501200 -0.99723494 0.07278199
vn -0.02910401 -0.99707431 0.07068102
vn -0.00802700 -0.99978286 0.01923300
vn -0.04307903 -0.99692655 0.06543604
vn -0.01181400 -0.99976909 0.01795400
vn -0.00180600 -0.99999392 0.00297500
vn 0.00071900 -0.99999923 -0.00108300
vn 0.00301400 -0.99999541 0.00052100
vn -0.00203200 -0.99999797 -0.00021900
vn -0.00197300 -0.99999797 -0.00042300
vn 0.00247900 -0.99999642 0.00105800
vn 0.01745500 -0.99984217 0.00332200
vn 0.06471901 -0.99782228 0.01273100
vn 0.05832101 -0.99802417 0.02337701
vn 0.01550000 -0.99986374 0.00569000
vn 0.04821601 -0.99840623 0.02933101
vn 0.01176900 -0.99990797 0.00675600
vn 0.00640600 -0.99996865 0.00466600
vn 0.00062900 -0.99999923 0.00110300
vn 0.00152700 -0.99999857 0.00085900
vn -0.00198000 -0.99999797 -0.00053100
vn -0.00196100 -0.99999797 -0.00061700
vn 0.00375500 -0.99998444 0.00414000
vn -0.00015300 -1.00000000 0.00013100
vn -0.00092100 -0.99999958 -0.00027900
vn -0.00044300 -0.99999994 0.00012200
vn -0.00103700 -0.99999887 -0.00111800
vn -0.00143600 -0.99999857 -0.00089900
vn -0.00188400 -0.99999797 -0.00071600
vn 0.00168300 0.99999684 0.00190100
vn 0.00074400 0.99999946 0.00081900
vn 0.00100800 0.99999934 0.00064600
vn 0.00155800 0.99999785 0.00135300
vn 0.00585900 0.99996728 0.00559200
vn 0.00234500 0.99999630 0.00145100
vn 0.00136000 0.99999899 0.00051500
vn 0.00578900 0.99996835 -0.00546600
vn 0.00177200 0.99999642 -0.00199600
vn 0.00161800 0.99999756 -0.00155200
vn 0.00239100 0.99999601 -0.00154700
vn 0.00075800 0.99999923 -0.00100900
vn 0.00096200 0.99999923 -0.00077000
vn 0.00134100 0.99999899 -0.00060700
vn 0.00041100 -0.99999654 -0.00260800
vn -0.00005500 -0.99999642 -0.00267100
vn 0.00003500 -0.99999887 0.00151200
vn -0.00014300 -0.99999887 0.00150700
vn -0.00035200 -0.99999887 0.00146400
vn 0.00090000 -0.99999720 -0.00219200
vn 0.00289300 -0.99987036 -0.01584501
vn -0.00033700 -0.99986333 -0.01653400
vn -0.00048200 -0.99803090 -0.06272300
vn 0.01149200 -0.99809837 -0.06056003
vn 0.02169000 -0.99827605 -0.05453901
vn 0.00513200 -0.99988705 -0.01412600
vn 0.02765301 -0.99858141 -0.04550303
vn 0.00630800 -0.99991995 -0.01097200
vn 0.00423700 -0.99997211 -0.00615900
vn 0.00089900 -0.99999934 -0.00077800
vn 0.00074600 -0.99999869 -0.00147900
vn -0.00053700 -0.99999881 0.00146800
vn -0.00076000 -0.99999869 0.00144700
vn 0.00360900 -0.99998701 -0.00361200
vn -0.00041600 -0.99999994 0.00001700
vn -0.00077400 -0.99999958 0.00052900
vn -0.00015700 -1.00000000 0.00014000
vn -0.00184300 -0.99999797 0.00082800
vn -0.00136700 -0.99999857 0.00108400
vn -0.00100600 -0.99999857 0.00138100
vn -0.01043600 -0.99982411 -0.01558700
vn -0.03864900 -0.99756598 -0.05803800
vn -0.02610200 -0.99771601 -0.06230200
vn -0.00712700 -0.99983692 -0.01659800
vn -0.00114600 -0.99999571 -0.00272200
vn -0.00166600 -0.99999541 -0.00255900
vn -0.00368800 -0.99985081 -0.01687500
vn -0.01363199 -0.99787265 -0.06375198
vn -0.00064000 -0.99999601 -0.00276100
vn 0.00021100 -0.99999887 0.00148500
vn 0.00048400 -0.99999899 0.00140200
vn 0.00073600 -0.99999887 0.00135000
vn 0.17533097 0.96873385 0.17553897
vn 0.14612599 0.96390486 0.22256395
vn 0.11003701 0.95836115 0.26350704
vn 0.05796802 0.95702732 0.28414509
vn 0.00022800 0.95659935 0.29140612
vn 0.00012200 0.69011486 0.72369993
vn 0.14642908 0.68958044 0.70925134
vn 0.27914995 0.69120580 0.66656578
vn 0.39773521 0.69938642 0.59385633
vn 0.50083607 0.70551699 0.50140709
vn 0.28174791 -0.95948780 -0.00120600
vn 0.27686504 -0.95903617 -0.05996201
vn 0.25753814 -0.95988148 -0.11091307
vn 0.21768099 -0.96521091 -0.14485498
vn 0.17152794 -0.97010368 -0.17168896
vn 0.49928695 -0.70794594 -0.49952498
vn 0.58995700 -0.70113409 -0.40045202
vn 0.66150337 -0.69317240 -0.28622618
vn 0.70452911 -0.69265813 -0.15447804
vn 0.71923703 -0.69475794 -0.00309300
vn 0.00022600 -0.95652109 0.29166302
vn 0.05799102 -0.95695025 0.28440008
vn 0.11002495 -0.95834845 0.26355788
vn 0.14571401 -0.96407419 0.22210003
vn 0.17429100 -0.96909708 0.17456700
vn 0.50033796 -0.70610893 0.50107092
vn 0.39750192 -0.69971293 0.59362787
vn 0.27907988 -0.69127369 0.66652471
vn 0.14641397 -0.68957388 0.70926082
vn 0.00012000 -0.69008726 0.72372621
vn 0.17401505 0.96921533 -0.17418504
vn 0.22049597 0.96430093 -0.14664699
vn 0.25998217 0.95910752 -0.11190207
vn 0.27850997 0.95854092 -0.06026199
vn 0.28298005 0.95912516 -0.00112200
vn 0.71965808 0.69432199 -0.00303600
vn 0.70504582 0.69213289 -0.15447497
vn 0.66220415 0.69239509 -0.28648707
vn 0.59088522 0.70004523 -0.40098816
vn 0.50014275 0.70670170 -0.50042975
vn -0.21469204 0.95290923 0.21417606
vn -0.25676909 0.95174229 0.16809607
vn -0.28652510 0.95099038 0.11627905
vn -0.30366111 0.95088536 0.06005902
vn -0.30815205 0.95133722 0.00004200
vn -0.72972488 0.68374091 -0.00001600
vn -0.71669477 0.68290478 0.14138496
vn -0.67671412 0.68315411 0.27451503
vn -0.60997999 0.68452710 0.39918303
vn -0.51459223 0.68659139 0.51360226
vn -0.30619797 -0.95196790 0.00008800
vn -0.30215713 -0.95138037 0.05980302
vn -0.28526586 -0.95142859 0.11578895
vn -0.25576305 -0.95212632 0.16745405
vn -0.21394305 -0.95323831 0.21346006
vn -0.51427978 -0.68700367 0.51336372
vn -0.60958511 -0.68498713 0.39899713
vn -0.67626101 -0.68365407 0.27438700
vn -0.71618599 -0.68344295 0.14136298
vn -0.72907102 -0.68443805 0.00005600
vn -0.20657498 -0.95650470 -0.20597494
vn -0.24815297 -0.95496291 -0.16268396
vn -0.27903789 -0.95354265 -0.11355297
vn -0.29875097 -0.95251292 -0.05888200
vn -0.71491385 -0.68474090 -0.14152098
vn -0.67388952 -0.68599856 -0.27437025
vn -0.60649019 -0.68814212 -0.39828405
vn -0.51198220 -0.69063520 -0.51078117
vn -0.20826906 0.95576328 -0.20770307
vn -0.16161500 0.95632511 -0.24356301
vn -0.11172104 0.95694923 -0.26789308
vn -0.05845002 0.95793122 -0.28098309
vn -0.00069900 0.95914090 -0.28292796
vn -0.00199500 0.69393492 -0.72003496
vn -0.14675094 0.69156182 -0.70725274
vn -0.27870715 0.69000244 -0.66799629
vn -0.40011007 0.68952513 -0.60371113
vn -0.51263404 0.68966401 -0.51143909
vn 0.05598401 0.95969510 -0.27541104
vn 0.10715505 0.96083844 -0.25555313
vn 0.14373802 0.96539408 -0.21760903
vn 0.39773324 0.70199037 -0.59077728
vn 0.27932411 0.69491529 -0.66262424
vn 0.14577805 0.69364727 -0.70540929
vn -0.30105105 0.95175827 -0.05936901
vn -0.28130898 0.95276392 -0.11448298
vn -0.25020003 0.95420104 -0.16401301
vn -0.60724407 0.68719804 -0.39876506
vn -0.67466873 0.68509567 -0.27471089
vn -0.71567607 0.68390214 -0.14172402
vn -0.05877299 0.95536375 0.28952697
vn -0.11389302 0.95423019 0.27653804
vn -0.16606806 0.95345432 0.25168705
vn -0.40016794 0.68620688 0.60744196
vn -0.27683192 0.68662387 0.67224389
vn -0.14393099 0.68806994 0.71122688
vn 0.27810493 0.95879781 0.05800299
vn 0.25950891 0.95945865 0.10997396
vn 0.22086401 0.96430612 0.14605799
vn 0.59248304 0.69972402 0.39918703
vn 0.66379714 0.69253111 0.28244305
vn 0.70603991 0.69232088 0.14899498
vn -0.16566896 -0.95366770 0.25114095
vn -0.11377405 -0.95431733 0.27628613
vn -0.05876300 -0.95535105 0.28957102
vn -0.14390506 -0.68814224 0.71116221
vn -0.27672401 -0.68681502 0.67209297
vn -0.39996797 -0.68653494 0.60720295
vn 0.21899407 -0.96490526 0.14491205
vn 0.25744110 -0.96012044 0.10905404
vn 0.27645099 -0.95930511 0.05752101
vn 0.70539385 -0.69301486 0.14882897
vn 0.66301101 -0.69342101 0.28210601
vn 0.59173787 -0.70058388 0.39878395
vn 0.14161702 -0.96647710 -0.21416503
vn 0.10539495 -0.96219867 -0.25112891
vn 0.05509198 -0.96116859 -0.27040687
vn -0.00064900 -0.96062893 -0.27783400
vn -0.00193700 -0.69595593 -0.71808189
vn 0.14553003 -0.69560909 -0.70352614
vn 0.27877912 -0.69670224 -0.66097522
vn 0.39701596 -0.70346290 -0.58950692
vn -0.05761103 -0.95925146 -0.27661815
vn -0.11039405 -0.95802432 -0.26458013
vn -0.16015700 -0.95717198 -0.24118802
vn -0.39952093 -0.69064289 -0.60282290
vn -0.27822793 -0.69143474 -0.66671377
vn -0.14637502 -0.69334900 -0.70557892
vn -0.96935433 -0.24566706 -0.00009000
vn -0.95088941 -0.24553409 -0.18847409
vn -0.89759505 -0.24566902 -0.36601904
vn -0.80992490 -0.24602298 -0.53244185
vn -0.68558329 -0.24643409 -0.68501526
vn -0.51198220 -0.69063520 -0.51078117
vn -0.60649019 -0.68814212 -0.39828405
vn -0.67388952 -0.68599856 -0.27437025
vn -0.71491385 -0.68474090 -0.14152098
vn -0.72907102 -0.68443805 0.00005600
vn -0.68562412 0.24619003 -0.68506205
vn -0.80998343 0.24574712 -0.53248030
vn -0.89766669 0.24536218 -0.36604923
vn -0.95094430 0.24530707 -0.18849204
vn -0.96940947 0.24544914 -0.00008900
vn -0.72972488 0.68374091 -0.00001600
vn -0.71567607 0.68390214 -0.14172402
vn -0.67466873 0.68509567 -0.27471089
vn -0.60724407 0.68719804 -0.39876506
vn -0.51263404 0.68966401 -0.51143909
vn -0.00291200 -0.24552006 -0.96938717
vn 0.19498491 -0.24384987 -0.95000958
vn 0.37728813 -0.24175206 -0.89398527
vn 0.54153502 -0.24017197 -0.80564100
vn 0.68617880 -0.23939395 -0.68691289
vn 0.49928695 -0.70794594 -0.49952498
vn 0.39701596 -0.70346290 -0.58950692
vn 0.27877912 -0.69670224 -0.66097522
vn 0.14553003 -0.69560909 -0.70352614
vn -0.00193700 -0.69595593 -0.71808189
vn 0.68607301 0.24005705 -0.68678707
vn 0.54141998 0.24068901 -0.80556405
vn 0.37716797 0.24207394 -0.89394885
vn 0.19488698 0.24396196 -0.95000088
vn -0.00296600 0.24542502 -0.96941113
vn -0.00199500 0.69393492 -0.72003496
vn 0.14577805 0.69364727 -0.70540929
vn 0.27932411 0.69491529 -0.66262424
vn 0.39773324 0.70199037 -0.59077728
vn 0.50014275 0.70670170 -0.50042975
vn 0.96946728 -0.24518509 -0.00417700
vn 0.94919473 -0.24371591 0.19907792
vn 0.89285052 -0.24148288 0.38013682
vn 0.80553699 -0.23989801 0.54181105
vn 0.68625098 -0.23941903 0.68683201
vn 0.50033796 -0.70610893 0.50107092
vn 0.59173787 -0.70058388 0.39878395
vn 0.66301101 -0.69342101 0.28210601
vn 0.70539385 -0.69301486 0.14882897
vn 0.71923703 -0.69475794 -0.00309300
vn 0.68630099 0.23912904 0.68688297
vn 0.80560195 0.23958495 0.54185295
vn 0.89292109 0.24112703 0.38019699
vn 0.94927216 0.24337003 0.19913201
vn 0.96950895 0.24502100 -0.00413600
vn 0.71965808 0.69432199 -0.00303600
vn 0.70603991 0.69232088 0.14899498
vn 0.66379714 0.69253111 0.28244305
vn 0.59248304 0.69972402 0.39918703
vn 0.50083607 0.70551699 0.50140709
vn -0.00018500 -0.24515595 0.96948367
vn -0.19246896 -0.24533294 0.95014077
vn -0.36873192 -0.24546893 0.89653873
vn -0.53281397 -0.24591199 0.80971396
vn -0.68546075 -0.24660389 0.68507671
vn -0.51427978 -0.68700367 0.51336372
vn -0.39996797 -0.68653494 0.60720295
vn -0.27672401 -0.68681502 0.67209297
vn -0.14390506 -0.68814224 0.71116221
vn 0.00012000 -0.69008726 0.72372621
vn -0.68548614 0.24646005 0.68510306
vn -0.53283501 0.24571498 0.80975986
vn -0.36874998 0.24527699 0.89658391
vn -0.19247596 0.24512994 0.95019174
vn -0.00017500 0.24492995 0.96954083
vn 0.00012200 0.69011486 0.72369993
vn -0.14393099 0.68806994 0.71122688
vn -0.27683192 0.68662387 0.67224389
vn -0.40016794 0.68620688 0.60744196
vn -0.51459223 0.68659139 0.51360226
vn 0.53962272 -0.24006587 0.80695462
vn 0.37514725 -0.24159013 0.89492959
vn 0.19465601 -0.24349898 0.95016706
vn -0.00018500 -0.24515595 0.96948367
vn 0.00012000 -0.69008726 0.72372621
vn 0.14641397 -0.68957388 0.70926082
vn 0.27907988 -0.69127369 0.66652471
vn 0.39750192 -0.69971293 0.59362787
vn -0.00017500 0.24492995 0.96954083
vn 0.19467995 0.24323495 0.95022976
vn 0.37518376 0.24128886 0.89499551
vn 0.53967088 0.23974195 0.80701882
vn 0.39773521 0.69938642 0.59385633
vn 0.27914995 0.69120580 0.66656578
vn 0.14642908 0.68958044 0.70925134
vn 0.00012200 0.69011486 0.72369993
vn -0.81075579 -0.24606192 0.53115779
vn -0.89817041 -0.24557813 0.36466613
vn -0.95103174 -0.24546492 0.18784495
vn -0.71618599 -0.68344295 0.14136298
vn -0.67626101 -0.68365407 0.27438700
vn -0.60958511 -0.68498713 0.39899713
vn -0.95108294 0.24526398 0.18784800
vn -0.89820337 0.24543810 0.36467913
vn -0.81078869 0.24590793 0.53117883
vn -0.60997999 0.68452710 0.39918303
vn -0.67671412 0.68315411 0.27451503
vn -0.71669477 0.68290478 0.14138496
vn -0.53511596 -0.24580197 -0.80822796
vn -0.37296391 -0.24549694 -0.89477885
vn -0.19714898 -0.24552196 -0.94913191
vn -0.14637502 -0.69334900 -0.70557892
vn -0.27822793 -0.69143474 -0.66671377
vn -0.39952093 -0.69064289 -0.60282290
vn -0.19718710 0.24532613 -0.94917452
vn -0.37299517 0.24525411 -0.89483249
vn -0.53515399 0.24553098 -0.80828500
vn -0.40011007 0.68952513 -0.60371113
vn -0.27870715 0.69000244 -0.66799629
vn -0.14675094 0.69156182 -0.70725274
vn 0.80355000 -0.23998098 -0.54471701
vn 0.89038438 -0.24161811 -0.38579315
vn 0.94754750 -0.24377511 -0.20670611
vn 0.70452911 -0.69265813 -0.15447804
vn 0.66150337 -0.69317240 -0.28622618
vn 0.58995700 -0.70113409 -0.40045202
vn 0.94755304 0.24381903 -0.20662899
vn 0.89033419 0.24199608 -0.38567212
vn 0.80348814 0.24047804 -0.54458904
vn 0.59088522 0.70004523 -0.40098816
vn 0.66220415 0.69239509 -0.28648707
vn 0.70504582 0.69213289 -0.15447497
vn -0.99748498 0.00000000 0.07087900
vn -0.99748498 0.00000000 -0.07087900
vn -0.99748498 0.00000000 -0.07087900
vn -0.99748498 0.00000000 0.07087900
vn 0.99748498 0.00000000 -0.07087900
vn 0.99748528 0.00000000 0.07087403
vn 0.99748033 0.00000000 0.07094402
vn 0.99747986 0.00000000 -0.07095000
vn 0.00000000 -0.99748474 -0.07088298
vn 0.00000000 -0.99748522 0.07087502
vn 0.00000000 -0.99748564 0.07086898
vn 0.00000000 -0.99748427 -0.07088902
vn 0.00000000 -0.00000300 -1.00000000
vn 0.00000000 -0.00000300 -1.00000000
vn 0.00000000 -0.00000300 -1.00000000
vn 0.00000000 -0.00000300 -1.00000000
vn 0.00000000 0.99748361 0.07089797
vn 0.00000000 0.99748260 -0.07091297
vn 0.00000000 0.99748498 -0.07087900
vn 0.00000000 0.99748385 0.07089498
vn 0.00000000 0.00000300 1.00000000
vn 0.00000000 0.00000300 1.00000000
vn 0.00000000 0.00000300 1.00000000
vn 0.00000000 0.00000300 1.00000000
vn -0.99464649 -0.07306803 0.07307203
vn -0.94094020 -0.32952106 0.07776502
vn -0.89555705 -0.31462204 0.31462801
vn -0.94093919 -0.07776102 0.32952505
vn -0.68063784 -0.27077690 0.68074381
vn -0.70566708 -0.06328101 0.70571214
vn -0.70566612 -0.70571303 0.06328101
vn -0.68063706 -0.68074208 0.27078304
vn -0.57737231 -0.57733923 0.57733923
vn -0.99464607 0.07307301 0.07307301
vn -0.94093895 0.07776899 0.32952395
vn -0.89555258 0.31463683 0.31462583
vn -0.94094056 0.32951820 0.07777304
vn -0.68064404 0.68073910 0.27077302
vn -0.70567179 0.70570475 0.06330997
vn -0.70566666 0.06328997 0.70571172
vn -0.68066233 0.27076915 0.68072230
vn -0.57738996 0.57735795 0.57730293
vn -0.99464607 0.07307301 -0.07307301
vn -0.94094372 0.32950890 -0.07777398
vn -0.89555490 0.31462795 -0.31462795
vn -0.94093871 0.07776797 -0.32952487
vn -0.68064404 0.27077806 -0.68073714
vn -0.70566630 0.06328603 -0.70571244
vn -0.70567691 0.70569897 -0.06331799
vn -0.68064088 0.68072796 -0.27080894
vn -0.57737702 0.57734400 -0.57732993
vn -0.99464619 -0.07307202 -0.07307202
vn -0.94093859 -0.07776497 -0.32952586
vn -0.89555287 -0.31463993 -0.31462198
vn -0.94094467 -0.32950720 -0.07777105
vn -0.68064004 -0.68074113 -0.27077803
vn -0.70567805 -0.70569700 -0.06332700
vn -0.70566666 -0.06328997 -0.70571172
vn -0.68066430 -0.27074409 -0.68073028
vn -0.57736892 -0.57737398 -0.57730794
vn 0.99464148 -0.07310404 0.07310404
vn 0.94093198 -0.07771701 0.32955602
vn 0.89556688 -0.31461495 0.31460693
vn 0.94093937 -0.32953513 0.07771603
vn 0.68066692 -0.68072498 0.27075097
vn 0.70571816 -0.70566010 0.06329202
vn 0.70570284 -0.06328598 0.70567584
vn 0.68066198 -0.27075100 0.68072999
vn 0.57731229 -0.57736927 0.57736927
vn 0.99464124 -0.07310302 -0.07310802
vn 0.94093794 -0.32953796 -0.07772099
vn 0.89557630 -0.31460410 -0.31459108
vn 0.94093895 -0.07770899 -0.32953796
vn 0.68065906 -0.27075803 -0.68073004
vn 0.70571899 -0.06328400 -0.70565993
vn 0.70571375 -0.70566177 -0.06332097
vn 0.68067700 -0.68071413 -0.27075303
vn 0.57736295 -0.57735699 -0.57733101
vn 0.99464333 0.07309103 -0.07309202
vn 0.94094795 0.07780299 -0.32948998
vn 0.89557678 0.31459191 -0.31460193
vn 0.94094878 0.32948798 -0.07780198
vn 0.68069315 0.68067122 -0.27082008
vn 0.70566308 0.70572108 -0.06322500
vn 0.70566237 0.06322903 -0.70572138
vn 0.68071979 0.27078694 -0.68065780
vn 0.57735693 0.57735294 -0.57734096
vn 0.99464363 0.07309098 0.07308798
vn 0.94094819 0.32948807 0.07780802
vn 0.89558220 0.31459010 0.31458807
vn 0.94094765 0.07781597 0.32948789
vn 0.68070638 0.27080411 0.68066436
vn 0.70565802 0.06326101 0.70572299
vn 0.70566034 0.70572239 0.06324103
vn 0.68072885 0.68064791 0.27078894
vn 0.57736695 0.57731491 0.57736892
vn -0.07307503 -0.99464643 0.07306503
vn -0.07776100 -0.94095594 0.32947698
vn -0.31458703 -0.89558715 0.31457710
vn -0.32948506 -0.94095320 0.07776102
vn -0.68063706 -0.68074208 0.27078304
vn -0.70566612 -0.70571303 0.06328101
vn -0.06325100 -0.70569092 0.70569092
vn -0.27082694 -0.68068081 0.68068081
vn -0.57737231 -0.57733923 0.57733923
vn -0.07308397 -0.99464363 -0.07309397
vn -0.32948399 -0.94094896 -0.07781600
vn -0.31460193 -0.89557678 -0.31459191
vn -0.07779700 -0.94095308 -0.32947701
vn -0.27081716 -0.68069828 -0.68066728
vn -0.06328201 -0.70569313 -0.70568597
vn -0.70567805 -0.70569700 -0.06332700
vn -0.68064004 -0.68074113 -0.27077803
vn -0.57736892 -0.57737398 -0.57730794
vn 0.07307103 -0.99464536 -0.07308403
vn 0.07777499 -0.94095385 -0.32947993
vn 0.31462696 -0.89556795 -0.31459197
vn 0.32947618 -0.94095343 -0.07779503
vn 0.68067700 -0.68071413 -0.27075303
vn 0.70571375 -0.70566177 -0.06332097
vn 0.06327100 -0.70569307 -0.70568693
vn 0.27080488 -0.68067569 -0.68069476
vn 0.57736295 -0.57735699 -0.57733101
vn 0.07306398 -0.99464679 0.07307098
vn 0.32947710 -0.94095528 0.07776902
vn 0.31457710 -0.89558721 0.31458703
vn 0.07775099 -0.94095588 0.32947993
vn 0.27075505 -0.68069512 0.68069512
vn 0.06325100 -0.70569092 0.70569092
vn 0.70571816 -0.70566010 0.06329202
vn 0.68066692 -0.68072498 0.27075097
vn 0.57731229 -0.57736927 0.57736927
vn -0.07307203 -0.07306902 -0.99464637
vn -0.07775699 -0.32948098 -0.94095486
vn -0.31462690 -0.31458387 -0.89557076
vn -0.32948795 -0.07775398 -0.94095278
vn -0.68066430 -0.27074409 -0.68073028
vn -0.70566666 -0.06328997 -0.70571172
vn -0.06328201 -0.70569313 -0.70568597
vn -0.27081716 -0.68069828 -0.68066728
vn -0.57736892 -0.57737398 -0.57730794
vn -0.07310101 0.07309403 -0.99464238
vn -0.32951900 0.07776400 -0.94094110
vn -0.31460586 0.31459984 -0.89557260
vn -0.07776698 0.32951087 -0.94094372
vn -0.27085307 0.68068111 -0.68067014
vn -0.06328201 0.70569313 -0.70568597
vn -0.70566630 0.06328603 -0.70571244
vn -0.68064404 0.27077806 -0.68073714
vn -0.57737702 0.57734400 -0.57732993
vn 0.07309902 0.07309602 -0.99464238
vn 0.07775498 0.32951593 -0.94094288
vn 0.31461006 0.31461105 -0.89556712
vn 0.32950994 0.07774498 -0.94094580
vn 0.68071979 0.27078694 -0.68065780
vn 0.70566237 0.06322903 -0.70572138
vn 0.06326199 0.70569092 -0.70568997
vn 0.27077302 0.68070406 -0.68067908
vn 0.57735693 0.57735294 -0.57734096
vn 0.07306398 -0.07307198 -0.99464679
vn 0.32947597 -0.07776599 -0.94095588
vn 0.31457087 -0.31458592 -0.89558971
vn 0.07775303 -0.32947809 -0.94095629
vn 0.27080488 -0.68067569 -0.68069476
vn 0.06327100 -0.70569307 -0.70568693
vn 0.70571899 -0.06328400 -0.70565993
vn 0.68065906 -0.27075803 -0.68073004
vn 0.57736295 -0.57735699 -0.57733101
vn -0.07308403 0.99464446 -0.07308403
vn -0.07779703 0.94095331 -0.32947612
vn -0.31461304 0.89556921 -0.31460205
vn -0.32948396 0.94094986 -0.07780600
vn -0.68064088 0.68072796 -0.27080894
vn -0.70567691 0.70569897 -0.06331799
vn -0.06328201 0.70569313 -0.70568597
vn -0.27085307 0.68068111 -0.68067014
vn -0.57737702 0.57734400 -0.57732993
vn -0.07309202 0.99464333 0.07309103
vn -0.32950312 0.94094437 0.07779102
vn -0.31461403 0.89557308 0.31459007
vn -0.07777904 0.94094950 0.32949117
vn -0.27083009 0.68069518 0.68066519
vn -0.06326697 0.70569170 0.70568877
vn -0.70567179 0.70570475 0.06330997
vn -0.68064404 0.68073910 0.27077302
vn -0.57738996 0.57735795 0.57730293
vn 0.07308999 0.99464387 0.07308599
vn 0.07777297 0.94094872 0.32949489
vn 0.31461304 0.89556712 0.31460804
vn 0.32949406 0.94095010 0.07776002
vn 0.68072885 0.68064791 0.27078894
vn 0.70566034 0.70572239 0.06324103
vn 0.06327802 0.70569122 0.70568824
vn 0.27078307 0.68066114 0.68071806
vn 0.57736695 0.57731491 0.57736892
vn 0.07310099 0.99464196 -0.07310099
vn 0.32950714 0.94094551 -0.07776005
vn 0.31456518 0.89558256 -0.31461218
vn 0.07776500 0.94094306 -0.32951301
vn 0.27077302 0.68070406 -0.68067908
vn 0.06326199 0.70569092 -0.70568997
vn 0.70566308 0.70572108 -0.06322500
vn 0.68069315 0.68067122 -0.27082008
vn 0.57735693 0.57735294 -0.57734096
vn -0.07307202 0.07307202 0.99464619
vn -0.07775404 0.32948017 0.94095546
vn -0.31462899 0.31458399 0.89557004
vn -0.32948697 0.07775600 0.94095296
vn -0.68066233 0.27076915 0.68072230
vn -0.70566666 0.06328997 0.70571172
vn -0.06326697 0.70569170 0.70568877
vn -0.27083009 0.68069518 0.68066519
vn -0.57738996 0.57735795 0.57730293
vn -0.07310101 -0.07309403 0.99464238
vn -0.32951787 -0.07776197 0.94094163
vn -0.31459716 -0.31458011 0.89558244
vn -0.07776099 -0.32950598 0.94094586
vn -0.27082694 -0.68068081 0.68068081
vn -0.06325100 -0.70569092 0.70569092
vn -0.70566708 -0.06328101 0.70571214
vn -0.68063784 -0.27077690 0.68074381
vn -0.57737231 -0.57733923 0.57733923
vn 0.07309102 -0.07309301 0.99464321
vn 0.07775197 -0.32950884 0.94094557
vn 0.31458589 -0.31459087 0.89558274
vn 0.32951006 -0.07776401 0.94094419
vn 0.68066198 -0.27075100 0.68072999
vn 0.70570284 -0.06328598 0.70567584
vn 0.06325100 -0.70569092 0.70569092
vn 0.27075505 -0.68069512 0.68069512
vn 0.57731229 -0.57736927 0.57736927
vn 0.07308403 0.07308403 0.99464440
vn 0.32947490 0.07779698 0.94095379
vn 0.31458607 0.31459507 0.89558113
vn 0.07779403 0.32947114 0.94095540
vn 0.27078307 0.68066114 0.68071806
vn 0.06327802 0.70569122 0.70568824
vn 0.70565802 0.06326101 0.70572299
vn 0.68070638 0.27080411 0.68066436
vn 0.57736695 0.57731491 0.57736892
vn -0.94236135 0.00000100 0.33459711
vn -0.94236106 0.00000100 0.33459798
vn -0.70708078 0.00000200 0.70713282
vn -0.70708030 0.00000200 0.70713329
vn -0.94236135 -0.00000100 -0.33459711
vn -0.94236106 -0.00000100 -0.33459798
vn -0.70708078 -0.00000200 -0.70713282
vn -0.70708030 -0.00000200 -0.70713329
vn 0.94236237 -0.00000100 -0.33459413
vn 0.94236135 -0.00000100 -0.33459711
vn 0.70713282 -0.00000200 -0.70708078
vn 0.70708078 -0.00000200 -0.70713282
vn 0.94236279 0.00000100 0.33459291
vn 0.94235677 0.00000100 0.33460987
vn 0.70708030 0.00000200 0.70713329
vn 0.70711732 0.00000200 0.70709628
vn 0.00000000 -0.94237375 -0.33456191
vn 0.00000000 -0.94237524 -0.33455807
vn 0.00000000 -0.99748510 -0.07087702
vn 0.00000000 -0.70710683 -0.70710683
vn 0.00000000 -0.70710683 -0.70710683
vn 0.00000000 -0.94237375 0.33456191
vn 0.00000000 -0.94237375 0.33456191
vn 0.00000000 -0.70710683 0.70710683
vn 0.00000000 -0.70710683 0.70710683
vn -0.07087900 -0.00000200 -0.99748498
vn -0.33456191 -0.00000200 -0.94237375
vn -0.33459592 -0.00000200 -0.94236171
vn -0.07091404 -0.00000300 -0.99748248
vn -0.70708030 -0.00000200 -0.70713329
vn -0.70708078 -0.00000200 -0.70713282
vn 0.00000000 0.07091197 -0.99748260
vn 0.00000000 0.33459592 -0.94236171
vn 0.00000000 0.33459592 -0.94236171
vn 0.00000000 0.07091197 -0.99748260
vn 0.00000000 0.70710683 -0.70710683
vn 0.00000000 0.70710683 -0.70710683
vn 0.07091404 -0.00000200 -0.99748248
vn 0.33459592 -0.00000200 -0.94236171
vn 0.33455303 -0.00000200 -0.94237697
vn 0.07086898 -0.00000300 -0.99748564
vn 0.70708078 -0.00000200 -0.70713282
vn 0.70713282 -0.00000200 -0.70708078
vn 0.00000000 -0.07087602 -0.99748522
vn 0.00000000 -0.33455715 -0.94237548
vn 0.00000000 -0.33455715 -0.94237548
vn 0.00000000 -0.07087602 -0.99748522
vn 0.00000000 -0.70710683 -0.70710683
vn 0.00000000 -0.70710683 -0.70710683
vn 0.00000000 0.94236779 0.33457896
vn 0.00000000 0.94236940 0.33457419
vn 0.00000000 0.99748397 0.07089299
vn 0.00000000 0.70710683 0.70710683
vn 0.00000000 0.70710683 0.70710683
vn 0.00000000 0.94236171 -0.33459592
vn 0.00000000 0.94237375 -0.33456191
vn 0.00000000 0.70710683 -0.70710683
vn 0.00000000 0.70710683 -0.70710683
vn -0.07087900 0.00000200 0.99748498
vn -0.33456191 0.00000200 0.94237375
vn -0.33459592 0.00000200 0.94236171
vn -0.07091404 0.00000300 0.99748248
vn -0.70708030 0.00000200 0.70713329
vn -0.70708078 0.00000200 0.70713282
vn 0.00000000 -0.07090700 0.99748302
vn 0.00000000 -0.33459112 0.94236344
vn 0.00000000 -0.33459112 0.94236344
vn 0.00000000 -0.07090700 0.99748302
vn 0.00000000 -0.70710683 0.70710683
vn 0.00000000 -0.70710683 0.70710683
vn 0.07090402 0.00000300 0.99748325
vn 0.33458611 0.00000200 0.94236523
vn 0.33456191 0.00000200 0.94237375
vn 0.07087900 0.00000300 0.99748498
vn 0.70711732 0.00000200 0.70709628
vn 0.70708030 0.00000200 0.70713329
vn 0.00000000 0.07087900 0.99748498
vn 0.00000000 0.33455986 0.94237459
vn 0.00000000 0.33455986 0.94237459
vn 0.00000000 0.07087900 0.99748498
vn 0.00000000 0.70710683 0.70710683
vn 0.00000000 0.70710683 0.70710683
vn 0.00000000 0.07090700 -0.99748302
vn 0.00000000 -0.00000300 -1.00000000
vn 0.00000000 -0.07087602 -0.99748522
vn 0.00000000 -0.07090700 0.99748302
vn 0.00000000 0.00000300 1.00000000
vn 0.00000000 0.07087900 0.99748498
vn 0.00000000 -0.99748522 0.07087602
vn 0.00000000 -0.00000300 -1.00000000
vn 0.00000000 0.99748260 -0.07091297
vn 0.00000000 0.00000300 1.00000000
vn 0.00000000 -0.94237375 -0.33456191
vn 0.00000000 -0.70710683 -0.70710683
vn 0.00000000 -0.94237375 0.33456191
vn 0.00000000 -0.70710683 0.70710683
vn 0.00000000 0.33459112 -0.94236344
vn 0.00000000 0.70710683 -0.70710683
vn 0.00000000 -0.33455715 -0.94237548
vn 0.00000000 -0.70710683 -0.70710683
vn 0.00000000 0.94236839 0.33457714
vn 0.00000000 0.70710683 0.70710683
vn 0.00000000 0.94236171 -0.33459592
vn 0.00000000 0.70710683 -0.70710683
vn 0.00000000 -0.33459112 0.94236344
vn 0.00000000 -0.70710683 0.70710683
vn 0.00000000 0.33455986 0.94237459
vn 0.00000000 0.70710683 0.70710683
vt 0.58218902 0.01327801
vt 0.58209997 0.01119500
vt 0.58728200 0.01115698
vt 0.58731598 0.01323998
vt 0.58227801 0.01536000
vt 0.58735001 0.01532298
vt 0.57463801 0.01544398
vt 0.57450497 0.01336300
vt 0.57437098 0.01128203
vt 0.59258503 0.01321501
vt 0.59256297 0.01113200
vt 0.59979200 0.01110899
vt 0.59981799 0.01319301
vt 0.59260702 0.01529801
vt 0.59984398 0.01527601
vt 0.02511700 0.55242997
vt 0.02504900 0.55451298
vt 0.01893300 0.55451298
vt 0.01903600 0.55242997
vt 0.02518600 0.55034697
vt 0.01913900 0.55034697
vt 0.03035200 0.55034697
vt 0.03031400 0.55242997
vt 0.03027600 0.55451298
vt 0.00078900 0.27347004
vt 0.00072800 0.27555096
vt 0.00002200 0.27553499
vt 0.00008400 0.27344799
vt 0.00085200 0.27138799
vt 0.00014600 0.27136099
vt 0.00508100 0.27151501
vt 0.00502100 0.27359700
vt 0.00496000 0.27567899
vt 0.35406300 0.26540601
vt 0.44592199 0.26540500
vt 0.44592899 0.26627696
vt 0.35406399 0.26627803
vt 0.26191801 0.26540399
vt 0.26191801 0.26627600
vt 0.26191801 0.25939399
vt 0.35405701 0.25939500
vt 0.44591200 0.25930798
vt 0.35405001 0.54450899
vt 0.44730699 0.54448998
vt 0.44730699 0.54521102
vt 0.35405001 0.54522997
vt 0.26189801 0.54451901
vt 0.26189801 0.54523998
vt 0.26189801 0.54171002
vt 0.35404900 0.54170001
vt 0.44730601 0.54168099
vt 0.51801300 0.00073999
vt 0.50350600 0.00073600
vt 0.50350600 0.00001502
vt 0.51801401 0.00001901
vt 0.52893901 0.00074798
vt 0.52894002 0.00002700
vt 0.52893502 0.00355899
vt 0.51801097 0.00354999
vt 0.50350499 0.00354499
vt 0.53312802 0.46763301
vt 0.53311598 0.41715401
vt 0.53380501 0.41715199
vt 0.53381699 0.46763098
vt 0.53314799 0.51397997
vt 0.53383702 0.51397902
vt 0.52891600 0.51398599
vt 0.52889597 0.46764201
vt 0.52884698 0.41685498
vt 0.80949700 0.01369202
vt 0.80950999 0.01160997
vt 0.81024402 0.01160997
vt 0.81023002 0.01369703
vt 0.80948198 0.01577401
vt 0.81021601 0.01578403
vt 0.80667198 0.01575601
vt 0.80668598 0.01367301
vt 0.80669999 0.01159000
vt 0.35404101 0.20469403
vt 0.44575000 0.20492101
vt 0.44536799 0.22356498
vt 0.35403001 0.22358900
vt 0.26192001 0.20469302
vt 0.26191899 0.22358799
vt 0.26192001 0.18471700
vt 0.35405701 0.18471801
vt 0.44607699 0.18508399
vt 0.48850000 0.46770203
vt 0.48856601 0.41600096
vt 0.50344199 0.41661096
vt 0.50347197 0.46768999
vt 0.48851901 0.51402998
vt 0.50349098 0.51402003
vt 0.44729599 0.51404399
vt 0.44728100 0.46771502
vt 0.44729000 0.41694599
vt 0.05104900 0.55242997
vt 0.05096600 0.55451298
vt 0.04236800 0.55451298
vt 0.04249200 0.55242997
vt 0.05113200 0.55034697
vt 0.04261700 0.55034697
vt 0.08801600 0.55034697
vt 0.08799500 0.55242997
vt 0.08797400 0.55451399
vt 0.04540600 0.27446103
vt 0.04538700 0.27654397
vt 0.03039600 0.27632701
vt 0.03043600 0.27424401
vt 0.04542500 0.27237797
vt 0.03047600 0.27216101
vt 0.08663000 0.27263796
vt 0.08662300 0.27472103
vt 0.08661500 0.27680397
vt 0.48852900 0.00073397
vt 0.44730499 0.00073498
vt 0.44730499 0.00001401
vt 0.48852900 0.00001299
vt 0.48852900 0.00354302
vt 0.44730499 0.00354397
vt 0.00072400 0.55242997
vt 0.00072700 0.55451101
vt 0.00000000 0.55451900
vt 0.00000000 0.55242997
vt 0.00072600 0.55034900
vt 0.00000100 0.55034101
vt 0.00371900 0.55034697
vt 0.00370100 0.55242997
vt 0.00368400 0.55451298
vt 0.03584300 0.55242997
vt 0.03576000 0.55451298
vt 0.03592600 0.55034697
vt 0.54485798 0.01390898
vt 0.54490501 0.01599002
vt 0.54402202 0.01601601
vt 0.54397601 0.01392901
vt 0.54481298 0.01182699
vt 0.54392999 0.01184201
vt 0.54954302 0.01172000
vt 0.54960400 0.01380199
vt 0.54966497 0.01588500
vt 0.61083800 0.01316899
vt 0.61082000 0.01108599
vt 0.62675798 0.01106298
vt 0.62676400 0.01314598
vt 0.61085498 0.01525199
vt 0.62676901 0.01523000
vt 0.51138502 0.18382502
vt 0.50927401 0.19609404
vt 0.50342399 0.19565898
vt 0.50343001 0.18307602
vt 0.51611602 0.18927002
vt 0.51534897 0.19783801
vt 0.52182299 0.18508303
vt 0.52248502 0.20101297
vt 0.52987701 0.18386698
vt 0.53004402 0.19980001
vt 0.52483702 0.21073300
vt 0.53062999 0.21050000
vt 0.53100199 0.21762902
vt 0.52634299 0.21757299
vt 0.53113502 0.22294700
vt 0.52689099 0.22295600
vt 0.53100300 0.22821200
vt 0.52637202 0.22830701
vt 0.53062201 0.23583901
vt 0.52482700 0.23555803
vt 0.53001100 0.24824500
vt 0.52230603 0.24663901
vt 0.53021300 0.26048899
vt 0.52300400 0.26010799
vt 0.51497698 0.25008404
vt 0.51508200 0.26098704
vt 0.50897300 0.26146901
vt 0.50902200 0.25197101
vt 0.50364399 0.26160002
vt 0.50356299 0.25247097
vt 0.49806100 0.26142401
vt 0.49772000 0.25175297
vt 0.49143201 0.26066601
vt 0.49102700 0.24871302
vt 0.48296699 0.25904900
vt 0.48301700 0.24224901
vt 0.44589999 0.24329102
vt 0.48095700 0.22349602
vt 0.48242199 0.20560503
vt 0.48363501 0.18618500
vt 0.48994800 0.19938701
vt 0.48951399 0.18993402
vt 0.49487400 0.18388498
vt 0.49696600 0.19641399
vt 0.53093803 0.32760900
vt 0.52625102 0.32765198
vt 0.52677500 0.32228500
vt 0.53106397 0.32231402
vt 0.53057802 0.33476001
vt 0.52478898 0.33450496
vt 0.52999401 0.34543800
vt 0.52243298 0.34420699
vt 0.52982700 0.36134100
vt 0.52175897 0.36012197
vt 0.51527703 0.34737700
vt 0.51604497 0.35593796
vt 0.51131803 0.36138904
vt 0.50920802 0.34915400
vt 0.50338900 0.36214602
vt 0.50337601 0.34960902
vt 0.49486700 0.36133003
vt 0.49693701 0.34881604
vt 0.48950800 0.35526901
vt 0.48993000 0.34580600
vt 0.48362899 0.35902900
vt 0.48239699 0.33961201
vt 0.44604200 0.36014104
vt 0.44570801 0.34030497
vt 0.48089299 0.32175601
vt 0.44531199 0.32167000
vt 0.44581300 0.30194199
vt 0.48284400 0.30299699
vt 0.44578499 0.28592002
vt 0.48264799 0.28617299
vt 0.49074399 0.29652798
vt 0.49097300 0.28455400
vt 0.49772799 0.28379500
vt 0.49750200 0.29349601
vt 0.50345200 0.28361797
vt 0.50342500 0.29278398
vt 0.50868201 0.28374499
vt 0.50882101 0.29327703
vt 0.51468599 0.28422701
vt 0.51472503 0.29517698
vt 0.52272999 0.28511900
vt 0.52217299 0.29869103
vt 0.53009099 0.28475600
vt 0.52992898 0.29716504
vt 0.52479899 0.30985999
vt 0.53057098 0.30968702
vt 0.53094602 0.31720501
vt 0.52631301 0.31703901
vt 0.17981000 0.55243099
vt 0.17981000 0.55451500
vt 0.17981000 0.55034798
vt 0.27194500 0.55035198
vt 0.27194500 0.55243498
vt 0.27194500 0.55451798
vt 0.17986099 0.27496099
vt 0.17985800 0.27704400
vt 0.17986500 0.27287698
vt 0.27199599 0.27294701
vt 0.27199599 0.27503002
vt 0.27199599 0.27711296
vt 0.35400900 0.27984202
vt 0.26188099 0.27985400
vt 0.26188099 0.27898204
vt 0.35400999 0.27897000
vt 0.44578099 0.27981997
vt 0.44578800 0.27894801
vt 0.35400400 0.28585303
vt 0.26188099 0.28586400
vt 0.35406101 0.00073999
vt 0.26192600 0.00073999
vt 0.26192600 0.00001901
vt 0.35406101 0.00001901
vt 0.35406101 0.00354898
vt 0.26192600 0.00354898
vt 0.35399801 0.34055400
vt 0.26188499 0.34056497
vt 0.26188299 0.32167000
vt 0.35398400 0.32165897
vt 0.35401699 0.36053002
vt 0.26188600 0.36054099
vt 0.58232802 0.01653302
vt 0.58736801 0.01649600
vt 0.58234501 0.01711601
vt 0.58737600 0.01708001
vt 0.57473803 0.01719999
vt 0.57471299 0.01661700
vt 0.58204901 0.01002198
vt 0.57429600 0.01011002
vt 0.58202201 0.00944000
vt 0.57425499 0.00952798
vt 0.58725399 0.00940102
vt 0.58726299 0.00998402
vt 0.59261900 0.01647198
vt 0.59985900 0.01644897
vt 0.59262598 0.01705498
vt 0.59986800 0.01703203
vt 0.59255099 0.00995898
vt 0.59254700 0.00937599
vt 0.59977400 0.00935298
vt 0.59977800 0.00993598
vt 0.02522500 0.54917401
vt 0.01919700 0.54917401
vt 0.02523900 0.54856402
vt 0.01921700 0.54856402
vt 0.03038300 0.54856402
vt 0.03037300 0.54917401
vt 0.02501000 0.55568701
vt 0.03025500 0.55568701
vt 0.02499000 0.55629599
vt 0.03024600 0.55629599
vt 0.01884500 0.55629599
vt 0.01887500 0.55568701
vt 0.00089200 0.27021801
vt 0.00019600 0.27016902
vt 0.00090000 0.26963300
vt 0.00034900 0.26971197
vt 0.00513300 0.26975501
vt 0.00511600 0.27034199
vt 0.01585400 0.27716100
vt 0.01588400 0.27598798
vt 0.03037300 0.27750099
vt 0.01583800 0.27774799
vt 0.03036200 0.27808797
vt 0.00490900 0.27743900
vt 0.00492600 0.27685201
vt 0.80947000 0.01694399
vt 0.81019503 0.01697201
vt 0.80947798 0.01752502
vt 0.81004399 0.01742703
vt 0.80666000 0.01751298
vt 0.80666399 0.01692903
vt 0.73268801 0.01005298
vt 0.68219602 0.00991601
vt 0.68219799 0.00933301
vt 0.73268998 0.00946999
vt 0.77904898 0.01025301
vt 0.77905202 0.00967002
vt 0.77904302 0.01142597
vt 0.73268300 0.01122701
vt 0.68219399 0.01108903
vt 0.05117900 0.54917401
vt 0.04268700 0.54917401
vt 0.05120700 0.54856402
vt 0.04272800 0.54856402
vt 0.08803500 0.54856402
vt 0.08802800 0.54917401
vt 0.05091900 0.55568701
vt 0.08796300 0.55568701
vt 0.05090700 0.55629599
vt 0.08796000 0.55629700
vt 0.04227800 0.55629599
vt 0.04229700 0.55568701
vt 0.04543500 0.27120399
vt 0.03049900 0.27098703
vt 0.04544000 0.27061701
vt 0.03051000 0.27039999
vt 0.08663700 0.27087796
vt 0.08663500 0.27146500
vt 0.04537700 0.27771699
vt 0.08661100 0.27797800
vt 0.04537200 0.27830398
vt 0.08660800 0.27856499
vt 0.00073400 0.54918098
vt 0.00002200 0.54914099
vt 0.00071400 0.54857498
vt 0.00014400 0.54865402
vt 0.00373100 0.54856300
vt 0.00372800 0.54917300
vt 0.01074300 0.55568701
vt 0.01078200 0.55451298
vt 0.01072400 0.55629599
vt 0.00366900 0.55629700
vt 0.00367500 0.55568701
vt 0.03597300 0.54917401
vt 0.03600000 0.54856402
vt 0.03571300 0.55568701
vt 0.03570000 0.55629599
vt 0.54478902 0.01065701
vt 0.54391402 0.01065499
vt 0.54476798 0.01007497
vt 0.54409599 0.01019400
vt 0.54948997 0.00996399
vt 0.54950798 0.01054603
vt 0.56173098 0.01682103
vt 0.56167102 0.01564801
vt 0.56175297 0.01740402
vt 0.54971403 0.01764101
vt 0.54969901 0.01705801
vt 0.61086500 0.01642603
vt 0.62677199 0.01640302
vt 0.61087102 0.01700902
vt 0.62677401 0.01698601
vt 0.61081100 0.00991201
vt 0.61080903 0.00932997
vt 0.62675500 0.00930703
vt 0.62675500 0.00989002
vt 0.17981000 0.54917502
vt 0.17981100 0.54856497
vt 0.27194500 0.54856902
vt 0.27194500 0.54917800
vt 0.17981000 0.55568802
vt 0.27194500 0.55569100
vt 0.17981000 0.55629802
vt 0.27194500 0.55630100
vt 0.17986600 0.27170396
vt 0.17986700 0.27111697
vt 0.27199599 0.27118599
vt 0.27199599 0.27177298
vt 0.17985600 0.27821696
vt 0.27199599 0.27828598
vt 0.17985500 0.27880400
vt 0.27199599 0.27887297
vt 0.35404000 0.24364001
vt 0.26191899 0.24363798
vt 0.56156403 0.01356697
vt 0.56145698 0.01148498
vt 0.53323102 0.26531100
vt 0.53320700 0.26060796
vt 0.53389603 0.26059997
vt 0.53391999 0.26531100
vt 0.53324699 0.26618099
vt 0.53377301 0.26597297
vt 0.53029299 0.26620400
vt 0.53029102 0.26533103
vt 0.50895399 0.26539302
vt 0.51511401 0.26538002
vt 0.50894499 0.26626503
vt 0.51510000 0.26625204
vt 0.50367999 0.26627302
vt 0.50367701 0.26540101
vt 0.49819800 0.26540601
vt 0.49821699 0.26627803
vt 0.49162999 0.26628000
vt 0.49160099 0.26540804
vt 0.48297399 0.26540697
vt 0.48299399 0.26627898
vt 0.48259801 0.27980697
vt 0.48262301 0.27893496
vt 0.49110800 0.27893198
vt 0.49107099 0.27980399
vt 0.49781901 0.27980304
vt 0.49784401 0.27893001
vt 0.50346899 0.27893198
vt 0.50346297 0.27980399
vt 0.50862598 0.27980900
vt 0.50862098 0.27893698
vt 0.51465201 0.27894604
vt 0.51465899 0.27981800
vt 0.52291101 0.27983600
vt 0.52290797 0.27896404
vt 0.53015500 0.27898598
vt 0.53015202 0.27985901
vt 0.35399100 0.30160797
vt 0.26188201 0.30162001
vt 0.56139702 0.01031202
vt 0.56136501 0.00972998
vt 0.54493499 0.01716101
vt 0.54493999 0.01774299
vt 0.54406101 0.01720399
vt 0.54426402 0.01765603
vt 0.01593800 0.27390504
vt 0.01599200 0.27182299
vt 0.53317100 0.00075799
vt 0.53318000 0.00003898
vt 0.53385901 0.00075102
vt 0.53370798 0.00019997
vt 0.53385699 0.00356698
vt 0.53316802 0.00356603
vt 0.51802403 0.54445601
vt 0.52895200 0.54444200
vt 0.52895403 0.54516298
vt 0.51802498 0.54517698
vt 0.50351501 0.54446900
vt 0.50351602 0.54518998
vt 0.50351202 0.54165900
vt 0.51801997 0.54164702
vt 0.52894598 0.54163098
vt 0.01085100 0.55242997
vt 0.01092000 0.55034697
vt 0.53315502 0.19940299
vt 0.53315300 0.18346500
vt 0.53384399 0.19941002
vt 0.53384298 0.18346900
vt 0.53384101 0.21044099
vt 0.53315198 0.21043199
vt 0.53314602 0.21765500
vt 0.53383499 0.21766102
vt 0.53382999 0.22294199
vt 0.53314102 0.22294402
vt 0.53313798 0.22816998
vt 0.53382701 0.22815204
vt 0.53383398 0.23588800
vt 0.53314501 0.23591602
vt 0.53317100 0.24876702
vt 0.53386003 0.24874800
vt 0.53309202 0.32758904
vt 0.53308600 0.32232702
vt 0.53378099 0.32758200
vt 0.53377497 0.32232797
vt 0.53378898 0.33482701
vt 0.53309900 0.33483696
vt 0.53310502 0.34584200
vt 0.53379500 0.34583402
vt 0.53379798 0.36173904
vt 0.53310800 0.36174297
vt 0.53310603 0.29667699
vt 0.53313601 0.28464401
vt 0.53379500 0.29669297
vt 0.53382498 0.28464997
vt 0.53377599 0.30967999
vt 0.53308600 0.30965799
vt 0.53308302 0.31727803
vt 0.53377199 0.31729198
vt 0.01602300 0.27065003
vt 0.01603800 0.27006304
vt 0.00069800 0.27672100
vt 0.00067000 0.27730596
vt 0.00000000 0.27672696
vt 0.00012500 0.27719301
vt 0.01095800 0.54917300
vt 0.01097200 0.54856402
vt 0.00073400 0.55567902
vt 0.00071400 0.55628502
vt 0.00002200 0.55571902
vt 0.00014400 0.55620497
vt 0.52323997 0.26535797
vt 0.52323198 0.26622999
vt 0.53315598 0.27987701
vt 0.53317100 0.27900696
vt 0.53384399 0.27987599
vt 0.53369701 0.27921402
vt 0.35403600 0.46773303
vt 0.35404399 0.51406300
vt 0.26189601 0.51407301
vt 0.26189300 0.46774399
vt 0.35402900 0.41727602
vt 0.26188999 0.41728699
vt 0.51799399 0.07753503
vt 0.51799798 0.03119600
vt 0.52892101 0.03120703
vt 0.52891600 0.07755500
vt 0.51784998 0.12924802
vt 0.52888101 0.12834400
vt 0.50347400 0.12859499
vt 0.50349200 0.07751602
vt 0.50349599 0.03118497
vt 0.53318501 0.54442799
vt 0.53317899 0.54162002
vt 0.53386801 0.54161900
vt 0.53387201 0.54443502
vt 0.53319401 0.54514802
vt 0.53372198 0.54498601
vt 0.73267603 0.01331002
vt 0.77903301 0.01350898
vt 0.77902299 0.01559198
vt 0.73266900 0.01539302
vt 0.68219000 0.01317197
vt 0.68218499 0.01525497
vt 0.48853600 0.54447597
vt 0.48853499 0.54166800
vt 0.48853701 0.54519701
vt 0.48852000 0.07750899
vt 0.48852399 0.03118002
vt 0.48859301 0.12921000
vt 0.44732100 0.12827897
vt 0.44730300 0.07751000
vt 0.44730499 0.03118098
vt 0.35406101 0.07751501
vt 0.35406199 0.03118598
vt 0.35406101 0.12797099
vt 0.26192200 0.12797099
vt 0.26192400 0.07751399
vt 0.26192501 0.03118598
vt 0.73266500 0.01656598
vt 0.77901697 0.01676601
vt 0.77901399 0.01734900
vt 0.73266298 0.01714897
vt 0.68218303 0.01642901
vt 0.68218303 0.01701200
vt 0.80951399 0.01043999
vt 0.80670702 0.01041597
vt 0.80671197 0.00983298
vt 0.80953002 0.00985998
vt 0.81023997 0.01042199
vt 0.81009501 0.00996500
vt 0.53314900 0.07756197
vt 0.53315300 0.03121102
vt 0.53384203 0.03121102
vt 0.53383797 0.07756299
vt 0.53314900 0.12804401
vt 0.53383797 0.12804604
vt 0.51797402 0.46766496
vt 0.51799297 0.51400203
vt 0.51781398 0.41595399
vt 0.53316700 0.53505599
vt 0.53385597 0.53505403
vt 0.52893502 0.53506303
vt 0.53311098 0.38368499
vt 0.52873099 0.38245404
vt 0.53380001 0.38368297
vt 0.48853099 0.53510201
vt 0.50350702 0.53509301
vt 0.44730401 0.53511602
vt 0.48879600 0.37880802
vt 0.44734401 0.38255596
vt 0.50338501 0.38128901
vt 0.80013698 0.01037300
vt 0.80014098 0.00979000
vt 0.80013001 0.01154602
vt 0.64871800 0.00988102
vt 0.64871699 0.01105398
vt 0.64871901 0.00929803
vt 0.35402501 0.38382304
vt 0.26188701 0.38383400
vt 0.35404801 0.53513497
vt 0.26189700 0.53514498
vt 0.51741999 0.16644800
vt 0.52877402 0.16274399
vt 0.50342298 0.16391802
vt 0.51800603 0.01011801
vt 0.50350201 0.01011097
vt 0.52892798 0.01012701
vt 0.64871597 0.01313698
vt 0.64871597 0.01521999
vt 0.80011702 0.01362902
vt 0.80010402 0.01571202
vt 0.48881501 0.16640401
vt 0.44737801 0.16266799
vt 0.48852801 0.01010799
vt 0.44730499 0.01010901
vt 0.35406199 0.16142499
vt 0.26192099 0.16142398
vt 0.35406101 0.01011401
vt 0.26192600 0.01011401
vt 0.64871502 0.01639402
vt 0.64871597 0.01697701
vt 0.80009699 0.01688600
vt 0.80009401 0.01746899
vt 0.53315097 0.16151202
vt 0.53384000 0.16151398
vt 0.53316098 0.01013201
vt 0.53385001 0.01013303
vt 0.51736701 0.37875402
vt 0.51801097 0.53507900
vt 0.50633198 0.23890400
vt 0.50629300 0.24750102
vt 0.50348502 0.24764001
vt 0.50353003 0.23914003
vt 0.50903398 0.24699801
vt 0.50896603 0.23825902
vt 0.50357598 0.23813903
vt 0.50634700 0.23788297
vt 0.50361800 0.23758399
vt 0.50635302 0.23731399
vt 0.50901198 0.23654401
vt 0.50899702 0.23717403
vt 0.51416200 0.23360801
vt 0.51356101 0.23512298
vt 0.51146799 0.23613799
vt 0.51156199 0.23534703
vt 0.51336002 0.23648703
vt 0.51134902 0.23737800
vt 0.51446402 0.24511498
vt 0.51174498 0.24618500
vt 0.51773399 0.33004296
vt 0.52297801 0.33067399
vt 0.52210099 0.33381104
vt 0.51685297 0.33212602
vt 0.52368599 0.32774901
vt 0.51861900 0.32761300
vt 0.51561803 0.33229697
vt 0.51664197 0.33015096
vt 0.51405698 0.33289504
vt 0.51581502 0.33024502
vt 0.51704800 0.32765001
vt 0.51770198 0.32763803
vt 0.51816303 0.32222700
vt 0.51874602 0.32223201
vt 0.51844603 0.32497203
vt 0.51785898 0.32496202
vt 0.51958001 0.32223797
vt 0.51928902 0.32497597
vt 0.52436000 0.32227999
vt 0.52416700 0.32497096
vt 0.51127702 0.30786598
vt 0.51157498 0.29907596
vt 0.51429600 0.30015397
vt 0.51329798 0.30875897
vt 0.50887901 0.29826200
vt 0.50889301 0.30698699
vt 0.51350898 0.31010902
vt 0.51140600 0.30909097
vt 0.51411301 0.31160796
vt 0.51150501 0.30986899
vt 0.50895101 0.30867302
vt 0.50893098 0.30805802
vt 0.50355703 0.30763602
vt 0.50351298 0.30709600
vt 0.50628197 0.30735004
vt 0.50629199 0.30790496
vt 0.50346202 0.30611199
vt 0.50625998 0.30634600
vt 0.50336099 0.29762501
vt 0.50615901 0.29776204
vt 0.51939201 0.22022998
vt 0.52428299 0.22025299
vt 0.52447897 0.22295898
vt 0.51968497 0.22297204
vt 0.52378398 0.21747202
vt 0.51870698 0.21759200
vt 0.51883399 0.22297299
vt 0.51853102 0.22023100
vt 0.51823503 0.22297400
vt 0.51792902 0.22023898
vt 0.51711398 0.21755099
vt 0.51777798 0.21756500
vt 0.51411003 0.21231002
vt 0.51567000 0.21290803
vt 0.51670498 0.21505201
vt 0.51587403 0.21495700
vt 0.51690298 0.21308202
vt 0.51780200 0.21516299
vt 0.52215201 0.21141398
vt 0.52305102 0.21454901
vt 0.48837200 0.22630900
vt 0.48412400 0.23042202
vt 0.48361701 0.22339100
vt 0.48803300 0.22304797
vt 0.48559999 0.23650700
vt 0.48930001 0.22940701
vt 0.48872700 0.22302604
vt 0.48903799 0.22597504
vt 0.48919499 0.22302300
vt 0.48948601 0.22585797
vt 0.49030799 0.22858799
vt 0.48989800 0.22881103
vt 0.49340799 0.23331797
vt 0.49311200 0.23371303
vt 0.49127001 0.23142600
vt 0.49162701 0.23110902
vt 0.49275100 0.23456502
vt 0.49078301 0.23218298
vt 0.49137500 0.24327600
vt 0.48821199 0.24057603
vt 0.49072099 0.31306303
vt 0.48804900 0.30467796
vt 0.49118799 0.30197597
vt 0.49268299 0.31067801
vt 0.48547500 0.30875003
vt 0.48924601 0.31584203
vt 0.49305201 0.31151903
vt 0.49121201 0.31380796
vt 0.49334899 0.31190300
vt 0.49157000 0.31411302
vt 0.49025401 0.31663597
vt 0.48984599 0.31642497
vt 0.48914400 0.32220000
vt 0.48868099 0.32220799
vt 0.48898900 0.31926203
vt 0.48943400 0.31936699
vt 0.48799101 0.32219803
vt 0.48832601 0.31894100
vt 0.48356000 0.32186401
vt 0.48403701 0.31483799
vt 0.48827100 0.32545197
vt 0.48386499 0.32875401
vt 0.48514199 0.33461899
vt 0.48914301 0.32855099
vt 0.48895800 0.32515401
vt 0.48941901 0.32503104
vt 0.49022499 0.32775801
vt 0.48978701 0.32799399
vt 0.49330699 0.33249599
vt 0.49296600 0.33292902
vt 0.49113399 0.33062196
vt 0.49153200 0.33028001
vt 0.49252999 0.33375597
vt 0.49058300 0.33134401
vt 0.49064001 0.34123099
vt 0.48757601 0.33857203
vt 0.50057101 0.20713198
vt 0.50025398 0.19987899
vt 0.50336200 0.19957298
vt 0.50349200 0.20675802
vt 0.49706200 0.20066500
vt 0.49768999 0.20805502
vt 0.50354999 0.20775402
vt 0.50070101 0.20810401
vt 0.50359899 0.20836997
vt 0.50081402 0.20869398
vt 0.49809799 0.20955300
vt 0.49790999 0.20899898
vt 0.49336201 0.21271098
vt 0.49302301 0.21227503
vt 0.49530700 0.21040100
vt 0.49557400 0.21090603
vt 0.49258801 0.21144497
vt 0.49498400 0.20950103
vt 0.49067700 0.20396698
vt 0.49384800 0.20200300
vt 0.57295501 0.02488500
vt 0.57033002 0.02488500
vt 0.57033199 0.02030402
vt 0.57295603 0.02030301
vt 0.56770802 0.02488297
vt 0.56771302 0.02030301
vt 0.56508499 0.02487999
vt 0.56509298 0.02030003
vt 0.56246102 0.02487499
vt 0.56247503 0.02029401
vt 0.59396499 0.02486998
vt 0.59134603 0.02487302
vt 0.59134102 0.02028900
vt 0.59395999 0.02028602
vt 0.58874500 0.02487499
vt 0.58874100 0.02029198
vt 0.58615297 0.02487701
vt 0.58614898 0.02029401
vt 0.58355498 0.02487898
vt 0.58355200 0.02029699
vt 0.61517900 0.02480501
vt 0.61252999 0.02482098
vt 0.61250198 0.02023798
vt 0.61514300 0.02021998
vt 0.60986900 0.02483499
vt 0.60984802 0.02025098
vt 0.60721499 0.02484399
vt 0.60719800 0.02026200
vt 0.60457402 0.02485198
vt 0.60456097 0.02026898
vt 0.55193102 0.02481598
vt 0.54928398 0.02478701
vt 0.54933500 0.02020401
vt 0.55197400 0.02023298
vt 0.54662400 0.02475297
vt 0.54667997 0.02016902
vt 0.54396701 0.02470702
vt 0.54402798 0.02013898
vt 0.62564403 0.02468503
vt 0.62558001 0.02010000
vt 0.62821198 0.02006602
vt 0.62828100 0.02463299
vt 0.62303102 0.02472198
vt 0.62297201 0.02013803
vt 0.62042099 0.02475601
vt 0.62036902 0.02017099
vt 0.61780500 0.02478200
vt 0.61776203 0.02019900
vt 0.55983198 0.02486598
vt 0.55985200 0.02028602
vt 0.55719799 0.02485502
vt 0.55722499 0.02027398
vt 0.55456299 0.02483702
vt 0.55459899 0.02025700
vt 0.58092397 0.02488101
vt 0.58092099 0.02029902
vt 0.57826602 0.02488202
vt 0.57826400 0.02030200
vt 0.57560301 0.02488399
vt 0.57560098 0.02030301
vt 0.60193300 0.02485800
vt 0.60192299 0.02027500
vt 0.59927601 0.02486199
vt 0.59926802 0.02028000
vt 0.59661400 0.02486598
vt 0.59660703 0.02028298
vt 0.51152301 0.21056598
vt 0.51144201 0.20968902
vt 0.51352298 0.21069700
vt 0.50898403 0.20937598
vt 0.50897700 0.20866901
vt 0.50896502 0.20756900
vt 0.51134902 0.20842397
vt 0.51335102 0.20930398
vt 0.50633198 0.20862001
vt 0.50632799 0.20798302
vt 0.50631797 0.20695901
vt 0.50632501 0.19967401
vt 0.50917500 0.20013100
vt 0.51194698 0.20089298
vt 0.51467699 0.20190698
vt 0.49158600 0.21492898
vt 0.49118799 0.21458501
vt 0.49027699 0.21745503
vt 0.48983699 0.21722102
vt 0.48919100 0.21666598
vt 0.49063700 0.21386003
vt 0.48947001 0.22018701
vt 0.48900500 0.22007102
vt 0.48831499 0.21978098
vt 0.48390701 0.21648598
vt 0.48517701 0.21060097
vt 0.48761001 0.20663100
vt 0.49561399 0.23510897
vt 0.49538800 0.23556399
vt 0.49813101 0.23644197
vt 0.49797300 0.23694301
vt 0.49780700 0.23790002
vt 0.49513400 0.23648000
vt 0.50083798 0.23728001
vt 0.50074399 0.23781401
vt 0.50064701 0.23879600
vt 0.50057298 0.24736297
vt 0.49757200 0.24659401
vt 0.49450099 0.24525601
vt 0.51592201 0.23098803
vt 0.51675999 0.23088098
vt 0.51573002 0.23298800
vt 0.51714998 0.22840101
vt 0.51781797 0.22838098
vt 0.51875198 0.22834802
vt 0.51786202 0.23076499
vt 0.51696801 0.23281902
vt 0.51794797 0.22571200
vt 0.51855302 0.22571802
vt 0.51941597 0.22571397
vt 0.52430302 0.22565901
vt 0.52381700 0.22846001
vt 0.52308398 0.23146701
vt 0.52216399 0.23478502
vt 0.50057900 0.30645400
vt 0.50043499 0.29789996
vt 0.49741101 0.29866499
vt 0.49773800 0.30734700
vt 0.50068098 0.30742002
vt 0.50077701 0.30794001
vt 0.49807000 0.30877799
vt 0.49791101 0.30829000
vt 0.49532601 0.30966800
vt 0.49555501 0.31011200
vt 0.49506399 0.30876398
vt 0.49431801 0.29999697
vt 0.51932901 0.31950498
vt 0.52420700 0.31961000
vt 0.52375603 0.31684601
vt 0.51869297 0.31688201
vt 0.51847702 0.31949300
vt 0.51788199 0.31949198
vt 0.51709300 0.31680703
vt 0.51775998 0.31683600
vt 0.51569998 0.31224501
vt 0.51672000 0.31434298
vt 0.51587200 0.31422299
vt 0.51695698 0.31243300
vt 0.51783198 0.31447697
vt 0.52214402 0.31056798
vt 0.52305198 0.31387103
vt 0.51504499 0.31077003
vt 0.51483798 0.30944204
vt 0.51587701 0.30974603
vt 0.51628202 0.31089497
vt 0.51709598 0.30144799
vt 0.51951098 0.30349201
vt 0.52107900 0.30681896
vt 0.51487797 0.23581100
vt 0.51722902 0.24383998
vt 0.51959598 0.24182099
vt 0.51590103 0.23551601
vt 0.51507598 0.23447204
vt 0.51629299 0.23436403
vt 0.52112103 0.23852003
vt 0.51502597 0.21134603
vt 0.51485401 0.20998597
vt 0.51586801 0.21033698
vt 0.51623797 0.21148700
vt 0.51739800 0.20312500
vt 0.51969600 0.20500302
vt 0.52115798 0.20799899
vt 0.50626302 0.33829701
vt 0.50626802 0.34559703
vt 0.50331098 0.34570199
vt 0.50343698 0.33850098
vt 0.50911403 0.34512496
vt 0.50891000 0.33767498
vt 0.50349599 0.33748698
vt 0.50627398 0.33725500
vt 0.50354600 0.33685398
vt 0.50627899 0.33660102
vt 0.50893003 0.33584100
vt 0.50892299 0.33656096
vt 0.51347202 0.33451402
vt 0.51138800 0.33553004
vt 0.51146901 0.33464396
vt 0.51330000 0.33591104
vt 0.51129502 0.33680403
vt 0.51461601 0.34331399
vt 0.51188397 0.34434497
vt 0.51498002 0.33386099
vt 0.51619601 0.33371997
vt 0.51582599 0.33487099
vt 0.51480901 0.33522201
vt 0.52111298 0.33722198
vt 0.51964998 0.34021401
vt 0.51734400 0.34209096
vt 0.49551800 0.33430499
vt 0.49524900 0.33481002
vt 0.49804300 0.33566201
vt 0.49785301 0.33622396
vt 0.49763200 0.33717501
vt 0.49492499 0.33571100
vt 0.50075901 0.33652699
vt 0.50064498 0.33712900
vt 0.50051397 0.33811599
vt 0.50020701 0.34538102
vt 0.49701899 0.34457099
vt 0.49380901 0.34320903
vt 0.51128602 0.23457897
vt 0.51339698 0.23286098
vt 0.50889498 0.23584902
vt 0.50632602 0.23664600
vt 0.50365400 0.23692399
vt 0.50365698 0.23660702
vt 0.50627398 0.23633200
vt 0.50878298 0.23554897
vt 0.51110297 0.23429704
vt 0.51314902 0.23261601
vt 0.51717299 0.32492101
vt 0.51747799 0.32222301
vt 0.51633501 0.32752901
vt 0.51502597 0.32995701
vt 0.51329398 0.33208704
vt 0.51304799 0.33183599
vt 0.51474297 0.32977104
vt 0.51603299 0.32741600
vt 0.51685798 0.32486796
vt 0.51715797 0.32222199
vt 0.50626802 0.30856001
vt 0.50359499 0.30828297
vt 0.50883698 0.30935502
vt 0.51122898 0.31062400
vt 0.51334101 0.31234097
vt 0.51309299 0.31258500
vt 0.51104599 0.31090498
vt 0.50872600 0.30965400
vt 0.50621599 0.30887198
vt 0.50359899 0.30859804
vt 0.51508099 0.21524298
vt 0.51334900 0.21311402
vt 0.51639098 0.21767104
vt 0.51722902 0.22027802
vt 0.51753497 0.22297502
vt 0.51721299 0.22297597
vt 0.51691198 0.22033101
vt 0.51608700 0.21778297
vt 0.51479799 0.21542901
vt 0.51310301 0.21336502
vt 0.49208200 0.23073602
vt 0.49378699 0.23284900
vt 0.49082500 0.22832596
vt 0.49004599 0.22572100
vt 0.48977500 0.22302002
vt 0.49008501 0.22301900
vt 0.49034899 0.22565800
vt 0.49110901 0.22820401
vt 0.49233800 0.23055899
vt 0.49400201 0.23262399
vt 0.48999101 0.31949198
vt 0.48972100 0.32219303
vt 0.49076900 0.31688601
vt 0.49202499 0.31447500
vt 0.49372900 0.31236196
vt 0.49394500 0.31258601
vt 0.49228001 0.31465101
vt 0.49105299 0.31700701
vt 0.49029300 0.31955302
vt 0.49002901 0.32219201
vt 0.49202201 0.32988501
vt 0.49372700 0.33199501
vt 0.49076700 0.32748497
vt 0.48998901 0.32488900
vt 0.49029300 0.32482600
vt 0.49105299 0.32736200
vt 0.49228099 0.32970601
vt 0.49394599 0.33176696
vt 0.49590200 0.21149099
vt 0.49377999 0.21321601
vt 0.49832800 0.21019799
vt 0.50094599 0.20938098
vt 0.50364298 0.20908403
vt 0.50364798 0.20940697
vt 0.50100899 0.20969599
vt 0.49844801 0.21049500
vt 0.49607500 0.21175897
vt 0.49399999 0.21344399
vt 0.50630498 0.20935100
vt 0.50886202 0.21013796
vt 0.51124299 0.21140301
vt 0.51106000 0.21169198
vt 0.50875098 0.21044600
vt 0.50625402 0.20967102
vt 0.49004400 0.22032297
vt 0.49082100 0.21772701
vt 0.49207601 0.21532601
vt 0.49233499 0.21550500
vt 0.49110699 0.21784997
vt 0.49034801 0.22038603
vt 0.50095201 0.23664403
vt 0.49833301 0.23584402
vt 0.49590701 0.23456597
vt 0.49607599 0.23430198
vt 0.49844900 0.23555201
vt 0.50101203 0.23633301
vt 0.51724601 0.22567600
vt 0.51642299 0.22829002
vt 0.51512402 0.23072398
vt 0.51484001 0.23054200
vt 0.51611799 0.22817898
vt 0.51692802 0.22562397
vt 0.49584901 0.31064498
vt 0.49827501 0.30936503
vt 0.50089401 0.30856401
vt 0.50095397 0.30887300
vt 0.49839100 0.30965602
vt 0.49601799 0.31090701
vt 0.51506901 0.31447601
vt 0.51636702 0.31691003
vt 0.51718998 0.31952298
vt 0.51687300 0.31957400
vt 0.51606297 0.31701899
vt 0.51478398 0.31465602
vt 0.51118797 0.33379996
vt 0.50880802 0.33506703
vt 0.50625199 0.33585596
vt 0.50358999 0.33612502
vt 0.50359398 0.33579999
vt 0.50620103 0.33553499
vt 0.50869697 0.33475804
vt 0.51100600 0.33351099
vt 0.50089300 0.33582801
vt 0.49827501 0.33501101
vt 0.49584800 0.33371800
vt 0.49602100 0.33345103
vt 0.49839401 0.33471400
vt 0.50095600 0.33551204
vt 0.56508303 0.02598798
vt 0.56245899 0.02598602
vt 0.56770700 0.02599400
vt 0.57033002 0.02599299
vt 0.57295603 0.02599597
vt 0.57295501 0.02635902
vt 0.57033098 0.02635801
vt 0.56770700 0.02635700
vt 0.56508303 0.02635401
vt 0.56245798 0.02635002
vt 0.57033300 0.01919502
vt 0.57295501 0.01919198
vt 0.56771398 0.01919198
vt 0.56509501 0.01919103
vt 0.56247801 0.01918298
vt 0.56247902 0.01881897
vt 0.56509602 0.01882601
vt 0.56771499 0.01882797
vt 0.57033300 0.01882899
vt 0.57295501 0.01882797
vt 0.58615297 0.02598703
vt 0.58355600 0.02599102
vt 0.58874500 0.02598703
vt 0.59134603 0.02598399
vt 0.59396601 0.02598399
vt 0.59396601 0.02634799
vt 0.59134501 0.02635002
vt 0.58874297 0.02635199
vt 0.58615100 0.02635300
vt 0.58355600 0.02635401
vt 0.59133899 0.01917797
vt 0.59395802 0.01917201
vt 0.58873802 0.01917899
vt 0.58614701 0.01918501
vt 0.58354998 0.01918501
vt 0.58354998 0.01882100
vt 0.58614498 0.01881802
vt 0.58873600 0.01881498
vt 0.59133703 0.01881099
vt 0.59395701 0.01880801
vt 0.60721701 0.02595401
vt 0.60457700 0.02596498
vt 0.60987300 0.02594697
vt 0.61253500 0.02593303
vt 0.61518699 0.02591902
vt 0.61519003 0.02628303
vt 0.61253703 0.02629900
vt 0.60987198 0.02631199
vt 0.60721600 0.02632099
vt 0.60457802 0.02632898
vt 0.61249501 0.01912701
vt 0.61513501 0.01910603
vt 0.60984099 0.01913798
vt 0.60719299 0.01915097
vt 0.60455799 0.01915598
vt 0.60455698 0.01879102
vt 0.60718900 0.01878500
vt 0.60983801 0.01877302
vt 0.61249202 0.01876003
vt 0.61513299 0.01874101
vt 0.62831300 0.02573699
vt 0.62566698 0.02579701
vt 0.54660398 0.02586401
vt 0.54393703 0.02581203
vt 0.54927099 0.02589601
vt 0.55192000 0.02592701
vt 0.55191702 0.02629000
vt 0.54926699 0.02626097
vt 0.54659802 0.02622801
vt 0.54391402 0.02617598
vt 0.62567401 0.02616102
vt 0.62833601 0.02610201
vt 0.54934800 0.01909602
vt 0.55198598 0.01912099
vt 0.54669100 0.01905799
vt 0.54402900 0.01903301
vt 0.62556797 0.01898700
vt 0.62820899 0.01896000
vt 0.62556303 0.01862198
vt 0.62822002 0.01859498
vt 0.54669601 0.01869297
vt 0.54401702 0.01866800
vt 0.54935402 0.01872998
vt 0.55198997 0.01875800
vt 0.61781597 0.02589399
vt 0.62043399 0.02586800
vt 0.62304801 0.02583301
vt 0.62305403 0.02619898
vt 0.62044001 0.02623302
vt 0.61782098 0.02626002
vt 0.62295800 0.01902801
vt 0.62035698 0.01905799
vt 0.61775202 0.01908803
vt 0.61774999 0.01872098
vt 0.62035400 0.01869297
vt 0.62295401 0.01866102
vt 0.55455500 0.02594501
vt 0.55719101 0.02596498
vt 0.55982798 0.02597499
vt 0.55982703 0.02634001
vt 0.55718797 0.02632898
vt 0.55455101 0.02631098
vt 0.55985701 0.01917797
vt 0.55723101 0.01916301
vt 0.55460697 0.01914901
vt 0.55460900 0.01878297
vt 0.55723202 0.01879901
vt 0.55985802 0.01881200
vt 0.57560301 0.02599198
vt 0.57826698 0.02599198
vt 0.58092499 0.02598900
vt 0.58092701 0.02635503
vt 0.57826698 0.02635598
vt 0.57560199 0.02635700
vt 0.58091998 0.01919103
vt 0.57826298 0.01919103
vt 0.57560098 0.01919401
vt 0.57560003 0.01882899
vt 0.57826298 0.01882702
vt 0.58092099 0.01882499
vt 0.59661603 0.02597803
vt 0.59928000 0.02597499
vt 0.60193598 0.02596802
vt 0.60193998 0.02633399
vt 0.59928298 0.02633899
vt 0.59661800 0.02634400
vt 0.60192198 0.01916498
vt 0.59926802 0.01916701
vt 0.59660602 0.01917201
vt 0.59660703 0.01880503
vt 0.59926999 0.01880199
vt 0.60192299 0.01879799
vt 0.57289100 0.00446498
vt 0.57801801 0.00450200
vt 0.57798398 0.00658500
vt 0.57280201 0.00654697
vt 0.57297999 0.00238198
vt 0.57805198 0.00241899
vt 0.56520700 0.00437897
vt 0.56533998 0.00229800
vt 0.56507403 0.00646001
vt 0.58328700 0.00452697
vt 0.59052002 0.00454903
vt 0.59049499 0.00663197
vt 0.58326501 0.00660998
vt 0.58330899 0.00244403
vt 0.59054601 0.00246602
vt 0.50868899 0.55245799
vt 0.51477098 0.55245799
vt 0.51487398 0.55454099
vt 0.50875801 0.55454099
vt 0.50862002 0.55037498
vt 0.51466697 0.55037498
vt 0.50349200 0.55245799
vt 0.50345498 0.55037498
vt 0.50353098 0.55454099
vt 0.53311902 0.27347499
vt 0.53382403 0.27345401
vt 0.53388602 0.27554101
vt 0.53317899 0.27555704
vt 0.53305602 0.27139401
vt 0.53376102 0.27136701
vt 0.52888697 0.27360296
vt 0.52882600 0.27152097
vt 0.52894801 0.27568501
vt 0.16697200 0.26539999
vt 0.16697100 0.26627201
vt 0.08799100 0.26626700
vt 0.08799800 0.26539499
vt 0.16697800 0.25938904
vt 0.08800900 0.25929797
vt 0.16694500 0.54452002
vt 0.16694500 0.54524100
vt 0.08657300 0.54523599
vt 0.08657300 0.54451501
vt 0.16694500 0.54171199
vt 0.08657400 0.54170603
vt 0.01592300 0.00072598
vt 0.01592200 0.00000501
vt 0.03042900 0.00000101
vt 0.03043000 0.00072199
vt 0.00499600 0.00073397
vt 0.00499500 0.00001198
vt 0.01592500 0.00353599
vt 0.00500000 0.00354397
vt 0.03043100 0.00353098
vt 0.00074200 0.46766800
vt 0.00005300 0.46766698
vt 0.00005800 0.41718799
vt 0.00074800 0.41718996
vt 0.00072800 0.51401502
vt 0.00003900 0.51401401
vt 0.00497400 0.46767700
vt 0.00496100 0.51402098
vt 0.00501700 0.41689098
vt 0.80019999 0.00404501
vt 0.80093300 0.00404000
vt 0.80094701 0.00612599
vt 0.80021203 0.00612700
vt 0.80018401 0.00196302
vt 0.80091798 0.00195301
vt 0.79738802 0.00406402
vt 0.79737401 0.00198102
vt 0.79740202 0.00614703
vt 0.16699800 0.20468801
vt 0.16700800 0.22358298
vt 0.08855500 0.22355497
vt 0.08817400 0.20491099
vt 0.16698299 0.18471199
vt 0.08784900 0.18507397
vt 0.04537000 0.46773201
vt 0.03039900 0.46772200
vt 0.03042200 0.41664302
vt 0.04529700 0.41603100
vt 0.04535700 0.51406002
vt 0.03038500 0.51405102
vt 0.08658900 0.46773899
vt 0.08658000 0.51406902
vt 0.08657300 0.41697097
vt 0.48275700 0.55245602
vt 0.49131399 0.55245799
vt 0.49143901 0.55454099
vt 0.48284000 0.55453998
vt 0.48267400 0.55037397
vt 0.49118999 0.55037397
vt 0.44581100 0.55245203
vt 0.44579101 0.55036801
vt 0.44583201 0.55453497
vt 0.48850200 0.27446997
vt 0.50347197 0.27425098
vt 0.50351202 0.27633399
vt 0.48852101 0.27655196
vt 0.48848301 0.27238703
vt 0.50343198 0.27216804
vt 0.44728500 0.27473998
vt 0.44727701 0.27265704
vt 0.44729400 0.27682304
vt 0.04540600 0.00072098
vt 0.04540600 0.00000000
vt 0.08663100 0.00000298
vt 0.08663100 0.00072402
vt 0.04540600 0.00353003
vt 0.08663000 0.00353301
vt 0.53308201 0.55245799
vt 0.53380603 0.55245799
vt 0.53380603 0.55454701
vt 0.53307998 0.55453902
vt 0.53307998 0.55037701
vt 0.53380603 0.55036902
vt 0.53010499 0.55245799
vt 0.53008801 0.55037498
vt 0.53012198 0.55454099
vt 0.49796301 0.55245799
vt 0.49804601 0.55454099
vt 0.49788001 0.55037498
vt 0.53556001 0.00383401
vt 0.53467798 0.00381398
vt 0.53472400 0.00172597
vt 0.53560698 0.00175297
vt 0.53551501 0.00591499
vt 0.53463298 0.00590098
vt 0.54030597 0.00393999
vt 0.54024500 0.00602299
vt 0.54036701 0.00185800
vt 0.60154003 0.00457299
vt 0.61746597 0.00459498
vt 0.61746001 0.00667799
vt 0.60152298 0.00665599
vt 0.60155702 0.00248998
vt 0.61747098 0.00251198
vt 0.02254000 0.18381101
vt 0.03049600 0.18306303
vt 0.03050000 0.19564599
vt 0.02465100 0.19607997
vt 0.01857600 0.19782400
vt 0.01780900 0.18925601
vt 0.01210300 0.18506801
vt 0.01143900 0.20099699
vt 0.00388000 0.19978499
vt 0.00404800 0.18385202
vt 0.00908600 0.21071696
vt 0.00329400 0.21048403
vt 0.00292200 0.21761298
vt 0.00758000 0.21755701
vt 0.00703100 0.22294098
vt 0.00278800 0.22293103
vt 0.00291900 0.22819602
vt 0.00755100 0.22829199
vt 0.00909400 0.23554200
vt 0.00330000 0.23582304
vt 0.00391000 0.24822903
vt 0.01161500 0.24662399
vt 0.01091600 0.26009297
vt 0.00370700 0.26047301
vt 0.01894300 0.25006902
vt 0.01883800 0.26097202
vt 0.02494700 0.26145399
vt 0.02489900 0.25195599
vt 0.03035800 0.25245702
vt 0.03027600 0.26158601
vt 0.03586000 0.26141000
vt 0.03620100 0.25173903
vt 0.04289400 0.24870002
vt 0.04248800 0.26065201
vt 0.05095300 0.25903600
vt 0.05090500 0.24223697
vt 0.08802100 0.24328101
vt 0.05296600 0.22348297
vt 0.05150200 0.20559299
vt 0.05029000 0.18617302
vt 0.04397600 0.19937402
vt 0.04441100 0.18992102
vt 0.03905100 0.18387198
vt 0.03695900 0.19640100
vt 0.00291300 0.32764500
vt 0.00278600 0.32235003
vt 0.00707600 0.32231998
vt 0.00760000 0.32768703
vt 0.00906300 0.33454096
vt 0.00327400 0.33479601
vt 0.00386000 0.34547299
vt 0.01142000 0.34424198
vt 0.01209700 0.36015701
vt 0.00402900 0.36137599
vt 0.01857700 0.34741104
vt 0.01781000 0.35597199
vt 0.02253800 0.36142302
vt 0.02464700 0.34918702
vt 0.03047800 0.34964097
vt 0.03046700 0.36217797
vt 0.03898900 0.36136103
vt 0.03691800 0.34884703
vt 0.04392400 0.34583700
vt 0.04434700 0.35530001
vt 0.05022700 0.35905802
vt 0.05145500 0.33964097
vt 0.08814500 0.34032899
vt 0.08781300 0.36016601
vt 0.05295700 0.32178497
vt 0.08853800 0.32169402
vt 0.08803400 0.30196702
vt 0.05100400 0.30302596
vt 0.05119700 0.28620303
vt 0.08806000 0.28594398
vt 0.04310300 0.29655802
vt 0.04287200 0.28458399
vt 0.03611700 0.28382599
vt 0.03634500 0.29352701
vt 0.03042100 0.29281604
vt 0.03039300 0.28365004
vt 0.02516300 0.28377801
vt 0.02502500 0.29330999
vt 0.01912100 0.29521096
vt 0.01915900 0.28426099
vt 0.01111500 0.28515399
vt 0.01167500 0.29872596
vt 0.00391800 0.29720104
vt 0.00375400 0.28479201
vt 0.00904900 0.30989599
vt 0.00327800 0.30972302
vt 0.00290300 0.31724101
vt 0.00753700 0.31707400
vt 0.36688000 0.55244201
vt 0.36688000 0.55452502
vt 0.36688000 0.55035901
vt 0.36693099 0.27495801
vt 0.36693400 0.27704096
vt 0.36692700 0.27287501
vt 0.16695100 0.27985400
vt 0.16695000 0.27898204
vt 0.08806400 0.27984500
vt 0.08805600 0.27897298
vt 0.16695701 0.28586400
vt 0.16699000 0.00073397
vt 0.16699100 0.00001299
vt 0.16699000 0.00354302
vt 0.16697100 0.34056497
vt 0.16698200 0.32167000
vt 0.16695400 0.36054099
vt 0.57302999 0.00120902
vt 0.57807100 0.00124598
vt 0.57304698 0.00062603
vt 0.57807797 0.00066203
vt 0.56541502 0.00112498
vt 0.56544000 0.00054199
vt 0.57275200 0.00771999
vt 0.56499797 0.00763202
vt 0.57272398 0.00830197
vt 0.56495702 0.00821400
vt 0.57796502 0.00775802
vt 0.57795602 0.00834101
vt 0.58332098 0.00127000
vt 0.59056097 0.00129300
vt 0.58332902 0.00068700
vt 0.59056997 0.00070900
vt 0.58325303 0.00778401
vt 0.58324897 0.00836599
vt 0.59048003 0.00780600
vt 0.59047699 0.00838798
vt 0.50858098 0.54920101
vt 0.51460898 0.54920101
vt 0.50856799 0.54859197
vt 0.51458901 0.54859197
vt 0.50343299 0.54920101
vt 0.50342298 0.54859197
vt 0.50879598 0.55571502
vt 0.50355202 0.55571502
vt 0.50881600 0.55632401
vt 0.50356001 0.55632401
vt 0.51493198 0.55571502
vt 0.51496100 0.55632401
vt 0.53301603 0.27022398
vt 0.53371203 0.27017498
vt 0.53300798 0.26963902
vt 0.53355902 0.26971799
vt 0.52879202 0.27034801
vt 0.52877498 0.26976001
vt 0.51805401 0.27716696
vt 0.50353497 0.27750701
vt 0.51802403 0.27599400
vt 0.51806998 0.27775401
vt 0.50354600 0.27809501
vt 0.52898198 0.27685797
vt 0.52899897 0.27744496
vt 0.80017197 0.00079298
vt 0.80089802 0.00076401
vt 0.80018002 0.00021201
vt 0.80074602 0.00030899
vt 0.79736602 0.00080699
vt 0.79736203 0.00022399
vt 0.72338998 0.00768602
vt 0.72339201 0.00826901
vt 0.67290002 0.00840801
vt 0.67289799 0.00782502
vt 0.76975101 0.00748497
vt 0.76975399 0.00806803
vt 0.72338599 0.00651199
vt 0.76974499 0.00631201
vt 0.67289603 0.00665098
vt 0.48262700 0.54920000
vt 0.49111900 0.54920101
vt 0.48260000 0.54859000
vt 0.49107799 0.54859102
vt 0.44577900 0.54919499
vt 0.44577199 0.54858500
vt 0.48288700 0.55571300
vt 0.44584301 0.55570799
vt 0.48289901 0.55632299
vt 0.44584599 0.55631799
vt 0.49150899 0.55571401
vt 0.49152800 0.55632299
vt 0.48847201 0.27121300
vt 0.50340903 0.27099401
vt 0.48846701 0.27062601
vt 0.50339699 0.27040696
vt 0.44727200 0.27148402
vt 0.44727001 0.27089703
vt 0.48853099 0.27772599
vt 0.44729799 0.27799702
vt 0.48853701 0.27831304
vt 0.44730100 0.27858400
vt 0.53307301 0.54920900
vt 0.53378499 0.54916900
vt 0.53309202 0.54860300
vt 0.53366297 0.54868197
vt 0.53007799 0.54920101
vt 0.53007501 0.54859102
vt 0.52306300 0.55571502
vt 0.52302402 0.55454099
vt 0.52308297 0.55632401
vt 0.53013200 0.55571502
vt 0.53013700 0.55632502
vt 0.49783301 0.54920101
vt 0.49780601 0.54859102
vt 0.49809301 0.55571401
vt 0.49810600 0.55632401
vt 0.53549200 0.00708598
vt 0.53461599 0.00708801
vt 0.53547001 0.00766802
vt 0.53479803 0.00754899
vt 0.54021102 0.00719601
vt 0.54019302 0.00777900
vt 0.55243301 0.00092202
vt 0.55237299 0.00209397
vt 0.55245501 0.00033897
vt 0.54040200 0.00068498
vt 0.54041702 0.00010198
vt 0.60156697 0.00131601
vt 0.61747402 0.00133801
vt 0.60157299 0.00073302
vt 0.61747700 0.00075501
vt 0.60151303 0.00782901
vt 0.60151100 0.00841200
vt 0.61745697 0.00785202
vt 0.61745697 0.00843501
vt 0.36688000 0.54918599
vt 0.36688000 0.54857600
vt 0.36688000 0.55569899
vt 0.36687899 0.55630797
vt 0.36692601 0.27170199
vt 0.36692500 0.27111399
vt 0.36693600 0.27821499
vt 0.36693701 0.27880204
vt 0.16699600 0.24363399
vt 0.55226600 0.00417602
vt 0.55215901 0.00625700
vt 0.00068900 0.26529503
vt 0.00000000 0.26529503
vt 0.00002400 0.26058400
vt 0.00071300 0.26059198
vt 0.00067300 0.26616502
vt 0.00014700 0.26595700
vt 0.00362900 0.26531500
vt 0.00362600 0.26618803
vt 0.02496500 0.26537901
vt 0.01880500 0.26536500
vt 0.02497500 0.26625097
vt 0.01882000 0.26623702
vt 0.03024300 0.26538700
vt 0.03024000 0.26625901
vt 0.03572200 0.26539201
vt 0.03570200 0.26626396
vt 0.04231800 0.26539499
vt 0.04228900 0.26626700
vt 0.05094600 0.26539499
vt 0.05092600 0.26626700
vt 0.05124600 0.27983701
vt 0.05122100 0.27896500
vt 0.04277300 0.27983403
vt 0.04273600 0.27896202
vt 0.03602600 0.27983403
vt 0.03600100 0.27896202
vt 0.03038100 0.27983701
vt 0.03037600 0.27896404
vt 0.02521800 0.27984202
vt 0.02522300 0.27897000
vt 0.01918500 0.27985203
vt 0.01919300 0.27898002
vt 0.01093300 0.27987099
vt 0.01093700 0.27899897
vt 0.00369200 0.27989501
vt 0.00368900 0.27902198
vt 0.16697200 0.30161899
vt 0.55209899 0.00743002
vt 0.55206698 0.00801200
vt 0.53563702 0.00058198
vt 0.53564298 0.00000000
vt 0.53476298 0.00053900
vt 0.53496599 0.00008702
vt 0.51796901 0.27391100
vt 0.51791501 0.27182901
vt 0.00076400 0.00074297
vt 0.00075600 0.00002301
vt 0.00007700 0.00073600
vt 0.00022800 0.00018501
vt 0.00076800 0.00355101
vt 0.00007800 0.00355202
vt 0.01585500 0.54448998
vt 0.01585400 0.54521102
vt 0.00492600 0.54519701
vt 0.00492700 0.54447597
vt 0.03036500 0.54450101
vt 0.03036400 0.54522198
vt 0.01585900 0.54167998
vt 0.03036700 0.54169101
vt 0.00493300 0.54166597
vt 0.52295601 0.55245799
vt 0.52288699 0.55037498
vt 0.00076900 0.19938701
vt 0.00077200 0.18344998
vt 0.00008000 0.19939399
vt 0.00008300 0.18345296
vt 0.00077100 0.21041602
vt 0.00008200 0.21042502
vt 0.00077700 0.21763897
vt 0.00008800 0.21764499
vt 0.00078200 0.22292799
vt 0.00009300 0.22292501
vt 0.00078400 0.22815400
vt 0.00009500 0.22813600
vt 0.00077700 0.23589998
vt 0.00008800 0.23587203
vt 0.00075000 0.24875098
vt 0.00006100 0.24873102
vt 0.00076000 0.32762599
vt 0.00076500 0.32236302
vt 0.00007000 0.32761896
vt 0.00007500 0.32236397
vt 0.00075300 0.33487403
vt 0.00006300 0.33486402
vt 0.00074800 0.34587801
vt 0.00005900 0.34587002
vt 0.00074800 0.36177999
vt 0.00005800 0.36177599
vt 0.00074100 0.29671299
vt 0.00070900 0.28468001
vt 0.00005200 0.29672897
vt 0.00002000 0.28468704
vt 0.00076200 0.30969399
vt 0.00007300 0.30971700
vt 0.00076700 0.31731498
vt 0.00007800 0.31732899
vt 0.51788503 0.27065599
vt 0.51786900 0.27006900
vt 0.53320998 0.27672696
vt 0.53323799 0.27731204
vt 0.53390801 0.27673304
vt 0.53378302 0.27719903
vt 0.52284801 0.54920101
vt 0.52283400 0.54859197
vt 0.53307301 0.55570698
vt 0.53309202 0.55631298
vt 0.53378397 0.55574697
vt 0.53366202 0.55623299
vt 0.01068000 0.26534200
vt 0.01068800 0.26621401
vt 0.00068900 0.27991301
vt 0.00067300 0.27904296
vt 0.00000000 0.27991199
vt 0.00014800 0.27925003
vt 0.16694900 0.46774501
vt 0.16694599 0.51407498
vt 0.16695000 0.41728801
vt 0.01593800 0.07752097
vt 0.00501500 0.07753897
vt 0.00501400 0.03119200
vt 0.01593600 0.03118098
vt 0.01607800 0.12923402
vt 0.00504800 0.12832797
vt 0.03044000 0.07750201
vt 0.03045500 0.12858099
vt 0.03043800 0.03117102
vt 0.00069500 0.54446298
vt 0.00000700 0.54447001
vt 0.00001100 0.54165399
vt 0.00070000 0.54165602
vt 0.00068600 0.54518300
vt 0.00015800 0.54502100
vt 0.72337800 0.00442898
vt 0.72337103 0.00234598
vt 0.76972502 0.00214601
vt 0.76973498 0.00422901
vt 0.67289197 0.00456798
vt 0.67288798 0.00248498
vt 0.04534300 0.54450703
vt 0.04534400 0.54169798
vt 0.04534300 0.54522800
vt 0.04541100 0.07749599
vt 0.04541000 0.03116703
vt 0.04533500 0.12919700
vt 0.08662900 0.07749999
vt 0.08660800 0.12826800
vt 0.08662900 0.03117001
vt 0.16698600 0.07750797
vt 0.16698800 0.03117901
vt 0.16698299 0.12796497
vt 0.72336698 0.00117302
vt 0.72336501 0.00059003
vt 0.76971602 0.00038898
vt 0.76971900 0.00097197
vt 0.67288500 0.00131202
vt 0.67288500 0.00072902
vt 0.80021602 0.00729603
vt 0.80023199 0.00787699
vt 0.79741400 0.00790399
vt 0.79741001 0.00732100
vt 0.80094200 0.00731498
vt 0.80079699 0.00777203
vt 0.00078300 0.07754701
vt 0.00009400 0.07754803
vt 0.00009200 0.03119600
vt 0.00078100 0.03119600
vt 0.00078000 0.12802804
vt 0.00009000 0.12803000
vt 0.01589700 0.46769899
vt 0.01588300 0.51403600
vt 0.01604900 0.41598797
vt 0.00071200 0.53509098
vt 0.00002200 0.53509003
vt 0.00494400 0.53509802
vt 0.00074800 0.38372201
vt 0.00512800 0.38249004
vt 0.00005900 0.38371897
vt 0.04534700 0.53513199
vt 0.03037200 0.53512502
vt 0.08657500 0.53514099
vt 0.04506300 0.37883800
vt 0.08651500 0.38258100
vt 0.03047400 0.38132101
vt 0.79083902 0.00736398
vt 0.79084301 0.00794703
vt 0.79083198 0.00619102
vt 0.63941997 0.00786102
vt 0.63941902 0.00668699
vt 0.63942099 0.00844300
vt 0.16694900 0.38383400
vt 0.16694500 0.53514600
vt 0.01650600 0.16643298
vt 0.00515200 0.16272902
vt 0.03050400 0.16390401
vt 0.01592900 0.01010299
vt 0.03043300 0.01009703
vt 0.00500700 0.01011199
vt 0.63941902 0.00460398
vt 0.63941801 0.00252098
vt 0.79081899 0.00410801
vt 0.79080600 0.00202501
vt 0.04511200 0.16639102
vt 0.08654900 0.16265798
vt 0.04540700 0.01009500
vt 0.08663000 0.01009798
vt 0.16698000 0.16141903
vt 0.16699000 0.01010799
vt 0.63941801 0.00134701
vt 0.63941801 0.00076401
vt 0.79079902 0.00085098
vt 0.79079598 0.00026798
vt 0.00077600 0.16149598
vt 0.00008700 0.16149902
vt 0.00077400 0.01011699
vt 0.00008500 0.01011699
vt 0.01649100 0.37878799
vt 0.01586700 0.53511298
vt 0.02759000 0.23888999
vt 0.03039200 0.23912597
vt 0.03043600 0.24762601
vt 0.02762800 0.24748701
vt 0.02488700 0.24698400
vt 0.02495500 0.23824501
vt 0.02757500 0.23786902
vt 0.03034600 0.23812497
vt 0.03030400 0.23756999
vt 0.02756900 0.23729998
vt 0.02491000 0.23653001
vt 0.02492500 0.23715901
vt 0.01976000 0.23359400
vt 0.02236000 0.23533201
vt 0.02245400 0.23612398
vt 0.02036100 0.23510802
vt 0.02056200 0.23647201
vt 0.02257200 0.23736399
vt 0.02217600 0.24617100
vt 0.01945700 0.24510002
vt 0.01611700 0.33007699
vt 0.01699900 0.33216000
vt 0.01175100 0.33384597
vt 0.01087400 0.33070898
vt 0.01016500 0.32778400
vt 0.01523200 0.32764804
vt 0.01720900 0.33018500
vt 0.01823400 0.33233100
vt 0.01979500 0.33292902
vt 0.01803600 0.33027899
vt 0.01680300 0.32768399
vt 0.01615000 0.32767200
vt 0.01568700 0.32226199
vt 0.01599200 0.32499599
vt 0.01540500 0.32500696
vt 0.01510400 0.32226598
vt 0.01427000 0.32227302
vt 0.01456100 0.32501101
vt 0.00968400 0.32500601
vt 0.00949100 0.32231498
vt 0.02257100 0.30789900
vt 0.02055100 0.30879301
vt 0.01955100 0.30018800
vt 0.02227300 0.29910898
vt 0.02496800 0.29829502
vt 0.02495600 0.30702001
vt 0.02244300 0.30912399
vt 0.02033900 0.31014299
vt 0.01973600 0.31164199
vt 0.02234400 0.30990201
vt 0.02489800 0.30870599
vt 0.02491700 0.30809104
vt 0.03029100 0.30766904
vt 0.02755700 0.30793703
vt 0.02756600 0.30738300
vt 0.03033500 0.30712801
vt 0.03038600 0.30614400
vt 0.02758800 0.30637896
vt 0.02768800 0.29779398
vt 0.03048600 0.29765701
vt 0.01453100 0.22021496
vt 0.01423700 0.22295702
vt 0.00944300 0.22294301
vt 0.00964000 0.22023702
vt 0.01013900 0.21745700
vt 0.01521600 0.21757698
vt 0.01539200 0.22021604
vt 0.01508900 0.22295797
vt 0.01568800 0.22295898
vt 0.01599400 0.22022402
vt 0.01680900 0.21753597
vt 0.01614500 0.21754998
vt 0.01981300 0.21229500
vt 0.01804900 0.21494198
vt 0.01721800 0.21503800
vt 0.01825400 0.21289301
vt 0.01702000 0.21306700
vt 0.01612100 0.21514797
vt 0.01087300 0.21453398
vt 0.01177100 0.21139902
vt 0.04555000 0.22629601
vt 0.04589000 0.22303498
vt 0.05030600 0.22337800
vt 0.04979800 0.23040998
vt 0.04832200 0.23649502
vt 0.04462200 0.22939402
vt 0.04488500 0.22596198
vt 0.04519600 0.22301298
vt 0.04472800 0.22301000
vt 0.04443700 0.22584498
vt 0.04361400 0.22857499
vt 0.04402400 0.22879803
vt 0.04051500 0.23330402
vt 0.04229500 0.23109603
vt 0.04265300 0.23141199
vt 0.04081000 0.23369896
vt 0.04117100 0.23455203
vt 0.04313900 0.23216999
vt 0.04570900 0.24056304
vt 0.04254600 0.24326199
vt 0.04312800 0.31309301
vt 0.04116600 0.31070900
vt 0.04266000 0.30200696
vt 0.04579900 0.30470896
vt 0.04837400 0.30878001
vt 0.04460300 0.31587201
vt 0.04263700 0.31383801
vt 0.04079700 0.31155002
vt 0.04050000 0.31193399
vt 0.04227900 0.31414300
vt 0.04359600 0.31666601
vt 0.04400400 0.31645596
vt 0.04470600 0.32222998
vt 0.04441600 0.31939697
vt 0.04486100 0.31929201
vt 0.04517000 0.32223797
vt 0.04586000 0.32222801
vt 0.04552400 0.31897104
vt 0.04981200 0.31486702
vt 0.05029100 0.32189399
vt 0.04558000 0.32548201
vt 0.04998600 0.32878304
vt 0.04871000 0.33464801
vt 0.04470800 0.32858098
vt 0.04489300 0.32518500
vt 0.04443200 0.32506096
vt 0.04362600 0.32778901
vt 0.04406500 0.32802498
vt 0.04054500 0.33252704
vt 0.04232000 0.33031100
vt 0.04271800 0.33065200
vt 0.04088600 0.33296001
vt 0.04132200 0.33378696
vt 0.04326900 0.33137500
vt 0.04627700 0.33860201
vt 0.04321300 0.34126103
vt 0.03335300 0.20711803
vt 0.03043200 0.20674503
vt 0.03056200 0.19955897
vt 0.03367100 0.19986498
vt 0.03686300 0.20065099
vt 0.03623300 0.20804101
vt 0.03322300 0.20809001
vt 0.03037300 0.20774001
vt 0.03032400 0.20835602
vt 0.03311000 0.20868003
vt 0.03582600 0.20953900
vt 0.03601400 0.20898497
vt 0.04056100 0.21269798
vt 0.03835000 0.21089202
vt 0.03861600 0.21038699
vt 0.04090000 0.21226203
vt 0.04133500 0.21143103
vt 0.03893900 0.20948702
vt 0.04007600 0.20199001
vt 0.04324700 0.20395398
vt 0.57559001 0.22945201
vt 0.57557398 0.23403299
vt 0.57294899 0.23402399
vt 0.57296598 0.22944301
vt 0.57034600 0.22943401
vt 0.57032800 0.23401403
vt 0.56770599 0.23400497
vt 0.56772500 0.22942400
vt 0.56510597 0.22941303
vt 0.56508398 0.23399299
vt 0.59659499 0.22951400
vt 0.59658301 0.23409700
vt 0.59396398 0.23408997
vt 0.59397602 0.22950602
vt 0.59137601 0.22950000
vt 0.59136301 0.23408198
vt 0.58877099 0.23407501
vt 0.58878398 0.22949201
vt 0.58618701 0.22948503
vt 0.58617300 0.23406696
vt 0.61778402 0.22953796
vt 0.61779100 0.23412198
vt 0.61514300 0.23412502
vt 0.61514002 0.22953999
vt 0.61248499 0.22954202
vt 0.61248398 0.23412400
vt 0.60983098 0.23412299
vt 0.60983402 0.22953999
vt 0.60719597 0.22953701
vt 0.60719103 0.23412001
vt 0.55459601 0.22935301
vt 0.55456299 0.23393399
vt 0.55191803 0.23391402
vt 0.55195498 0.22933197
vt 0.54929799 0.22930896
vt 0.54925799 0.23389101
vt 0.54659998 0.23386699
vt 0.54664302 0.22928202
vt 0.54400998 0.22926301
vt 0.54396403 0.23382998
vt 0.62822402 0.22951198
vt 0.62824398 0.23407900
vt 0.62563401 0.23410100
vt 0.62561798 0.22951400
vt 0.62301397 0.22952497
vt 0.62302703 0.23411000
vt 0.62041497 0.23411798
vt 0.62040401 0.22953200
vt 0.56245798 0.23398197
vt 0.56248099 0.22939998
vt 0.55985099 0.22938699
vt 0.55982500 0.23396701
vt 0.55719298 0.23395199
vt 0.55722302 0.22937000
vt 0.58354199 0.23405802
vt 0.58355600 0.22947699
vt 0.58089900 0.22947001
vt 0.58088398 0.23405004
vt 0.57822102 0.23404199
vt 0.57823598 0.22946101
vt 0.60455000 0.23411500
vt 0.60455698 0.22953200
vt 0.60190302 0.22952700
vt 0.60189301 0.23410898
vt 0.59923100 0.23410398
vt 0.59924197 0.22951996
vt 0.02040000 0.21068203
vt 0.02248200 0.20967400
vt 0.02240100 0.21055198
vt 0.02494000 0.20936203
vt 0.02494600 0.20865500
vt 0.02495900 0.20755500
vt 0.02257500 0.20841002
vt 0.02057200 0.20928901
vt 0.02759600 0.20796901
vt 0.02759100 0.20860600
vt 0.02760600 0.20694500
vt 0.02760000 0.19966000
vt 0.02475000 0.20011699
vt 0.02197700 0.20087802
vt 0.01924700 0.20189297
vt 0.04273500 0.21457201
vt 0.04233800 0.21491504
vt 0.04364600 0.21744204
vt 0.04408600 0.21720701
vt 0.04473200 0.21665299
vt 0.04328700 0.21384698
vt 0.04491800 0.22005796
vt 0.04445400 0.22017401
vt 0.04560800 0.21976799
vt 0.05001700 0.21647298
vt 0.04874700 0.21058798
vt 0.04631400 0.20661801
vt 0.03853400 0.23555100
vt 0.03830800 0.23509502
vt 0.03579100 0.23642802
vt 0.03594900 0.23693001
vt 0.03611500 0.23788601
vt 0.03878800 0.23646700
vt 0.03317800 0.23780000
vt 0.03308400 0.23726702
vt 0.03327500 0.23878199
vt 0.03334900 0.24734902
vt 0.03634900 0.24658000
vt 0.03942000 0.24524301
vt 0.01819200 0.23297298
vt 0.01716200 0.23086601
vt 0.01800000 0.23097402
vt 0.01677200 0.22838598
vt 0.01610400 0.22836602
vt 0.01517000 0.22833300
vt 0.01606000 0.23074996
vt 0.01695400 0.23280400
vt 0.01537000 0.22570300
vt 0.01597500 0.22569698
vt 0.01450700 0.22569901
vt 0.00961900 0.22564399
vt 0.01010500 0.22844499
vt 0.01083800 0.23145199
vt 0.01175800 0.23477000
vt 0.03326900 0.30648601
vt 0.03341200 0.29793203
vt 0.03643600 0.29869604
vt 0.03611100 0.30737901
vt 0.03316700 0.30745196
vt 0.03307100 0.30797201
vt 0.03577800 0.30881000
vt 0.03593700 0.30832100
vt 0.03829400 0.31014401
vt 0.03852200 0.30969900
vt 0.03878400 0.30879498
vt 0.03952900 0.30002797
vt 0.01452100 0.31953901
vt 0.00964300 0.31964499
vt 0.01009400 0.31688100
vt 0.01515600 0.31691700
vt 0.01537300 0.31952703
vt 0.01596800 0.31952596
vt 0.01675700 0.31684101
vt 0.01608900 0.31686997
vt 0.01797700 0.31425703
vt 0.01713000 0.31437802
vt 0.01814900 0.31227899
vt 0.01689200 0.31246799
vt 0.01601700 0.31451100
vt 0.01079700 0.31390601
vt 0.01170500 0.31060201
vt 0.01880300 0.31080401
vt 0.01901100 0.30947602
vt 0.01797200 0.30978000
vt 0.01756700 0.31092900
vt 0.01675200 0.30148196
vt 0.01433700 0.30352604
vt 0.01276900 0.30685401
vt 0.01904400 0.23579699
vt 0.01669300 0.24382502
vt 0.01432600 0.24180603
vt 0.01802100 0.23550099
vt 0.01884600 0.23445797
vt 0.01762900 0.23434901
vt 0.01280000 0.23850399
vt 0.01889700 0.21133101
vt 0.01907000 0.20997101
vt 0.01805600 0.21032202
vt 0.01768500 0.21147203
vt 0.01652600 0.20310998
vt 0.01422700 0.20498800
vt 0.01276600 0.20798397
vt 0.02759000 0.33833003
vt 0.03041600 0.33853304
vt 0.03054300 0.34573400
vt 0.02758600 0.34562999
vt 0.02474000 0.34515798
vt 0.02494300 0.33770800
vt 0.02757900 0.33728802
vt 0.03035700 0.33751899
vt 0.03030700 0.33688599
vt 0.02757400 0.33663404
vt 0.02492200 0.33587396
vt 0.02492900 0.33659399
vt 0.02238300 0.33467698
vt 0.02246400 0.33556402
vt 0.02038000 0.33454704
vt 0.02055200 0.33594501
vt 0.02255800 0.33683699
vt 0.02196900 0.34437901
vt 0.01923800 0.34334803
vt 0.01887200 0.33389497
vt 0.01765600 0.33375400
vt 0.01802600 0.33490396
vt 0.01904400 0.33525598
vt 0.01273900 0.33725703
vt 0.01420300 0.34024799
vt 0.01650900 0.34212500
vt 0.03860300 0.33484101
vt 0.03833400 0.33433604
vt 0.03580900 0.33569396
vt 0.03600000 0.33625501
vt 0.03622100 0.33720601
vt 0.03892700 0.33574200
vt 0.03320700 0.33716100
vt 0.03309300 0.33655798
vt 0.03333800 0.33814800
vt 0.03364700 0.34541297
vt 0.03683500 0.34460300
vt 0.04004500 0.34324002
vt 0.02052500 0.23284602
vt 0.02263600 0.23456401
vt 0.02502700 0.23583502
vt 0.02759500 0.23663199
vt 0.03026800 0.23690999
vt 0.03026500 0.23659301
vt 0.02764800 0.23631799
vt 0.02513900 0.23553401
vt 0.02281900 0.23428202
vt 0.02077300 0.23260099
vt 0.01637200 0.32225704
vt 0.01667800 0.32495499
vt 0.01751600 0.32756197
vt 0.01882600 0.32999098
vt 0.02055800 0.33212101
vt 0.02080300 0.33186901
vt 0.01910800 0.32980502
vt 0.01781800 0.32745004
vt 0.01699300 0.32490200
vt 0.01669200 0.32225704
vt 0.03025300 0.30831504
vt 0.02758000 0.30859303
vt 0.02501100 0.30938804
vt 0.02261900 0.31065798
vt 0.02050800 0.31237400
vt 0.02075600 0.31261802
vt 0.02280300 0.31093800
vt 0.02512200 0.30968702
vt 0.02763200 0.30890501
vt 0.03025000 0.30863100
vt 0.02057500 0.21310002
vt 0.01884200 0.21522903
vt 0.01753200 0.21765602
vt 0.01669400 0.22026300
vt 0.01638800 0.22296101
vt 0.01671000 0.22296101
vt 0.01701100 0.22031599
vt 0.01783600 0.21776801
vt 0.01912600 0.21541399
vt 0.02082000 0.21335101
vt 0.04013600 0.23283601
vt 0.04184000 0.23072302
vt 0.04309700 0.22831297
vt 0.04387700 0.22570801
vt 0.04414800 0.22300696
vt 0.04383800 0.22300601
vt 0.04357400 0.22564501
vt 0.04281300 0.22819102
vt 0.04158500 0.23054498
vt 0.03992000 0.23261100
vt 0.04413000 0.32222402
vt 0.04385900 0.31952202
vt 0.04308100 0.31691599
vt 0.04182400 0.31450599
vt 0.04012000 0.31239301
vt 0.03990400 0.31261700
vt 0.04156900 0.31468201
vt 0.04279700 0.31703699
vt 0.04355700 0.31958401
vt 0.04382100 0.32222301
vt 0.04012500 0.33202600
vt 0.04182900 0.32991600
vt 0.04308400 0.32751596
vt 0.04386100 0.32492000
vt 0.04355800 0.32485700
vt 0.04279800 0.32739198
vt 0.04157100 0.32973701
vt 0.03990500 0.33179796
vt 0.04014300 0.21320200
vt 0.03802200 0.21147799
vt 0.03559500 0.21018499
vt 0.03297700 0.20936704
vt 0.03028100 0.20906997
vt 0.03027600 0.20939302
vt 0.03291500 0.20968300
vt 0.03547600 0.21048099
vt 0.03784900 0.21174598
vt 0.03992300 0.21343100
vt 0.02761900 0.20933598
vt 0.02506200 0.21012402
vt 0.02268100 0.21138799
vt 0.02286300 0.21167701
vt 0.02517200 0.21043199
vt 0.02766900 0.20965701
vt 0.04387900 0.22030997
vt 0.04310200 0.21771300
vt 0.04184700 0.21531200
vt 0.04158800 0.21549201
vt 0.04281600 0.21783698
vt 0.04357500 0.22037303
vt 0.03297000 0.23662996
vt 0.03558900 0.23583001
vt 0.03801500 0.23455203
vt 0.03784600 0.23428798
vt 0.03547300 0.23553801
vt 0.03291000 0.23631901
vt 0.01667700 0.22566098
vt 0.01750000 0.22827500
vt 0.01879800 0.23071003
vt 0.01908300 0.23052800
vt 0.01780400 0.22816402
vt 0.01699500 0.22560900
vt 0.03799900 0.31067598
vt 0.03557400 0.30939698
vt 0.03295500 0.30859601
vt 0.03289400 0.30890501
vt 0.03545800 0.30968702
vt 0.03783000 0.31093901
vt 0.01878000 0.31450999
vt 0.01748200 0.31694400
vt 0.01666000 0.31955701
vt 0.01697700 0.31960797
vt 0.01778600 0.31705296
vt 0.01906500 0.31468999
vt 0.02266400 0.33383399
vt 0.02504400 0.33509898
vt 0.02760100 0.33588898
vt 0.03026300 0.33615696
vt 0.03025800 0.33583301
vt 0.02765200 0.33556700
vt 0.02515500 0.33479100
vt 0.02284600 0.33354402
vt 0.03295900 0.33586001
vt 0.03557700 0.33504301
vt 0.03800400 0.33375001
vt 0.03783100 0.33348203
vt 0.03545800 0.33474600
vt 0.03289700 0.33554399
vt 0.56511098 0.22830200
vt 0.56773001 0.22831601
vt 0.57034999 0.22832400
vt 0.57296997 0.22833502
vt 0.57559299 0.22834098
vt 0.57559401 0.22797698
vt 0.57297200 0.22796899
vt 0.57035202 0.22795999
vt 0.56773102 0.22794998
vt 0.56511199 0.22793901
vt 0.57556999 0.23514402
vt 0.57294601 0.23513299
vt 0.57032400 0.23512501
vt 0.56770200 0.23511302
vt 0.56507999 0.23510396
vt 0.56507802 0.23546803
vt 0.56770098 0.23547900
vt 0.57032299 0.23548901
vt 0.57294500 0.23549902
vt 0.57556897 0.23550797
vt 0.58618999 0.22837299
vt 0.58878601 0.22838199
vt 0.59137702 0.22838700
vt 0.59397799 0.22839499
vt 0.59659702 0.22839999
vt 0.59659702 0.22803497
vt 0.59397799 0.22802901
vt 0.59137601 0.22802299
vt 0.58878601 0.22801602
vt 0.58619100 0.22800899
vt 0.59658003 0.23521101
vt 0.59395999 0.23520100
vt 0.59135801 0.23519498
vt 0.58876598 0.23518401
vt 0.58616900 0.23517799
vt 0.58616799 0.23554301
vt 0.58876401 0.23555100
vt 0.59135503 0.23555899
vt 0.59395701 0.23556799
vt 0.59657800 0.23557502
vt 0.60719800 0.22842401
vt 0.60983402 0.22843003
vt 0.61248302 0.22842902
vt 0.61513901 0.22842902
vt 0.61778200 0.22842401
vt 0.61778200 0.22806001
vt 0.61513799 0.22806299
vt 0.61248100 0.22806501
vt 0.60983199 0.22806400
vt 0.60719901 0.22806001
vt 0.61779201 0.23523599
vt 0.61514300 0.23523700
vt 0.61248201 0.23523700
vt 0.60982800 0.23523402
vt 0.60718900 0.23523200
vt 0.60718799 0.23559701
vt 0.60982603 0.23559999
vt 0.61247998 0.23560202
vt 0.61514199 0.23560297
vt 0.61779302 0.23560101
vt 0.54400498 0.22815698
vt 0.54664999 0.22817099
vt 0.54930800 0.22819799
vt 0.55196500 0.22822398
vt 0.55460399 0.22824198
vt 0.55460799 0.22787797
vt 0.55196899 0.22785801
vt 0.54931200 0.22783399
vt 0.54665101 0.22780502
vt 0.54399103 0.22779298
vt 0.55455500 0.23504502
vt 0.55190903 0.23502201
vt 0.54924703 0.23500198
vt 0.54658401 0.23497802
vt 0.54393601 0.23493600
vt 0.54391402 0.23530000
vt 0.54657799 0.23534298
vt 0.54924500 0.23536599
vt 0.55190700 0.23538798
vt 0.55455297 0.23540902
vt 0.62040198 0.22842097
vt 0.62301099 0.22841102
vt 0.62561899 0.22840202
vt 0.62823701 0.22840601
vt 0.62825400 0.22804201
vt 0.62562001 0.22803599
vt 0.62301099 0.22804701
vt 0.62040198 0.22805500
vt 0.62826699 0.23518503
vt 0.62564498 0.23521298
vt 0.62303299 0.23522300
vt 0.62041801 0.23522902
vt 0.62041998 0.23559600
vt 0.62303501 0.23558801
vt 0.62564999 0.23557901
vt 0.62828702 0.23554897
vt 0.55723000 0.22826201
vt 0.55985701 0.22827601
vt 0.56248599 0.22829199
vt 0.56248802 0.22792697
vt 0.55985802 0.22791302
vt 0.55723101 0.22789699
vt 0.56245202 0.23509002
vt 0.55981803 0.23507798
vt 0.55718601 0.23505998
vt 0.55718201 0.23542601
vt 0.55981499 0.23544097
vt 0.56244999 0.23545504
vt 0.57823902 0.22835302
vt 0.58090198 0.22835898
vt 0.58355898 0.22836900
vt 0.58356202 0.22800303
vt 0.58090299 0.22799599
vt 0.57823998 0.22798699
vt 0.58353901 0.23516703
vt 0.58088100 0.23515999
vt 0.57821703 0.23514998
vt 0.57821500 0.23551601
vt 0.58087999 0.23552400
vt 0.58353901 0.23553300
vt 0.59924603 0.22840899
vt 0.60190701 0.22841501
vt 0.60456097 0.22842199
vt 0.60456401 0.22805601
vt 0.60191000 0.22804999
vt 0.59924698 0.22804302
vt 0.60454899 0.23522604
vt 0.60189199 0.23522198
vt 0.59922898 0.23521501
vt 0.59922898 0.23558199
vt 0.60189402 0.23558700
vt 0.60455102 0.23559201
vt 0.68301302 0.02282900
vt 0.68301302 0.01911497
vt 0.80638498 0.01911598
vt 0.80638498 0.02283001
vt 0.68301302 0.23202699
vt 0.68301302 0.22831297
vt 0.80638498 0.22831398
vt 0.80638498 0.23202801
vt 0.24687000 0.84102499
vt 0.24687000 0.83731103
vt 0.47766900 0.83731103
vt 0.47766900 0.84102601
vt 0.24687700 0.68553299
vt 0.24687700 0.56214499
vt 0.47768101 0.56214499
vt 0.47768101 0.68553299
vt 0.24687000 0.83172798
vt 0.24687000 0.82801300
vt 0.47766900 0.82801300
vt 0.47766900 0.83172798
vt 0.24687700 0.82034898
vt 0.24687700 0.69696200
vt 0.47768101 0.69696200
vt 0.47768101 0.82034898
vt 0.81014901 0.02282900
vt 0.81043297 0.02283102
vt 0.81041503 0.02309400
vt 0.81015098 0.02311301
vt 0.81039000 0.02332401
vt 0.81015301 0.02334797
vt 0.81066799 0.02283299
vt 0.81064397 0.02306902
vt 0.81059402 0.02327299
vt 0.67925000 0.02282900
vt 0.67924798 0.02311301
vt 0.67898399 0.02309400
vt 0.67896497 0.02283001
vt 0.67875499 0.02306902
vt 0.67873102 0.02283299
vt 0.67924500 0.02334702
vt 0.67900902 0.02332300
vt 0.67880499 0.02327299
vt 0.67924899 0.01911598
vt 0.67896497 0.01911497
vt 0.67898297 0.01885098
vt 0.67924702 0.01883203
vt 0.67900902 0.01862198
vt 0.67924500 0.01859802
vt 0.67873001 0.01911199
vt 0.67875397 0.01887602
vt 0.67880499 0.01867199
vt 0.81014901 0.01911700
vt 0.81015003 0.01883298
vt 0.81041402 0.01885098
vt 0.81043297 0.01911497
vt 0.81064302 0.01887703
vt 0.81066698 0.01911300
vt 0.81015301 0.01859802
vt 0.81038898 0.01862198
vt 0.81059301 0.01867300
vt 0.81014901 0.22831500
vt 0.81015003 0.22803098
vt 0.81041402 0.22804898
vt 0.81043297 0.22831297
vt 0.81064302 0.22807503
vt 0.81066698 0.22831100
vt 0.81015301 0.22779602
vt 0.81038898 0.22781998
vt 0.81059301 0.22786999
vt 0.81014901 0.23202699
vt 0.81043297 0.23202902
vt 0.81041503 0.23229200
vt 0.81015098 0.23231101
vt 0.81038898 0.23252100
vt 0.81015301 0.23254597
vt 0.81066799 0.23203099
vt 0.81064397 0.23226702
vt 0.81059301 0.23247099
vt 0.67924899 0.23202598
vt 0.67924798 0.23231000
vt 0.67898399 0.23229200
vt 0.67896497 0.23202801
vt 0.67875499 0.23226702
vt 0.67873102 0.23203003
vt 0.67924500 0.23254502
vt 0.67900902 0.23252100
vt 0.67880499 0.23247099
vt 0.67924899 0.22831398
vt 0.67896497 0.22831202
vt 0.67898297 0.22804898
vt 0.67924702 0.22802997
vt 0.67900801 0.22781998
vt 0.67924500 0.22779500
vt 0.67873001 0.22830999
vt 0.67875397 0.22807401
vt 0.67880499 0.22786999
vt 0.48313800 0.83731198
vt 0.48313901 0.83702701
vt 0.48340300 0.83704603
vt 0.48342201 0.83731002
vt 0.48363200 0.83707100
vt 0.48365700 0.83730799
vt 0.48314101 0.83679301
vt 0.48337799 0.83681703
vt 0.48358199 0.83686697
vt 0.48313800 0.84102499
vt 0.48342201 0.84102702
vt 0.48340300 0.84129101
vt 0.48313999 0.84130901
vt 0.48337799 0.84152001
vt 0.48314101 0.84154397
vt 0.48365700 0.84102899
vt 0.48363301 0.84126502
vt 0.48358199 0.84147000
vt 0.00051900 0.84102499
vt 0.00051800 0.84130901
vt 0.00025400 0.84129101
vt 0.00023500 0.84102702
vt 0.00002500 0.84126502
vt 0.00000000 0.84102899
vt 0.00051600 0.84154397
vt 0.00027900 0.84152001
vt 0.00007500 0.84147000
vt 0.00051900 0.83731198
vt 0.00023400 0.83731002
vt 0.00025300 0.83704603
vt 0.00051700 0.83702701
vt 0.00027900 0.83681703
vt 0.00051600 0.83679301
vt 0.00000000 0.83730799
vt 0.00002400 0.83707100
vt 0.00007500 0.83686697
vt 0.48315001 0.55838102
vt 0.48315099 0.55809700
vt 0.48341501 0.55811602
vt 0.48343399 0.55838001
vt 0.48364401 0.55814099
vt 0.48366800 0.55837703
vt 0.48315299 0.55786198
vt 0.48338899 0.55788600
vt 0.48359299 0.55793703
vt 0.48315001 0.68929702
vt 0.48343399 0.68929899
vt 0.48341501 0.68956298
vt 0.48315099 0.68958199
vt 0.48338899 0.68979198
vt 0.48315299 0.68981600
vt 0.48366800 0.68930203
vt 0.48364401 0.68953800
vt 0.48359299 0.68974203
vt 0.00052100 0.68929702
vt 0.00052000 0.68958098
vt 0.00025600 0.68956298
vt 0.00023700 0.68929899
vt 0.00002700 0.68953800
vt 0.00000300 0.68930101
vt 0.00051800 0.68981600
vt 0.00028200 0.68979198
vt 0.00007800 0.68974203
vt 0.00052100 0.55838102
vt 0.00023700 0.55837899
vt 0.00025600 0.55811501
vt 0.00052000 0.55809700
vt 0.00028100 0.55788600
vt 0.00051800 0.55786198
vt 0.00000200 0.55837703
vt 0.00002700 0.55813998
vt 0.00007700 0.55793601
vt 0.48313800 0.82801402
vt 0.48313901 0.82773000
vt 0.48340300 0.82774800
vt 0.48342201 0.82801199
vt 0.48363301 0.82777297
vt 0.48365700 0.82801002
vt 0.48314101 0.82749498
vt 0.48337799 0.82751900
vt 0.48358199 0.82756901
vt 0.48313800 0.83172703
vt 0.48342299 0.83172899
vt 0.48340401 0.83199298
vt 0.48313999 0.83201098
vt 0.48337799 0.83222198
vt 0.48314199 0.83224601
vt 0.48365700 0.83173102
vt 0.48363301 0.83196801
vt 0.48358199 0.83217198
vt 0.00051900 0.83172703
vt 0.00051800 0.83201098
vt 0.00025400 0.83199298
vt 0.00023500 0.83172899
vt 0.00002500 0.83196801
vt 0.00000000 0.83173102
vt 0.00051600 0.83224601
vt 0.00027900 0.83222198
vt 0.00007500 0.83217198
vt 0.00051900 0.82801402
vt 0.00023400 0.82801199
vt 0.00025400 0.82774800
vt 0.00051700 0.82773000
vt 0.00027900 0.82751900
vt 0.00051600 0.82749498
vt 0.00000000 0.82801002
vt 0.00002400 0.82777297
vt 0.00007500 0.82756901
vt 0.48315001 0.69319803
vt 0.48315099 0.69291300
vt 0.48341501 0.69293201
vt 0.48343399 0.69319600
vt 0.48364401 0.69295698
vt 0.48366800 0.69319302
vt 0.48315299 0.69267899
vt 0.48338899 0.69270301
vt 0.48359299 0.69275302
vt 0.48315001 0.82411402
vt 0.48343399 0.82411599
vt 0.48341501 0.82437998
vt 0.48315099 0.82439798
vt 0.48338899 0.82460898
vt 0.48315299 0.82463300
vt 0.48366800 0.82411802
vt 0.48364401 0.82435399
vt 0.48359299 0.82455897
vt 0.00052100 0.82411402
vt 0.00052000 0.82439798
vt 0.00025600 0.82437903
vt 0.00023700 0.82411498
vt 0.00002700 0.82435399
vt 0.00000300 0.82411802
vt 0.00051800 0.82463199
vt 0.00028200 0.82460898
vt 0.00007800 0.82455802
vt 0.00052100 0.69319701
vt 0.00023700 0.69319600
vt 0.00025600 0.69293201
vt 0.00052000 0.69291300
vt 0.00028100 0.69270200
vt 0.00051800 0.69267797
vt 0.00000200 0.69319302
vt 0.00002700 0.69295698
vt 0.00007700 0.69275302
vt 0.80638498 0.02311498
vt 0.68301302 0.02311403
vt 0.80638498 0.02335000
vt 0.68301302 0.02334899
vt 0.68301302 0.01883000
vt 0.80638498 0.01883101
vt 0.68301302 0.01859498
vt 0.80638498 0.01859599
vt 0.80638498 0.23231304
vt 0.68301302 0.23231196
vt 0.80638498 0.23254800
vt 0.68301302 0.23254699
vt 0.68301302 0.22802800
vt 0.80638498 0.22802901
vt 0.68301302 0.22779298
vt 0.80638498 0.22779399
vt 0.24687000 0.84131002
vt 0.00598800 0.84131002
vt 0.00598800 0.84102499
vt 0.24687000 0.84154499
vt 0.00598800 0.84154499
vt 0.24687000 0.83702600
vt 0.47766900 0.83702600
vt 0.24687000 0.83679098
vt 0.47766900 0.83679098
vt 0.48315099 0.56214499
vt 0.48343599 0.56214499
vt 0.48343599 0.68553299
vt 0.48315099 0.68553299
vt 0.48367101 0.56214499
vt 0.48367101 0.68553299
vt 0.24687700 0.68929797
vt 0.24687700 0.68958300
vt 0.00598900 0.68958300
vt 0.00598900 0.68929797
vt 0.24687700 0.68981802
vt 0.00598900 0.68981802
vt 0.00052000 0.68553299
vt 0.00023500 0.68553299
vt 0.00023500 0.56214499
vt 0.00052000 0.56214499
vt 0.00000000 0.68553299
vt 0.00000000 0.56214499
vt 0.24687700 0.55838001
vt 0.24687700 0.55809599
vt 0.47768101 0.55809599
vt 0.47768101 0.55838001
vt 0.24687700 0.55786097
vt 0.47768101 0.55786097
vt 0.24687000 0.83201301
vt 0.00598800 0.83201200
vt 0.00598800 0.83172798
vt 0.24687000 0.83224797
vt 0.00598800 0.83224702
vt 0.24687000 0.82772797
vt 0.47766900 0.82772899
vt 0.24687000 0.82749301
vt 0.47766900 0.82749403
vt 0.48315099 0.69696200
vt 0.48343599 0.69696200
vt 0.48343599 0.82034898
vt 0.48315099 0.82034898
vt 0.48367101 0.69696200
vt 0.48367101 0.82034898
vt 0.24687700 0.82411402
vt 0.24687700 0.82439899
vt 0.00598900 0.82439899
vt 0.00598900 0.82411402
vt 0.24687700 0.82463402
vt 0.00598900 0.82463402
vt 0.00052000 0.82034898
vt 0.00023500 0.82034898
vt 0.00023500 0.69696200
vt 0.00052000 0.69696200
vt 0.00000000 0.82034898
vt 0.00000000 0.69696200
vt 0.24687700 0.69319701
vt 0.24687700 0.69291198
vt 0.47768101 0.69291198
vt 0.47768101 0.69319701
vt 0.24687700 0.69267702
vt 0.47768101 0.69267702
vt 0.47768101 0.68929797
vt 0.00598900 0.56214499
vt 0.00598900 0.55838001
vt 0.47768101 0.82411402
vt 0.00598900 0.69696200
vt 0.00598900 0.69319701
vt 0.00598800 0.83731103
vt 0.00598900 0.68553299
vt 0.00598800 0.82801300
vt 0.00598900 0.82034898
vt 0.47766900 0.84131098
vt 0.47766900 0.84154600
vt 0.00598800 0.83702600
vt 0.00598800 0.83679098
vt 0.47768101 0.68958300
vt 0.47768101 0.68981802
vt 0.00598900 0.55809599
vt 0.00598900 0.55786097
vt 0.47766900 0.83201301
vt 0.47766900 0.83224797
vt 0.00598800 0.82772797
vt 0.00598800 0.82749301
vt 0.47768101 0.82439899
vt 0.47768101 0.82463402
vt 0.00598900 0.69291198
vt 0.00598900 0.69267702
f 1/1/1 2/2/2 3/3/3
f 3/3/3 4/4/4 1/1/1
f 5/5/5 1/1/1 4/4/4
f 4/4/4 6/6/6 5/5/5
f 1/1/1 5/5/5 7/7/7
f 7/7/7 8/8/8 1/1/1
f 2/2/2 1/1/1 8/8/8
f 8/8/8 9/9/9 2/2/2
f 10/10/10 11/11/11 12/12/12
f 12/12/12 13/13/13 10/10/10
f 14/14/14 10/10/10 13/13/13
f 13/13/13 15/15/15 14/14/14
f 10/10/10 14/14/14 6/6/6
f 6/6/6 4/4/4 10/10/10
f 11/11/11 10/10/10 4/4/4
f 4/4/4 3/3/3 11/11/11
f 16/16/16 17/17/17 18/18/18
f 18/18/18 19/19/19 16/16/16
f 20/20/20 16/16/16 19/19/19
f 19/19/19 21/21/21 20/20/20
f 16/16/16 20/20/20 22/22/22
f 22/22/22 23/23/23 16/16/16
f 17/17/17 16/16/16 23/23/23
f 23/23/23 24/24/24 17/17/17
f 25/25/25 26/26/26 27/27/27
f 27/27/27 28/28/28 25/25/25
f 29/29/29 25/25/25 28/28/28
f 28/28/28 30/30/30 29/29/29
f 25/25/25 29/29/29 31/31/31
f 31/31/31 32/32/32 25/25/25
f 26/26/26 25/25/25 32/32/32
f 32/32/32 33/33/33 26/26/26
f 34/34/34 35/35/35 36/36/36
f 36/36/36 37/37/37 34/34/34
f 38/38/38 34/34/34 37/37/37
f 37/37/37 39/39/39 38/38/38
f 34/34/34 38/38/38 40/40/40
f 40/40/40 41/41/41 34/34/34
f 35/35/35 34/34/34 41/41/41
f 41/41/41 42/42/42 35/35/35
f 43/43/43 44/44/44 45/45/45
f 45/45/45 46/46/46 43/43/43
f 47/47/47 43/43/43 46/46/46
f 46/46/46 48/48/48 47/47/47
f 43/43/43 47/47/47 49/49/49
f 49/49/49 50/50/50 43/43/43
f 44/44/44 43/43/43 50/50/50
f 50/50/50 51/51/51 44/44/44
f 52/52/52 53/53/53 54/54/54
f 54/54/54 55/55/55 52/52/52
f 56/56/56 52/52/52 55/55/55
f 55/55/55 57/57/57 56/56/56
f 52/52/52 56/56/56 58/58/58
f 58/58/58 59/59/59 52/52/52
f 53/53/53 52/52/52 59/59/59
f 59/59/59 60/60/60 53/53/53
f 61/61/61 62/62/62 63/63/63
f 63/63/63 64/64/64 61/61/61
f 65/65/65 61/61/61 64/64/64
f 64/64/64 66/66/66 65/65/65
f 61/61/61 65/65/65 67/67/67
f 67/67/67 68/68/68 61/61/61
f 62/62/62 61/61/61 68/68/68
f 68/68/68 69/69/69 62/62/62
f 70/70/70 71/71/71 72/72/72
f 72/72/72 73/73/73 70/70/70
f 74/74/74 70/70/70 73/73/73
f 73/73/73 75/75/75 74/74/74
f 70/70/70 74/74/74 76/76/76
f 76/76/76 77/77/77 70/70/70
f 71/71/71 70/70/70 77/77/77
f 77/77/77 78/78/78 71/71/71
f 79/79/79 80/80/80 81/81/81
f 81/81/81 82/82/82 79/79/79
f 83/83/83 79/79/79 82/82/82
f 82/82/82 84/84/84 83/83/83
f 79/79/79 83/83/83 85/85/85
f 85/85/85 86/86/86 79/79/79
f 80/80/80 79/79/79 86/86/86
f 86/86/86 87/87/87 80/80/80
f 88/88/88 89/89/89 90/90/90
f 90/90/90 91/91/91 88/88/88
f 92/92/92 88/88/88 91/91/91
f 91/91/91 93/93/93 92/92/92
f 88/88/88 92/92/92 94/94/94
f 94/94/94 95/95/95 88/88/88
f 89/89/89 88/88/88 95/95/95
f 95/95/95 96/96/96 89/89/89
f 97/97/97 98/98/98 99/99/99
f 99/99/99 100/100/100 97/97/97
f 101/101/101 97/97/97 100/100/100
f 100/100/100 102/102/102 101/101/101
f 97/97/97 101/101/101 103/103/103
f 103/103/103 104/104/104 97/97/97
f 98/98/98 97/97/97 104/104/104
f 104/104/104 105/105/105 98/98/98
f 106/106/106 107/107/107 108/108/108
f 108/108/108 109/109/109 106/106/106
f 110/110/110 106/106/106 109/109/109
f 109/109/109 111/111/111 110/110/110
f 106/106/106 110/110/110 112/112/112
f 112/112/112 113/113/113 106/106/106
f 107/107/107 106/106/106 113/113/113
f 113/113/113 114/114/114 107/107/107
f 115/115/115 116/116/116 117/117/117
f 117/117/117 118/118/118 115/115/115
f 53/53/53 115/115/115 118/118/118
f 118/118/118 54/54/54 53/53/53
f 115/115/115 53/53/53 60/60/60
f 60/60/60 119/119/119 115/115/115
f 116/116/116 115/115/115 119/119/119
f 119/119/119 120/120/120 116/116/116
f 121/121/121 122/122/122 123/123/123
f 123/123/123 124/124/124 121/121/121
f 125/125/125 121/121/121 124/124/124
f 124/124/124 126/126/126 125/125/125
f 121/121/121 125/125/125 127/127/127
f 127/127/127 128/128/128 121/121/121
f 122/122/122 121/121/121 128/128/128
f 128/128/128 129/129/129 122/122/122
f 130/130/130 131/131/131 24/24/24
f 24/24/24 23/23/23 130/130/130
f 132/132/132 130/130/130 23/23/23
f 23/23/23 22/22/22 132/132/132
f 130/130/130 132/132/132 102/102/102
f 102/102/102 100/100/100 130/130/130
f 131/131/131 130/130/130 100/100/100
f 100/100/100 99/99/99 131/131/131
f 133/133/133 134/134/134 135/135/135
f 135/135/135 136/136/136 133/133/133
f 137/137/137 133/133/133 136/136/136
f 136/136/136 138/138/138 137/137/137
f 133/133/133 137/137/137 139/139/139
f 139/139/139 140/140/140 133/133/133
f 134/134/134 133/133/133 140/140/140
f 140/140/140 141/141/141 134/134/134
f 142/142/142 143/143/143 144/144/144
f 144/144/144 145/145/145 142/142/142
f 146/146/146 142/142/142 145/145/145
f 145/145/145 147/147/147 146/146/146
f 142/142/142 146/146/146 15/15/15
f 15/15/15 13/13/13 142/142/142
f 143/143/143 142/142/142 13/13/13
f 13/13/13 12/12/12 143/143/143
f 148/148/148 149/149/149 150/150/150
f 150/150/150 151/151/151 148/148/148
f 149/149/149 148/148/148 152/152/152
f 152/152/152 153/153/153 149/149/149
f 154/154/154 155/155/155 153/153/153
f 153/153/153 152/152/152 154/154/154
f 155/155/155 154/154/154 156/156/156
f 156/156/156 157/157/157 155/155/155
f 158/158/158 155/155/155 157/157/157
f 157/157/157 159/159/159 158/158/158
f 160/160/160 161/161/161 158/158/158
f 158/158/158 159/159/159 160/160/160
f 161/161/161 160/160/160 162/162/162
f 162/162/162 163/163/163 161/161/161
f 164/164/164 165/165/165 163/163/163
f 163/163/163 162/162/162 164/164/164
f 165/165/165 164/164/164 166/166/166
f 166/166/166 167/167/167 165/165/165
f 168/168/168 169/169/169 167/167/167
f 167/167/167 166/166/166 168/168/168
f 169/169/169 168/168/168 170/170/170
f 170/170/170 171/171/171 169/169/169
f 172/172/172 169/169/169 171/171/171
f 171/171/171 173/173/173 172/172/172
f 174/174/174 175/175/175 172/172/172
f 172/172/172 173/173/173 174/174/174
f 175/175/175 174/174/174 176/176/176
f 176/176/176 177/177/177 175/175/175
f 178/178/178 179/179/179 177/177/177
f 177/177/177 176/176/176 178/178/178
f 179/179/179 178/178/178 180/180/180
f 180/180/180 181/181/181 179/179/179
f 182/182/182 183/183/183 181/181/181
f 181/181/181 180/180/180 182/182/182
f 183/183/183 182/182/182 42/42/42
f 42/42/42 184/184/184 183/183/183
f 185/185/185 183/183/183 184/184/184
f 184/184/184 81/81/81 185/185/185
f 80/80/80 186/186/186 185/185/185
f 185/185/185 81/81/81 80/80/80
f 186/186/186 80/80/80 87/87/87
f 87/87/87 187/187/187 186/186/186
f 188/188/188 186/186/186 187/187/187
f 187/187/187 189/189/189 188/188/188
f 190/190/190 191/191/191 188/188/188
f 188/188/188 189/189/189 190/190/190
f 191/191/191 190/190/190 151/151/151
f 151/151/151 150/150/150 191/191/191
f 192/192/192 193/193/193 194/194/194
f 194/194/194 195/195/195 192/192/192
f 193/193/193 192/192/192 196/196/196
f 196/196/196 197/197/197 193/193/193
f 198/198/198 199/199/199 197/197/197
f 197/197/197 196/196/196 198/198/198
f 199/199/199 198/198/198 200/200/200
f 200/200/200 201/201/201 199/199/199
f 202/202/202 199/199/199 201/201/201
f 201/201/201 203/203/203 202/202/202
f 204/204/204 205/205/205 202/202/202
f 202/202/202 203/203/203 204/204/204
f 205/205/205 204/204/204 206/206/206
f 206/206/206 207/207/207 205/205/205
f 208/208/208 209/209/209 207/207/207
f 207/207/207 206/206/206 208/208/208
f 209/209/209 208/208/208 210/210/210
f 210/210/210 211/211/211 209/209/209
f 212/212/212 213/213/213 211/211/211
f 211/211/211 210/210/210 212/212/212
f 213/213/213 212/212/212 214/214/214
f 214/214/214 215/215/215 213/213/213
f 216/216/216 213/213/213 215/215/215
f 215/215/215 217/217/217 216/216/216
f 218/218/218 219/219/219 216/216/216
f 216/216/216 217/217/217 218/218/218
f 219/219/219 218/218/218 220/220/220
f 220/220/220 221/221/221 219/219/219
f 222/222/222 219/219/219 221/221/221
f 221/221/221 223/223/223 222/222/222
f 224/224/224 225/225/225 222/222/222
f 222/222/222 223/223/223 224/224/224
f 225/225/225 224/224/224 226/226/226
f 226/226/226 227/227/227 225/225/225
f 228/228/228 229/229/229 227/227/227
f 227/227/227 226/226/226 228/228/228
f 229/229/229 228/228/228 230/230/230
f 230/230/230 231/231/231 229/229/229
f 232/232/232 233/233/233 231/231/231
f 231/231/231 230/230/230 232/232/232
f 233/233/233 232/232/232 234/234/234
f 234/234/234 235/235/235 233/233/233
f 236/236/236 233/233/233 235/235/235
f 235/235/235 237/237/237 236/236/236
f 238/238/238 239/239/239 236/236/236
f 236/236/236 237/237/237 238/238/238
f 239/239/239 238/238/238 195/195/195
f 195/195/195 194/194/194 239/239/239
f 240/240/240 241/241/241 105/105/105
f 105/105/105 104/104/104 240/240/240
f 242/242/242 240/240/240 104/104/104
f 104/104/104 103/103/103 242/242/242
f 240/240/240 242/242/242 243/243/243
f 243/243/243 244/244/244 240/240/240
f 241/241/241 240/240/240 244/244/244
f 244/244/244 245/245/245 241/241/241
f 246/246/246 247/247/247 114/114/114
f 114/114/114 113/113/113 246/246/246
f 248/248/248 246/246/246 113/113/113
f 113/113/113 112/112/112 248/248/248
f 246/246/246 248/248/248 249/249/249
f 249/249/249 250/250/250 246/246/246
f 247/247/247 246/246/246 250/250/250
f 250/250/250 251/251/251 247/247/247
f 252/252/252 253/253/253 254/254/254
f 254/254/254 255/255/255 252/252/252
f 256/256/256 252/252/252 255/255/255
f 255/255/255 257/257/257 256/256/256
f 252/252/252 256/256/256 220/220/220
f 220/220/220 258/258/258 252/252/252
f 253/253/253 252/252/252 258/258/258
f 258/258/258 259/259/259 253/253/253
f 260/260/260 261/261/261 262/262/262
f 262/262/262 263/263/263 260/260/260
f 116/116/116 260/260/260 263/263/263
f 263/263/263 117/117/117 116/116/116
f 260/260/260 116/116/116 120/120/120
f 120/120/120 264/264/264 260/260/260
f 261/261/261 260/260/260 264/264/264
f 264/264/264 265/265/265 261/261/261
f 266/266/266 267/267/267 268/268/268
f 268/268/268 269/269/269 266/266/266
f 215/215/215 266/266/266 269/269/269
f 269/269/269 217/217/217 215/215/215
f 266/266/266 215/215/215 214/214/214
f 214/214/214 270/270/270 266/266/266
f 267/267/267 266/266/266 270/270/270
f 270/270/270 271/271/271 267/267/267
f 272/272/272 5/5/5 6/6/6
f 6/6/6 273/273/273 272/272/272
f 274/274/274 272/272/272 273/273/273
f 273/273/273 275/275/275 274/274/274
f 272/272/272 274/274/274 276/276/276
f 276/276/276 277/277/277 272/272/272
f 5/5/5 272/272/272 277/277/277
f 277/277/277 7/7/7 5/5/5
f 278/278/278 2/2/2 9/9/9
f 9/9/9 279/279/279 278/278/278
f 280/280/280 278/278/278 279/279/279
f 279/279/279 281/281/281 280/280/280
f 278/278/278 280/280/280 282/282/282
f 282/282/282 283/283/283 278/278/278
f 2/2/2 278/278/278 283/283/283
f 283/283/283 3/3/3 2/2/2
f 284/284/284 14/14/14 15/15/15
f 15/15/15 285/285/285 284/284/284
f 286/286/286 284/284/284 285/285/285
f 285/285/285 287/287/287 286/286/286
f 284/284/284 286/286/286 275/275/275
f 275/275/275 273/273/273 284/284/284
f 14/14/14 284/284/284 273/273/273
f 273/273/273 6/6/6 14/14/14
f 288/288/288 11/11/11 3/3/3
f 3/3/3 283/283/283 288/288/288
f 289/289/289 288/288/288 283/283/283
f 283/283/283 282/282/282 289/289/289
f 288/288/288 289/289/289 290/290/290
f 290/290/290 291/291/291 288/288/288
f 11/11/11 288/288/288 291/291/291
f 291/291/291 12/12/12 11/11/11
f 292/292/292 20/20/20 21/21/21
f 21/21/21 293/293/293 292/292/292
f 294/294/294 292/292/292 293/293/293
f 293/293/293 295/295/295 294/294/294
f 292/292/292 294/294/294 296/296/296
f 296/296/296 297/297/297 292/292/292
f 20/20/20 292/292/292 297/297/297
f 297/297/297 22/22/22 20/20/20
f 298/298/298 17/17/17 24/24/24
f 24/24/24 299/299/299 298/298/298
f 300/300/300 298/298/298 299/299/299
f 299/299/299 301/301/301 300/300/300
f 298/298/298 300/300/300 302/302/302
f 302/302/302 303/303/303 298/298/298
f 17/17/17 298/298/298 303/303/303
f 303/303/303 18/18/18 17/17/17
f 304/304/304 29/29/29 30/30/30
f 30/30/30 305/305/305 304/304/304
f 306/306/306 304/304/304 305/305/305
f 305/305/305 307/307/307 306/306/306
f 304/304/304 306/306/306 308/308/308
f 308/308/308 309/309/309 304/304/304
f 29/29/29 304/304/304 309/309/309
f 309/309/309 31/31/31 29/29/29
f 310/310/310 311/311/311 108/108/108
f 108/108/108 312/312/312 310/310/310
f 313/313/313 310/310/310 312/312/312
f 312/312/312 314/314/314 313/313/313
f 310/310/310 313/313/313 315/315/315
f 315/315/315 316/316/316 310/310/310
f 311/311/311 310/310/310 316/316/316
f 316/316/316 33/33/33 311/311/311
f 317/317/317 74/74/74 75/75/75
f 75/75/75 318/318/318 317/317/317
f 319/319/319 317/317/317 318/318/318
f 318/318/318 320/320/320 319/319/319
f 317/317/317 319/319/319 321/321/321
f 321/321/321 322/322/322 317/317/317
f 74/74/74 317/317/317 322/322/322
f 322/322/322 76/76/76 74/74/74
f 323/323/323 324/324/324 325/325/325
f 325/325/325 326/326/326 323/323/323
f 327/327/327 323/323/323 326/326/326
f 326/326/326 328/328/328 327/327/327
f 323/323/323 327/327/327 329/329/329
f 329/329/329 330/330/330 323/323/323
f 324/324/324 323/323/323 330/330/330
f 330/330/330 331/331/331 324/324/324
f 332/332/332 101/101/101 102/102/102
f 102/102/102 333/333/333 332/332/332
f 334/334/334 332/332/332 333/333/333
f 333/333/333 335/335/335 334/334/334
f 332/332/332 334/334/334 336/336/336
f 336/336/336 337/337/337 332/332/332
f 101/101/101 332/332/332 337/337/337
f 337/337/337 103/103/103 101/101/101
f 338/338/338 98/98/98 105/105/105
f 105/105/105 339/339/339 338/338/338
f 340/340/340 338/338/338 339/339/339
f 339/339/339 341/341/341 340/340/340
f 338/338/338 340/340/340 342/342/342
f 342/342/342 343/343/343 338/338/338
f 98/98/98 338/338/338 343/343/343
f 343/343/343 99/99/99 98/98/98
f 344/344/344 110/110/110 111/111/111
f 111/111/111 345/345/345 344/344/344
f 346/346/346 344/344/344 345/345/345
f 345/345/345 347/347/347 346/346/346
f 344/344/344 346/346/346 348/348/348
f 348/348/348 349/349/349 344/344/344
f 110/110/110 344/344/344 349/349/349
f 349/349/349 112/112/112 110/110/110
f 350/350/350 107/107/107 114/114/114
f 114/114/114 351/351/351 350/350/350
f 352/352/352 350/350/350 351/351/351
f 351/351/351 353/353/353 352/352/352
f 350/350/350 352/352/352 314/314/314
f 314/314/314 312/312/312 350/350/350
f 107/107/107 350/350/350 312/312/312
f 312/312/312 108/108/108 107/107/107
f 354/354/354 125/125/125 126/126/126
f 126/126/126 355/355/355 354/354/354
f 356/356/356 354/354/354 355/355/355
f 355/355/355 357/357/357 356/356/356
f 354/354/354 356/356/356 358/358/358
f 358/358/358 359/359/359 354/354/354
f 125/125/125 354/354/354 359/359/359
f 359/359/359 127/127/127 125/125/125
f 360/360/360 361/361/361 18/18/18
f 18/18/18 303/303/303 360/360/360
f 362/362/362 360/360/360 303/303/303
f 303/303/303 302/302/302 362/362/362
f 360/360/360 362/362/362 363/363/363
f 363/363/363 364/364/364 360/360/360
f 361/361/361 360/360/360 364/364/364
f 364/364/364 129/129/129 361/361/361
f 365/365/365 132/132/132 22/22/22
f 22/22/22 297/297/297 365/365/365
f 366/366/366 365/365/365 297/297/297
f 297/297/297 296/296/296 366/366/366
f 365/365/365 366/366/366 335/335/335
f 335/335/335 333/333/333 365/365/365
f 132/132/132 365/365/365 333/333/333
f 333/333/333 102/102/102 132/132/132
f 367/367/367 131/131/131 99/99/99
f 99/99/99 343/343/343 367/367/367
f 368/368/368 367/367/367 343/343/343
f 343/343/343 342/342/342 368/368/368
f 367/367/367 368/368/368 301/301/301
f 301/301/301 299/299/299 367/367/367
f 131/131/131 367/367/367 299/299/299
f 299/299/299 24/24/24 131/131/131
f 369/369/369 137/137/137 138/138/138
f 138/138/138 370/370/370 369/369/369
f 371/371/371 369/369/369 370/370/370
f 370/370/370 372/372/372 371/371/371
f 369/369/369 371/371/371 373/373/373
f 373/373/373 374/374/374 369/369/369
f 137/137/137 369/369/369 374/374/374
f 374/374/374 139/139/139 137/137/137
f 375/375/375 376/376/376 7/7/7
f 7/7/7 277/277/277 375/375/375
f 377/377/377 375/375/375 277/277/277
f 277/277/277 276/276/276 377/377/377
f 375/375/375 377/377/377 378/378/378
f 378/378/378 379/379/379 375/375/375
f 376/376/376 375/375/375 379/379/379
f 379/379/379 141/141/141 376/376/376
f 380/380/380 146/146/146 147/147/147
f 147/147/147 381/381/381 380/380/380
f 382/382/382 380/380/380 381/381/381
f 381/381/381 383/383/383 382/382/382
f 380/380/380 382/382/382 287/287/287
f 287/287/287 285/285/285 380/380/380
f 146/146/146 380/380/380 285/285/285
f 285/285/285 15/15/15 146/146/146
f 384/384/384 143/143/143 12/12/12
f 12/12/12 291/291/291 384/384/384
f 385/385/385 384/384/384 291/291/291
f 291/291/291 290/290/290 385/385/385
f 384/384/384 385/385/385 386/386/386
f 386/386/386 387/387/387 384/384/384
f 143/143/143 384/384/384 387/387/387
f 387/387/387 144/144/144 143/143/143
f 388/388/388 242/242/242 103/103/103
f 103/103/103 337/337/337 388/388/388
f 389/389/389 388/388/388 337/337/337
f 337/337/337 336/336/336 389/389/389
f 388/388/388 389/389/389 390/390/390
f 390/390/390 391/391/391 388/388/388
f 242/242/242 388/388/388 391/391/391
f 391/391/391 243/243/243 242/242/242
f 392/392/392 241/241/241 245/245/245
f 245/245/245 393/393/393 392/392/392
f 394/394/394 392/392/392 393/393/393
f 393/393/393 395/395/395 394/394/394
f 392/392/392 394/394/394 341/341/341
f 341/341/341 339/339/339 392/392/392
f 241/241/241 392/392/392 339/339/339
f 339/339/339 105/105/105 241/241/241
f 396/396/396 248/248/248 112/112/112
f 112/112/112 349/349/349 396/396/396
f 397/397/397 396/396/396 349/349/349
f 349/349/349 348/348/348 397/397/397
f 396/396/396 397/397/397 398/398/398
f 398/398/398 399/399/399 396/396/396
f 248/248/248 396/396/396 399/399/399
f 399/399/399 249/249/249 248/248/248
f 400/400/400 247/247/247 251/251/251
f 251/251/251 401/401/401 400/400/400
f 402/402/402 400/400/400 401/401/401
f 401/401/401 403/403/403 402/402/402
f 400/400/400 402/402/402 353/353/353
f 353/353/353 351/351/351 400/400/400
f 247/247/247 400/400/400 351/351/351
f 351/351/351 114/114/114 247/247/247
f 404/404/404 41/41/41 40/40/40
f 40/40/40 405/405/405 404/404/404
f 82/82/82 404/404/404 405/405/405
f 405/405/405 84/84/84 82/82/82
f 404/404/404 82/82/82 81/81/81
f 81/81/81 184/184/184 404/404/404
f 41/41/41 404/404/404 184/184/184
f 184/184/184 42/42/42 41/41/41
f 406/406/406 140/140/140 139/139/139
f 139/139/139 407/407/407 406/406/406
f 8/8/8 406/406/406 407/407/407
f 407/407/407 9/9/9 8/8/8
f 406/406/406 8/8/8 7/7/7
f 7/7/7 376/376/376 406/406/406
f 140/140/140 406/406/406 376/376/376
f 376/376/376 141/141/141 140/140/140
f 408/408/408 409/409/409 410/410/410
f 410/410/410 411/411/411 408/408/408
f 412/412/412 408/408/408 411/411/411
f 411/411/411 413/413/413 412/412/412
f 408/408/408 412/412/412 414/414/414
f 414/414/414 415/415/415 408/408/408
f 409/409/409 408/408/408 415/415/415
f 415/415/415 170/170/170 409/409/409
f 416/416/416 174/174/174 173/173/173
f 173/173/173 417/417/417 416/416/416
f 418/418/418 416/416/416 417/417/417
f 417/417/417 419/419/419 418/418/418
f 416/416/416 418/418/418 420/420/420
f 420/420/420 421/421/421 416/416/416
f 174/174/174 416/416/416 421/421/421
f 421/421/421 176/176/176 174/174/174
f 422/422/422 178/178/178 176/176/176
f 176/176/176 421/421/421 422/422/422
f 423/423/423 422/422/422 421/421/421
f 421/421/421 420/420/420 423/423/423
f 422/422/422 423/423/423 424/424/424
f 424/424/424 425/425/425 422/422/422
f 178/178/178 422/422/422 425/425/425
f 425/425/425 180/180/180 178/178/178
f 426/426/426 182/182/182 180/180/180
f 180/180/180 425/425/425 426/426/426
f 427/427/427 426/426/426 425/425/425
f 425/425/425 424/424/424 427/427/427
f 426/426/426 427/427/427 36/36/36
f 36/36/36 35/35/35 426/426/426
f 182/182/182 426/426/426 35/35/35
f 35/35/35 42/42/42 182/182/182
f 428/428/428 221/221/221 220/220/220
f 220/220/220 256/256/256 428/428/428
f 429/429/429 428/428/428 256/256/256
f 256/256/256 257/257/257 429/429/429
f 428/428/428 429/429/429 430/430/430
f 430/430/430 431/431/431 428/428/428
f 221/221/221 428/428/428 431/431/431
f 431/431/431 223/223/223 221/221/221
f 432/432/432 224/224/224 223/223/223
f 223/223/223 431/431/431 432/432/432
f 433/433/433 432/432/432 431/431/431
f 431/431/431 430/430/430 433/433/433
f 432/432/432 433/433/433 434/434/434
f 434/434/434 435/435/435 432/432/432
f 224/224/224 432/432/432 435/435/435
f 435/435/435 226/226/226 224/224/224
f 436/436/436 228/228/228 226/226/226
f 226/226/226 435/435/435 436/436/436
f 437/437/437 436/436/436 435/435/435
f 435/435/435 434/434/434 437/437/437
f 436/436/436 437/437/437 438/438/438
f 438/438/438 439/439/439 436/436/436
f 228/228/228 436/436/436 439/439/439
f 439/439/439 230/230/230 228/228/228
f 440/440/440 232/232/232 230/230/230
f 230/230/230 439/439/439 440/440/440
f 441/441/441 440/440/440 439/439/439
f 439/439/439 438/438/438 441/441/441
f 440/440/440 441/441/441 442/442/442
f 442/442/442 443/443/443 440/440/440
f 232/232/232 440/440/440 443/443/443
f 443/443/443 234/234/234 232/232/232
f 444/444/444 258/258/258 220/220/220
f 220/220/220 218/218/218 444/444/444
f 269/269/269 444/444/444 218/218/218
f 218/218/218 217/217/217 269/269/269
f 444/444/444 269/269/269 268/268/268
f 268/268/268 445/445/445 444/444/444
f 258/258/258 444/444/444 445/445/445
f 445/445/445 259/259/259 258/258/258
f 446/446/446 374/374/374 373/373/373
f 373/373/373 447/447/447 446/446/446
f 279/279/279 446/446/446 447/447/447
f 447/447/447 281/281/281 279/279/279
f 446/446/446 279/279/279 9/9/9
f 9/9/9 407/407/407 446/446/446
f 374/374/374 446/446/446 407/407/407
f 407/407/407 139/139/139 374/374/374
f 448/448/448 379/379/379 378/378/378
f 378/378/378 449/449/449 448/448/448
f 450/450/450 448/448/448 449/449/449
f 449/449/449 451/451/451 450/450/450
f 448/448/448 450/450/450 135/135/135
f 135/135/135 134/134/134 448/448/448
f 379/379/379 448/448/448 134/134/134
f 134/134/134 141/141/141 379/379/379
f 452/452/452 32/32/32 31/31/31
f 31/31/31 453/453/453 452/452/452
f 109/109/109 452/452/452 453/453/453
f 453/453/453 111/111/111 109/109/109
f 452/452/452 109/109/109 108/108/108
f 108/108/108 311/311/311 452/452/452
f 32/32/32 452/452/452 311/311/311
f 311/311/311 33/33/33 32/32/32
f 454/454/454 56/56/56 57/57/57
f 57/57/57 455/455/455 454/454/454
f 456/456/456 454/454/454 455/455/455
f 455/455/455 457/457/457 456/456/456
f 454/454/454 456/456/456 458/458/458
f 458/458/458 459/459/459 454/454/454
f 56/56/56 454/454/454 459/459/459
f 459/459/459 58/58/58 56/56/56
f 460/460/460 461/461/461 462/462/462
f 462/462/462 463/463/463 460/460/460
f 464/464/464 460/460/460 463/463/463
f 463/463/463 465/465/465 464/464/464
f 460/460/460 464/464/464 466/466/466
f 466/466/466 467/467/467 460/460/460
f 461/461/461 460/460/460 467/467/467
f 467/467/467 468/468/468 461/461/461
f 469/469/469 128/128/128 127/127/127
f 127/127/127 470/470/470 469/469/469
f 19/19/19 469/469/469 470/470/470
f 470/470/470 21/21/21 19/19/19
f 469/469/469 19/19/19 18/18/18
f 18/18/18 361/361/361 469/469/469
f 128/128/128 469/469/469 361/361/361
f 361/361/361 129/129/129 128/128/128
f 471/471/471 157/157/157 156/156/156
f 156/156/156 472/472/472 471/471/471
f 473/473/473 471/471/471 472/472/472
f 472/472/472 474/474/474 473/473/473
f 471/471/471 473/473/473 475/475/475
f 475/475/475 476/476/476 471/471/471
f 157/157/157 471/471/471 476/476/476
f 476/476/476 159/159/159 157/157/157
f 477/477/477 160/160/160 159/159/159
f 159/159/159 476/476/476 477/477/477
f 478/478/478 477/477/477 476/476/476
f 476/476/476 475/475/475 478/478/478
f 477/477/477 478/478/478 479/479/479
f 479/479/479 480/480/480 477/477/477
f 160/160/160 477/477/477 480/480/480
f 480/480/480 162/162/162 160/160/160
f 481/481/481 164/164/164 162/162/162
f 162/162/162 480/480/480 481/481/481
f 482/482/482 481/481/481 480/480/480
f 480/480/480 479/479/479 482/482/482
f 481/481/481 482/482/482 483/483/483
f 483/483/483 484/484/484 481/481/481
f 164/164/164 481/481/481 484/484/484
f 484/484/484 166/166/166 164/164/164
f 485/485/485 168/168/168 166/166/166
f 166/166/166 484/484/484 485/485/485
f 486/486/486 485/485/485 484/484/484
f 484/484/484 483/483/483 486/486/486
f 485/485/485 486/486/486 410/410/410
f 410/410/410 409/409/409 485/485/485
f 168/168/168 485/485/485 409/409/409
f 409/409/409 170/170/170 168/168/168
f 487/487/487 192/192/192 195/195/195
f 195/195/195 488/488/488 487/487/487
f 489/489/489 487/487/487 488/488/488
f 488/488/488 490/490/490 489/489/489
f 487/487/487 489/489/489 491/491/491
f 491/491/491 492/492/492 487/487/487
f 192/192/192 487/487/487 492/492/492
f 492/492/492 196/196/196 192/192/192
f 493/493/493 198/198/198 196/196/196
f 196/196/196 492/492/492 493/493/493
f 494/494/494 493/493/493 492/492/492
f 492/492/492 491/491/491 494/494/494
f 493/493/493 494/494/494 495/495/495
f 495/495/495 496/496/496 493/493/493
f 198/198/198 493/493/493 496/496/496
f 496/496/496 200/200/200 198/198/198
f 497/497/497 235/235/235 234/234/234
f 234/234/234 498/498/498 497/497/497
f 499/499/499 497/497/497 498/498/498
f 498/498/498 500/500/500 499/499/499
f 497/497/497 499/499/499 501/501/501
f 501/501/501 502/502/502 497/497/497
f 235/235/235 497/497/497 502/502/502
f 502/502/502 237/237/237 235/235/235
f 503/503/503 238/238/238 237/237/237
f 237/237/237 502/502/502 503/503/503
f 504/504/504 503/503/503 502/502/502
f 502/502/502 501/501/501 504/504/504
f 503/503/503 504/504/504 490/490/490
f 490/490/490 488/488/488 503/503/503
f 238/238/238 503/503/503 488/488/488
f 488/488/488 195/195/195 238/238/238
f 505/505/505 309/309/309 308/308/308
f 308/308/308 506/506/506 505/505/505
f 345/345/345 505/505/505 506/506/506
f 506/506/506 347/347/347 345/345/345
f 505/505/505 345/345/345 111/111/111
f 111/111/111 453/453/453 505/505/505
f 309/309/309 505/505/505 453/453/453
f 453/453/453 31/31/31 309/309/309
f 507/507/507 316/316/316 315/315/315
f 315/315/315 508/508/508 507/507/507
f 509/509/509 507/507/507 508/508/508
f 508/508/508 510/510/510 509/509/509
f 507/507/507 509/509/509 27/27/27
f 27/27/27 26/26/26 507/507/507
f 316/316/316 507/507/507 26/26/26
f 26/26/26 33/33/33 316/316/316
f 511/511/511 359/359/359 358/358/358
f 358/358/358 512/512/512 511/511/511
f 293/293/293 511/511/511 512/512/512
f 512/512/512 295/295/295 293/293/293
f 511/511/511 293/293/293 21/21/21
f 21/21/21 470/470/470 511/511/511
f 359/359/359 511/511/511 470/470/470
f 470/470/470 127/127/127 359/359/359
f 513/513/513 364/364/364 363/363/363
f 363/363/363 514/514/514 513/513/513
f 515/515/515 513/513/513 514/514/514
f 514/514/514 516/516/516 515/515/515
f 513/513/513 515/515/515 123/123/123
f 123/123/123 122/122/122 513/513/513
f 364/364/364 513/513/513 122/122/122
f 122/122/122 129/129/129 364/364/364
f 517/517/517 415/415/415 414/414/414
f 414/414/414 518/518/518 517/517/517
f 417/417/417 517/517/517 518/518/518
f 518/518/518 419/419/419 417/417/417
f 517/517/517 417/417/417 173/173/173
f 173/173/173 171/171/171 517/517/517
f 415/415/415 517/517/517 171/171/171
f 171/171/171 170/170/170 415/415/415
f 519/519/519 443/443/443 442/442/442
f 442/442/442 520/520/520 519/519/519
f 521/521/521 519/519/519 520/520/520
f 520/520/520 522/522/522 521/521/521
f 519/519/519 521/521/521 500/500/500
f 500/500/500 498/498/498 519/519/519
f 443/443/443 519/519/519 498/498/498
f 498/498/498 234/234/234 443/443/443
f 523/523/523 524/524/524 525/525/525
f 525/525/525 526/526/526 523/523/523
f 527/527/527 523/523/523 526/526/526
f 526/526/526 528/528/528 527/527/527
f 523/523/523 527/527/527 96/96/96
f 96/96/96 95/95/95 523/523/523
f 524/524/524 523/523/523 95/95/95
f 95/95/95 94/94/94 524/524/524
f 529/529/529 530/530/530 531/531/531
f 531/531/531 532/532/532 529/529/529
f 533/533/533 529/529/529 532/532/532
f 532/532/532 534/534/534 533/533/533
f 529/529/529 533/533/533 535/535/535
f 535/535/535 536/536/536 529/529/529
f 530/530/530 529/529/529 536/536/536
f 536/536/536 537/537/537 530/530/530
f 538/538/538 539/539/539 540/540/540
f 540/540/540 541/541/541 538/538/538
f 542/542/542 538/538/538 541/541/541
f 541/541/541 543/543/543 542/542/542
f 538/538/538 542/542/542 462/462/462
f 462/462/462 461/461/461 538/538/538
f 539/539/539 538/538/538 461/461/461
f 461/461/461 468/468/468 539/539/539
f 544/544/544 545/545/545 546/546/546
f 546/546/546 547/547/547 544/544/544
f 548/548/548 544/544/544 547/547/547
f 547/547/547 549/549/549 548/548/548
f 544/544/544 548/548/548 331/331/331
f 331/331/331 330/330/330 544/544/544
f 545/545/545 544/544/544 330/330/330
f 330/330/330 329/329/329 545/545/545
f 550/550/550 551/551/551 466/466/466
f 466/466/466 464/464/464 550/550/550
f 552/552/552 550/550/550 464/464/464
f 464/464/464 465/465/465 552/552/552
f 550/550/550 552/552/552 45/45/45
f 45/45/45 44/44/44 550/550/550
f 551/551/551 550/550/550 44/44/44
f 44/44/44 51/51/51 551/551/551
f 553/553/553 554/554/554 537/537/537
f 537/537/537 536/536/536 553/553/553
f 555/555/555 553/553/553 536/536/536
f 536/536/536 535/535/535 555/555/555
f 553/553/553 555/555/555 556/556/556
f 556/556/556 557/557/557 553/553/553
f 554/554/554 553/553/553 557/557/557
f 557/557/557 558/558/558 554/554/554
f 559/559/559 560/560/560 558/558/558
f 558/558/558 557/557/557 559/559/559
f 561/561/561 559/559/559 557/557/557
f 557/557/557 556/556/556 561/561/561
f 559/559/559 561/561/561 562/562/562
f 562/562/562 563/563/563 559/559/559
f 560/560/560 559/559/559 563/563/563
f 563/563/563 564/564/564 560/560/560
f 565/565/565 566/566/566 567/567/567
f 567/567/567 568/568/568 565/565/565
f 569/569/569 565/565/565 568/568/568
f 568/568/568 570/570/570 569/569/569
f 565/565/565 569/569/569 549/549/549
f 549/549/549 547/547/547 565/565/565
f 566/566/566 565/565/565 547/547/547
f 547/547/547 546/546/546 566/566/566
f 571/571/571 572/572/572 573/573/573
f 573/573/573 574/574/574 571/571/571
f 575/575/575 571/571/571 574/574/574
f 574/574/574 576/576/576 575/575/575
f 571/571/571 575/575/575 72/72/72
f 72/72/72 71/71/71 571/571/571
f 572/572/572 571/571/571 71/71/71
f 71/71/71 78/78/78 572/572/572
f 577/577/577 578/578/578 579/579/579
f 579/579/579 580/580/580 577/577/577
f 581/581/581 577/577/577 580/580/580
f 580/580/580 582/582/582 581/581/581
f 577/577/577 581/581/581 534/534/534
f 534/534/534 532/532/532 577/577/577
f 578/578/578 577/577/577 532/532/532
f 532/532/532 531/531/531 578/578/578
f 583/583/583 584/584/584 93/93/93
f 93/93/93 91/91/91 583/583/583
f 585/585/585 583/583/583 91/91/91
f 91/91/91 90/90/90 585/585/585
f 583/583/583 585/585/585 69/69/69
f 69/69/69 68/68/68 583/583/583
f 584/584/584 583/583/583 68/68/68
f 68/68/68 67/67/67 584/584/584
f 586/586/586 65/65/65 66/66/66
f 66/66/66 587/587/587 586/586/586
f 539/539/539 586/586/586 587/587/587
f 587/587/587 540/540/540 539/539/539
f 586/586/586 539/539/539 468/468/468
f 468/468/468 588/588/588 586/586/586
f 65/65/65 586/586/586 588/588/588
f 588/588/588 67/67/67 65/65/65
f 589/589/589 62/62/62 69/69/69
f 69/69/69 590/590/590 589/589/589
f 496/496/496 589/589/589 590/590/590
f 590/590/590 200/200/200 496/496/496
f 589/589/589 496/496/496 495/495/495
f 495/495/495 591/591/591 589/589/589
f 62/62/62 589/589/589 591/591/591
f 591/591/591 63/63/63 62/62/62
f 592/592/592 92/92/92 93/93/93
f 93/93/93 593/593/593 592/592/592
f 551/551/551 592/592/592 593/593/593
f 593/593/593 466/466/466 551/551/551
f 592/592/592 551/551/551 51/51/51
f 51/51/51 594/594/594 592/592/592
f 92/92/92 592/592/592 594/594/594
f 594/594/594 94/94/94 92/92/92
f 595/595/595 89/89/89 96/96/96
f 96/96/96 596/596/596 595/595/595
f 212/212/212 595/595/595 596/596/596
f 596/596/596 214/214/214 212/212/212
f 595/595/595 212/212/212 210/210/210
f 210/210/210 208/208/208 595/595/595
f 597/597/597 595/595/595 208/208/208
f 208/208/208 206/206/206 597/597/597
f 595/595/595 597/597/597 90/90/90
f 90/90/90 89/89/89 595/595/595
f 598/598/598 327/327/327 328/328/328
f 328/328/328 599/599/599 598/598/598
f 572/572/572 598/598/598 599/599/599
f 599/599/599 573/573/573 572/572/572
f 598/598/598 572/572/572 78/78/78
f 78/78/78 600/600/600 598/598/598
f 327/327/327 598/598/598 600/600/600
f 600/600/600 329/329/329 327/327/327
f 601/601/601 324/324/324 331/331/331
f 331/331/331 602/602/602 601/601/601
f 387/387/387 601/601/601 602/602/602
f 602/602/602 144/144/144 387/387/387
f 601/601/601 387/387/387 386/386/386
f 386/386/386 603/603/603 601/601/601
f 324/324/324 601/601/601 603/603/603
f 603/603/603 325/325/325 324/324/324
f 604/604/604 527/527/527 528/528/528
f 528/528/528 605/605/605 604/604/604
f 270/270/270 604/604/604 605/605/605
f 605/605/605 271/271/271 270/270/270
f 604/604/604 270/270/270 214/214/214
f 214/214/214 596/596/596 604/604/604
f 527/527/527 604/604/604 596/596/596
f 596/596/596 96/96/96 527/527/527
f 606/606/606 524/524/524 94/94/94
f 94/94/94 594/594/594 606/606/606
f 50/50/50 606/606/606 594/594/594
f 594/594/594 51/51/51 50/50/50
f 606/606/606 50/50/50 49/49/49
f 49/49/49 607/607/607 606/606/606
f 524/524/524 606/606/606 607/607/607
f 607/607/607 525/525/525 524/524/524
f 608/608/608 533/533/533 534/534/534
f 534/534/534 609/609/609 608/608/608
f 154/154/154 608/608/608 609/609/609
f 609/609/609 156/156/156 154/154/154
f 608/608/608 154/154/154 152/152/152
f 152/152/152 148/148/148 608/608/608
f 610/610/610 608/608/608 148/148/148
f 148/148/148 151/151/151 610/610/610
f 608/608/608 610/610/610 535/535/535
f 535/535/535 533/533/533 608/608/608
f 611/611/611 530/530/530 537/537/537
f 537/537/537 612/612/612 611/611/611
f 59/59/59 611/611/611 612/612/612
f 612/612/612 60/60/60 59/59/59
f 611/611/611 59/59/59 58/58/58
f 58/58/58 613/613/613 611/611/611
f 530/530/530 611/611/611 613/613/613
f 613/613/613 531/531/531 530/530/530
f 614/614/614 548/548/548 549/549/549
f 549/549/549 615/615/615 614/614/614
f 145/145/145 614/614/614 615/615/615
f 615/615/615 147/147/147 145/145/145
f 614/614/614 145/145/145 144/144/144
f 144/144/144 602/602/602 614/614/614
f 548/548/548 614/614/614 602/602/602
f 602/602/602 331/331/331 548/548/548
f 616/616/616 545/545/545 329/329/329
f 329/329/329 600/600/600 616/616/616
f 77/77/77 616/616/616 600/600/600
f 600/600/600 78/78/78 77/77/77
f 616/616/616 77/77/77 76/76/76
f 76/76/76 617/617/617 616/616/616
f 545/545/545 616/616/616 617/617/617
f 617/617/617 546/546/546 545/545/545
f 618/618/618 555/555/555 535/535/535
f 535/535/535 610/610/610 618/618/618
f 190/190/190 618/618/618 610/610/610
f 610/610/610 151/151/151 190/190/190
f 618/618/618 190/190/190 189/189/189
f 189/189/189 187/187/187 618/618/618
f 619/619/619 618/618/618 187/187/187
f 187/187/187 87/87/87 619/619/619
f 618/618/618 619/619/619 556/556/556
f 556/556/556 555/555/555 618/618/618
f 620/620/620 554/554/554 558/558/558
f 558/558/558 621/621/621 620/620/620
f 119/119/119 620/620/620 621/621/621
f 621/621/621 120/120/120 119/119/119
f 620/620/620 119/119/119 60/60/60
f 60/60/60 612/612/612 620/620/620
f 554/554/554 620/620/620 612/612/612
f 612/612/612 537/537/537 554/554/554
f 622/622/622 561/561/561 556/556/556
f 556/556/556 619/619/619 622/622/622
f 86/86/86 622/622/622 619/619/619
f 619/619/619 87/87/87 86/86/86
f 622/622/622 86/86/86 85/85/85
f 85/85/85 623/623/623 622/622/622
f 561/561/561 622/622/622 623/623/623
f 623/623/623 562/562/562 561/561/561
f 624/624/624 560/560/560 564/564/564
f 564/564/564 625/625/625 624/624/624
f 264/264/264 624/624/624 625/625/625
f 625/625/625 265/265/265 264/264/264
f 624/624/624 264/264/264 120/120/120
f 120/120/120 621/621/621 624/624/624
f 560/560/560 624/624/624 621/621/621
f 621/621/621 558/558/558 560/560/560
f 626/626/626 569/569/569 570/570/570
f 570/570/570 627/627/627 626/626/626
f 381/381/381 626/626/626 627/627/627
f 627/627/627 383/383/383 381/381/381
f 626/626/626 381/381/381 147/147/147
f 147/147/147 615/615/615 626/626/626
f 569/569/569 626/626/626 615/615/615
f 615/615/615 549/549/549 569/569/569
f 628/628/628 566/566/566 546/546/546
f 546/546/546 617/617/617 628/628/628
f 322/322/322 628/628/628 617/617/617
f 617/617/617 76/76/76 322/322/322
f 628/628/628 322/322/322 321/321/321
f 321/321/321 629/629/629 628/628/628
f 566/566/566 628/628/628 629/629/629
f 629/629/629 567/567/567 566/566/566
f 630/630/630 581/581/581 582/582/582
f 582/582/582 631/631/631 630/630/630
f 472/472/472 630/630/630 631/631/631
f 631/631/631 474/474/474 472/472/472
f 630/630/630 472/472/472 156/156/156
f 156/156/156 609/609/609 630/630/630
f 581/581/581 630/630/630 609/609/609
f 609/609/609 534/534/534 581/581/581
f 632/632/632 578/578/578 531/531/531
f 531/531/531 613/613/613 632/632/632
f 459/459/459 632/632/632 613/613/613
f 613/613/613 58/58/58 459/459/459
f 632/632/632 459/459/459 458/458/458
f 458/458/458 633/633/633 632/632/632
f 578/578/578 632/632/632 633/633/633
f 633/633/633 579/579/579 578/578/578
f 634/634/634 585/585/585 90/90/90
f 90/90/90 597/597/597 634/634/634
f 204/204/204 634/634/634 597/597/597
f 597/597/597 206/206/206 204/204/204
f 634/634/634 204/204/204 203/203/203
f 203/203/203 201/201/201 634/634/634
f 590/590/590 634/634/634 201/201/201
f 201/201/201 200/200/200 590/590/590
f 634/634/634 590/590/590 69/69/69
f 69/69/69 585/585/585 634/634/634
f 635/635/635 584/584/584 67/67/67
f 67/67/67 588/588/588 635/635/635
f 467/467/467 635/635/635 588/588/588
f 588/588/588 468/468/468 467/467/467
f 635/635/635 467/467/467 466/466/466
f 466/466/466 593/593/593 635/635/635
f 584/584/584 635/635/635 593/593/593
f 593/593/593 93/93/93 584/584/584
f 636/636/636 637/637/637 638/638/638
f 638/638/638 639/639/639 636/636/636
f 640/640/640 637/637/637 636/636/636
f 636/636/636 641/641/641 640/640/640
f 639/639/639 642/642/642 643/643/643
f 643/643/643 636/636/636 639/639/639
f 644/644/644 645/645/645 643/643/643
f 643/643/643 642/642/642 644/644/644
f 646/646/646 647/647/647 643/643/643
f 643/643/643 645/645/645 646/646/646
f 641/641/641 636/636/636 643/643/643
f 643/643/643 647/647/647 641/641/641
f 648/648/648 649/649/649 650/650/650
f 650/650/650 651/651/651 648/648/648
f 652/652/652 653/653/653 650/650/650
f 650/650/650 649/649/649 652/652/652
f 641/641/641 647/647/647 650/650/650
f 650/650/650 653/653/653 641/641/641
f 646/646/646 651/651/651 650/650/650
f 650/650/650 647/647/647 646/646/646
f 652/652/652 654/654/654 655/655/655
f 655/655/655 653/653/653 652/652/652
f 641/641/641 653/653/653 655/655/655
f 655/655/655 640/640/640 641/641/641
f 656/656/656 657/657/657 658/658/658
f 658/658/658 659/659/659 656/656/656
f 660/660/660 657/657/657 656/656/656
f 656/656/656 661/661/661 660/660/660
f 659/659/659 662/662/662 663/663/663
f 663/663/663 656/656/656 659/659/659
f 664/664/664 665/665/665 663/663/663
f 663/663/663 662/662/662 664/664/664
f 666/666/666 667/667/667 663/663/663
f 663/663/663 665/665/665 666/666/666
f 661/661/661 656/656/656 663/663/663
f 663/663/663 667/667/667 661/661/661
f 668/668/668 669/669/669 670/670/670
f 670/670/670 671/671/671 668/668/668
f 672/672/672 673/673/673 670/670/670
f 670/670/670 669/669/669 672/672/672
f 661/661/661 667/667/667 670/670/670
f 670/670/670 673/673/673 661/661/661
f 666/666/666 671/671/671 670/670/670
f 670/670/670 667/667/667 666/666/666
f 672/672/672 674/674/674 675/675/675
f 675/675/675 673/673/673 672/672/672
f 661/661/661 673/673/673 675/675/675
f 675/675/675 660/660/660 661/661/661
f 676/676/676 677/677/677 678/678/678
f 678/678/678 679/679/679 676/676/676
f 680/680/680 677/677/677 676/676/676
f 676/676/676 681/681/681 680/680/680
f 679/679/679 682/682/682 683/683/683
f 683/683/683 676/676/676 679/679/679
f 684/684/684 685/685/685 683/683/683
f 683/683/683 682/682/682 684/684/684
f 686/686/686 687/687/687 683/683/683
f 683/683/683 685/685/685 686/686/686
f 681/681/681 676/676/676 683/683/683
f 683/683/683 687/687/687 681/681/681
f 688/688/688 689/689/689 690/690/690
f 690/690/690 691/691/691 688/688/688
f 692/692/692 693/693/693 690/690/690
f 690/690/690 689/689/689 692/692/692
f 681/681/681 687/687/687 690/690/690
f 690/690/690 693/693/693 681/681/681
f 686/686/686 691/691/691 690/690/690
f 690/690/690 687/687/687 686/686/686
f 692/692/692 694/694/694 695/695/695
f 695/695/695 693/693/693 692/692/692
f 681/681/681 693/693/693 695/695/695
f 695/695/695 680/680/680 681/681/681
f 696/696/696 697/697/697 698/698/698
f 698/698/698 699/699/699 696/696/696
f 700/700/700 697/697/697 696/696/696
f 696/696/696 701/701/701 700/700/700
f 699/699/699 702/702/702 703/703/703
f 703/703/703 696/696/696 699/699/699
f 704/704/704 705/705/705 703/703/703
f 703/703/703 702/702/702 704/704/704
f 706/706/706 707/707/707 703/703/703
f 703/703/703 705/705/705 706/706/706
f 701/701/701 696/696/696 703/703/703
f 703/703/703 707/707/707 701/701/701
f 708/708/708 709/709/709 710/710/710
f 710/710/710 711/711/711 708/708/708
f 712/712/712 713/713/713 710/710/710
f 710/710/710 709/709/709 712/712/712
f 701/701/701 707/707/707 710/710/710
f 710/710/710 713/713/713 701/701/701
f 706/706/706 711/711/711 710/710/710
f 710/710/710 707/707/707 706/706/706
f 712/712/712 714/714/714 715/715/715
f 715/715/715 713/713/713 712/712/712
f 701/701/701 713/713/713 715/715/715
f 715/715/715 700/700/700 701/701/701
f 716/716/716 717/717/717 718/718/718
f 718/718/718 719/719/719 716/716/716
f 720/720/720 717/717/717 716/716/716
f 716/716/716 721/721/721 720/720/720
f 719/719/719 722/722/722 723/723/723
f 723/723/723 716/716/716 719/719/719
f 724/724/724 725/725/725 723/723/723
f 723/723/723 722/722/722 724/724/724
f 726/726/726 727/727/727 723/723/723
f 723/723/723 725/725/725 726/726/726
f 721/721/721 716/716/716 723/723/723
f 723/723/723 727/727/727 721/721/721
f 728/728/728 729/729/729 730/730/730
f 730/730/730 731/731/731 728/728/728
f 732/732/732 733/733/733 730/730/730
f 730/730/730 729/729/729 732/732/732
f 721/721/721 727/727/727 730/730/730
f 730/730/730 733/733/733 721/721/721
f 726/726/726 731/731/731 730/730/730
f 730/730/730 727/727/727 726/726/726
f 732/732/732 734/734/734 735/735/735
f 735/735/735 733/733/733 732/732/732
f 721/721/721 733/733/733 735/735/735
f 735/735/735 720/720/720 721/721/721
f 736/736/736 737/737/737 738/738/738
f 738/738/738 739/739/739 736/736/736
f 740/740/740 737/737/737 736/736/736
f 736/736/736 741/741/741 740/740/740
f 739/739/739 742/742/742 743/743/743
f 743/743/743 736/736/736 739/739/739
f 744/744/744 745/745/745 743/743/743
f 743/743/743 742/742/742 744/744/744
f 746/746/746 747/747/747 743/743/743
f 743/743/743 745/745/745 746/746/746
f 741/741/741 736/736/736 743/743/743
f 743/743/743 747/747/747 741/741/741
f 748/748/748 749/749/749 750/750/750
f 750/750/750 751/751/751 748/748/748
f 752/752/752 753/753/753 750/750/750
f 750/750/750 749/749/749 752/752/752
f 741/741/741 747/747/747 750/750/750
f 750/750/750 753/753/753 741/741/741
f 746/746/746 751/751/751 750/750/750
f 750/750/750 747/747/747 746/746/746
f 752/752/752 754/754/754 755/755/755
f 755/755/755 753/753/753 752/752/752
f 741/741/741 753/753/753 755/755/755
f 755/755/755 740/740/740 741/741/741
f 756/756/756 757/757/757 754/754/754
f 754/754/754 752/752/752 756/756/756
f 758/758/758 757/757/757 756/756/756
f 756/756/756 759/759/759 758/758/758
f 752/752/752 749/749/749 760/760/760
f 760/760/760 756/756/756 752/752/752
f 748/748/748 761/761/761 760/760/760
f 760/760/760 749/749/749 748/748/748
f 762/762/762 763/763/763 760/760/760
f 760/760/760 761/761/761 762/762/762
f 759/759/759 756/756/756 760/760/760
f 760/760/760 763/763/763 759/759/759
f 764/764/764 765/765/765 766/766/766
f 766/766/766 767/767/767 764/764/764
f 768/768/768 769/769/769 766/766/766
f 766/766/766 765/765/765 768/768/768
f 759/759/759 763/763/763 766/766/766
f 766/766/766 769/769/769 759/759/759
f 762/762/762 767/767/767 766/766/766
f 766/766/766 763/763/763 762/762/762
f 768/768/768 770/770/770 771/771/771
f 771/771/771 769/769/769 768/768/768
f 759/759/759 769/769/769 771/771/771
f 771/771/771 758/758/758 759/759/759
f 772/772/772 773/773/773 774/774/774
f 774/774/774 775/775/775 772/772/772
f 776/776/776 773/773/773 772/772/772
f 772/772/772 777/777/777 776/776/776
f 775/775/775 778/778/778 779/779/779
f 779/779/779 772/772/772 775/775/775
f 780/780/780 781/781/781 779/779/779
f 779/779/779 778/778/778 780/780/780
f 782/782/782 783/783/783 779/779/779
f 779/779/779 781/781/781 782/782/782
f 777/777/777 772/772/772 779/779/779
f 779/779/779 783/783/783 777/777/777
f 784/784/784 785/785/785 786/786/786
f 786/786/786 787/787/787 784/784/784
f 788/788/788 789/789/789 786/786/786
f 786/786/786 785/785/785 788/788/788
f 777/777/777 783/783/783 786/786/786
f 786/786/786 789/789/789 777/777/777
f 782/782/782 787/787/787 786/786/786
f 786/786/786 783/783/783 782/782/782
f 788/788/788 790/790/790 791/791/791
f 791/791/791 789/789/789 788/788/788
f 777/777/777 789/789/789 791/791/791
f 791/791/791 776/776/776 777/777/777
f 792/792/792 793/793/793 794/794/794
f 794/794/794 795/795/795 792/792/792
f 796/796/796 797/797/797 794/794/794
f 794/794/794 793/793/793 796/796/796
f 796/796/796 798/798/798 799/799/799
f 799/799/799 797/797/797 796/796/796
f 800/800/800 801/801/801 799/799/799
f 799/799/799 798/798/798 800/800/800
f 802/802/802 803/803/803 804/804/804
f 804/804/804 805/805/805 802/802/802
f 806/806/806 807/807/807 804/804/804
f 804/804/804 803/803/803 806/806/806
f 806/806/806 808/808/808 809/809/809
f 809/809/809 807/807/807 806/806/806
f 810/810/810 811/811/811 809/809/809
f 809/809/809 808/808/808 810/810/810
f 812/812/812 813/813/813 814/814/814
f 814/814/814 815/815/815 812/812/812
f 816/816/816 817/817/817 814/814/814
f 814/814/814 813/813/813 816/816/816
f 816/816/816 818/818/818 819/819/819
f 819/819/819 817/817/817 816/816/816
f 820/820/820 821/821/821 819/819/819
f 819/819/819 818/818/818 820/820/820
f 822/822/822 823/823/823 824/824/824
f 824/824/824 825/825/825 822/822/822
f 826/826/826 827/827/827 824/824/824
f 824/824/824 823/823/823 826/826/826
f 826/826/826 828/828/828 829/829/829
f 829/829/829 827/827/827 826/826/826
f 830/830/830 831/831/831 832/832/832
f 832/832/832 833/833/833 830/830/830
f 830/830/830 834/834/834 835/835/835
f 835/835/835 831/831/831 830/830/830
f 836/836/836 837/837/837 835/835/835
f 835/835/835 834/834/834 836/836/836
f 836/836/836 838/838/838 839/839/839
f 839/839/839 837/837/837 836/836/836
f 812/812/812 815/815/815 839/839/839
f 839/839/839 838/838/838 812/812/812
f 800/800/800 840/840/840 841/841/841
f 841/841/841 801/801/801 800/800/800
f 842/842/842 843/843/843 841/841/841
f 841/841/841 840/840/840 842/842/842
f 842/842/842 844/844/844 845/845/845
f 845/845/845 843/843/843 842/842/842
f 822/822/822 825/825/825 845/845/845
f 845/845/845 844/844/844 822/822/822
f 810/810/810 846/846/846 847/847/847
f 847/847/847 811/811/811 810/810/810
f 848/848/848 849/849/849 847/847/847
f 847/847/847 846/846/846 848/848/848
f 848/848/848 850/850/850 851/851/851
f 851/851/851 849/849/849 848/848/848
f 792/792/792 795/795/795 851/851/851
f 851/851/851 850/850/850 792/792/792
f 820/820/820 852/852/852 853/853/853
f 853/853/853 821/821/821 820/820/820
f 854/854/854 855/855/855 853/853/853
f 853/853/853 852/852/852 854/854/854
f 854/854/854 856/856/856 857/857/857
f 857/857/857 855/855/855 854/854/854
f 802/802/802 805/805/805 857/857/857
f 857/857/857 856/856/856 802/802/802
f 708/708/708 858/858/858 859/859/859
f 859/859/859 860/860/860 708/708/708
f 861/861/861 862/862/862 859/859/859
f 859/859/859 858/858/858 861/861/861
f 863/863/863 864/864/864 859/859/859
f 859/859/859 862/862/862 863/863/863
f 865/865/865 860/860/860 859/859/859
f 859/859/859 864/864/864 865/865/865
f 861/861/861 866/866/866 867/867/867
f 867/867/867 862/862/862 861/861/861
f 780/780/780 778/778/778 867/867/867
f 867/867/867 866/866/866 780/780/780
f 775/775/775 868/868/868 867/867/867
f 867/867/867 778/778/778 775/775/775
f 863/863/863 862/862/862 867/867/867
f 867/867/867 868/868/868 863/863/863
f 774/774/774 869/869/869 868/868/868
f 868/868/868 775/775/775 774/774/774
f 868/868/868 869/869/869 870/870/870
f 870/870/870 863/863/863 868/868/868
f 870/870/870 871/871/871 864/864/864
f 864/864/864 863/863/863 870/870/870
f 864/864/864 871/871/871 872/872/872
f 872/872/872 865/865/865 864/864/864
f 784/784/784 873/873/873 874/874/874
f 874/874/874 785/785/785 784/784/784
f 875/875/875 876/876/876 874/874/874
f 874/874/874 873/873/873 875/875/875
f 877/877/877 878/878/878 874/874/874
f 874/874/874 876/876/876 877/877/877
f 788/788/788 785/785/785 874/874/874
f 874/874/874 878/878/878 788/788/788
f 875/875/875 879/879/879 880/880/880
f 880/880/880 876/876/876 875/875/875
f 724/724/724 722/722/722 880/880/880
f 880/880/880 879/879/879 724/724/724
f 719/719/719 881/881/881 880/880/880
f 880/880/880 722/722/722 719/719/719
f 877/877/877 876/876/876 880/880/880
f 880/880/880 881/881/881 877/877/877
f 718/718/718 882/882/882 881/881/881
f 881/881/881 719/719/719 718/718/718
f 881/881/881 882/882/882 883/883/883
f 883/883/883 877/877/877 881/881/881
f 883/883/883 884/884/884 878/878/878
f 878/878/878 877/877/877 883/883/883
f 878/878/878 884/884/884 790/790/790
f 790/790/790 788/788/788 878/878/878
f 728/728/728 885/885/885 886/886/886
f 886/886/886 729/729/729 728/728/728
f 887/887/887 888/888/888 886/886/886
f 886/886/886 885/885/885 887/887/887
f 889/889/889 890/890/890 886/886/886
f 886/886/886 888/888/888 889/889/889
f 732/732/732 729/729/729 886/886/886
f 886/886/886 890/890/890 732/732/732
f 887/887/887 891/891/891 892/892/892
f 892/892/892 888/888/888 887/887/887
f 644/644/644 642/642/642 892/892/892
f 892/892/892 891/891/891 644/644/644
f 639/639/639 893/893/893 892/892/892
f 892/892/892 642/642/642 639/639/639
f 889/889/889 888/888/888 892/892/892
f 892/892/892 893/893/893 889/889/889
f 638/638/638 894/894/894 893/893/893
f 893/893/893 639/639/639 638/638/638
f 893/893/893 894/894/894 895/895/895
f 895/895/895 889/889/889 893/893/893
f 895/895/895 896/896/896 890/890/890
f 890/890/890 889/889/889 895/895/895
f 890/890/890 896/896/896 734/734/734
f 734/734/734 732/732/732 890/890/890
f 648/648/648 897/897/897 898/898/898
f 898/898/898 899/899/899 648/648/648
f 900/900/900 901/901/901 898/898/898
f 898/898/898 897/897/897 900/900/900
f 902/902/902 903/903/903 898/898/898
f 898/898/898 901/901/901 902/902/902
f 904/904/904 899/899/899 898/898/898
f 898/898/898 903/903/903 904/904/904
f 900/900/900 905/905/905 906/906/906
f 906/906/906 901/901/901 900/900/900
f 704/704/704 702/702/702 906/906/906
f 906/906/906 905/905/905 704/704/704
f 699/699/699 907/907/907 906/906/906
f 906/906/906 702/702/702 699/699/699
f 902/902/902 901/901/901 906/906/906
f 906/906/906 907/907/907 902/902/902
f 698/698/698 908/908/908 907/907/907
f 907/907/907 699/699/699 698/698/698
f 907/907/907 908/908/908 909/909/909
f 909/909/909 902/902/902 907/907/907
f 909/909/909 910/910/910 903/903/903
f 903/903/903 902/902/902 909/909/909
f 903/903/903 910/910/910 911/911/911
f 911/911/911 904/904/904 903/903/903
f 912/912/912 913/913/913 694/694/694
f 694/694/694 692/692/692 912/912/912
f 914/914/914 913/913/913 912/912/912
f 912/912/912 915/915/915 914/914/914
f 692/692/692 689/689/689 916/916/916
f 916/916/916 912/912/912 692/692/692
f 688/688/688 917/917/917 916/916/916
f 916/916/916 689/689/689 688/688/688
f 918/918/918 919/919/919 916/916/916
f 916/916/916 917/917/917 918/918/918
f 915/915/915 912/912/912 916/916/916
f 916/916/916 919/919/919 915/915/915
f 744/744/744 742/742/742 920/920/920
f 920/920/920 921/921/921 744/744/744
f 739/739/739 922/922/922 920/920/920
f 920/920/920 742/742/742 739/739/739
f 915/915/915 919/919/919 920/920/920
f 920/920/920 922/922/922 915/915/915
f 918/918/918 921/921/921 920/920/920
f 920/920/920 919/919/919 918/918/918
f 739/739/739 738/738/738 923/923/923
f 923/923/923 922/922/922 739/739/739
f 915/915/915 922/922/922 923/923/923
f 923/923/923 914/914/914 915/915/915
f 924/924/924 925/925/925 674/674/674
f 674/674/674 672/672/672 924/924/924
f 926/926/926 925/925/925 924/924/924
f 924/924/924 927/927/927 926/926/926
f 672/672/672 669/669/669 928/928/928
f 928/928/928 924/924/924 672/672/672
f 668/668/668 929/929/929 928/928/928
f 928/928/928 669/669/669 668/668/668
f 930/930/930 931/931/931 928/928/928
f 928/928/928 929/929/929 930/930/930
f 927/927/927 924/924/924 928/928/928
f 928/928/928 931/931/931 927/927/927
f 684/684/684 932/932/932 933/933/933
f 933/933/933 934/934/934 684/684/684
f 935/935/935 936/936/936 933/933/933
f 933/933/933 932/932/932 935/935/935
f 927/927/927 931/931/931 933/933/933
f 933/933/933 936/936/936 927/927/927
f 930/930/930 934/934/934 933/933/933
f 933/933/933 931/931/931 930/930/930
f 935/935/935 937/937/937 938/938/938
f 938/938/938 936/936/936 935/935/935
f 927/927/927 936/936/936 938/938/938
f 938/938/938 926/926/926 927/927/927
f 684/684/684 682/682/682 939/939/939
f 939/939/939 932/932/932 684/684/684
f 679/679/679 940/940/940 939/939/939
f 939/939/939 682/682/682 679/679/679
f 941/941/941 942/942/942 939/939/939
f 939/939/939 940/940/940 941/941/941
f 935/935/935 932/932/932 939/939/939
f 939/939/939 942/942/942 935/935/935
f 679/679/679 678/678/678 943/943/943
f 943/943/943 940/940/940 679/679/679
f 941/941/941 940/940/940 943/943/943
f 943/943/943 944/944/944 941/941/941
f 942/942/942 945/945/945 937/937/937
f 937/937/937 935/935/935 942/942/942
f 944/944/944 945/945/945 942/942/942
f 942/942/942 941/941/941 944/944/944
f 946/946/946 947/947/947 654/654/654
f 654/654/654 652/652/652 946/946/946
f 948/948/948 947/947/947 946/946/946
f 946/946/946 949/949/949 948/948/948
f 652/652/652 649/649/649 950/950/950
f 950/950/950 946/946/946 652/652/652
f 648/648/648 899/899/899 950/950/950
f 950/950/950 649/649/649 648/648/648
f 904/904/904 951/951/951 950/950/950
f 950/950/950 899/899/899 904/904/904
f 949/949/949 946/946/946 950/950/950
f 950/950/950 951/951/951 949/949/949
f 911/911/911 952/952/952 951/951/951
f 951/951/951 904/904/904 911/911/911
f 951/951/951 952/952/952 948/948/948
f 948/948/948 949/949/949 951/951/951
f 708/708/708 860/860/860 953/953/953
f 953/953/953 709/709/709 708/708/708
f 865/865/865 954/954/954 953/953/953
f 953/953/953 860/860/860 865/865/865
f 955/955/955 956/956/956 953/953/953
f 953/953/953 954/954/954 955/955/955
f 712/712/712 709/709/709 953/953/953
f 953/953/953 956/956/956 712/712/712
f 865/865/865 872/872/872 957/957/957
f 957/957/957 954/954/954 865/865/865
f 955/955/955 954/954/954 957/957/957
f 957/957/957 958/958/958 955/955/955
f 956/956/956 959/959/959 714/714/714
f 714/714/714 712/712/712 956/956/956
f 958/958/958 959/959/959 956/956/956
f 956/956/956 955/955/955 958/958/958
f 960/960/960 961/961/961 962/962/962
f 962/962/962 963/963/963 960/960/960
f 964/964/964 961/961/961 960/960/960
f 960/960/960 965/965/965 964/964/964
f 963/963/963 966/966/966 967/967/967
f 967/967/967 960/960/960 963/963/963
f 968/968/968 969/969/969 967/967/967
f 967/967/967 966/966/966 968/968/968
f 970/970/970 971/971/971 967/967/967
f 967/967/967 969/969/969 970/970/970
f 965/965/965 960/960/960 967/967/967
f 967/967/967 971/971/971 965/965/965
f 664/664/664 972/972/972 973/973/973
f 973/973/973 974/974/974 664/664/664
f 975/975/975 976/976/976 973/973/973
f 973/973/973 972/972/972 975/975/975
f 965/965/965 971/971/971 973/973/973
f 973/973/973 976/976/976 965/965/965
f 970/970/970 974/974/974 973/973/973
f 973/973/973 971/971/971 970/970/970
f 975/975/975 977/977/977 978/978/978
f 978/978/978 976/976/976 975/975/975
f 965/965/965 976/976/976 978/978/978
f 978/978/978 964/964/964 965/965/965
f 664/664/664 662/662/662 979/979/979
f 979/979/979 972/972/972 664/664/664
f 659/659/659 980/980/980 979/979/979
f 979/979/979 662/662/662 659/659/659
f 981/981/981 982/982/982 979/979/979
f 979/979/979 980/980/980 981/981/981
f 975/975/975 972/972/972 979/979/979
f 979/979/979 982/982/982 975/975/975
f 659/659/659 658/658/658 983/983/983
f 983/983/983 980/980/980 659/659/659
f 981/981/981 980/980/980 983/983/983
f 983/983/983 984/984/984 981/981/981
f 982/982/982 985/985/985 977/977/977
f 977/977/977 975/975/975 982/982/982
f 984/984/984 985/985/985 982/982/982
f 982/982/982 981/981/981 984/984/984
f 764/764/764 986/986/986 987/987/987
f 987/987/987 765/765/765 764/764/764
f 988/988/988 989/989/989 987/987/987
f 987/987/987 986/986/986 988/988/988
f 990/990/990 991/991/991 987/987/987
f 987/987/987 989/989/989 990/990/990
f 768/768/768 765/765/765 987/987/987
f 987/987/987 991/991/991 768/768/768
f 988/988/988 992/992/992 993/993/993
f 993/993/993 989/989/989 988/988/988
f 968/968/968 966/966/966 993/993/993
f 993/993/993 992/992/992 968/968/968
f 963/963/963 994/994/994 993/993/993
f 993/993/993 966/966/966 963/963/963
f 990/990/990 989/989/989 993/993/993
f 993/993/993 994/994/994 990/990/990
f 962/962/962 995/995/995 994/994/994
f 994/994/994 963/963/963 962/962/962
f 994/994/994 995/995/995 996/996/996
f 996/996/996 990/990/990 994/994/994
f 996/996/996 997/997/997 991/991/991
f 991/991/991 990/990/990 996/996/996
f 991/991/991 997/997/997 770/770/770
f 770/770/770 768/768/768 991/991/991
f 648/648/648 651/651/651 998/998/998
f 998/998/998 999/999/999 648/648/648
f 646/646/646 1000/1000/1000 998/998/998
f 998/998/998 651/651/651 646/646/646
f 646/646/646 645/645/645 1001/1001/1001
f 1001/1001/1001 1000/1000/1000 646/646/646
f 644/644/644 1002/1002/1002 1001/1001/1001
f 1001/1001/1001 645/645/645 644/644/644
f 1003/1003/1003 1004/1004/1004 1001/1001/1001
f 1001/1001/1001 1002/1002/1002 1003/1003/1003
f 1005/1005/1005 1000/1000/1000 1001/1001/1001
f 1001/1001/1001 1004/1004/1004 1005/1005/1005
f 1005/1005/1005 1006/1006/1006 998/998/998
f 998/998/998 1000/1000/1000 1005/1005/1005
f 1007/1007/1007 999/999/999 998/998/998
f 998/998/998 1006/1006/1006 1007/1007/1007
f 668/668/668 671/671/671 1008/1008/1008
f 1008/1008/1008 1009/1009/1009 668/668/668
f 666/666/666 1010/1010/1010 1008/1008/1008
f 1008/1008/1008 671/671/671 666/666/666
f 666/666/666 665/665/665 1011/1011/1011
f 1011/1011/1011 1010/1010/1010 666/666/666
f 664/664/664 1012/1012/1012 1011/1011/1011
f 1011/1011/1011 665/665/665 664/664/664
f 1013/1013/1013 1014/1014/1014 1011/1011/1011
f 1011/1011/1011 1012/1012/1012 1013/1013/1013
f 1015/1015/1015 1010/1010/1010 1011/1011/1011
f 1011/1011/1011 1014/1014/1014 1015/1015/1015
f 1015/1015/1015 1016/1016/1016 1008/1008/1008
f 1008/1008/1008 1010/1010/1010 1015/1015/1015
f 1017/1017/1017 1009/1009/1009 1008/1008/1008
f 1008/1008/1008 1016/1016/1016 1017/1017/1017
f 688/688/688 691/691/691 1018/1018/1018
f 1018/1018/1018 1019/1019/1019 688/688/688
f 686/686/686 1020/1020/1020 1018/1018/1018
f 1018/1018/1018 691/691/691 686/686/686
f 686/686/686 685/685/685 1021/1021/1021
f 1021/1021/1021 1020/1020/1020 686/686/686
f 684/684/684 1022/1022/1022 1021/1021/1021
f 1021/1021/1021 685/685/685 684/684/684
f 1023/1023/1023 1024/1024/1024 1021/1021/1021
f 1021/1021/1021 1022/1022/1022 1023/1023/1023
f 1025/1025/1025 1020/1020/1020 1021/1021/1021
f 1021/1021/1021 1024/1024/1024 1025/1025/1025
f 1025/1025/1025 1026/1026/1026 1018/1018/1018
f 1018/1018/1018 1020/1020/1020 1025/1025/1025
f 1027/1027/1027 1019/1019/1019 1018/1018/1018
f 1018/1018/1018 1026/1026/1026 1027/1027/1027
f 708/708/708 711/711/711 1028/1028/1028
f 1028/1028/1028 1029/1029/1029 708/708/708
f 706/706/706 1030/1030/1030 1028/1028/1028
f 1028/1028/1028 711/711/711 706/706/706
f 706/706/706 705/705/705 1031/1031/1031
f 1031/1031/1031 1030/1030/1030 706/706/706
f 704/704/704 1032/1032/1032 1031/1031/1031
f 1031/1031/1031 705/705/705 704/704/704
f 1033/1033/1033 1034/1034/1034 1031/1031/1031
f 1031/1031/1031 1032/1032/1032 1033/1033/1033
f 1035/1035/1035 1030/1030/1030 1031/1031/1031
f 1031/1031/1031 1034/1034/1034 1035/1035/1035
f 1035/1035/1035 1036/1036/1036 1028/1028/1028
f 1028/1028/1028 1030/1030/1030 1035/1035/1035
f 1037/1037/1037 1029/1029/1029 1028/1028/1028
f 1028/1028/1028 1036/1036/1036 1037/1037/1037
f 728/728/728 731/731/731 1038/1038/1038
f 1038/1038/1038 1039/1039/1039 728/728/728
f 726/726/726 1040/1040/1040 1038/1038/1038
f 1038/1038/1038 731/731/731 726/726/726
f 726/726/726 725/725/725 1041/1041/1041
f 1041/1041/1041 1040/1040/1040 726/726/726
f 724/724/724 1042/1042/1042 1041/1041/1041
f 1041/1041/1041 725/725/725 724/724/724
f 1043/1043/1043 1044/1044/1044 1041/1041/1041
f 1041/1041/1041 1042/1042/1042 1043/1043/1043
f 1045/1045/1045 1040/1040/1040 1041/1041/1041
f 1041/1041/1041 1044/1044/1044 1045/1045/1045
f 1045/1045/1045 1046/1046/1046 1038/1038/1038
f 1038/1038/1038 1040/1040/1040 1045/1045/1045
f 1047/1047/1047 1039/1039/1039 1038/1038/1038
f 1038/1038/1038 1046/1046/1046 1047/1047/1047
f 748/748/748 751/751/751 1048/1048/1048
f 1048/1048/1048 1049/1049/1049 748/748/748
f 746/746/746 1050/1050/1050 1048/1048/1048
f 1048/1048/1048 751/751/751 746/746/746
f 746/746/746 745/745/745 1051/1051/1051
f 1051/1051/1051 1050/1050/1050 746/746/746
f 744/744/744 1052/1052/1052 1051/1051/1051
f 1051/1051/1051 745/745/745 744/744/744
f 1053/1053/1053 1054/1054/1054 1051/1051/1051
f 1051/1051/1051 1052/1052/1052 1053/1053/1053
f 1055/1055/1055 1050/1050/1050 1051/1051/1051
f 1051/1051/1051 1054/1054/1054 1055/1055/1055
f 1055/1055/1055 1056/1056/1056 1048/1048/1048
f 1048/1048/1048 1050/1050/1050 1055/1055/1055
f 1057/1057/1057 1049/1049/1049 1048/1048/1048
f 1048/1048/1048 1056/1056/1056 1057/1057/1057
f 764/764/764 767/767/767 1058/1058/1058
f 1058/1058/1058 1059/1059/1059 764/764/764
f 762/762/762 1060/1060/1060 1058/1058/1058
f 1058/1058/1058 767/767/767 762/762/762
f 762/762/762 761/761/761 1061/1061/1061
f 1061/1061/1061 1060/1060/1060 762/762/762
f 748/748/748 1049/1049/1049 1061/1061/1061
f 1061/1061/1061 761/761/761 748/748/748
f 1057/1057/1057 1062/1062/1062 1061/1061/1061
f 1061/1061/1061 1049/1049/1049 1057/1057/1057
f 1063/1063/1063 1060/1060/1060 1061/1061/1061
f 1061/1061/1061 1062/1062/1062 1063/1063/1063
f 1063/1063/1063 1064/1064/1064 1058/1058/1058
f 1058/1058/1058 1060/1060/1060 1063/1063/1063
f 1065/1065/1065 1059/1059/1059 1058/1058/1058
f 1058/1058/1058 1064/1064/1064 1065/1065/1065
f 784/784/784 787/787/787 1066/1066/1066
f 1066/1066/1066 1067/1067/1067 784/784/784
f 782/782/782 1068/1068/1068 1066/1066/1066
f 1066/1066/1066 787/787/787 782/782/782
f 782/782/782 781/781/781 1069/1069/1069
f 1069/1069/1069 1068/1068/1068 782/782/782
f 780/780/780 1070/1070/1070 1069/1069/1069
f 1069/1069/1069 781/781/781 780/780/780
f 1071/1071/1071 1072/1072/1072 1069/1069/1069
f 1069/1069/1069 1070/1070/1070 1071/1071/1071
f 1073/1073/1073 1068/1068/1068 1069/1069/1069
f 1069/1069/1069 1072/1072/1072 1073/1073/1073
f 1073/1073/1073 1074/1074/1074 1066/1066/1066
f 1066/1066/1066 1068/1068/1068 1073/1073/1073
f 1075/1075/1075 1067/1067/1067 1066/1066/1066
f 1066/1066/1066 1074/1074/1074 1075/1075/1075
f 780/780/780 866/866/866 1076/1076/1076
f 1076/1076/1076 1070/1070/1070 780/780/780
f 861/861/861 1077/1077/1077 1076/1076/1076
f 1076/1076/1076 866/866/866 861/861/861
f 861/861/861 858/858/858 1078/1078/1078
f 1078/1078/1078 1077/1077/1077 861/861/861
f 708/708/708 1029/1029/1029 1078/1078/1078
f 1078/1078/1078 858/858/858 708/708/708
f 1037/1037/1037 1079/1079/1079 1078/1078/1078
f 1078/1078/1078 1029/1029/1029 1037/1037/1037
f 1080/1080/1080 1077/1077/1077 1078/1078/1078
f 1078/1078/1078 1079/1079/1079 1080/1080/1080
f 1080/1080/1080 1081/1081/1081 1076/1076/1076
f 1076/1076/1076 1077/1077/1077 1080/1080/1080
f 1071/1071/1071 1070/1070/1070 1076/1076/1076
f 1076/1076/1076 1081/1081/1081 1071/1071/1071
f 724/724/724 879/879/879 1082/1082/1082
f 1082/1082/1082 1042/1042/1042 724/724/724
f 875/875/875 1083/1083/1083 1082/1082/1082
f 1082/1082/1082 879/879/879 875/875/875
f 875/875/875 873/873/873 1084/1084/1084
f 1084/1084/1084 1083/1083/1083 875/875/875
f 784/784/784 1067/1067/1067 1084/1084/1084
f 1084/1084/1084 873/873/873 784/784/784
f 1075/1075/1075 1085/1085/1085 1084/1084/1084
f 1084/1084/1084 1067/1067/1067 1075/1075/1075
f 1086/1086/1086 1083/1083/1083 1084/1084/1084
f 1084/1084/1084 1085/1085/1085 1086/1086/1086
f 1086/1086/1086 1087/1087/1087 1082/1082/1082
f 1082/1082/1082 1083/1083/1083 1086/1086/1086
f 1043/1043/1043 1042/1042/1042 1082/1082/1082
f 1082/1082/1082 1087/1087/1087 1043/1043/1043
f 644/644/644 891/891/891 1088/1088/1088
f 1088/1088/1088 1002/1002/1002 644/644/644
f 887/887/887 1089/1089/1089 1088/1088/1088
f 1088/1088/1088 891/891/891 887/887/887
f 887/887/887 885/885/885 1090/1090/1090
f 1090/1090/1090 1089/1089/1089 887/887/887
f 728/728/728 1039/1039/1039 1090/1090/1090
f 1090/1090/1090 885/885/885 728/728/728
f 1047/1047/1047 1091/1091/1091 1090/1090/1090
f 1090/1090/1090 1039/1039/1039 1047/1047/1047
f 1092/1092/1092 1089/1089/1089 1090/1090/1090
f 1090/1090/1090 1091/1091/1091 1092/1092/1092
f 1092/1092/1092 1093/1093/1093 1088/1088/1088
f 1088/1088/1088 1089/1089/1089 1092/1092/1092
f 1003/1003/1003 1002/1002/1002 1088/1088/1088
f 1088/1088/1088 1093/1093/1093 1003/1003/1003
f 704/704/704 905/905/905 1094/1094/1094
f 1094/1094/1094 1032/1032/1032 704/704/704
f 900/900/900 1095/1095/1095 1094/1094/1094
f 1094/1094/1094 905/905/905 900/900/900
f 900/900/900 897/897/897 1096/1096/1096
f 1096/1096/1096 1095/1095/1095 900/900/900
f 648/648/648 999/999/999 1096/1096/1096
f 1096/1096/1096 897/897/897 648/648/648
f 1007/1007/1007 1097/1097/1097 1096/1096/1096
f 1096/1096/1096 999/999/999 1007/1007/1007
f 1098/1098/1098 1095/1095/1095 1096/1096/1096
f 1096/1096/1096 1097/1097/1097 1098/1098/1098
f 1098/1098/1098 1099/1099/1099 1094/1094/1094
f 1094/1094/1094 1095/1095/1095 1098/1098/1098
f 1033/1033/1033 1032/1032/1032 1094/1094/1094
f 1094/1094/1094 1099/1099/1099 1033/1033/1033
f 744/744/744 921/921/921 1100/1100/1100
f 1100/1100/1100 1052/1052/1052 744/744/744
f 918/918/918 1101/1101/1101 1100/1100/1100
f 1100/1100/1100 921/921/921 918/918/918
f 918/918/918 917/917/917 1102/1102/1102
f 1102/1102/1102 1101/1101/1101 918/918/918
f 688/688/688 1019/1019/1019 1102/1102/1102
f 1102/1102/1102 917/917/917 688/688/688
f 1027/1027/1027 1103/1103/1103 1102/1102/1102
f 1102/1102/1102 1019/1019/1019 1027/1027/1027
f 1104/1104/1104 1101/1101/1101 1102/1102/1102
f 1102/1102/1102 1103/1103/1103 1104/1104/1104
f 1104/1104/1104 1105/1105/1105 1100/1100/1100
f 1100/1100/1100 1101/1101/1101 1104/1104/1104
f 1053/1053/1053 1052/1052/1052 1100/1100/1100
f 1100/1100/1100 1105/1105/1105 1053/1053/1053
f 684/684/684 934/934/934 1106/1106/1106
f 1106/1106/1106 1022/1022/1022 684/684/684
f 930/930/930 1107/1107/1107 1106/1106/1106
f 1106/1106/1106 934/934/934 930/930/930
f 930/930/930 929/929/929 1108/1108/1108
f 1108/1108/1108 1107/1107/1107 930/930/930
f 668/668/668 1009/1009/1009 1108/1108/1108
f 1108/1108/1108 929/929/929 668/668/668
f 1017/1017/1017 1109/1109/1109 1108/1108/1108
f 1108/1108/1108 1009/1009/1009 1017/1017/1017
f 1110/1110/1110 1107/1107/1107 1108/1108/1108
f 1108/1108/1108 1109/1109/1109 1110/1110/1110
f 1110/1110/1110 1111/1111/1111 1106/1106/1106
f 1106/1106/1106 1107/1107/1107 1110/1110/1110
f 1023/1023/1023 1022/1022/1022 1106/1106/1106
f 1106/1106/1106 1111/1111/1111 1023/1023/1023
f 664/664/664 974/974/974 1112/1112/1112
f 1112/1112/1112 1012/1012/1012 664/664/664
f 970/970/970 1113/1113/1113 1112/1112/1112
f 1112/1112/1112 974/974/974 970/970/970
f 970/970/970 969/969/969 1114/1114/1114
f 1114/1114/1114 1113/1113/1113 970/970/970
f 968/968/968 1115/1115/1115 1114/1114/1114
f 1114/1114/1114 969/969/969 968/968/968
f 1116/1116/1116 1117/1117/1117 1114/1114/1114
f 1114/1114/1114 1115/1115/1115 1116/1116/1116
f 1118/1118/1118 1113/1113/1113 1114/1114/1114
f 1114/1114/1114 1117/1117/1117 1118/1118/1118
f 1118/1118/1118 1119/1119/1119 1112/1112/1112
f 1112/1112/1112 1113/1113/1113 1118/1118/1118
f 1013/1013/1013 1012/1012/1012 1112/1112/1112
f 1112/1112/1112 1119/1119/1119 1013/1013/1013
f 968/968/968 992/992/992 1120/1120/1120
f 1120/1120/1120 1115/1115/1115 968/968/968
f 988/988/988 1121/1121/1121 1120/1120/1120
f 1120/1120/1120 992/992/992 988/988/988
f 988/988/988 986/986/986 1122/1122/1122
f 1122/1122/1122 1121/1121/1121 988/988/988
f 764/764/764 1059/1059/1059 1122/1122/1122
f 1122/1122/1122 986/986/986 764/764/764
f 1065/1065/1065 1123/1123/1123 1122/1122/1122
f 1122/1122/1122 1059/1059/1059 1065/1065/1065
f 1124/1124/1124 1121/1121/1121 1122/1122/1122
f 1122/1122/1122 1123/1123/1123 1124/1124/1124
f 1124/1124/1124 1125/1125/1125 1120/1120/1120
f 1120/1120/1120 1121/1121/1121 1124/1124/1124
f 1116/1116/1116 1115/1115/1115 1120/1120/1120
f 1120/1120/1120 1125/1125/1125 1116/1116/1116
f 800/800/800 798/798/798 1126/1126/1126
f 1126/1126/1126 1127/1127/1127 800/800/800
f 796/796/796 1128/1128/1128 1126/1126/1126
f 1126/1126/1126 798/798/798 796/796/796
f 796/796/796 793/793/793 1129/1129/1129
f 1129/1129/1129 1128/1128/1128 796/796/796
f 792/792/792 1130/1130/1130 1129/1129/1129
f 1129/1129/1129 793/793/793 792/792/792
f 1131/1131/1131 1132/1132/1132 1129/1129/1129
f 1129/1129/1129 1130/1130/1130 1131/1131/1131
f 1133/1133/1133 1128/1128/1128 1129/1129/1129
f 1129/1129/1129 1132/1132/1132 1133/1133/1133
f 1133/1133/1133 1134/1134/1134 1126/1126/1126
f 1126/1126/1126 1128/1128/1128 1133/1133/1133
f 1135/1135/1135 1127/1127/1127 1126/1126/1126
f 1126/1126/1126 1134/1134/1134 1135/1135/1135
f 795/795/795 794/794/794 1136/1136/1136
f 1136/1136/1136 1137/1137/1137 795/795/795
f 797/797/797 1138/1138/1138 1136/1136/1136
f 1136/1136/1136 794/794/794 797/797/797
f 797/797/797 799/799/799 1139/1139/1139
f 1139/1139/1139 1138/1138/1138 797/797/797
f 801/801/801 1140/1140/1140 1139/1139/1139
f 1139/1139/1139 799/799/799 801/801/801
f 1141/1141/1141 1142/1142/1142 1139/1139/1139
f 1139/1139/1139 1140/1140/1140 1141/1141/1141
f 1143/1143/1143 1138/1138/1138 1139/1139/1139
f 1139/1139/1139 1142/1142/1142 1143/1143/1143
f 1143/1143/1143 1144/1144/1144 1136/1136/1136
f 1136/1136/1136 1138/1138/1138 1143/1143/1143
f 1145/1145/1145 1137/1137/1137 1136/1136/1136
f 1136/1136/1136 1144/1144/1144 1145/1145/1145
f 810/810/810 808/808/808 1146/1146/1146
f 1146/1146/1146 1147/1147/1147 810/810/810
f 806/806/806 1148/1148/1148 1146/1146/1146
f 1146/1146/1146 808/808/808 806/806/806
f 806/806/806 803/803/803 1149/1149/1149
f 1149/1149/1149 1148/1148/1148 806/806/806
f 802/802/802 1150/1150/1150 1149/1149/1149
f 1149/1149/1149 803/803/803 802/802/802
f 1151/1151/1151 1152/1152/1152 1149/1149/1149
f 1149/1149/1149 1150/1150/1150 1151/1151/1151
f 1153/1153/1153 1148/1148/1148 1149/1149/1149
f 1149/1149/1149 1152/1152/1152 1153/1153/1153
f 1153/1153/1153 1154/1154/1154 1146/1146/1146
f 1146/1146/1146 1148/1148/1148 1153/1153/1153
f 1155/1155/1155 1147/1147/1147 1146/1146/1146
f 1146/1146/1146 1154/1154/1154 1155/1155/1155
f 805/805/805 804/804/804 1156/1156/1156
f 1156/1156/1156 1157/1157/1157 805/805/805
f 807/807/807 1158/1158/1158 1156/1156/1156
f 1156/1156/1156 804/804/804 807/807/807
f 807/807/807 809/809/809 1159/1159/1159
f 1159/1159/1159 1158/1158/1158 807/807/807
f 811/811/811 1160/1160/1160 1159/1159/1159
f 1159/1159/1159 809/809/809 811/811/811
f 1161/1161/1161 1162/1162/1162 1159/1159/1159
f 1159/1159/1159 1160/1160/1160 1161/1161/1161
f 1163/1163/1163 1158/1158/1158 1159/1159/1159
f 1159/1159/1159 1162/1162/1162 1163/1163/1163
f 1163/1163/1163 1164/1164/1164 1156/1156/1156
f 1156/1156/1156 1158/1158/1158 1163/1163/1163
f 1165/1165/1165 1157/1157/1157 1156/1156/1156
f 1156/1156/1156 1164/1164/1164 1165/1165/1165
f 820/820/820 818/818/818 1166/1166/1166
f 1166/1166/1166 1167/1167/1167 820/820/820
f 816/816/816 1168/1168/1168 1166/1166/1166
f 1166/1166/1166 818/818/818 816/816/816
f 816/816/816 813/813/813 1169/1169/1169
f 1169/1169/1169 1168/1168/1168 816/816/816
f 812/812/812 1170/1170/1170 1169/1169/1169
f 1169/1169/1169 813/813/813 812/812/812
f 1171/1171/1171 1172/1172/1172 1169/1169/1169
f 1169/1169/1169 1170/1170/1170 1171/1171/1171
f 1173/1173/1173 1168/1168/1168 1169/1169/1169
f 1169/1169/1169 1172/1172/1172 1173/1173/1173
f 1173/1173/1173 1174/1174/1174 1166/1166/1166
f 1166/1166/1166 1168/1168/1168 1173/1173/1173
f 1175/1175/1175 1167/1167/1167 1166/1166/1166
f 1166/1166/1166 1174/1174/1174 1175/1175/1175
f 815/815/815 814/814/814 1176/1176/1176
f 1176/1176/1176 1177/1177/1177 815/815/815
f 817/817/817 1178/1178/1178 1176/1176/1176
f 1176/1176/1176 814/814/814 817/817/817
f 817/817/817 819/819/819 1179/1179/1179
f 1179/1179/1179 1178/1178/1178 817/817/817
f 821/821/821 1180/1180/1180 1179/1179/1179
f 1179/1179/1179 819/819/819 821/821/821
f 1181/1181/1181 1182/1182/1182 1179/1179/1179
f 1179/1179/1179 1180/1180/1180 1181/1181/1181
f 1183/1183/1183 1178/1178/1178 1179/1179/1179
f 1179/1179/1179 1182/1182/1182 1183/1183/1183
f 1183/1183/1183 1184/1184/1184 1176/1176/1176
f 1176/1176/1176 1178/1178/1178 1183/1183/1183
f 1185/1185/1185 1177/1177/1177 1176/1176/1176
f 1176/1176/1176 1184/1184/1184 1185/1185/1185
f 830/830/830 833/833/833 1186/1186/1186
f 1186/1186/1186 1187/1187/1187 830/830/830
f 826/826/826 1188/1188/1188 1189/1189/1189
f 1189/1189/1189 828/828/828 826/826/826
f 826/826/826 823/823/823 1190/1190/1190
f 1190/1190/1190 1188/1188/1188 826/826/826
f 822/822/822 1191/1191/1191 1190/1190/1190
f 1190/1190/1190 823/823/823 822/822/822
f 1192/1192/1192 1193/1193/1193 1190/1190/1190
f 1190/1190/1190 1191/1191/1191 1192/1192/1192
f 1194/1194/1194 1188/1188/1188 1190/1190/1190
f 1190/1190/1190 1193/1193/1193 1194/1194/1194
f 1194/1194/1194 1195/1195/1195 1189/1189/1189
f 1189/1189/1189 1188/1188/1188 1194/1194/1194
f 1196/1196/1196 1187/1187/1187 1186/1186/1186
f 1186/1186/1186 1197/1197/1197 1196/1196/1196
f 825/825/825 824/824/824 1198/1198/1198
f 1198/1198/1198 1199/1199/1199 825/825/825
f 827/827/827 1200/1200/1200 1198/1198/1198
f 1198/1198/1198 824/824/824 827/827/827
f 827/827/827 829/829/829 1201/1201/1201
f 1201/1201/1201 1200/1200/1200 827/827/827
f 831/831/831 1202/1202/1202 1203/1203/1203
f 1203/1203/1203 832/832/832 831/831/831
f 1204/1204/1204 1205/1205/1205 1203/1203/1203
f 1203/1203/1203 1202/1202/1202 1204/1204/1204
f 1206/1206/1206 1200/1200/1200 1201/1201/1201
f 1201/1201/1201 1207/1207/1207 1206/1206/1206
f 1206/1206/1206 1208/1208/1208 1198/1198/1198
f 1198/1198/1198 1200/1200/1200 1206/1206/1206
f 1209/1209/1209 1199/1199/1199 1198/1198/1198
f 1198/1198/1198 1208/1208/1208 1209/1209/1209
f 812/812/812 838/838/838 1210/1210/1210
f 1210/1210/1210 1170/1170/1170 812/812/812
f 836/836/836 1211/1211/1211 1210/1210/1210
f 1210/1210/1210 838/838/838 836/836/836
f 836/836/836 834/834/834 1212/1212/1212
f 1212/1212/1212 1211/1211/1211 836/836/836
f 830/830/830 1187/1187/1187 1212/1212/1212
f 1212/1212/1212 834/834/834 830/830/830
f 1196/1196/1196 1213/1213/1213 1212/1212/1212
f 1212/1212/1212 1187/1187/1187 1196/1196/1196
f 1214/1214/1214 1211/1211/1211 1212/1212/1212
f 1212/1212/1212 1213/1213/1213 1214/1214/1214
f 1214/1214/1214 1215/1215/1215 1210/1210/1210
f 1210/1210/1210 1211/1211/1211 1214/1214/1214
f 1171/1171/1171 1170/1170/1170 1210/1210/1210
f 1210/1210/1210 1215/1215/1215 1171/1171/1171
f 831/831/831 835/835/835 1216/1216/1216
f 1216/1216/1216 1202/1202/1202 831/831/831
f 837/837/837 1217/1217/1217 1216/1216/1216
f 1216/1216/1216 835/835/835 837/837/837
f 837/837/837 839/839/839 1218/1218/1218
f 1218/1218/1218 1217/1217/1217 837/837/837
f 815/815/815 1177/1177/1177 1218/1218/1218
f 1218/1218/1218 839/839/839 815/815/815
f 1185/1185/1185 1219/1219/1219 1218/1218/1218
f 1218/1218/1218 1177/1177/1177 1185/1185/1185
f 1220/1220/1220 1217/1217/1217 1218/1218/1218
f 1218/1218/1218 1219/1219/1219 1220/1220/1220
f 1220/1220/1220 1221/1221/1221 1216/1216/1216
f 1216/1216/1216 1217/1217/1217 1220/1220/1220
f 1204/1204/1204 1202/1202/1202 1216/1216/1216
f 1216/1216/1216 1221/1221/1221 1204/1204/1204
f 822/822/822 844/844/844 1222/1222/1222
f 1222/1222/1222 1191/1191/1191 822/822/822
f 842/842/842 1223/1223/1223 1222/1222/1222
f 1222/1222/1222 844/844/844 842/842/842
f 842/842/842 840/840/840 1224/1224/1224
f 1224/1224/1224 1223/1223/1223 842/842/842
f 800/800/800 1127/1127/1127 1224/1224/1224
f 1224/1224/1224 840/840/840 800/800/800
f 1135/1135/1135 1225/1225/1225 1224/1224/1224
f 1224/1224/1224 1127/1127/1127 1135/1135/1135
f 1226/1226/1226 1223/1223/1223 1224/1224/1224
f 1224/1224/1224 1225/1225/1225 1226/1226/1226
f 1226/1226/1226 1227/1227/1227 1222/1222/1222
f 1222/1222/1222 1223/1223/1223 1226/1226/1226
f 1192/1192/1192 1191/1191/1191 1222/1222/1222
f 1222/1222/1222 1227/1227/1227 1192/1192/1192
f 801/801/801 841/841/841 1228/1228/1228
f 1228/1228/1228 1140/1140/1140 801/801/801
f 843/843/843 1229/1229/1229 1228/1228/1228
f 1228/1228/1228 841/841/841 843/843/843
f 843/843/843 845/845/845 1230/1230/1230
f 1230/1230/1230 1229/1229/1229 843/843/843
f 825/825/825 1199/1199/1199 1230/1230/1230
f 1230/1230/1230 845/845/845 825/825/825
f 1209/1209/1209 1231/1231/1231 1230/1230/1230
f 1230/1230/1230 1199/1199/1199 1209/1209/1209
f 1232/1232/1232 1229/1229/1229 1230/1230/1230
f 1230/1230/1230 1231/1231/1231 1232/1232/1232
f 1232/1232/1232 1233/1233/1233 1228/1228/1228
f 1228/1228/1228 1229/1229/1229 1232/1232/1232
f 1141/1141/1141 1140/1140/1140 1228/1228/1228
f 1228/1228/1228 1233/1233/1233 1141/1141/1141
f 792/792/792 850/850/850 1234/1234/1234
f 1234/1234/1234 1130/1130/1130 792/792/792
f 848/848/848 1235/1235/1235 1234/1234/1234
f 1234/1234/1234 850/850/850 848/848/848
f 848/848/848 846/846/846 1236/1236/1236
f 1236/1236/1236 1235/1235/1235 848/848/848
f 810/810/810 1147/1147/1147 1236/1236/1236
f 1236/1236/1236 846/846/846 810/810/810
f 1155/1155/1155 1237/1237/1237 1236/1236/1236
f 1236/1236/1236 1147/1147/1147 1155/1155/1155
f 1238/1238/1238 1235/1235/1235 1236/1236/1236
f 1236/1236/1236 1237/1237/1237 1238/1238/1238
f 1238/1238/1238 1239/1239/1239 1234/1234/1234
f 1234/1234/1234 1235/1235/1235 1238/1238/1238
f 1131/1131/1131 1130/1130/1130 1234/1234/1234
f 1234/1234/1234 1239/1239/1239 1131/1131/1131
f 811/811/811 847/847/847 1240/1240/1240
f 1240/1240/1240 1160/1160/1160 811/811/811
f 849/849/849 1241/1241/1241 1240/1240/1240
f 1240/1240/1240 847/847/847 849/849/849
f 849/849/849 851/851/851 1242/1242/1242
f 1242/1242/1242 1241/1241/1241 849/849/849
f 795/795/795 1137/1137/1137 1242/1242/1242
f 1242/1242/1242 851/851/851 795/795/795
f 1145/1145/1145 1243/1243/1243 1242/1242/1242
f 1242/1242/1242 1137/1137/1137 1145/1145/1145
f 1244/1244/1244 1241/1241/1241 1242/1242/1242
f 1242/1242/1242 1243/1243/1243 1244/1244/1244
f 1244/1244/1244 1245/1245/1245 1240/1240/1240
f 1240/1240/1240 1241/1241/1241 1244/1244/1244
f 1161/1161/1161 1160/1160/1160 1240/1240/1240
f 1240/1240/1240 1245/1245/1245 1161/1161/1161
f 802/802/802 856/856/856 1246/1246/1246
f 1246/1246/1246 1150/1150/1150 802/802/802
f 854/854/854 1247/1247/1247 1246/1246/1246
f 1246/1246/1246 856/856/856 854/854/854
f 854/854/854 852/852/852 1248/1248/1248
f 1248/1248/1248 1247/1247/1247 854/854/854
f 820/820/820 1167/1167/1167 1248/1248/1248
f 1248/1248/1248 852/852/852 820/820/820
f 1175/1175/1175 1249/1249/1249 1248/1248/1248
f 1248/1248/1248 1167/1167/1167 1175/1175/1175
f 1250/1250/1250 1247/1247/1247 1248/1248/1248
f 1248/1248/1248 1249/1249/1249 1250/1250/1250
f 1250/1250/1250 1251/1251/1251 1246/1246/1246
f 1246/1246/1246 1247/1247/1247 1250/1250/1250
f 1151/1151/1151 1150/1150/1150 1246/1246/1246
f 1246/1246/1246 1251/1251/1251 1151/1151/1151
f 821/821/821 853/853/853 1252/1252/1252
f 1252/1252/1252 1180/1180/1180 821/821/821
f 855/855/855 1253/1253/1253 1252/1252/1252
f 1252/1252/1252 853/853/853 855/855/855
f 855/855/855 857/857/857 1254/1254/1254
f 1254/1254/1254 1253/1253/1253 855/855/855
f 805/805/805 1157/1157/1157 1254/1254/1254
f 1254/1254/1254 857/857/857 805/805/805
f 1165/1165/1165 1255/1255/1255 1254/1254/1254
f 1254/1254/1254 1157/1157/1157 1165/1165/1165
f 1256/1256/1256 1253/1253/1253 1254/1254/1254
f 1254/1254/1254 1255/1255/1255 1256/1256/1256
f 1256/1256/1256 1257/1257/1257 1252/1252/1252
f 1252/1252/1252 1253/1253/1253 1256/1256/1256
f 1181/1181/1181 1180/1180/1180 1252/1252/1252
f 1252/1252/1252 1257/1257/1257 1181/1181/1181
f 150/150/150 149/149/149 869/869/869
f 774/774/774 150/150/150 869/869/869
f 149/149/149 870/870/870 869/869/869
f 153/153/153 872/872/872 871/871/871
f 149/149/149 153/153/153 871/871/871
f 870/870/870 149/149/149 871/871/871
f 153/153/153 155/155/155 957/957/957
f 872/872/872 153/153/153 957/957/957
f 155/155/155 958/958/958 957/957/957
f 155/155/155 158/158/158 959/959/959
f 958/958/958 155/155/155 959/959/959
f 158/158/158 714/714/714 959/959/959
f 158/158/158 161/161/161 715/715/715
f 714/714/714 158/158/158 715/715/715
f 161/161/161 700/700/700 715/715/715
f 163/163/163 698/698/698 697/697/697
f 161/161/161 163/163/163 697/697/697
f 700/700/700 161/161/161 697/697/697
f 163/163/163 165/165/165 908/908/908
f 698/698/698 163/163/163 908/908/908
f 165/165/165 909/909/909 908/908/908
f 167/167/167 911/911/911 910/910/910
f 165/165/165 167/167/167 910/910/910
f 909/909/909 165/165/165 910/910/910
f 167/167/167 169/169/169 952/952/952
f 911/911/911 167/167/167 952/952/952
f 169/169/169 948/948/948 952/952/952
f 169/169/169 172/172/172 947/947/947
f 948/948/948 169/169/169 947/947/947
f 172/172/172 654/654/654 947/947/947
f 172/172/172 175/175/175 655/655/655
f 654/654/654 172/172/172 655/655/655
f 175/175/175 640/640/640 655/655/655
f 177/177/177 638/638/638 637/637/637
f 175/175/175 177/177/177 637/637/637
f 640/640/640 175/175/175 637/637/637
f 177/177/177 179/179/179 894/894/894
f 638/638/638 177/177/177 894/894/894
f 179/179/179 895/895/895 894/894/894
f 181/181/181 734/734/734 896/896/896
f 179/179/179 181/181/181 896/896/896
f 895/895/895 179/179/179 896/896/896
f 181/181/181 183/183/183 735/735/735
f 734/734/734 181/181/181 735/735/735
f 183/183/183 720/720/720 735/735/735
f 183/183/183 185/185/185 717/717/717
f 720/720/720 183/183/183 717/717/717
f 185/185/185 718/718/718 717/717/717
f 185/185/185 186/186/186 882/882/882
f 718/718/718 185/185/185 882/882/882
f 186/186/186 883/883/883 882/882/882
f 186/186/186 188/188/188 884/884/884
f 883/883/883 186/186/186 884/884/884
f 188/188/188 790/790/790 884/884/884
f 188/188/188 191/191/191 791/791/791
f 790/790/790 188/188/188 791/791/791
f 191/191/191 776/776/776 791/791/791
f 150/150/150 774/774/774 773/773/773
f 191/191/191 150/150/150 773/773/773
f 776/776/776 191/191/191 773/773/773
f 194/194/194 193/193/193 675/675/675
f 674/674/674 194/194/194 675/675/675
f 193/193/193 660/660/660 675/675/675
f 197/197/197 658/658/658 657/657/657
f 193/193/193 197/197/197 657/657/657
f 660/660/660 193/193/193 657/657/657
f 197/197/197 199/199/199 983/983/983
f 658/658/658 197/197/197 983/983/983
f 199/199/199 984/984/984 983/983/983
f 199/199/199 202/202/202 985/985/985
f 984/984/984 199/199/199 985/985/985
f 202/202/202 977/977/977 985/985/985
f 202/202/202 205/205/205 978/978/978
f 977/977/977 202/202/202 978/978/978
f 205/205/205 964/964/964 978/978/978
f 207/207/207 962/962/962 961/961/961
f 205/205/205 207/207/207 961/961/961
f 964/964/964 205/205/205 961/961/961
f 207/207/207 209/209/209 995/995/995
f 962/962/962 207/207/207 995/995/995
f 209/209/209 996/996/996 995/995/995
f 211/211/211 770/770/770 997/997/997
f 209/209/209 211/211/211 997/997/997
f 996/996/996 209/209/209 997/997/997
f 211/211/211 213/213/213 771/771/771
f 770/770/770 211/211/211 771/771/771
f 213/213/213 758/758/758 771/771/771
f 213/213/213 216/216/216 757/757/757
f 758/758/758 213/213/213 757/757/757
f 216/216/216 754/754/754 757/757/757
f 216/216/216 219/219/219 755/755/755
f 754/754/754 216/216/216 755/755/755
f 219/219/219 740/740/740 755/755/755
f 219/219/219 222/222/222 737/737/737
f 740/740/740 219/219/219 737/737/737
f 222/222/222 738/738/738 737/737/737
f 222/222/222 225/225/225 923/923/923
f 738/738/738 222/222/222 923/923/923
f 225/225/225 914/914/914 923/923/923
f 227/227/227 694/694/694 913/913/913
f 225/225/225 227/227/227 913/913/913
f 914/914/914 225/225/225 913/913/913
f 227/227/227 229/229/229 695/695/695
f 694/694/694 227/227/227 695/695/695
f 229/229/229 680/680/680 695/695/695
f 231/231/231 678/678/678 677/677/677
f 229/229/229 231/231/231 677/677/677
f 680/680/680 229/229/229 677/677/677
f 231/231/231 233/233/233 943/943/943
f 678/678/678 231/231/231 943/943/943
f 233/233/233 944/944/944 943/943/943
f 233/233/233 236/236/236 945/945/945
f 944/944/944 233/233/233 945/945/945
f 236/236/236 937/937/937 945/945/945
f 236/236/236 239/239/239 938/938/938
f 937/937/937 236/236/236 938/938/938
f 239/239/239 926/926/926 938/938/938
f 194/194/194 674/674/674 925/925/925
f 239/239/239 194/194/194 925/925/925
f 926/926/926 239/239/239 925/925/925
f 1258/1258/1258 1259/1259/1259 1260/1260/1260
f 1260/1260/1260 1261/1261/1261 1258/1258/1258
f 1262/1262/1262 1263/1263/1263 1259/1259/1259
f 1259/1259/1259 1258/1258/1258 1262/1262/1262
f 1258/1258/1258 1264/1264/1264 1265/1265/1265
f 1265/1265/1265 1262/1262/1262 1258/1258/1258
f 1261/1261/1261 1266/1266/1266 1264/1264/1264
f 1264/1264/1264 1258/1258/1258 1261/1261/1261
f 1267/1267/1267 1268/1268/1268 1269/1269/1269
f 1269/1269/1269 1270/1270/1270 1267/1267/1267
f 1271/1271/1271 1272/1272/1272 1268/1268/1268
f 1268/1268/1268 1267/1267/1267 1271/1271/1271
f 1267/1267/1267 1259/1259/1259 1263/1263/1263
f 1263/1263/1263 1271/1271/1271 1267/1267/1267
f 1270/1270/1270 1260/1260/1260 1259/1259/1259
f 1259/1259/1259 1267/1267/1267 1270/1270/1270
f 1273/1273/1273 1274/1274/1274 1275/1275/1275
f 1275/1275/1275 1276/1276/1276 1273/1273/1273
f 1277/1277/1277 1278/1278/1278 1274/1274/1274
f 1274/1274/1274 1273/1273/1273 1277/1277/1277
f 1273/1273/1273 1279/1279/1279 1280/1280/1280
f 1280/1280/1280 1277/1277/1277 1273/1273/1273
f 1276/1276/1276 1281/1281/1281 1279/1279/1279
f 1279/1279/1279 1273/1273/1273 1276/1276/1276
f 1282/1282/1282 1283/1283/1283 1284/1284/1284
f 1284/1284/1284 1285/1285/1285 1282/1282/1282
f 1286/1286/1286 1287/1287/1287 1283/1283/1283
f 1283/1283/1283 1282/1282/1282 1286/1286/1286
f 1282/1282/1282 1288/1288/1288 1289/1289/1289
f 1289/1289/1289 1286/1286/1286 1282/1282/1282
f 1285/1285/1285 1290/1290/1290 1288/1288/1288
f 1288/1288/1288 1282/1282/1282 1285/1285/1285
f 1291/1291/1291 1292/1292/1292 1293/1293/1293
f 1293/1293/1293 1294/1294/1294 1291/1291/1291
f 38/38/38 39/39/39 1292/1292/1292
f 1292/1292/1292 1291/1291/1291 38/38/38
f 1291/1291/1291 1295/1295/1295 40/40/40
f 40/40/40 38/38/38 1291/1291/1291
f 1294/1294/1294 1296/1296/1296 1295/1295/1295
f 1295/1295/1295 1291/1291/1291 1294/1294/1294
f 1297/1297/1297 1298/1298/1298 1299/1299/1299
f 1299/1299/1299 1300/1300/1300 1297/1297/1297
f 47/47/47 48/48/48 1298/1298/1298
f 1298/1298/1298 1297/1297/1297 47/47/47
f 1297/1297/1297 1301/1301/1301 49/49/49
f 49/49/49 47/47/47 1297/1297/1297
f 1300/1300/1300 1302/1302/1302 1301/1301/1301
f 1301/1301/1301 1297/1297/1297 1300/1300/1300
f 1303/1303/1303 1304/1304/1304 1305/1305/1305
f 1305/1305/1305 1306/1306/1306 1303/1303/1303
f 1307/1307/1307 1308/1308/1308 1304/1304/1304
f 1304/1304/1304 1303/1303/1303 1307/1307/1307
f 1303/1303/1303 1309/1309/1309 1310/1310/1310
f 1310/1310/1310 1307/1307/1307 1303/1303/1303
f 1306/1306/1306 1311/1311/1311 1309/1309/1309
f 1309/1309/1309 1303/1303/1303 1306/1306/1306
f 1312/1312/1312 1313/1313/1313 1314/1314/1314
f 1314/1314/1314 1315/1315/1315 1312/1312/1312
f 1316/1316/1316 1317/1317/1317 1313/1313/1313
f 1313/1313/1313 1312/1312/1312 1316/1316/1316
f 1312/1312/1312 1318/1318/1318 1319/1319/1319
f 1319/1319/1319 1316/1316/1316 1312/1312/1312
f 1315/1315/1315 1320/1320/1320 1318/1318/1318
f 1318/1318/1318 1312/1312/1312 1315/1315/1315
f 1321/1321/1321 1322/1322/1322 1323/1323/1323
f 1323/1323/1323 1324/1324/1324 1321/1321/1321
f 1325/1325/1325 1326/1326/1326 1322/1322/1322
f 1322/1322/1322 1321/1321/1321 1325/1325/1325
f 1321/1321/1321 1327/1327/1327 1328/1328/1328
f 1328/1328/1328 1325/1325/1325 1321/1321/1321
f 1324/1324/1324 1329/1329/1329 1327/1327/1327
f 1327/1327/1327 1321/1321/1321 1324/1324/1324
f 1330/1330/1330 1331/1331/1331 1332/1332/1332
f 1332/1332/1332 1333/1333/1333 1330/1330/1330
f 83/83/83 84/84/84 1331/1331/1331
f 1331/1331/1331 1330/1330/1330 83/83/83
f 1330/1330/1330 1334/1334/1334 85/85/85
f 85/85/85 83/83/83 1330/1330/1330
f 1333/1333/1333 1335/1335/1335 1334/1334/1334
f 1334/1334/1334 1330/1330/1330 1333/1333/1333
f 1336/1336/1336 1337/1337/1337 1338/1338/1338
f 1338/1338/1338 1339/1339/1339 1336/1336/1336
f 1340/1340/1340 1341/1341/1341 1337/1337/1337
f 1337/1337/1337 1336/1336/1336 1340/1340/1340
f 1336/1336/1336 1342/1342/1342 1343/1343/1343
f 1343/1343/1343 1340/1340/1340 1336/1336/1336
f 1339/1339/1339 1344/1344/1344 1342/1342/1342
f 1342/1342/1342 1336/1336/1336 1339/1339/1339
f 1345/1345/1345 1346/1346/1346 1347/1347/1347
f 1347/1347/1347 1348/1348/1348 1345/1345/1345
f 1349/1349/1349 1350/1350/1350 1346/1346/1346
f 1346/1346/1346 1345/1345/1345 1349/1349/1349
f 1345/1345/1345 1351/1351/1351 1352/1352/1352
f 1352/1352/1352 1349/1349/1349 1345/1345/1345
f 1348/1348/1348 1353/1353/1353 1351/1351/1351
f 1351/1351/1351 1345/1345/1345 1348/1348/1348
f 1354/1354/1354 1355/1355/1355 1356/1356/1356
f 1356/1356/1356 1357/1357/1357 1354/1354/1354
f 1358/1358/1358 1359/1359/1359 1355/1355/1355
f 1355/1355/1355 1354/1354/1354 1358/1358/1358
f 1354/1354/1354 1360/1360/1360 1361/1361/1361
f 1361/1361/1361 1358/1358/1358 1354/1354/1354
f 1357/1357/1357 1362/1362/1362 1360/1360/1360
f 1360/1360/1360 1354/1354/1354 1357/1357/1357
f 1363/1363/1363 1364/1364/1364 1365/1365/1365
f 1365/1365/1365 1366/1366/1366 1363/1363/1363
f 1306/1306/1306 1305/1305/1305 1364/1364/1364
f 1364/1364/1364 1363/1363/1363 1306/1306/1306
f 1363/1363/1363 1367/1367/1367 1311/1311/1311
f 1311/1311/1311 1306/1306/1306 1363/1363/1363
f 1366/1366/1366 1368/1368/1368 1367/1367/1367
f 1367/1367/1367 1363/1363/1363 1366/1366/1366
f 1369/1369/1369 1370/1370/1370 1371/1371/1371
f 1371/1371/1371 1372/1372/1372 1369/1369/1369
f 1373/1373/1373 1374/1374/1374 1370/1370/1370
f 1370/1370/1370 1369/1369/1369 1373/1373/1373
f 1369/1369/1369 1375/1375/1375 1376/1376/1376
f 1376/1376/1376 1373/1373/1373 1369/1369/1369
f 1372/1372/1372 1377/1377/1377 1375/1375/1375
f 1375/1375/1375 1369/1369/1369 1372/1372/1372
f 1378/1378/1378 1279/1279/1279 1281/1281/1281
f 1281/1281/1281 1379/1379/1379 1378/1378/1378
f 1380/1380/1380 1280/1280/1280 1279/1279/1279
f 1279/1279/1279 1378/1378/1378 1380/1380/1380
f 1378/1378/1378 1346/1346/1346 1350/1350/1350
f 1350/1350/1350 1380/1380/1380 1378/1378/1378
f 1379/1379/1379 1347/1347/1347 1346/1346/1346
f 1346/1346/1346 1378/1378/1378 1379/1379/1379
f 1381/1381/1381 1382/1382/1382 1383/1383/1383
f 1383/1383/1383 1384/1384/1384 1381/1381/1381
f 1385/1385/1385 1386/1386/1386 1382/1382/1382
f 1382/1382/1382 1381/1381/1381 1385/1385/1385
f 1381/1381/1381 1387/1387/1387 1388/1388/1388
f 1388/1388/1388 1385/1385/1385 1381/1381/1381
f 1384/1384/1384 1389/1389/1389 1387/1387/1387
f 1387/1387/1387 1381/1381/1381 1384/1384/1384
f 1390/1390/1390 1391/1391/1391 1392/1392/1392
f 1392/1392/1392 1393/1393/1393 1390/1390/1390
f 1394/1394/1394 1395/1395/1395 1391/1391/1391
f 1391/1391/1391 1390/1390/1390 1394/1394/1394
f 1390/1390/1390 1268/1268/1268 1272/1272/1272
f 1272/1272/1272 1394/1394/1394 1390/1390/1390
f 1393/1393/1393 1269/1269/1269 1268/1268/1268
f 1268/1268/1268 1390/1390/1390 1393/1393/1393
f 1396/1396/1396 1397/1397/1397 1398/1398/1398
f 1398/1398/1398 1399/1399/1399 1396/1396/1396
f 1399/1399/1399 1400/1400/1400 1401/1401/1401
f 1401/1401/1401 1396/1396/1396 1399/1399/1399
f 1402/1402/1402 1401/1401/1401 1400/1400/1400
f 1400/1400/1400 1403/1403/1403 1402/1402/1402
f 1403/1403/1403 1404/1404/1404 1405/1405/1405
f 1405/1405/1405 1402/1402/1402 1403/1403/1403
f 1406/1406/1406 1407/1407/1407 1404/1404/1404
f 1404/1404/1404 1403/1403/1403 1406/1406/1406
f 1408/1408/1408 1407/1407/1407 1406/1406/1406
f 1406/1406/1406 1409/1409/1409 1408/1408/1408
f 1409/1409/1409 1410/1410/1410 1411/1411/1411
f 1411/1411/1411 1408/1408/1408 1409/1409/1409
f 1412/1412/1412 1411/1411/1411 1410/1410/1410
f 1410/1410/1410 1413/1413/1413 1412/1412/1412
f 1413/1413/1413 1414/1414/1414 1415/1415/1415
f 1415/1415/1415 1412/1412/1412 1413/1413/1413
f 1416/1416/1416 1415/1415/1415 1414/1414/1414
f 1414/1414/1414 1417/1417/1417 1416/1416/1416
f 1417/1417/1417 1418/1418/1418 1419/1419/1419
f 1419/1419/1419 1416/1416/1416 1417/1417/1417
f 1420/1420/1420 1421/1421/1421 1418/1418/1418
f 1418/1418/1418 1417/1417/1417 1420/1420/1420
f 1422/1422/1422 1421/1421/1421 1420/1420/1420
f 1420/1420/1420 1423/1423/1423 1422/1422/1422
f 1423/1423/1423 1424/1424/1424 1425/1425/1425
f 1425/1425/1425 1422/1422/1422 1423/1423/1423
f 1426/1426/1426 1425/1425/1425 1424/1424/1424
f 1424/1424/1424 1427/1427/1427 1426/1426/1426
f 1427/1427/1427 1428/1428/1428 1429/1429/1429
f 1429/1429/1429 1426/1426/1426 1427/1427/1427
f 1430/1430/1430 1429/1429/1429 1428/1428/1428
f 1428/1428/1428 1431/1431/1431 1430/1430/1430
f 1431/1431/1431 1432/1432/1432 1296/1296/1296
f 1296/1296/1296 1430/1430/1430 1431/1431/1431
f 1433/1433/1433 1332/1332/1332 1432/1432/1432
f 1432/1432/1432 1431/1431/1431 1433/1433/1433
f 1333/1333/1333 1332/1332/1332 1433/1433/1433
f 1433/1433/1433 1434/1434/1434 1333/1333/1333
f 1434/1434/1434 1435/1435/1435 1335/1335/1335
f 1335/1335/1335 1333/1333/1333 1434/1434/1434
f 1436/1436/1436 1437/1437/1437 1435/1435/1435
f 1435/1435/1435 1434/1434/1434 1436/1436/1436
f 1438/1438/1438 1437/1437/1437 1436/1436/1436
f 1436/1436/1436 1439/1439/1439 1438/1438/1438
f 1439/1439/1439 1398/1398/1398 1397/1397/1397
f 1397/1397/1397 1438/1438/1438 1439/1439/1439
f 1440/1440/1440 1441/1441/1441 1442/1442/1442
f 1442/1442/1442 1443/1443/1443 1440/1440/1440
f 1443/1443/1443 1444/1444/1444 1445/1445/1445
f 1445/1445/1445 1440/1440/1440 1443/1443/1443
f 1446/1446/1446 1445/1445/1445 1444/1444/1444
f 1444/1444/1444 1447/1447/1447 1446/1446/1446
f 1447/1447/1447 1448/1448/1448 1449/1449/1449
f 1449/1449/1449 1446/1446/1446 1447/1447/1447
f 1450/1450/1450 1451/1451/1451 1448/1448/1448
f 1448/1448/1448 1447/1447/1447 1450/1450/1450
f 1452/1452/1452 1451/1451/1451 1450/1450/1450
f 1450/1450/1450 1453/1453/1453 1452/1452/1452
f 1453/1453/1453 1454/1454/1454 1455/1455/1455
f 1455/1455/1455 1452/1452/1452 1453/1453/1453
f 1456/1456/1456 1455/1455/1455 1454/1454/1454
f 1454/1454/1454 1457/1457/1457 1456/1456/1456
f 1457/1457/1457 1458/1458/1458 1459/1459/1459
f 1459/1459/1459 1456/1456/1456 1457/1457/1457
f 1460/1460/1460 1459/1459/1459 1458/1458/1458
f 1458/1458/1458 1461/1461/1461 1460/1460/1460
f 1461/1461/1461 1462/1462/1462 1463/1463/1463
f 1463/1463/1463 1460/1460/1460 1461/1461/1461
f 1464/1464/1464 1465/1465/1465 1462/1462/1462
f 1462/1462/1462 1461/1461/1461 1464/1464/1464
f 1466/1466/1466 1465/1465/1465 1464/1464/1464
f 1464/1464/1464 1467/1467/1467 1466/1466/1466
f 1467/1467/1467 1468/1468/1468 1469/1469/1469
f 1469/1469/1469 1466/1466/1466 1467/1467/1467
f 1470/1470/1470 1471/1471/1471 1468/1468/1468
f 1468/1468/1468 1467/1467/1467 1470/1470/1470
f 1472/1472/1472 1471/1471/1471 1470/1470/1470
f 1470/1470/1470 1473/1473/1473 1472/1472/1472
f 1473/1473/1473 1474/1474/1474 1475/1475/1475
f 1475/1475/1475 1472/1472/1472 1473/1473/1473
f 1476/1476/1476 1475/1475/1475 1474/1474/1474
f 1474/1474/1474 1477/1477/1477 1476/1476/1476
f 1477/1477/1477 1478/1478/1478 1479/1479/1479
f 1479/1479/1479 1476/1476/1476 1477/1477/1477
f 1480/1480/1480 1479/1479/1479 1478/1478/1478
f 1478/1478/1478 1481/1481/1481 1480/1480/1480
f 1481/1481/1481 1482/1482/1482 1483/1483/1483
f 1483/1483/1483 1480/1480/1480 1481/1481/1481
f 1484/1484/1484 1485/1485/1485 1482/1482/1482
f 1482/1482/1482 1481/1481/1481 1484/1484/1484
f 1486/1486/1486 1485/1485/1485 1484/1484/1484
f 1484/1484/1484 1487/1487/1487 1486/1486/1486
f 1487/1487/1487 1442/1442/1442 1441/1441/1441
f 1441/1441/1441 1486/1486/1486 1487/1487/1487
f 1488/1488/1488 1351/1351/1351 1353/1353/1353
f 1353/1353/1353 1489/1489/1489 1488/1488/1488
f 1490/1490/1490 1352/1352/1352 1351/1351/1351
f 1351/1351/1351 1488/1488/1488 1490/1490/1490
f 1488/1488/1488 244/244/244 243/243/243
f 243/243/243 1490/1490/1490 1488/1488/1488
f 1489/1489/1489 245/245/245 244/244/244
f 244/244/244 1488/1488/1488 1489/1489/1489
f 1491/1491/1491 1360/1360/1360 1362/1362/1362
f 1362/1362/1362 1492/1492/1492 1491/1491/1491
f 1493/1493/1493 1361/1361/1361 1360/1360/1360
f 1360/1360/1360 1491/1491/1491 1493/1493/1493
f 1491/1491/1491 250/250/250 249/249/249
f 249/249/249 1493/1493/1493 1491/1491/1491
f 1492/1492/1492 251/251/251 250/250/250
f 250/250/250 1491/1491/1491 1492/1492/1492
f 1494/1494/1494 1495/1495/1495 254/254/254
f 254/254/254 253/253/253 1494/1494/1494
f 1496/1496/1496 1497/1497/1497 1495/1495/1495
f 1495/1495/1495 1494/1494/1494 1496/1496/1496
f 1494/1494/1494 1498/1498/1498 1469/1469/1469
f 1469/1469/1469 1496/1496/1496 1494/1494/1494
f 253/253/253 259/259/259 1498/1498/1498
f 1498/1498/1498 1494/1494/1494 253/253/253
f 1499/1499/1499 1500/1500/1500 262/262/262
f 262/262/262 261/261/261 1499/1499/1499
f 1366/1366/1366 1365/1365/1365 1500/1500/1500
f 1500/1500/1500 1499/1499/1499 1366/1366/1366
f 1499/1499/1499 1501/1501/1501 1368/1368/1368
f 1368/1368/1368 1366/1366/1366 1499/1499/1499
f 261/261/261 265/265/265 1501/1501/1501
f 1501/1501/1501 1499/1499/1499 261/261/261
f 1502/1502/1502 1503/1503/1503 268/268/268
f 268/268/268 267/267/267 1502/1502/1502
f 1462/1462/1462 1465/1465/1465 1503/1503/1503
f 1503/1503/1503 1502/1502/1502 1462/1462/1462
f 1502/1502/1502 1504/1504/1504 1463/1463/1463
f 1463/1463/1463 1462/1462/1462 1502/1502/1502
f 267/267/267 271/271/271 1504/1504/1504
f 1504/1504/1504 1502/1502/1502 267/267/267
f 1505/1505/1505 1506/1506/1506 1263/1263/1263
f 1263/1263/1263 1262/1262/1262 1505/1505/1505
f 1507/1507/1507 1508/1508/1508 1506/1506/1506
f 1506/1506/1506 1505/1505/1505 1507/1507/1507
f 1505/1505/1505 1509/1509/1509 1510/1510/1510
f 1510/1510/1510 1507/1507/1507 1505/1505/1505
f 1262/1262/1262 1265/1265/1265 1509/1509/1509
f 1509/1509/1509 1505/1505/1505 1262/1262/1262
f 1511/1511/1511 1512/1512/1512 1266/1266/1266
f 1266/1266/1266 1261/1261/1261 1511/1511/1511
f 1513/1513/1513 1514/1514/1514 1512/1512/1512
f 1512/1512/1512 1511/1511/1511 1513/1513/1513
f 1511/1511/1511 1515/1515/1515 1516/1516/1516
f 1516/1516/1516 1513/1513/1513 1511/1511/1511
f 1261/1261/1261 1260/1260/1260 1515/1515/1515
f 1515/1515/1515 1511/1511/1511 1261/1261/1261
f 1517/1517/1517 1518/1518/1518 1272/1272/1272
f 1272/1272/1272 1271/1271/1271 1517/1517/1517
f 1519/1519/1519 1520/1520/1520 1518/1518/1518
f 1518/1518/1518 1517/1517/1517 1519/1519/1519
f 1517/1517/1517 1506/1506/1506 1508/1508/1508
f 1508/1508/1508 1519/1519/1519 1517/1517/1517
f 1271/1271/1271 1263/1263/1263 1506/1506/1506
f 1506/1506/1506 1517/1517/1517 1271/1271/1271
f 1521/1521/1521 1515/1515/1515 1260/1260/1260
f 1260/1260/1260 1270/1270/1270 1521/1521/1521
f 1522/1522/1522 1516/1516/1516 1515/1515/1515
f 1515/1515/1515 1521/1521/1521 1522/1522/1522
f 1521/1521/1521 1523/1523/1523 1524/1524/1524
f 1524/1524/1524 1522/1522/1522 1521/1521/1521
f 1270/1270/1270 1269/1269/1269 1523/1523/1523
f 1523/1523/1523 1521/1521/1521 1270/1270/1270
f 1525/1525/1525 1526/1526/1526 1278/1278/1278
f 1278/1278/1278 1277/1277/1277 1525/1525/1525
f 1527/1527/1527 1528/1528/1528 1526/1526/1526
f 1526/1526/1526 1525/1525/1525 1527/1527/1527
f 1525/1525/1525 1529/1529/1529 1530/1530/1530
f 1530/1530/1530 1527/1527/1527 1525/1525/1525
f 1277/1277/1277 1280/1280/1280 1529/1529/1529
f 1529/1529/1529 1525/1525/1525 1277/1277/1277
f 1531/1531/1531 1532/1532/1532 1281/1281/1281
f 1281/1281/1281 1276/1276/1276 1531/1531/1531
f 1533/1533/1533 1534/1534/1534 1532/1532/1532
f 1532/1532/1532 1531/1531/1531 1533/1533/1533
f 1531/1531/1531 1535/1535/1535 1536/1536/1536
f 1536/1536/1536 1533/1533/1533 1531/1531/1531
f 1276/1276/1276 1275/1275/1275 1535/1535/1535
f 1535/1535/1535 1531/1531/1531 1276/1276/1276
f 1537/1537/1537 1538/1538/1538 1287/1287/1287
f 1287/1287/1287 1286/1286/1286 1537/1537/1537
f 1539/1539/1539 1540/1540/1540 1538/1538/1538
f 1538/1538/1538 1537/1537/1537 1539/1539/1539
f 1537/1537/1537 1541/1541/1541 1542/1542/1542
f 1542/1542/1542 1539/1539/1539 1537/1537/1537
f 1286/1286/1286 1289/1289/1289 1541/1541/1541
f 1541/1541/1541 1537/1537/1537 1286/1286/1286
f 1543/1543/1543 1544/1544/1544 1356/1356/1356
f 1356/1356/1356 1545/1545/1545 1543/1543/1543
f 1546/1546/1546 1547/1547/1547 1544/1544/1544
f 1544/1544/1544 1543/1543/1543 1546/1546/1546
f 1543/1543/1543 1548/1548/1548 1549/1549/1549
f 1549/1549/1549 1546/1546/1546 1543/1543/1543
f 1545/1545/1545 1290/1290/1290 1548/1548/1548
f 1548/1548/1548 1543/1543/1543 1545/1545/1545
f 1550/1550/1550 1551/1551/1551 1326/1326/1326
f 1326/1326/1326 1325/1325/1325 1550/1550/1550
f 1552/1552/1552 1553/1553/1553 1551/1551/1551
f 1551/1551/1551 1550/1550/1550 1552/1552/1552
f 1550/1550/1550 1554/1554/1554 1555/1555/1555
f 1555/1555/1555 1552/1552/1552 1550/1550/1550
f 1325/1325/1325 1328/1328/1328 1554/1554/1554
f 1554/1554/1554 1550/1550/1550 1325/1325/1325
f 1556/1556/1556 1557/1557/1557 1558/1558/1558
f 1558/1558/1558 1559/1559/1559 1556/1556/1556
f 1560/1560/1560 1561/1561/1561 1557/1557/1557
f 1557/1557/1557 1556/1556/1556 1560/1560/1560
f 1556/1556/1556 1562/1562/1562 1563/1563/1563
f 1563/1563/1563 1560/1560/1560 1556/1556/1556
f 1559/1559/1559 1564/1564/1564 1562/1562/1562
f 1562/1562/1562 1556/1556/1556 1559/1559/1559
f 1565/1565/1565 1566/1566/1566 1350/1350/1350
f 1350/1350/1350 1349/1349/1349 1565/1565/1565
f 1567/1567/1567 1568/1568/1568 1566/1566/1566
f 1566/1566/1566 1565/1565/1565 1567/1567/1567
f 1565/1565/1565 1569/1569/1569 1570/1570/1570
f 1570/1570/1570 1567/1567/1567 1565/1565/1565
f 1349/1349/1349 1352/1352/1352 1569/1569/1569
f 1569/1569/1569 1565/1565/1565 1349/1349/1349
f 1571/1571/1571 1572/1572/1572 1353/1353/1353
f 1353/1353/1353 1348/1348/1348 1571/1571/1571
f 1573/1573/1573 1574/1574/1574 1572/1572/1572
f 1572/1572/1572 1571/1571/1571 1573/1573/1573
f 1571/1571/1571 1575/1575/1575 1576/1576/1576
f 1576/1576/1576 1573/1573/1573 1571/1571/1571
f 1348/1348/1348 1347/1347/1347 1575/1575/1575
f 1575/1575/1575 1571/1571/1571 1348/1348/1348
f 1577/1577/1577 1578/1578/1578 1359/1359/1359
f 1359/1359/1359 1358/1358/1358 1577/1577/1577
f 1579/1579/1579 1580/1580/1580 1578/1578/1578
f 1578/1578/1578 1577/1577/1577 1579/1579/1579
f 1577/1577/1577 1581/1581/1581 1582/1582/1582
f 1582/1582/1582 1579/1579/1579 1577/1577/1577
f 1358/1358/1358 1361/1361/1361 1581/1581/1581
f 1581/1581/1581 1577/1577/1577 1358/1358/1358
f 1583/1583/1583 1584/1584/1584 1362/1362/1362
f 1362/1362/1362 1357/1357/1357 1583/1583/1583
f 1585/1585/1585 1586/1586/1586 1584/1584/1584
f 1584/1584/1584 1583/1583/1583 1585/1585/1585
f 1583/1583/1583 1544/1544/1544 1547/1547/1547
f 1547/1547/1547 1585/1585/1585 1583/1583/1583
f 1357/1357/1357 1356/1356/1356 1544/1544/1544
f 1544/1544/1544 1583/1583/1583 1357/1357/1357
f 1587/1587/1587 1588/1588/1588 1374/1374/1374
f 1374/1374/1374 1373/1373/1373 1587/1587/1587
f 1589/1589/1589 1590/1590/1590 1588/1588/1588
f 1588/1588/1588 1587/1587/1587 1589/1589/1589
f 1587/1587/1587 1591/1591/1591 1592/1592/1592
f 1592/1592/1592 1589/1589/1589 1587/1587/1587
f 1373/1373/1373 1376/1376/1376 1591/1591/1591
f 1591/1591/1591 1587/1587/1587 1373/1373/1373
f 1593/1593/1593 1535/1535/1535 1275/1275/1275
f 1275/1275/1275 1594/1594/1594 1593/1593/1593
f 1595/1595/1595 1536/1536/1536 1535/1535/1535
f 1535/1535/1535 1593/1593/1593 1595/1595/1595
f 1593/1593/1593 1596/1596/1596 1597/1597/1597
f 1597/1597/1597 1595/1595/1595 1593/1593/1593
f 1594/1594/1594 1377/1377/1377 1596/1596/1596
f 1596/1596/1596 1593/1593/1593 1594/1594/1594
f 1598/1598/1598 1529/1529/1529 1280/1280/1280
f 1280/1280/1280 1380/1380/1380 1598/1598/1598
f 1599/1599/1599 1530/1530/1530 1529/1529/1529
f 1529/1529/1529 1598/1598/1598 1599/1599/1599
f 1598/1598/1598 1566/1566/1566 1568/1568/1568
f 1568/1568/1568 1599/1599/1599 1598/1598/1598
f 1380/1380/1380 1350/1350/1350 1566/1566/1566
f 1566/1566/1566 1598/1598/1598 1380/1380/1380
f 1600/1600/1600 1575/1575/1575 1347/1347/1347
f 1347/1347/1347 1379/1379/1379 1600/1600/1600
f 1601/1601/1601 1576/1576/1576 1575/1575/1575
f 1575/1575/1575 1600/1600/1600 1601/1601/1601
f 1600/1600/1600 1532/1532/1532 1534/1534/1534
f 1534/1534/1534 1601/1601/1601 1600/1600/1600
f 1379/1379/1379 1281/1281/1281 1532/1532/1532
f 1532/1532/1532 1600/1600/1600 1379/1379/1379
f 1602/1602/1602 1603/1603/1603 1386/1386/1386
f 1386/1386/1386 1385/1385/1385 1602/1602/1602
f 1604/1604/1604 1605/1605/1605 1603/1603/1603
f 1603/1603/1603 1602/1602/1602 1604/1604/1604
f 1602/1602/1602 1606/1606/1606 1607/1607/1607
f 1607/1607/1607 1604/1604/1604 1602/1602/1602
f 1385/1385/1385 1388/1388/1388 1606/1606/1606
f 1606/1606/1606 1602/1602/1602 1385/1385/1385
f 1608/1608/1608 1509/1509/1509 1265/1265/1265
f 1265/1265/1265 1609/1609/1609 1608/1608/1608
f 1610/1610/1610 1510/1510/1510 1509/1509/1509
f 1509/1509/1509 1608/1608/1608 1610/1610/1610
f 1608/1608/1608 1611/1611/1611 1612/1612/1612
f 1612/1612/1612 1610/1610/1610 1608/1608/1608
f 1609/1609/1609 1389/1389/1389 1611/1611/1611
f 1611/1611/1611 1608/1608/1608 1609/1609/1609
f 1613/1613/1613 1614/1614/1614 1395/1395/1395
f 1395/1395/1395 1394/1394/1394 1613/1613/1613
f 1615/1615/1615 1616/1616/1616 1614/1614/1614
f 1614/1614/1614 1613/1613/1613 1615/1615/1615
f 1613/1613/1613 1518/1518/1518 1520/1520/1520
f 1520/1520/1520 1615/1615/1615 1613/1613/1613
f 1394/1394/1394 1272/1272/1272 1518/1518/1518
f 1518/1518/1518 1613/1613/1613 1394/1394/1394
f 1617/1617/1617 1523/1523/1523 1269/1269/1269
f 1269/1269/1269 1393/1393/1393 1617/1617/1617
f 1618/1618/1618 1524/1524/1524 1523/1523/1523
f 1523/1523/1523 1617/1617/1617 1618/1618/1618
f 1617/1617/1617 1619/1619/1619 1620/1620/1620
f 1620/1620/1620 1618/1618/1618 1617/1617/1617
f 1393/1393/1393 1392/1392/1392 1619/1619/1619
f 1619/1619/1619 1617/1617/1617 1393/1393/1393
f 1621/1621/1621 1569/1569/1569 1352/1352/1352
f 1352/1352/1352 1490/1490/1490 1621/1621/1621
f 1622/1622/1622 1570/1570/1570 1569/1569/1569
f 1569/1569/1569 1621/1621/1621 1622/1622/1622
f 1621/1621/1621 391/391/391 390/390/390
f 390/390/390 1622/1622/1622 1621/1621/1621
f 1490/1490/1490 243/243/243 391/391/391
f 391/391/391 1621/1621/1621 1490/1490/1490
f 1623/1623/1623 393/393/393 245/245/245
f 245/245/245 1489/1489/1489 1623/1623/1623
f 1624/1624/1624 395/395/395 393/393/393
f 393/393/393 1623/1623/1623 1624/1624/1624
f 1623/1623/1623 1572/1572/1572 1574/1574/1574
f 1574/1574/1574 1624/1624/1624 1623/1623/1623
f 1489/1489/1489 1353/1353/1353 1572/1572/1572
f 1572/1572/1572 1623/1623/1623 1489/1489/1489
f 1625/1625/1625 1581/1581/1581 1361/1361/1361
f 1361/1361/1361 1493/1493/1493 1625/1625/1625
f 1626/1626/1626 1582/1582/1582 1581/1581/1581
f 1581/1581/1581 1625/1625/1625 1626/1626/1626
f 1625/1625/1625 399/399/399 398/398/398
f 398/398/398 1626/1626/1626 1625/1625/1625
f 1493/1493/1493 249/249/249 399/399/399
f 399/399/399 1625/1625/1625 1493/1493/1493
f 1627/1627/1627 401/401/401 251/251/251
f 251/251/251 1492/1492/1492 1627/1627/1627
f 1628/1628/1628 403/403/403 401/401/401
f 401/401/401 1627/1627/1627 1628/1628/1628
f 1627/1627/1627 1584/1584/1584 1586/1586/1586
f 1586/1586/1586 1628/1628/1628 1627/1627/1627
f 1492/1492/1492 1362/1362/1362 1584/1584/1584
f 1584/1584/1584 1627/1627/1627 1492/1492/1492
f 1629/1629/1629 405/405/405 40/40/40
f 40/40/40 1295/1295/1295 1629/1629/1629
f 1331/1331/1331 84/84/84 405/405/405
f 405/405/405 1629/1629/1629 1331/1331/1331
f 1629/1629/1629 1432/1432/1432 1332/1332/1332
f 1332/1332/1332 1331/1331/1331 1629/1629/1629
f 1295/1295/1295 1296/1296/1296 1432/1432/1432
f 1432/1432/1432 1629/1629/1629 1295/1295/1295
f 1630/1630/1630 1631/1631/1631 1388/1388/1388
f 1388/1388/1388 1387/1387/1387 1630/1630/1630
f 1264/1264/1264 1266/1266/1266 1631/1631/1631
f 1631/1631/1631 1630/1630/1630 1264/1264/1264
f 1630/1630/1630 1609/1609/1609 1265/1265/1265
f 1265/1265/1265 1264/1264/1264 1630/1630/1630
f 1387/1387/1387 1389/1389/1389 1609/1609/1609
f 1609/1609/1609 1630/1630/1630 1387/1387/1387
f 1632/1632/1632 1633/1633/1633 1634/1634/1634
f 1634/1634/1634 1635/1635/1635 1632/1632/1632
f 1636/1636/1636 1637/1637/1637 1633/1633/1633
f 1633/1633/1633 1632/1632/1632 1636/1636/1636
f 1632/1632/1632 1638/1638/1638 1639/1639/1639
f 1639/1639/1639 1636/1636/1636 1632/1632/1632
f 1635/1635/1635 1419/1419/1419 1638/1638/1638
f 1638/1638/1638 1632/1632/1632 1635/1635/1635
f 1640/1640/1640 1641/1641/1641 1421/1421/1421
f 1421/1421/1421 1422/1422/1422 1640/1640/1640
f 1642/1642/1642 1643/1643/1643 1641/1641/1641
f 1641/1641/1641 1640/1640/1640 1642/1642/1642
f 1640/1640/1640 1644/1644/1644 1645/1645/1645
f 1645/1645/1645 1642/1642/1642 1640/1640/1640
f 1422/1422/1422 1425/1425/1425 1644/1644/1644
f 1644/1644/1644 1640/1640/1640 1422/1422/1422
f 1646/1646/1646 1644/1644/1644 1425/1425/1425
f 1425/1425/1425 1426/1426/1426 1646/1646/1646
f 1647/1647/1647 1645/1645/1645 1644/1644/1644
f 1644/1644/1644 1646/1646/1646 1647/1647/1647
f 1646/1646/1646 1648/1648/1648 1649/1649/1649
f 1649/1649/1649 1647/1647/1647 1646/1646/1646
f 1426/1426/1426 1429/1429/1429 1648/1648/1648
f 1648/1648/1648 1646/1646/1646 1426/1426/1426
f 1650/1650/1650 1648/1648/1648 1429/1429/1429
f 1429/1429/1429 1430/1430/1430 1650/1650/1650
f 1651/1651/1651 1649/1649/1649 1648/1648/1648
f 1648/1648/1648 1650/1650/1650 1651/1651/1651
f 1650/1650/1650 1294/1294/1294 1293/1293/1293
f 1293/1293/1293 1651/1651/1651 1650/1650/1650
f 1430/1430/1430 1296/1296/1296 1294/1294/1294
f 1294/1294/1294 1650/1650/1650 1430/1430/1430
f 1652/1652/1652 1496/1496/1496 1469/1469/1469
f 1469/1469/1469 1468/1468/1468 1652/1652/1652
f 1653/1653/1653 1497/1497/1497 1496/1496/1496
f 1496/1496/1496 1652/1652/1652 1653/1653/1653
f 1652/1652/1652 1654/1654/1654 1655/1655/1655
f 1655/1655/1655 1653/1653/1653 1652/1652/1652
f 1468/1468/1468 1471/1471/1471 1654/1654/1654
f 1654/1654/1654 1652/1652/1652 1468/1468/1468
f 1656/1656/1656 1654/1654/1654 1471/1471/1471
f 1471/1471/1471 1472/1472/1472 1656/1656/1656
f 1657/1657/1657 1655/1655/1655 1654/1654/1654
f 1654/1654/1654 1656/1656/1656 1657/1657/1657
f 1656/1656/1656 1658/1658/1658 1659/1659/1659
f 1659/1659/1659 1657/1657/1657 1656/1656/1656
f 1472/1472/1472 1475/1475/1475 1658/1658/1658
f 1658/1658/1658 1656/1656/1656 1472/1472/1472
f 1660/1660/1660 1658/1658/1658 1475/1475/1475
f 1475/1475/1475 1476/1476/1476 1660/1660/1660
f 1661/1661/1661 1659/1659/1659 1658/1658/1658
f 1658/1658/1658 1660/1660/1660 1661/1661/1661
f 1660/1660/1660 1662/1662/1662 1663/1663/1663
f 1663/1663/1663 1661/1661/1661 1660/1660/1660
f 1476/1476/1476 1479/1479/1479 1662/1662/1662
f 1662/1662/1662 1660/1660/1660 1476/1476/1476
f 1664/1664/1664 1662/1662/1662 1479/1479/1479
f 1479/1479/1479 1480/1480/1480 1664/1664/1664
f 1665/1665/1665 1663/1663/1663 1662/1662/1662
f 1662/1662/1662 1664/1664/1664 1665/1665/1665
f 1664/1664/1664 1666/1666/1666 1667/1667/1667
f 1667/1667/1667 1665/1665/1665 1664/1664/1664
f 1480/1480/1480 1483/1483/1483 1666/1666/1666
f 1666/1666/1666 1664/1664/1664 1480/1480/1480
f 1668/1668/1668 1466/1466/1466 1469/1469/1469
f 1469/1469/1469 1498/1498/1498 1668/1668/1668
f 1503/1503/1503 1465/1465/1465 1466/1466/1466
f 1466/1466/1466 1668/1668/1668 1503/1503/1503
f 1668/1668/1668 445/445/445 268/268/268
f 268/268/268 1503/1503/1503 1668/1668/1668
f 1498/1498/1498 259/259/259 445/445/445
f 445/445/445 1668/1668/1668 1498/1498/1498
f 1669/1669/1669 1670/1670/1670 1607/1607/1607
f 1607/1607/1607 1606/1606/1606 1669/1669/1669
f 1512/1512/1512 1514/1514/1514 1670/1670/1670
f 1670/1670/1670 1669/1669/1669 1512/1512/1512
f 1669/1669/1669 1631/1631/1631 1266/1266/1266
f 1266/1266/1266 1512/1512/1512 1669/1669/1669
f 1606/1606/1606 1388/1388/1388 1631/1631/1631
f 1631/1631/1631 1669/1669/1669 1606/1606/1606
f 1671/1671/1671 1672/1672/1672 1612/1612/1612
f 1612/1612/1612 1611/1611/1611 1671/1671/1671
f 1673/1673/1673 1674/1674/1674 1672/1672/1672
f 1672/1672/1672 1671/1671/1671 1673/1673/1673
f 1671/1671/1671 1384/1384/1384 1383/1383/1383
f 1383/1383/1383 1673/1673/1673 1671/1671/1671
f 1611/1611/1611 1389/1389/1389 1384/1384/1384
f 1384/1384/1384 1671/1671/1671 1611/1611/1611
f 1675/1675/1675 1676/1676/1676 1289/1289/1289
f 1289/1289/1289 1288/1288/1288 1675/1675/1675
f 1355/1355/1355 1359/1359/1359 1676/1676/1676
f 1676/1676/1676 1675/1675/1675 1355/1355/1355
f 1675/1675/1675 1545/1545/1545 1356/1356/1356
f 1356/1356/1356 1355/1355/1355 1675/1675/1675
f 1288/1288/1288 1290/1290/1290 1545/1545/1545
f 1545/1545/1545 1675/1675/1675 1288/1288/1288
f 1677/1677/1677 1678/1678/1678 1308/1308/1308
f 1308/1308/1308 1307/1307/1307 1677/1677/1677
f 1679/1679/1679 1680/1680/1680 1678/1678/1678
f 1678/1678/1678 1677/1677/1677 1679/1679/1679
f 1677/1677/1677 1681/1681/1681 1682/1682/1682
f 1682/1682/1682 1679/1679/1679 1677/1677/1677
f 1307/1307/1307 1310/1310/1310 1681/1681/1681
f 1681/1681/1681 1677/1677/1677 1307/1307/1307
f 1683/1683/1683 1684/1684/1684 1685/1685/1685
f 1685/1685/1685 1686/1686/1686 1683/1683/1683
f 1687/1687/1687 1688/1688/1688 1684/1684/1684
f 1684/1684/1684 1683/1683/1683 1687/1687/1687
f 1683/1683/1683 1689/1689/1689 1690/1690/1690
f 1690/1690/1690 1687/1687/1687 1683/1683/1683
f 1686/1686/1686 1691/1691/1691 1689/1689/1689
f 1689/1689/1689 1683/1683/1683 1686/1686/1686
f 1692/1692/1692 1693/1693/1693 1376/1376/1376
f 1376/1376/1376 1375/1375/1375 1692/1692/1692
f 1274/1274/1274 1278/1278/1278 1693/1693/1693
f 1693/1693/1693 1692/1692/1692 1274/1274/1274
f 1692/1692/1692 1594/1594/1594 1275/1275/1275
f 1275/1275/1275 1274/1274/1274 1692/1692/1692
f 1375/1375/1375 1377/1377/1377 1594/1594/1594
f 1594/1594/1594 1692/1692/1692 1375/1375/1375
f 1694/1694/1694 1695/1695/1695 1405/1405/1405
f 1405/1405/1405 1404/1404/1404 1694/1694/1694
f 1696/1696/1696 1697/1697/1697 1695/1695/1695
f 1695/1695/1695 1694/1694/1694 1696/1696/1696
f 1694/1694/1694 1698/1698/1698 1699/1699/1699
f 1699/1699/1699 1696/1696/1696 1694/1694/1694
f 1404/1404/1404 1407/1407/1407 1698/1698/1698
f 1698/1698/1698 1694/1694/1694 1404/1404/1404
f 1700/1700/1700 1698/1698/1698 1407/1407/1407
f 1407/1407/1407 1408/1408/1408 1700/1700/1700
f 1701/1701/1701 1699/1699/1699 1698/1698/1698
f 1698/1698/1698 1700/1700/1700 1701/1701/1701
f 1700/1700/1700 1702/1702/1702 1703/1703/1703
f 1703/1703/1703 1701/1701/1701 1700/1700/1700
f 1408/1408/1408 1411/1411/1411 1702/1702/1702
f 1702/1702/1702 1700/1700/1700 1408/1408/1408
f 1704/1704/1704 1702/1702/1702 1411/1411/1411
f 1411/1411/1411 1412/1412/1412 1704/1704/1704
f 1705/1705/1705 1703/1703/1703 1702/1702/1702
f 1702/1702/1702 1704/1704/1704 1705/1705/1705
f 1704/1704/1704 1706/1706/1706 1707/1707/1707
f 1707/1707/1707 1705/1705/1705 1704/1704/1704
f 1412/1412/1412 1415/1415/1415 1706/1706/1706
f 1706/1706/1706 1704/1704/1704 1412/1412/1412
f 1708/1708/1708 1706/1706/1706 1415/1415/1415
f 1415/1415/1415 1416/1416/1416 1708/1708/1708
f 1709/1709/1709 1707/1707/1707 1706/1706/1706
f 1706/1706/1706 1708/1708/1708 1709/1709/1709
f 1708/1708/1708 1635/1635/1635 1634/1634/1634
f 1634/1634/1634 1709/1709/1709 1708/1708/1708
f 1416/1416/1416 1419/1419/1419 1635/1635/1635
f 1635/1635/1635 1708/1708/1708 1416/1416/1416
f 1710/1710/1710 1711/1711/1711 1441/1441/1441
f 1441/1441/1441 1440/1440/1440 1710/1710/1710
f 1712/1712/1712 1713/1713/1713 1711/1711/1711
f 1711/1711/1711 1710/1710/1710 1712/1712/1712
f 1710/1710/1710 1714/1714/1714 1715/1715/1715
f 1715/1715/1715 1712/1712/1712 1710/1710/1710
f 1440/1440/1440 1445/1445/1445 1714/1714/1714
f 1714/1714/1714 1710/1710/1710 1440/1440/1440
f 1716/1716/1716 1714/1714/1714 1445/1445/1445
f 1445/1445/1445 1446/1446/1446 1716/1716/1716
f 1717/1717/1717 1715/1715/1715 1714/1714/1714
f 1714/1714/1714 1716/1716/1716 1717/1717/1717
f 1716/1716/1716 1718/1718/1718 1719/1719/1719
f 1719/1719/1719 1717/1717/1717 1716/1716/1716
f 1446/1446/1446 1449/1449/1449 1718/1718/1718
f 1718/1718/1718 1716/1716/1716 1446/1446/1446
f 1720/1720/1720 1721/1721/1721 1483/1483/1483
f 1483/1483/1483 1482/1482/1482 1720/1720/1720
f 1722/1722/1722 1723/1723/1723 1721/1721/1721
f 1721/1721/1721 1720/1720/1720 1722/1722/1722
f 1720/1720/1720 1724/1724/1724 1725/1725/1725
f 1725/1725/1725 1722/1722/1722 1720/1720/1720
f 1482/1482/1482 1485/1485/1485 1724/1724/1724
f 1724/1724/1724 1720/1720/1720 1482/1482/1482
f 1726/1726/1726 1724/1724/1724 1485/1485/1485
f 1485/1485/1485 1486/1486/1486 1726/1726/1726
f 1727/1727/1727 1725/1725/1725 1724/1724/1724
f 1724/1724/1724 1726/1726/1726 1727/1727/1727
f 1726/1726/1726 1711/1711/1711 1713/1713/1713
f 1713/1713/1713 1727/1727/1727 1726/1726/1726
f 1486/1486/1486 1441/1441/1441 1711/1711/1711
f 1711/1711/1711 1726/1726/1726 1486/1486/1486
f 1728/1728/1728 1729/1729/1729 1542/1542/1542
f 1542/1542/1542 1541/1541/1541 1728/1728/1728
f 1578/1578/1578 1580/1580/1580 1729/1729/1729
f 1729/1729/1729 1728/1728/1728 1578/1578/1578
f 1728/1728/1728 1676/1676/1676 1359/1359/1359
f 1359/1359/1359 1578/1578/1578 1728/1728/1728
f 1541/1541/1541 1289/1289/1289 1676/1676/1676
f 1676/1676/1676 1728/1728/1728 1541/1541/1541
f 1730/1730/1730 1731/1731/1731 1549/1549/1549
f 1549/1549/1549 1548/1548/1548 1730/1730/1730
f 1732/1732/1732 1733/1733/1733 1731/1731/1731
f 1731/1731/1731 1730/1730/1730 1732/1732/1732
f 1730/1730/1730 1285/1285/1285 1284/1284/1284
f 1284/1284/1284 1732/1732/1732 1730/1730/1730
f 1548/1548/1548 1290/1290/1290 1285/1285/1285
f 1285/1285/1285 1730/1730/1730 1548/1548/1548
f 1734/1734/1734 1735/1735/1735 1592/1592/1592
f 1592/1592/1592 1591/1591/1591 1734/1734/1734
f 1526/1526/1526 1528/1528/1528 1735/1735/1735
f 1735/1735/1735 1734/1734/1734 1526/1526/1526
f 1734/1734/1734 1693/1693/1693 1278/1278/1278
f 1278/1278/1278 1526/1526/1526 1734/1734/1734
f 1591/1591/1591 1376/1376/1376 1693/1693/1693
f 1693/1693/1693 1734/1734/1734 1591/1591/1591
f 1736/1736/1736 1737/1737/1737 1597/1597/1597
f 1597/1597/1597 1596/1596/1596 1736/1736/1736
f 1738/1738/1738 1739/1739/1739 1737/1737/1737
f 1737/1737/1737 1736/1736/1736 1738/1738/1738
f 1736/1736/1736 1372/1372/1372 1371/1371/1371
f 1371/1371/1371 1738/1738/1738 1736/1736/1736
f 1596/1596/1596 1377/1377/1377 1372/1372/1372
f 1372/1372/1372 1736/1736/1736 1596/1596/1596
f 1740/1740/1740 1741/1741/1741 1639/1639/1639
f 1639/1639/1639 1638/1638/1638 1740/1740/1740
f 1641/1641/1641 1643/1643/1643 1741/1741/1741
f 1741/1741/1741 1740/1740/1740 1641/1641/1641
f 1740/1740/1740 1418/1418/1418 1421/1421/1421
f 1421/1421/1421 1641/1641/1641 1740/1740/1740
f 1638/1638/1638 1419/1419/1419 1418/1418/1418
f 1418/1418/1418 1740/1740/1740 1638/1638/1638
f 1742/1742/1742 1743/1743/1743 1667/1667/1667
f 1667/1667/1667 1666/1666/1666 1742/1742/1742
f 1744/1744/1744 1745/1745/1745 1743/1743/1743
f 1743/1743/1743 1742/1742/1742 1744/1744/1744
f 1742/1742/1742 1721/1721/1721 1723/1723/1723
f 1723/1723/1723 1744/1744/1744 1742/1742/1742
f 1666/1666/1666 1483/1483/1483 1721/1721/1721
f 1721/1721/1721 1742/1742/1742 1666/1666/1666
f 1746/1746/1746 526/526/526 525/525/525
f 525/525/525 1747/1747/1747 1746/1746/1746
f 1748/1748/1748 528/528/528 526/526/526
f 526/526/526 1746/1746/1746 1748/1748/1748
f 1746/1746/1746 1342/1342/1342 1344/1344/1344
f 1344/1344/1344 1748/1748/1748 1746/1746/1746
f 1747/1747/1747 1343/1343/1343 1342/1342/1342
f 1342/1342/1342 1746/1746/1746 1747/1747/1747
f 1749/1749/1749 1750/1750/1750 1751/1751/1751
f 1751/1751/1751 1752/1752/1752 1749/1749/1749
f 1753/1753/1753 1754/1754/1754 1750/1750/1750
f 1750/1750/1750 1749/1749/1749 1753/1753/1753
f 1749/1749/1749 1755/1755/1755 1756/1756/1756
f 1756/1756/1756 1753/1753/1753 1749/1749/1749
f 1752/1752/1752 1757/1757/1757 1755/1755/1755
f 1755/1755/1755 1749/1749/1749 1752/1752/1752
f 1758/1758/1758 1759/1759/1759 1760/1760/1760
f 1760/1760/1760 1761/1761/1761 1758/1758/1758
f 1762/1762/1762 1763/1763/1763 1759/1759/1759
f 1759/1759/1759 1758/1758/1758 1762/1762/1762
f 1758/1758/1758 1686/1686/1686 1685/1685/1685
f 1685/1685/1685 1762/1762/1762 1758/1758/1758
f 1761/1761/1761 1691/1691/1691 1686/1686/1686
f 1686/1686/1686 1758/1758/1758 1761/1761/1761
f 1764/1764/1764 1765/1765/1765 1766/1766/1766
f 1766/1766/1766 1767/1767/1767 1764/1764/1764
f 1768/1768/1768 1769/1769/1769 1765/1765/1765
f 1765/1765/1765 1764/1764/1764 1768/1768/1768
f 1764/1764/1764 1562/1562/1562 1564/1564/1564
f 1564/1564/1564 1768/1768/1768 1764/1764/1764
f 1767/1767/1767 1563/1563/1563 1562/1562/1562
f 1562/1562/1562 1764/1764/1764 1767/1767/1767
f 1770/1770/1770 1687/1687/1687 1690/1690/1690
f 1690/1690/1690 1771/1771/1771 1770/1770/1770
f 1772/1772/1772 1688/1688/1688 1687/1687/1687
f 1687/1687/1687 1770/1770/1770 1772/1772/1772
f 1770/1770/1770 1300/1300/1300 1299/1299/1299
f 1299/1299/1299 1772/1772/1772 1770/1770/1770
f 1771/1771/1771 1302/1302/1302 1300/1300/1300
f 1300/1300/1300 1770/1770/1770 1771/1771/1771
f 1773/1773/1773 1755/1755/1755 1757/1757/1757
f 1757/1757/1757 1774/1774/1774 1773/1773/1773
f 1775/1775/1775 1756/1756/1756 1755/1755/1755
f 1755/1755/1755 1773/1773/1773 1775/1775/1775
f 1773/1773/1773 1776/1776/1776 1777/1777/1777
f 1777/1777/1777 1775/1775/1775 1773/1773/1773
f 1774/1774/1774 1778/1778/1778 1776/1776/1776
f 1776/1776/1776 1773/1773/1773 1774/1774/1774
f 1779/1779/1779 1776/1776/1776 1778/1778/1778
f 1778/1778/1778 1780/1780/1780 1779/1779/1779
f 1781/1781/1781 1777/1777/1777 1776/1776/1776
f 1776/1776/1776 1779/1779/1779 1781/1781/1781
f 1779/1779/1779 563/563/563 562/562/562
f 562/562/562 1781/1781/1781 1779/1779/1779
f 1780/1780/1780 564/564/564 563/563/563
f 563/563/563 1779/1779/1779 1780/1780/1780
f 1782/1782/1782 1783/1783/1783 1784/1784/1784
f 1784/1784/1784 1785/1785/1785 1782/1782/1782
f 1786/1786/1786 1787/1787/1787 1783/1783/1783
f 1783/1783/1783 1782/1782/1782 1786/1786/1786
f 1782/1782/1782 1765/1765/1765 1769/1769/1769
f 1769/1769/1769 1786/1786/1786 1782/1782/1782
f 1785/1785/1785 1766/1766/1766 1765/1765/1765
f 1765/1765/1765 1782/1782/1782 1785/1785/1785
f 1788/1788/1788 1789/1789/1789 1790/1790/1790
f 1790/1790/1790 1791/1791/1791 1788/1788/1788
f 1792/1792/1792 1793/1793/1793 1789/1789/1789
f 1789/1789/1789 1788/1788/1788 1792/1792/1792
f 1788/1788/1788 1324/1324/1324 1323/1323/1323
f 1323/1323/1323 1792/1792/1792 1788/1788/1788
f 1791/1791/1791 1329/1329/1329 1324/1324/1324
f 1324/1324/1324 1788/1788/1788 1791/1791/1791
f 1794/1794/1794 1795/1795/1795 1796/1796/1796
f 1796/1796/1796 1797/1797/1797 1794/1794/1794
f 1798/1798/1798 1799/1799/1799 1795/1795/1795
f 1795/1795/1795 1794/1794/1794 1798/1798/1798
f 1794/1794/1794 1750/1750/1750 1754/1754/1754
f 1754/1754/1754 1798/1798/1798 1794/1794/1794
f 1797/1797/1797 1751/1751/1751 1750/1750/1750
f 1750/1750/1750 1794/1794/1794 1797/1797/1797
f 1800/1800/1800 1337/1337/1337 1341/1341/1341
f 1341/1341/1341 1801/1801/1801 1800/1800/1800
f 1802/1802/1802 1338/1338/1338 1337/1337/1337
f 1337/1337/1337 1800/1800/1800 1802/1802/1802
f 1800/1800/1800 1318/1318/1318 1320/1320/1320
f 1320/1320/1320 1802/1802/1802 1800/1800/1800
f 1801/1801/1801 1319/1319/1319 1318/1318/1318
f 1318/1318/1318 1800/1800/1800 1801/1801/1801
f 1803/1803/1803 1804/1804/1804 1317/1317/1317
f 1317/1317/1317 1316/1316/1316 1803/1803/1803
f 1761/1761/1761 1760/1760/1760 1804/1804/1804
f 1804/1804/1804 1803/1803/1803 1761/1761/1761
f 1803/1803/1803 1805/1805/1805 1691/1691/1691
f 1691/1691/1691 1761/1761/1761 1803/1803/1803
f 1316/1316/1316 1319/1319/1319 1805/1805/1805
f 1805/1805/1805 1803/1803/1803 1316/1316/1316
f 1806/1806/1806 1807/1807/1807 1320/1320/1320
f 1320/1320/1320 1315/1315/1315 1806/1806/1806
f 1718/1718/1718 1449/1449/1449 1807/1807/1807
f 1807/1807/1807 1806/1806/1806 1718/1718/1718
f 1806/1806/1806 1808/1808/1808 1719/1719/1719
f 1719/1719/1719 1718/1718/1718 1806/1806/1806
f 1315/1315/1315 1314/1314/1314 1808/1808/1808
f 1808/1808/1808 1806/1806/1806 1315/1315/1315
f 1809/1809/1809 1810/1810/1810 1341/1341/1341
f 1341/1341/1341 1340/1340/1340 1809/1809/1809
f 1771/1771/1771 1690/1690/1690 1810/1810/1810
f 1810/1810/1810 1809/1809/1809 1771/1771/1771
f 1809/1809/1809 1811/1811/1811 1302/1302/1302
f 1302/1302/1302 1771/1771/1771 1809/1809/1809
f 1340/1340/1340 1343/1343/1343 1811/1811/1811
f 1811/1811/1811 1809/1809/1809 1340/1340/1340
f 1812/1812/1812 1813/1813/1813 1344/1344/1344
f 1344/1344/1344 1339/1339/1339 1812/1812/1812
f 1460/1460/1460 1463/1463/1463 1813/1813/1813
f 1813/1813/1813 1812/1812/1812 1460/1460/1460
f 1812/1812/1812 1456/1456/1456 1459/1459/1459
f 1459/1459/1459 1460/1460/1460 1812/1812/1812
f 1814/1814/1814 1455/1455/1455 1456/1456/1456
f 1456/1456/1456 1812/1812/1812 1814/1814/1814
f 1812/1812/1812 1339/1339/1339 1338/1338/1338
f 1338/1338/1338 1814/1814/1814 1812/1812/1812
f 1815/1815/1815 1816/1816/1816 1561/1561/1561
f 1561/1561/1561 1560/1560/1560 1815/1815/1815
f 1791/1791/1791 1790/1790/1790 1816/1816/1816
f 1816/1816/1816 1815/1815/1815 1791/1791/1791
f 1815/1815/1815 1817/1817/1817 1329/1329/1329
f 1329/1329/1329 1791/1791/1791 1815/1815/1815
f 1560/1560/1560 1563/1563/1563 1817/1817/1817
f 1817/1817/1817 1815/1815/1815 1560/1560/1560
f 1818/1818/1818 1819/1819/1819 1564/1564/1564
f 1564/1564/1564 1559/1559/1559 1818/1818/1818
f 1619/1619/1619 1392/1392/1392 1819/1819/1819
f 1819/1819/1819 1818/1818/1818 1619/1619/1619
f 1818/1818/1818 1820/1820/1820 1620/1620/1620
f 1620/1620/1620 1619/1619/1619 1818/1818/1818
f 1559/1559/1559 1558/1558/1558 1820/1820/1820
f 1820/1820/1820 1818/1818/1818 1559/1559/1559
f 1821/1821/1821 605/605/605 528/528/528
f 528/528/528 1748/1748/1748 1821/1821/1821
f 1504/1504/1504 271/271/271 605/605/605
f 605/605/605 1821/1821/1821 1504/1504/1504
f 1821/1821/1821 1813/1813/1813 1463/1463/1463
f 1463/1463/1463 1504/1504/1504 1821/1821/1821
f 1748/1748/1748 1344/1344/1344 1813/1813/1813
f 1813/1813/1813 1821/1821/1821 1748/1748/1748
f 1822/1822/1822 1811/1811/1811 1343/1343/1343
f 1343/1343/1343 1747/1747/1747 1822/1822/1822
f 1301/1301/1301 1302/1302/1302 1811/1811/1811
f 1811/1811/1811 1822/1822/1822 1301/1301/1301
f 1822/1822/1822 607/607/607 49/49/49
f 49/49/49 1301/1301/1301 1822/1822/1822
f 1747/1747/1747 525/525/525 607/607/607
f 607/607/607 1822/1822/1822 1747/1747/1747
f 1823/1823/1823 1824/1824/1824 1754/1754/1754
f 1754/1754/1754 1753/1753/1753 1823/1823/1823
f 1402/1402/1402 1405/1405/1405 1824/1824/1824
f 1824/1824/1824 1823/1823/1823 1402/1402/1402
f 1823/1823/1823 1396/1396/1396 1401/1401/1401
f 1401/1401/1401 1402/1402/1402 1823/1823/1823
f 1825/1825/1825 1397/1397/1397 1396/1396/1396
f 1396/1396/1396 1823/1823/1823 1825/1825/1825
f 1823/1823/1823 1753/1753/1753 1756/1756/1756
f 1756/1756/1756 1825/1825/1825 1823/1823/1823
f 1826/1826/1826 1827/1827/1827 1757/1757/1757
f 1757/1757/1757 1752/1752/1752 1826/1826/1826
f 1309/1309/1309 1311/1311/1311 1827/1827/1827
f 1827/1827/1827 1826/1826/1826 1309/1309/1309
f 1826/1826/1826 1828/1828/1828 1310/1310/1310
f 1310/1310/1310 1309/1309/1309 1826/1826/1826
f 1752/1752/1752 1751/1751/1751 1828/1828/1828
f 1828/1828/1828 1826/1826/1826 1752/1752/1752
f 1829/1829/1829 1830/1830/1830 1769/1769/1769
f 1769/1769/1769 1768/1768/1768 1829/1829/1829
f 1391/1391/1391 1395/1395/1395 1830/1830/1830
f 1830/1830/1830 1829/1829/1829 1391/1391/1391
f 1829/1829/1829 1819/1819/1819 1392/1392/1392
f 1392/1392/1392 1391/1391/1391 1829/1829/1829
f 1768/1768/1768 1564/1564/1564 1819/1819/1819
f 1819/1819/1819 1829/1829/1829 1768/1768/1768
f 1831/1831/1831 1817/1817/1817 1563/1563/1563
f 1563/1563/1563 1767/1767/1767 1831/1831/1831
f 1327/1327/1327 1329/1329/1329 1817/1817/1817
f 1817/1817/1817 1831/1831/1831 1327/1327/1327
f 1831/1831/1831 1832/1832/1832 1328/1328/1328
f 1328/1328/1328 1327/1327/1327 1831/1831/1831
f 1767/1767/1767 1766/1766/1766 1832/1832/1832
f 1832/1832/1832 1831/1831/1831 1767/1767/1767
f 1833/1833/1833 1825/1825/1825 1756/1756/1756
f 1756/1756/1756 1775/1775/1775 1833/1833/1833
f 1438/1438/1438 1397/1397/1397 1825/1825/1825
f 1825/1825/1825 1833/1833/1833 1438/1438/1438
f 1833/1833/1833 1435/1435/1435 1437/1437/1437
f 1437/1437/1437 1438/1438/1438 1833/1833/1833
f 1834/1834/1834 1335/1335/1335 1435/1435/1435
f 1435/1435/1435 1833/1833/1833 1834/1834/1834
f 1833/1833/1833 1775/1775/1775 1777/1777/1777
f 1777/1777/1777 1834/1834/1834 1833/1833/1833
f 1835/1835/1835 1836/1836/1836 1778/1778/1778
f 1778/1778/1778 1774/1774/1774 1835/1835/1835
f 1367/1367/1367 1368/1368/1368 1836/1836/1836
f 1836/1836/1836 1835/1835/1835 1367/1367/1367
f 1835/1835/1835 1827/1827/1827 1311/1311/1311
f 1311/1311/1311 1367/1367/1367 1835/1835/1835
f 1774/1774/1774 1757/1757/1757 1827/1827/1827
f 1827/1827/1827 1835/1835/1835 1774/1774/1774
f 1837/1837/1837 1834/1834/1834 1777/1777/1777
f 1777/1777/1777 1781/1781/1781 1837/1837/1837
f 1334/1334/1334 1335/1335/1335 1834/1834/1834
f 1834/1834/1834 1837/1837/1837 1334/1334/1334
f 1837/1837/1837 623/623/623 85/85/85
f 85/85/85 1334/1334/1334 1837/1837/1837
f 1781/1781/1781 562/562/562 623/623/623
f 623/623/623 1837/1837/1837 1781/1781/1781
f 1838/1838/1838 625/625/625 564/564/564
f 564/564/564 1780/1780/1780 1838/1838/1838
f 1501/1501/1501 265/265/265 625/625/625
f 625/625/625 1838/1838/1838 1501/1501/1501
f 1838/1838/1838 1836/1836/1836 1368/1368/1368
f 1368/1368/1368 1501/1501/1501 1838/1838/1838
f 1780/1780/1780 1778/1778/1778 1836/1836/1836
f 1836/1836/1836 1838/1838/1838 1780/1780/1780
f 1839/1839/1839 1840/1840/1840 1787/1787/1787
f 1787/1787/1787 1786/1786/1786 1839/1839/1839
f 1614/1614/1614 1616/1616/1616 1840/1840/1840
f 1840/1840/1840 1839/1839/1839 1614/1614/1614
f 1839/1839/1839 1830/1830/1830 1395/1395/1395
f 1395/1395/1395 1614/1614/1614 1839/1839/1839
f 1786/1786/1786 1769/1769/1769 1830/1830/1830
f 1830/1830/1830 1839/1839/1839 1786/1786/1786
f 1841/1841/1841 1832/1832/1832 1766/1766/1766
f 1766/1766/1766 1785/1785/1785 1841/1841/1841
f 1554/1554/1554 1328/1328/1328 1832/1832/1832
f 1832/1832/1832 1841/1841/1841 1554/1554/1554
f 1841/1841/1841 1842/1842/1842 1555/1555/1555
f 1555/1555/1555 1554/1554/1554 1841/1841/1841
f 1785/1785/1785 1784/1784/1784 1842/1842/1842
f 1842/1842/1842 1841/1841/1841 1785/1785/1785
f 1843/1843/1843 1844/1844/1844 1799/1799/1799
f 1799/1799/1799 1798/1798/1798 1843/1843/1843
f 1695/1695/1695 1697/1697/1697 1844/1844/1844
f 1844/1844/1844 1843/1843/1843 1695/1695/1695
f 1843/1843/1843 1824/1824/1824 1405/1405/1405
f 1405/1405/1405 1695/1695/1695 1843/1843/1843
f 1798/1798/1798 1754/1754/1754 1824/1824/1824
f 1824/1824/1824 1843/1843/1843 1798/1798/1798
f 1845/1845/1845 1828/1828/1828 1751/1751/1751
f 1751/1751/1751 1797/1797/1797 1845/1845/1845
f 1681/1681/1681 1310/1310/1310 1828/1828/1828
f 1828/1828/1828 1845/1845/1845 1681/1681/1681
f 1845/1845/1845 1846/1846/1846 1682/1682/1682
f 1682/1682/1682 1681/1681/1681 1845/1845/1845
f 1797/1797/1797 1796/1796/1796 1846/1846/1846
f 1846/1846/1846 1845/1845/1845 1797/1797/1797
f 1847/1847/1847 1814/1814/1814 1338/1338/1338
f 1338/1338/1338 1802/1802/1802 1847/1847/1847
f 1452/1452/1452 1455/1455/1455 1814/1814/1814
f 1814/1814/1814 1847/1847/1847 1452/1452/1452
f 1847/1847/1847 1448/1448/1448 1451/1451/1451
f 1451/1451/1451 1452/1452/1452 1847/1847/1847
f 1807/1807/1807 1449/1449/1449 1448/1448/1448
f 1448/1448/1448 1847/1847/1847 1807/1807/1807
f 1847/1847/1847 1802/1802/1802 1320/1320/1320
f 1320/1320/1320 1807/1807/1807 1847/1847/1847
f 1848/1848/1848 1805/1805/1805 1319/1319/1319
f 1319/1319/1319 1801/1801/1801 1848/1848/1848
f 1689/1689/1689 1691/1691/1691 1805/1805/1805
f 1805/1805/1805 1848/1848/1848 1689/1689/1689
f 1848/1848/1848 1810/1810/1810 1690/1690/1690
f 1690/1690/1690 1689/1689/1689 1848/1848/1848
f 1801/1801/1801 1341/1341/1341 1810/1810/1810
f 1810/1810/1810 1848/1848/1848 1801/1801/1801
f 1849/1849/1849 1850/1850/1850 1851/1851/1851
f 1851/1851/1851 1852/1852/1852 1849/1849/1849
f 1853/1853/1853 1854/1854/1854 1849/1849/1849
f 1849/1849/1849 1852/1852/1852 1853/1853/1853
f 1850/1850/1850 1849/1849/1849 1855/1855/1855
f 1855/1855/1855 1856/1856/1856 1850/1850/1850
f 1857/1857/1857 1856/1856/1856 1855/1855/1855
f 1855/1855/1855 1858/1858/1858 1857/1857/1857
f 1859/1859/1859 1858/1858/1858 1855/1855/1855
f 1855/1855/1855 1860/1860/1860 1859/1859/1859
f 1854/1854/1854 1860/1860/1860 1855/1855/1855
f 1855/1855/1855 1849/1849/1849 1854/1854/1854
f 1861/1861/1861 1862/1862/1862 1863/1863/1863
f 1863/1863/1863 1864/1864/1864 1861/1861/1861
f 1865/1865/1865 1864/1864/1864 1863/1863/1863
f 1863/1863/1863 1866/1866/1866 1865/1865/1865
f 1854/1854/1854 1866/1866/1866 1863/1863/1863
f 1863/1863/1863 1860/1860/1860 1854/1854/1854
f 1859/1859/1859 1860/1860/1860 1863/1863/1863
f 1863/1863/1863 1862/1862/1862 1859/1859/1859
f 1865/1865/1865 1866/1866/1866 1867/1867/1867
f 1867/1867/1867 1868/1868/1868 1865/1865/1865
f 1854/1854/1854 1853/1853/1853 1867/1867/1867
f 1867/1867/1867 1866/1866/1866 1854/1854/1854
f 1869/1869/1869 1870/1870/1870 1871/1871/1871
f 1871/1871/1871 1872/1872/1872 1869/1869/1869
f 1873/1873/1873 1874/1874/1874 1869/1869/1869
f 1869/1869/1869 1872/1872/1872 1873/1873/1873
f 1870/1870/1870 1869/1869/1869 1875/1875/1875
f 1875/1875/1875 1876/1876/1876 1870/1870/1870
f 1877/1877/1877 1876/1876/1876 1875/1875/1875
f 1875/1875/1875 1878/1878/1878 1877/1877/1877
f 1879/1879/1879 1878/1878/1878 1875/1875/1875
f 1875/1875/1875 1880/1880/1880 1879/1879/1879
f 1874/1874/1874 1880/1880/1880 1875/1875/1875
f 1875/1875/1875 1869/1869/1869 1874/1874/1874
f 1881/1881/1881 1882/1882/1882 1883/1883/1883
f 1883/1883/1883 1884/1884/1884 1881/1881/1881
f 1885/1885/1885 1884/1884/1884 1883/1883/1883
f 1883/1883/1883 1886/1886/1886 1885/1885/1885
f 1874/1874/1874 1886/1886/1886 1883/1883/1883
f 1883/1883/1883 1880/1880/1880 1874/1874/1874
f 1879/1879/1879 1880/1880/1880 1883/1883/1883
f 1883/1883/1883 1882/1882/1882 1879/1879/1879
f 1885/1885/1885 1886/1886/1886 1887/1887/1887
f 1887/1887/1887 1888/1888/1888 1885/1885/1885
f 1874/1874/1874 1873/1873/1873 1887/1887/1887
f 1887/1887/1887 1886/1886/1886 1874/1874/1874
f 1889/1889/1889 1890/1890/1890 1891/1891/1891
f 1891/1891/1891 1892/1892/1892 1889/1889/1889
f 1893/1893/1893 1894/1894/1894 1889/1889/1889
f 1889/1889/1889 1892/1892/1892 1893/1893/1893
f 1890/1890/1890 1889/1889/1889 1895/1895/1895
f 1895/1895/1895 1896/1896/1896 1890/1890/1890
f 1897/1897/1897 1896/1896/1896 1895/1895/1895
f 1895/1895/1895 1898/1898/1898 1897/1897/1897
f 1899/1899/1899 1898/1898/1898 1895/1895/1895
f 1895/1895/1895 1900/1900/1900 1899/1899/1899
f 1894/1894/1894 1900/1900/1900 1895/1895/1895
f 1895/1895/1895 1889/1889/1889 1894/1894/1894
f 1901/1901/1901 1902/1902/1902 1903/1903/1903
f 1903/1903/1903 1904/1904/1904 1901/1901/1901
f 1905/1905/1905 1904/1904/1904 1903/1903/1903
f 1903/1903/1903 1906/1906/1906 1905/1905/1905
f 1894/1894/1894 1906/1906/1906 1903/1903/1903
f 1903/1903/1903 1900/1900/1900 1894/1894/1894
f 1899/1899/1899 1900/1900/1900 1903/1903/1903
f 1903/1903/1903 1902/1902/1902 1899/1899/1899
f 1905/1905/1905 1906/1906/1906 1907/1907/1907
f 1907/1907/1907 1908/1908/1908 1905/1905/1905
f 1894/1894/1894 1893/1893/1893 1907/1907/1907
f 1907/1907/1907 1906/1906/1906 1894/1894/1894
f 1909/1909/1909 1910/1910/1910 1911/1911/1911
f 1911/1911/1911 1912/1912/1912 1909/1909/1909
f 1913/1913/1913 1914/1914/1914 1909/1909/1909
f 1909/1909/1909 1912/1912/1912 1913/1913/1913
f 1910/1910/1910 1909/1909/1909 1915/1915/1915
f 1915/1915/1915 1916/1916/1916 1910/1910/1910
f 1917/1917/1917 1916/1916/1916 1915/1915/1915
f 1915/1915/1915 1918/1918/1918 1917/1917/1917
f 1919/1919/1919 1918/1918/1918 1915/1915/1915
f 1915/1915/1915 1920/1920/1920 1919/1919/1919
f 1914/1914/1914 1920/1920/1920 1915/1915/1915
f 1915/1915/1915 1909/1909/1909 1914/1914/1914
f 1921/1921/1921 1922/1922/1922 1923/1923/1923
f 1923/1923/1923 1924/1924/1924 1921/1921/1921
f 1925/1925/1925 1924/1924/1924 1923/1923/1923
f 1923/1923/1923 1926/1926/1926 1925/1925/1925
f 1914/1914/1914 1926/1926/1926 1923/1923/1923
f 1923/1923/1923 1920/1920/1920 1914/1914/1914
f 1919/1919/1919 1920/1920/1920 1923/1923/1923
f 1923/1923/1923 1922/1922/1922 1919/1919/1919
f 1925/1925/1925 1926/1926/1926 1927/1927/1927
f 1927/1927/1927 1928/1928/1928 1925/1925/1925
f 1914/1914/1914 1913/1913/1913 1927/1927/1927
f 1927/1927/1927 1926/1926/1926 1914/1914/1914
f 1929/1929/1929 1930/1930/1930 1931/1931/1931
f 1931/1931/1931 1932/1932/1932 1929/1929/1929
f 1933/1933/1933 1934/1934/1934 1929/1929/1929
f 1929/1929/1929 1932/1932/1932 1933/1933/1933
f 1930/1930/1930 1929/1929/1929 1935/1935/1935
f 1935/1935/1935 1936/1936/1936 1930/1930/1930
f 1937/1937/1937 1936/1936/1936 1935/1935/1935
f 1935/1935/1935 1938/1938/1938 1937/1937/1937
f 1939/1939/1939 1938/1938/1938 1935/1935/1935
f 1935/1935/1935 1940/1940/1940 1939/1939/1939
f 1934/1934/1934 1940/1940/1940 1935/1935/1935
f 1935/1935/1935 1929/1929/1929 1934/1934/1934
f 1941/1941/1941 1942/1942/1942 1943/1943/1943
f 1943/1943/1943 1944/1944/1944 1941/1941/1941
f 1945/1945/1945 1944/1944/1944 1943/1943/1943
f 1943/1943/1943 1946/1946/1946 1945/1945/1945
f 1934/1934/1934 1946/1946/1946 1943/1943/1943
f 1943/1943/1943 1940/1940/1940 1934/1934/1934
f 1939/1939/1939 1940/1940/1940 1943/1943/1943
f 1943/1943/1943 1942/1942/1942 1939/1939/1939
f 1945/1945/1945 1946/1946/1946 1947/1947/1947
f 1947/1947/1947 1948/1948/1948 1945/1945/1945
f 1934/1934/1934 1933/1933/1933 1947/1947/1947
f 1947/1947/1947 1946/1946/1946 1934/1934/1934
f 1949/1949/1949 1950/1950/1950 1951/1951/1951
f 1951/1951/1951 1952/1952/1952 1949/1949/1949
f 1953/1953/1953 1954/1954/1954 1949/1949/1949
f 1949/1949/1949 1952/1952/1952 1953/1953/1953
f 1950/1950/1950 1949/1949/1949 1955/1955/1955
f 1955/1955/1955 1956/1956/1956 1950/1950/1950
f 1957/1957/1957 1956/1956/1956 1955/1955/1955
f 1955/1955/1955 1958/1958/1958 1957/1957/1957
f 1959/1959/1959 1958/1958/1958 1955/1955/1955
f 1955/1955/1955 1960/1960/1960 1959/1959/1959
f 1954/1954/1954 1960/1960/1960 1955/1955/1955
f 1955/1955/1955 1949/1949/1949 1954/1954/1954
f 1961/1961/1961 1962/1962/1962 1963/1963/1963
f 1963/1963/1963 1964/1964/1964 1961/1961/1961
f 1965/1965/1965 1964/1964/1964 1963/1963/1963
f 1963/1963/1963 1966/1966/1966 1965/1965/1965
f 1954/1954/1954 1966/1966/1966 1963/1963/1963
f 1963/1963/1963 1960/1960/1960 1954/1954/1954
f 1959/1959/1959 1960/1960/1960 1963/1963/1963
f 1963/1963/1963 1962/1962/1962 1959/1959/1959
f 1965/1965/1965 1966/1966/1966 1967/1967/1967
f 1967/1967/1967 1968/1968/1968 1965/1965/1965
f 1954/1954/1954 1953/1953/1953 1967/1967/1967
f 1967/1967/1967 1966/1966/1966 1954/1954/1954
f 1969/1969/1969 1965/1965/1965 1968/1968/1968
f 1968/1968/1968 1970/1970/1970 1969/1969/1969
f 1971/1971/1971 1972/1972/1972 1969/1969/1969
f 1969/1969/1969 1970/1970/1970 1971/1971/1971
f 1965/1965/1965 1969/1969/1969 1973/1973/1973
f 1973/1973/1973 1964/1964/1964 1965/1965/1965
f 1961/1961/1961 1964/1964/1964 1973/1973/1973
f 1973/1973/1973 1974/1974/1974 1961/1961/1961
f 1975/1975/1975 1974/1974/1974 1973/1973/1973
f 1973/1973/1973 1976/1976/1976 1975/1975/1975
f 1972/1972/1972 1976/1976/1976 1973/1973/1973
f 1973/1973/1973 1969/1969/1969 1972/1972/1972
f 1977/1977/1977 1978/1978/1978 1979/1979/1979
f 1979/1979/1979 1980/1980/1980 1977/1977/1977
f 1981/1981/1981 1980/1980/1980 1979/1979/1979
f 1979/1979/1979 1982/1982/1982 1981/1981/1981
f 1972/1972/1972 1982/1982/1982 1979/1979/1979
f 1979/1979/1979 1976/1976/1976 1972/1972/1972
f 1975/1975/1975 1976/1976/1976 1979/1979/1979
f 1979/1979/1979 1978/1978/1978 1975/1975/1975
f 1981/1981/1981 1982/1982/1982 1983/1983/1983
f 1983/1983/1983 1984/1984/1984 1981/1981/1981
f 1972/1972/1972 1971/1971/1971 1983/1983/1983
f 1983/1983/1983 1982/1982/1982 1972/1972/1972
f 1985/1985/1985 1986/1986/1986 1987/1987/1987
f 1987/1987/1987 1988/1988/1988 1985/1985/1985
f 1989/1989/1989 1990/1990/1990 1985/1985/1985
f 1985/1985/1985 1988/1988/1988 1989/1989/1989
f 1986/1986/1986 1985/1985/1985 1991/1991/1991
f 1991/1991/1991 1992/1992/1992 1986/1986/1986
f 1993/1993/1993 1992/1992/1992 1991/1991/1991
f 1991/1991/1991 1994/1994/1994 1993/1993/1993
f 1995/1995/1995 1994/1994/1994 1991/1991/1991
f 1991/1991/1991 1996/1996/1996 1995/1995/1995
f 1990/1990/1990 1996/1996/1996 1991/1991/1991
f 1991/1991/1991 1985/1985/1985 1990/1990/1990
f 1997/1997/1997 1998/1998/1998 1999/1999/1999
f 1999/1999/1999 2000/2000/2000 1997/1997/1997
f 2001/2001/2001 2000/2000/2000 1999/1999/1999
f 1999/1999/1999 2002/2002/2002 2001/2001/2001
f 1990/1990/1990 2002/2002/2002 1999/1999/1999
f 1999/1999/1999 1996/1996/1996 1990/1990/1990
f 1995/1995/1995 1996/1996/1996 1999/1999/1999
f 1999/1999/1999 1998/1998/1998 1995/1995/1995
f 2001/2001/2001 2002/2002/2002 2003/2003/2003
f 2003/2003/2003 2004/2004/2004 2001/2001/2001
f 1990/1990/1990 1989/1989/1989 2003/2003/2003
f 2003/2003/2003 2002/2002/2002 1990/1990/1990
f 2005/2005/2005 2006/2006/2006 2007/2007/2007
f 2007/2007/2007 2008/2008/2008 2005/2005/2005
f 2009/2009/2009 2008/2008/2008 2007/2007/2007
f 2007/2007/2007 2010/2010/2010 2009/2009/2009
f 2009/2009/2009 2010/2010/2010 2011/2011/2011
f 2011/2011/2011 2012/2012/2012 2009/2009/2009
f 2013/2013/2013 2012/2012/2012 2011/2011/2011
f 2011/2011/2011 2014/2014/2014 2013/2013/2013
f 2015/2015/2015 2016/2016/2016 2017/2017/2017
f 2017/2017/2017 2018/2018/2018 2015/2015/2015
f 2019/2019/2019 2018/2018/2018 2017/2017/2017
f 2017/2017/2017 2020/2020/2020 2019/2019/2019
f 2019/2019/2019 2020/2020/2020 2021/2021/2021
f 2021/2021/2021 2022/2022/2022 2019/2019/2019
f 2023/2023/2023 2022/2022/2022 2021/2021/2021
f 2021/2021/2021 2024/2024/2024 2023/2023/2023
f 2025/2025/2025 2026/2026/2026 2027/2027/2027
f 2027/2027/2027 2028/2028/2028 2025/2025/2025
f 2029/2029/2029 2028/2028/2028 2027/2027/2027
f 2027/2027/2027 2030/2030/2030 2029/2029/2029
f 2029/2029/2029 2030/2030/2030 2031/2031/2031
f 2031/2031/2031 2032/2032/2032 2029/2029/2029
f 2033/2033/2033 2032/2032/2032 2031/2031/2031
f 2031/2031/2031 2034/2034/2034 2033/2033/2033
f 2035/2035/2035 2036/2036/2036 2037/2037/2037
f 2037/2037/2037 2038/2038/2038 2035/2035/2035
f 2039/2039/2039 2038/2038/2038 2037/2037/2037
f 2037/2037/2037 2040/2040/2040 2039/2039/2039
f 2039/2039/2039 2040/2040/2040 2041/2041/2041
f 2041/2041/2041 2042/2042/2042 2039/2039/2039
f 2043/2043/2043 2042/2042/2042 2041/2041/2041
f 2041/2041/2041 2044/2044/2044 2043/2043/2043
f 2045/2045/2045 2046/2046/2046 2047/2047/2047
f 2047/2047/2047 2048/2048/2048 2045/2045/2045
f 2049/2049/2049 2048/2048/2048 2047/2047/2047
f 2047/2047/2047 2050/2050/2050 2049/2049/2049
f 2049/2049/2049 2050/2050/2050 2051/2051/2051
f 2051/2051/2051 2052/2052/2052 2049/2049/2049
f 2025/2025/2025 2052/2052/2052 2051/2051/2051
f 2051/2051/2051 2026/2026/2026 2025/2025/2025
f 2013/2013/2013 2014/2014/2014 2053/2053/2053
f 2053/2053/2053 2054/2054/2054 2013/2013/2013
f 2055/2055/2055 2054/2054/2054 2053/2053/2053
f 2053/2053/2053 2056/2056/2056 2055/2055/2055
f 2055/2055/2055 2056/2056/2056 2057/2057/2057
f 2057/2057/2057 2058/2058/2058 2055/2055/2055
f 2035/2035/2035 2058/2058/2058 2057/2057/2057
f 2057/2057/2057 2036/2036/2036 2035/2035/2035
f 2023/2023/2023 2024/2024/2024 2059/2059/2059
f 2059/2059/2059 2060/2060/2060 2023/2023/2023
f 2061/2061/2061 2060/2060/2060 2059/2059/2059
f 2059/2059/2059 2062/2062/2062 2061/2061/2061
f 2061/2061/2061 2062/2062/2062 2063/2063/2063
f 2063/2063/2063 2064/2064/2064 2061/2061/2061
f 2005/2005/2005 2064/2064/2064 2063/2063/2063
f 2063/2063/2063 2006/2006/2006 2005/2005/2005
f 2033/2033/2033 2034/2034/2034 2065/2065/2065
f 2065/2065/2065 2066/2066/2066 2033/2033/2033
f 2067/2067/2067 2066/2066/2066 2065/2065/2065
f 2065/2065/2065 2068/2068/2068 2067/2067/2067
f 2067/2067/2067 2068/2068/2068 2069/2069/2069
f 2069/2069/2069 2070/2070/2070 2067/2067/2067
f 2015/2015/2015 2070/2070/2070 2069/2069/2069
f 2069/2069/2069 2016/2016/2016 2015/2015/2015
f 1921/1921/1921 2071/2071/2071 2072/2072/2072
f 2072/2072/2072 2073/2073/2073 1921/1921/1921
f 2074/2074/2074 2073/2073/2073 2072/2072/2072
f 2072/2072/2072 2075/2075/2075 2074/2074/2074
f 2076/2076/2076 2075/2075/2075 2072/2072/2072
f 2072/2072/2072 2077/2077/2077 2076/2076/2076
f 2078/2078/2078 2077/2077/2077 2072/2072/2072
f 2072/2072/2072 2071/2071/2071 2078/2078/2078
f 2074/2074/2074 2075/2075/2075 2079/2079/2079
f 2079/2079/2079 2080/2080/2080 2074/2074/2074
f 1993/1993/1993 2080/2080/2080 2079/2079/2079
f 2079/2079/2079 1992/1992/1992 1993/1993/1993
f 1986/1986/1986 1992/1992/1992 2079/2079/2079
f 2079/2079/2079 2081/2081/2081 1986/1986/1986
f 2076/2076/2076 2081/2081/2081 2079/2079/2079
f 2079/2079/2079 2075/2075/2075 2076/2076/2076
f 1987/1987/1987 1986/1986/1986 2081/2081/2081
f 2081/2081/2081 2082/2082/2082 1987/1987/1987
f 2081/2081/2081 2076/2076/2076 2083/2083/2083
f 2083/2083/2083 2082/2082/2082 2081/2081/2081
f 2083/2083/2083 2076/2076/2076 2077/2077/2077
f 2077/2077/2077 2084/2084/2084 2083/2083/2083
f 2077/2077/2077 2078/2078/2078 2085/2085/2085
f 2085/2085/2085 2084/2084/2084 2077/2077/2077
f 1997/1997/1997 2000/2000/2000 2086/2086/2086
f 2086/2086/2086 2087/2087/2087 1997/1997/1997
f 2088/2088/2088 2087/2087/2087 2086/2086/2086
f 2086/2086/2086 2089/2089/2089 2088/2088/2088
f 2090/2090/2090 2089/2089/2089 2086/2086/2086
f 2086/2086/2086 2091/2091/2091 2090/2090/2090
f 2001/2001/2001 2091/2091/2091 2086/2086/2086
f 2086/2086/2086 2000/2000/2000 2001/2001/2001
f 2088/2088/2088 2089/2089/2089 2092/2092/2092
f 2092/2092/2092 2093/2093/2093 2088/2088/2088
f 1937/1937/1937 2093/2093/2093 2092/2092/2092
f 2092/2092/2092 1936/1936/1936 1937/1937/1937
f 1930/1930/1930 1936/1936/1936 2092/2092/2092
f 2092/2092/2092 2094/2094/2094 1930/1930/1930
f 2090/2090/2090 2094/2094/2094 2092/2092/2092
f 2092/2092/2092 2089/2089/2089 2090/2090/2090
f 1931/1931/1931 1930/1930/1930 2094/2094/2094
f 2094/2094/2094 2095/2095/2095 1931/1931/1931
f 2094/2094/2094 2090/2090/2090 2096/2096/2096
f 2096/2096/2096 2095/2095/2095 2094/2094/2094
f 2096/2096/2096 2090/2090/2090 2091/2091/2091
f 2091/2091/2091 2097/2097/2097 2096/2096/2096
f 2091/2091/2091 2001/2001/2001 2004/2004/2004
f 2004/2004/2004 2097/2097/2097 2091/2091/2091
f 1941/1941/1941 1944/1944/1944 2098/2098/2098
f 2098/2098/2098 2099/2099/2099 1941/1941/1941
f 2100/2100/2100 2099/2099/2099 2098/2098/2098
f 2098/2098/2098 2101/2101/2101 2100/2100/2100
f 2102/2102/2102 2101/2101/2101 2098/2098/2098
f 2098/2098/2098 2103/2103/2103 2102/2102/2102
f 1945/1945/1945 2103/2103/2103 2098/2098/2098
f 2098/2098/2098 1944/1944/1944 1945/1945/1945
f 2100/2100/2100 2101/2101/2101 2104/2104/2104
f 2104/2104/2104 2105/2105/2105 2100/2100/2100
f 1857/1857/1857 2105/2105/2105 2104/2104/2104
f 2104/2104/2104 1856/1856/1856 1857/1857/1857
f 1850/1850/1850 1856/1856/1856 2104/2104/2104
f 2104/2104/2104 2106/2106/2106 1850/1850/1850
f 2102/2102/2102 2106/2106/2106 2104/2104/2104
f 2104/2104/2104 2101/2101/2101 2102/2102/2102
f 1851/1851/1851 1850/1850/1850 2106/2106/2106
f 2106/2106/2106 2107/2107/2107 1851/1851/1851
f 2106/2106/2106 2102/2102/2102 2108/2108/2108
f 2108/2108/2108 2107/2107/2107 2106/2106/2106
f 2108/2108/2108 2102/2102/2102 2103/2103/2103
f 2103/2103/2103 2109/2109/2109 2108/2108/2108
f 2103/2103/2103 1945/1945/1945 1948/1948/1948
f 1948/1948/1948 2109/2109/2109 2103/2103/2103
f 1861/1861/1861 2110/2110/2110 2111/2111/2111
f 2111/2111/2111 2112/2112/2112 1861/1861/1861
f 2113/2113/2113 2112/2112/2112 2111/2111/2111
f 2111/2111/2111 2114/2114/2114 2113/2113/2113
f 2115/2115/2115 2114/2114/2114 2111/2111/2111
f 2111/2111/2111 2116/2116/2116 2115/2115/2115
f 2117/2117/2117 2116/2116/2116 2111/2111/2111
f 2111/2111/2111 2110/2110/2110 2117/2117/2117
f 2113/2113/2113 2114/2114/2114 2118/2118/2118
f 2118/2118/2118 2119/2119/2119 2113/2113/2113
f 1917/1917/1917 2119/2119/2119 2118/2118/2118
f 2118/2118/2118 1916/1916/1916 1917/1917/1917
f 1910/1910/1910 1916/1916/1916 2118/2118/2118
f 2118/2118/2118 2120/2120/2120 1910/1910/1910
f 2115/2115/2115 2120/2120/2120 2118/2118/2118
f 2118/2118/2118 2114/2114/2114 2115/2115/2115
f 1911/1911/1911 1910/1910/1910 2120/2120/2120
f 2120/2120/2120 2121/2121/2121 1911/1911/1911
f 2120/2120/2120 2115/2115/2115 2122/2122/2122
f 2122/2122/2122 2121/2121/2121 2120/2120/2120
f 2122/2122/2122 2115/2115/2115 2116/2116/2116
f 2116/2116/2116 2123/2123/2123 2122/2122/2122
f 2116/2116/2116 2117/2117/2117 2124/2124/2124
f 2124/2124/2124 2123/2123/2123 2116/2116/2116
f 2125/2125/2125 1905/1905/1905 1908/1908/1908
f 1908/1908/1908 2126/2126/2126 2125/2125/2125
f 2127/2127/2127 2128/2128/2128 2125/2125/2125
f 2125/2125/2125 2126/2126/2126 2127/2127/2127
f 1905/1905/1905 2125/2125/2125 2129/2129/2129
f 2129/2129/2129 1904/1904/1904 1905/1905/1905
f 1901/1901/1901 1904/1904/1904 2129/2129/2129
f 2129/2129/2129 2130/2130/2130 1901/1901/1901
f 2131/2131/2131 2130/2130/2130 2129/2129/2129
f 2129/2129/2129 2132/2132/2132 2131/2131/2131
f 2128/2128/2128 2132/2132/2132 2129/2129/2129
f 2129/2129/2129 2125/2125/2125 2128/2128/2128
f 1957/1957/1957 2133/2133/2133 2134/2134/2134
f 2134/2134/2134 1956/1956/1956 1957/1957/1957
f 1950/1950/1950 1956/1956/1956 2134/2134/2134
f 2134/2134/2134 2135/2135/2135 1950/1950/1950
f 2128/2128/2128 2135/2135/2135 2134/2134/2134
f 2134/2134/2134 2132/2132/2132 2128/2128/2128
f 2131/2131/2131 2132/2132/2132 2134/2134/2134
f 2134/2134/2134 2133/2133/2133 2131/2131/2131
f 1950/1950/1950 2135/2135/2135 2136/2136/2136
f 2136/2136/2136 1951/1951/1951 1950/1950/1950
f 2128/2128/2128 2127/2127/2127 2136/2136/2136
f 2136/2136/2136 2135/2135/2135 2128/2128/2128
f 2137/2137/2137 1885/1885/1885 1888/1888/1888
f 1888/1888/1888 2138/2138/2138 2137/2137/2137
f 2139/2139/2139 2140/2140/2140 2137/2137/2137
f 2137/2137/2137 2138/2138/2138 2139/2139/2139
f 1885/1885/1885 2137/2137/2137 2141/2141/2141
f 2141/2141/2141 1884/1884/1884 1885/1885/1885
f 1881/1881/1881 1884/1884/1884 2141/2141/2141
f 2141/2141/2141 2142/2142/2142 1881/1881/1881
f 2143/2143/2143 2142/2142/2142 2141/2141/2141
f 2141/2141/2141 2144/2144/2144 2143/2143/2143
f 2140/2140/2140 2144/2144/2144 2141/2141/2141
f 2141/2141/2141 2137/2137/2137 2140/2140/2140
f 1897/1897/1897 2145/2145/2145 2146/2146/2146
f 2146/2146/2146 2147/2147/2147 1897/1897/1897
f 2148/2148/2148 2147/2147/2147 2146/2146/2146
f 2146/2146/2146 2149/2149/2149 2148/2148/2148
f 2140/2140/2140 2149/2149/2149 2146/2146/2146
f 2146/2146/2146 2144/2144/2144 2140/2140/2140
f 2143/2143/2143 2144/2144/2144 2146/2146/2146
f 2146/2146/2146 2145/2145/2145 2143/2143/2143
f 2148/2148/2148 2149/2149/2149 2150/2150/2150
f 2150/2150/2150 2151/2151/2151 2148/2148/2148
f 2140/2140/2140 2139/2139/2139 2150/2150/2150
f 2150/2150/2150 2149/2149/2149 2140/2140/2140
f 1897/1897/1897 2147/2147/2147 2152/2152/2152
f 2152/2152/2152 1896/1896/1896 1897/1897/1897
f 1890/1890/1890 1896/1896/1896 2152/2152/2152
f 2152/2152/2152 2153/2153/2153 1890/1890/1890
f 2154/2154/2154 2153/2153/2153 2152/2152/2152
f 2152/2152/2152 2155/2155/2155 2154/2154/2154
f 2148/2148/2148 2155/2155/2155 2152/2152/2152
f 2152/2152/2152 2147/2147/2147 2148/2148/2148
f 1890/1890/1890 2153/2153/2153 2156/2156/2156
f 2156/2156/2156 1891/1891/1891 1890/1890/1890
f 2154/2154/2154 2157/2157/2157 2156/2156/2156
f 2156/2156/2156 2153/2153/2153 2154/2154/2154
f 2155/2155/2155 2148/2148/2148 2151/2151/2151
f 2151/2151/2151 2158/2158/2158 2155/2155/2155
f 2157/2157/2157 2154/2154/2154 2155/2155/2155
f 2155/2155/2155 2158/2158/2158 2157/2157/2157
f 2159/2159/2159 1865/1865/1865 1868/1868/1868
f 1868/1868/1868 2160/2160/2160 2159/2159/2159
f 2161/2161/2161 2162/2162/2162 2159/2159/2159
f 2159/2159/2159 2160/2160/2160 2161/2161/2161
f 1865/1865/1865 2159/2159/2159 2163/2163/2163
f 2163/2163/2163 1864/1864/1864 1865/1865/1865
f 1861/1861/1861 1864/1864/1864 2163/2163/2163
f 2163/2163/2163 2110/2110/2110 1861/1861/1861
f 2117/2117/2117 2110/2110/2110 2163/2163/2163
f 2163/2163/2163 2164/2164/2164 2117/2117/2117
f 2162/2162/2162 2164/2164/2164 2163/2163/2163
f 2163/2163/2163 2159/2159/2159 2162/2162/2162
f 2124/2124/2124 2117/2117/2117 2164/2164/2164
f 2164/2164/2164 2165/2165/2165 2124/2124/2124
f 2164/2164/2164 2162/2162/2162 2161/2161/2161
f 2161/2161/2161 2165/2165/2165 2164/2164/2164
f 1921/1921/1921 1924/1924/1924 2166/2166/2166
f 2166/2166/2166 2071/2071/2071 1921/1921/1921
f 2078/2078/2078 2071/2071/2071 2166/2166/2166
f 2166/2166/2166 2167/2167/2167 2078/2078/2078
f 2168/2168/2168 2167/2167/2167 2166/2166/2166
f 2166/2166/2166 2169/2169/2169 2168/2168/2168
f 1925/1925/1925 2169/2169/2169 2166/2166/2166
f 2166/2166/2166 1924/1924/1924 1925/1925/1925
f 2078/2078/2078 2167/2167/2167 2170/2170/2170
f 2170/2170/2170 2085/2085/2085 2078/2078/2078
f 2168/2168/2168 2171/2171/2171 2170/2170/2170
f 2170/2170/2170 2167/2167/2167 2168/2168/2168
f 2169/2169/2169 1925/1925/1925 1928/1928/1928
f 1928/1928/1928 2172/2172/2172 2169/2169/2169
f 2171/2171/2171 2168/2168/2168 2169/2169/2169
f 2169/2169/2169 2172/2172/2172 2171/2171/2171
f 2173/2173/2173 2174/2174/2174 2175/2175/2175
f 2175/2175/2175 2176/2176/2176 2173/2173/2173
f 2177/2177/2177 2178/2178/2178 2173/2173/2173
f 2173/2173/2173 2176/2176/2176 2177/2177/2177
f 2174/2174/2174 2173/2173/2173 2179/2179/2179
f 2179/2179/2179 2180/2180/2180 2174/2174/2174
f 2181/2181/2181 2180/2180/2180 2179/2179/2179
f 2179/2179/2179 2182/2182/2182 2181/2181/2181
f 2183/2183/2183 2182/2182/2182 2179/2179/2179
f 2179/2179/2179 2184/2184/2184 2183/2183/2183
f 2178/2178/2178 2184/2184/2184 2179/2179/2179
f 2179/2179/2179 2173/2173/2173 2178/2178/2178
f 1877/1877/1877 2185/2185/2185 2186/2186/2186
f 2186/2186/2186 2187/2187/2187 1877/1877/1877
f 2188/2188/2188 2187/2187/2187 2186/2186/2186
f 2186/2186/2186 2189/2189/2189 2188/2188/2188
f 2178/2178/2178 2189/2189/2189 2186/2186/2186
f 2186/2186/2186 2184/2184/2184 2178/2178/2178
f 2183/2183/2183 2184/2184/2184 2186/2186/2186
f 2186/2186/2186 2185/2185/2185 2183/2183/2183
f 2188/2188/2188 2189/2189/2189 2190/2190/2190
f 2190/2190/2190 2191/2191/2191 2188/2188/2188
f 2178/2178/2178 2177/2177/2177 2190/2190/2190
f 2190/2190/2190 2189/2189/2189 2178/2178/2178
f 1877/1877/1877 2187/2187/2187 2192/2192/2192
f 2192/2192/2192 1876/1876/1876 1877/1877/1877
f 1870/1870/1870 1876/1876/1876 2192/2192/2192
f 2192/2192/2192 2193/2193/2193 1870/1870/1870
f 2194/2194/2194 2193/2193/2193 2192/2192/2192
f 2192/2192/2192 2195/2195/2195 2194/2194/2194
f 2188/2188/2188 2195/2195/2195 2192/2192/2192
f 2192/2192/2192 2187/2187/2187 2188/2188/2188
f 1870/1870/1870 2193/2193/2193 2196/2196/2196
f 2196/2196/2196 1871/1871/1871 1870/1870/1870
f 2194/2194/2194 2197/2197/2197 2196/2196/2196
f 2196/2196/2196 2193/2193/2193 2194/2194/2194
f 2195/2195/2195 2188/2188/2188 2191/2191/2191
f 2191/2191/2191 2198/2198/2198 2195/2195/2195
f 2197/2197/2197 2194/2194/2194 2195/2195/2195
f 2195/2195/2195 2198/2198/2198 2197/2197/2197
f 1977/1977/1977 1980/1980/1980 2199/2199/2199
f 2199/2199/2199 2200/2200/2200 1977/1977/1977
f 2201/2201/2201 2200/2200/2200 2199/2199/2199
f 2199/2199/2199 2202/2202/2202 2201/2201/2201
f 2203/2203/2203 2202/2202/2202 2199/2199/2199
f 2199/2199/2199 2204/2204/2204 2203/2203/2203
f 1981/1981/1981 2204/2204/2204 2199/2199/2199
f 2199/2199/2199 1980/1980/1980 1981/1981/1981
f 2201/2201/2201 2202/2202/2202 2205/2205/2205
f 2205/2205/2205 2206/2206/2206 2201/2201/2201
f 2181/2181/2181 2206/2206/2206 2205/2205/2205
f 2205/2205/2205 2180/2180/2180 2181/2181/2181
f 2174/2174/2174 2180/2180/2180 2205/2205/2205
f 2205/2205/2205 2207/2207/2207 2174/2174/2174
f 2203/2203/2203 2207/2207/2207 2205/2205/2205
f 2205/2205/2205 2202/2202/2202 2203/2203/2203
f 2175/2175/2175 2174/2174/2174 2207/2207/2207
f 2207/2207/2207 2208/2208/2208 2175/2175/2175
f 2207/2207/2207 2203/2203/2203 2209/2209/2209
f 2209/2209/2209 2208/2208/2208 2207/2207/2207
f 2209/2209/2209 2203/2203/2203 2204/2204/2204
f 2204/2204/2204 2210/2210/2210 2209/2209/2209
f 2204/2204/2204 1981/1981/1981 1984/1984/1984
f 1984/1984/1984 2210/2210/2210 2204/2204/2204
f 1861/1861/1861 2211/2211/2211 2212/2212/2212
f 2212/2212/2212 1862/1862/1862 1861/1861/1861
f 1859/1859/1859 1862/1862/1862 2212/2212/2212
f 2212/2212/2212 2213/2213/2213 1859/1859/1859
f 1859/1859/1859 2213/2213/2213 2214/2214/2214
f 2214/2214/2214 1858/1858/1858 1859/1859/1859
f 1857/1857/1857 1858/1858/1858 2214/2214/2214
f 2214/2214/2214 2215/2215/2215 1857/1857/1857
f 2216/2216/2216 2215/2215/2215 2214/2214/2214
f 2214/2214/2214 2217/2217/2217 2216/2216/2216
f 2218/2218/2218 2217/2217/2217 2214/2214/2214
f 2214/2214/2214 2213/2213/2213 2218/2218/2218
f 2218/2218/2218 2213/2213/2213 2212/2212/2212
f 2212/2212/2212 2219/2219/2219 2218/2218/2218
f 2220/2220/2220 2219/2219/2219 2212/2212/2212
f 2212/2212/2212 2211/2211/2211 2220/2220/2220
f 1881/1881/1881 2221/2221/2221 2222/2222/2222
f 2222/2222/2222 1882/1882/1882 1881/1881/1881
f 1879/1879/1879 1882/1882/1882 2222/2222/2222
f 2222/2222/2222 2223/2223/2223 1879/1879/1879
f 1879/1879/1879 2223/2223/2223 2224/2224/2224
f 2224/2224/2224 1878/1878/1878 1879/1879/1879
f 1877/1877/1877 1878/1878/1878 2224/2224/2224
f 2224/2224/2224 2225/2225/2225 1877/1877/1877
f 2226/2226/2226 2225/2225/2225 2224/2224/2224
f 2224/2224/2224 2227/2227/2227 2226/2226/2226
f 2228/2228/2228 2227/2227/2227 2224/2224/2224
f 2224/2224/2224 2223/2223/2223 2228/2228/2228
f 2228/2228/2228 2223/2223/2223 2222/2222/2222
f 2222/2222/2222 2229/2229/2229 2228/2228/2228
f 2230/2230/2230 2229/2229/2229 2222/2222/2222
f 2222/2222/2222 2221/2221/2221 2230/2230/2230
f 1901/1901/1901 2231/2231/2231 2232/2232/2232
f 2232/2232/2232 1902/1902/1902 1901/1901/1901
f 1899/1899/1899 1902/1902/1902 2232/2232/2232
f 2232/2232/2232 2233/2233/2233 1899/1899/1899
f 1899/1899/1899 2233/2233/2233 2234/2234/2234
f 2234/2234/2234 1898/1898/1898 1899/1899/1899
f 1897/1897/1897 1898/1898/1898 2234/2234/2234
f 2234/2234/2234 2235/2235/2235 1897/1897/1897
f 2236/2236/2236 2235/2235/2235 2234/2234/2234
f 2234/2234/2234 2237/2237/2237 2236/2236/2236
f 2238/2238/2238 2237/2237/2237 2234/2234/2234
f 2234/2234/2234 2233/2233/2233 2238/2238/2238
f 2238/2238/2238 2233/2233/2233 2232/2232/2232
f 2232/2232/2232 2239/2239/2239 2238/2238/2238
f 2240/2240/2240 2239/2239/2239 2232/2232/2232
f 2232/2232/2232 2231/2231/2231 2240/2240/2240
f 1921/1921/1921 2241/2241/2241 2242/2242/2242
f 2242/2242/2242 1922/1922/1922 1921/1921/1921
f 1919/1919/1919 1922/1922/1922 2242/2242/2242
f 2242/2242/2242 2243/2243/2243 1919/1919/1919
f 1919/1919/1919 2243/2243/2243 2244/2244/2244
f 2244/2244/2244 1918/1918/1918 1919/1919/1919
f 1917/1917/1917 1918/1918/1918 2244/2244/2244
f 2244/2244/2244 2245/2245/2245 1917/1917/1917
f 2246/2246/2246 2245/2245/2245 2244/2244/2244
f 2244/2244/2244 2247/2247/2247 2246/2246/2246
f 2248/2248/2248 2247/2247/2247 2244/2244/2244
f 2244/2244/2244 2243/2243/2243 2248/2248/2248
f 2248/2248/2248 2243/2243/2243 2242/2242/2242
f 2242/2242/2242 2249/2249/2249 2248/2248/2248
f 2250/2250/2250 2249/2249/2249 2242/2242/2242
f 2242/2242/2242 2241/2241/2241 2250/2250/2250
f 1941/1941/1941 2251/2251/2251 2252/2252/2252
f 2252/2252/2252 1942/1942/1942 1941/1941/1941
f 1939/1939/1939 1942/1942/1942 2252/2252/2252
f 2252/2252/2252 2253/2253/2253 1939/1939/1939
f 1939/1939/1939 2253/2253/2253 2254/2254/2254
f 2254/2254/2254 1938/1938/1938 1939/1939/1939
f 1937/1937/1937 1938/1938/1938 2254/2254/2254
f 2254/2254/2254 2255/2255/2255 1937/1937/1937
f 2256/2256/2256 2255/2255/2255 2254/2254/2254
f 2254/2254/2254 2257/2257/2257 2256/2256/2256
f 2258/2258/2258 2257/2257/2257 2254/2254/2254
f 2254/2254/2254 2253/2253/2253 2258/2258/2258
f 2258/2258/2258 2253/2253/2253 2252/2252/2252
f 2252/2252/2252 2259/2259/2259 2258/2258/2258
f 2260/2260/2260 2259/2259/2259 2252/2252/2252
f 2252/2252/2252 2251/2251/2251 2260/2260/2260
f 1961/1961/1961 2261/2261/2261 2262/2262/2262
f 2262/2262/2262 1962/1962/1962 1961/1961/1961
f 1959/1959/1959 1962/1962/1962 2262/2262/2262
f 2262/2262/2262 2263/2263/2263 1959/1959/1959
f 1959/1959/1959 2263/2263/2263 2264/2264/2264
f 2264/2264/2264 1958/1958/1958 1959/1959/1959
f 1957/1957/1957 1958/1958/1958 2264/2264/2264
f 2264/2264/2264 2265/2265/2265 1957/1957/1957
f 2266/2266/2266 2265/2265/2265 2264/2264/2264
f 2264/2264/2264 2267/2267/2267 2266/2266/2266
f 2268/2268/2268 2267/2267/2267 2264/2264/2264
f 2264/2264/2264 2263/2263/2263 2268/2268/2268
f 2268/2268/2268 2263/2263/2263 2262/2262/2262
f 2262/2262/2262 2269/2269/2269 2268/2268/2268
f 2270/2270/2270 2269/2269/2269 2262/2262/2262
f 2262/2262/2262 2261/2261/2261 2270/2270/2270
f 1977/1977/1977 2271/2271/2271 2272/2272/2272
f 2272/2272/2272 1978/1978/1978 1977/1977/1977
f 1975/1975/1975 1978/1978/1978 2272/2272/2272
f 2272/2272/2272 2273/2273/2273 1975/1975/1975
f 1975/1975/1975 2273/2273/2273 2274/2274/2274
f 2274/2274/2274 1974/1974/1974 1975/1975/1975
f 1961/1961/1961 1974/1974/1974 2274/2274/2274
f 2274/2274/2274 2261/2261/2261 1961/1961/1961
f 2270/2270/2270 2261/2261/2261 2274/2274/2274
f 2274/2274/2274 2275/2275/2275 2270/2270/2270
f 2276/2276/2276 2275/2275/2275 2274/2274/2274
f 2274/2274/2274 2273/2273/2273 2276/2276/2276
f 2276/2276/2276 2273/2273/2273 2272/2272/2272
f 2272/2272/2272 2277/2277/2277 2276/2276/2276
f 2278/2278/2278 2277/2277/2277 2272/2272/2272
f 2272/2272/2272 2271/2271/2271 2278/2278/2278
f 1997/1997/1997 2279/2279/2279 2280/2280/2280
f 2280/2280/2280 1998/1998/1998 1997/1997/1997
f 1995/1995/1995 1998/1998/1998 2280/2280/2280
f 2280/2280/2280 2281/2281/2281 1995/1995/1995
f 1995/1995/1995 2281/2281/2281 2282/2282/2282
f 2282/2282/2282 1994/1994/1994 1995/1995/1995
f 1993/1993/1993 1994/1994/1994 2282/2282/2282
f 2282/2282/2282 2283/2283/2283 1993/1993/1993
f 2284/2284/2284 2283/2283/2283 2282/2282/2282
f 2282/2282/2282 2285/2285/2285 2284/2284/2284
f 2286/2286/2286 2285/2285/2285 2282/2282/2282
f 2282/2282/2282 2281/2281/2281 2286/2286/2286
f 2286/2286/2286 2281/2281/2281 2280/2280/2280
f 2280/2280/2280 2287/2287/2287 2286/2286/2286
f 2288/2288/2288 2287/2287/2287 2280/2280/2280
f 2280/2280/2280 2279/2279/2279 2288/2288/2288
f 1993/1993/1993 2283/2283/2283 2289/2289/2289
f 2289/2289/2289 2080/2080/2080 1993/1993/1993
f 2074/2074/2074 2080/2080/2080 2289/2289/2289
f 2289/2289/2289 2290/2290/2290 2074/2074/2074
f 2074/2074/2074 2290/2290/2290 2291/2291/2291
f 2291/2291/2291 2073/2073/2073 2074/2074/2074
f 1921/1921/1921 2073/2073/2073 2291/2291/2291
f 2291/2291/2291 2241/2241/2241 1921/1921/1921
f 2250/2250/2250 2241/2241/2241 2291/2291/2291
f 2291/2291/2291 2292/2292/2292 2250/2250/2250
f 2293/2293/2293 2292/2292/2292 2291/2291/2291
f 2291/2291/2291 2290/2290/2290 2293/2293/2293
f 2293/2293/2293 2290/2290/2290 2289/2289/2289
f 2289/2289/2289 2294/2294/2294 2293/2293/2293
f 2284/2284/2284 2294/2294/2294 2289/2289/2289
f 2289/2289/2289 2283/2283/2283 2284/2284/2284
f 1937/1937/1937 2255/2255/2255 2295/2295/2295
f 2295/2295/2295 2093/2093/2093 1937/1937/1937
f 2088/2088/2088 2093/2093/2093 2295/2295/2295
f 2295/2295/2295 2296/2296/2296 2088/2088/2088
f 2088/2088/2088 2296/2296/2296 2297/2297/2297
f 2297/2297/2297 2087/2087/2087 2088/2088/2088
f 1997/1997/1997 2087/2087/2087 2297/2297/2297
f 2297/2297/2297 2279/2279/2279 1997/1997/1997
f 2288/2288/2288 2279/2279/2279 2297/2297/2297
f 2297/2297/2297 2298/2298/2298 2288/2288/2288
f 2299/2299/2299 2298/2298/2298 2297/2297/2297
f 2297/2297/2297 2296/2296/2296 2299/2299/2299
f 2299/2299/2299 2296/2296/2296 2295/2295/2295
f 2295/2295/2295 2300/2300/2300 2299/2299/2299
f 2256/2256/2256 2300/2300/2300 2295/2295/2295
f 2295/2295/2295 2255/2255/2255 2256/2256/2256
f 1857/1857/1857 2215/2215/2215 2301/2301/2301
f 2301/2301/2301 2105/2105/2105 1857/1857/1857
f 2100/2100/2100 2105/2105/2105 2301/2301/2301
f 2301/2301/2301 2302/2302/2302 2100/2100/2100
f 2100/2100/2100 2302/2302/2302 2303/2303/2303
f 2303/2303/2303 2099/2099/2099 2100/2100/2100
f 1941/1941/1941 2099/2099/2099 2303/2303/2303
f 2303/2303/2303 2251/2251/2251 1941/1941/1941
f 2260/2260/2260 2251/2251/2251 2303/2303/2303
f 2303/2303/2303 2304/2304/2304 2260/2260/2260
f 2305/2305/2305 2304/2304/2304 2303/2303/2303
f 2303/2303/2303 2302/2302/2302 2305/2305/2305
f 2305/2305/2305 2302/2302/2302 2301/2301/2301
f 2301/2301/2301 2306/2306/2306 2305/2305/2305
f 2216/2216/2216 2306/2306/2306 2301/2301/2301
f 2301/2301/2301 2215/2215/2215 2216/2216/2216
f 1917/1917/1917 2245/2245/2245 2307/2307/2307
f 2307/2307/2307 2119/2119/2119 1917/1917/1917
f 2113/2113/2113 2119/2119/2119 2307/2307/2307
f 2307/2307/2307 2308/2308/2308 2113/2113/2113
f 2113/2113/2113 2308/2308/2308 2309/2309/2309
f 2309/2309/2309 2112/2112/2112 2113/2113/2113
f 1861/1861/1861 2112/2112/2112 2309/2309/2309
f 2309/2309/2309 2211/2211/2211 1861/1861/1861
f 2220/2220/2220 2211/2211/2211 2309/2309/2309
f 2309/2309/2309 2310/2310/2310 2220/2220/2220
f 2311/2311/2311 2310/2310/2310 2309/2309/2309
f 2309/2309/2309 2308/2308/2308 2311/2311/2311
f 2311/2311/2311 2308/2308/2308 2307/2307/2307
f 2307/2307/2307 2312/2312/2312 2311/2311/2311
f 2246/2246/2246 2312/2312/2312 2307/2307/2307
f 2307/2307/2307 2245/2245/2245 2246/2246/2246
f 1957/1957/1957 2265/2265/2265 2313/2313/2313
f 2313/2313/2313 2133/2133/2133 1957/1957/1957
f 2131/2131/2131 2133/2133/2133 2313/2313/2313
f 2313/2313/2313 2314/2314/2314 2131/2131/2131
f 2131/2131/2131 2314/2314/2314 2315/2315/2315
f 2315/2315/2315 2130/2130/2130 2131/2131/2131
f 1901/1901/1901 2130/2130/2130 2315/2315/2315
f 2315/2315/2315 2231/2231/2231 1901/1901/1901
f 2240/2240/2240 2231/2231/2231 2315/2315/2315
f 2315/2315/2315 2316/2316/2316 2240/2240/2240
f 2317/2317/2317 2316/2316/2316 2315/2315/2315
f 2315/2315/2315 2314/2314/2314 2317/2317/2317
f 2317/2317/2317 2314/2314/2314 2313/2313/2313
f 2313/2313/2313 2318/2318/2318 2317/2317/2317
f 2266/2266/2266 2318/2318/2318 2313/2313/2313
f 2313/2313/2313 2265/2265/2265 2266/2266/2266
f 1897/1897/1897 2235/2235/2235 2319/2319/2319
f 2319/2319/2319 2145/2145/2145 1897/1897/1897
f 2143/2143/2143 2145/2145/2145 2319/2319/2319
f 2319/2319/2319 2320/2320/2320 2143/2143/2143
f 2143/2143/2143 2320/2320/2320 2321/2321/2321
f 2321/2321/2321 2142/2142/2142 2143/2143/2143
f 1881/1881/1881 2142/2142/2142 2321/2321/2321
f 2321/2321/2321 2221/2221/2221 1881/1881/1881
f 2230/2230/2230 2221/2221/2221 2321/2321/2321
f 2321/2321/2321 2322/2322/2322 2230/2230/2230
f 2323/2323/2323 2322/2322/2322 2321/2321/2321
f 2321/2321/2321 2320/2320/2320 2323/2323/2323
f 2323/2323/2323 2320/2320/2320 2319/2319/2319
f 2319/2319/2319 2324/2324/2324 2323/2323/2323
f 2236/2236/2236 2324/2324/2324 2319/2319/2319
f 2319/2319/2319 2235/2235/2235 2236/2236/2236
f 1877/1877/1877 2225/2225/2225 2325/2325/2325
f 2325/2325/2325 2185/2185/2185 1877/1877/1877
f 2183/2183/2183 2185/2185/2185 2325/2325/2325
f 2325/2325/2325 2326/2326/2326 2183/2183/2183
f 2183/2183/2183 2326/2326/2326 2327/2327/2327
f 2327/2327/2327 2182/2182/2182 2183/2183/2183
f 2181/2181/2181 2182/2182/2182 2327/2327/2327
f 2327/2327/2327 2328/2328/2328 2181/2181/2181
f 2329/2329/2329 2328/2328/2328 2327/2327/2327
f 2327/2327/2327 2330/2330/2330 2329/2329/2329
f 2331/2331/2331 2330/2330/2330 2327/2327/2327
f 2327/2327/2327 2326/2326/2326 2331/2331/2331
f 2331/2331/2331 2326/2326/2326 2325/2325/2325
f 2325/2325/2325 2332/2332/2332 2331/2331/2331
f 2226/2226/2226 2332/2332/2332 2325/2325/2325
f 2325/2325/2325 2225/2225/2225 2226/2226/2226
f 2181/2181/2181 2328/2328/2328 2333/2333/2333
f 2333/2333/2333 2206/2206/2206 2181/2181/2181
f 2201/2201/2201 2206/2206/2206 2333/2333/2333
f 2333/2333/2333 2334/2334/2334 2201/2201/2201
f 2201/2201/2201 2334/2334/2334 2335/2335/2335
f 2335/2335/2335 2200/2200/2200 2201/2201/2201
f 1977/1977/1977 2200/2200/2200 2335/2335/2335
f 2335/2335/2335 2271/2271/2271 1977/1977/1977
f 2278/2278/2278 2271/2271/2271 2335/2335/2335
f 2335/2335/2335 2336/2336/2336 2278/2278/2278
f 2337/2337/2337 2336/2336/2336 2335/2335/2335
f 2335/2335/2335 2334/2334/2334 2337/2337/2337
f 2337/2337/2337 2334/2334/2334 2333/2333/2333
f 2333/2333/2333 2338/2338/2338 2337/2337/2337
f 2329/2329/2329 2338/2338/2338 2333/2333/2333
f 2333/2333/2333 2328/2328/2328 2329/2329/2329
f 2013/2013/2013 2339/2339/2339 2340/2340/2340
f 2340/2340/2340 2012/2012/2012 2013/2013/2013
f 2009/2009/2009 2012/2012/2012 2340/2340/2340
f 2340/2340/2340 2341/2341/2341 2009/2009/2009
f 2009/2009/2009 2341/2341/2341 2342/2342/2342
f 2342/2342/2342 2008/2008/2008 2009/2009/2009
f 2005/2005/2005 2008/2008/2008 2342/2342/2342
f 2342/2342/2342 2343/2343/2343 2005/2005/2005
f 2344/2344/2344 2343/2343/2343 2342/2342/2342
f 2342/2342/2342 2345/2345/2345 2344/2344/2344
f 2346/2346/2346 2345/2345/2345 2342/2342/2342
f 2342/2342/2342 2341/2341/2341 2346/2346/2346
f 2346/2346/2346 2341/2341/2341 2340/2340/2340
f 2340/2340/2340 2347/2347/2347 2346/2346/2346
f 2348/2348/2348 2347/2347/2347 2340/2340/2340
f 2340/2340/2340 2339/2339/2339 2348/2348/2348
f 2006/2006/2006 2349/2349/2349 2350/2350/2350
f 2350/2350/2350 2007/2007/2007 2006/2006/2006
f 2010/2010/2010 2007/2007/2007 2350/2350/2350
f 2350/2350/2350 2351/2351/2351 2010/2010/2010
f 2010/2010/2010 2351/2351/2351 2352/2352/2352
f 2352/2352/2352 2011/2011/2011 2010/2010/2010
f 2014/2014/2014 2011/2011/2011 2352/2352/2352
f 2352/2352/2352 2353/2353/2353 2014/2014/2014
f 2354/2354/2354 2353/2353/2353 2352/2352/2352
f 2352/2352/2352 2355/2355/2355 2354/2354/2354
f 2356/2356/2356 2355/2355/2355 2352/2352/2352
f 2352/2352/2352 2351/2351/2351 2356/2356/2356
f 2356/2356/2356 2351/2351/2351 2350/2350/2350
f 2350/2350/2350 2357/2357/2357 2356/2356/2356
f 2358/2358/2358 2357/2357/2357 2350/2350/2350
f 2350/2350/2350 2349/2349/2349 2358/2358/2358
f 2023/2023/2023 2359/2359/2359 2360/2360/2360
f 2360/2360/2360 2022/2022/2022 2023/2023/2023
f 2019/2019/2019 2022/2022/2022 2360/2360/2360
f 2360/2360/2360 2361/2361/2361 2019/2019/2019
f 2019/2019/2019 2361/2361/2361 2362/2362/2362
f 2362/2362/2362 2018/2018/2018 2019/2019/2019
f 2015/2015/2015 2018/2018/2018 2362/2362/2362
f 2362/2362/2362 2363/2363/2363 2015/2015/2015
f 2364/2364/2364 2363/2363/2363 2362/2362/2362
f 2362/2362/2362 2365/2365/2365 2364/2364/2364
f 2366/2366/2366 2365/2365/2365 2362/2362/2362
f 2362/2362/2362 2361/2361/2361 2366/2366/2366
f 2366/2366/2366 2361/2361/2361 2360/2360/2360
f 2360/2360/2360 2367/2367/2367 2366/2366/2366
f 2368/2368/2368 2367/2367/2367 2360/2360/2360
f 2360/2360/2360 2359/2359/2359 2368/2368/2368
f 2016/2016/2016 2369/2369/2369 2370/2370/2370
f 2370/2370/2370 2017/2017/2017 2016/2016/2016
f 2020/2020/2020 2017/2017/2017 2370/2370/2370
f 2370/2370/2370 2371/2371/2371 2020/2020/2020
f 2020/2020/2020 2371/2371/2371 2372/2372/2372
f 2372/2372/2372 2021/2021/2021 2020/2020/2020
f 2024/2024/2024 2021/2021/2021 2372/2372/2372
f 2372/2372/2372 2373/2373/2373 2024/2024/2024
f 2374/2374/2374 2373/2373/2373 2372/2372/2372
f 2372/2372/2372 2375/2375/2375 2374/2374/2374
f 2376/2376/2376 2375/2375/2375 2372/2372/2372
f 2372/2372/2372 2371/2371/2371 2376/2376/2376
f 2376/2376/2376 2371/2371/2371 2370/2370/2370
f 2370/2370/2370 2377/2377/2377 2376/2376/2376
f 2378/2378/2378 2377/2377/2377 2370/2370/2370
f 2370/2370/2370 2369/2369/2369 2378/2378/2378
f 2033/2033/2033 2379/2379/2379 2380/2380/2380
f 2380/2380/2380 2032/2032/2032 2033/2033/2033
f 2029/2029/2029 2032/2032/2032 2380/2380/2380
f 2380/2380/2380 2381/2381/2381 2029/2029/2029
f 2029/2029/2029 2381/2381/2381 2382/2382/2382
f 2382/2382/2382 2028/2028/2028 2029/2029/2029
f 2025/2025/2025 2028/2028/2028 2382/2382/2382
f 2382/2382/2382 2383/2383/2383 2025/2025/2025
f 2384/2384/2384 2383/2383/2383 2382/2382/2382
f 2382/2382/2382 2385/2385/2385 2384/2384/2384
f 2386/2386/2386 2385/2385/2385 2382/2382/2382
f 2382/2382/2382 2381/2381/2381 2386/2386/2386
f 2386/2386/2386 2381/2381/2381 2380/2380/2380
f 2380/2380/2380 2387/2387/2387 2386/2386/2386
f 2388/2388/2388 2387/2387/2387 2380/2380/2380
f 2380/2380/2380 2379/2379/2379 2388/2388/2388
f 2026/2026/2026 2389/2389/2389 2390/2390/2390
f 2390/2390/2390 2027/2027/2027 2026/2026/2026
f 2030/2030/2030 2027/2027/2027 2390/2390/2390
f 2390/2390/2390 2391/2391/2391 2030/2030/2030
f 2030/2030/2030 2391/2391/2391 2392/2392/2392
f 2392/2392/2392 2031/2031/2031 2030/2030/2030
f 2034/2034/2034 2031/2031/2031 2392/2392/2392
f 2392/2392/2392 2393/2393/2393 2034/2034/2034
f 2394/2394/2394 2393/2393/2393 2392/2392/2392
f 2392/2392/2392 2395/2395/2395 2394/2394/2394
f 2396/2396/2396 2395/2395/2395 2392/2392/2392
f 2392/2392/2392 2391/2391/2391 2396/2396/2396
f 2396/2396/2396 2391/2391/2391 2390/2390/2390
f 2390/2390/2390 2397/2397/2397 2396/2396/2396
f 2398/2398/2398 2397/2397/2397 2390/2390/2390
f 2390/2390/2390 2389/2389/2389 2398/2398/2398
f 2043/2043/2043 2399/2399/2399 2400/2400/2400
f 2400/2400/2400 2042/2042/2042 2043/2043/2043
f 2039/2039/2039 2042/2042/2042 2400/2400/2400
f 2400/2400/2400 2401/2401/2401 2039/2039/2039
f 2039/2039/2039 2401/2401/2401 2402/2402/2402
f 2402/2402/2402 2038/2038/2038 2039/2039/2039
f 2035/2035/2035 2038/2038/2038 2402/2402/2402
f 2402/2402/2402 2403/2403/2403 2035/2035/2035
f 2404/2404/2404 2403/2403/2403 2402/2402/2402
f 2402/2402/2402 2405/2405/2405 2404/2404/2404
f 2406/2406/2406 2405/2405/2405 2402/2402/2402
f 2402/2402/2402 2401/2401/2401 2406/2406/2406
f 2406/2406/2406 2401/2401/2401 2400/2400/2400
f 2400/2400/2400 2407/2407/2407 2406/2406/2406
f 2408/2408/2408 2407/2407/2407 2400/2400/2400
f 2400/2400/2400 2399/2399/2399 2408/2408/2408
f 2036/2036/2036 2409/2409/2409 2410/2410/2410
f 2410/2410/2410 2037/2037/2037 2036/2036/2036
f 2040/2040/2040 2037/2037/2037 2410/2410/2410
f 2410/2410/2410 2411/2411/2411 2040/2040/2040
f 2040/2040/2040 2411/2411/2411 2412/2412/2412
f 2412/2412/2412 2041/2041/2041 2040/2040/2040
f 2044/2044/2044 2041/2041/2041 2412/2412/2412
f 2412/2412/2412 2413/2413/2413 2044/2044/2044
f 2414/2414/2414 2413/2413/2413 2412/2412/2412
f 2412/2412/2412 2415/2415/2415 2414/2414/2414
f 2416/2416/2416 2415/2415/2415 2412/2412/2412
f 2412/2412/2412 2411/2411/2411 2416/2416/2416
f 2416/2416/2416 2411/2411/2411 2410/2410/2410
f 2410/2410/2410 2417/2417/2417 2416/2416/2416
f 2418/2418/2418 2417/2417/2417 2410/2410/2410
f 2410/2410/2410 2409/2409/2409 2418/2418/2418
f 2025/2025/2025 2383/2383/2383 2419/2419/2419
f 2419/2419/2419 2052/2052/2052 2025/2025/2025
f 2049/2049/2049 2052/2052/2052 2419/2419/2419
f 2419/2419/2419 2420/2420/2420 2049/2049/2049
f 2049/2049/2049 2420/2420/2420 2421/2421/2421
f 2421/2421/2421 2048/2048/2048 2049/2049/2049
f 2045/2045/2045 2048/2048/2048 2421/2421/2421
f 2421/2421/2421 2422/2422/2422 2045/2045/2045
f 2423/2423/2423 2422/2422/2422 2421/2421/2421
f 2421/2421/2421 2424/2424/2424 2423/2423/2423
f 2425/2425/2425 2424/2424/2424 2421/2421/2421
f 2421/2421/2421 2420/2420/2420 2425/2425/2425
f 2425/2425/2425 2420/2420/2420 2419/2419/2419
f 2419/2419/2419 2426/2426/2426 2425/2425/2425
f 2384/2384/2384 2426/2426/2426 2419/2419/2419
f 2419/2419/2419 2383/2383/2383 2384/2384/2384
f 2046/2046/2046 2427/2427/2427 2428/2428/2428
f 2428/2428/2428 2047/2047/2047 2046/2046/2046
f 2050/2050/2050 2047/2047/2047 2428/2428/2428
f 2428/2428/2428 2429/2429/2429 2050/2050/2050
f 2050/2050/2050 2429/2429/2429 2430/2430/2430
f 2430/2430/2430 2051/2051/2051 2050/2050/2050
f 2026/2026/2026 2051/2051/2051 2430/2430/2430
f 2430/2430/2430 2389/2389/2389 2026/2026/2026
f 2398/2398/2398 2389/2389/2389 2430/2430/2430
f 2430/2430/2430 2431/2431/2431 2398/2398/2398
f 2432/2432/2432 2431/2431/2431 2430/2430/2430
f 2430/2430/2430 2429/2429/2429 2432/2432/2432
f 2432/2432/2432 2429/2429/2429 2428/2428/2428
f 2428/2428/2428 2433/2433/2433 2432/2432/2432
f 2434/2434/2434 2433/2433/2433 2428/2428/2428
f 2428/2428/2428 2427/2427/2427 2434/2434/2434
f 2035/2035/2035 2403/2403/2403 2435/2435/2435
f 2435/2435/2435 2058/2058/2058 2035/2035/2035
f 2055/2055/2055 2058/2058/2058 2435/2435/2435
f 2435/2435/2435 2436/2436/2436 2055/2055/2055
f 2055/2055/2055 2436/2436/2436 2437/2437/2437
f 2437/2437/2437 2054/2054/2054 2055/2055/2055
f 2013/2013/2013 2054/2054/2054 2437/2437/2437
f 2437/2437/2437 2339/2339/2339 2013/2013/2013
f 2348/2348/2348 2339/2339/2339 2437/2437/2437
f 2437/2437/2437 2438/2438/2438 2348/2348/2348
f 2439/2439/2439 2438/2438/2438 2437/2437/2437
f 2437/2437/2437 2436/2436/2436 2439/2439/2439
f 2439/2439/2439 2436/2436/2436 2435/2435/2435
f 2435/2435/2435 2440/2440/2440 2439/2439/2439
f 2404/2404/2404 2440/2440/2440 2435/2435/2435
f 2435/2435/2435 2403/2403/2403 2404/2404/2404
f 2014/2014/2014 2353/2353/2353 2441/2441/2441
f 2441/2441/2441 2053/2053/2053 2014/2014/2014
f 2056/2056/2056 2053/2053/2053 2441/2441/2441
f 2441/2441/2441 2442/2442/2442 2056/2056/2056
f 2056/2056/2056 2442/2442/2442 2443/2443/2443
f 2443/2443/2443 2057/2057/2057 2056/2056/2056
f 2036/2036/2036 2057/2057/2057 2443/2443/2443
f 2443/2443/2443 2409/2409/2409 2036/2036/2036
f 2418/2418/2418 2409/2409/2409 2443/2443/2443
f 2443/2443/2443 2444/2444/2444 2418/2418/2418
f 2445/2445/2445 2444/2444/2444 2443/2443/2443
f 2443/2443/2443 2442/2442/2442 2445/2445/2445
f 2445/2445/2445 2442/2442/2442 2441/2441/2441
f 2441/2441/2441 2446/2446/2446 2445/2445/2445
f 2354/2354/2354 2446/2446/2446 2441/2441/2441
f 2441/2441/2441 2353/2353/2353 2354/2354/2354
f 2005/2005/2005 2343/2343/2343 2447/2447/2447
f 2447/2447/2447 2064/2064/2064 2005/2005/2005
f 2061/2061/2061 2064/2064/2064 2447/2447/2447
f 2447/2447/2447 2448/2448/2448 2061/2061/2061
f 2061/2061/2061 2448/2448/2448 2449/2449/2449
f 2449/2449/2449 2060/2060/2060 2061/2061/2061
f 2023/2023/2023 2060/2060/2060 2449/2449/2449
f 2449/2449/2449 2359/2359/2359 2023/2023/2023
f 2368/2368/2368 2359/2359/2359 2449/2449/2449
f 2449/2449/2449 2450/2450/2450 2368/2368/2368
f 2451/2451/2451 2450/2450/2450 2449/2449/2449
f 2449/2449/2449 2448/2448/2448 2451/2451/2451
f 2451/2451/2451 2448/2448/2448 2447/2447/2447
f 2447/2447/2447 2452/2452/2452 2451/2451/2451
f 2344/2344/2344 2452/2452/2452 2447/2447/2447
f 2447/2447/2447 2343/2343/2343 2344/2344/2344
f 2024/2024/2024 2373/2373/2373 2453/2453/2453
f 2453/2453/2453 2059/2059/2059 2024/2024/2024
f 2062/2062/2062 2059/2059/2059 2453/2453/2453
f 2453/2453/2453 2454/2454/2454 2062/2062/2062
f 2062/2062/2062 2454/2454/2454 2455/2455/2455
f 2455/2455/2455 2063/2063/2063 2062/2062/2062
f 2006/2006/2006 2063/2063/2063 2455/2455/2455
f 2455/2455/2455 2349/2349/2349 2006/2006/2006
f 2358/2358/2358 2349/2349/2349 2455/2455/2455
f 2455/2455/2455 2456/2456/2456 2358/2358/2358
f 2457/2457/2457 2456/2456/2456 2455/2455/2455
f 2455/2455/2455 2454/2454/2454 2457/2457/2457
f 2457/2457/2457 2454/2454/2454 2453/2453/2453
f 2453/2453/2453 2458/2458/2458 2457/2457/2457
f 2374/2374/2374 2458/2458/2458 2453/2453/2453
f 2453/2453/2453 2373/2373/2373 2374/2374/2374
f 2015/2015/2015 2363/2363/2363 2459/2459/2459
f 2459/2459/2459 2070/2070/2070 2015/2015/2015
f 2067/2067/2067 2070/2070/2070 2459/2459/2459
f 2459/2459/2459 2460/2460/2460 2067/2067/2067
f 2067/2067/2067 2460/2460/2460 2461/2461/2461
f 2461/2461/2461 2066/2066/2066 2067/2067/2067
f 2033/2033/2033 2066/2066/2066 2461/2461/2461
f 2461/2461/2461 2379/2379/2379 2033/2033/2033
f 2388/2388/2388 2379/2379/2379 2461/2461/2461
f 2461/2461/2461 2462/2462/2462 2388/2388/2388
f 2463/2463/2463 2462/2462/2462 2461/2461/2461
f 2461/2461/2461 2460/2460/2460 2463/2463/2463
f 2463/2463/2463 2460/2460/2460 2459/2459/2459
f 2459/2459/2459 2464/2464/2464 2463/2463/2463
f 2364/2364/2364 2464/2464/2464 2459/2459/2459
f 2459/2459/2459 2363/2363/2363 2364/2364/2364
f 2034/2034/2034 2393/2393/2393 2465/2465/2465
f 2465/2465/2465 2065/2065/2065 2034/2034/2034
f 2068/2068/2068 2065/2065/2065 2465/2465/2465
f 2465/2465/2465 2466/2466/2466 2068/2068/2068
f 2068/2068/2068 2466/2466/2466 2467/2467/2467
f 2467/2467/2467 2069/2069/2069 2068/2068/2068
f 2016/2016/2016 2069/2069/2069 2467/2467/2467
f 2467/2467/2467 2369/2369/2369 2016/2016/2016
f 2378/2378/2378 2369/2369/2369 2467/2467/2467
f 2467/2467/2467 2468/2468/2468 2378/2378/2378
f 2469/2469/2469 2468/2468/2468 2467/2467/2467
f 2467/2467/2467 2466/2466/2466 2469/2469/2469
f 2469/2469/2469 2466/2466/2466 2465/2465/2465
f 2465/2465/2465 2470/2470/2470 2469/2469/2469
f 2394/2394/2394 2470/2470/2470 2465/2465/2465
f 2465/2465/2465 2393/2393/2393 2394/2394/2394
f 1398/1398/1398 2082/2082/2082 1399/1399/1399
f 1987/1987/1987 2082/2082/2082 1398/1398/1398
f 1399/1399/1399 2082/2082/2082 2083/2083/2083
f 1400/1400/1400 2084/2084/2084 2085/2085/2085
f 1399/1399/1399 2084/2084/2084 1400/1400/1400
f 2083/2083/2083 2084/2084/2084 1399/1399/1399
f 1400/1400/1400 2170/2170/2170 1403/1403/1403
f 2085/2085/2085 2170/2170/2170 1400/1400/1400
f 1403/1403/1403 2170/2170/2170 2171/2171/2171
f 1403/1403/1403 2172/2172/2172 1406/1406/1406
f 2171/2171/2171 2172/2172/2172 1403/1403/1403
f 1406/1406/1406 2172/2172/2172 1928/1928/1928
f 1406/1406/1406 1927/1927/1927 1409/1409/1409
f 1928/1928/1928 1927/1927/1927 1406/1406/1406
f 1409/1409/1409 1927/1927/1927 1913/1913/1913
f 1410/1410/1410 1912/1912/1912 1911/1911/1911
f 1409/1409/1409 1912/1912/1912 1410/1410/1410
f 1913/1913/1913 1912/1912/1912 1409/1409/1409
f 1410/1410/1410 2121/2121/2121 1413/1413/1413
f 1911/1911/1911 2121/2121/2121 1410/1410/1410
f 1413/1413/1413 2121/2121/2121 2122/2122/2122
f 1414/1414/1414 2123/2123/2123 2124/2124/2124
f 1413/1413/1413 2123/2123/2123 1414/1414/1414
f 2122/2122/2122 2123/2123/2123 1413/1413/1413
f 1414/1414/1414 2165/2165/2165 1417/1417/1417
f 2124/2124/2124 2165/2165/2165 1414/1414/1414
f 1417/1417/1417 2165/2165/2165 2161/2161/2161
f 1417/1417/1417 2160/2160/2160 1420/1420/1420
f 2161/2161/2161 2160/2160/2160 1417/1417/1417
f 1420/1420/1420 2160/2160/2160 1868/1868/1868
f 1420/1420/1420 1867/1867/1867 1423/1423/1423
f 1868/1868/1868 1867/1867/1867 1420/1420/1420
f 1423/1423/1423 1867/1867/1867 1853/1853/1853
f 1424/1424/1424 1852/1852/1852 1851/1851/1851
f 1423/1423/1423 1852/1852/1852 1424/1424/1424
f 1853/1853/1853 1852/1852/1852 1423/1423/1423
f 1424/1424/1424 2107/2107/2107 1427/1427/1427
f 1851/1851/1851 2107/2107/2107 1424/1424/1424
f 1427/1427/1427 2107/2107/2107 2108/2108/2108
f 1428/1428/1428 2109/2109/2109 1948/1948/1948
f 1427/1427/1427 2109/2109/2109 1428/1428/1428
f 2108/2108/2108 2109/2109/2109 1427/1427/1427
f 1428/1428/1428 1947/1947/1947 1431/1431/1431
f 1948/1948/1948 1947/1947/1947 1428/1428/1428
f 1431/1431/1431 1947/1947/1947 1933/1933/1933
f 1431/1431/1431 1932/1932/1932 1433/1433/1433
f 1933/1933/1933 1932/1932/1932 1431/1431/1431
f 1433/1433/1433 1932/1932/1932 1931/1931/1931
f 1433/1433/1433 2095/2095/2095 1434/1434/1434
f 1931/1931/1931 2095/2095/2095 1433/1433/1433
f 1434/1434/1434 2095/2095/2095 2096/2096/2096
f 1434/1434/1434 2097/2097/2097 1436/1436/1436
f 2096/2096/2096 2097/2097/2097 1434/1434/1434
f 1436/1436/1436 2097/2097/2097 2004/2004/2004
f 1436/1436/1436 2003/2003/2003 1439/1439/1439
f 2004/2004/2004 2003/2003/2003 1436/1436/1436
f 1439/1439/1439 2003/2003/2003 1989/1989/1989
f 1398/1398/1398 1988/1988/1988 1987/1987/1987
f 1439/1439/1439 1988/1988/1988 1398/1398/1398
f 1989/1989/1989 1988/1988/1988 1439/1439/1439
f 1442/1442/1442 1887/1887/1887 1443/1443/1443
f 1888/1888/1888 1887/1887/1887 1442/1442/1442
f 1443/1443/1443 1887/1887/1887 1873/1873/1873
f 1444/1444/1444 1872/1872/1872 1871/1871/1871
f 1443/1443/1443 1872/1872/1872 1444/1444/1444
f 1873/1873/1873 1872/1872/1872 1443/1443/1443
f 1444/1444/1444 2196/2196/2196 1447/1447/1447
f 1871/1871/1871 2196/2196/2196 1444/1444/1444
f 1447/1447/1447 2196/2196/2196 2197/2197/2197
f 1447/1447/1447 2198/2198/2198 1450/1450/1450
f 2197/2197/2197 2198/2198/2198 1447/1447/1447
f 1450/1450/1450 2198/2198/2198 2191/2191/2191
f 1450/1450/1450 2190/2190/2190 1453/1453/1453
f 2191/2191/2191 2190/2190/2190 1450/1450/1450
f 1453/1453/1453 2190/2190/2190 2177/2177/2177
f 1454/1454/1454 2176/2176/2176 2175/2175/2175
f 1453/1453/1453 2176/2176/2176 1454/1454/1454
f 2177/2177/2177 2176/2176/2176 1453/1453/1453
f 1454/1454/1454 2208/2208/2208 1457/1457/1457
f 2175/2175/2175 2208/2208/2208 1454/1454/1454
f 1457/1457/1457 2208/2208/2208 2209/2209/2209
f 1458/1458/1458 2210/2210/2210 1984/1984/1984
f 1457/1457/1457 2210/2210/2210 1458/1458/1458
f 2209/2209/2209 2210/2210/2210 1457/1457/1457
f 1458/1458/1458 1983/1983/1983 1461/1461/1461
f 1984/1984/1984 1983/1983/1983 1458/1458/1458
f 1461/1461/1461 1983/1983/1983 1971/1971/1971
f 1461/1461/1461 1970/1970/1970 1464/1464/1464
f 1971/1971/1971 1970/1970/1970 1461/1461/1461
f 1464/1464/1464 1970/1970/1970 1968/1968/1968
f 1464/1464/1464 1967/1967/1967 1467/1467/1467
f 1968/1968/1968 1967/1967/1967 1464/1464/1464
f 1467/1467/1467 1967/1967/1967 1953/1953/1953
f 1467/1467/1467 1952/1952/1952 1470/1470/1470
f 1953/1953/1953 1952/1952/1952 1467/1467/1467
f 1470/1470/1470 1952/1952/1952 1951/1951/1951
f 1470/1470/1470 2136/2136/2136 1473/1473/1473
f 1951/1951/1951 2136/2136/2136 1470/1470/1470
f 1473/1473/1473 2136/2136/2136 2127/2127/2127
f 1474/1474/1474 2126/2126/2126 1908/1908/1908
f 1473/1473/1473 2126/2126/2126 1474/1474/1474
f 2127/2127/2127 2126/2126/2126 1473/1473/1473
f 1474/1474/1474 1907/1907/1907 1477/1477/1477
f 1908/1908/1908 1907/1907/1907 1474/1474/1474
f 1477/1477/1477 1907/1907/1907 1893/1893/1893
f 1478/1478/1478 1892/1892/1892 1891/1891/1891
f 1477/1477/1477 1892/1892/1892 1478/1478/1478
f 1893/1893/1893 1892/1892/1892 1477/1477/1477
f 1478/1478/1478 2156/2156/2156 1481/1481/1481
f 1891/1891/1891 2156/2156/2156 1478/1478/1478
f 1481/1481/1481 2156/2156/2156 2157/2157/2157
f 1481/1481/1481 2158/2158/2158 1484/1484/1484
f 2157/2157/2157 2158/2158/2158 1481/1481/1481
f 1484/1484/1484 2158/2158/2158 2151/2151/2151
f 1484/1484/1484 2150/2150/2150 1487/1487/1487
f 2151/2151/2151 2150/2150/2150 1484/1484/1484
f 1487/1487/1487 2150/2150/2150 2139/2139/2139
f 1442/1442/1442 2138/2138/2138 1888/1888/1888
f 1487/1487/1487 2138/2138/2138 1442/1442/1442
f 2139/2139/2139 2138/2138/2138 1487/1487/1487
f 2471/2471/2471 2472/2472/2472 2473/2473/2473
f 2473/2473/2473 2474/2474/2474 2471/2471/2471
f 2475/2475/2475 2476/2476/2476 2477/2477/2477
f 2477/2477/2477 2478/2478/2478 2475/2475/2475
f 2479/2479/2479 2480/2480/2480 2481/2481/2481
f 2481/2481/2481 2482/2482/2482 2479/2479/2479
f 2483/2483/2483 2484/2484/2484 2485/2485/2485
f 2485/2485/2485 2486/2486/2486 2483/2483/2483
f 2487/2487/2487 2488/2488/2488 2489/2489/2489
f 2489/2489/2489 2490/2490/2490 2487/2487/2487
f 2491/2491/2491 2492/2492/2492 2493/2493/2493
f 2493/2493/2493 2494/2494/2494 2491/2491/2491
f 2495/2495/2495 2496/2496/2496 2497/2497/2497
f 2497/2497/2497 2498/2498/2498 2495/2495/2495
f 2498/2498/2498 2497/2497/2497 2499/2499/2499
f 2499/2499/2499 2500/2500/2500 2498/2498/2498
f 2496/2496/2496 2501/2501/2501 2502/2502/2502
f 2502/2502/2502 2497/2497/2497 2496/2496/2496
f 2497/2497/2497 2502/2502/2502 2503/2503/2503
f 2503/2503/2503 2499/2499/2499 2497/2497/2497
f 2504/2504/2504 2505/2505/2505 2506/2506/2506
f 2506/2506/2506 2507/2507/2507 2504/2504/2504
f 2507/2507/2507 2506/2506/2506 2508/2508/2508
f 2508/2508/2508 2509/2509/2509 2507/2507/2507
f 2505/2505/2505 2510/2510/2510 2511/2511/2511
f 2511/2511/2511 2506/2506/2506 2505/2505/2505
f 2506/2506/2506 2511/2511/2511 2512/2512/2512
f 2512/2512/2512 2508/2508/2508 2506/2506/2506
f 2513/2513/2513 2514/2514/2514 2515/2515/2515
f 2515/2515/2515 2516/2516/2516 2513/2513/2513
f 2516/2516/2516 2515/2515/2515 2517/2517/2517
f 2517/2517/2517 2518/2518/2518 2516/2516/2516
f 2514/2514/2514 2519/2519/2519 2520/2520/2520
f 2520/2520/2520 2515/2515/2515 2514/2514/2514
f 2515/2515/2515 2520/2520/2520 2521/2521/2521
f 2521/2521/2521 2517/2517/2517 2515/2515/2515
f 2522/2522/2522 2523/2523/2523 2524/2524/2524
f 2524/2524/2524 2525/2525/2525 2522/2522/2522
f 2525/2525/2525 2524/2524/2524 2526/2526/2526
f 2526/2526/2526 2527/2527/2527 2525/2525/2525
f 2523/2523/2523 2528/2528/2528 2529/2529/2529
f 2529/2529/2529 2524/2524/2524 2523/2523/2523
f 2524/2524/2524 2529/2529/2529 2530/2530/2530
f 2530/2530/2530 2526/2526/2526 2524/2524/2524
f 2531/2531/2531 2532/2532/2532 2533/2533/2533
f 2533/2533/2533 2534/2534/2534 2531/2531/2531
f 2534/2534/2534 2533/2533/2533 2535/2535/2535
f 2535/2535/2535 2536/2536/2536 2534/2534/2534
f 2532/2532/2532 2537/2537/2537 2538/2538/2538
f 2538/2538/2538 2533/2533/2533 2532/2532/2532
f 2533/2533/2533 2538/2538/2538 2539/2539/2539
f 2539/2539/2539 2535/2535/2535 2533/2533/2533
f 2540/2540/2540 2541/2541/2541 2542/2542/2542
f 2542/2542/2542 2543/2543/2543 2540/2540/2540
f 2543/2543/2543 2542/2542/2542 2544/2544/2544
f 2544/2544/2544 2545/2545/2545 2543/2543/2543
f 2541/2541/2541 2546/2546/2546 2547/2547/2547
f 2547/2547/2547 2542/2542/2542 2541/2541/2541
f 2542/2542/2542 2547/2547/2547 2548/2548/2548
f 2548/2548/2548 2544/2544/2544 2542/2542/2542
f 2549/2549/2549 2550/2550/2550 2551/2551/2551
f 2551/2551/2551 2552/2552/2552 2549/2549/2549
f 2552/2552/2552 2551/2551/2551 2553/2553/2553
f 2553/2553/2553 2554/2554/2554 2552/2552/2552
f 2550/2550/2550 2555/2555/2555 2556/2556/2556
f 2556/2556/2556 2551/2551/2551 2550/2550/2550
f 2551/2551/2551 2556/2556/2556 2557/2557/2557
f 2557/2557/2557 2553/2553/2553 2551/2551/2551
f 2558/2558/2558 2559/2559/2559 2560/2560/2560
f 2560/2560/2560 2561/2561/2561 2558/2558/2558
f 2561/2561/2561 2560/2560/2560 2562/2562/2562
f 2562/2562/2562 2563/2563/2563 2561/2561/2561
f 2559/2559/2559 2564/2564/2564 2565/2565/2565
f 2565/2565/2565 2560/2560/2560 2559/2559/2559
f 2560/2560/2560 2565/2565/2565 2566/2566/2566
f 2566/2566/2566 2562/2562/2562 2560/2560/2560
f 2567/2567/2567 2568/2568/2568 2569/2569/2569
f 2569/2569/2569 2570/2570/2570 2567/2567/2567
f 2570/2570/2570 2569/2569/2569 2571/2571/2571
f 2571/2571/2571 2572/2572/2572 2570/2570/2570
f 2568/2568/2568 2573/2573/2573 2574/2574/2574
f 2574/2574/2574 2569/2569/2569 2568/2568/2568
f 2569/2569/2569 2574/2574/2574 2575/2575/2575
f 2575/2575/2575 2571/2571/2571 2569/2569/2569
f 2576/2576/2576 2577/2577/2577 2578/2578/2578
f 2578/2578/2578 2579/2579/2579 2576/2576/2576
f 2579/2579/2579 2578/2578/2578 2580/2580/2580
f 2580/2580/2580 2581/2581/2581 2579/2579/2579
f 2577/2577/2577 2582/2582/2582 2583/2583/2583
f 2583/2583/2583 2578/2578/2578 2577/2577/2577
f 2578/2578/2578 2583/2583/2583 2584/2584/2584
f 2584/2584/2584 2580/2580/2580 2578/2578/2578
f 2585/2585/2585 2586/2586/2586 2587/2587/2587
f 2587/2587/2587 2588/2588/2588 2585/2585/2585
f 2588/2588/2588 2587/2587/2587 2589/2589/2589
f 2589/2589/2589 2590/2590/2590 2588/2588/2588
f 2586/2586/2586 2591/2591/2591 2592/2592/2592
f 2592/2592/2592 2587/2587/2587 2586/2586/2586
f 2587/2587/2587 2592/2592/2592 2593/2593/2593
f 2593/2593/2593 2589/2589/2589 2587/2587/2587
f 2594/2594/2594 2595/2595/2595 2596/2596/2596
f 2596/2596/2596 2597/2597/2597 2594/2594/2594
f 2597/2597/2597 2596/2596/2596 2598/2598/2598
f 2598/2598/2598 2599/2599/2599 2597/2597/2597
f 2595/2595/2595 2600/2600/2600 2601/2601/2601
f 2601/2601/2601 2596/2596/2596 2595/2595/2595
f 2596/2596/2596 2601/2601/2601 2602/2602/2602
f 2602/2602/2602 2598/2598/2598 2596/2596/2596
f 2603/2603/2603 2604/2604/2604 2605/2605/2605
f 2605/2605/2605 2606/2606/2606 2603/2603/2603
f 2606/2606/2606 2605/2605/2605 2607/2607/2607
f 2607/2607/2607 2608/2608/2608 2606/2606/2606
f 2604/2604/2604 2609/2609/2609 2610/2610/2610
f 2610/2610/2610 2605/2605/2605 2604/2604/2604
f 2605/2605/2605 2610/2610/2610 2611/2611/2611
f 2611/2611/2611 2607/2607/2607 2605/2605/2605
f 2612/2612/2612 2613/2613/2613 2614/2614/2614
f 2614/2614/2614 2615/2615/2615 2612/2612/2612
f 2615/2615/2615 2614/2614/2614 2616/2616/2616
f 2616/2616/2616 2617/2617/2617 2615/2615/2615
f 2613/2613/2613 2618/2618/2618 2619/2619/2619
f 2619/2619/2619 2614/2614/2614 2613/2613/2613
f 2614/2614/2614 2619/2619/2619 2620/2620/2620
f 2620/2620/2620 2616/2616/2616 2614/2614/2614
f 2621/2621/2621 2622/2622/2622 2623/2623/2623
f 2623/2623/2623 2624/2624/2624 2621/2621/2621
f 2624/2624/2624 2623/2623/2623 2625/2625/2625
f 2625/2625/2625 2626/2626/2626 2624/2624/2624
f 2622/2622/2622 2627/2627/2627 2628/2628/2628
f 2628/2628/2628 2623/2623/2623 2622/2622/2622
f 2623/2623/2623 2628/2628/2628 2629/2629/2629
f 2629/2629/2629 2625/2625/2625 2623/2623/2623
f 2630/2630/2630 2631/2631/2631 2632/2632/2632
f 2632/2632/2632 2633/2633/2633 2630/2630/2630
f 2633/2633/2633 2632/2632/2632 2634/2634/2634
f 2634/2634/2634 2635/2635/2635 2633/2633/2633
f 2631/2631/2631 2636/2636/2636 2637/2637/2637
f 2637/2637/2637 2632/2632/2632 2631/2631/2631
f 2632/2632/2632 2637/2637/2637 2638/2638/2638
f 2638/2638/2638 2634/2634/2634 2632/2632/2632
f 2639/2639/2639 2640/2640/2640 2641/2641/2641
f 2641/2641/2641 2642/2642/2642 2639/2639/2639
f 2642/2642/2642 2641/2641/2641 2643/2643/2643
f 2643/2643/2643 2644/2644/2644 2642/2642/2642
f 2640/2640/2640 2645/2645/2645 2646/2646/2646
f 2646/2646/2646 2641/2641/2641 2640/2640/2640
f 2641/2641/2641 2646/2646/2646 2647/2647/2647
f 2647/2647/2647 2643/2643/2643 2641/2641/2641
f 2648/2648/2648 2649/2649/2649 2650/2650/2650
f 2650/2650/2650 2651/2651/2651 2648/2648/2648
f 2651/2651/2651 2650/2650/2650 2652/2652/2652
f 2652/2652/2652 2653/2653/2653 2651/2651/2651
f 2649/2649/2649 2654/2654/2654 2655/2655/2655
f 2655/2655/2655 2650/2650/2650 2649/2649/2649
f 2650/2650/2650 2655/2655/2655 2656/2656/2656
f 2656/2656/2656 2652/2652/2652 2650/2650/2650
f 2657/2657/2657 2658/2658/2658 2659/2659/2659
f 2659/2659/2659 2660/2660/2660 2657/2657/2657
f 2660/2660/2660 2659/2659/2659 2661/2661/2661
f 2661/2661/2661 2662/2662/2662 2660/2660/2660
f 2658/2658/2658 2663/2663/2663 2664/2664/2664
f 2664/2664/2664 2659/2659/2659 2658/2658/2658
f 2659/2659/2659 2664/2664/2664 2665/2665/2665
f 2665/2665/2665 2661/2661/2661 2659/2659/2659
f 2666/2666/2666 2667/2667/2667 2668/2668/2668
f 2668/2668/2668 2669/2669/2669 2666/2666/2666
f 2669/2669/2669 2668/2668/2668 2670/2670/2670
f 2670/2670/2670 2671/2671/2671 2669/2669/2669
f 2667/2667/2667 2672/2672/2672 2673/2673/2673
f 2673/2673/2673 2668/2668/2668 2667/2667/2667
f 2668/2668/2668 2673/2673/2673 2674/2674/2674
f 2674/2674/2674 2670/2670/2670 2668/2668/2668
f 2675/2675/2675 2676/2676/2676 2677/2677/2677
f 2677/2677/2677 2678/2678/2678 2675/2675/2675
f 2678/2678/2678 2677/2677/2677 2679/2679/2679
f 2679/2679/2679 2680/2680/2680 2678/2678/2678
f 2676/2676/2676 2681/2681/2681 2682/2682/2682
f 2682/2682/2682 2677/2677/2677 2676/2676/2676
f 2677/2677/2677 2682/2682/2682 2683/2683/2683
f 2683/2683/2683 2679/2679/2679 2677/2677/2677
f 2684/2684/2684 2685/2685/2685 2686/2686/2686
f 2686/2686/2686 2687/2687/2687 2684/2684/2684
f 2687/2687/2687 2686/2686/2686 2688/2688/2688
f 2688/2688/2688 2689/2689/2689 2687/2687/2687
f 2685/2685/2685 2690/2690/2690 2691/2691/2691
f 2691/2691/2691 2686/2686/2686 2685/2685/2685
f 2686/2686/2686 2691/2691/2691 2692/2692/2692
f 2692/2692/2692 2688/2688/2688 2686/2686/2686
f 2693/2693/2693 2694/2694/2694 2695/2695/2695
f 2695/2695/2695 2696/2696/2696 2693/2693/2693
f 2696/2696/2696 2695/2695/2695 2697/2697/2697
f 2697/2697/2697 2698/2698/2698 2696/2696/2696
f 2694/2694/2694 2699/2699/2699 2700/2700/2700
f 2700/2700/2700 2695/2695/2695 2694/2694/2694
f 2695/2695/2695 2700/2700/2700 2701/2701/2701
f 2701/2701/2701 2697/2697/2697 2695/2695/2695
f 2702/2702/2702 2703/2703/2703 2704/2704/2704
f 2704/2704/2704 2705/2705/2705 2702/2702/2702
f 2705/2705/2705 2704/2704/2704 2706/2706/2706
f 2706/2706/2706 2707/2707/2707 2705/2705/2705
f 2703/2703/2703 2708/2708/2708 2709/2709/2709
f 2709/2709/2709 2704/2704/2704 2703/2703/2703
f 2704/2704/2704 2709/2709/2709 2710/2710/2710
f 2710/2710/2710 2706/2706/2706 2704/2704/2704
f 2474/2474/2474 2711/2711/2711 2712/2712/2712
f 2712/2712/2712 2471/2471/2471 2474/2474/2474
f 2711/2711/2711 2713/2713/2713 2714/2714/2714
f 2714/2714/2714 2712/2712/2712 2711/2711/2711
f 2513/2513/2513 2504/2504/2504 2507/2507/2507
f 2507/2507/2507 2514/2514/2514 2513/2513/2513
f 2514/2514/2514 2507/2507/2507 2509/2509/2509
f 2509/2509/2509 2519/2519/2519 2514/2514/2514
f 2472/2472/2472 2715/2715/2715 2716/2716/2716
f 2716/2716/2716 2473/2473/2473 2472/2472/2472
f 2715/2715/2715 2717/2717/2717 2718/2718/2718
f 2718/2718/2718 2716/2716/2716 2715/2715/2715
f 2495/2495/2495 2522/2522/2522 2525/2525/2525
f 2525/2525/2525 2496/2496/2496 2495/2495/2495
f 2496/2496/2496 2525/2525/2525 2527/2527/2527
f 2527/2527/2527 2501/2501/2501 2496/2496/2496
f 2540/2540/2540 2531/2531/2531 2534/2534/2534
f 2534/2534/2534 2541/2541/2541 2540/2540/2540
f 2541/2541/2541 2534/2534/2534 2536/2536/2536
f 2536/2536/2536 2546/2546/2546 2541/2541/2541
f 2478/2478/2478 2719/2719/2719 2720/2720/2720
f 2720/2720/2720 2475/2475/2475 2478/2478/2478
f 2720/2720/2720 2719/2719/2719 2721/2721/2721
f 2721/2721/2721 2722/2722/2722 2720/2720/2720
f 2558/2558/2558 2549/2549/2549 2552/2552/2552
f 2552/2552/2552 2559/2559/2559 2558/2558/2558
f 2559/2559/2559 2552/2552/2552 2554/2554/2554
f 2554/2554/2554 2564/2564/2564 2559/2559/2559
f 2476/2476/2476 2723/2723/2723 2724/2724/2724
f 2724/2724/2724 2477/2477/2477 2476/2476/2476
f 2723/2723/2723 2725/2725/2725 2726/2726/2726
f 2726/2726/2726 2724/2724/2724 2723/2723/2723
f 2576/2576/2576 2567/2567/2567 2570/2570/2570
f 2570/2570/2570 2577/2577/2577 2576/2576/2576
f 2577/2577/2577 2570/2570/2570 2572/2572/2572
f 2572/2572/2572 2582/2582/2582 2577/2577/2577
f 2479/2479/2479 2727/2727/2727 2728/2728/2728
f 2728/2728/2728 2729/2729/2729 2479/2479/2479
f 2727/2727/2727 2730/2730/2730 2731/2731/2731
f 2731/2731/2731 2728/2728/2728 2727/2727/2727
f 2594/2594/2594 2585/2585/2585 2588/2588/2588
f 2588/2588/2588 2595/2595/2595 2594/2594/2594
f 2595/2595/2595 2588/2588/2588 2590/2590/2590
f 2590/2590/2590 2600/2600/2600 2595/2595/2595
f 2480/2480/2480 2732/2732/2732 2733/2733/2733
f 2733/2733/2733 2481/2481/2481 2480/2480/2480
f 2732/2732/2732 2734/2734/2734 2735/2735/2735
f 2735/2735/2735 2733/2733/2733 2732/2732/2732
f 2736/2736/2736 2737/2737/2737 2738/2738/2738
f 2738/2738/2738 2739/2739/2739 2736/2736/2736
f 2737/2737/2737 2740/2740/2740 2741/2741/2741
f 2741/2741/2741 2738/2738/2738 2737/2737/2737
f 2742/2742/2742 2743/2743/2743 2744/2744/2744
f 2744/2744/2744 2745/2745/2745 2742/2742/2742
f 2743/2743/2743 2746/2746/2746 2747/2747/2747
f 2747/2747/2747 2744/2744/2744 2743/2743/2743
f 2748/2748/2748 2749/2749/2749 2750/2750/2750
f 2750/2750/2750 2751/2751/2751 2748/2748/2748
f 2749/2749/2749 2752/2752/2752 2753/2753/2753
f 2753/2753/2753 2750/2750/2750 2749/2749/2749
f 2754/2754/2754 2755/2755/2755 2756/2756/2756
f 2756/2756/2756 2757/2757/2757 2754/2754/2754
f 2755/2755/2755 2758/2758/2758 2759/2759/2759
f 2759/2759/2759 2756/2756/2756 2755/2755/2755
f 2648/2648/2648 2639/2639/2639 2642/2642/2642
f 2642/2642/2642 2649/2649/2649 2648/2648/2648
f 2649/2649/2649 2642/2642/2642 2644/2644/2644
f 2644/2644/2644 2654/2654/2654 2649/2649/2649
f 2487/2487/2487 2760/2760/2760 2761/2761/2761
f 2761/2761/2761 2762/2762/2762 2487/2487/2487
f 2760/2760/2760 2763/2763/2763 2764/2764/2764
f 2764/2764/2764 2761/2761/2761 2760/2760/2760
f 2666/2666/2666 2657/2657/2657 2660/2660/2660
f 2660/2660/2660 2667/2667/2667 2666/2666/2666
f 2667/2667/2667 2660/2660/2660 2662/2662/2662
f 2662/2662/2662 2672/2672/2672 2667/2667/2667
f 2488/2488/2488 2765/2765/2765 2766/2766/2766
f 2766/2766/2766 2489/2489/2489 2488/2488/2488
f 2765/2765/2765 2767/2767/2767 2768/2768/2768
f 2768/2768/2768 2766/2766/2766 2765/2765/2765
f 2769/2769/2769 2770/2770/2770 2771/2771/2771
f 2771/2771/2771 2772/2772/2772 2769/2769/2769
f 2770/2770/2770 2773/2773/2773 2774/2774/2774
f 2774/2774/2774 2771/2771/2771 2770/2770/2770
f 2775/2775/2775 2776/2776/2776 2777/2777/2777
f 2777/2777/2777 2778/2778/2778 2775/2775/2775
f 2776/2776/2776 2779/2779/2779 2780/2780/2780
f 2780/2780/2780 2777/2777/2777 2776/2776/2776
f 2781/2781/2781 2782/2782/2782 2783/2783/2783
f 2783/2783/2783 2784/2784/2784 2781/2781/2781
f 2782/2782/2782 2785/2785/2785 2786/2786/2786
f 2786/2786/2786 2783/2783/2783 2782/2782/2782
f 2787/2787/2787 2788/2788/2788 2789/2789/2789
f 2789/2789/2789 2790/2790/2790 2787/2787/2787
f 2788/2788/2788 2791/2791/2791 2792/2792/2792
f 2792/2792/2792 2789/2789/2789 2788/2788/2788
f 2504/2504/2504 2513/2513/2513 2472/2472/2472
f 2472/2472/2472 2471/2471/2471 2504/2504/2504
f 2522/2522/2522 2495/2495/2495 2474/2474/2474
f 2474/2474/2474 2473/2473/2473 2522/2522/2522
f 2549/2549/2549 2558/2558/2558 2476/2476/2476
f 2476/2476/2476 2475/2475/2475 2549/2549/2549
f 2531/2531/2531 2540/2540/2540 2478/2478/2478
f 2478/2478/2478 2477/2477/2477 2531/2531/2531
f 2742/2742/2742 2483/2483/2483 2486/2486/2486
f 2486/2486/2486 2793/2793/2793 2742/2742/2742
f 2754/2754/2754 2484/2484/2484 2794/2794/2794
f 2794/2794/2794 2795/2795/2795 2754/2754/2754
f 2775/2775/2775 2491/2491/2491 2494/2494/2494
f 2494/2494/2494 2796/2796/2796 2775/2775/2775
f 2787/2787/2787 2492/2492/2492 2797/2797/2797
f 2797/2797/2797 2798/2798/2798 2787/2787/2787
f 2495/2495/2495 2498/2498/2498 2711/2711/2711
f 2711/2711/2711 2474/2474/2474 2495/2495/2495
f 2505/2505/2505 2504/2504/2504 2471/2471/2471
f 2471/2471/2471 2712/2712/2712 2505/2505/2505
f 2498/2498/2498 2500/2500/2500 2713/2713/2713
f 2713/2713/2713 2711/2711/2711 2498/2498/2498
f 2510/2510/2510 2505/2505/2505 2712/2712/2712
f 2712/2712/2712 2714/2714/2714 2510/2510/2510
f 2513/2513/2513 2516/2516/2516 2715/2715/2715
f 2715/2715/2715 2472/2472/2472 2513/2513/2513
f 2523/2523/2523 2522/2522/2522 2473/2473/2473
f 2473/2473/2473 2716/2716/2716 2523/2523/2523
f 2516/2516/2516 2518/2518/2518 2717/2717/2717
f 2717/2717/2717 2715/2715/2715 2516/2516/2516
f 2528/2528/2528 2523/2523/2523 2716/2716/2716
f 2716/2716/2716 2718/2718/2718 2528/2528/2528
f 2540/2540/2540 2543/2543/2543 2719/2719/2719
f 2719/2719/2719 2478/2478/2478 2540/2540/2540
f 2550/2550/2550 2549/2549/2549 2475/2475/2475
f 2475/2475/2475 2720/2720/2720 2550/2550/2550
f 2543/2543/2543 2545/2545/2545 2721/2721/2721
f 2721/2721/2721 2719/2719/2719 2543/2543/2543
f 2720/2720/2720 2722/2722/2722 2555/2555/2555
f 2555/2555/2555 2550/2550/2550 2720/2720/2720
f 2558/2558/2558 2561/2561/2561 2723/2723/2723
f 2723/2723/2723 2476/2476/2476 2558/2558/2558
f 2532/2532/2532 2531/2531/2531 2477/2477/2477
f 2477/2477/2477 2724/2724/2724 2532/2532/2532
f 2561/2561/2561 2563/2563/2563 2725/2725/2725
f 2725/2725/2725 2723/2723/2723 2561/2561/2561
f 2537/2537/2537 2532/2532/2532 2724/2724/2724
f 2724/2724/2724 2726/2726/2726 2537/2537/2537
f 2603/2603/2603 2606/2606/2606 2737/2737/2737
f 2737/2737/2737 2736/2736/2736 2603/2603/2603
f 2613/2613/2613 2612/2612/2612 2739/2739/2739
f 2739/2739/2739 2738/2738/2738 2613/2613/2613
f 2606/2606/2606 2608/2608/2608 2740/2740/2740
f 2740/2740/2740 2737/2737/2737 2606/2606/2606
f 2618/2618/2618 2613/2613/2613 2738/2738/2738
f 2738/2738/2738 2741/2741/2741 2618/2618/2618
f 2621/2621/2621 2624/2624/2624 2749/2749/2749
f 2749/2749/2749 2748/2748/2748 2621/2621/2621
f 2631/2631/2631 2630/2630/2630 2751/2751/2751
f 2751/2751/2751 2750/2750/2750 2631/2631/2631
f 2624/2624/2624 2626/2626/2626 2752/2752/2752
f 2752/2752/2752 2749/2749/2749 2624/2624/2624
f 2636/2636/2636 2631/2631/2631 2750/2750/2750
f 2750/2750/2750 2753/2753/2753 2636/2636/2636
f 2675/2675/2675 2678/2678/2678 2770/2770/2770
f 2770/2770/2770 2769/2769/2769 2675/2675/2675
f 2685/2685/2685 2684/2684/2684 2772/2772/2772
f 2772/2772/2772 2771/2771/2771 2685/2685/2685
f 2678/2678/2678 2680/2680/2680 2773/2773/2773
f 2773/2773/2773 2770/2770/2770 2678/2678/2678
f 2690/2690/2690 2685/2685/2685 2771/2771/2771
f 2771/2771/2771 2774/2774/2774 2690/2690/2690
f 2693/2693/2693 2696/2696/2696 2782/2782/2782
f 2782/2782/2782 2781/2781/2781 2693/2693/2693
f 2703/2703/2703 2702/2702/2702 2784/2784/2784
f 2784/2784/2784 2783/2783/2783 2703/2703/2703
f 2696/2696/2696 2698/2698/2698 2785/2785/2785
f 2785/2785/2785 2782/2782/2782 2696/2696/2696
f 2708/2708/2708 2703/2703/2703 2783/2783/2783
f 2783/2783/2783 2786/2786/2786 2708/2708/2708
f 2585/2585/2585 2594/2594/2594 2799/2799/2799
f 2799/2799/2799 2729/2729/2729 2585/2585/2585
f 2479/2479/2479 2729/2729/2729 2799/2799/2799
f 2799/2799/2799 2480/2480/2480 2479/2479/2479
f 2567/2567/2567 2576/2576/2576 2482/2482/2482
f 2482/2482/2482 2481/2481/2481 2567/2567/2567
f 2748/2748/2748 2751/2751/2751 2794/2794/2794
f 2794/2794/2794 2800/2800/2800 2748/2748/2748
f 2800/2800/2800 2794/2794/2794 2484/2484/2484
f 2484/2484/2484 2483/2483/2483 2800/2800/2800
f 2736/2736/2736 2739/2739/2739 2486/2486/2486
f 2486/2486/2486 2485/2485/2485 2736/2736/2736
f 2657/2657/2657 2666/2666/2666 2801/2801/2801
f 2801/2801/2801 2762/2762/2762 2657/2657/2657
f 2762/2762/2762 2801/2801/2801 2488/2488/2488
f 2488/2488/2488 2487/2487/2487 2762/2762/2762
f 2639/2639/2639 2648/2648/2648 2490/2490/2490
f 2490/2490/2490 2489/2489/2489 2639/2639/2639
f 2781/2781/2781 2784/2784/2784 2797/2797/2797
f 2797/2797/2797 2802/2802/2802 2781/2781/2781
f 2491/2491/2491 2802/2802/2802 2797/2797/2797
f 2797/2797/2797 2492/2492/2492 2491/2491/2491
f 2769/2769/2769 2772/2772/2772 2494/2494/2494
f 2494/2494/2494 2493/2493/2493 2769/2769/2769
f 2576/2576/2576 2579/2579/2579 2803/2803/2803
f 2803/2803/2803 2482/2482/2482 2576/2576/2576
f 2479/2479/2479 2482/2482/2482 2803/2803/2803
f 2803/2803/2803 2727/2727/2727 2479/2479/2479
f 2586/2586/2586 2585/2585/2585 2729/2729/2729
f 2729/2729/2729 2728/2728/2728 2586/2586/2586
f 2579/2579/2579 2581/2581/2581 2804/2804/2804
f 2804/2804/2804 2803/2803/2803 2579/2579/2579
f 2803/2803/2803 2804/2804/2804 2730/2730/2730
f 2730/2730/2730 2727/2727/2727 2803/2803/2803
f 2591/2591/2591 2586/2586/2586 2728/2728/2728
f 2728/2728/2728 2731/2731/2731 2591/2591/2591
f 2594/2594/2594 2597/2597/2597 2805/2805/2805
f 2805/2805/2805 2799/2799/2799 2594/2594/2594
f 2799/2799/2799 2805/2805/2805 2732/2732/2732
f 2732/2732/2732 2480/2480/2480 2799/2799/2799
f 2568/2568/2568 2567/2567/2567 2481/2481/2481
f 2481/2481/2481 2733/2733/2733 2568/2568/2568
f 2597/2597/2597 2599/2599/2599 2806/2806/2806
f 2806/2806/2806 2805/2805/2805 2597/2597/2597
f 2805/2805/2805 2806/2806/2806 2734/2734/2734
f 2734/2734/2734 2732/2732/2732 2805/2805/2805
f 2573/2573/2573 2568/2568/2568 2733/2733/2733
f 2733/2733/2733 2735/2735/2735 2573/2573/2573
f 2612/2612/2612 2615/2615/2615 2807/2807/2807
f 2807/2807/2807 2793/2793/2793 2612/2612/2612
f 2793/2793/2793 2807/2807/2807 2743/2743/2743
f 2743/2743/2743 2742/2742/2742 2793/2793/2793
f 2622/2622/2622 2621/2621/2621 2745/2745/2745
f 2745/2745/2745 2744/2744/2744 2622/2622/2622
f 2615/2615/2615 2617/2617/2617 2808/2808/2808
f 2808/2808/2808 2807/2807/2807 2615/2615/2615
f 2807/2807/2807 2808/2808/2808 2746/2746/2746
f 2746/2746/2746 2743/2743/2743 2807/2807/2807
f 2627/2627/2627 2622/2622/2622 2744/2744/2744
f 2744/2744/2744 2747/2747/2747 2627/2627/2627
f 2630/2630/2630 2633/2633/2633 2809/2809/2809
f 2809/2809/2809 2795/2795/2795 2630/2630/2630
f 2795/2795/2795 2809/2809/2809 2755/2755/2755
f 2755/2755/2755 2754/2754/2754 2795/2795/2795
f 2604/2604/2604 2603/2603/2603 2757/2757/2757
f 2757/2757/2757 2756/2756/2756 2604/2604/2604
f 2633/2633/2633 2635/2635/2635 2810/2810/2810
f 2810/2810/2810 2809/2809/2809 2633/2633/2633
f 2809/2809/2809 2810/2810/2810 2758/2758/2758
f 2758/2758/2758 2755/2755/2755 2809/2809/2809
f 2609/2609/2609 2604/2604/2604 2756/2756/2756
f 2756/2756/2756 2759/2759/2759 2609/2609/2609
f 2648/2648/2648 2651/2651/2651 2811/2811/2811
f 2811/2811/2811 2490/2490/2490 2648/2648/2648
f 2490/2490/2490 2811/2811/2811 2760/2760/2760
f 2760/2760/2760 2487/2487/2487 2490/2490/2490
f 2658/2658/2658 2657/2657/2657 2762/2762/2762
f 2762/2762/2762 2761/2761/2761 2658/2658/2658
f 2651/2651/2651 2653/2653/2653 2812/2812/2812
f 2812/2812/2812 2811/2811/2811 2651/2651/2651
f 2811/2811/2811 2812/2812/2812 2763/2763/2763
f 2763/2763/2763 2760/2760/2760 2811/2811/2811
f 2663/2663/2663 2658/2658/2658 2761/2761/2761
f 2761/2761/2761 2764/2764/2764 2663/2663/2663
f 2666/2666/2666 2669/2669/2669 2813/2813/2813
f 2813/2813/2813 2801/2801/2801 2666/2666/2666
f 2801/2801/2801 2813/2813/2813 2765/2765/2765
f 2765/2765/2765 2488/2488/2488 2801/2801/2801
f 2640/2640/2640 2639/2639/2639 2489/2489/2489
f 2489/2489/2489 2766/2766/2766 2640/2640/2640
f 2669/2669/2669 2671/2671/2671 2814/2814/2814
f 2814/2814/2814 2813/2813/2813 2669/2669/2669
f 2813/2813/2813 2814/2814/2814 2767/2767/2767
f 2767/2767/2767 2765/2765/2765 2813/2813/2813
f 2645/2645/2645 2640/2640/2640 2766/2766/2766
f 2766/2766/2766 2768/2768/2768 2645/2645/2645
f 2684/2684/2684 2687/2687/2687 2815/2815/2815
f 2815/2815/2815 2796/2796/2796 2684/2684/2684
f 2775/2775/2775 2796/2796/2796 2815/2815/2815
f 2815/2815/2815 2776/2776/2776 2775/2775/2775
f 2694/2694/2694 2693/2693/2693 2778/2778/2778
f 2778/2778/2778 2777/2777/2777 2694/2694/2694
f 2687/2687/2687 2689/2689/2689 2816/2816/2816
f 2816/2816/2816 2815/2815/2815 2687/2687/2687
f 2776/2776/2776 2815/2815/2815 2816/2816/2816
f 2816/2816/2816 2779/2779/2779 2776/2776/2776
f 2699/2699/2699 2694/2694/2694 2777/2777/2777
f 2777/2777/2777 2780/2780/2780 2699/2699/2699
f 2702/2702/2702 2705/2705/2705 2817/2817/2817
f 2817/2817/2817 2798/2798/2798 2702/2702/2702
f 2787/2787/2787 2798/2798/2798 2817/2817/2817
f 2817/2817/2817 2788/2788/2788 2787/2787/2787
f 2676/2676/2676 2675/2675/2675 2790/2790/2790
f 2790/2790/2790 2789/2789/2789 2676/2676/2676
f 2705/2705/2705 2707/2707/2707 2818/2818/2818
f 2818/2818/2818 2817/2817/2817 2705/2705/2705
f 2817/2817/2817 2818/2818/2818 2791/2791/2791
f 2791/2791/2791 2788/2788/2788 2817/2817/2817
f 2681/2681/2681 2676/2676/2676 2789/2789/2789
f 2789/2789/2789 2792/2792/2792 2681/2681/2681
f 2621/2621/2621 2748/2748/2748 2800/2800/2800
f 2800/2800/2800 2745/2745/2745 2621/2621/2621
f 2745/2745/2745 2800/2800/2800 2483/2483/2483
f 2483/2483/2483 2742/2742/2742 2745/2745/2745
f 2739/2739/2739 2612/2612/2612 2793/2793/2793
f 2793/2793/2793 2486/2486/2486 2739/2739/2739
f 2603/2603/2603 2736/2736/2736 2485/2485/2485
f 2485/2485/2485 2757/2757/2757 2603/2603/2603
f 2757/2757/2757 2485/2485/2485 2484/2484/2484
f 2484/2484/2484 2754/2754/2754 2757/2757/2757
f 2751/2751/2751 2630/2630/2630 2795/2795/2795
f 2795/2795/2795 2794/2794/2794 2751/2751/2751
f 2693/2693/2693 2781/2781/2781 2802/2802/2802
f 2802/2802/2802 2778/2778/2778 2693/2693/2693
f 2775/2775/2775 2778/2778/2778 2802/2802/2802
f 2802/2802/2802 2491/2491/2491 2775/2775/2775
f 2772/2772/2772 2684/2684/2684 2796/2796/2796
f 2796/2796/2796 2494/2494/2494 2772/2772/2772
f 2675/2675/2675 2769/2769/2769 2493/2493/2493
f 2493/2493/2493 2790/2790/2790 2675/2675/2675
f 2787/2787/2787 2790/2790/2790 2493/2493/2493
f 2493/2493/2493 2492/2492/2492 2787/2787/2787
f 2784/2784/2784 2702/2702/2702 2798/2798/2798
f 2798/2798/2798 2797/2797/2797 2784/2784/2784

