# https://github.com/mikedh/trimesh
mtllib material.mtl
usemtl material_0
v 0.33229601 0.58080500 -0.29706997
v 0.33229601 0.59655493 -0.29706997
v 0.73185700 0.59655493 -0.29706997
v 0.73185700 0.58080500 -0.29706997
v 0.73185700 0.59655493 0.29922909
v 0.33229601 0.59655493 0.29922909
v 0.33229601 0.58080500 0.29922909
v 0.73185700 0.58080500 0.29922807
v 0.73285699 0.59655493 -0.29606998
v 0.73285699 0.59655493 0.29822904
v 0.73285699 0.58080500 0.29822904
v 0.73285699 0.58080500 -0.29606998
v 0.33229601 0.59755498 -0.29606998
v 0.33229601 0.59755498 0.29822904
v 0.73185700 0.59755498 0.29822904
v 0.73185700 0.59755498 -0.29606998
v 0.33129600 0.58080500 -0.29606998
v 0.33129600 0.58080500 0.29822904
v 0.33129600 0.59655493 0.29822904
v 0.33129600 0.59655493 -0.29606998
v 0.73185700 0.57980502 -0.29606998
v 0.73185700 0.57980502 0.29822904
v 0.33229601 0.57980502 0.29822904
v 0.33229601 0.57980502 -0.29606998
v 0.73229498 0.58080500 -0.29700696
v 0.73226303 0.58039892 -0.29694498
v 0.73185700 0.58036798 -0.29700696
v 0.73220098 0.58008695 -0.29678798
v 0.73185700 0.58005500 -0.29681998
v 0.73260701 0.58080500 -0.29681998
v 0.73257601 0.58046198 -0.29678798
v 0.73248196 0.58017993 -0.29669496
v 0.33229601 0.58036798 -0.29700696
v 0.33189002 0.58039892 -0.29694498
v 0.33185801 0.58080500 -0.29700696
v 0.33157703 0.58046198 -0.29678798
v 0.33154601 0.58080500 -0.29681998
v 0.33229601 0.58005500 -0.29681998
v 0.33195204 0.58008695 -0.29678798
v 0.33167100 0.58017993 -0.29669496
v 0.33185801 0.59655493 -0.29700696
v 0.33189002 0.59696102 -0.29694498
v 0.33229601 0.59699196 -0.29700696
v 0.33195204 0.59727299 -0.29678798
v 0.33229601 0.59730494 -0.29681998
v 0.33154601 0.59655493 -0.29681998
v 0.33157703 0.59689796 -0.29678798
v 0.33167100 0.59718001 -0.29669496
v 0.73185700 0.59699196 -0.29700696
v 0.73226303 0.59696102 -0.29694498
v 0.73229498 0.59655493 -0.29700696
v 0.73257601 0.59689796 -0.29678798
v 0.73260701 0.59655493 -0.29681998
v 0.73185700 0.59730494 -0.29681998
v 0.73220098 0.59727299 -0.29678798
v 0.73248196 0.59718001 -0.29669496
v 0.73185700 0.58036798 0.29916602
v 0.73226392 0.58039892 0.29910403
v 0.73229498 0.58080500 0.29916602
v 0.73257601 0.58046198 0.29894704
v 0.73260701 0.58080500 0.29897910
v 0.73185700 0.58005500 0.29897910
v 0.73220098 0.58008695 0.29894704
v 0.73248196 0.58017993 0.29885399
v 0.73229498 0.59655493 0.29916602
v 0.73226392 0.59696102 0.29910403
v 0.73185700 0.59699196 0.29916602
v 0.73220098 0.59727299 0.29894704
v 0.73185700 0.59730494 0.29897910
v 0.73260701 0.59655493 0.29897910
v 0.73257601 0.59689796 0.29894704
v 0.73248196 0.59718001 0.29885399
v 0.33229601 0.59699196 0.29916602
v 0.33189002 0.59696102 0.29910403
v 0.33185899 0.59655493 0.29916602
v 0.33157703 0.59689796 0.29894704
v 0.33154601 0.59655493 0.29897910
v 0.33229601 0.59730494 0.29897910
v 0.33195204 0.59727299 0.29894704
v 0.33167100 0.59718001 0.29885399
v 0.33185899 0.58080500 0.29916602
v 0.33189002 0.58039892 0.29910403
v 0.33229601 0.58036798 0.29916602
v 0.33195204 0.58008695 0.29894704
v 0.33229601 0.58005500 0.29897910
v 0.33154601 0.58080500 0.29897910
v 0.33157703 0.58046198 0.29894704
v 0.33167100 0.58017993 0.29885399
v 0.73279494 0.58036798 -0.29606998
v 0.73273200 0.58039892 -0.29647598
v 0.73279494 0.58080500 -0.29650697
v 0.73257601 0.58046198 -0.29678798
v 0.73260701 0.58080500 -0.29681998
v 0.73260701 0.58005500 -0.29606998
v 0.73257601 0.58008695 -0.29641396
v 0.73248196 0.58017993 -0.29669496
v 0.73279494 0.59655493 -0.29650697
v 0.73273200 0.59696102 -0.29647598
v 0.73279494 0.59699196 -0.29606998
v 0.73257601 0.59727299 -0.29641294
v 0.73260701 0.59730494 -0.29606998
v 0.73260701 0.59655493 -0.29681998
v 0.73257601 0.59689796 -0.29678798
v 0.73248196 0.59718001 -0.29669496
v 0.73279494 0.59699196 0.29822904
v 0.73273200 0.59696102 0.29863507
v 0.73279494 0.59655493 0.29866606
v 0.73257601 0.59689796 0.29894704
v 0.73260701 0.59655493 0.29897910
v 0.73260701 0.59730494 0.29822904
v 0.73257601 0.59727299 0.29857206
v 0.73248196 0.59718001 0.29885399
v 0.73279494 0.58080500 0.29866606
v 0.73273200 0.58039892 0.29863507
v 0.73279494 0.58036798 0.29822904
v 0.73257601 0.58008695 0.29857206
v 0.73260701 0.58005500 0.29822904
v 0.73260701 0.58080500 0.29897910
v 0.73257601 0.58046198 0.29894704
v 0.73248196 0.58017993 0.29885399
v 0.73229498 0.59749198 -0.29606998
v 0.73226303 0.59742999 -0.29647598
v 0.73185700 0.59749198 -0.29650697
v 0.73220098 0.59727299 -0.29678798
v 0.73185700 0.59730494 -0.29681998
v 0.73260701 0.59730494 -0.29606998
v 0.73257601 0.59727299 -0.29641294
v 0.73248196 0.59718001 -0.29669496
v 0.33229601 0.59749198 -0.29650697
v 0.33189002 0.59742999 -0.29647598
v 0.33185801 0.59749198 -0.29606998
v 0.33157703 0.59727299 -0.29641294
v 0.33154601 0.59730494 -0.29606998
v 0.33229601 0.59730494 -0.29681998
v 0.33195204 0.59727299 -0.29678798
v 0.33167100 0.59718001 -0.29669496
v 0.33185899 0.59749198 0.29822904
v 0.33189002 0.59742999 0.29863507
v 0.33229601 0.59749198 0.29866606
v 0.33195204 0.59727299 0.29894704
v 0.33229601 0.59730494 0.29897910
v 0.33154601 0.59730494 0.29822904
v 0.33157703 0.59727299 0.29857206
v 0.33167100 0.59718001 0.29885399
v 0.73185700 0.59749198 0.29866606
v 0.73226392 0.59742999 0.29863507
v 0.73229498 0.59749198 0.29822904
v 0.73257601 0.59727299 0.29857206
v 0.73260701 0.59730494 0.29822904
v 0.73185700 0.59730494 0.29897910
v 0.73220098 0.59727299 0.29894704
v 0.73248196 0.59718001 0.29885399
v 0.33135799 0.59699196 -0.29606998
v 0.33142102 0.59696102 -0.29647598
v 0.33135799 0.59655493 -0.29650697
v 0.33157703 0.59689796 -0.29678798
v 0.33154601 0.59655493 -0.29681998
v 0.33154601 0.59730494 -0.29606998
v 0.33157703 0.59727299 -0.29641294
v 0.33167100 0.59718001 -0.29669496
v 0.33135799 0.58080500 -0.29650697
v 0.33142102 0.58039892 -0.29647598
v 0.33135799 0.58036798 -0.29606998
v 0.33157703 0.58008695 -0.29641294
v 0.33154601 0.58005500 -0.29606998
v 0.33154601 0.58080500 -0.29681998
v 0.33157703 0.58046198 -0.29678798
v 0.33167100 0.58017993 -0.29669496
v 0.33135903 0.58036798 0.29822904
v 0.33142102 0.58039892 0.29863507
v 0.33135903 0.58080500 0.29866606
v 0.33157703 0.58046198 0.29894704
v 0.33154601 0.58080500 0.29897910
v 0.33154601 0.58005500 0.29822904
v 0.33157703 0.58008695 0.29857206
v 0.33167100 0.58017993 0.29885399
v 0.33135903 0.59655493 0.29866606
v 0.33142102 0.59696102 0.29863507
v 0.33135903 0.59699196 0.29822904
v 0.33157703 0.59727299 0.29857206
v 0.33154601 0.59730494 0.29822904
v 0.33154601 0.59655493 0.29897910
v 0.33157703 0.59689796 0.29894704
v 0.33167100 0.59718001 0.29885399
v 0.33185801 0.57986796 -0.29606998
v 0.33189002 0.57993001 -0.29647598
v 0.33229601 0.57986796 -0.29650697
v 0.33195204 0.58008695 -0.29678798
v 0.33229601 0.58005500 -0.29681998
v 0.33154601 0.58005500 -0.29606998
v 0.33157703 0.58008695 -0.29641294
v 0.33167100 0.58017993 -0.29669496
v 0.73185700 0.57986796 -0.29650697
v 0.73226303 0.57993001 -0.29647598
v 0.73229498 0.57986796 -0.29606998
v 0.73257601 0.58008695 -0.29641396
v 0.73260701 0.58005500 -0.29606998
v 0.73185700 0.58005500 -0.29681998
v 0.73220098 0.58008695 -0.29678798
v 0.73248196 0.58017993 -0.29669496
v 0.73229498 0.57986796 0.29822904
v 0.73226392 0.57993001 0.29863507
v 0.73185700 0.57986796 0.29866606
v 0.73220098 0.58008695 0.29894704
v 0.73185700 0.58005500 0.29897910
v 0.73260701 0.58005500 0.29822904
v 0.73257601 0.58008695 0.29857206
v 0.73248196 0.58017993 0.29885399
v 0.33229601 0.57986796 0.29866606
v 0.33189002 0.57993001 0.29863507
v 0.33185899 0.57986796 0.29822904
v 0.33157703 0.58008695 0.29857206
v 0.33154601 0.58005500 0.29822904
v 0.33229601 0.58005500 0.29897910
v 0.33195204 0.58008695 0.29894704
v 0.33167100 0.58017993 0.29885399
v 0.71610898 0.57896399 -0.29706997
v 0.73185802 0.57896399 -0.29706997
v 0.73185802 0.06972897 -0.29706997
v 0.71610898 0.06972897 -0.29706997
v 0.73185802 0.06972897 0.29922807
v 0.73185802 0.57896399 0.29922909
v 0.71610898 0.57896399 0.29922909
v 0.71610898 0.06972897 0.29922807
v 0.73185802 0.06872898 -0.29606998
v 0.73185802 0.06872898 0.29822904
v 0.71610898 0.06872898 0.29822803
v 0.71610898 0.06872898 -0.29606998
v 0.73285800 0.57896399 -0.29606998
v 0.73285800 0.57896399 0.29822904
v 0.73285800 0.06972897 0.29822904
v 0.73285800 0.06972897 -0.29606998
v 0.71610898 0.57996392 -0.29606998
v 0.71610898 0.57996392 0.29822904
v 0.73185802 0.57996392 0.29822904
v 0.73185802 0.57996392 -0.29606998
v 0.71510899 0.06972897 -0.29606998
v 0.71510899 0.06972897 0.29822803
v 0.71510899 0.57896399 0.29822904
v 0.71510899 0.57896399 -0.29606998
v 0.71610898 0.06929195 -0.29700696
v 0.71570301 0.06932294 -0.29694498
v 0.71567100 0.06972897 -0.29700696
v 0.71539003 0.06938499 -0.29678896
v 0.71535891 0.06972897 -0.29681998
v 0.71610898 0.06897897 -0.29681998
v 0.71576500 0.06901103 -0.29678896
v 0.71548402 0.06910396 -0.29669496
v 0.71567100 0.57896399 -0.29700696
v 0.71570301 0.57937002 -0.29694498
v 0.71610898 0.57940203 -0.29700696
v 0.71576500 0.57968301 -0.29678798
v 0.71610898 0.57971400 -0.29681998
v 0.71535891 0.57896399 -0.29681998
v 0.71539003 0.57930797 -0.29678798
v 0.71548402 0.57958901 -0.29669496
v 0.73185802 0.57940203 -0.29700696
v 0.73226392 0.57937002 -0.29694498
v 0.73229599 0.57896399 -0.29700696
v 0.73257703 0.57930797 -0.29678798
v 0.73260802 0.57896399 -0.29681998
v 0.73185802 0.57971400 -0.29681998
v 0.73220199 0.57968301 -0.29678798
v 0.73248297 0.57958901 -0.29669496
v 0.73229599 0.06972897 -0.29700696
v 0.73226392 0.06932294 -0.29694498
v 0.73185802 0.06929195 -0.29700696
v 0.73220199 0.06901103 -0.29678798
v 0.73185802 0.06897897 -0.29681998
v 0.73260802 0.06972897 -0.29681998
v 0.73257703 0.06938499 -0.29678798
v 0.73248297 0.06910396 -0.29669496
v 0.71567100 0.06972897 0.29916602
v 0.71570301 0.06932294 0.29910302
v 0.71610898 0.06929195 0.29916602
v 0.71576500 0.06901103 0.29894704
v 0.71610898 0.06897897 0.29897809
v 0.71535891 0.06972897 0.29897809
v 0.71539003 0.06938499 0.29894704
v 0.71548402 0.06910396 0.29885304
v 0.73185802 0.06929195 0.29916602
v 0.73226392 0.06932294 0.29910302
v 0.73229599 0.06972897 0.29916602
v 0.73257703 0.06938499 0.29894704
v 0.73260802 0.06972897 0.29897910
v 0.73185802 0.06897897 0.29897910
v 0.73220199 0.06901103 0.29894704
v 0.73248297 0.06910396 0.29885304
v 0.73229599 0.57896399 0.29916602
v 0.73226392 0.57937002 0.29910403
v 0.73185802 0.57940203 0.29916602
v 0.73220199 0.57968301 0.29894704
v 0.73185802 0.57971400 0.29897910
v 0.73260802 0.57896399 0.29897910
v 0.73257703 0.57930797 0.29894704
v 0.73248297 0.57958901 0.29885399
v 0.71610898 0.57940203 0.29916602
v 0.71570301 0.57937002 0.29910403
v 0.71567100 0.57896399 0.29916602
v 0.71539003 0.57930797 0.29894704
v 0.71535891 0.57896399 0.29897910
v 0.71610898 0.57971400 0.29897910
v 0.71576500 0.57968301 0.29894704
v 0.71548402 0.57958901 0.29885399
v 0.71567100 0.06879193 -0.29606998
v 0.71570301 0.06885397 -0.29647598
v 0.71610898 0.06879193 -0.29650697
v 0.71576500 0.06901103 -0.29678896
v 0.71610898 0.06897897 -0.29681998
v 0.71535891 0.06897897 -0.29606998
v 0.71539003 0.06901103 -0.29641396
v 0.71548402 0.06910396 -0.29669496
v 0.73185802 0.06879193 -0.29650697
v 0.73226392 0.06885397 -0.29647598
v 0.73229599 0.06879193 -0.29606998
v 0.73257703 0.06901103 -0.29641396
v 0.73260802 0.06897897 -0.29606998
v 0.73185802 0.06897897 -0.29681998
v 0.73220199 0.06901103 -0.29678798
v 0.73248297 0.06910396 -0.29669496
v 0.73229599 0.06879193 0.29822904
v 0.73226392 0.06885397 0.29863507
v 0.73185802 0.06879193 0.29866606
v 0.73220199 0.06901103 0.29894704
v 0.73185802 0.06897897 0.29897910
v 0.73260802 0.06897897 0.29822904
v 0.73257703 0.06901103 0.29857206
v 0.73248297 0.06910396 0.29885304
v 0.71610898 0.06879193 0.29866606
v 0.71570301 0.06885397 0.29863507
v 0.71567100 0.06879193 0.29822803
v 0.71539003 0.06901103 0.29857206
v 0.71535891 0.06897897 0.29822803
v 0.71610898 0.06897897 0.29897809
v 0.71576500 0.06901103 0.29894704
v 0.71548402 0.06910396 0.29885304
v 0.73279494 0.06929195 -0.29606998
v 0.73273301 0.06932294 -0.29647598
v 0.73279494 0.06972897 -0.29650697
v 0.73257703 0.06938499 -0.29678798
v 0.73260802 0.06972897 -0.29681998
v 0.73260802 0.06897897 -0.29606998
v 0.73257703 0.06901103 -0.29641396
v 0.73248297 0.06910396 -0.29669496
v 0.73279595 0.57896399 -0.29650697
v 0.73273301 0.57937002 -0.29647598
v 0.73279595 0.57940203 -0.29606998
v 0.73257703 0.57968301 -0.29641294
v 0.73260802 0.57971400 -0.29606998
v 0.73260802 0.57896399 -0.29681998
v 0.73257703 0.57930797 -0.29678798
v 0.73248297 0.57958901 -0.29669496
v 0.73279595 0.57940203 0.29822904
v 0.73273301 0.57937002 0.29863507
v 0.73279595 0.57896399 0.29866606
v 0.73257703 0.57930797 0.29894704
v 0.73260802 0.57896399 0.29897910
v 0.73260802 0.57971400 0.29822904
v 0.73257703 0.57968301 0.29857206
v 0.73248297 0.57958901 0.29885399
v 0.73279595 0.06972897 0.29866606
v 0.73273301 0.06932294 0.29863507
v 0.73279595 0.06929195 0.29822904
v 0.73257703 0.06901103 0.29857206
v 0.73260802 0.06897897 0.29822904
v 0.73260802 0.06972897 0.29897910
v 0.73257703 0.06938499 0.29894704
v 0.73248297 0.06910396 0.29885304
v 0.73229599 0.57990199 -0.29606998
v 0.73226392 0.57983899 -0.29647598
v 0.73185802 0.57990199 -0.29650697
v 0.73220199 0.57968301 -0.29678798
v 0.73185802 0.57971400 -0.29681998
v 0.73260802 0.57971400 -0.29606998
v 0.73257703 0.57968301 -0.29641294
v 0.73248297 0.57958901 -0.29669496
v 0.71610898 0.57990199 -0.29650697
v 0.71570301 0.57983899 -0.29647598
v 0.71567100 0.57990199 -0.29606998
v 0.71539003 0.57968301 -0.29641294
v 0.71535891 0.57971400 -0.29606998
v 0.71610898 0.57971400 -0.29681998
v 0.71576500 0.57968301 -0.29678798
v 0.71548402 0.57958901 -0.29669496
v 0.71567100 0.57990199 0.29822904
v 0.71570301 0.57983899 0.29863507
v 0.71610898 0.57990199 0.29866606
v 0.71576500 0.57968301 0.29894704
v 0.71610898 0.57971400 0.29897910
v 0.71535891 0.57971400 0.29822904
v 0.71539003 0.57968301 0.29857206
v 0.71548402 0.57958901 0.29885399
v 0.73185802 0.57990199 0.29866606
v 0.73226392 0.57983899 0.29863507
v 0.73229599 0.57990199 0.29822904
v 0.73257703 0.57968301 0.29857206
v 0.73260802 0.57971400 0.29822904
v 0.73185802 0.57971400 0.29897910
v 0.73220199 0.57968301 0.29894704
v 0.73248297 0.57958901 0.29885399
v 0.71517098 0.57940203 -0.29606998
v 0.71523398 0.57937002 -0.29647598
v 0.71517098 0.57896399 -0.29650697
v 0.71539003 0.57930797 -0.29678798
v 0.71535891 0.57896399 -0.29681998
v 0.71535891 0.57971400 -0.29606998
v 0.71539003 0.57968301 -0.29641294
v 0.71548402 0.57958901 -0.29669496
v 0.71517098 0.06972897 -0.29650697
v 0.71523398 0.06932294 -0.29647598
v 0.71517098 0.06929195 -0.29606998
v 0.71539003 0.06901103 -0.29641396
v 0.71535891 0.06897897 -0.29606998
v 0.71535891 0.06972897 -0.29681998
v 0.71539003 0.06938499 -0.29678896
v 0.71548402 0.06910396 -0.29669496
v 0.71517098 0.06929195 0.29822803
v 0.71523398 0.06932294 0.29863507
v 0.71517098 0.06972897 0.29866606
v 0.71539003 0.06938499 0.29894704
v 0.71535891 0.06972897 0.29897809
v 0.71535891 0.06897897 0.29822803
v 0.71539003 0.06901103 0.29857206
v 0.71548402 0.06910396 0.29885304
v 0.71517098 0.57896399 0.29866606
v 0.71523398 0.57937002 0.29863507
v 0.71517098 0.57940203 0.29822904
v 0.71539003 0.57968301 0.29857206
v 0.71535891 0.57971400 0.29822904
v 0.71535891 0.57896399 0.29897910
v 0.71539003 0.57930797 0.29894704
v 0.71548402 0.57958901 0.29885399
v 0.33229700 0.57896399 -0.29706997
v 0.34804702 0.57896399 -0.29706997
v 0.34804600 0.06972897 -0.29706997
v 0.33229700 0.06972897 -0.29706997
v 0.34804702 0.06972897 0.29922909
v 0.34804702 0.57896399 0.29922909
v 0.33229700 0.57896399 0.29922909
v 0.33229700 0.06972897 0.29922909
v 0.34804600 0.06872898 -0.29606998
v 0.34804702 0.06872898 0.29822904
v 0.33229700 0.06872898 0.29822904
v 0.33229700 0.06872898 -0.29606998
v 0.34904703 0.57896399 -0.29606998
v 0.34904703 0.57896399 0.29822904
v 0.34904703 0.06972897 0.29822904
v 0.34904599 0.06972897 -0.29606998
v 0.33229700 0.57996392 -0.29606998
v 0.33229700 0.57996392 0.29822904
v 0.34804702 0.57996392 0.29822904
v 0.34804702 0.57996392 -0.29606998
v 0.33129701 0.06972897 -0.29606998
v 0.33129701 0.06972897 0.29822904
v 0.33129701 0.57896399 0.29822904
v 0.33129701 0.57896399 -0.29606998
v 0.33229700 0.06929195 -0.29700696
v 0.33189103 0.06932294 -0.29694498
v 0.33186001 0.06972897 -0.29700696
v 0.33157802 0.06938595 -0.29678798
v 0.33154699 0.06972897 -0.29681998
v 0.33229700 0.06897897 -0.29681998
v 0.33195299 0.06901103 -0.29678798
v 0.33167204 0.06910396 -0.29669496
v 0.33186001 0.57896399 -0.29700696
v 0.33189103 0.57937098 -0.29694498
v 0.33229700 0.57940203 -0.29700696
v 0.33195400 0.57968301 -0.29678798
v 0.33229700 0.57971400 -0.29681998
v 0.33154699 0.57896399 -0.29681998
v 0.33157900 0.57930797 -0.29678798
v 0.33167204 0.57958901 -0.29669496
v 0.34804702 0.57940203 -0.29700696
v 0.34845299 0.57937098 -0.29694498
v 0.34848404 0.57896399 -0.29700696
v 0.34876499 0.57930797 -0.29678798
v 0.34879702 0.57896399 -0.29681998
v 0.34804702 0.57971400 -0.29681998
v 0.34839001 0.57968301 -0.29678798
v 0.34867200 0.57958901 -0.29669496
v 0.34848404 0.06972897 -0.29700696
v 0.34845299 0.06932294 -0.29694498
v 0.34804600 0.06929195 -0.29700696
v 0.34839001 0.06901103 -0.29678798
v 0.34804600 0.06897897 -0.29681998
v 0.34879604 0.06972897 -0.29681998
v 0.34876499 0.06938595 -0.29678798
v 0.34867099 0.06910396 -0.29669496
v 0.33186001 0.06972897 0.29916602
v 0.33189103 0.06932294 0.29910403
v 0.33229700 0.06929195 0.29916602
v 0.33195299 0.06901103 0.29894704
v 0.33229700 0.06897897 0.29897910
v 0.33154699 0.06972897 0.29897910
v 0.33157900 0.06938595 0.29894704
v 0.33167204 0.06910396 0.29885399
v 0.34804702 0.06929195 0.29916602
v 0.34845299 0.06932294 0.29910403
v 0.34848404 0.06972897 0.29916602
v 0.34876499 0.06938595 0.29894704
v 0.34879702 0.06972897 0.29897910
v 0.34804702 0.06897897 0.29897910
v 0.34839001 0.06901103 0.29894704
v 0.34867099 0.06910396 0.29885399
v 0.34848404 0.57896399 0.29916602
v 0.34845299 0.57937098 0.29910403
v 0.34804702 0.57940203 0.29916602
v 0.34839001 0.57968301 0.29894704
v 0.34804702 0.57971400 0.29897910
v 0.34879702 0.57896399 0.29897910
v 0.34876499 0.57930797 0.29894704
v 0.34867200 0.57958901 0.29885399
v 0.33229700 0.57940203 0.29916602
v 0.33189103 0.57937098 0.29910403
v 0.33186001 0.57896399 0.29916602
v 0.33157900 0.57930797 0.29894704
v 0.33154699 0.57896399 0.29897910
v 0.33229700 0.57971400 0.29897910
v 0.33195400 0.57968301 0.29894704
v 0.33167204 0.57958901 0.29885399
v 0.33186001 0.06879193 -0.29606998
v 0.33189103 0.06885397 -0.29647598
v 0.33229700 0.06879193 -0.29650697
v 0.33195299 0.06901103 -0.29678798
v 0.33229700 0.06897897 -0.29681998
v 0.33154699 0.06897897 -0.29606998
v 0.33157802 0.06901103 -0.29641294
v 0.33167204 0.06910396 -0.29669496
v 0.34804600 0.06879193 -0.29650697
v 0.34845299 0.06885397 -0.29647598
v 0.34848404 0.06879193 -0.29606998
v 0.34876499 0.06901103 -0.29641294
v 0.34879604 0.06897897 -0.29606998
v 0.34804600 0.06897897 -0.29681998
v 0.34839001 0.06901103 -0.29678798
v 0.34867099 0.06910396 -0.29669496
v 0.34848404 0.06879193 0.29822904
v 0.34845299 0.06885397 0.29863507
v 0.34804702 0.06879193 0.29866606
v 0.34839001 0.06901103 0.29894704
v 0.34804702 0.06897897 0.29897910
v 0.34879702 0.06897897 0.29822904
v 0.34876499 0.06901103 0.29857206
v 0.34867099 0.06910396 0.29885399
v 0.33229700 0.06879193 0.29866606
v 0.33189103 0.06885397 0.29863507
v 0.33186001 0.06879193 0.29822904
v 0.33157900 0.06901103 0.29857206
v 0.33154699 0.06897897 0.29822904
v 0.33229700 0.06897897 0.29897910
v 0.33195299 0.06901103 0.29894704
v 0.33167204 0.06910396 0.29885399
v 0.34898400 0.06929195 -0.29606998
v 0.34892100 0.06932294 -0.29647598
v 0.34898400 0.06972897 -0.29650697
v 0.34876499 0.06938595 -0.29678798
v 0.34879604 0.06972897 -0.29681998
v 0.34879604 0.06897897 -0.29606998
v 0.34876499 0.06901103 -0.29641294
v 0.34867099 0.06910396 -0.29669496
v 0.34898400 0.57896399 -0.29650697
v 0.34892201 0.57937098 -0.29647598
v 0.34898400 0.57940203 -0.29606998
v 0.34876499 0.57968301 -0.29641294
v 0.34879702 0.57971400 -0.29606998
v 0.34879702 0.57896399 -0.29681998
v 0.34876499 0.57930797 -0.29678798
v 0.34867200 0.57958901 -0.29669496
v 0.34898400 0.57940203 0.29822904
v 0.34892201 0.57937098 0.29863507
v 0.34898400 0.57896399 0.29866606
v 0.34876499 0.57930797 0.29894704
v 0.34879702 0.57896399 0.29897910
v 0.34879702 0.57971400 0.29822904
v 0.34876499 0.57968301 0.29857206
v 0.34867200 0.57958901 0.29885399
v 0.34898400 0.06972897 0.29866606
v 0.34892201 0.06932294 0.29863507
v 0.34898400 0.06929195 0.29822904
v 0.34876499 0.06901103 0.29857206
v 0.34879702 0.06897897 0.29822904
v 0.34879702 0.06972897 0.29897910
v 0.34876499 0.06938595 0.29894704
v 0.34867099 0.06910396 0.29885399
v 0.34848404 0.57990199 -0.29606998
v 0.34845299 0.57983899 -0.29647598
v 0.34804702 0.57990199 -0.29650697
v 0.34839001 0.57968301 -0.29678798
v 0.34804702 0.57971400 -0.29681998
v 0.34879702 0.57971400 -0.29606998
v 0.34876499 0.57968301 -0.29641294
v 0.34867200 0.57958901 -0.29669496
v 0.33229700 0.57990199 -0.29650697
v 0.33189103 0.57983899 -0.29647598
v 0.33186001 0.57990199 -0.29606998
v 0.33157900 0.57968301 -0.29641294
v 0.33154699 0.57971400 -0.29606998
v 0.33229700 0.57971400 -0.29681998
v 0.33195400 0.57968301 -0.29678798
v 0.33167204 0.57958901 -0.29669496
v 0.33186001 0.57990199 0.29822904
v 0.33189103 0.57983899 0.29863507
v 0.33229700 0.57990199 0.29866606
v 0.33195400 0.57968301 0.29894704
v 0.33229700 0.57971400 0.29897910
v 0.33154699 0.57971400 0.29822904
v 0.33157900 0.57968301 0.29857206
v 0.33167204 0.57958901 0.29885399
v 0.34804702 0.57990199 0.29866606
v 0.34845299 0.57983899 0.29863507
v 0.34848404 0.57990199 0.29822904
v 0.34876499 0.57968301 0.29857206
v 0.34879702 0.57971400 0.29822904
v 0.34804702 0.57971400 0.29897910
v 0.34839001 0.57968301 0.29894704
v 0.34867200 0.57958901 0.29885399
v 0.33136004 0.57940203 -0.29606998
v 0.33142203 0.57937098 -0.29647598
v 0.33136004 0.57896399 -0.29650697
v 0.33157900 0.57930797 -0.29678798
v 0.33154699 0.57896399 -0.29681998
v 0.33154699 0.57971400 -0.29606998
v 0.33157900 0.57968301 -0.29641294
v 0.33167204 0.57958901 -0.29669496
v 0.33136004 0.06972897 -0.29650697
v 0.33142203 0.06932294 -0.29647598
v 0.33136004 0.06929195 -0.29606998
v 0.33157802 0.06901103 -0.29641294
v 0.33154699 0.06897897 -0.29606998
v 0.33154699 0.06972897 -0.29681998
v 0.33157802 0.06938595 -0.29678798
v 0.33167204 0.06910396 -0.29669496
v 0.33136004 0.06929195 0.29822904
v 0.33142203 0.06932294 0.29863507
v 0.33136004 0.06972897 0.29866606
v 0.33157900 0.06938595 0.29894704
v 0.33154699 0.06972897 0.29897910
v 0.33154699 0.06897897 0.29822904
v 0.33157900 0.06901103 0.29857206
v 0.33167204 0.06910396 0.29885399
v 0.33136004 0.57896399 0.29866606
v 0.33142203 0.57937098 0.29863507
v 0.33136004 0.57940203 0.29822904
v 0.33157900 0.57968301 0.29857206
v 0.33154699 0.57971400 0.29822904
v 0.33154699 0.57896399 0.29897910
v 0.33157900 0.57930797 0.29894704
v 0.33167204 0.57958901 0.29885399
v 0.70761001 0.05214000 -0.29706997
v 0.70761001 0.06788898 -0.29706997
v 0.73185700 0.06788898 -0.29706997
v 0.73185700 0.05214000 -0.29706997
v 0.73185700 0.06788898 0.29922909
v 0.70761001 0.06788898 0.29922807
v 0.70761001 0.05214000 0.29922807
v 0.73185700 0.05214000 0.29922807
v 0.73285699 0.06788898 -0.29606998
v 0.73285699 0.06788898 -0.27087998
v 0.73285699 0.05214000 -0.27087998
v 0.73285699 0.05214000 -0.29606998
v 0.70761001 0.06888902 -0.29606998
v 0.70761001 0.06888902 -0.27087998
v 0.73185700 0.06888902 -0.27087998
v 0.73185700 0.06888902 -0.29606998
v 0.33129600 0.05214000 -0.29606998
v 0.33129600 0.05214000 -0.27087998
v 0.33129600 0.06788898 -0.27087998
v 0.33129600 0.06788898 -0.29606998
v 0.35511401 0.05114001 -0.29606998
v 0.35511401 0.05114001 -0.27087998
v 0.33229601 0.05114001 -0.27087998
v 0.33229601 0.05114001 -0.29606998
v 0.73229402 0.05214000 -0.29700696
v 0.73226303 0.05173397 -0.29694498
v 0.73185700 0.05170196 -0.29700696
v 0.73220098 0.05142099 -0.29678798
v 0.73185700 0.05138999 -0.29681998
v 0.73260701 0.05214000 -0.29681998
v 0.73257601 0.05179596 -0.29678798
v 0.73248196 0.05151498 -0.29669496
v 0.33229601 0.05214000 -0.29706997
v 0.33229601 0.05170298 -0.29700696
v 0.33188900 0.05173397 -0.29694498
v 0.33185801 0.05214000 -0.29700696
v 0.33157703 0.05179596 -0.29678798
v 0.33154601 0.05214000 -0.29681998
v 0.33229601 0.05138999 -0.29681998
v 0.33195204 0.05142099 -0.29678798
v 0.33167100 0.05151498 -0.29669496
v 0.33229601 0.06788898 -0.29706997
v 0.33185801 0.06788898 -0.29700696
v 0.33189002 0.06829596 -0.29694498
v 0.33229601 0.06832695 -0.29700696
v 0.33195204 0.06860799 -0.29678798
v 0.33229601 0.06863898 -0.29681998
v 0.33154601 0.06788898 -0.29681998
v 0.33157703 0.06823295 -0.29678798
v 0.33167100 0.06851399 -0.29669496
v 0.73185700 0.06832695 -0.29700696
v 0.73226303 0.06829500 -0.29694498
v 0.73229402 0.06788898 -0.29700696
v 0.73257601 0.06823295 -0.29678798
v 0.73260701 0.06788898 -0.29681998
v 0.73185700 0.06863898 -0.29681998
v 0.73220098 0.06860799 -0.29678798
v 0.73248196 0.06851399 -0.29669496
v 0.73185700 0.05170196 0.29916602
v 0.73226303 0.05173397 0.29910403
v 0.73229402 0.05214000 0.29916602
v 0.73257601 0.05179596 0.29894704
v 0.73260701 0.05214000 0.29897910
v 0.73185700 0.05138999 0.29897910
v 0.73220098 0.05142099 0.29894704
v 0.73248196 0.05151498 0.29885399
v 0.73229498 0.06788898 0.29916602
v 0.73226303 0.06829500 0.29910403
v 0.73185700 0.06832695 0.29916602
v 0.73220098 0.06860799 0.29894704
v 0.73185700 0.06863898 0.29897910
v 0.73260701 0.06788898 0.29897910
v 0.73257601 0.06823295 0.29894704
v 0.73248196 0.06851399 0.29885399
v 0.33229601 0.06788898 0.29922909
v 0.33229601 0.06832695 0.29916602
v 0.33189002 0.06829596 0.29910403
v 0.33185801 0.06788898 0.29916602
v 0.33157703 0.06823295 0.29894704
v 0.33154601 0.06788898 0.29897910
v 0.33229601 0.06863898 0.29897910
v 0.33195204 0.06860799 0.29894704
v 0.33167100 0.06851399 0.29885399
v 0.33229601 0.05214000 0.29922909
v 0.33185801 0.05214000 0.29916602
v 0.33189002 0.05173397 0.29910403
v 0.33229601 0.05170298 0.29916602
v 0.33195204 0.05142099 0.29894704
v 0.33229601 0.05138999 0.29897910
v 0.33154601 0.05214000 0.29897910
v 0.33157703 0.05179596 0.29894704
v 0.33167100 0.05151498 0.29885399
v 0.73279399 0.05170196 -0.29606998
v 0.73273200 0.05173397 -0.29647598
v 0.73279399 0.05214000 -0.29650697
v 0.73257601 0.05179596 -0.29678798
v 0.73260701 0.05214000 -0.29681998
v 0.73260701 0.05138999 -0.29606998
v 0.73257601 0.05142099 -0.29641396
v 0.73248196 0.05151498 -0.29669496
v 0.73279399 0.06788898 -0.29650697
v 0.73273200 0.06829500 -0.29647598
v 0.73279399 0.06832695 -0.29606998
v 0.73257601 0.06860799 -0.29641294
v 0.73260701 0.06863898 -0.29606998
v 0.73260701 0.06788898 -0.29681998
v 0.73257601 0.06823295 -0.29678798
v 0.73248196 0.06851399 -0.29669496
v 0.73285699 0.06788898 0.29822904
v 0.73279494 0.06832695 0.29822904
v 0.73273200 0.06829500 0.29863507
v 0.73279494 0.06788898 0.29866606
v 0.73257601 0.06823295 0.29894704
v 0.73260701 0.06788898 0.29897910
v 0.73260701 0.06863898 0.29822904
v 0.73257601 0.06860799 0.29857206
v 0.73248196 0.06851399 0.29885399
v 0.73285699 0.05214000 0.29822904
v 0.73279494 0.05214000 0.29866606
v 0.73273200 0.05173397 0.29863507
v 0.73279494 0.05170196 0.29822904
v 0.73257601 0.05142099 0.29857206
v 0.73260701 0.05138999 0.29822904
v 0.73260701 0.05214000 0.29897910
v 0.73257601 0.05179596 0.29894704
v 0.73248196 0.05151498 0.29885399
v 0.73229402 0.06882697 -0.29606998
v 0.73226303 0.06876397 -0.29647598
v 0.73185700 0.06882697 -0.29650697
v 0.73220098 0.06860799 -0.29678798
v 0.73185700 0.06863898 -0.29681998
v 0.73260701 0.06863898 -0.29606998
v 0.73257601 0.06860799 -0.29641294
v 0.73248196 0.06851399 -0.29669496
v 0.33229601 0.06888902 -0.29606998
v 0.33229601 0.06882697 -0.29650697
v 0.33189002 0.06876397 -0.29647598
v 0.33185801 0.06882697 -0.29606998
v 0.33157703 0.06860799 -0.29641294
v 0.33154601 0.06863898 -0.29606998
v 0.33229601 0.06863898 -0.29681998
v 0.33195204 0.06860799 -0.29678798
v 0.33167100 0.06851399 -0.29669496
v 0.33229601 0.06888902 0.29822904
v 0.33185801 0.06882697 0.29822904
v 0.33189002 0.06876397 0.29863507
v 0.33229601 0.06882697 0.29866606
v 0.33195204 0.06860799 0.29894704
v 0.33229601 0.06863898 0.29897910
v 0.33154601 0.06863898 0.29822904
v 0.33157703 0.06860799 0.29857206
v 0.33167100 0.06851399 0.29885399
v 0.73185700 0.06888902 0.29822904
v 0.73185700 0.06882697 0.29866606
v 0.73226303 0.06876397 0.29863507
v 0.73229498 0.06882697 0.29822904
v 0.73257601 0.06860799 0.29857206
v 0.73260701 0.06863898 0.29822904
v 0.73185700 0.06863898 0.29897910
v 0.73220098 0.06860799 0.29894704
v 0.73248196 0.06851399 0.29885399
v 0.33135799 0.06832695 -0.29606998
v 0.33142102 0.06829596 -0.29647598
v 0.33135799 0.06788898 -0.29650697
v 0.33157703 0.06823295 -0.29678798
v 0.33154601 0.06788898 -0.29681998
v 0.33154601 0.06863898 -0.29606998
v 0.33157703 0.06860799 -0.29641294
v 0.33167100 0.06851399 -0.29669496
v 0.33135799 0.05214000 -0.29650697
v 0.33142102 0.05173397 -0.29647598
v 0.33135799 0.05170298 -0.29606998
v 0.33157703 0.05142099 -0.29641294
v 0.33154601 0.05138999 -0.29606998
v 0.33154601 0.05214000 -0.29681998
v 0.33157703 0.05179596 -0.29678798
v 0.33167100 0.05151498 -0.29669496
v 0.33129600 0.05214000 0.29822904
v 0.33135799 0.05170298 0.29822904
v 0.33142102 0.05173397 0.29863507
v 0.33135799 0.05214000 0.29866606
v 0.33157703 0.05179596 0.29894704
v 0.33154601 0.05214000 0.29897910
v 0.33154601 0.05138999 0.29822904
v 0.33157703 0.05142099 0.29857206
v 0.33167100 0.05151498 0.29885399
v 0.33129600 0.06788898 0.29822904
v 0.33135799 0.06788898 0.29866606
v 0.33142102 0.06829596 0.29863507
v 0.33135799 0.06832695 0.29822904
v 0.33157703 0.06860799 0.29857206
v 0.33154601 0.06863898 0.29822904
v 0.33154601 0.06788898 0.29897910
v 0.33157703 0.06823295 0.29894704
v 0.33167100 0.06851399 0.29885399
v 0.33185801 0.05120295 -0.29606998
v 0.33188900 0.05126500 -0.29647598
v 0.33229601 0.05120295 -0.29650697
v 0.33195204 0.05142099 -0.29678798
v 0.33229601 0.05138999 -0.29681998
v 0.33154601 0.05138999 -0.29606998
v 0.33157703 0.05142099 -0.29641294
v 0.33167100 0.05151498 -0.29669496
v 0.73185700 0.05114001 -0.29606998
v 0.73185700 0.05120194 -0.29650697
v 0.73226303 0.05126500 -0.29647598
v 0.73229402 0.05120194 -0.29606998
v 0.73257601 0.05142099 -0.29641396
v 0.73260701 0.05138999 -0.29606998
v 0.73185700 0.05138999 -0.29681998
v 0.73220098 0.05142099 -0.29678798
v 0.73248196 0.05151498 -0.29669496
v 0.73185700 0.05114001 0.29822904
v 0.73229402 0.05120194 0.29822904
v 0.73226303 0.05126500 0.29863507
v 0.73185700 0.05120194 0.29866606
v 0.73220098 0.05142099 0.29894704
v 0.73185700 0.05138999 0.29897910
v 0.73260701 0.05138999 0.29822904
v 0.73257601 0.05142099 0.29857206
v 0.73248196 0.05151498 0.29885399
v 0.33229601 0.05114001 0.29822904
v 0.33229601 0.05120295 0.29866606
v 0.33189002 0.05126500 0.29863507
v 0.33185801 0.05120295 0.29822904
v 0.33157703 0.05142099 0.29857206
v 0.33154601 0.05138999 0.29822904
v 0.33229601 0.05138999 0.29897910
v 0.33195204 0.05142099 0.29894704
v 0.33167100 0.05151498 0.29885399
v 0.35511401 0.05214000 -0.29706997
v 0.35511401 0.05170298 -0.29700696
v 0.35511401 0.05138999 -0.29681998
v 0.70761001 0.06832695 -0.29700696
v 0.70761001 0.06863898 -0.29681998
v 0.35511401 0.06788898 0.29922909
v 0.35511401 0.06832695 0.29916602
v 0.35511401 0.06863898 0.29897910
v 0.70761001 0.05170298 0.29916602
v 0.70761001 0.05138999 0.29897809
v 0.73285699 0.06788898 0.27495104
v 0.73279494 0.06832695 0.27495104
v 0.73260701 0.06863898 0.27495104
v 0.73279399 0.05170196 -0.27087998
v 0.73260701 0.05138999 -0.27087998
v 0.35511401 0.06888902 -0.29606998
v 0.35511401 0.06882697 -0.29650697
v 0.35511401 0.06863898 -0.29681998
v 0.33229601 0.06888902 0.27495104
v 0.33185801 0.06882697 0.27495104
v 0.33154601 0.06863898 0.27495104
v 0.70761001 0.06888902 0.29822904
v 0.70761001 0.06882697 0.29866606
v 0.70761001 0.06863898 0.29897910
v 0.73229402 0.06882697 -0.27087998
v 0.73260701 0.06863898 -0.27087998
v 0.33129600 0.05214000 0.27495104
v 0.33135799 0.05170298 0.27495104
v 0.33154601 0.05138999 0.27495104
v 0.33135799 0.06832695 -0.27087998
v 0.33154601 0.06863898 -0.27087998
v 0.70761001 0.05114001 -0.29606998
v 0.70761001 0.05120295 -0.29650697
v 0.70761001 0.05138999 -0.29681998
v 0.73185700 0.05114001 0.27495104
v 0.73229402 0.05120194 0.27495104
v 0.73260701 0.05138999 0.27495104
v 0.35511401 0.05114001 0.29822904
v 0.35511401 0.05120295 0.29866606
v 0.35511401 0.05138999 0.29897910
v 0.33185801 0.05120295 -0.27087998
v 0.33154601 0.05138999 -0.27087998
v 0.73285699 0.05214000 0.27495104
v 0.35511401 0.06888902 0.29822904
v 0.35511401 0.06888902 0.27495104
v 0.33129600 0.06788898 0.27495104
v 0.70761001 0.05114001 0.29822803
v 0.70761001 0.05114001 0.27495104
v 0.73279399 0.06832695 -0.27087998
v 0.73260701 0.06863898 -0.27087998
v 0.73279494 0.05170196 0.27495104
v 0.73260701 0.05138999 0.27495104
v 0.33229601 0.06888902 -0.27087998
v 0.33185801 0.06882697 -0.27087998
v 0.33154601 0.06863898 -0.27087998
v 0.73229498 0.06882697 0.27495104
v 0.73185700 0.06888902 0.27495104
v 0.73260701 0.06863898 0.27495104
v 0.33135799 0.05170298 -0.27087998
v 0.33154601 0.05138999 -0.27087998
v 0.33135799 0.06832695 0.27495104
v 0.33154601 0.06863898 0.27495104
v 0.73185700 0.05114001 -0.27087998
v 0.73229402 0.05120194 -0.27087998
v 0.73260701 0.05138999 -0.27087998
v 0.33185801 0.05120295 0.27495104
v 0.33229601 0.05114001 0.27495104
v 0.33154601 0.05138999 0.27495104
v 0.35511401 0.06788898 -0.29706997
v 0.35511401 0.05214000 0.29922909
v 0.35511401 0.06888902 -0.27087998
v 0.70761001 0.05114001 -0.27087998
v 0.70761001 0.05170298 -0.29700696
v 0.70761001 0.05138999 -0.29681998
v 0.35511401 0.06832695 -0.29700696
v 0.35511401 0.06863898 -0.29681998
v 0.70761001 0.06832695 0.29916602
v 0.70761001 0.06863898 0.29897910
v 0.35511401 0.05170298 0.29916602
v 0.35511401 0.05138999 0.29897910
v 0.70761001 0.06882697 -0.29650697
v 0.70761001 0.06863898 -0.29681998
v 0.35511401 0.06882697 0.29866606
v 0.35511401 0.06863898 0.29897910
v 0.35511401 0.05120295 -0.29650697
v 0.35511401 0.05138999 -0.29681998
v 0.70761001 0.05120295 0.29866606
v 0.70761001 0.05138999 0.29897809
v 0.70761001 0.06888902 0.27495104
v 0.35511401 0.05114001 0.27495104
v 0.35104904 0.40886596 0.05399805
v 0.35104904 0.40886596 0.29903805
v 0.71317297 0.40886596 0.29903805
v 0.71317297 0.40886596 0.05399805
v 0.71317297 0.23971397 0.29903805
v 0.35104904 0.23971397 0.29903805
v 0.35104904 0.23971397 0.05399805
v 0.71317297 0.23971397 0.05399805
v 0.71417201 0.24620298 0.29903805
v 0.71417201 0.24620298 0.05399805
v 0.71417302 0.40237701 0.05399805
v 0.71417302 0.40237701 0.29903805
v 0.35104904 0.24620298 0.30003804
v 0.71317297 0.24620298 0.30003804
v 0.71317297 0.40237701 0.30003804
v 0.35104904 0.40237701 0.30003804
v 0.35004902 0.24620298 0.05399805
v 0.35004902 0.24620298 0.29903805
v 0.35004902 0.40237701 0.29903805
v 0.35004902 0.40237701 0.05399805
v 0.71317297 0.24620298 0.05299801
v 0.35104904 0.24620298 0.05299801
v 0.35104904 0.40237701 0.05299801
v 0.71317297 0.40237701 0.05299801
v 0.71360999 0.40880299 0.05399805
v 0.71357900 0.40873998 0.05359203
v 0.71317297 0.40880299 0.05356103
v 0.71351701 0.40858299 0.05327904
v 0.71317297 0.40861401 0.05324805
v 0.71392298 0.40861401 0.05399805
v 0.71389103 0.40858299 0.05365402
v 0.71379799 0.40848899 0.05337304
v 0.35104904 0.40880299 0.05356103
v 0.35064301 0.40873998 0.05359203
v 0.35061201 0.40880299 0.05399805
v 0.35033101 0.40858299 0.05365509
v 0.35029900 0.40861401 0.05399805
v 0.35104904 0.40861401 0.05324805
v 0.35070500 0.40858299 0.05328006
v 0.35042399 0.40848899 0.05337304
v 0.35061201 0.40880299 0.29903805
v 0.35064301 0.40873998 0.29944408
v 0.35104904 0.40880299 0.29947603
v 0.35070500 0.40858299 0.29975706
v 0.35104904 0.40861401 0.29978806
v 0.35029900 0.40861401 0.29903805
v 0.35033101 0.40858299 0.29938203
v 0.35042399 0.40848899 0.29966307
v 0.71317297 0.40880299 0.29947603
v 0.71357900 0.40873998 0.29944408
v 0.71360999 0.40880299 0.29903805
v 0.71389103 0.40858299 0.29938203
v 0.71392298 0.40861401 0.29903805
v 0.71317297 0.40861401 0.29978806
v 0.71351701 0.40858299 0.29975706
v 0.71379799 0.40848798 0.29966307
v 0.71317297 0.23977697 0.05356103
v 0.71357900 0.23983997 0.05359203
v 0.71360999 0.23977697 0.05399805
v 0.71389103 0.23999700 0.05365402
v 0.71392298 0.23996598 0.05399805
v 0.71317297 0.23996598 0.05324805
v 0.71351701 0.23999700 0.05327904
v 0.71379799 0.24009198 0.05337304
v 0.71360999 0.23977697 0.29903805
v 0.71357900 0.23983997 0.29944408
v 0.71317297 0.23977697 0.29947603
v 0.71351600 0.23999700 0.29975706
v 0.71317297 0.23996598 0.29978806
v 0.71392298 0.23996598 0.29903805
v 0.71389103 0.23999700 0.29938203
v 0.71379799 0.24009198 0.29966307
v 0.35104904 0.23977697 0.29947603
v 0.35064301 0.23983997 0.29944408
v 0.35061201 0.23977697 0.29903805
v 0.35033101 0.23999700 0.29938203
v 0.35029900 0.23996598 0.29903805
v 0.35104904 0.23996598 0.29978806
v 0.35070500 0.23999700 0.29975706
v 0.35042399 0.24009198 0.29966307
v 0.35061201 0.23977697 0.05399805
v 0.35064301 0.23983997 0.05359203
v 0.35104904 0.23977697 0.05356103
v 0.35070500 0.23999700 0.05328006
v 0.35104904 0.23996598 0.05324805
v 0.35029900 0.23996598 0.05399805
v 0.35033101 0.23999700 0.05365509
v 0.35042399 0.24009198 0.05337304
v 0.71417302 0.40785897 0.05399805
v 0.71411002 0.40785897 0.05356103
v 0.71404701 0.40826797 0.05359203
v 0.71411002 0.40830001 0.05399805
v 0.71389103 0.40858299 0.05365402
v 0.71392298 0.40861401 0.05399805
v 0.71392298 0.40785897 0.05324805
v 0.71389103 0.40820500 0.05327904
v 0.71379799 0.40848899 0.05337304
v 0.71417302 0.40785897 0.29903805
v 0.71411002 0.40829897 0.29903805
v 0.71404803 0.40826797 0.29944408
v 0.71411002 0.40785897 0.29947603
v 0.71389103 0.40820500 0.29975706
v 0.71392298 0.40785897 0.29978806
v 0.71392298 0.40861401 0.29903805
v 0.71389103 0.40858299 0.29938203
v 0.71379799 0.40848798 0.29966307
v 0.71417201 0.24072099 0.29903805
v 0.71411002 0.24072099 0.29947603
v 0.71404701 0.24031198 0.29944408
v 0.71411002 0.24028099 0.29903805
v 0.71389103 0.23999700 0.29938203
v 0.71392298 0.23996598 0.29903805
v 0.71392298 0.24072099 0.29978806
v 0.71389103 0.24037498 0.29975706
v 0.71379799 0.24009198 0.29966307
v 0.71417201 0.24072099 0.05399805
v 0.71411002 0.24028099 0.05399805
v 0.71404701 0.24031198 0.05359203
v 0.71411002 0.24072099 0.05356103
v 0.71389103 0.24037498 0.05327904
v 0.71392298 0.24072099 0.05324805
v 0.71392298 0.23996598 0.05399805
v 0.71389103 0.23999700 0.05365402
v 0.71379799 0.24009198 0.05337304
v 0.71317297 0.40785897 0.30003804
v 0.71360999 0.40785897 0.29997605
v 0.71357900 0.40826797 0.29991299
v 0.71317297 0.40829897 0.29997605
v 0.71351701 0.40858299 0.29975706
v 0.71317297 0.40861401 0.29978806
v 0.71392298 0.40785897 0.29978806
v 0.71389103 0.40820500 0.29975706
v 0.71379799 0.40848798 0.29966307
v 0.35104904 0.40785897 0.30003804
v 0.35104904 0.40830001 0.29997605
v 0.35064301 0.40826797 0.29991299
v 0.35061201 0.40785897 0.29997605
v 0.35033101 0.40820500 0.29975706
v 0.35029900 0.40785897 0.29978806
v 0.35104904 0.40861401 0.29978806
v 0.35070500 0.40858299 0.29975706
v 0.35042399 0.40848899 0.29966307
v 0.35104904 0.24072099 0.30003804
v 0.35061201 0.24072099 0.29997605
v 0.35064301 0.24031198 0.29991299
v 0.35104904 0.24027997 0.29997605
v 0.35070500 0.23999700 0.29975706
v 0.35104904 0.23996598 0.29978806
v 0.35029900 0.24072099 0.29978806
v 0.35033101 0.24037498 0.29975706
v 0.35042399 0.24009198 0.29966307
v 0.71317297 0.24072099 0.30003804
v 0.71317297 0.24028099 0.29997605
v 0.71357900 0.24031198 0.29991299
v 0.71360999 0.24072099 0.29997605
v 0.71389103 0.24037498 0.29975706
v 0.71392298 0.24072099 0.29978806
v 0.71317297 0.23996598 0.29978806
v 0.71351600 0.23999700 0.29975706
v 0.71379799 0.24009198 0.29966307
v 0.35004902 0.40785897 0.29903805
v 0.35011199 0.40785897 0.29947603
v 0.35017401 0.40826797 0.29944408
v 0.35011199 0.40830001 0.29903805
v 0.35033101 0.40858299 0.29938203
v 0.35029900 0.40861401 0.29903805
v 0.35029900 0.40785897 0.29978806
v 0.35033101 0.40820500 0.29975706
v 0.35042399 0.40848899 0.29966307
v 0.35004902 0.40785897 0.05399805
v 0.35011199 0.40830001 0.05399805
v 0.35017401 0.40826797 0.05359203
v 0.35011199 0.40785897 0.05356103
v 0.35033101 0.40820500 0.05328006
v 0.35029900 0.40785897 0.05324805
v 0.35029900 0.40861401 0.05399805
v 0.35033101 0.40858299 0.05365509
v 0.35042399 0.40848899 0.05337304
v 0.35004902 0.24072099 0.05399805
v 0.35011199 0.24072099 0.05356103
v 0.35017401 0.24031198 0.05359203
v 0.35011199 0.24027997 0.05399805
v 0.35033101 0.23999700 0.05365509
v 0.35029900 0.23996598 0.05399805
v 0.35029900 0.24072099 0.05324805
v 0.35033101 0.24037498 0.05328006
v 0.35042399 0.24009198 0.05337304
v 0.35004902 0.24072099 0.29903805
v 0.35011199 0.24027997 0.29903805
v 0.35017401 0.24031198 0.29944408
v 0.35011199 0.24072099 0.29947603
v 0.35033101 0.24037498 0.29975706
v 0.35029900 0.24072099 0.29978806
v 0.35029900 0.23996598 0.29903805
v 0.35033101 0.23999700 0.29938203
v 0.35042399 0.24009198 0.29966307
v 0.35104904 0.40785897 0.05299801
v 0.35061201 0.40785897 0.05306107
v 0.35064301 0.40826797 0.05312300
v 0.35104904 0.40830001 0.05306107
v 0.35070500 0.40858299 0.05328006
v 0.35104904 0.40861401 0.05324805
v 0.35029900 0.40785897 0.05324805
v 0.35033101 0.40820500 0.05328006
v 0.35042399 0.40848899 0.05337304
v 0.71317297 0.40785897 0.05299801
v 0.71317297 0.40830001 0.05306107
v 0.71357900 0.40826797 0.05312300
v 0.71360999 0.40785897 0.05306107
v 0.71389103 0.40820500 0.05327904
v 0.71392298 0.40785897 0.05324805
v 0.71317297 0.40861401 0.05324805
v 0.71351701 0.40858299 0.05327904
v 0.71379799 0.40848899 0.05337304
v 0.71317297 0.24072099 0.05299801
v 0.71360999 0.24072099 0.05306107
v 0.71357900 0.24031198 0.05312300
v 0.71317297 0.24028099 0.05306107
v 0.71351701 0.23999700 0.05327904
v 0.71317297 0.23996598 0.05324805
v 0.71392298 0.24072099 0.05324805
v 0.71389103 0.24037498 0.05327904
v 0.71379799 0.24009198 0.05337304
v 0.35104904 0.24072099 0.05299801
v 0.35104904 0.24028099 0.05306107
v 0.35064301 0.24031198 0.05312300
v 0.35061201 0.24072099 0.05306107
v 0.35033101 0.24037498 0.05328006
v 0.35029900 0.24072099 0.05324805
v 0.35104904 0.23996598 0.05324805
v 0.35070500 0.23999700 0.05328006
v 0.35042399 0.24009198 0.05337304
v 0.71411002 0.40237701 0.29947603
v 0.71411002 0.24620298 0.29947603
v 0.71392298 0.40237701 0.29978806
v 0.71392298 0.24620298 0.29978806
v 0.71411002 0.24620298 0.05356103
v 0.71411002 0.40237701 0.05356103
v 0.71392298 0.24620298 0.05324805
v 0.71392298 0.40237701 0.05324805
v 0.35061201 0.40237701 0.29997605
v 0.35061201 0.24620298 0.29997605
v 0.35029900 0.40237701 0.29978806
v 0.35029900 0.24620298 0.29978806
v 0.71360999 0.24620298 0.29997605
v 0.71360999 0.40237701 0.29997605
v 0.71392298 0.24620298 0.29978806
v 0.71392298 0.40237701 0.29978806
v 0.35011199 0.40237701 0.05356103
v 0.35011199 0.24620298 0.05356103
v 0.35029900 0.40237701 0.05324805
v 0.35029900 0.24620298 0.05324805
v 0.35011199 0.24620298 0.29947603
v 0.35011199 0.40237701 0.29947603
v 0.35029900 0.24620298 0.29978806
v 0.35029900 0.40237701 0.29978806
v 0.71360999 0.40237701 0.05306107
v 0.71360999 0.24620298 0.05306107
v 0.71392298 0.40237701 0.05324805
v 0.71392298 0.24620298 0.05324805
v 0.35061201 0.24620298 0.05306107
v 0.35061201 0.40237701 0.05306107
v 0.35029900 0.24620298 0.05324805
v 0.35029900 0.40237701 0.05324805
v 0.35104904 0.23867199 0.05399805
v 0.35104904 0.23867199 0.29903805
v 0.71317297 0.23867199 0.29903805
v 0.71317297 0.23867199 0.05399805
v 0.71317297 0.06952000 0.29903805
v 0.35104904 0.06951898 0.29903805
v 0.35104904 0.06951898 0.05399805
v 0.71317297 0.06952000 0.05399805
v 0.71417201 0.07600898 0.29903805
v 0.71417201 0.07600898 0.05399805
v 0.71417201 0.23218197 0.05399805
v 0.71417201 0.23218197 0.29903805
v 0.35104904 0.07600898 0.30003804
v 0.71317297 0.07600898 0.30003804
v 0.71317297 0.23218197 0.30003804
v 0.35104904 0.23218197 0.30003804
v 0.35004902 0.07600898 0.05399805
v 0.35004902 0.07600898 0.29903805
v 0.35004902 0.23218197 0.29903805
v 0.35004902 0.23218197 0.05399805
v 0.71317297 0.07600898 0.05299801
v 0.35104904 0.07600898 0.05299801
v 0.35104904 0.23218197 0.05299801
v 0.71317297 0.23218197 0.05299801
v 0.71360999 0.23860899 0.05399805
v 0.71357900 0.23854595 0.05359203
v 0.71317297 0.23860899 0.05356103
v 0.71351600 0.23838899 0.05327904
v 0.71317297 0.23841998 0.05324805
v 0.71392298 0.23841998 0.05399805
v 0.71389103 0.23838899 0.05365402
v 0.71379799 0.23829398 0.05337304
v 0.35104904 0.23860899 0.05356103
v 0.35064301 0.23854595 0.05359203
v 0.35061201 0.23860899 0.05399805
v 0.35033101 0.23838899 0.05365509
v 0.35029900 0.23841998 0.05399805
v 0.35104904 0.23841998 0.05324805
v 0.35070500 0.23838899 0.05328006
v 0.35042399 0.23829398 0.05337304
v 0.35061201 0.23860899 0.29903805
v 0.35064301 0.23854595 0.29944408
v 0.35104904 0.23860899 0.29947603
v 0.35070500 0.23838899 0.29975706
v 0.35104904 0.23841998 0.29978806
v 0.35029900 0.23841998 0.29903805
v 0.35033101 0.23838899 0.29938203
v 0.35042399 0.23829398 0.29966307
v 0.71317297 0.23860899 0.29947603
v 0.71357900 0.23854595 0.29944408
v 0.71360999 0.23860899 0.29903805
v 0.71389103 0.23838797 0.29938203
v 0.71392298 0.23841998 0.29903805
v 0.71317297 0.23841998 0.29978806
v 0.71351701 0.23838797 0.29975706
v 0.71379799 0.23829398 0.29966307
v 0.71317297 0.06958199 0.05356103
v 0.71357900 0.06964499 0.05359203
v 0.71360999 0.06958199 0.05399805
v 0.71389103 0.06980300 0.05365402
v 0.71392298 0.06977093 0.05399805
v 0.71317297 0.06977093 0.05324805
v 0.71351600 0.06980300 0.05327904
v 0.71379799 0.06989700 0.05337304
v 0.71360999 0.06958199 0.29903805
v 0.71357900 0.06964499 0.29944408
v 0.71317297 0.06958199 0.29947603
v 0.71351600 0.06980300 0.29975706
v 0.71317297 0.06977093 0.29978806
v 0.71392298 0.06977093 0.29903805
v 0.71389103 0.06980300 0.29938203
v 0.71379799 0.06989700 0.29966307
v 0.35104904 0.06958199 0.29947603
v 0.35064301 0.06964499 0.29944408
v 0.35061201 0.06958199 0.29903805
v 0.35033101 0.06980300 0.29938203
v 0.35029900 0.06977093 0.29903805
v 0.35104904 0.06977093 0.29978806
v 0.35070500 0.06980300 0.29975706
v 0.35042399 0.06989700 0.29966307
v 0.35061201 0.06958199 0.05399805
v 0.35064301 0.06964499 0.05359203
v 0.35104904 0.06958199 0.05356103
v 0.35070500 0.06980300 0.05328006
v 0.35104904 0.06977093 0.05324805
v 0.35029900 0.06977093 0.05399805
v 0.35033101 0.06980300 0.05365509
v 0.35042399 0.06989700 0.05337304
v 0.71417201 0.23766497 0.05399805
v 0.71411002 0.23766497 0.05356103
v 0.71404701 0.23807397 0.05359203
v 0.71411002 0.23810500 0.05399805
v 0.71389103 0.23838899 0.05365402
v 0.71392298 0.23841998 0.05399805
v 0.71392298 0.23766497 0.05324805
v 0.71389103 0.23801100 0.05327904
v 0.71379799 0.23829398 0.05337304
v 0.71417201 0.23766398 0.29903805
v 0.71411002 0.23810500 0.29903805
v 0.71404701 0.23807397 0.29944408
v 0.71411002 0.23766398 0.29947603
v 0.71389103 0.23801100 0.29975706
v 0.71392298 0.23766398 0.29978806
v 0.71392298 0.23841998 0.29903805
v 0.71389103 0.23838797 0.29938203
v 0.71379799 0.23829398 0.29966307
v 0.71417201 0.07052696 0.29903805
v 0.71411002 0.07052696 0.29947603
v 0.71404701 0.07011801 0.29944408
v 0.71411002 0.07008600 0.29903805
v 0.71389103 0.06980300 0.29938203
v 0.71392298 0.06977093 0.29903805
v 0.71392298 0.07052696 0.29978806
v 0.71389103 0.07018095 0.29975706
v 0.71379799 0.06989700 0.29966307
v 0.71417201 0.07052696 0.05399805
v 0.71411002 0.07008600 0.05399805
v 0.71404701 0.07011801 0.05359203
v 0.71411002 0.07052696 0.05356103
v 0.71389103 0.07018095 0.05327904
v 0.71392298 0.07052696 0.05324805
v 0.71392298 0.06977093 0.05399805
v 0.71389103 0.06980300 0.05365402
v 0.71379799 0.06989700 0.05337304
v 0.71317297 0.23766398 0.30003804
v 0.71360999 0.23766398 0.29997605
v 0.71357900 0.23807397 0.29991299
v 0.71317297 0.23810500 0.29997605
v 0.71351701 0.23838797 0.29975706
v 0.71317297 0.23841998 0.29978806
v 0.71392298 0.23766398 0.29978806
v 0.71389103 0.23801100 0.29975706
v 0.71379799 0.23829398 0.29966307
v 0.35104904 0.23766497 0.30003804
v 0.35104904 0.23810500 0.29997605
v 0.35064301 0.23807397 0.29991299
v 0.35061201 0.23766497 0.29997605
v 0.35033101 0.23801100 0.29975706
v 0.35029900 0.23766497 0.29978806
v 0.35104904 0.23841998 0.29978806
v 0.35070500 0.23838899 0.29975706
v 0.35042399 0.23829398 0.29966307
v 0.35104904 0.07052696 0.30003804
v 0.35061201 0.07052696 0.29997605
v 0.35064301 0.07011801 0.29991299
v 0.35104904 0.07008600 0.29997605
v 0.35070500 0.06980300 0.29975706
v 0.35104904 0.06977093 0.29978806
v 0.35029900 0.07052696 0.29978806
v 0.35033101 0.07018095 0.29975706
v 0.35042399 0.06989700 0.29966307
v 0.71317297 0.07052696 0.30003804
v 0.71317297 0.07008600 0.29997605
v 0.71357900 0.07011801 0.29991299
v 0.71360999 0.07052696 0.29997605
v 0.71389103 0.07018095 0.29975706
v 0.71392298 0.07052696 0.29978806
v 0.71317297 0.06977093 0.29978806
v 0.71351600 0.06980300 0.29975706
v 0.71379799 0.06989700 0.29966307
v 0.35004902 0.23766497 0.29903805
v 0.35011199 0.23766497 0.29947603
v 0.35017401 0.23807397 0.29944408
v 0.35011199 0.23810500 0.29903805
v 0.35033101 0.23838899 0.29938203
v 0.35029900 0.23841998 0.29903805
v 0.35029900 0.23766497 0.29978806
v 0.35033101 0.23801100 0.29975706
v 0.35042399 0.23829398 0.29966307
v 0.35004902 0.23766497 0.05399805
v 0.35011199 0.23810500 0.05399805
v 0.35017401 0.23807397 0.05359203
v 0.35011199 0.23766497 0.05356103
v 0.35033101 0.23801100 0.05328006
v 0.35029900 0.23766497 0.05324805
v 0.35029900 0.23841998 0.05399805
v 0.35033101 0.23838899 0.05365509
v 0.35042399 0.23829398 0.05337304
v 0.35004902 0.07052696 0.05399805
v 0.35011199 0.07052696 0.05356103
v 0.35017401 0.07011801 0.05359203
v 0.35011199 0.07008600 0.05399805
v 0.35033101 0.06980300 0.05365509
v 0.35029900 0.06977093 0.05399805
v 0.35029900 0.07052696 0.05324805
v 0.35033101 0.07018095 0.05328006
v 0.35042399 0.06989700 0.05337304
v 0.35004902 0.07052696 0.29903805
v 0.35011199 0.07008600 0.29903805
v 0.35017401 0.07011801 0.29944408
v 0.35011199 0.07052696 0.29947603
v 0.35033101 0.07018095 0.29975706
v 0.35029900 0.07052696 0.29978806
v 0.35029900 0.06977093 0.29903805
v 0.35033101 0.06980300 0.29938203
v 0.35042399 0.06989700 0.29966307
v 0.35104904 0.23766497 0.05299801
v 0.35061201 0.23766497 0.05306107
v 0.35064301 0.23807397 0.05312300
v 0.35104904 0.23810500 0.05306107
v 0.35070500 0.23838899 0.05328006
v 0.35104904 0.23841998 0.05324805
v 0.35029900 0.23766497 0.05324805
v 0.35033101 0.23801100 0.05328006
v 0.35042399 0.23829398 0.05337304
v 0.71317297 0.23766497 0.05299801
v 0.71317297 0.23810500 0.05306107
v 0.71357900 0.23807397 0.05312300
v 0.71360999 0.23766497 0.05306107
v 0.71389103 0.23801100 0.05327904
v 0.71392298 0.23766497 0.05324805
v 0.71317297 0.23841998 0.05324805
v 0.71351600 0.23838899 0.05327904
v 0.71379799 0.23829398 0.05337304
v 0.71317297 0.07052696 0.05299801
v 0.71360999 0.07052696 0.05306107
v 0.71357900 0.07011801 0.05312300
v 0.71317297 0.07008600 0.05306107
v 0.71351600 0.06980300 0.05327904
v 0.71317297 0.06977093 0.05324805
v 0.71392298 0.07052696 0.05324805
v 0.71389103 0.07018095 0.05327904
v 0.71379799 0.06989700 0.05337304
v 0.35104904 0.07052696 0.05299801
v 0.35104904 0.07008600 0.05306107
v 0.35064301 0.07011801 0.05312300
v 0.35061201 0.07052696 0.05306107
v 0.35033101 0.07018095 0.05328006
v 0.35029900 0.07052696 0.05324805
v 0.35104904 0.06977093 0.05324805
v 0.35070500 0.06980300 0.05328006
v 0.35042399 0.06989700 0.05337304
v 0.71411002 0.23218197 0.29947603
v 0.71411002 0.07600898 0.29947603
v 0.71392298 0.23218197 0.29978806
v 0.71392298 0.07600898 0.29978806
v 0.71411002 0.07600898 0.05356103
v 0.71411002 0.23218197 0.05356103
v 0.71392298 0.07600898 0.05324805
v 0.71392298 0.23218197 0.05324805
v 0.35061201 0.23218197 0.29997605
v 0.35061201 0.07600898 0.29997605
v 0.35029900 0.23218197 0.29978806
v 0.35029900 0.07600898 0.29978806
v 0.71360999 0.07600898 0.29997605
v 0.71360999 0.23218197 0.29997605
v 0.71392298 0.07600898 0.29978806
v 0.71392298 0.23218197 0.29978806
v 0.35011199 0.23218197 0.05356103
v 0.35011199 0.07600898 0.05356103
v 0.35029900 0.23218197 0.05324805
v 0.35029900 0.07600898 0.05324805
v 0.35011199 0.07600898 0.29947603
v 0.35011199 0.23218197 0.29947603
v 0.35029900 0.07600898 0.29978806
v 0.35029900 0.23218197 0.29978806
v 0.71360999 0.23218197 0.05306107
v 0.71360999 0.07600898 0.05306107
v 0.71392298 0.23218197 0.05324805
v 0.71392298 0.07600898 0.05324805
v 0.35061201 0.07600898 0.05306107
v 0.35061201 0.23218197 0.05306107
v 0.35029900 0.07600898 0.05324805
v 0.35029900 0.23218197 0.05324805
v 0.34979299 0.58038098 -0.29595798
v 0.34979299 0.58038098 -0.28274798
v 0.71465898 0.58038098 -0.28274798
v 0.71465898 0.58038098 -0.29595798
v 0.71465898 0.06832200 -0.28274798
v 0.34979299 0.06832200 -0.28274798
v 0.34979299 0.06832200 -0.29595798
v 0.71465898 0.06832200 -0.29595798
v 0.71565795 0.07481200 -0.28274798
v 0.71565795 0.07481200 -0.29595798
v 0.71565795 0.57389098 -0.29595798
v 0.71565795 0.57389098 -0.28274798
v 0.34979299 0.07481200 -0.28174797
v 0.71465898 0.07481200 -0.28174797
v 0.71465898 0.57389098 -0.28174797
v 0.34979299 0.57389098 -0.28174797
v 0.34879300 0.07481200 -0.29595798
v 0.34879300 0.07481200 -0.28274798
v 0.34879300 0.57389098 -0.28274798
v 0.34879300 0.57389098 -0.29595798
v 0.71465898 0.07481200 -0.29695797
v 0.34979299 0.07481200 -0.29695797
v 0.34979299 0.57389098 -0.29695797
v 0.71465898 0.57389098 -0.29695797
v 0.71509600 0.58031797 -0.29595798
v 0.71506500 0.58025497 -0.29636493
v 0.71465898 0.58031797 -0.29639596
v 0.71500301 0.58009702 -0.29667696
v 0.71465898 0.58012903 -0.29670796
v 0.71540898 0.58012903 -0.29595798
v 0.71537697 0.58009702 -0.29630196
v 0.71528399 0.58000302 -0.29658294
v 0.34979299 0.58031797 -0.29639596
v 0.34938702 0.58025497 -0.29636398
v 0.34935504 0.58031797 -0.29595798
v 0.34907401 0.58009702 -0.29630196
v 0.34904301 0.58012903 -0.29595798
v 0.34979299 0.58012903 -0.29670796
v 0.34944904 0.58009702 -0.29667696
v 0.34916800 0.58000302 -0.29658294
v 0.34935504 0.58031797 -0.28274798
v 0.34938702 0.58025497 -0.28234097
v 0.34979299 0.58031797 -0.28230998
v 0.34944904 0.58009702 -0.28202897
v 0.34979299 0.58012903 -0.28199795
v 0.34904301 0.58012903 -0.28274798
v 0.34907401 0.58009702 -0.28240398
v 0.34916800 0.58000302 -0.28212297
v 0.71465898 0.58031797 -0.28230998
v 0.71506500 0.58025497 -0.28234196
v 0.71509600 0.58031797 -0.28274798
v 0.71537697 0.58009702 -0.28240398
v 0.71540898 0.58012903 -0.28274798
v 0.71465898 0.58012903 -0.28199795
v 0.71500301 0.58009702 -0.28202897
v 0.71528399 0.58000302 -0.28212297
v 0.71465898 0.06838500 -0.29639596
v 0.71506500 0.06844795 -0.29636493
v 0.71509600 0.06838500 -0.29595798
v 0.71537697 0.06860501 -0.29630196
v 0.71540898 0.06857395 -0.29595798
v 0.71465898 0.06857395 -0.29670796
v 0.71500301 0.06860501 -0.29667696
v 0.71528399 0.06870002 -0.29658294
v 0.71509600 0.06838500 -0.28274798
v 0.71506500 0.06844795 -0.28234196
v 0.71465898 0.06838500 -0.28230998
v 0.71500200 0.06860501 -0.28202897
v 0.71465898 0.06857395 -0.28199795
v 0.71540898 0.06857395 -0.28274798
v 0.71537697 0.06860501 -0.28240398
v 0.71528298 0.06870002 -0.28212297
v 0.34979299 0.06838500 -0.28230998
v 0.34938702 0.06844795 -0.28234196
v 0.34935504 0.06838500 -0.28274798
v 0.34907401 0.06860596 -0.28240398
v 0.34904301 0.06857395 -0.28274798
v 0.34979299 0.06857395 -0.28199795
v 0.34944904 0.06860596 -0.28202897
v 0.34916800 0.06870002 -0.28212297
v 0.34935504 0.06838500 -0.29595798
v 0.34938702 0.06844795 -0.29636493
v 0.34979299 0.06838500 -0.29639596
v 0.34944904 0.06860596 -0.29667696
v 0.34979299 0.06857395 -0.29670796
v 0.34904301 0.06857395 -0.29595798
v 0.34907401 0.06860596 -0.29630196
v 0.34916800 0.06870002 -0.29658294
v 0.71565795 0.57937300 -0.29595798
v 0.71559602 0.57937300 -0.29639596
v 0.71553397 0.57978302 -0.29636493
v 0.71559602 0.57981396 -0.29595798
v 0.71537697 0.58009702 -0.29630196
v 0.71540898 0.58012903 -0.29595798
v 0.71540898 0.57937300 -0.29670796
v 0.71537697 0.57972002 -0.29667696
v 0.71528399 0.58000302 -0.29658294
v 0.71565795 0.57937300 -0.28274798
v 0.71559602 0.57981396 -0.28274798
v 0.71553397 0.57978302 -0.28234097
v 0.71559602 0.57937300 -0.28230998
v 0.71537697 0.57972002 -0.28202897
v 0.71540898 0.57937300 -0.28199795
v 0.71540898 0.58012903 -0.28274798
v 0.71537697 0.58009702 -0.28240398
v 0.71528399 0.58000302 -0.28212297
v 0.71565795 0.06932896 -0.28274798
v 0.71559602 0.06932896 -0.28230998
v 0.71553302 0.06891996 -0.28234196
v 0.71559602 0.06888902 -0.28274798
v 0.71537697 0.06860501 -0.28240398
v 0.71540898 0.06857395 -0.28274798
v 0.71540898 0.06932896 -0.28199795
v 0.71537697 0.06898296 -0.28202897
v 0.71528298 0.06870002 -0.28212297
v 0.71565795 0.06932896 -0.29595798
v 0.71559602 0.06888902 -0.29595798
v 0.71553397 0.06891996 -0.29636493
v 0.71559602 0.06932896 -0.29639596
v 0.71537697 0.06898296 -0.29667696
v 0.71540898 0.06932896 -0.29670796
v 0.71540898 0.06857395 -0.29595798
v 0.71537697 0.06860501 -0.29630196
v 0.71528399 0.06870002 -0.29658294
v 0.71465898 0.57937300 -0.28174797
v 0.71509600 0.57937300 -0.28180996
v 0.71506500 0.57978302 -0.28187296
v 0.71465898 0.57981396 -0.28180996
v 0.71500301 0.58009702 -0.28202897
v 0.71465898 0.58012903 -0.28199795
v 0.71540898 0.57937300 -0.28199795
v 0.71537697 0.57972002 -0.28202897
v 0.71528399 0.58000302 -0.28212297
v 0.34979299 0.57937300 -0.28174797
v 0.34979299 0.57981396 -0.28180996
v 0.34938702 0.57978302 -0.28187296
v 0.34935504 0.57937300 -0.28180996
v 0.34907401 0.57972002 -0.28202897
v 0.34904301 0.57937300 -0.28199795
v 0.34979299 0.58012903 -0.28199795
v 0.34944904 0.58009702 -0.28202897
v 0.34916800 0.58000302 -0.28212297
v 0.34979299 0.06932998 -0.28174797
v 0.34935504 0.06932998 -0.28180996
v 0.34938702 0.06891996 -0.28187296
v 0.34979299 0.06888902 -0.28180996
v 0.34944904 0.06860596 -0.28202897
v 0.34979299 0.06857395 -0.28199795
v 0.34904301 0.06932998 -0.28199795
v 0.34907401 0.06898296 -0.28202897
v 0.34916800 0.06870002 -0.28212297
v 0.71465898 0.06932896 -0.28174797
v 0.71465898 0.06888902 -0.28180996
v 0.71506500 0.06891996 -0.28187296
v 0.71509600 0.06932896 -0.28180996
v 0.71537697 0.06898296 -0.28202897
v 0.71540898 0.06932896 -0.28199795
v 0.71465898 0.06857395 -0.28199795
v 0.71500200 0.06860501 -0.28202897
v 0.71528298 0.06870002 -0.28212297
v 0.34879300 0.57937300 -0.28274798
v 0.34885600 0.57937300 -0.28230998
v 0.34891802 0.57978302 -0.28234097
v 0.34885600 0.57981396 -0.28274798
v 0.34907401 0.58009702 -0.28240398
v 0.34904301 0.58012903 -0.28274798
v 0.34904301 0.57937300 -0.28199795
v 0.34907401 0.57972002 -0.28202897
v 0.34916800 0.58000302 -0.28212297
v 0.34879300 0.57937300 -0.29595798
v 0.34885600 0.57981396 -0.29595798
v 0.34891802 0.57978302 -0.29636398
v 0.34885600 0.57937300 -0.29639596
v 0.34907401 0.57972002 -0.29667696
v 0.34904301 0.57937300 -0.29670796
v 0.34904301 0.58012903 -0.29595798
v 0.34907401 0.58009702 -0.29630196
v 0.34916800 0.58000302 -0.29658294
v 0.34879300 0.06932998 -0.29595798
v 0.34885600 0.06932998 -0.29639596
v 0.34891802 0.06891996 -0.29636493
v 0.34885600 0.06888902 -0.29595798
v 0.34907401 0.06860596 -0.29630196
v 0.34904301 0.06857395 -0.29595798
v 0.34904301 0.06932998 -0.29670796
v 0.34907401 0.06898296 -0.29667696
v 0.34916800 0.06870002 -0.29658294
v 0.34879300 0.06932998 -0.28274798
v 0.34885600 0.06888902 -0.28274798
v 0.34891802 0.06891996 -0.28234196
v 0.34885600 0.06932998 -0.28230998
v 0.34907401 0.06898296 -0.28202897
v 0.34904301 0.06932998 -0.28199795
v 0.34904301 0.06857395 -0.28274798
v 0.34907401 0.06860596 -0.28240398
v 0.34916800 0.06870002 -0.28212297
v 0.34979299 0.57937300 -0.29695797
v 0.34935504 0.57937300 -0.29689595
v 0.34938702 0.57978302 -0.29683298
v 0.34979299 0.57981396 -0.29689595
v 0.34944904 0.58009702 -0.29667696
v 0.34979299 0.58012903 -0.29670796
v 0.34904301 0.57937300 -0.29670796
v 0.34907401 0.57972002 -0.29667696
v 0.34916800 0.58000302 -0.29658294
v 0.71465898 0.57937300 -0.29695797
v 0.71465898 0.57981396 -0.29689595
v 0.71506500 0.57978302 -0.29683298
v 0.71509600 0.57937300 -0.29689595
v 0.71537697 0.57972002 -0.29667696
v 0.71540898 0.57937300 -0.29670796
v 0.71465898 0.58012903 -0.29670796
v 0.71500301 0.58009702 -0.29667696
v 0.71528399 0.58000302 -0.29658294
v 0.71465898 0.06932896 -0.29695797
v 0.71509600 0.06932896 -0.29689595
v 0.71506500 0.06891996 -0.29683298
v 0.71465898 0.06888902 -0.29689595
v 0.71500301 0.06860501 -0.29667696
v 0.71465898 0.06857395 -0.29670796
v 0.71540898 0.06932896 -0.29670796
v 0.71537697 0.06898296 -0.29667696
v 0.71528399 0.06870002 -0.29658294
v 0.34979299 0.06932998 -0.29695797
v 0.34979299 0.06888902 -0.29689595
v 0.34938702 0.06891996 -0.29683298
v 0.34935504 0.06932998 -0.29689595
v 0.34907401 0.06898296 -0.29667696
v 0.34904301 0.06932998 -0.29670796
v 0.34979299 0.06857395 -0.29670796
v 0.34944904 0.06860596 -0.29667696
v 0.34916800 0.06870002 -0.29658294
v 0.71559602 0.57389098 -0.28230998
v 0.71559602 0.07481200 -0.28230998
v 0.71540898 0.57389098 -0.28199795
v 0.71540898 0.07481200 -0.28199795
v 0.71559602 0.07481200 -0.29639596
v 0.71559602 0.57389098 -0.29639596
v 0.71540898 0.07481200 -0.29670796
v 0.71540898 0.57389098 -0.29670796
v 0.34935504 0.57389098 -0.28180996
v 0.34935504 0.07481200 -0.28180996
v 0.34904301 0.57389098 -0.28199795
v 0.34904301 0.07481200 -0.28199795
v 0.71509600 0.07481200 -0.28180996
v 0.71509600 0.57389098 -0.28180996
v 0.71540898 0.07481200 -0.28199795
v 0.71540898 0.57389098 -0.28199795
v 0.34885600 0.57389098 -0.29639596
v 0.34885600 0.07481200 -0.29639596
v 0.34904301 0.57389098 -0.29670796
v 0.34904301 0.07481200 -0.29670796
v 0.34885600 0.07481200 -0.28230998
v 0.34885600 0.57389098 -0.28230998
v 0.34904301 0.07481200 -0.28199795
v 0.34904301 0.57389098 -0.28199795
v 0.71509600 0.57389098 -0.29689595
v 0.71509600 0.07481200 -0.29689595
v 0.71540898 0.57389098 -0.29670796
v 0.71540898 0.07481200 -0.29670796
v 0.34935504 0.07481200 -0.29689595
v 0.34935504 0.57389098 -0.29689595
v 0.34904301 0.07481200 -0.29670796
v 0.34904301 0.57389098 -0.29670796
v 0.70141798 0.57906002 0.05399805
v 0.70141798 0.57906002 0.29903805
v 0.71332002 0.57906002 0.29903805
v 0.71332002 0.57906002 0.05399805
v 0.71332002 0.40990797 0.29903805
v 0.70141798 0.40990797 0.29903805
v 0.70141703 0.40990797 0.05399805
v 0.71332002 0.40990797 0.05399805
v 0.71432000 0.56642902 0.29903805
v 0.71431899 0.56642902 0.05399805
v 0.71431899 0.57257092 0.05399805
v 0.71432000 0.57257092 0.29903805
v 0.35119599 0.56642902 0.30003804
v 0.69134599 0.56642902 0.30003804
v 0.69134599 0.57257092 0.30003804
v 0.35119599 0.57257092 0.30003804
v 0.35019600 0.56642902 0.05399805
v 0.35019600 0.56642902 0.29903805
v 0.35019600 0.57257092 0.29903805
v 0.35019600 0.57257092 0.05399805
v 0.71332002 0.56642902 0.05299801
v 0.70141798 0.56642902 0.05299801
v 0.70141798 0.57257092 0.05299801
v 0.71332002 0.57257092 0.05299801
v 0.71375698 0.57899696 0.05399805
v 0.71372598 0.57893401 0.05359203
v 0.71332002 0.57899696 0.05356103
v 0.71366298 0.57877702 0.05327904
v 0.71332002 0.57880902 0.05324805
v 0.71407002 0.57880795 0.05399805
v 0.71403795 0.57877702 0.05365402
v 0.71394497 0.57868296 0.05337304
v 0.35119599 0.57906002 0.05399805
v 0.35119599 0.57899696 0.05356103
v 0.35079002 0.57893503 0.05359203
v 0.35075900 0.57899696 0.05399805
v 0.35047802 0.57877702 0.05365509
v 0.35044599 0.57880902 0.05399805
v 0.35119599 0.57880902 0.05324805
v 0.35085204 0.57877702 0.05328006
v 0.35057101 0.57868296 0.05337304
v 0.35119599 0.57906097 0.29903805
v 0.35075900 0.57899797 0.29903805
v 0.35079002 0.57893503 0.29944408
v 0.35119599 0.57899797 0.29947603
v 0.35085204 0.57877702 0.29975706
v 0.35119599 0.57880902 0.29978806
v 0.35044599 0.57880902 0.29903805
v 0.35047802 0.57877702 0.29938203
v 0.35057101 0.57868296 0.29966307
v 0.71332002 0.57899696 0.29947603
v 0.71372598 0.57893401 0.29944408
v 0.71375698 0.57899696 0.29903805
v 0.71403897 0.57877702 0.29938203
v 0.71407002 0.57880795 0.29903805
v 0.71332002 0.57880795 0.29978806
v 0.71366400 0.57877702 0.29975706
v 0.71394497 0.57868296 0.29966307
v 0.71332002 0.40997100 0.05356103
v 0.71372598 0.41003400 0.05359203
v 0.71375698 0.40997100 0.05399805
v 0.71403795 0.41019100 0.05365402
v 0.71406901 0.41015998 0.05399805
v 0.71332002 0.41015998 0.05324805
v 0.71366298 0.41019100 0.05327904
v 0.71394396 0.41028601 0.05337304
v 0.71375698 0.40997100 0.29903805
v 0.71372598 0.41003400 0.29944408
v 0.71332002 0.40997100 0.29947603
v 0.71366400 0.41019100 0.29975706
v 0.71332002 0.41015998 0.29978806
v 0.71407002 0.41015998 0.29903805
v 0.71403897 0.41019100 0.29938203
v 0.71394497 0.41028601 0.29966307
v 0.35119599 0.40990797 0.29903805
v 0.35119599 0.40997100 0.29947603
v 0.35079002 0.41003400 0.29944408
v 0.35075900 0.40997100 0.29903805
v 0.35047802 0.41019100 0.29938203
v 0.35044700 0.41015998 0.29903805
v 0.35119599 0.41015998 0.29978806
v 0.35085300 0.41019100 0.29975706
v 0.35057202 0.41028601 0.29966307
v 0.35119599 0.40990797 0.05399805
v 0.35075799 0.40997100 0.05399805
v 0.35079002 0.41003400 0.05359203
v 0.35119599 0.40997100 0.05356103
v 0.35085204 0.41019100 0.05327904
v 0.35119599 0.41015998 0.05324805
v 0.35044599 0.41015998 0.05399805
v 0.35047704 0.41019100 0.05365402
v 0.35057101 0.41028601 0.05337304
v 0.71431899 0.57805300 0.05399805
v 0.71425694 0.57805300 0.05356103
v 0.71419400 0.57846200 0.05359203
v 0.71425694 0.57849395 0.05399805
v 0.71403795 0.57877702 0.05365402
v 0.71407002 0.57880795 0.05399805
v 0.71406901 0.57805300 0.05324805
v 0.71403795 0.57839894 0.05327904
v 0.71394497 0.57868296 0.05337304
v 0.71432000 0.57805300 0.29903805
v 0.71425694 0.57849395 0.29903805
v 0.71419501 0.57846200 0.29944408
v 0.71425694 0.57805300 0.29947603
v 0.71403897 0.57839894 0.29975706
v 0.71407002 0.57805300 0.29978806
v 0.71407002 0.57880795 0.29903805
v 0.71403897 0.57877702 0.29938203
v 0.71394497 0.57868296 0.29966307
v 0.71432000 0.41091496 0.29903805
v 0.71425694 0.41091496 0.29947603
v 0.71419501 0.41050601 0.29944408
v 0.71425694 0.41047496 0.29903805
v 0.71403897 0.41019100 0.29938203
v 0.71407002 0.41015998 0.29903805
v 0.71407002 0.41091496 0.29978806
v 0.71403897 0.41056898 0.29975706
v 0.71394497 0.41028601 0.29966307
v 0.71431899 0.41091496 0.05399805
v 0.71425694 0.41047496 0.05399805
v 0.71419400 0.41050601 0.05359203
v 0.71425694 0.41091496 0.05356103
v 0.71403795 0.41056898 0.05327904
v 0.71406901 0.41091496 0.05324805
v 0.71406901 0.41015998 0.05399805
v 0.71403795 0.41019100 0.05365402
v 0.71394396 0.41028601 0.05337304
v 0.71332002 0.57805300 0.30003804
v 0.71375698 0.57805300 0.29997605
v 0.71372598 0.57846200 0.29991299
v 0.71332002 0.57849395 0.29997605
v 0.71366400 0.57877702 0.29975706
v 0.71332002 0.57880795 0.29978806
v 0.71407002 0.57805300 0.29978806
v 0.71403897 0.57839894 0.29975706
v 0.71394497 0.57868296 0.29966307
v 0.35119599 0.57805300 0.30003804
v 0.35119599 0.57849395 0.29997605
v 0.35079002 0.57846200 0.29991299
v 0.35075900 0.57805300 0.29997605
v 0.35047802 0.57840002 0.29975706
v 0.35044599 0.57805300 0.29978806
v 0.35119599 0.57880902 0.29978806
v 0.35085204 0.57877702 0.29975706
v 0.35057101 0.57868296 0.29966307
v 0.35119599 0.41091496 0.30003804
v 0.35075900 0.41091496 0.29997605
v 0.35079002 0.41050601 0.29991299
v 0.35119599 0.41047496 0.29997605
v 0.35085300 0.41019100 0.29975706
v 0.35119599 0.41015998 0.29978806
v 0.35044700 0.41091496 0.29978806
v 0.35047802 0.41056898 0.29975706
v 0.35057202 0.41028601 0.29966307
v 0.71332002 0.41091496 0.30003804
v 0.71332002 0.41047496 0.29997605
v 0.71372598 0.41050601 0.29991299
v 0.71375698 0.41091496 0.29997605
v 0.71403897 0.41056898 0.29975706
v 0.71407002 0.41091496 0.29978806
v 0.71332002 0.41015998 0.29978806
v 0.71366400 0.41019100 0.29975706
v 0.71394497 0.41028601 0.29966307
v 0.35019600 0.57805300 0.29903805
v 0.35025904 0.57805300 0.29947603
v 0.35032204 0.57846200 0.29944408
v 0.35025904 0.57849395 0.29903805
v 0.35047802 0.57877702 0.29938203
v 0.35044599 0.57880902 0.29903805
v 0.35044599 0.57805300 0.29978806
v 0.35047802 0.57840002 0.29975706
v 0.35057101 0.57868296 0.29966307
v 0.35019600 0.57805300 0.05399805
v 0.35025904 0.57849395 0.05399805
v 0.35032102 0.57846200 0.05359203
v 0.35025904 0.57805300 0.05356103
v 0.35047802 0.57839894 0.05328006
v 0.35044599 0.57805300 0.05324805
v 0.35044599 0.57880902 0.05399805
v 0.35047802 0.57877702 0.05365509
v 0.35057101 0.57868296 0.05337304
v 0.35019600 0.41091496 0.05399805
v 0.35025904 0.41091496 0.05356103
v 0.35032102 0.41050601 0.05359203
v 0.35025904 0.41047496 0.05399805
v 0.35047704 0.41019100 0.05365402
v 0.35044599 0.41015998 0.05399805
v 0.35044599 0.41091496 0.05324805
v 0.35047704 0.41056898 0.05327904
v 0.35057101 0.41028601 0.05337304
v 0.35019702 0.41091496 0.29903805
v 0.35025904 0.41047496 0.29903805
v 0.35032204 0.41050601 0.29944408
v 0.35025904 0.41091496 0.29947603
v 0.35047802 0.41056898 0.29975706
v 0.35044700 0.41091496 0.29978806
v 0.35044700 0.41015998 0.29903805
v 0.35047802 0.41019100 0.29938203
v 0.35057202 0.41028601 0.29966307
v 0.35119599 0.57805300 0.05299801
v 0.35075900 0.57805300 0.05306107
v 0.35079002 0.57846200 0.05312300
v 0.35119599 0.57849395 0.05306107
v 0.35085204 0.57877702 0.05328006
v 0.35119599 0.57880902 0.05324805
v 0.35044599 0.57805300 0.05324805
v 0.35047802 0.57839894 0.05328006
v 0.35057101 0.57868296 0.05337304
v 0.71332002 0.57805300 0.05299801
v 0.71332002 0.57849395 0.05306107
v 0.71372598 0.57846200 0.05312300
v 0.71375698 0.57805300 0.05306107
v 0.71403795 0.57839894 0.05327904
v 0.71406901 0.57805300 0.05324805
v 0.71332002 0.57880902 0.05324805
v 0.71366298 0.57877702 0.05327904
v 0.71394497 0.57868296 0.05337304
v 0.71332002 0.41091496 0.05299801
v 0.71375698 0.41091496 0.05306107
v 0.71372598 0.41050601 0.05312300
v 0.71332002 0.41047496 0.05306107
v 0.71366298 0.41019100 0.05327904
v 0.71332002 0.41015998 0.05324805
v 0.71406901 0.41091496 0.05324805
v 0.71403795 0.41056898 0.05327904
v 0.71394396 0.41028601 0.05337304
v 0.35119599 0.41091496 0.05299801
v 0.35119599 0.41047496 0.05306107
v 0.35079002 0.41050601 0.05312300
v 0.35075799 0.41091496 0.05306107
v 0.35047704 0.41056898 0.05327904
v 0.35044599 0.41091496 0.05324805
v 0.35119599 0.41015998 0.05324805
v 0.35085204 0.41019100 0.05327904
v 0.35057101 0.41028601 0.05337304
v 0.69134599 0.57906002 0.05399805
v 0.69134599 0.57899696 0.05356103
v 0.69134599 0.57880902 0.05324805
v 0.70141798 0.57899696 0.29947603
v 0.70141798 0.57880795 0.29978806
v 0.69134599 0.40990797 0.29903805
v 0.69134599 0.40997100 0.29947603
v 0.69134599 0.41015998 0.29978806
v 0.70141703 0.40997100 0.05356103
v 0.70141703 0.41015998 0.05324805
v 0.71432000 0.55675399 0.29903805
v 0.71425694 0.55675399 0.29947603
v 0.71425694 0.41639698 0.29947603
v 0.71432000 0.41639698 0.29903805
v 0.71407002 0.55675399 0.29978806
v 0.71407002 0.41639698 0.29978806
v 0.71425694 0.56642902 0.05356103
v 0.71425694 0.57257092 0.05356103
v 0.71406901 0.56642902 0.05324805
v 0.71406901 0.57257092 0.05324805
v 0.69134599 0.57805300 0.30003804
v 0.69134599 0.57849395 0.29997605
v 0.69134599 0.57880795 0.29978806
v 0.35119599 0.55675399 0.30003804
v 0.35075900 0.55675399 0.29997605
v 0.35075900 0.41639799 0.29997605
v 0.35119599 0.41639799 0.30003804
v 0.35044599 0.55675399 0.29978806
v 0.35044700 0.41639799 0.29978806
v 0.70141798 0.41091496 0.30003804
v 0.70141798 0.41047496 0.29997605
v 0.70141798 0.41015998 0.29978806
v 0.71332002 0.56642902 0.30003804
v 0.71375698 0.56642902 0.29997605
v 0.71375698 0.57257092 0.29997605
v 0.71332002 0.57257092 0.30003804
v 0.71407002 0.56642902 0.29978806
v 0.71407002 0.57257092 0.29978806
v 0.35019600 0.55675399 0.05399805
v 0.35025904 0.55675399 0.05356103
v 0.35025904 0.41639799 0.05356103
v 0.35019600 0.41639799 0.05399805
v 0.35044599 0.55675399 0.05324805
v 0.35044599 0.41639799 0.05324805
v 0.35025904 0.56642902 0.29947603
v 0.35025904 0.57257092 0.29947603
v 0.35044599 0.56642902 0.29978806
v 0.35044599 0.57257092 0.29978806
v 0.70141798 0.57805300 0.05299801
v 0.70141798 0.57849395 0.05306107
v 0.70141798 0.57880902 0.05324805
v 0.71332002 0.55675399 0.05299801
v 0.71375698 0.55675399 0.05306107
v 0.71375698 0.41639698 0.05306107
v 0.71332002 0.41639698 0.05299801
v 0.71406901 0.55675399 0.05324805
v 0.71406901 0.41639698 0.05324805
v 0.69134599 0.41091496 0.05299801
v 0.69134599 0.41047496 0.05306107
v 0.69134599 0.41015998 0.05324805
v 0.35119599 0.56642902 0.05299801
v 0.35075900 0.56642902 0.05306107
v 0.35075900 0.57257092 0.05306107
v 0.35119599 0.57257092 0.05299801
v 0.35044599 0.56642902 0.05324805
v 0.35044599 0.57257092 0.05324805
v 0.71431899 0.41639698 0.05399805
v 0.69134599 0.41091496 0.30003804
v 0.69134599 0.41639698 0.30003804
v 0.70141798 0.57805300 0.30003804
v 0.70141798 0.57257092 0.30003804
v 0.35019702 0.41639799 0.29903805
v 0.70141703 0.41091496 0.05299801
v 0.70141703 0.41639698 0.05299801
v 0.69134599 0.57805300 0.05299801
v 0.69134599 0.57257092 0.05299801
v 0.71425694 0.57257092 0.29947603
v 0.71407002 0.57257092 0.29978806
v 0.71425694 0.41639698 0.05356103
v 0.71406901 0.41639698 0.05324805
v 0.35075900 0.57257092 0.29997605
v 0.35044599 0.57257092 0.29978806
v 0.71375698 0.41639698 0.29997605
v 0.71332002 0.41639698 0.30003804
v 0.71407002 0.41639698 0.29978806
v 0.35025904 0.57257092 0.05356103
v 0.35044599 0.57257092 0.05324805
v 0.35025904 0.41639799 0.29947603
v 0.35044700 0.41639799 0.29978806
v 0.71375698 0.57257092 0.05306107
v 0.71406901 0.57257092 0.05324805
v 0.35075799 0.41639799 0.05306107
v 0.35119599 0.41639799 0.05299801
v 0.35044599 0.41639799 0.05324805
v 0.69134599 0.57906002 0.29903805
v 0.69134599 0.40990797 0.05399805
v 0.70141798 0.41639698 0.30003804
v 0.70141798 0.55675399 0.30003804
v 0.69134599 0.55675399 0.30003804
v 0.35119599 0.55675399 0.05299801
v 0.69134599 0.55675399 0.05299801
v 0.69134599 0.41639698 0.05299801
v 0.70141798 0.57899696 0.05356103
v 0.70141798 0.57880902 0.05324805
v 0.69134599 0.57899696 0.29947603
v 0.69134599 0.57880795 0.29978806
v 0.70141798 0.40997100 0.29947603
v 0.70141798 0.41015998 0.29978806
v 0.69134599 0.40997100 0.05356103
v 0.69134599 0.41015998 0.05324805
v 0.70141798 0.57849395 0.29997605
v 0.70141798 0.57880795 0.29978806
v 0.69134599 0.41047496 0.29997605
v 0.69134599 0.41015998 0.29978806
v 0.69134599 0.57849395 0.05306107
v 0.69134599 0.57880902 0.05324805
v 0.70141703 0.41047496 0.05306107
v 0.70141703 0.41015998 0.05324805
v 0.71431899 0.55675399 0.05399805
v 0.35019600 0.55675399 0.29903805
v 0.70141798 0.55675399 0.05299801
v 0.71425694 0.56642902 0.29947603
v 0.71407002 0.56642902 0.29978806
v 0.71425694 0.55675399 0.05356103
v 0.71406901 0.55675399 0.05324805
v 0.35075900 0.56642902 0.29997605
v 0.35044599 0.56642902 0.29978806
v 0.71332002 0.55675399 0.30003804
v 0.71375698 0.55675399 0.29997605
v 0.71407002 0.55675399 0.29978806
v 0.35025904 0.56642902 0.05356103
v 0.35044599 0.56642902 0.05324805
v 0.35025904 0.55675399 0.29947603
v 0.35044599 0.55675399 0.29978806
v 0.71375698 0.56642902 0.05306107
v 0.71406901 0.56642902 0.05324805
v 0.35075900 0.55675399 0.05306107
v 0.35044599 0.55675399 0.05324805
v 0.70141798 0.56642902 0.30003804
v 0.69134599 0.56642902 0.05299801
vn -0.07308403 -0.07308403 -0.99464440
vn -0.07308403 0.07308403 -0.99464440
vn 0.07308197 0.07308297 -0.99464464
vn 0.07308297 -0.07308297 -0.99464464
vn 0.07308297 0.07308197 0.99464464
vn -0.07308304 0.07308403 0.99464452
vn -0.07308304 -0.07308403 0.99464452
vn 0.07307497 -0.07307597 0.99464566
vn 0.99464446 0.07308403 -0.07308403
vn 0.99464476 0.07308198 0.07308198
vn 0.99464464 -0.07308297 0.07308197
vn 0.99464446 -0.07308403 -0.07308403
vn -0.07308403 0.99464446 -0.07308403
vn -0.07308403 0.99464446 0.07308403
vn 0.07308304 0.99464452 0.07308404
vn 0.07308304 0.99464452 -0.07308404
vn -0.99464446 -0.07308403 -0.07308403
vn -0.99464446 -0.07308403 0.07308403
vn -0.99464446 0.07308403 0.07308403
vn -0.99464446 0.07308403 -0.07308403
vn 0.07308403 -0.99464446 -0.07308403
vn 0.07308701 -0.99464399 0.07308701
vn -0.07308403 -0.99464446 0.07308403
vn -0.07308403 -0.99464446 -0.07308403
vn 0.32949591 -0.07776897 -0.94094872
vn 0.31460002 -0.31460106 -0.89557415
vn 0.07776997 -0.32949585 -0.94094867
vn 0.27078804 -0.68068808 -0.68068904
vn 0.06326801 -0.70569015 -0.70569015
vn 0.70568967 -0.06326797 -0.70569062
vn 0.68068790 -0.27078894 -0.68068886
vn 0.57735026 -0.57735026 -0.57735026
vn -0.07777104 -0.32949618 -0.94094849
vn -0.31460094 -0.31460094 -0.89557391
vn -0.32949707 -0.07777002 -0.94094819
vn -0.68068886 -0.27078894 -0.68068790
vn -0.70569015 -0.06326801 -0.70569015
vn -0.06326900 -0.70569009 -0.70569009
vn -0.27078918 -0.68068838 -0.68068838
vn -0.57735091 -0.57734996 -0.57734996
vn -0.32949707 0.07777002 -0.94094819
vn -0.31460094 0.31460094 -0.89557391
vn -0.07777005 0.32949618 -0.94094855
vn -0.27078918 0.68068838 -0.68068838
vn -0.06326801 0.70569015 -0.70569015
vn -0.70569015 0.06326801 -0.70569015
vn -0.68068886 0.27078894 -0.68068790
vn -0.57734996 0.57735091 -0.57734996
vn 0.07775800 0.32949203 -0.94095105
vn 0.31459206 0.31460005 -0.89557725
vn 0.32949600 0.07776500 -0.94094896
vn 0.68069476 0.27078694 -0.68068284
vn 0.70568991 0.06326298 -0.70569086
vn 0.06323800 0.70568800 -0.70569497
vn 0.27076596 0.68071401 -0.68067199
vn 0.57735902 0.57737094 -0.57732093
vn 0.07774404 -0.32950518 0.94094759
vn 0.31459108 -0.31458706 0.89558220
vn 0.32950515 -0.07774503 0.94094741
vn 0.68070203 -0.27076799 0.68068308
vn 0.70569074 -0.06326599 0.70568985
vn 0.06327199 -0.70569199 0.70568800
vn 0.27080414 -0.68069738 0.68067336
vn 0.57735527 -0.57734525 0.57735032
vn 0.32949695 0.07776298 0.94094884
vn 0.31459391 0.31461987 0.89556974
vn 0.07776399 0.32949695 0.94094884
vn 0.27078283 0.68069857 0.68068063
vn 0.06326900 0.70569009 0.70569009
vn 0.70569092 0.06326199 0.70568997
vn 0.68068713 0.27079800 0.68068606
vn 0.57734096 0.57736987 0.57733995
vn -0.07776997 0.32949585 0.94094867
vn -0.31460002 0.31460106 0.89557415
vn -0.32949585 0.07776997 0.94094867
vn -0.68068790 0.27078894 0.68068886
vn -0.70568967 0.06326797 0.70569062
vn -0.06326801 0.70569015 0.70569015
vn -0.27078804 0.68068808 0.68068904
vn -0.57734996 0.57735091 0.57734996
vn -0.32949585 -0.07776997 0.94094867
vn -0.31460094 -0.31460094 0.89557391
vn -0.07776997 -0.32949585 0.94094867
vn -0.27078894 -0.68068790 0.68068886
vn -0.06326801 -0.70569015 0.70569015
vn -0.70569015 -0.06326801 0.70569015
vn -0.68068790 -0.27078894 0.68068886
vn -0.57735026 -0.57735026 0.57735026
vn 0.94094813 -0.32949704 -0.07777102
vn 0.89557391 -0.31460094 -0.31460094
vn 0.94094819 -0.07777002 -0.32949707
vn 0.68068790 -0.27078894 -0.68068886
vn 0.70568967 -0.06326797 -0.70569062
vn 0.70569015 -0.70569015 -0.06326801
vn 0.68068790 -0.68068886 -0.27078894
vn 0.57735026 -0.57735026 -0.57735026
vn 0.94094902 0.07776900 -0.32949504
vn 0.89558041 0.31459516 -0.31458813
vn 0.94094861 0.32949585 -0.07777097
vn 0.68069690 0.68068987 -0.27076393
vn 0.70569110 0.70568919 -0.06326801
vn 0.70568991 0.06326298 -0.70569086
vn 0.68069476 0.27078694 -0.68068284
vn 0.57735902 0.57737094 -0.57732093
vn 0.94094884 0.32949695 0.07776298
vn 0.89557028 0.31461912 0.31459311
vn 0.94094914 0.07776301 0.32949609
vn 0.68068713 0.27079800 0.68068606
vn 0.70569092 0.06326199 0.70568997
vn 0.70569110 0.70568919 0.06326801
vn 0.68068129 0.68069828 0.27078217
vn 0.57734096 0.57736987 0.57733995
vn 0.94094914 -0.07776301 0.32949609
vn 0.89557153 -0.31459820 0.31461021
vn 0.94094789 -0.32949895 0.07776600
vn 0.68068409 -0.68069023 0.27079508
vn 0.70568782 -0.70569170 0.06327698
vn 0.70569074 -0.06326599 0.70568985
vn 0.68070203 -0.27076799 0.68068308
vn 0.57735527 -0.57734525 0.57735032
vn 0.32949707 0.94094819 -0.07777002
vn 0.31459999 0.89558607 -0.31456700
vn 0.07776002 0.94095218 -0.32948807
vn 0.27076596 0.68071401 -0.68067199
vn 0.06323800 0.70568800 -0.70569497
vn 0.70569110 0.70568919 -0.06326801
vn 0.68069690 0.68068987 -0.27076393
vn 0.57735902 0.57737094 -0.57732093
vn -0.07777004 0.94094849 -0.32949618
vn -0.31460094 0.89557391 -0.31460094
vn -0.32949588 0.94094867 -0.07776997
vn -0.68068790 0.68068886 -0.27078894
vn -0.70568973 0.70569068 -0.06326797
vn -0.06326801 0.70569015 -0.70569015
vn -0.27078918 0.68068838 -0.68068838
vn -0.57734996 0.57735091 -0.57734996
vn -0.32949588 0.94094867 0.07776997
vn -0.31460002 0.89557415 0.31460106
vn -0.07777004 0.94094849 0.32949618
vn -0.27078804 0.68068808 0.68068904
vn -0.06326801 0.70569015 0.70569015
vn -0.70568973 0.70569068 0.06326797
vn -0.68068790 0.68068886 0.27078894
vn -0.57734996 0.57735091 0.57734996
vn 0.07777004 0.94094849 0.32949618
vn 0.31460094 0.89557391 0.31460094
vn 0.32949707 0.94094819 0.07777002
vn 0.68068129 0.68069828 0.27078217
vn 0.70569110 0.70568919 0.06326801
vn 0.06326900 0.70569009 0.70569009
vn 0.27078283 0.68069857 0.68068063
vn 0.57734096 0.57736987 0.57733995
vn -0.94094819 0.32949707 -0.07777002
vn -0.89557356 0.31460187 -0.31460086
vn -0.94094867 0.07776997 -0.32949588
vn -0.68068886 0.27078894 -0.68068790
vn -0.70569015 0.06326801 -0.70569015
vn -0.70568973 0.70569068 -0.06326797
vn -0.68068790 0.68068886 -0.27078894
vn -0.57734996 0.57735091 -0.57734996
vn -0.94094867 -0.07776997 -0.32949588
vn -0.89557415 -0.31460109 -0.31460005
vn -0.94094867 -0.32949588 -0.07776997
vn -0.68068886 -0.68068790 -0.27078894
vn -0.70569015 -0.70569015 -0.06326801
vn -0.70569015 -0.06326801 -0.70569015
vn -0.68068886 -0.27078894 -0.68068790
vn -0.57735091 -0.57734996 -0.57734996
vn -0.94094861 -0.32949585 0.07777097
vn -0.89557391 -0.31460094 0.31460094
vn -0.94094819 -0.07777002 0.32949707
vn -0.68068790 -0.27078894 0.68068886
vn -0.70569015 -0.06326801 0.70569015
vn -0.70569015 -0.70569015 0.06326801
vn -0.68068886 -0.68068790 0.27078894
vn -0.57735026 -0.57735026 0.57735026
vn -0.94094819 0.07777002 0.32949707
vn -0.89557368 0.31460124 0.31460124
vn -0.94094813 0.32949704 0.07777102
vn -0.68068790 0.68068886 0.27078894
vn -0.70568973 0.70569068 0.06326797
vn -0.70568967 0.06326797 0.70569062
vn -0.68068790 0.27078894 0.68068886
vn -0.57734996 0.57735091 0.57734996
vn -0.32949707 -0.94094819 -0.07777002
vn -0.31460094 -0.89557391 -0.31460094
vn -0.07777104 -0.94094849 -0.32949618
vn -0.27078918 -0.68068838 -0.68068838
vn -0.06326900 -0.70569009 -0.70569009
vn -0.70569015 -0.70569015 -0.06326801
vn -0.68068886 -0.68068790 -0.27078894
vn -0.57735091 -0.57734996 -0.57734996
vn 0.07777004 -0.94094849 -0.32949618
vn 0.31460002 -0.89557415 -0.31460106
vn 0.32949588 -0.94094867 -0.07776997
vn 0.68068790 -0.68068886 -0.27078894
vn 0.70569015 -0.70569015 -0.06326801
vn 0.06326801 -0.70569015 -0.70569015
vn 0.27078804 -0.68068808 -0.68068904
vn 0.57735026 -0.57735026 -0.57735026
vn 0.32949588 -0.94094765 0.07778197
vn 0.31460208 -0.89557022 0.31461009
vn 0.07777698 -0.94094872 0.32949391
vn 0.27080414 -0.68069738 0.68067336
vn 0.06327199 -0.70569199 0.70568800
vn 0.70568782 -0.70569170 0.06327698
vn 0.68068409 -0.68069023 0.27079508
vn 0.57735527 -0.57734525 0.57735032
vn -0.07777004 -0.94094849 0.32949618
vn -0.31460094 -0.89557391 0.31460094
vn -0.32949618 -0.94094849 0.07777005
vn -0.68068886 -0.68068790 0.27078894
vn -0.70569015 -0.70569015 0.06326801
vn -0.06326801 -0.70569015 0.70569015
vn -0.27078894 -0.68068790 0.68068886
vn -0.57735026 -0.57735026 0.57735026
vn -0.07308403 0.07308403 -0.99464440
vn 0.07308304 0.07308403 -0.99464452
vn 0.07308403 -0.07308403 -0.99464440
vn -0.07308304 -0.07308403 -0.99464452
vn 0.07308304 -0.07308403 0.99464452
vn 0.07308403 0.07308403 0.99464440
vn -0.07308304 0.07308403 0.99464452
vn -0.07307398 -0.07307398 0.99464589
vn 0.07308403 -0.99464446 -0.07308403
vn 0.07308403 -0.99464446 0.07308403
vn -0.07308199 -0.99464476 0.07308099
vn -0.07308403 -0.99464446 -0.07308403
vn 0.99464446 0.07308403 -0.07308403
vn 0.99464446 0.07308403 0.07308403
vn 0.99464446 -0.07308403 0.07308403
vn 0.99464446 -0.07308403 -0.07308403
vn -0.07308403 0.99464446 -0.07308403
vn -0.07308403 0.99464446 0.07308403
vn 0.07308403 0.99464446 0.07308403
vn 0.07308403 0.99464446 -0.07308403
vn -0.99464446 -0.07308403 -0.07308403
vn -0.99464464 -0.07308197 0.07308297
vn -0.99464446 0.07308403 0.07308403
vn -0.99464446 0.07308403 -0.07308403
vn -0.07776997 -0.32949585 -0.94094867
vn -0.31460094 -0.31460094 -0.89557391
vn -0.32949707 -0.07777002 -0.94094819
vn -0.68068886 -0.27078894 -0.68068790
vn -0.70569015 -0.06326801 -0.70569015
vn -0.06326801 -0.70569015 -0.70569015
vn -0.27078918 -0.68068838 -0.68068838
vn -0.57735091 -0.57734996 -0.57734996
vn -0.32949707 0.07777002 -0.94094819
vn -0.31460094 0.31460094 -0.89557391
vn -0.07777005 0.32949618 -0.94094855
vn -0.27078918 0.68068838 -0.68068838
vn -0.06326801 0.70569015 -0.70569015
vn -0.70569015 0.06326801 -0.70569015
vn -0.68068886 0.27078894 -0.68068790
vn -0.57735026 0.57735026 -0.57735026
vn 0.07776997 0.32949585 -0.94094867
vn 0.31460094 0.31460094 -0.89557391
vn 0.32949585 0.07776997 -0.94094867
vn 0.68068790 0.27078894 -0.68068886
vn 0.70569015 0.06326801 -0.70569015
vn 0.06326801 0.70569015 -0.70569015
vn 0.27078894 0.68068790 -0.68068886
vn 0.57735026 0.57735026 -0.57735026
vn 0.32949585 -0.07776997 -0.94094867
vn 0.31460002 -0.31460106 -0.89557415
vn 0.07777104 -0.32949618 -0.94094849
vn 0.27078804 -0.68068808 -0.68068904
vn 0.06326801 -0.70569015 -0.70569015
vn 0.70568967 -0.06326797 -0.70569062
vn 0.68068790 -0.27078894 -0.68068886
vn 0.57735026 -0.57735026 -0.57735026
vn -0.32950014 -0.07773104 0.94095033
vn -0.31457913 -0.31459013 0.89558542
vn -0.07773902 -0.32950500 0.94094801
vn -0.27076006 -0.68070316 0.68068516
vn -0.06326303 -0.70569038 0.70569038
vn -0.70569116 -0.06324601 0.70569116
vn -0.68069988 -0.27082694 0.68066186
vn -0.57733822 -0.57737529 0.57733738
vn 0.07776997 -0.32949585 0.94094867
vn 0.31460688 -0.31460688 0.89556962
vn 0.32949707 -0.07777002 0.94094819
vn 0.68068594 -0.27081400 0.68068093
vn 0.70569015 -0.06326801 0.70569015
vn 0.06326801 -0.70569015 0.70569015
vn 0.27080601 -0.68068504 0.68068504
vn 0.57733494 -0.57735795 0.57735795
vn 0.32949707 0.07777002 0.94094819
vn 0.31460094 0.31460094 0.89557391
vn 0.07777104 0.32949618 0.94094849
vn 0.27078918 0.68068838 0.68068838
vn 0.06326900 0.70569009 0.70569009
vn 0.70569015 0.06326801 0.70569015
vn 0.68068886 0.27078894 0.68068790
vn 0.57735091 0.57734996 0.57734996
vn -0.07777099 0.32949793 0.94094783
vn -0.31459892 0.31460893 0.89557177
vn -0.32949585 0.07776997 0.94094867
vn -0.68068790 0.27078894 0.68068886
vn -0.70569015 0.06326801 0.70569015
vn -0.06327299 0.70568997 0.70568997
vn -0.27076784 0.68069261 0.68069261
vn -0.57733899 0.57735598 0.57735598
vn -0.32949707 -0.94094819 -0.07777002
vn -0.31460094 -0.89557391 -0.31460094
vn -0.07777004 -0.94094849 -0.32949618
vn -0.27078918 -0.68068838 -0.68068838
vn -0.06326801 -0.70569015 -0.70569015
vn -0.70569015 -0.70569015 -0.06326801
vn -0.68068886 -0.68068790 -0.27078894
vn -0.57735091 -0.57734996 -0.57734996
vn 0.07777004 -0.94094849 -0.32949618
vn 0.31460002 -0.89557415 -0.31460106
vn 0.32949588 -0.94094867 -0.07776997
vn 0.68068790 -0.68068886 -0.27078894
vn 0.70569015 -0.70569015 -0.06326801
vn 0.06326801 -0.70569015 -0.70569015
vn 0.27078804 -0.68068808 -0.68068904
vn 0.57735026 -0.57735026 -0.57735026
vn 0.32949588 -0.94094867 0.07776997
vn 0.31460688 -0.89556962 0.31460688
vn 0.07777004 -0.94094849 0.32949618
vn 0.27080601 -0.68068504 0.68068504
vn 0.06326801 -0.70569015 0.70569015
vn 0.70569015 -0.70569015 0.06326801
vn 0.68068564 -0.68068171 0.27081287
vn 0.57733494 -0.57735795 0.57735795
vn -0.07775802 -0.94094920 0.32949707
vn -0.31460696 -0.89556992 0.31460601
vn -0.32949713 -0.94094932 0.07775703
vn -0.68070012 -0.68068105 0.27077803
vn -0.70569086 -0.70568991 0.06326298
vn -0.06326303 -0.70569038 0.70569038
vn -0.27076006 -0.68070316 0.68068516
vn -0.57733822 -0.57737529 0.57733738
vn 0.94094849 -0.32949618 -0.07777005
vn 0.89557391 -0.31460094 -0.31460094
vn 0.94094819 -0.07777002 -0.32949707
vn 0.68068790 -0.27078894 -0.68068886
vn 0.70568967 -0.06326797 -0.70569062
vn 0.70569015 -0.70569015 -0.06326801
vn 0.68068790 -0.68068886 -0.27078894
vn 0.57735026 -0.57735026 -0.57735026
vn 0.94094819 0.07777002 -0.32949707
vn 0.89557391 0.31460094 -0.31460094
vn 0.94094867 0.32949588 -0.07776997
vn 0.68068886 0.68068790 -0.27078894
vn 0.70569015 0.70569015 -0.06326801
vn 0.70569015 0.06326801 -0.70569015
vn 0.68068790 0.27078894 -0.68068886
vn 0.57735026 0.57735026 -0.57735026
vn 0.94094867 0.32949588 0.07776997
vn 0.89557415 0.31460109 0.31460005
vn 0.94094867 0.07776997 0.32949588
vn 0.68068886 0.27078894 0.68068790
vn 0.70569015 0.06326801 0.70569015
vn 0.70569015 0.70569015 0.06326801
vn 0.68068886 0.68068790 0.27078894
vn 0.57735091 0.57734996 0.57734996
vn 0.94094861 -0.07777097 0.32949585
vn 0.89556688 -0.31461093 0.31461093
vn 0.94094849 -0.32949618 0.07777005
vn 0.68068564 -0.68068171 0.27081287
vn 0.70569015 -0.70569015 0.06326801
vn 0.70569015 -0.06326801 0.70569015
vn 0.68068594 -0.27081400 0.68068093
vn 0.57733494 -0.57735795 0.57735795
vn 0.32949707 0.94094819 -0.07777002
vn 0.31460094 0.89557391 -0.31460094
vn 0.07777004 0.94094849 -0.32949618
vn 0.27078894 0.68068790 -0.68068886
vn 0.06326801 0.70569015 -0.70569015
vn 0.70569015 0.70569015 -0.06326801
vn 0.68068886 0.68068790 -0.27078894
vn 0.57735026 0.57735026 -0.57735026
vn -0.07777004 0.94094849 -0.32949618
vn -0.31460094 0.89557391 -0.31460094
vn -0.32949588 0.94094867 -0.07776997
vn -0.68068790 0.68068886 -0.27078894
vn -0.70569015 0.70569015 -0.06326801
vn -0.06326801 0.70569015 -0.70569015
vn -0.27078918 0.68068838 -0.68068838
vn -0.57735026 0.57735026 -0.57735026
vn -0.32949588 0.94094867 0.07776997
vn -0.31459889 0.89557171 0.31460893
vn -0.07777099 0.94094783 0.32949793
vn -0.27076784 0.68069261 0.68069261
vn -0.06327299 0.70568997 0.70568997
vn -0.70569015 0.70569015 0.06326801
vn -0.68068790 0.68068886 0.27078894
vn -0.57733899 0.57735598 0.57735598
vn 0.07777104 0.94094849 0.32949618
vn 0.31460094 0.89557391 0.31460094
vn 0.32949618 0.94094849 0.07777005
vn 0.68068886 0.68068790 0.27078894
vn 0.70569015 0.70569015 0.06326801
vn 0.06326900 0.70569009 0.70569009
vn 0.27078918 0.68068838 0.68068838
vn 0.57735091 0.57734996 0.57734996
vn -0.94094849 0.32949618 -0.07777005
vn -0.89557415 0.31460109 -0.31460005
vn -0.94094867 0.07776997 -0.32949588
vn -0.68068886 0.27078894 -0.68068790
vn -0.70569015 0.06326801 -0.70569015
vn -0.70569015 0.70569015 -0.06326801
vn -0.68068790 0.68068886 -0.27078894
vn -0.57735026 0.57735026 -0.57735026
vn -0.94094867 -0.07776997 -0.32949588
vn -0.89557415 -0.31460109 -0.31460005
vn -0.94094867 -0.32949588 -0.07776997
vn -0.68068886 -0.68068790 -0.27078894
vn -0.70569015 -0.70569015 -0.06326801
vn -0.70569015 -0.06326801 -0.70569015
vn -0.68068886 -0.27078894 -0.68068790
vn -0.57735091 -0.57734996 -0.57734996
vn -0.94094908 -0.32949606 0.07776400
vn -0.89558297 -0.31459302 0.31458300
vn -0.94095111 -0.07775602 0.32949206
vn -0.68069988 -0.27082694 0.68066186
vn -0.70569116 -0.06324601 0.70569116
vn -0.70569086 -0.70568991 0.06326298
vn -0.68070012 -0.68068105 0.27077803
vn -0.57733822 -0.57737529 0.57733738
vn -0.94094819 0.07777002 0.32949707
vn -0.89557391 0.31460094 0.31460094
vn -0.94094849 0.32949618 0.07777005
vn -0.68068790 0.68068886 0.27078894
vn -0.70569015 0.70569015 0.06326801
vn -0.70569015 0.06326801 0.70569015
vn -0.68068790 0.27078894 0.68068886
vn -0.57733899 0.57735598 0.57735598
vn -0.07308403 0.07308403 -0.99464440
vn 0.07308403 0.07308403 -0.99464440
vn 0.07308502 -0.07308403 -0.99464434
vn -0.07308304 -0.07308403 -0.99464452
vn 0.07308304 -0.07308403 0.99464452
vn 0.07308502 0.07308403 0.99464434
vn -0.07308304 0.07308403 0.99464452
vn -0.07307498 -0.07307498 0.99464577
vn 0.07308304 -0.99464452 -0.07308404
vn 0.07308304 -0.99464452 0.07308404
vn -0.07308198 -0.99464476 0.07308198
vn -0.07308403 -0.99464446 -0.07308403
vn 0.99464434 0.07308403 -0.07308502
vn 0.99464452 0.07308297 0.07308397
vn 0.99464446 -0.07308403 0.07308403
vn 0.99464446 -0.07308403 -0.07308403
vn -0.07308403 0.99464446 -0.07308403
vn -0.07308403 0.99464446 0.07308403
vn 0.07308403 0.99464446 0.07308403
vn 0.07308403 0.99464446 -0.07308403
vn -0.99464428 -0.07308602 -0.07308403
vn -0.99464434 -0.07308502 0.07308403
vn -0.99464428 0.07308602 0.07308403
vn -0.99464428 0.07308602 -0.07308403
vn -0.07776897 -0.32949591 -0.94094872
vn -0.31460106 -0.31460002 -0.89557415
vn -0.32949620 -0.07776905 -0.94094867
vn -0.68069106 -0.27078807 -0.68068612
vn -0.70569026 -0.06326602 -0.70569026
vn -0.06326801 -0.70569015 -0.70569015
vn -0.27079007 -0.68068922 -0.68068719
vn -0.57735330 -0.57735133 -0.57734627
vn -0.32949707 0.07777002 -0.94094819
vn -0.31460115 0.31460214 -0.89557338
vn -0.07777005 0.32949618 -0.94094855
vn -0.27078894 0.68068886 -0.68068790
vn -0.06326900 0.70569009 -0.70569009
vn -0.70569015 0.06326801 -0.70569015
vn -0.68068945 0.27079123 -0.68068641
vn -0.57734996 0.57735193 -0.57734895
vn 0.07777005 0.32949618 -0.94094855
vn 0.31459993 0.31460193 -0.89557391
vn 0.32949585 0.07776997 -0.94094867
vn 0.68068838 0.27078918 -0.68068838
vn 0.70569015 0.06326801 -0.70569015
vn 0.06326900 0.70569009 -0.70569009
vn 0.27078602 0.68068898 -0.68068898
vn 0.57734931 0.57735032 -0.57735127
vn 0.32949504 -0.07776900 -0.94094902
vn 0.31459984 -0.31459984 -0.89557463
vn 0.07777104 -0.32949618 -0.94094849
vn 0.27078694 -0.68068880 -0.68068880
vn 0.06326801 -0.70569015 -0.70569015
vn 0.70568883 -0.06326599 -0.70569170
vn 0.68068862 -0.27078786 -0.68068862
vn 0.57734996 -0.57735091 -0.57734996
vn -0.32950699 -0.07774300 0.94094700
vn -0.31460303 -0.31458700 0.89557803
vn -0.07774199 -0.32950491 0.94094777
vn -0.27076599 -0.68070203 0.68068397
vn -0.06326403 -0.70569032 0.70569032
vn -0.70569092 -0.06327399 0.70568895
vn -0.68070853 -0.27075318 0.68068254
vn -0.57735419 -0.57733226 0.57736433
vn 0.07776798 -0.32949594 0.94094878
vn 0.31460702 -0.31460002 0.89557213
vn 0.32949713 -0.07776902 0.94094837
vn 0.68068993 -0.27079397 0.68068492
vn 0.70569015 -0.06326801 0.70569015
vn 0.06326602 -0.70569026 0.70569026
vn 0.27079785 -0.68068665 0.68068665
vn 0.57735294 -0.57735091 0.57734704
vn 0.32949585 0.07776997 0.94094867
vn 0.31460094 0.31460094 0.89557391
vn 0.07777104 0.32949618 0.94094849
vn 0.27079004 0.68068820 0.68068820
vn 0.06326900 0.70569009 0.70569009
vn 0.70569116 0.06326801 0.70568919
vn 0.68068922 0.27079007 0.68068719
vn 0.57735091 0.57734996 0.57734996
vn -0.07776897 0.32949591 0.94094872
vn -0.31460023 0.31460223 0.89557368
vn -0.32949704 0.07777102 0.94094813
vn -0.68068802 0.27079096 0.68068802
vn -0.70569062 0.06326797 0.70568967
vn -0.06326801 0.70569015 0.70569015
vn -0.27078804 0.68068904 0.68068808
vn -0.57734895 0.57735193 0.57734996
vn -0.32949707 -0.94094819 -0.07777002
vn -0.31460088 -0.89557469 -0.31459889
vn -0.07776997 -0.94094867 -0.32949588
vn -0.27079007 -0.68068922 -0.68068719
vn -0.06326801 -0.70569015 -0.70569015
vn -0.70569015 -0.70569015 -0.06326801
vn -0.68068898 -0.68068898 -0.27078602
vn -0.57735330 -0.57735133 -0.57734627
vn 0.07776997 -0.94094867 -0.32949588
vn 0.31460002 -0.89557415 -0.31460106
vn 0.32949588 -0.94094867 -0.07776997
vn 0.68068808 -0.68068904 -0.27078804
vn 0.70569015 -0.70569015 -0.06326801
vn 0.06326801 -0.70569015 -0.70569015
vn 0.27078694 -0.68068880 -0.68068880
vn 0.57734996 -0.57735091 -0.57734996
vn 0.32949713 -0.94094837 0.07776902
vn 0.31460801 -0.89557201 0.31459901
vn 0.07776798 -0.94094878 0.32949594
vn 0.27079785 -0.68068665 0.68068665
vn 0.06326602 -0.70569026 0.70569026
vn 0.70569003 -0.70569003 0.06327199
vn 0.68068808 -0.68068707 0.27079299
vn 0.57735294 -0.57735091 0.57734704
vn -0.07776003 -0.94094932 0.32949612
vn -0.31459987 -0.89557177 0.31460789
vn -0.32949698 -0.94094896 0.07776100
vn -0.68069518 -0.68068320 0.27078506
vn -0.70569074 -0.70568985 0.06326498
vn -0.06326403 -0.70569032 0.70569032
vn -0.27076599 -0.68070203 0.68068397
vn -0.57735419 -0.57733226 0.57736433
vn 0.94094813 -0.32949704 -0.07777102
vn 0.89557439 -0.31460115 -0.31459919
vn 0.94094867 -0.07776997 -0.32949588
vn 0.68068862 -0.27078786 -0.68068862
vn 0.70568883 -0.06326599 -0.70569170
vn 0.70569015 -0.70569015 -0.06326801
vn 0.68068808 -0.68068904 -0.27078804
vn 0.57734996 -0.57735091 -0.57734996
vn 0.94094849 0.07777104 -0.32949618
vn 0.89557391 0.31460094 -0.31460094
vn 0.94094861 0.32949585 -0.07777097
vn 0.68068868 0.68068779 -0.27078989
vn 0.70569015 0.70569015 -0.06326801
vn 0.70569015 0.06326801 -0.70569015
vn 0.68068838 0.27078918 -0.68068838
vn 0.57734931 0.57735032 -0.57735127
vn 0.94094896 0.32949495 0.07777100
vn 0.89557463 0.31459984 0.31459984
vn 0.94094926 0.07777003 0.32949409
vn 0.68068922 0.27079007 0.68068719
vn 0.70569116 0.06326801 0.70568919
vn 0.70569015 0.70569015 0.06326801
vn 0.68068886 0.68068790 0.27078894
vn 0.57735091 0.57734996 0.57734996
vn 0.94094861 -0.07777097 0.32949585
vn 0.89557129 -0.31460708 0.31460208
vn 0.94094783 -0.32949793 0.07777099
vn 0.68068808 -0.68068707 0.27079299
vn 0.70569003 -0.70569003 0.06327199
vn 0.70569015 -0.06326801 0.70569015
vn 0.68068993 -0.27079397 0.68068492
vn 0.57735294 -0.57735091 0.57734704
vn 0.32949618 0.94094849 -0.07777005
vn 0.31460115 0.89557344 -0.31460214
vn 0.07777104 0.94094849 -0.32949618
vn 0.27078602 0.68068898 -0.68068898
vn 0.06326900 0.70569009 -0.70569009
vn 0.70569015 0.70569015 -0.06326801
vn 0.68068868 0.68068779 -0.27078989
vn 0.57734931 0.57735032 -0.57735127
vn -0.07777004 0.94094849 -0.32949618
vn -0.31460094 0.89557391 -0.31460094
vn -0.32949501 0.94094896 -0.07777000
vn -0.68068779 0.68068868 -0.27078989
vn -0.70569110 0.70568907 -0.06327000
vn -0.06326900 0.70569009 -0.70569009
vn -0.27078894 0.68068886 -0.68068790
vn -0.57734996 0.57735193 -0.57734895
vn -0.32949588 0.94094867 0.07776997
vn -0.31460002 0.89557415 0.31460106
vn -0.07776997 0.94094867 0.32949588
vn -0.27078804 0.68068904 0.68068808
vn -0.06326801 0.70569015 0.70569015
vn -0.70569015 0.70569015 0.06326801
vn -0.68068695 0.68068987 0.27078894
vn -0.57734895 0.57735193 0.57734996
vn 0.07777104 0.94094849 0.32949618
vn 0.31460094 0.89557391 0.31460094
vn 0.32949618 0.94094849 0.07777005
vn 0.68068886 0.68068790 0.27078894
vn 0.70569015 0.70569015 0.06326801
vn 0.06326900 0.70569009 0.70569009
vn 0.27079004 0.68068820 0.68068820
vn 0.57735091 0.57734996 0.57734996
vn -0.94094819 0.32949707 -0.07777002
vn -0.89557344 0.31460416 -0.31459919
vn -0.94094878 0.07777198 -0.32949492
vn -0.68068945 0.27079123 -0.68068641
vn -0.70569015 0.06326801 -0.70569015
vn -0.70569110 0.70568907 -0.06327000
vn -0.68068779 0.68068868 -0.27078989
vn -0.57734996 0.57735193 -0.57734895
vn -0.94094896 -0.07777100 -0.32949495
vn -0.89557493 -0.31460300 -0.31459597
vn -0.94094789 -0.32949793 -0.07776999
vn -0.68068898 -0.68068898 -0.27078602
vn -0.70569015 -0.70569015 -0.06326801
vn -0.70569026 -0.06326602 -0.70569026
vn -0.68069106 -0.27078807 -0.68068612
vn -0.57735330 -0.57735133 -0.57734627
vn -0.94094813 -0.32949802 0.07776701
vn -0.89557099 -0.31459099 0.31461900
vn -0.94094813 -0.07776801 0.32949802
vn -0.68070853 -0.27075318 0.68068254
vn -0.70569092 -0.06327399 0.70568895
vn -0.70569074 -0.70568985 0.06326498
vn -0.68069518 -0.68068320 0.27078506
vn -0.57735419 -0.57733226 0.57736433
vn -0.94094819 0.07777002 0.32949707
vn -0.89557308 0.31460404 0.31459999
vn -0.94094765 0.32949886 0.07776897
vn -0.68068695 0.68068987 0.27078894
vn -0.70569015 0.70569015 0.06326801
vn -0.70569062 0.06326797 0.70568967
vn -0.68068802 0.27079096 0.68068802
vn -0.57734895 0.57735193 0.57734996
vn 0.00000000 -0.07088802 -0.99748439
vn 0.00000100 0.07089001 -0.99748415
vn 0.07308503 0.07308503 -0.99464434
vn 0.07308403 -0.07308304 -0.99464452
vn 0.07308297 0.07308297 0.99464464
vn 0.00000000 0.07088802 0.99748439
vn -0.00000100 -0.07089001 0.99748415
vn 0.07307398 -0.07307598 0.99464577
vn 0.99464464 0.07308197 -0.07308297
vn 0.99748439 0.07088702 0.00000100
vn 0.99748892 -0.07082299 0.00000000
vn 0.99464434 -0.07308602 -0.07308302
vn 0.00000300 0.99748427 -0.07088902
vn 0.00000300 1.00000000 0.00000000
vn 0.07089200 0.99748409 0.00000000
vn 0.07308701 0.99464422 -0.07308402
vn -0.99464452 -0.07308304 -0.07308404
vn -0.99748439 -0.07088802 0.00000000
vn -0.99748415 0.07089001 0.00000000
vn -0.99464452 0.07308404 -0.07308304
vn -0.00000300 -0.99748427 -0.07088902
vn -0.00000300 -1.00000000 0.00000000
vn -0.07089200 -0.99748409 0.00000000
vn -0.07308701 -0.99464422 -0.07308402
vn 0.32949498 -0.07776999 -0.94094890
vn 0.31460002 -0.31460106 -0.89557415
vn 0.07777002 -0.32949707 -0.94094819
vn 0.27078804 -0.68068808 -0.68068904
vn 0.06326697 -0.70569068 -0.70568979
vn 0.70568967 -0.06326897 -0.70569062
vn 0.68068790 -0.27078894 -0.68068886
vn 0.57735026 -0.57735026 -0.57735026
vn -0.07308304 -0.07308403 -0.99464452
vn -0.07776997 -0.32949585 -0.94094867
vn -0.31460094 -0.31460094 -0.89557391
vn -0.32949707 -0.07777002 -0.94094819
vn -0.68068886 -0.27078894 -0.68068790
vn -0.70569015 -0.06326801 -0.70569015
vn -0.06327001 -0.70569009 -0.70569009
vn -0.27078918 -0.68068838 -0.68068838
vn -0.57735091 -0.57734996 -0.57734996
vn -0.07308304 0.07308403 -0.99464452
vn -0.32950199 0.07777700 -0.94094592
vn -0.31465507 0.31462005 -0.89554816
vn -0.07776802 0.32949713 -0.94094831
vn -0.27088806 0.68067724 -0.68066019
vn -0.06326503 0.70569032 -0.70569032
vn -0.70568919 0.06329001 -0.70568919
vn -0.68069178 0.27077192 -0.68069178
vn -0.57740396 0.57724297 -0.57740396
vn 0.07777203 0.32949615 -0.94094843
vn 0.31460094 0.31460094 -0.89557391
vn 0.32949585 0.07776997 -0.94094867
vn 0.68068790 0.27078894 -0.68068886
vn 0.70569021 0.06326701 -0.70569021
vn 0.06327099 0.70569003 -0.70569003
vn 0.27078894 0.68068790 -0.68068886
vn 0.57735026 0.57735026 -0.57735026
vn 0.07773898 -0.32950288 0.94094872
vn 0.31459492 -0.31457588 0.89558476
vn 0.32950604 -0.07774501 0.94094712
vn 0.68070567 -0.27074984 0.68068665
vn 0.70569009 -0.06326900 0.70569009
vn 0.06325497 -0.70569074 0.70569074
vn 0.27079117 -0.68069744 0.68067849
vn 0.57736295 -0.57732993 0.57735801
vn 0.32949713 0.07776902 0.94094837
vn 0.31462410 0.31462511 0.89555722
vn 0.07777097 0.32949585 0.94094861
vn 0.27088898 0.68067694 0.68066001
vn 0.06327001 0.70569009 0.70569009
vn 0.70569021 0.06326701 0.70569021
vn 0.68067575 0.27085495 0.68067485
vn 0.57738197 0.57728785 0.57738096
vn -0.07308502 0.07308403 0.99464434
vn -0.07777002 0.32949707 0.94094819
vn -0.31465507 0.31462005 0.89554816
vn -0.32950109 0.07777702 0.94094628
vn -0.68071187 0.27079192 0.68066382
vn -0.70568919 0.06329001 0.70568919
vn -0.06326697 0.70569068 0.70568979
vn -0.27088806 0.68067724 0.68066019
vn -0.57743996 0.57722592 0.57738495
vn -0.07308502 -0.07308403 0.99464434
vn -0.32949585 -0.07776997 0.94094867
vn -0.31460094 -0.31460094 0.89557391
vn -0.07777203 -0.32949615 0.94094843
vn -0.27078894 -0.68068790 0.68068886
vn -0.06327099 -0.70569003 0.70569003
vn -0.70569015 -0.06326801 0.70569015
vn -0.68068790 -0.27078894 0.68068886
vn -0.57735026 -0.57735026 0.57735026
vn 0.94094849 -0.32949618 -0.07777005
vn 0.89557391 -0.31460094 -0.31460094
vn 0.94094807 -0.07777201 -0.32949704
vn 0.68068790 -0.27078894 -0.68068886
vn 0.70568967 -0.06326897 -0.70569062
vn 0.70569015 -0.70569015 -0.06326801
vn 0.68068790 -0.68068886 -0.27078894
vn 0.57735026 -0.57735026 -0.57735026
vn 0.94094867 0.07776805 -0.32949623
vn 0.89557391 0.31460094 -0.31460094
vn 0.94094872 0.32949591 -0.07776897
vn 0.68068886 0.68068790 -0.27078894
vn 0.70569068 0.70568973 -0.06326797
vn 0.70569021 0.06326701 -0.70569021
vn 0.68068790 0.27078894 -0.68068886
vn 0.57735026 0.57735026 -0.57735026
vn 0.99464452 0.07308404 0.07308304
vn 0.94094867 0.32949588 0.07776997
vn 0.89555746 0.31462479 0.31462383
vn 0.94094867 0.07776997 0.32949588
vn 0.68067575 0.27085495 0.68067485
vn 0.70569021 0.06326701 0.70569021
vn 0.70569015 0.70569015 0.06326801
vn 0.68066019 0.68067718 0.27088806
vn 0.57738197 0.57728785 0.57738096
vn 0.99464464 -0.07308297 0.07308197
vn 0.94094908 -0.07776400 0.32949606
vn 0.89557415 -0.31458804 0.31461304
vn 0.94094908 -0.32949606 0.07776400
vn 0.68068910 -0.68069005 0.27078304
vn 0.70568991 -0.70569086 0.06326298
vn 0.70569009 -0.06326900 0.70569009
vn 0.68070567 -0.27074984 0.68068665
vn 0.57736295 -0.57732993 0.57735801
vn 0.32949707 0.94094819 -0.07777002
vn 0.31460094 0.89557391 -0.31460094
vn 0.07777303 0.94094837 -0.32949615
vn 0.27078894 0.68068790 -0.68068886
vn 0.06327099 0.70569003 -0.70569003
vn 0.70569068 0.70568973 -0.06326797
vn 0.68068886 0.68068790 -0.27078894
vn 0.57735026 0.57735026 -0.57735026
vn -0.07308097 0.99464464 -0.07308397
vn -0.07776698 0.94094884 -0.32949594
vn -0.31464201 0.89554501 -0.31464201
vn -0.32949588 0.94094867 -0.07776997
vn -0.68066019 0.68067718 -0.27088806
vn -0.70569015 0.70569015 -0.06326801
vn -0.06326503 0.70569032 -0.70569032
vn -0.27088806 0.68067724 -0.68066019
vn -0.57740396 0.57724297 -0.57740396
vn -0.07308097 0.99464464 0.07308397
vn -0.32949588 0.94094867 0.07776997
vn -0.31464201 0.89554501 0.31464201
vn -0.07776798 0.94094878 0.32949594
vn -0.27088806 0.68067724 0.68066019
vn -0.06326697 0.70569068 0.70568979
vn -0.70569009 0.70569009 0.06326900
vn -0.68069404 0.68063414 0.27091107
vn -0.57743996 0.57722592 0.57738495
vn 0.07308701 0.99464422 0.07308402
vn 0.07777303 0.94094837 0.32949615
vn 0.31464294 0.89554477 0.31464192
vn 0.32949618 0.94094849 0.07777005
vn 0.68066019 0.68067718 0.27088806
vn 0.70569015 0.70569015 0.06326801
vn 0.06327001 0.70569009 0.70569009
vn 0.27088898 0.68067694 0.68066001
vn 0.57738197 0.57728785 0.57738096
vn -0.94094819 0.32949707 -0.07777002
vn -0.89554816 0.31462005 -0.31465507
vn -0.94094628 0.07777702 -0.32950109
vn -0.68069178 0.27077192 -0.68069178
vn -0.70568919 0.06329001 -0.70568919
vn -0.70569015 0.70569015 -0.06326801
vn -0.68066019 0.68067718 -0.27088806
vn -0.57740396 0.57724297 -0.57740396
vn -0.94094867 -0.07776997 -0.32949588
vn -0.89557415 -0.31460109 -0.31460005
vn -0.94094867 -0.32949588 -0.07776997
vn -0.68068886 -0.68068790 -0.27078894
vn -0.70569015 -0.70569015 -0.06326801
vn -0.70569015 -0.06326801 -0.70569015
vn -0.68068886 -0.27078894 -0.68068790
vn -0.57735091 -0.57734996 -0.57734996
vn -0.99464434 -0.07308403 0.07308502
vn -0.94094861 -0.32949585 0.07777097
vn -0.89557391 -0.31460094 0.31460094
vn -0.94094819 -0.07777002 0.32949707
vn -0.68068790 -0.27078894 0.68068886
vn -0.70569015 -0.06326801 0.70569015
vn -0.70569009 -0.70569009 0.06326900
vn -0.68068886 -0.68068790 0.27078894
vn -0.57735026 -0.57735026 0.57735026
vn -0.99464357 0.07308997 0.07308997
vn -0.94094652 0.07779504 0.32949618
vn -0.89557308 0.31454906 0.31465504
vn -0.94094694 0.32949400 0.07779899
vn -0.68069404 0.68063414 0.27091107
vn -0.70569009 0.70569009 0.06326900
vn -0.70568919 0.06329001 0.70568919
vn -0.68071187 0.27079192 0.68066382
vn -0.57743996 0.57722592 0.57738495
vn -0.32949618 -0.94094849 -0.07777005
vn -0.31460094 -0.89557391 -0.31460094
vn -0.07777303 -0.94094837 -0.32949615
vn -0.27078918 -0.68068838 -0.68068838
vn -0.06327001 -0.70569009 -0.70569009
vn -0.70569015 -0.70569015 -0.06326801
vn -0.68068886 -0.68068790 -0.27078894
vn -0.57735091 -0.57734996 -0.57734996
vn 0.07308097 -0.99464464 -0.07308397
vn 0.07776798 -0.94094878 -0.32949594
vn 0.31460002 -0.89557415 -0.31460106
vn 0.32949588 -0.94094867 -0.07776997
vn 0.68068790 -0.68068886 -0.27078894
vn 0.70569015 -0.70569015 -0.06326801
vn 0.06326697 -0.70569068 -0.70568979
vn 0.27078804 -0.68068808 -0.68068904
vn 0.57735026 -0.57735026 -0.57735026
vn 0.07307999 -0.99464476 0.07308298
vn 0.32949606 -0.94094908 0.07776400
vn 0.31458995 -0.89557880 0.31459793
vn 0.07775704 -0.94095033 0.32949415
vn 0.27079117 -0.68069744 0.68067849
vn 0.06325497 -0.70569074 0.70569074
vn 0.70568991 -0.70569086 0.06326298
vn 0.68068910 -0.68069005 0.27078304
vn 0.57736295 -0.57732993 0.57735801
vn -0.07308701 -0.99464422 0.07308402
vn -0.07777303 -0.94094837 0.32949615
vn -0.31460094 -0.89557391 0.31460094
vn -0.32949618 -0.94094849 0.07777005
vn -0.68068886 -0.68068790 0.27078894
vn -0.70569009 -0.70569009 0.06326900
vn -0.06327099 -0.70569003 0.70569003
vn -0.27078894 -0.68068790 0.68068886
vn -0.57735026 -0.57735026 0.57735026
vn 0.00000100 -0.07088902 -0.99748427
vn 0.00000000 -0.33457896 -0.94236779
vn -0.00000100 -0.70710731 -0.70710629
vn 0.00000200 0.33457896 -0.94236779
vn 0.00000200 0.70710683 -0.70710683
vn -0.00000100 0.07088902 0.99748427
vn 0.00000000 0.33457801 0.94236803
vn 0.00000100 0.70710629 0.70710731
vn -0.00000100 -0.33457896 0.94236779
vn -0.00000200 -0.70710683 0.70710683
vn 0.99748427 0.07088902 0.00000000
vn 0.94236779 0.33457896 0.00000000
vn 0.70710683 0.70710683 0.00000000
vn 0.94239056 -0.33451486 0.00000000
vn 0.70710683 -0.70710683 0.00000000
vn 0.00000300 0.99748427 -0.07088902
vn 0.00000300 0.94236779 -0.33457896
vn 0.00000300 0.70710683 -0.70710683
vn -0.07088603 0.99748451 0.00000000
vn -0.33457896 0.94236779 0.00000000
vn -0.70710683 0.70710683 0.00000000
vn 0.00000300 0.99748427 0.07088902
vn 0.00000200 0.94237524 0.33455807
vn 0.00000200 0.70709676 0.70711684
vn 0.33457896 0.94236779 0.00000000
vn 0.70710683 0.70710683 0.00000100
vn -0.99748427 -0.07088902 0.00000100
vn -0.94236779 -0.33457896 0.00000100
vn -0.70710683 -0.70710683 0.00000000
vn -0.94236779 0.33457896 0.00000000
vn -0.70710683 0.70710683 0.00000000
vn -0.00000300 -0.99748427 -0.07088902
vn -0.00000200 -0.94236779 -0.33457896
vn -0.00000100 -0.70710629 -0.70710731
vn 0.07088603 -0.99748451 0.00000000
vn 0.33453810 -0.94238234 0.00000000
vn 0.70712680 -0.70708680 0.00000000
vn -0.00000300 -0.99748391 0.07089400
vn -0.00000300 -0.94237334 0.33456314
vn -0.00000300 -0.70712233 0.70709133
vn -0.33457896 -0.94236779 0.00000000
vn -0.70710683 -0.70710683 0.00000000
vn 0.99748427 -0.07088902 0.00000000
vn 0.00000300 0.99748427 0.07088902
vn 0.00000300 1.00000000 0.00000000
vn -0.99748427 0.07088902 0.00000100
vn -0.00000300 -0.99748427 0.07088902
vn -0.00000300 -1.00000000 0.00000000
vn 0.94236779 0.33457896 0.00000100
vn 0.70710683 0.70710683 0.00000100
vn 0.94239187 -0.33451101 0.00000000
vn 0.70712680 -0.70708680 0.00000000
vn -0.07088603 0.99748451 0.00000000
vn -0.33457896 0.94236779 0.00000000
vn -0.70710683 0.70710683 0.00000000
vn 0.33457896 0.94236779 0.00000000
vn 0.07089200 0.99748409 0.00000000
vn 0.70710683 0.70710683 0.00000000
vn -0.94236779 -0.33457896 0.00000000
vn -0.70710683 -0.70710683 0.00000000
vn -0.94236779 0.33457896 0.00000100
vn -0.70710683 0.70710683 0.00000000
vn 0.07088603 -0.99748451 0.00000000
vn 0.33457896 -0.94236779 0.00000000
vn 0.70710683 -0.70710683 0.00000000
vn -0.33457896 -0.94236779 0.00000000
vn -0.07089200 -0.99748409 0.00000000
vn -0.70710683 -0.70710683 0.00000000
vn 0.00000100 0.07088902 -0.99748427
vn -0.00000100 -0.07088902 0.99748427
vn 0.00000300 1.00000000 0.00000000
vn -0.00000300 -1.00000000 0.00000000
vn 0.00000000 -0.33457801 -0.94236803
vn -0.00000100 -0.70710629 -0.70710731
vn 0.00000200 0.33457896 -0.94236779
vn 0.00000300 0.70710683 -0.70710683
vn 0.00000000 0.33454493 0.94237983
vn 0.00000200 0.70709676 0.70711684
vn -0.00000200 -0.33457896 0.94236779
vn -0.00000300 -0.70712233 0.70709133
vn 0.00000300 0.94236779 -0.33457896
vn 0.00000200 0.70710683 -0.70710683
vn 0.00000200 0.94236779 0.33457896
vn 0.00000100 0.70710629 0.70710731
vn -0.00000200 -0.94236779 -0.33457896
vn -0.00000100 -0.70710731 -0.70710629
vn -0.00000300 -0.94236779 0.33457896
vn -0.00000200 -0.70710683 0.70710683
vn 0.00000300 1.00000000 0.00000000
vn -0.00000300 -1.00000000 0.00000000
vn -0.07365001 0.99456310 -0.07362100
vn -0.07363298 0.99456567 0.07360398
vn 0.07364498 0.99456364 0.07361797
vn 0.07365899 0.99456173 -0.07362998
vn 0.07364199 -0.99456680 0.07357898
vn -0.07360003 -0.99456543 0.07363902
vn -0.07363300 -0.99456310 -0.07363800
vn 0.07360699 -0.99456692 -0.07361199
vn 0.99748427 0.00000000 0.07088902
vn 0.99748427 0.00000000 -0.07088902
vn 0.99748909 0.00000000 -0.07082101
vn 0.99748909 0.00000000 0.07082101
vn -0.07091803 0.00000000 0.99748224
vn 0.07092803 0.00000000 0.99748147
vn 0.07090899 0.00000000 0.99748284
vn -0.07091803 0.00000000 0.99748224
vn -0.99748665 -0.00000100 -0.07085497
vn -0.99748665 0.00000000 0.07085497
vn -0.99748552 -0.00000100 0.07087205
vn -0.99748665 0.00000000 -0.07085497
vn 0.07091803 0.00000000 -0.99748224
vn -0.07091901 0.00000000 -0.99748212
vn -0.07091901 0.00000000 -0.99748212
vn 0.07091803 0.00000000 -0.99748224
vn 0.33162794 0.94015890 -0.07825799
vn 0.31642884 0.89434862 -0.31624892
vn 0.07829502 0.94022024 -0.33144510
vn 0.27178192 0.67841583 -0.68255883
vn 0.06348100 0.70343101 -0.70792300
vn 0.70803195 0.70332694 -0.06341898
vn 0.68274331 0.67829740 -0.27161410
vn 0.57882804 0.57461506 -0.57859814
vn -0.07826605 0.94021946 -0.33145416
vn -0.31643999 0.89434499 -0.31624800
vn -0.33156216 0.94018239 -0.07825403
vn -0.68274719 0.67828918 -0.27162507
vn -0.70804423 0.70330524 -0.06352302
vn -0.06347901 0.70343113 -0.70792311
vn -0.27177304 0.67841309 -0.68256515
vn -0.57886398 0.57458001 -0.57859701
vn -0.33152884 0.94019353 0.07826097
vn -0.31639892 0.89437371 0.31620792
vn -0.07828803 0.94024444 0.33137816
vn -0.27180901 0.67842501 0.68253899
vn -0.06347200 0.70344293 0.70791197
vn -0.70804089 0.70331389 0.06346398
vn -0.68272322 0.67831123 0.27163005
vn -0.57884699 0.57461601 0.57857805
vn 0.07824600 0.94022608 0.33144003
vn 0.31641510 0.89435518 0.31624410
vn 0.33160403 0.94016808 0.07824900
vn 0.68275100 0.67829412 0.27160302
vn 0.70805597 0.70329201 0.06353900
vn 0.06350097 0.70344365 0.70790863
vn 0.27178913 0.67838025 0.68259132
vn 0.57885498 0.57459497 0.57859099
vn 0.07830603 -0.94022536 -0.33142811
vn 0.31640112 -0.89433330 -0.31632012
vn 0.33153206 -0.94018924 -0.07829903
vn 0.68273401 -0.67827201 -0.27170104
vn 0.70810002 -0.70325089 -0.06350299
vn 0.06353102 -0.70343536 -0.70791429
vn 0.27184099 -0.67837197 -0.68257892
vn 0.57881200 -0.57460803 -0.57862103
vn 0.33156988 -0.94017863 0.07826597
vn 0.31643388 -0.89433169 0.31629187
vn 0.07834003 -0.94022429 0.33142313
vn 0.27179411 -0.67837429 0.68259537
vn 0.06354202 -0.70339519 0.70795316
vn 0.70806605 -0.70329005 0.06344800
vn 0.68277591 -0.67825103 0.27164799
vn 0.57882607 -0.57460707 0.57860804
vn -0.07828601 -0.94022411 0.33143607
vn -0.31637609 -0.89434320 0.31631708
vn -0.33154100 -0.94018608 0.07830000
vn -0.68272513 -0.67830211 0.27164805
vn -0.70806897 -0.70328295 0.06349399
vn -0.06353601 -0.70344514 0.70790410
vn -0.27177912 -0.67839432 0.68258137
vn -0.57881111 -0.57461399 0.57861602
vn -0.33156198 -0.94017893 -0.07829699
vn -0.31641105 -0.89433116 -0.31631607
vn -0.07830896 -0.94021356 -0.33146086
vn -0.27179301 -0.67837697 -0.68259305
vn -0.06353400 -0.70340508 -0.70794404
vn -0.70806205 -0.70329005 -0.06349301
vn -0.68273813 -0.67828304 -0.27166301
vn -0.57883275 -0.57460970 -0.57859868
vn 0.99468952 0.07252403 -0.07302804
vn 0.94103086 0.07718799 -0.32939798
vn 0.89622313 0.31254107 -0.31480503
vn 0.94166124 0.32744011 -0.07782801
vn 0.68274331 0.67829740 -0.27161410
vn 0.70803195 0.70332694 -0.06341898
vn 0.70582283 0.06280498 -0.70559883
vn 0.68116081 0.26898795 -0.68092984
vn 0.57882804 0.57461506 -0.57859814
vn 0.99469233 0.07250602 0.07300702
vn 0.94168520 0.32737705 0.07780401
vn 0.89623898 0.31253400 0.31476700
vn 0.94104689 0.07716699 0.32935697
vn 0.68112391 0.26900998 0.68095803
vn 0.70587391 0.06285900 0.70554292
vn 0.70805597 0.70329201 0.06353900
vn 0.68275100 0.67829412 0.27160302
vn 0.57885498 0.57459497 0.57859099
vn 0.99468237 -0.07257403 0.07307603
vn 0.94103330 -0.07719103 0.32939011
vn 0.89623559 -0.31253585 0.31477484
vn 0.94166815 -0.32742107 0.07782501
vn 0.68277591 -0.67825103 0.27164799
vn 0.70806605 -0.70329005 0.06344800
vn 0.70587116 -0.06282101 0.70554912
vn 0.68120122 -0.26900613 0.68088228
vn 0.57882607 -0.57460707 0.57860804
vn 0.99468511 -0.07255201 -0.07306001
vn 0.94167721 -0.32740206 -0.07779501
vn 0.89622915 -0.31252900 -0.31480002
vn 0.94103116 -0.07713702 -0.32940906
vn 0.68116295 -0.26899791 -0.68092382
vn 0.70587015 -0.06282101 -0.70555013
vn 0.70810002 -0.70325089 -0.06350299
vn 0.68273401 -0.67827201 -0.27170104
vn 0.57881200 -0.57460803 -0.57862103
vn 0.07309996 0.07257396 0.99468058
vn 0.32963309 0.07721601 0.94094616
vn 0.31496900 0.31259403 0.89614713
vn 0.07788198 0.32749191 0.94163871
vn 0.27178913 0.67838025 0.68259132
vn 0.06350097 0.70344365 0.70790863
vn 0.70587391 0.06285900 0.70554292
vn 0.68112391 0.26900998 0.68095803
vn 0.57885498 0.57459497 0.57859099
vn -0.07310901 0.07257101 0.99468011
vn -0.07787801 0.32748902 0.94164008
vn -0.31498197 0.31257293 0.89614981
vn -0.32963088 0.07718398 0.94094968
vn -0.68115973 0.26901388 0.68092072
vn -0.70583117 0.06278701 0.70559210
vn -0.06347200 0.70344293 0.70791197
vn -0.27180901 0.67842501 0.68253899
vn -0.57884699 0.57461601 0.57857805
vn -0.07310303 -0.07257402 0.99468035
vn -0.32963991 -0.07719199 0.94094574
vn -0.31498489 -0.31262490 0.89613074
vn -0.07788202 -0.32750210 0.94163519
vn -0.27177912 -0.67839432 0.68258137
vn -0.06353601 -0.70344514 0.70790410
vn -0.70584321 -0.06280901 0.70557815
vn -0.68116319 -0.26895607 0.68094009
vn -0.57881111 -0.57461399 0.57861602
vn 0.07311701 -0.07257801 0.99467909
vn 0.07787998 -0.32750988 0.94163269
vn 0.31499389 -0.31264192 0.89612162
vn 0.32964495 -0.07719499 0.94094378
vn 0.68120122 -0.26900613 0.68088228
vn 0.70587116 -0.06282101 0.70554912
vn 0.06354202 -0.70339519 0.70795316
vn 0.27179411 -0.67837429 0.68259537
vn 0.57882607 -0.57460707 0.57860804
vn -0.99468744 0.07253503 0.07304504
vn -0.94102991 0.07717799 0.32940298
vn -0.89624310 0.31252503 0.31476402
vn -0.94167691 0.32739493 0.07782798
vn -0.68272322 0.67831123 0.27163005
vn -0.70804089 0.70331389 0.06346398
vn -0.70583117 0.06278701 0.70559210
vn -0.68115973 0.26901388 0.68092072
vn -0.57884699 0.57461601 0.57857805
vn -0.99468815 0.07253300 -0.07303701
vn -0.94168526 0.32737505 -0.07781103
vn -0.89622754 0.31255889 -0.31477484
vn -0.94102728 0.07716701 -0.32941306
vn -0.68117321 0.26893812 -0.68093717
vn -0.70583880 0.06279597 -0.70558375
vn -0.70804423 0.70330524 -0.06352302
vn -0.68274719 0.67828918 -0.27162507
vn -0.57886398 0.57458001 -0.57859701
vn -0.99468720 -0.07253701 -0.07304701
vn -0.94102603 -0.07716599 -0.32941699
vn -0.89622903 -0.31253502 -0.31479403
vn -0.94167489 -0.32739991 -0.07783198
vn -0.68273813 -0.67828304 -0.27166301
vn -0.70806205 -0.70329005 -0.06349301
vn -0.70584136 -0.06279304 -0.70558143
vn -0.68117106 -0.26896900 -0.68092704
vn -0.57883275 -0.57460970 -0.57859868
vn -0.99468744 -0.07253503 0.07304504
vn -0.94167322 -0.32740909 0.07781302
vn -0.89622450 -0.31254718 0.31479514
vn -0.94102705 -0.07714001 0.32942003
vn -0.68116319 -0.26895607 0.68094009
vn -0.70584321 -0.06280901 0.70557815
vn -0.70806897 -0.70328295 0.06349399
vn -0.68272513 -0.67830211 0.27164805
vn -0.57881111 -0.57461399 0.57861602
vn -0.07310604 0.07256903 -0.99468046
vn -0.32964608 0.07718501 -0.94094425
vn -0.31501010 0.31261209 -0.89612627
vn -0.07787000 0.32751101 -0.94163305
vn -0.27177304 0.67841309 -0.68256515
vn -0.06347901 0.70343113 -0.70792311
vn -0.70583880 0.06279597 -0.70558375
vn -0.68117321 0.26893812 -0.68093717
vn -0.57886398 0.57458001 -0.57859701
vn 0.07310702 0.07257102 -0.99468029
vn 0.07787897 0.32750988 -0.94163275
vn 0.31500292 0.31260094 -0.89613277
vn 0.32963714 0.07719505 -0.94094652
vn 0.68116081 0.26898795 -0.68092984
vn 0.70582283 0.06280498 -0.70559883
vn 0.06348100 0.70343101 -0.70792300
vn 0.27178192 0.67841583 -0.68255883
vn 0.57882804 0.57461506 -0.57859814
vn 0.07310702 -0.07257102 -0.99468029
vn 0.32963505 -0.07719503 -0.94094718
vn 0.31500614 -0.31262416 -0.89612341
vn 0.07788696 -0.32751685 -0.94162959
vn 0.27184099 -0.67837197 -0.68257892
vn 0.06353102 -0.70343536 -0.70791429
vn 0.70587015 -0.06282101 -0.70555013
vn 0.68116295 -0.26899791 -0.68092382
vn 0.57881200 -0.57460803 -0.57862103
vn -0.07310499 -0.07257799 -0.99467993
vn -0.07787197 -0.32748887 -0.94164068
vn -0.31498221 -0.31263119 -0.89612949
vn -0.32964608 -0.07718402 -0.94094431
vn -0.68117106 -0.26896900 -0.68092704
vn -0.70584136 -0.06279304 -0.70558143
vn -0.06353400 -0.70340508 -0.70794404
vn -0.27179301 -0.67837697 -0.68259305
vn -0.57883275 -0.57460970 -0.57859868
vn 0.94243878 -0.00000100 0.33437890
vn 0.94241601 0.00000000 0.33444303
vn 0.70726985 0.00000000 0.70694375
vn 0.70726985 0.00000000 0.70694375
vn 0.94241571 0.00000000 -0.33444390
vn 0.94241452 0.00000000 -0.33444718
vn 0.70726883 0.00000000 -0.70694476
vn 0.70721829 0.00000000 -0.70699525
vn -0.33468711 0.00000000 0.94232929
vn -0.33469695 0.00000000 0.94232583
vn -0.70724380 0.00000000 0.70696986
vn -0.70723832 0.00000000 0.70697534
vn 0.33469695 0.00000000 0.94232583
vn 0.33467904 0.00000000 0.94233215
vn 0.70726985 0.00000000 0.70694375
vn 0.70726985 0.00000000 0.70694375
vn -0.94240928 0.00000000 -0.33446211
vn -0.94240576 -0.00000100 -0.33447191
vn -0.70723927 0.00000000 -0.70697433
vn -0.70723677 -0.00000100 -0.70697677
vn -0.94240928 0.00000000 0.33446211
vn -0.94240928 -0.00000100 0.33446211
vn -0.70723832 0.00000000 0.70697534
vn -0.70724380 0.00000000 0.70696986
vn 0.33468711 0.00000000 -0.94232929
vn 0.33468711 0.00000000 -0.94232929
vn 0.70721829 0.00000000 -0.70699525
vn 0.70726883 0.00000000 -0.70694476
vn -0.33470497 0.00000000 -0.94232297
vn -0.33469814 0.00000000 -0.94232547
vn -0.70723677 -0.00000100 -0.70697677
vn -0.70723927 0.00000000 -0.70697433
vn -0.07361503 0.99456829 -0.07358503
vn -0.07364202 0.99456424 0.07361303
vn 0.07362300 0.99456793 0.07358200
vn 0.07365201 0.99456209 -0.07363200
vn 0.07356498 -0.99457562 0.07353598
vn -0.07366803 -0.99456048 0.07363802
vn -0.07366803 -0.99456048 -0.07363802
vn 0.07356398 -0.99457574 -0.07353499
vn 0.99748427 0.00000000 0.07088902
vn 0.99748427 0.00000000 -0.07088902
vn 0.99748909 0.00000000 -0.07082101
vn 0.99749398 0.00000000 0.07075200
vn -0.07091803 0.00000000 0.99748224
vn 0.07091901 0.00000000 0.99748212
vn 0.07091901 0.00000000 0.99748212
vn -0.07092001 0.00000000 0.99748212
vn -0.99748790 0.00000000 -0.07083799
vn -0.99748665 0.00000000 0.07085497
vn -0.99748665 0.00000000 0.07085497
vn -0.99748665 0.00000000 -0.07085497
vn 0.07091803 0.00000000 -0.99748224
vn -0.07093599 0.00000000 -0.99748087
vn -0.07091901 0.00000000 -0.99748212
vn 0.07090800 0.00000000 -0.99748296
vn 0.33162701 0.94015706 -0.07828300
vn 0.31640097 0.89434081 -0.31629896
vn 0.07831100 0.94021398 -0.33145902
vn 0.27179301 0.67838299 -0.68258703
vn 0.06353097 0.70342070 -0.70792878
vn 0.70808512 0.70326805 -0.06347901
vn 0.68274128 0.67829227 -0.27163213
vn 0.57885092 0.57460302 -0.57858706
vn -0.07833699 0.94022489 -0.33142194
vn -0.31641895 0.89433879 -0.31628692
vn -0.33153105 0.94019008 -0.07829301
vn -0.68275040 0.67829347 -0.27160621
vn -0.70807397 0.70327801 -0.06349300
vn -0.06353898 0.70340991 -0.70793885
vn -0.27175507 0.67838508 -0.68260008
vn -0.57880807 0.57464504 -0.57858813
vn -0.33155492 0.94018263 0.07828197
vn -0.31638703 0.89435703 0.31626701
vn -0.07831901 0.94022113 0.33143702
vn -0.27177900 0.67842096 0.68255496
vn -0.06347602 0.70340616 0.70794815
vn -0.70807809 0.70327914 0.06343400
vn -0.68270999 0.67832297 0.27163401
vn -0.57883501 0.57461202 0.57859409
vn 0.07835402 0.94022417 0.33142003
vn 0.31642595 0.89434683 0.31625697
vn 0.33153409 0.94019026 0.07827801
vn 0.68275273 0.67830968 0.27155986
vn 0.70804656 0.70330966 0.06344797
vn 0.06350996 0.70340765 0.70794362
vn 0.27178100 0.67837691 0.68259794
vn 0.57882905 0.57463413 0.57857811
vn 0.07833599 -0.94022286 -0.33142796
vn 0.31646514 -0.89429539 -0.31636316
vn 0.33153594 -0.94018781 -0.07829998
vn 0.68277663 -0.67821872 -0.27172682
vn 0.70814985 -0.70320076 -0.06350298
vn 0.06354599 -0.70335782 -0.70798987
vn 0.27187109 -0.67831618 -0.68262231
vn 0.57882696 -0.57456392 -0.57864988
vn 0.33156803 -0.94017714 0.07829301
vn 0.31647015 -0.89429539 0.31635815
vn 0.07834005 -0.94022244 0.33142814
vn 0.27182391 -0.67832470 0.68263274
vn 0.06354201 -0.70336002 0.70798802
vn 0.70812637 -0.70322937 0.06344803
vn 0.68278998 -0.67822808 0.27167001
vn 0.57881701 -0.57457596 0.57864791
vn -0.07833504 -0.94022638 0.33141810
vn -0.31640512 -0.89434737 0.31627613
vn -0.33153602 -0.94018811 0.07829601
vn -0.68268281 -0.67833877 0.27166292
vn -0.70801955 -0.70333266 0.06349396
vn -0.06353602 -0.70346016 0.70788914
vn -0.27181399 -0.67842799 0.68253398
vn -0.57882404 -0.57462007 0.57859707
vn -0.33152705 -0.94019115 -0.07829702
vn -0.31640309 -0.89434922 -0.31627306
vn -0.07833201 -0.94022417 -0.33142507
vn -0.27182198 -0.67841786 -0.68254089
vn -0.06351899 -0.70346797 -0.70788294
vn -0.70801210 -0.70334005 -0.06349601
vn -0.68268406 -0.67833507 -0.27166903
vn -0.57882303 -0.57461309 -0.57860506
vn 0.99469006 0.07251900 -0.07302601
vn 0.94103253 0.07718804 -0.32939321
vn 0.89623690 0.31252593 -0.31478098
vn 0.94167924 0.32738408 -0.07784501
vn 0.68274128 0.67829227 -0.27163213
vn 0.70808512 0.70326805 -0.06347901
vn 0.70585108 0.06281000 -0.70557010
vn 0.68116480 0.26898792 -0.68092585
vn 0.57885092 0.57460302 -0.57858706
vn 0.99469519 0.07251801 0.07295701
vn 0.94168234 0.32739109 0.07777903
vn 0.89625722 0.31253806 0.31471106
vn 0.94103831 0.07716902 0.32938114
vn 0.68115872 0.26895088 0.68094665
vn 0.70579731 0.06275002 0.70562923
vn 0.70804656 0.70330966 0.06344797
vn 0.68275273 0.67830968 0.27155986
vn 0.57882905 0.57463413 0.57857811
vn 0.99468434 -0.07256303 0.07306002
vn 0.94101357 -0.07713396 0.32945985
vn 0.89622474 -0.31255090 0.31479090
vn 0.94165719 -0.32746309 0.07778002
vn 0.68278998 -0.67822808 0.27167001
vn 0.70812637 -0.70322937 0.06344803
vn 0.70584679 -0.06277198 0.70557779
vn 0.68117297 -0.26898494 0.68091893
vn 0.57881701 -0.57457596 0.57864791
vn 0.99468446 -0.07256204 -0.07306002
vn 0.94167411 -0.32741103 -0.07779501
vn 0.89622134 -0.31254616 -0.31480515
vn 0.94103014 -0.07714900 -0.32940903
vn 0.68115681 -0.26902595 -0.68091881
vn 0.70587009 -0.06283201 -0.70554918
vn 0.70814985 -0.70320076 -0.06350298
vn 0.68277663 -0.67821872 -0.27172682
vn 0.57882696 -0.57456392 -0.57864988
vn 0.07310802 0.07257102 0.99468023
vn 0.32966408 0.07718102 0.94093823
vn 0.31496891 0.31260389 0.89614367
vn 0.07788796 0.32751986 0.94162846
vn 0.27178100 0.67837691 0.68259794
vn 0.06350996 0.70340765 0.70794362
vn 0.70579731 0.06275002 0.70562923
vn 0.68115872 0.26895088 0.68094665
vn 0.57882905 0.57463413 0.57857811
vn -0.07310496 0.07256896 0.99468058
vn -0.07786804 0.32751021 0.94163352
vn -0.31498906 0.31260505 0.89613622
vn -0.32964110 0.07718102 0.94094628
vn -0.68117392 0.26897001 0.68092388
vn -0.70583981 0.06279498 0.70558274
vn -0.06347602 0.70340616 0.70794815
vn -0.27177900 0.67842096 0.68255496
vn -0.57883501 0.57461202 0.57859409
vn -0.07310601 -0.07256102 0.99468112
vn -0.32964304 -0.07717600 0.94094598
vn -0.31500614 -0.31261313 0.89612734
vn -0.07788602 -0.32751003 0.94163209
vn -0.27181399 -0.67842799 0.68253398
vn -0.06353602 -0.70346016 0.70788914
vn -0.70583981 -0.06279498 0.70558274
vn -0.68117100 -0.26895401 0.68093306
vn -0.57882404 -0.57462007 0.57859707
vn 0.07310804 -0.07258103 0.99467945
vn 0.07789101 -0.32752907 0.94162512
vn 0.31500515 -0.31265116 0.89611441
vn 0.32966611 -0.07719602 0.94093627
vn 0.68117297 -0.26898494 0.68091893
vn 0.70584679 -0.06277198 0.70557779
vn 0.06354201 -0.70336002 0.70798802
vn 0.27182391 -0.67832470 0.68263274
vn 0.57881701 -0.57457596 0.57864791
vn -0.99468756 0.07253604 0.07304305
vn -0.94102800 0.07715800 0.32941303
vn -0.89624697 0.31250298 0.31477496
vn -0.94167680 0.32739991 0.07780898
vn -0.68270999 0.67832297 0.27163401
vn -0.70807809 0.70327914 0.06343400
vn -0.70583981 0.06279498 0.70558274
vn -0.68117392 0.26897001 0.68092388
vn -0.57883501 0.57461202 0.57859409
vn -0.99468881 0.07253598 -0.07302599
vn -0.94167805 0.32739699 -0.07780600
vn -0.89624673 0.31252989 -0.31474888
vn -0.94103414 0.07715601 -0.32939604
vn -0.68116689 0.26897496 -0.68092895
vn -0.70584077 0.06279399 -0.70558190
vn -0.70807397 0.70327801 -0.06349300
vn -0.68275040 0.67829347 -0.27160621
vn -0.57880807 0.57464504 -0.57858813
vn -0.99468780 -0.07252998 -0.07304599
vn -0.94102526 -0.07716201 -0.32942009
vn -0.89622623 -0.31253406 -0.31480312
vn -0.94167608 -0.32739601 -0.07783300
vn -0.68268406 -0.67833507 -0.27166903
vn -0.70801210 -0.70334005 -0.06349601
vn -0.70582521 -0.06279603 -0.70559728
vn -0.68116659 -0.26895881 -0.68093556
vn -0.57882303 -0.57461309 -0.57860506
vn -0.99468821 -0.07252602 0.07304303
vn -0.94167584 -0.32739991 0.07781999
vn -0.89623189 -0.31252801 0.31479296
vn -0.94102782 -0.07714798 0.32941595
vn -0.68117100 -0.26895401 0.68093306
vn -0.70583981 -0.06279498 0.70558274
vn -0.70801955 -0.70333266 0.06349396
vn -0.68268281 -0.67833877 0.27166292
vn -0.57882404 -0.57462007 0.57859707
vn -0.07310702 0.07257102 -0.99468029
vn -0.32964101 0.07718500 -0.94094598
vn -0.31497905 0.31261802 -0.89613509
vn -0.07788704 0.32752019 -0.94162852
vn -0.27175507 0.67838508 -0.68260008
vn -0.06353898 0.70340991 -0.70793885
vn -0.70584077 0.06279399 -0.70558190
vn -0.68116689 0.26897496 -0.68092895
vn -0.57880807 0.57464504 -0.57858813
vn 0.07309799 0.07257299 -0.99468082
vn 0.07788000 0.32749793 -0.94163686
vn 0.31496403 0.31262499 -0.89613801
vn 0.32966390 0.07720099 -0.94093668
vn 0.68116480 0.26898792 -0.68092585
vn 0.70585108 0.06281000 -0.70557010
vn 0.06353097 0.70342070 -0.70792878
vn 0.27179301 0.67838299 -0.68258703
vn 0.57885092 0.57460302 -0.57858706
vn 0.07310697 -0.07258097 -0.99467957
vn 0.32963508 -0.07720701 -0.94094628
vn 0.31500709 -0.31265303 -0.89611310
vn 0.07789198 -0.32752988 -0.94162470
vn 0.27187109 -0.67831618 -0.68262231
vn 0.06354599 -0.70335782 -0.70798987
vn 0.70587009 -0.06283201 -0.70554918
vn 0.68115681 -0.26902595 -0.68091881
vn 0.57882696 -0.57456392 -0.57864988
vn -0.07312398 -0.07256099 -0.99467981
vn -0.07789398 -0.32751787 -0.94162869
vn -0.31501615 -0.31259415 -0.89613038
vn -0.32964894 -0.07717699 -0.94094384
vn -0.68116659 -0.26895881 -0.68093556
vn -0.70582521 -0.06279603 -0.70559728
vn -0.06351899 -0.70346797 -0.70788294
vn -0.27182198 -0.67841786 -0.68254089
vn -0.57882303 -0.57461309 -0.57860506
vn 0.94241357 0.00000000 0.33444986
vn 0.94239187 0.00000000 0.33451101
vn 0.70719886 0.00000000 0.70701480
vn 0.70724934 0.00000000 0.70696425
vn 0.94241571 0.00000000 -0.33444390
vn 0.94241452 0.00000000 -0.33444718
vn 0.70726883 0.00000000 -0.70694476
vn 0.70724875 0.00000000 -0.70696479
vn -0.33468887 -0.00000100 0.94232875
vn -0.33469695 0.00000000 0.94232583
vn -0.70723128 0.00000000 0.70698225
vn -0.70723832 0.00000000 0.70697534
vn 0.33472884 0.00000000 0.94231451
vn 0.33472884 0.00000000 0.94231451
vn 0.70724934 0.00000000 0.70696425
vn 0.70719886 0.00000000 0.70701480
vn -0.94240963 0.00000000 -0.33446085
vn -0.94241142 -0.00000100 -0.33445579
vn -0.70723879 -0.00000100 -0.70697480
vn -0.70722377 -0.00000100 -0.70698977
vn -0.94240928 0.00000000 0.33446211
vn -0.94240928 0.00000000 0.33446211
vn -0.70723832 0.00000000 0.70697534
vn -0.70723128 0.00000000 0.70698225
vn 0.33471900 0.00000000 -0.94231808
vn 0.33468711 0.00000000 -0.94232929
vn 0.70724875 0.00000000 -0.70696479
vn 0.70726883 0.00000000 -0.70694476
vn -0.33470410 0.00000000 -0.94232333
vn -0.33469814 0.00000000 -0.94232547
vn -0.70722377 -0.00000100 -0.70698977
vn -0.70723879 -0.00000100 -0.70697480
vn -0.07364497 0.99456352 -0.07361897
vn -0.07373898 0.99455476 0.07364499
vn 0.07360902 0.99456829 0.07359201
vn 0.07368302 0.99455822 -0.07365301
vn 0.07356503 -0.99457538 0.07354003
vn -0.07366803 -0.99456036 0.07363902
vn -0.07366697 -0.99456060 -0.07363797
vn 0.07366402 -0.99456131 -0.07363002
vn 0.99748880 0.00000500 0.07082499
vn 0.99748451 0.00000500 -0.07088497
vn 0.99748909 0.00000000 -0.07082101
vn 0.99748909 0.00000000 0.07082001
vn -0.07091803 0.00000000 0.99748224
vn 0.07091803 0.00000000 0.99748224
vn 0.07090899 0.00000000 0.99748284
vn -0.07091803 0.00000000 0.99748224
vn -0.99748677 -0.00000100 -0.07085398
vn -0.99748665 0.00000000 0.07085497
vn -0.99748665 0.00000000 0.07085598
vn -0.99748677 -0.00000100 -0.07085398
vn 0.07090800 -0.00000200 -0.99748296
vn -0.07091901 0.00000000 -0.99748212
vn -0.07091901 0.00000000 -0.99748212
vn 0.07091803 0.00000000 -0.99748224
vn 0.33165410 0.94015521 -0.07819101
vn 0.31641516 0.89436436 -0.31621814
vn 0.07822303 0.94021636 -0.33147314
vn 0.27177900 0.67840493 -0.68257093
vn 0.06350098 0.70348376 -0.70786875
vn 0.70801491 0.70333886 -0.06347699
vn 0.68276566 0.67829061 -0.27157488
vn 0.57889193 0.57458299 -0.57856596
vn -0.07828197 0.94021368 -0.33146688
vn -0.31647116 0.89432335 -0.31627813
vn -0.33160189 0.94016773 -0.07826198
vn -0.68279028 0.67826736 -0.27157113
vn -0.70802009 0.70332414 -0.06358302
vn -0.06356902 0.70346516 -0.70788121
vn -0.27173799 0.67839003 -0.68260199
vn -0.57883614 0.57465613 -0.57854915
vn -0.33169001 0.94014704 0.07813701
vn -0.31642106 0.89435309 0.31624404
vn -0.07823401 0.94020909 0.33149102
vn -0.27181914 0.67840540 0.68255436
vn -0.06350502 0.70348716 0.70786512
vn -0.70799375 0.70336676 0.06340399
vn -0.68271029 0.67832434 0.27163011
vn -0.57885987 0.57456893 0.57861197
vn 0.07834102 0.94021821 0.33144009
vn 0.31636795 0.89435887 0.31628093
vn 0.33157811 0.94017315 0.07829702
vn 0.68277073 0.67826074 0.27163687
vn 0.70810425 0.70325416 0.06342001
vn 0.06348399 0.70341384 0.70793980
vn 0.27179596 0.67838502 0.68258393
vn 0.57882196 0.57459092 0.57862806
vn 0.07831603 -0.94022131 -0.33143708
vn 0.31643292 -0.89433378 -0.31628692
vn 0.33152896 -0.94019186 -0.07828099
vn 0.68271190 -0.67831385 -0.27165201
vn 0.70805103 -0.70329994 -0.06350600
vn 0.06351902 -0.70338619 -0.70796418
vn 0.27183601 -0.67836893 -0.68258393
vn 0.57886493 -0.57456386 -0.57861197
vn 0.33153304 -0.94018906 0.07829800
vn 0.31645387 -0.89434469 0.31623489
vn 0.07831303 -0.94027829 0.33127612
vn 0.27182695 -0.67841482 0.68254191
vn 0.06354500 -0.70341915 0.70792907
vn 0.70803803 -0.70331305 0.06350601
vn 0.68271494 -0.67829686 0.27168694
vn 0.57876819 -0.57469326 0.57858026
vn -0.07836897 -0.94021165 0.33145189
vn -0.31635913 -0.89432943 0.31637311
vn -0.33152589 -0.94019163 0.07829597
vn -0.68268406 -0.67832708 0.27168903
vn -0.70799977 -0.70335275 0.06349298
vn -0.06365101 -0.70346797 0.70787102
vn -0.27178708 -0.67837721 0.68259519
vn -0.57876116 -0.57465720 0.57862318
vn -0.33152395 -0.94019288 -0.07828999
vn -0.31639895 -0.89435178 -0.31626996
vn -0.07833201 -0.94022703 -0.33141699
vn -0.27181995 -0.67843080 -0.68252879
vn -0.06353098 -0.70346189 -0.70788789
vn -0.70799887 -0.70335490 -0.06347799
vn -0.68268979 -0.67832780 -0.27167290
vn -0.57883108 -0.57462114 -0.57858908
vn 0.99469030 0.07251503 -0.07302701
vn 0.94103283 0.07718598 -0.32939291
vn 0.89624178 0.31251690 -0.31477591
vn 0.94167322 0.32740009 -0.07785102
vn 0.68276566 0.67829061 -0.27157488
vn 0.70801491 0.70333886 -0.06347699
vn 0.70582122 0.06279602 -0.70560127
vn 0.68116432 0.26897308 -0.68093222
vn 0.57889193 0.57458299 -0.57856596
vn 0.99469030 0.07251802 0.07302401
vn 0.94168675 0.32736692 0.07782598
vn 0.89624870 0.31247392 0.31479892
vn 0.94103175 0.07719798 0.32939297
vn 0.68114716 0.26895106 0.68095815
vn 0.70582694 0.06280299 0.70559496
vn 0.70810425 0.70325416 0.06342001
vn 0.68277073 0.67826074 0.27163687
vn 0.57882196 0.57459092 0.57862806
vn 0.99469620 -0.07243302 0.07302701
vn 0.94104356 -0.07710196 0.32938185
vn 0.89620185 -0.31256196 0.31484494
vn 0.94167358 -0.32739884 0.07785296
vn 0.68271494 -0.67829686 0.27168694
vn 0.70803803 -0.70331305 0.06350601
vn 0.70583409 -0.06277601 0.70559019
vn 0.68116182 -0.26902094 0.68091583
vn 0.57876819 -0.57469326 0.57858026
vn 0.99468642 -0.07253603 -0.07305803
vn 0.94167948 -0.32739514 -0.07779603
vn 0.89623892 -0.31250894 -0.31479195
vn 0.94102532 -0.07712302 -0.32942906
vn 0.68116808 -0.26895404 -0.68093604
vn 0.70588672 -0.06280798 -0.70553470
vn 0.70805103 -0.70329994 -0.06350600
vn 0.68271190 -0.67831385 -0.27165201
vn 0.57886493 -0.57456386 -0.57861197
vn 0.07310099 0.07256800 0.99468094
vn 0.32963419 0.07720803 0.94094652
vn 0.31496006 0.31259406 0.89615023
vn 0.07790198 0.32754189 0.94161975
vn 0.27179596 0.67838502 0.68258393
vn 0.06348399 0.70341384 0.70793980
vn 0.70582694 0.06280299 0.70559496
vn 0.68114716 0.26895106 0.68095815
vn 0.57882196 0.57459092 0.57862806
vn -0.07310202 0.07256103 0.99468136
vn -0.07788897 0.32752487 0.94162667
vn -0.31500697 0.31262198 0.89612395
vn -0.32963595 0.07719599 0.94094682
vn -0.68116492 0.26905599 0.68089890
vn -0.70585579 0.06279399 0.70556682
vn -0.06350502 0.70348716 0.70786512
vn -0.27181914 0.67840540 0.68255436
vn -0.57885987 0.57456893 0.57861197
vn -0.07310501 -0.07256102 0.99468118
vn -0.32963002 -0.07717100 0.94095105
vn -0.31497988 -0.31266192 0.89611965
vn -0.07790400 -0.32752898 0.94162399
vn -0.27178708 -0.67837721 0.68259519
vn -0.06365101 -0.70346797 0.70787102
vn -0.70581836 -0.06278303 0.70560527
vn -0.68117732 -0.26896515 0.68092239
vn -0.57876116 -0.57465720 0.57862318
vn 0.07310301 -0.07257602 0.99468023
vn 0.07786298 -0.32745087 0.94165456
vn 0.31498304 -0.31266004 0.89611912
vn 0.32964200 -0.07717901 0.94094610
vn 0.68116182 -0.26902094 0.68091583
vn 0.70583409 -0.06277601 0.70559019
vn 0.06354500 -0.70341915 0.70792907
vn 0.27182695 -0.67841482 0.68254191
vn 0.57876819 -0.57469326 0.57858026
vn -0.99468607 0.07253700 0.07306200
vn -0.94102710 0.07716500 0.32941407
vn -0.89623392 0.31251901 0.31479600
vn -0.94165909 0.32744706 0.07782401
vn -0.68271029 0.67832434 0.27163011
vn -0.70799375 0.70336676 0.06340399
vn -0.70585579 0.06279399 0.70556682
vn -0.68116492 0.26905599 0.68089890
vn -0.57885987 0.57456893 0.57861197
vn -0.99468791 0.07253400 -0.07304100
vn -0.94166750 0.32742181 -0.07782896
vn -0.89622635 0.31258711 -0.31475011
vn -0.94102806 0.07715300 -0.32941407
vn -0.68117696 0.26895693 -0.68092597
vn -0.70584118 0.06278601 -0.70558220
vn -0.70802009 0.70332414 -0.06358302
vn -0.68279028 0.67826736 -0.27157113
vn -0.57883614 0.57465613 -0.57854915
vn -0.99468696 -0.07253600 -0.07305100
vn -0.94102520 -0.07717101 -0.32941806
vn -0.89622957 -0.31253186 -0.31479585
vn -0.94167298 -0.32740301 -0.07784101
vn -0.68268979 -0.67832780 -0.27167290
vn -0.70799887 -0.70335490 -0.06347799
vn -0.70582694 -0.06278098 -0.70559686
vn -0.68118489 -0.26896495 -0.68091488
vn -0.57883108 -0.57462114 -0.57858908
vn -0.99468565 -0.07253597 0.07306798
vn -0.94167161 -0.32740286 0.07785896
vn -0.89622366 -0.31253186 0.31481284
vn -0.94101948 -0.07717204 0.32943419
vn -0.68117732 -0.26896515 0.68092239
vn -0.70581836 -0.06278303 0.70560527
vn -0.70799977 -0.70335275 0.06349298
vn -0.68268406 -0.67832708 0.27168903
vn -0.57876116 -0.57465720 0.57862318
vn -0.07310700 0.07256100 -0.99468106
vn -0.32964507 0.07717701 -0.94094515
vn -0.31499591 0.31264791 -0.89611876
vn -0.07789401 0.32753700 -0.94162208
vn -0.27173799 0.67839003 -0.68260199
vn -0.06356902 0.70346516 -0.70788121
vn -0.70584118 0.06278601 -0.70558220
vn -0.68117696 0.26895693 -0.68092597
vn -0.57883614 0.57465613 -0.57854915
vn 0.07310699 0.07256200 -0.99468094
vn 0.07788099 0.32750300 -0.94163501
vn 0.31498706 0.31258410 -0.89614415
vn 0.32963511 0.07718102 -0.94094831
vn 0.68116432 0.26897308 -0.68093222
vn 0.70582122 0.06279602 -0.70560127
vn 0.06350098 0.70348376 -0.70786875
vn 0.27177900 0.67840493 -0.68257093
vn 0.57889193 0.57458299 -0.57856596
vn 0.07309504 -0.07258103 -0.99468046
vn 0.32966608 -0.07719702 -0.94093621
vn 0.31495407 -0.31262305 -0.89614218
vn 0.07785499 -0.32744601 -0.94165689
vn 0.27183601 -0.67836893 -0.68258393
vn 0.06351902 -0.70338619 -0.70796418
vn 0.70588672 -0.06280798 -0.70553470
vn 0.68116808 -0.26895404 -0.68093604
vn 0.57886493 -0.57456386 -0.57861197
vn -0.07310602 -0.07256002 -0.99468118
vn -0.07788400 -0.32751098 -0.94163191
vn -0.31500992 -0.31261092 -0.89612675
vn -0.32964107 -0.07717001 -0.94094723
vn -0.68118489 -0.26896495 -0.68091488
vn -0.70582694 -0.06278098 -0.70559686
vn -0.06353098 -0.70346189 -0.70788789
vn -0.27181995 -0.67843080 -0.68252879
vn -0.57883108 -0.57462114 -0.57858908
vn 0.94241494 0.00000000 0.33444601
vn 0.94242203 0.00000500 0.33442602
vn 0.70722377 0.00000000 0.70698977
vn 0.70723879 0.00000400 0.70697480
vn 0.94241571 0.00000500 -0.33444390
vn 0.94241452 0.00000000 -0.33444718
vn 0.70729876 0.00000300 -0.70691484
vn 0.70721829 0.00000000 -0.70699525
vn -0.33469695 0.00000000 0.94232583
vn -0.33468804 -0.00000100 0.94232905
vn -0.70723832 -0.00000100 0.70697534
vn -0.70724326 -0.00000200 0.70697027
vn 0.33469400 0.00000200 0.94232690
vn 0.33468595 0.00000000 0.94232976
vn 0.70723879 0.00000400 0.70697480
vn 0.70722377 0.00000000 0.70698977
vn -0.94240928 -0.00000100 -0.33446211
vn -0.94240355 -0.00000100 -0.33447817
vn -0.70724678 -0.00000100 -0.70696682
vn -0.70721930 0.00000000 -0.70699430
vn -0.94241494 0.00000000 0.33444601
vn -0.94240928 0.00000000 0.33446211
vn -0.70724326 -0.00000200 0.70697027
vn -0.70723832 -0.00000100 0.70697534
vn 0.33468711 0.00000000 -0.94232929
vn 0.33471808 -0.00000100 -0.94231838
vn 0.70721829 0.00000000 -0.70699525
vn 0.70729876 0.00000300 -0.70691484
vn -0.33468804 0.00000000 -0.94232905
vn -0.33470801 0.00000000 -0.94232190
vn -0.70721930 0.00000000 -0.70699430
vn -0.70724678 -0.00000100 -0.70696682
vn 0.00000000 0.99744296 -0.07146800
vn 0.00000100 0.99744779 0.07140099
vn 0.07364298 0.99456477 0.07360498
vn 0.07367697 0.99455971 -0.07363898
vn 0.07361697 -0.99456865 0.07357897
vn -0.00000100 -0.99745017 0.07136601
vn 0.00000000 -0.99745017 -0.07136702
vn 0.07358199 -0.99456877 -0.07361198
vn 0.99748427 0.00000000 0.07088902
vn 0.99748427 0.00000000 -0.07088902
vn 0.99748427 0.00000000 -0.07088902
vn 0.99748427 0.00000000 0.07088902
vn -0.07092803 0.00000200 0.99748147
vn 0.00000000 0.00000000 1.00000000
vn 0.00000000 0.00000000 1.00000000
vn -0.07092803 0.00000000 0.99748147
vn -0.99748427 0.00000000 -0.07088902
vn -0.99748427 0.00000000 0.07088902
vn -0.99748427 0.00000000 0.07088902
vn -0.99748427 0.00000000 -0.07088902
vn 0.07092796 0.00000000 -0.99748147
vn 0.00000000 0.00000000 -1.00000000
vn 0.00000000 0.00000000 -1.00000000
vn 0.07092796 0.00000000 -0.99748147
vn 0.33157495 0.94018090 -0.07821798
vn 0.31637102 0.89436615 -0.31625706
vn 0.07826503 0.94021434 -0.33146915
vn 0.27172601 0.67840695 -0.68259001
vn 0.06352198 0.70345783 -0.70789278
vn 0.70813096 0.70322186 -0.06347999
vn 0.68286228 0.67817128 -0.27163008
vn 0.57885498 0.57460099 -0.57858509
vn -0.07367697 0.99455971 -0.07363898
vn -0.07828398 0.94020677 -0.33148590
vn -0.31651285 0.89431965 -0.31624684
vn -0.33170289 0.94013268 -0.07825497
vn -0.68280590 0.67830491 -0.27143797
vn -0.70801193 0.70333093 -0.06359900
vn -0.06358301 0.70347607 -0.70786911
vn -0.27170798 0.67839694 -0.68260705
vn -0.57897693 0.57457691 -0.57848698
vn -0.07377998 0.99454963 0.07367298
vn -0.33179715 0.94010830 0.07814803
vn -0.31648695 0.89433587 0.31622690
vn -0.07826600 0.94019204 0.33153200
vn -0.27178010 0.67840517 0.68257016
vn -0.06352199 0.70347279 0.70787781
vn -0.70799464 0.70336461 0.06341898
vn -0.68272316 0.67837018 0.27148309
vn -0.57899106 0.57450002 0.57854909
vn 0.07831697 0.94021463 0.33145586
vn 0.31633320 0.89436966 0.31628519
vn 0.33161715 0.94016540 0.07822504
vn 0.68286169 0.67821765 0.27151585
vn 0.70805019 0.70332509 0.06323700
vn 0.06352298 0.70343763 0.70791262
vn 0.27170101 0.67840999 0.68259692
vn 0.57881206 0.57462609 0.57860309
vn 0.07828002 -0.94022715 -0.33142909
vn 0.31633106 -0.89436519 -0.31630003
vn 0.33143702 -0.94022214 -0.07830600
vn 0.68282378 -0.67817569 -0.27171588
vn 0.70814991 -0.70319796 -0.06353299
vn 0.06350902 -0.70342124 -0.70793021
vn 0.27187687 -0.67834967 -0.68258673
vn 0.57888794 -0.57456392 -0.57858896
vn 0.33146912 -0.94021332 0.07827702
vn 0.31636900 -0.89435595 0.31628796
vn 0.07832602 -0.94023424 0.33139810
vn 0.27175510 -0.67839313 0.68259215
vn 0.06355402 -0.70341921 0.70792824
vn 0.70812416 -0.70322609 0.06350802
vn 0.68281591 -0.67819601 0.27168497
vn 0.57882506 -0.57460904 0.57860708
vn -0.07360402 -0.99456525 0.07363801
vn -0.07829502 -0.94022024 0.33144510
vn -0.31642818 -0.89431655 0.31634018
vn -0.33161905 -0.94015813 0.07830402
vn -0.68273103 -0.67829907 0.27164102
vn -0.70806080 -0.70328981 0.06350999
vn -0.06356902 -0.70346516 0.70788121
vn -0.27177796 -0.67838603 0.68259001
vn -0.57879984 -0.57465982 0.57858181
vn -0.07365499 -0.99456275 -0.07362098
vn -0.33159804 -0.94017011 -0.07825001
vn -0.31643897 -0.89433086 -0.31628895
vn -0.07826803 -0.94020730 -0.33148813
vn -0.27177009 -0.67839617 -0.68258315
vn -0.06347901 -0.70340908 -0.70794505
vn -0.70801598 -0.70333505 -0.06350799
vn -0.68270713 -0.67831111 -0.27167103
vn -0.57882708 -0.57462007 -0.57859409
vn 0.99468261 0.07256804 -0.07307904
vn 0.94101638 0.07711203 -0.32945713
vn 0.89632320 0.31240407 -0.31465605
vn 0.94172311 0.32725903 -0.07784001
vn 0.68286228 0.67817128 -0.27163008
vn 0.70813096 0.70322186 -0.06347999
vn 0.70581633 0.06255604 -0.70562744
vn 0.68128502 0.26889601 -0.68084192
vn 0.57885498 0.57460099 -0.57858509
vn 0.99468261 0.07256997 0.07307597
vn 0.94166327 0.32744813 0.07777003
vn 0.89631838 0.31240913 0.31466511
vn 0.94108135 0.07719403 0.32925212
vn 0.68125480 0.26898789 0.68083584
vn 0.70591193 0.06280199 0.70550996
vn 0.70805019 0.70332509 0.06323700
vn 0.68286169 0.67821765 0.27151585
vn 0.57881206 0.57462609 0.57860309
vn 0.99468207 -0.07257600 0.07307900
vn 0.94108129 -0.07717802 0.32925609
vn 0.89629835 -0.31244612 0.31468511
vn 0.94171786 -0.32727292 0.07784599
vn 0.68281591 -0.67819601 0.27168497
vn 0.70812416 -0.70322609 0.06350802
vn 0.70591116 -0.06283201 0.70550811
vn 0.68124205 -0.26902202 0.68083513
vn 0.57882506 -0.57460904 0.57860708
vn 0.99468237 -0.07257303 -0.07307703
vn 0.94173050 -0.32723814 -0.07784004
vn 0.89629674 -0.31244192 -0.31469387
vn 0.94108176 -0.07717297 -0.32925591
vn 0.68123388 -0.26901293 -0.68084693
vn 0.70591050 -0.06282405 -0.70550948
vn 0.70814991 -0.70319796 -0.06353299
vn 0.68282378 -0.67817569 -0.27171588
vn 0.57888794 -0.57456392 -0.57858896
vn 0.07311898 0.07256798 0.99467963
vn 0.32956612 0.07719504 0.94097137
vn 0.31493407 0.31262007 0.89615029
vn 0.07790497 0.32754987 0.94161671
vn 0.27170101 0.67840999 0.68259692
vn 0.06352298 0.70343763 0.70791262
vn 0.70591193 0.06280199 0.70550996
vn 0.68125480 0.26898789 0.68083584
vn 0.57881206 0.57462609 0.57860309
vn -0.07311502 0.07256303 0.99468029
vn -0.07790400 0.32752600 0.94162506
vn -0.31504008 0.31259105 0.89612317
vn -0.32971793 0.07719998 0.94091779
vn -0.68116665 0.26890787 0.68095571
vn -0.70583332 0.06279502 0.70558929
vn -0.06352199 0.70347279 0.70787781
vn -0.27178010 0.67840517 0.68257016
vn -0.57899106 0.57450002 0.57854909
vn -0.07307699 -0.07256598 0.99468285
vn -0.32968897 -0.07718799 0.94092894
vn -0.31502894 -0.31265494 0.89610475
vn -0.07786296 -0.32752585 0.94162852
vn -0.27177796 -0.67838603 0.68259001
vn -0.06356902 -0.70346516 0.70788121
vn -0.70582896 -0.06281398 0.70559186
vn -0.68115920 -0.26898605 0.68093216
vn -0.57879984 -0.57465982 0.57858181
vn 0.07311802 -0.07257601 0.99467909
vn 0.07789600 -0.32750499 0.94163299
vn 0.31492993 -0.31263697 0.89614588
vn 0.32956395 -0.07718600 0.94097286
vn 0.68124205 -0.26902202 0.68083513
vn 0.70591116 -0.06283201 0.70550811
vn 0.06355402 -0.70341921 0.70792824
vn 0.27175510 -0.67839313 0.68259215
vn 0.57882506 -0.57460904 0.57860708
vn -0.99468231 0.07257202 0.07307902
vn -0.94098663 0.07719398 0.32952288
vn -0.89622813 0.31253505 0.31479701
vn -0.94162303 0.32754600 0.07784400
vn -0.68272316 0.67837018 0.27148309
vn -0.70799464 0.70336461 0.06341898
vn -0.70583332 0.06279502 0.70558929
vn -0.68116665 0.26890787 0.68095571
vn -0.57899106 0.57450002 0.57854909
vn -0.99468273 0.07256897 -0.07307597
vn -0.94163197 0.32751602 -0.07786201
vn -0.89621699 0.31259203 -0.31477201
vn -0.94098610 0.07718701 -0.32952604
vn -0.68118376 0.26881590 -0.68097484
vn -0.70583194 0.06280199 -0.70559001
vn -0.70801193 0.70333093 -0.06359900
vn -0.68280590 0.67830491 -0.27143797
vn -0.57897693 0.57457691 -0.57848698
vn -0.99468231 -0.07257401 -0.07307702
vn -0.94098604 -0.07718400 -0.32952699
vn -0.89617491 -0.31261396 -0.31486997
vn -0.94164419 -0.32748505 -0.07784501
vn -0.68270713 -0.67831111 -0.27167103
vn -0.70801598 -0.70333505 -0.06350799
vn -0.70583123 -0.06281902 -0.70558918
vn -0.68116385 -0.26900294 -0.68092084
vn -0.57882708 -0.57462007 -0.57859409
vn -0.99468231 -0.07257401 0.07307702
vn -0.94163013 -0.32752502 0.07784700
vn -0.89616507 -0.31264502 0.31486699
vn -0.94098461 -0.07719397 0.32952884
vn -0.68115920 -0.26898605 0.68093216
vn -0.70582896 -0.06281398 0.70559186
vn -0.70806080 -0.70328981 0.06350999
vn -0.68273103 -0.67829907 0.27164102
vn -0.57879984 -0.57465982 0.57858181
vn -0.07311703 0.07256202 -0.99468023
vn -0.32972702 0.07718300 -0.94091606
vn -0.31503895 0.31261295 -0.89611590
vn -0.07790802 0.32753611 -0.94162124
vn -0.27170798 0.67839694 -0.68260705
vn -0.06358301 0.70347607 -0.70786911
vn -0.70583194 0.06280199 -0.70559001
vn -0.68118376 0.26881590 -0.68097484
vn -0.57897693 0.57457691 -0.57848698
vn 0.07311703 0.07256202 -0.99468023
vn 0.07789697 0.32750589 -0.94163257
vn 0.31492794 0.31260693 -0.89615697
vn 0.32968605 0.07713801 -0.94093406
vn 0.68128502 0.26889601 -0.68084192
vn 0.70581633 0.06255604 -0.70562744
vn 0.06352198 0.70345783 -0.70789278
vn 0.27172601 0.67840695 -0.68259001
vn 0.57885498 0.57460099 -0.57858509
vn 0.07311600 -0.07257900 -0.99467909
vn 0.32956395 -0.07718600 -0.94097286
vn 0.31492603 -0.31259403 -0.89616209
vn 0.07787500 -0.32749894 -0.94163686
vn 0.27187687 -0.67834967 -0.68258673
vn 0.06350902 -0.70342124 -0.70793021
vn 0.70591050 -0.06282405 -0.70550948
vn 0.68123388 -0.26901293 -0.68084693
vn 0.57888794 -0.57456392 -0.57858896
vn -0.07307703 -0.07257303 -0.99468237
vn -0.07783405 -0.32752120 -0.94163251
vn -0.31502503 -0.31265199 -0.89610714
vn -0.32969096 -0.07717999 -0.94092894
vn -0.68116385 -0.26900294 -0.68092084
vn -0.70583123 -0.06281902 -0.70558918
vn -0.06347901 -0.70340908 -0.70794505
vn -0.27177009 -0.67839617 -0.68258315
vn -0.57882708 -0.57462007 -0.57859409
vn 0.00000000 0.99744296 -0.07146800
vn 0.00000000 0.94164383 -0.33661094
vn 0.00000000 0.70484424 -0.70936221
vn 0.00000000 0.94164228 0.33661512
vn 0.00000000 0.70481712 0.70938909
vn -0.00000100 -0.99745017 0.07136601
vn -0.00000100 -0.94166601 0.33654898
vn -0.00000100 -0.70479602 0.70941007
vn 0.00000000 -0.94165415 -0.33658201
vn -0.00000100 -0.70477092 -0.70943499
vn 0.99748427 0.00000000 0.07088902
vn 0.94246393 0.00000000 0.33430794
vn 0.94246393 0.00000000 0.33430794
vn 0.99748439 0.00000000 0.07088802
vn 0.70725930 0.00000000 0.70695424
vn 0.70731026 0.00000000 0.70690328
vn 0.94236779 0.00000000 -0.33457896
vn 0.94236779 0.00000000 -0.33457896
vn 0.70722824 0.00000000 -0.70698529
vn 0.70722824 0.00000000 -0.70698529
vn 0.00000000 0.07036901 0.99752104
vn 0.00000100 0.33259282 0.94307053
vn 0.00000100 0.70485973 0.70934677
vn -0.07092803 0.00000200 0.99748147
vn -0.33477804 0.00000200 0.94229704
vn -0.33474106 0.00000000 0.94231015
vn -0.07088902 0.00000000 0.99748427
vn -0.70722824 0.00000100 0.70698529
vn -0.70722824 0.00000000 0.70698529
vn 0.00000000 -0.07038101 0.99752021
vn 0.00000000 -0.33252394 0.94309485
vn -0.00000100 -0.70480710 0.70939904
vn 0.07092803 0.00000000 0.99748147
vn 0.33461705 -0.00000200 0.94235420
vn 0.33461589 0.00000000 0.94235468
vn 0.07092803 0.00000000 0.99748147
vn 0.70730984 -0.00000200 0.70690376
vn 0.70731026 0.00000000 0.70690328
vn -0.99748427 0.00000100 -0.07088902
vn -0.94236803 0.00000100 -0.33457801
vn -0.94236803 0.00000100 -0.33457801
vn -0.99748439 0.00000100 -0.07088802
vn -0.70722884 0.00000100 -0.70698476
vn -0.70722884 0.00000100 -0.70698476
vn -0.94236779 0.00000100 0.33457896
vn -0.94236779 0.00000000 0.33457896
vn -0.70722884 0.00000100 0.70698476
vn -0.70722824 0.00000000 0.70698529
vn 0.00000000 0.07036702 -0.99752122
vn 0.00000000 0.33256006 -0.94308215
vn 0.00000000 0.70484424 -0.70936221
vn 0.07092796 0.00000000 -0.99748147
vn 0.33477804 0.00000000 -0.94229704
vn 0.33461496 0.00000000 -0.94235498
vn 0.07092796 0.00000000 -0.99748147
vn 0.70722884 0.00000000 -0.70698476
vn 0.70730984 0.00000000 -0.70690376
vn 0.00000000 -0.07038599 -0.99751985
vn 0.00000000 -0.33254808 -0.94308639
vn 0.00000000 -0.70479602 -0.70941007
vn -0.07092803 0.00000000 -0.99748147
vn -0.33477890 0.00000000 -0.94229680
vn -0.33477890 0.00000000 -0.94229680
vn -0.07092803 0.00000000 -0.99748147
vn -0.70722884 0.00000000 -0.70698476
vn -0.70722884 0.00000000 -0.70698476
vn 0.99748415 -0.00000100 -0.07089001
vn 0.00000000 -0.07038101 0.99752021
vn 0.00000000 0.00000000 1.00000000
vn 0.00000100 0.07037199 0.99752086
vn 0.00000000 0.00000000 1.00000000
vn -0.99748415 0.00000000 0.07089001
vn 0.00000000 -0.07038599 -0.99751985
vn 0.00000000 0.00000000 -1.00000000
vn 0.00000000 0.07036702 -0.99752122
vn 0.00000000 0.00000000 -1.00000000
vn 0.94246393 0.00000000 0.33430794
vn 0.70731026 0.00000000 0.70690328
vn 0.94246364 0.00000000 -0.33430886
vn 0.70730984 0.00000000 -0.70690376
vn -0.33477804 0.00000000 0.94229704
vn -0.70722824 0.00000000 0.70698529
vn 0.33461589 0.00000000 0.94235468
vn 0.07092902 0.00000000 0.99748147
vn 0.70731026 0.00000000 0.70690328
vn -0.94236803 0.00000000 -0.33457801
vn -0.70722884 0.00000000 -0.70698476
vn -0.94236779 0.00000000 0.33457896
vn -0.70722824 0.00000000 0.70698529
vn 0.33477804 0.00000000 -0.94229704
vn 0.70722824 0.00000000 -0.70698529
vn -0.33474198 0.00000000 -0.94230986
vn -0.07088902 0.00000000 -0.99748427
vn -0.70722884 0.00000100 -0.70698476
vn 0.00000100 0.99744666 0.07141697
vn -0.00000100 -0.99744779 -0.07139999
vn 0.00000000 0.00000000 1.00000000
vn 0.00000000 0.00000000 1.00000000
vn 0.00000000 0.00000000 1.00000000
vn -0.07092803 0.00000000 -0.99748147
vn 0.00000000 0.00000000 -1.00000000
vn 0.00000000 0.00000000 -1.00000000
vn 0.00000000 0.94164383 -0.33661094
vn 0.00000000 0.70484424 -0.70936221
vn 0.00000100 0.94165736 0.33657312
vn 0.00000100 0.70485973 0.70934677
vn -0.00000200 -0.94167805 0.33651504
vn -0.00000100 -0.70480710 0.70939904
vn -0.00000100 -0.94165450 -0.33658117
vn 0.00000000 -0.70479602 -0.70941007
vn 0.00000100 0.33259493 0.94306982
vn 0.00000000 0.70481712 0.70938909
vn 0.00000000 -0.33254305 0.94308811
vn -0.00000100 -0.70479602 0.70941007
vn 0.00000000 0.33256006 -0.94308215
vn 0.00000000 0.70484424 -0.70936221
vn -0.00000100 -0.33254808 -0.94308639
vn -0.00000100 -0.70477092 -0.70943499
vn 0.99748415 -0.00000100 -0.07089001
vn -0.99748415 0.00000000 0.07089001
vn 0.00000000 0.00000000 -1.00000000
vn 0.94246393 0.00000000 0.33430794
vn 0.70730984 -0.00000200 0.70690376
vn 0.94236779 -0.00000100 -0.33457896
vn 0.70722884 0.00000000 -0.70698476
vn -0.33477804 0.00000200 0.94229704
vn -0.70722884 0.00000100 0.70698476
vn 0.07099599 -0.00000200 0.99747670
vn 0.33461416 -0.00000200 0.94235533
vn 0.70725930 0.00000000 0.70695424
vn -0.94236803 0.00000000 -0.33457801
vn -0.70722884 0.00000000 -0.70698476
vn -0.94236779 0.00000000 0.33457896
vn -0.70722824 0.00000100 0.70698529
vn 0.33477804 0.00000000 -0.94229704
vn 0.70722824 0.00000000 -0.70698529
vn -0.33477890 0.00000000 -0.94229680
vn -0.70722884 0.00000100 -0.70698476
vn 0.00000000 0.00000000 1.00000000
vn 0.00000000 0.00000000 -1.00000000
vt 0.74933797 0.76118100
vt 0.74408299 0.76118100
vt 0.74408299 0.62786198
vt 0.74933797 0.62786198
vt 0.74004000 0.62786198
vt 0.74004000 0.76118100
vt 0.73478597 0.76118100
vt 0.73478597 0.62786198
vt 0.99107802 0.00026900
vt 0.99107802 0.19857097
vt 0.98582298 0.19857097
vt 0.98582298 0.00026900
vt 0.97503501 0.20946699
vt 0.97503501 0.40777302
vt 0.84170902 0.40777302
vt 0.84170902 0.20946699
vt 0.66565901 0.64645702
vt 0.66566002 0.84475899
vt 0.66040498 0.84475899
vt 0.66040403 0.64645702
vt 0.97503501 0.00026900
vt 0.97503501 0.19857597
vt 0.84170902 0.19857597
vt 0.84170902 0.00026900
vt 0.74933898 0.62771499
vt 0.74947602 0.62772501
vt 0.74948603 0.62786198
vt 0.74959499 0.62773901
vt 0.74960703 0.62786198
vt 0.74933898 0.62759298
vt 0.74946201 0.62760597
vt 0.74956799 0.62763202
vt 0.74948603 0.76118100
vt 0.74947602 0.76131803
vt 0.74933898 0.76132798
vt 0.74946201 0.76143700
vt 0.74933898 0.76144999
vt 0.74960703 0.76118100
vt 0.74959499 0.76130402
vt 0.74956799 0.76141000
vt 0.74408299 0.76132798
vt 0.74394602 0.76131803
vt 0.74393600 0.76118100
vt 0.74382699 0.76130402
vt 0.74381399 0.76118100
vt 0.74408197 0.76144999
vt 0.74395901 0.76143700
vt 0.74385297 0.76141000
vt 0.74393600 0.62786198
vt 0.74394602 0.62772501
vt 0.74408299 0.62771499
vt 0.74395901 0.62760597
vt 0.74408197 0.62759298
vt 0.74381399 0.62786198
vt 0.74382699 0.62773901
vt 0.74385297 0.62763202
vt 0.73463798 0.62786198
vt 0.73464799 0.62772501
vt 0.73478502 0.62771499
vt 0.73466098 0.62760597
vt 0.73478502 0.62759298
vt 0.73451602 0.62786198
vt 0.73452902 0.62773800
vt 0.73455501 0.62763298
vt 0.74004102 0.62771499
vt 0.74017799 0.62772501
vt 0.74018800 0.62786198
vt 0.74029702 0.62773800
vt 0.74031001 0.62786198
vt 0.74004102 0.62759298
vt 0.74016500 0.62760597
vt 0.74027097 0.62763298
vt 0.74018800 0.76118100
vt 0.74017799 0.76131803
vt 0.74004102 0.76132798
vt 0.74016500 0.76143700
vt 0.74004102 0.76144999
vt 0.74031001 0.76118100
vt 0.74029702 0.76130497
vt 0.74027097 0.76141101
vt 0.73478502 0.76132798
vt 0.73464799 0.76131803
vt 0.73463798 0.76118100
vt 0.73452902 0.76130497
vt 0.73451602 0.76118100
vt 0.73478502 0.76144999
vt 0.73466098 0.76143700
vt 0.73455501 0.76141101
vt 0.98567498 0.00026900
vt 0.98568499 0.00013202
vt 0.98582202 0.00012201
vt 0.98569798 0.00001299
vt 0.98582202 0.00000000
vt 0.98555398 0.00026900
vt 0.98556602 0.00014502
vt 0.98559201 0.00003898
vt 0.99107802 0.00012201
vt 0.99121499 0.00013202
vt 0.99122500 0.00026900
vt 0.99133402 0.00014502
vt 0.99134701 0.00026900
vt 0.99107897 0.00000000
vt 0.99120200 0.00001299
vt 0.99130797 0.00003898
vt 0.99122500 0.19857097
vt 0.99121499 0.19870800
vt 0.99107897 0.19871801
vt 0.99120200 0.19882703
vt 0.99107897 0.19883901
vt 0.99134701 0.19857097
vt 0.99133402 0.19869399
vt 0.99130797 0.19879997
vt 0.98582202 0.19871801
vt 0.98568499 0.19870800
vt 0.98567498 0.19857097
vt 0.98556697 0.19869399
vt 0.98555398 0.19857097
vt 0.98582202 0.19883901
vt 0.98569900 0.19882601
vt 0.98559302 0.19879997
vt 0.84156102 0.20946699
vt 0.84157199 0.20933002
vt 0.84170902 0.20931900
vt 0.84158498 0.20921099
vt 0.84170902 0.20919800
vt 0.84144002 0.20946699
vt 0.84145302 0.20934302
vt 0.84147900 0.20923698
vt 0.97503501 0.20931900
vt 0.97517198 0.20933002
vt 0.97518200 0.20946699
vt 0.97529101 0.20934302
vt 0.97530401 0.20946699
vt 0.97503501 0.20919800
vt 0.97515899 0.20921099
vt 0.97526503 0.20923698
vt 0.97518301 0.40777302
vt 0.97517198 0.40790999
vt 0.97503501 0.40792096
vt 0.97515899 0.40802896
vt 0.97503501 0.40804303
vt 0.97530401 0.40777302
vt 0.97529101 0.40789700
vt 0.97526503 0.40800297
vt 0.84170902 0.40792096
vt 0.84157199 0.40790999
vt 0.84156102 0.40777302
vt 0.84145302 0.40789700
vt 0.84144002 0.40777397
vt 0.84170902 0.40804303
vt 0.84158498 0.40802896
vt 0.84147900 0.40800297
vt 0.66025603 0.64645702
vt 0.66026700 0.64631999
vt 0.66040403 0.64630997
vt 0.66027999 0.64620203
vt 0.66040301 0.64618897
vt 0.66013497 0.64645702
vt 0.66014802 0.64633399
vt 0.66017401 0.64622802
vt 0.66566002 0.64630997
vt 0.66579700 0.64631999
vt 0.66580701 0.64645702
vt 0.66591603 0.64633399
vt 0.66592801 0.64645702
vt 0.66566002 0.64618897
vt 0.66578299 0.64620203
vt 0.66588902 0.64622802
vt 0.66580701 0.84475899
vt 0.66579700 0.84489602
vt 0.66566002 0.84490597
vt 0.66578400 0.84501499
vt 0.66566098 0.84502798
vt 0.66592902 0.84475899
vt 0.66591603 0.84488302
vt 0.66588998 0.84498900
vt 0.66040403 0.84490597
vt 0.66026700 0.84489602
vt 0.66025698 0.84475899
vt 0.66014802 0.84488302
vt 0.66013598 0.84475899
vt 0.66040403 0.84502798
vt 0.66027999 0.84501499
vt 0.66017503 0.84498900
vt 0.84156102 0.00026900
vt 0.84157199 0.00013202
vt 0.84170902 0.00012201
vt 0.84158498 0.00001299
vt 0.84170902 0.00000000
vt 0.84144002 0.00026900
vt 0.84145302 0.00014597
vt 0.84147900 0.00003999
vt 0.97503501 0.00012201
vt 0.97517198 0.00013202
vt 0.97518301 0.00026900
vt 0.97529101 0.00014597
vt 0.97530401 0.00026900
vt 0.97503501 0.00000000
vt 0.97515899 0.00001299
vt 0.97526503 0.00003999
vt 0.97518301 0.19857597
vt 0.97517198 0.19871300
vt 0.97503501 0.19872302
vt 0.97515899 0.19883204
vt 0.97503501 0.19884503
vt 0.97530401 0.19857597
vt 0.97529101 0.19869900
vt 0.97526503 0.19880497
vt 0.84170902 0.19872302
vt 0.84157199 0.19871300
vt 0.84156197 0.19857597
vt 0.84145302 0.19869900
vt 0.84144002 0.19857597
vt 0.84170902 0.19884503
vt 0.84158498 0.19883204
vt 0.84147900 0.19880497
vt 0.69355202 0.82567197
vt 0.68829697 0.82567197
vt 0.68829697 0.65575498
vt 0.69355202 0.65575498
vt 0.71214801 0.65575498
vt 0.71214801 0.82567197
vt 0.70689201 0.82567197
vt 0.70689201 0.65575498
vt 0.67495698 0.64645702
vt 0.67495698 0.84475899
vt 0.66970199 0.84475899
vt 0.66970199 0.64645702
vt 0.83962500 0.02816200
vt 0.83962500 0.22646999
vt 0.66970199 0.22646999
vt 0.66970199 0.02816200
vt 0.73074299 0.44655699
vt 0.73074299 0.64485902
vt 0.72548801 0.64485902
vt 0.72548801 0.44655699
vt 0.83962500 0.23736000
vt 0.83962500 0.43566704
vt 0.66970199 0.43566704
vt 0.66970199 0.23736000
vt 0.69355202 0.65560800
vt 0.69369000 0.65561801
vt 0.69370002 0.65575498
vt 0.69380802 0.65563202
vt 0.69382101 0.65575498
vt 0.69355297 0.65548599
vt 0.69367599 0.65549898
vt 0.69378197 0.65552598
vt 0.69370002 0.82567197
vt 0.69369000 0.82580799
vt 0.69355202 0.82581902
vt 0.69367599 0.82592702
vt 0.69355297 0.82594103
vt 0.69382101 0.82567197
vt 0.69380802 0.82579499
vt 0.69378197 0.82590097
vt 0.68829697 0.82581902
vt 0.68816000 0.82580799
vt 0.68814999 0.82567197
vt 0.68804097 0.82579499
vt 0.68802798 0.82567197
vt 0.68829602 0.82594001
vt 0.68817300 0.82592702
vt 0.68806702 0.82590097
vt 0.68814999 0.65575498
vt 0.68816000 0.65561801
vt 0.68829697 0.65560800
vt 0.68817300 0.65549898
vt 0.68829602 0.65548599
vt 0.68802798 0.65575498
vt 0.68804097 0.65563202
vt 0.68806702 0.65552598
vt 0.70674503 0.65575498
vt 0.70675498 0.65561801
vt 0.70689201 0.65560800
vt 0.70676798 0.65549898
vt 0.70689201 0.65548599
vt 0.70662302 0.65575498
vt 0.70663601 0.65563202
vt 0.70666200 0.65552598
vt 0.71214801 0.65560800
vt 0.71228498 0.65561801
vt 0.71229500 0.65575498
vt 0.71240401 0.65563202
vt 0.71241701 0.65575498
vt 0.71214902 0.65548599
vt 0.71227199 0.65549898
vt 0.71237803 0.65552598
vt 0.71229500 0.82567197
vt 0.71228498 0.82580900
vt 0.71214801 0.82581902
vt 0.71227199 0.82592702
vt 0.71214902 0.82594001
vt 0.71241701 0.82567197
vt 0.71240401 0.82579499
vt 0.71237803 0.82590097
vt 0.70689201 0.82581902
vt 0.70675498 0.82580900
vt 0.70674503 0.82567197
vt 0.70663601 0.82579499
vt 0.70662302 0.82567197
vt 0.70689201 0.82594001
vt 0.70676798 0.82592702
vt 0.70666200 0.82590097
vt 0.66955400 0.64645702
vt 0.66956401 0.64631999
vt 0.66970098 0.64630997
vt 0.66957700 0.64620203
vt 0.66970098 0.64618802
vt 0.66943300 0.64645702
vt 0.66944498 0.64633399
vt 0.66947198 0.64622802
vt 0.67495698 0.64630997
vt 0.67509401 0.64631999
vt 0.67510402 0.64645702
vt 0.67521298 0.64633399
vt 0.67522597 0.64645702
vt 0.67495799 0.64618802
vt 0.67508101 0.64620203
vt 0.67518699 0.64622802
vt 0.67510498 0.84475899
vt 0.67509502 0.84489602
vt 0.67495698 0.84490597
vt 0.67508101 0.84501499
vt 0.67495799 0.84502798
vt 0.67522597 0.84475899
vt 0.67521298 0.84488302
vt 0.67518699 0.84498900
vt 0.66970199 0.84490597
vt 0.66956502 0.84489602
vt 0.66955501 0.84475899
vt 0.66944599 0.84488302
vt 0.66943300 0.84475899
vt 0.66970098 0.84502798
vt 0.66957802 0.84501499
vt 0.66947198 0.84498799
vt 0.66955400 0.02816200
vt 0.66956502 0.02802497
vt 0.66970199 0.02801502
vt 0.66957802 0.02790600
vt 0.66970199 0.02789301
vt 0.66943300 0.02816200
vt 0.66944599 0.02803802
vt 0.66947198 0.02793199
vt 0.83962500 0.02801502
vt 0.83976197 0.02802497
vt 0.83977300 0.02816200
vt 0.83988100 0.02803802
vt 0.83989400 0.02816200
vt 0.83962500 0.02789301
vt 0.83974898 0.02790600
vt 0.83985502 0.02793199
vt 0.83977300 0.22646999
vt 0.83976197 0.22660697
vt 0.83962500 0.22661698
vt 0.83974898 0.22672600
vt 0.83962500 0.22673899
vt 0.83989400 0.22646999
vt 0.83988100 0.22659302
vt 0.83985502 0.22669899
vt 0.66970199 0.22661698
vt 0.66956502 0.22660697
vt 0.66955400 0.22646999
vt 0.66944599 0.22659302
vt 0.66943300 0.22646999
vt 0.66970199 0.22673899
vt 0.66957802 0.22672600
vt 0.66947198 0.22669899
vt 0.72534001 0.44655699
vt 0.72535002 0.44642001
vt 0.72548699 0.44641000
vt 0.72536302 0.44630098
vt 0.72548699 0.44628799
vt 0.72521901 0.44655699
vt 0.72523201 0.44643402
vt 0.72525799 0.44632804
vt 0.73074299 0.44641000
vt 0.73088002 0.44642001
vt 0.73088998 0.44655699
vt 0.73099899 0.44643402
vt 0.73101199 0.44655699
vt 0.73074400 0.44628799
vt 0.73086703 0.44630098
vt 0.73097301 0.44632804
vt 0.73088998 0.64485902
vt 0.73088002 0.64499599
vt 0.73074299 0.64500600
vt 0.73086703 0.64511502
vt 0.73074400 0.64512801
vt 0.73101199 0.64485902
vt 0.73099899 0.64498299
vt 0.73097301 0.64508802
vt 0.72548699 0.64500600
vt 0.72535002 0.64499599
vt 0.72534001 0.64485902
vt 0.72523099 0.64498299
vt 0.72521901 0.64485902
vt 0.72548699 0.64512801
vt 0.72536302 0.64511502
vt 0.72525799 0.64508802
vt 0.66955400 0.23736000
vt 0.66956401 0.23722303
vt 0.66970199 0.23721200
vt 0.66957802 0.23710400
vt 0.66970199 0.23709100
vt 0.66943300 0.23736000
vt 0.66944599 0.23723602
vt 0.66947198 0.23712999
vt 0.83962500 0.23721200
vt 0.83976197 0.23722303
vt 0.83977199 0.23736000
vt 0.83988100 0.23723602
vt 0.83989400 0.23736000
vt 0.83962500 0.23709100
vt 0.83974898 0.23710400
vt 0.83985502 0.23712999
vt 0.83977199 0.43566704
vt 0.83976197 0.43580401
vt 0.83962500 0.43581498
vt 0.83974898 0.43592298
vt 0.83962500 0.43593597
vt 0.83989400 0.43566704
vt 0.83988100 0.43579102
vt 0.83985502 0.43589699
vt 0.66970199 0.43581498
vt 0.66956401 0.43580401
vt 0.66955400 0.43566704
vt 0.66944599 0.43579102
vt 0.66943300 0.43566704
vt 0.66970199 0.43593597
vt 0.66957802 0.43592298
vt 0.66947198 0.43589699
vt 0.68425500 0.82567197
vt 0.67899901 0.82567197
vt 0.67899901 0.65575498
vt 0.68425500 0.65575498
vt 0.70284998 0.65575498
vt 0.70284998 0.82567197
vt 0.69759500 0.82567197
vt 0.69759500 0.65575498
vt 0.99107802 0.20946598
vt 0.99107802 0.40776801
vt 0.98582298 0.40776801
vt 0.98582298 0.20946598
vt 0.65832001 0.64645803
vt 0.65832001 0.84476501
vt 0.48839700 0.84476501
vt 0.48839700 0.64645803
vt 0.72144502 0.44655699
vt 0.72144502 0.64485902
vt 0.71618998 0.64485902
vt 0.71618998 0.44655699
vt 0.71410602 0.43726003
vt 0.71410602 0.63556701
vt 0.54418302 0.63556701
vt 0.54418302 0.43726003
vt 0.68425500 0.65560800
vt 0.68439198 0.65561801
vt 0.68440199 0.65575498
vt 0.68451101 0.65563202
vt 0.68452299 0.65575498
vt 0.68425500 0.65548599
vt 0.68437898 0.65549898
vt 0.68448400 0.65552598
vt 0.68440199 0.82567197
vt 0.68439198 0.82580900
vt 0.68425500 0.82581902
vt 0.68437898 0.82592797
vt 0.68425500 0.82594103
vt 0.68452299 0.82567197
vt 0.68451101 0.82579499
vt 0.68448502 0.82590097
vt 0.67899901 0.82581902
vt 0.67886198 0.82580900
vt 0.67885202 0.82567197
vt 0.67874300 0.82579499
vt 0.67873001 0.82567197
vt 0.67899799 0.82594103
vt 0.67887503 0.82592797
vt 0.67876899 0.82590097
vt 0.67885202 0.65575498
vt 0.67886198 0.65561801
vt 0.67899901 0.65560800
vt 0.67887503 0.65549898
vt 0.67899799 0.65548599
vt 0.67873001 0.65575498
vt 0.67874300 0.65563202
vt 0.67876899 0.65552598
vt 0.69744700 0.65575498
vt 0.69745702 0.65561801
vt 0.69759399 0.65560800
vt 0.69747102 0.65549898
vt 0.69759399 0.65548599
vt 0.69732600 0.65575498
vt 0.69733900 0.65563202
vt 0.69736499 0.65552598
vt 0.70284998 0.65560800
vt 0.70298702 0.65561801
vt 0.70299798 0.65575498
vt 0.70310599 0.65563202
vt 0.70311898 0.65575498
vt 0.70285100 0.65548599
vt 0.70297402 0.65549898
vt 0.70308000 0.65552598
vt 0.70299798 0.82567197
vt 0.70298702 0.82580900
vt 0.70284998 0.82581902
vt 0.70297402 0.82592702
vt 0.70285100 0.82594001
vt 0.70311898 0.82567197
vt 0.70310599 0.82579499
vt 0.70308000 0.82590097
vt 0.69759399 0.82581902
vt 0.69745702 0.82580900
vt 0.69744700 0.82567197
vt 0.69733900 0.82579499
vt 0.69732600 0.82567197
vt 0.69759399 0.82594001
vt 0.69747102 0.82592702
vt 0.69736499 0.82590097
vt 0.98567498 0.20946598
vt 0.98568499 0.20933002
vt 0.98582202 0.20931900
vt 0.98569900 0.20921099
vt 0.98582202 0.20919800
vt 0.98555398 0.20946598
vt 0.98556602 0.20934302
vt 0.98559302 0.20923698
vt 0.99107802 0.20931900
vt 0.99121499 0.20933002
vt 0.99122500 0.20946598
vt 0.99133402 0.20934302
vt 0.99134701 0.20946598
vt 0.99107897 0.20919800
vt 0.99120200 0.20921099
vt 0.99130797 0.20923698
vt 0.99122602 0.40776801
vt 0.99121600 0.40790498
vt 0.99107897 0.40791601
vt 0.99120200 0.40802401
vt 0.99107897 0.40803701
vt 0.99134701 0.40776801
vt 0.99133402 0.40789199
vt 0.99130797 0.40799797
vt 0.98582202 0.40791601
vt 0.98568499 0.40790498
vt 0.98567498 0.40776801
vt 0.98556697 0.40789199
vt 0.98555398 0.40776801
vt 0.98582202 0.40803701
vt 0.98569900 0.40802401
vt 0.98559302 0.40799797
vt 0.48824999 0.64645803
vt 0.48826000 0.64632100
vt 0.48839700 0.64630997
vt 0.48827299 0.64620101
vt 0.48839700 0.64618897
vt 0.48812801 0.64645803
vt 0.48814100 0.64633399
vt 0.48816699 0.64622802
vt 0.65832001 0.64630997
vt 0.65845698 0.64632100
vt 0.65846801 0.64645803
vt 0.65857601 0.64633399
vt 0.65858901 0.64645803
vt 0.65832001 0.64618897
vt 0.65844399 0.64620101
vt 0.65855002 0.64622802
vt 0.65846801 0.84476501
vt 0.65845698 0.84490198
vt 0.65832001 0.84491199
vt 0.65844399 0.84502101
vt 0.65832001 0.84503400
vt 0.65858901 0.84476501
vt 0.65857601 0.84488899
vt 0.65855002 0.84499502
vt 0.48839700 0.84491199
vt 0.48826000 0.84490198
vt 0.48824999 0.84476501
vt 0.48814100 0.84488899
vt 0.48812801 0.84476501
vt 0.48839700 0.84503400
vt 0.48827299 0.84502101
vt 0.48816699 0.84499502
vt 0.71604300 0.44655699
vt 0.71605301 0.44642001
vt 0.71618998 0.44641000
vt 0.71606600 0.44630098
vt 0.71618903 0.44628799
vt 0.71592098 0.44655699
vt 0.71593398 0.44643402
vt 0.71596003 0.44632804
vt 0.72144598 0.44641000
vt 0.72158301 0.44642001
vt 0.72159302 0.44655699
vt 0.72170198 0.44643402
vt 0.72171402 0.44655699
vt 0.72144598 0.44628799
vt 0.72157001 0.44630098
vt 0.72167498 0.44632804
vt 0.72159302 0.64485902
vt 0.72158301 0.64499599
vt 0.72144598 0.64500600
vt 0.72157001 0.64511502
vt 0.72144598 0.64512801
vt 0.72171402 0.64485902
vt 0.72170198 0.64498299
vt 0.72167498 0.64508802
vt 0.71618998 0.64500600
vt 0.71605301 0.64499599
vt 0.71604300 0.64485902
vt 0.71593398 0.64498299
vt 0.71592098 0.64485902
vt 0.71618903 0.64512801
vt 0.71606600 0.64511502
vt 0.71596003 0.64508802
vt 0.54403597 0.43726003
vt 0.54404598 0.43712300
vt 0.54418302 0.43711197
vt 0.54405898 0.43700397
vt 0.54418302 0.43699098
vt 0.54391402 0.43726003
vt 0.54392701 0.43713701
vt 0.54395300 0.43702996
vt 0.71410602 0.43711197
vt 0.71424401 0.43712300
vt 0.71425402 0.43726003
vt 0.71436203 0.43713701
vt 0.71437502 0.43726003
vt 0.71410602 0.43699098
vt 0.71423000 0.43700397
vt 0.71433598 0.43702996
vt 0.71425402 0.63556701
vt 0.71424401 0.63570499
vt 0.71410602 0.63571501
vt 0.71423000 0.63582301
vt 0.71410602 0.63583601
vt 0.71437502 0.63556701
vt 0.71436203 0.63569099
vt 0.71433598 0.63579702
vt 0.54418302 0.63571501
vt 0.54404598 0.63570499
vt 0.54403597 0.63556701
vt 0.54392701 0.63569099
vt 0.54391402 0.63556701
vt 0.54418302 0.63583601
vt 0.54405898 0.63582301
vt 0.54395300 0.63579702
vt 0.72144502 0.66384500
vt 0.71618998 0.66384500
vt 0.71618998 0.65575498
vt 0.72144502 0.65575498
vt 0.73074299 0.65575498
vt 0.73074299 0.66384602
vt 0.72548801 0.66384602
vt 0.72548801 0.65575498
vt 0.98177999 0.20946699
vt 0.98177999 0.21787202
vt 0.97652501 0.21787202
vt 0.97652501 0.20946699
vt 0.54297602 0.02816200
vt 0.54297602 0.03656799
vt 0.53488499 0.03656799
vt 0.53488499 0.02816200
vt 0.98177999 0.00026900
vt 0.98177999 0.00867403
vt 0.97652501 0.00867403
vt 0.97652501 0.00026900
vt 0.54250002 0.23736000
vt 0.54250002 0.24576497
vt 0.53488499 0.24576497
vt 0.53488499 0.23736000
vt 0.72144598 0.65560800
vt 0.72158200 0.65561801
vt 0.72159302 0.65575498
vt 0.72170103 0.65563101
vt 0.72171402 0.65575403
vt 0.72144598 0.65548599
vt 0.72156900 0.65549898
vt 0.72167498 0.65552503
vt 0.72144502 0.78907502
vt 0.72159302 0.78907502
vt 0.72158200 0.78921199
vt 0.72144598 0.78922200
vt 0.72156900 0.78933102
vt 0.72144598 0.78934300
vt 0.72171402 0.78907502
vt 0.72170103 0.78919798
vt 0.72167498 0.78930402
vt 0.71618998 0.78907502
vt 0.71618998 0.78922200
vt 0.71605301 0.78921199
vt 0.71604300 0.78907502
vt 0.71593398 0.78919798
vt 0.71592098 0.78907502
vt 0.71618903 0.78934300
vt 0.71606600 0.78933102
vt 0.71596003 0.78930402
vt 0.71604300 0.65575498
vt 0.71605301 0.65561801
vt 0.71618998 0.65560800
vt 0.71606600 0.65549898
vt 0.71618903 0.65548599
vt 0.71592098 0.65575403
vt 0.71593398 0.65563101
vt 0.71596003 0.65552598
vt 0.72534102 0.65575498
vt 0.72535098 0.65561801
vt 0.72548699 0.65560800
vt 0.72536403 0.65549898
vt 0.72548699 0.65548599
vt 0.72521901 0.65575498
vt 0.72523201 0.65563101
vt 0.72525799 0.65552598
vt 0.73074299 0.65560800
vt 0.73088002 0.65561801
vt 0.73088998 0.65575498
vt 0.73099899 0.65563101
vt 0.73101199 0.65575498
vt 0.73074400 0.65548599
vt 0.73086703 0.65549898
vt 0.73097301 0.65552598
vt 0.73074299 0.78907502
vt 0.73088998 0.78907502
vt 0.73088002 0.78921199
vt 0.73074299 0.78922200
vt 0.73086703 0.78933102
vt 0.73074400 0.78934300
vt 0.73101199 0.78907502
vt 0.73099899 0.78919798
vt 0.73097301 0.78930402
vt 0.72548801 0.78907502
vt 0.72548801 0.78922200
vt 0.72535098 0.78921199
vt 0.72534102 0.78907502
vt 0.72523201 0.78919798
vt 0.72521901 0.78907502
vt 0.72548699 0.78934300
vt 0.72536403 0.78933102
vt 0.72525799 0.78930402
vt 0.97637802 0.20946598
vt 0.97638798 0.20932901
vt 0.97652501 0.20931900
vt 0.97640097 0.20921099
vt 0.97652400 0.20919800
vt 0.97625601 0.20946598
vt 0.97626901 0.20934302
vt 0.97629499 0.20923698
vt 0.98178101 0.20931900
vt 0.98191798 0.20932901
vt 0.98192698 0.20946598
vt 0.98203599 0.20934302
vt 0.98204899 0.20946598
vt 0.98178101 0.20919800
vt 0.98190397 0.20921099
vt 0.98201001 0.20923698
vt 0.98177999 0.40776896
vt 0.98192698 0.40776896
vt 0.98191702 0.40790600
vt 0.98177999 0.40791601
vt 0.98190397 0.40802503
vt 0.98178101 0.40803802
vt 0.98204899 0.40777004
vt 0.98203599 0.40789300
vt 0.98201001 0.40799904
vt 0.97652501 0.40776896
vt 0.97652501 0.40791601
vt 0.97638798 0.40790600
vt 0.97637802 0.40776896
vt 0.97626901 0.40789300
vt 0.97625601 0.40777004
vt 0.97652400 0.40803802
vt 0.97640097 0.40802503
vt 0.97629499 0.40799904
vt 0.53473800 0.02816200
vt 0.53474802 0.02802497
vt 0.53488499 0.02801502
vt 0.53476202 0.02790600
vt 0.53488499 0.02789301
vt 0.53461701 0.02816200
vt 0.53462899 0.02803802
vt 0.53465599 0.02793199
vt 0.66821301 0.02816200
vt 0.66821402 0.02801502
vt 0.66835099 0.02802497
vt 0.66836101 0.02816200
vt 0.66846901 0.02803802
vt 0.66848201 0.02816200
vt 0.66821402 0.02789301
vt 0.66833699 0.02790600
vt 0.66844302 0.02793199
vt 0.66821402 0.22647101
vt 0.66836101 0.22647101
vt 0.66835099 0.22660798
vt 0.66821402 0.22661799
vt 0.66833699 0.22672701
vt 0.66821402 0.22674000
vt 0.66848201 0.22647202
vt 0.66846901 0.22659498
vt 0.66844302 0.22670102
vt 0.53488499 0.22647101
vt 0.53488499 0.22661799
vt 0.53474802 0.22660798
vt 0.53473800 0.22647101
vt 0.53462899 0.22659498
vt 0.53461701 0.22647101
vt 0.53488499 0.22674000
vt 0.53476202 0.22672701
vt 0.53465599 0.22670102
vt 0.97637802 0.00026900
vt 0.97638798 0.00013202
vt 0.97652501 0.00012201
vt 0.97640097 0.00001299
vt 0.97652400 0.00000000
vt 0.97625601 0.00026798
vt 0.97626901 0.00014502
vt 0.97629499 0.00003898
vt 0.98178101 0.00012201
vt 0.98191798 0.00013202
vt 0.98192799 0.00026900
vt 0.98203599 0.00014502
vt 0.98204899 0.00026900
vt 0.98178101 0.00000000
vt 0.98190397 0.00001299
vt 0.98201001 0.00003898
vt 0.98177999 0.19857097
vt 0.98192799 0.19857097
vt 0.98191798 0.19870800
vt 0.98178101 0.19871902
vt 0.98190397 0.19882703
vt 0.98178101 0.19884002
vt 0.98204899 0.19857198
vt 0.98203599 0.19869500
vt 0.98201001 0.19880098
vt 0.97652501 0.19857097
vt 0.97652501 0.19871902
vt 0.97638798 0.19870800
vt 0.97637802 0.19857198
vt 0.97626901 0.19869500
vt 0.97625601 0.19857198
vt 0.97652400 0.19884002
vt 0.97640097 0.19882703
vt 0.97629499 0.19880098
vt 0.53473800 0.23736000
vt 0.53474802 0.23722303
vt 0.53488499 0.23721302
vt 0.53476202 0.23710400
vt 0.53488499 0.23709100
vt 0.53461701 0.23736000
vt 0.53462899 0.23723602
vt 0.53465599 0.23712999
vt 0.66821402 0.23736000
vt 0.66821402 0.23721200
vt 0.66835099 0.23722303
vt 0.66836101 0.23736000
vt 0.66846901 0.23723602
vt 0.66848201 0.23736000
vt 0.66821402 0.23709100
vt 0.66833699 0.23710400
vt 0.66844398 0.23712999
vt 0.66821402 0.43566900
vt 0.66836101 0.43566900
vt 0.66835099 0.43580604
vt 0.66821402 0.43581599
vt 0.66833699 0.43592501
vt 0.66821402 0.43593800
vt 0.66848201 0.43566900
vt 0.66846901 0.43579304
vt 0.66844398 0.43589902
vt 0.53488499 0.43566900
vt 0.53488499 0.43581599
vt 0.53474802 0.43580604
vt 0.53473800 0.43566900
vt 0.53462899 0.43579304
vt 0.53461701 0.43566900
vt 0.53488499 0.43593800
vt 0.53476202 0.43592501
vt 0.53465599 0.43589902
vt 0.72144502 0.78146100
vt 0.72159302 0.78146100
vt 0.72171402 0.78146100
vt 0.71604300 0.66384500
vt 0.71592098 0.66384500
vt 0.73074299 0.78146100
vt 0.73088998 0.78146100
vt 0.73101199 0.78146100
vt 0.72534001 0.66384602
vt 0.72521901 0.66384602
vt 0.98177999 0.40000200
vt 0.98192799 0.40000200
vt 0.98204899 0.40000200
vt 0.97637802 0.21787202
vt 0.97625601 0.21787202
vt 0.66059899 0.02816200
vt 0.66059899 0.02801502
vt 0.66059899 0.02789301
vt 0.66821402 0.21870399
vt 0.66836101 0.21870399
vt 0.66848302 0.21870399
vt 0.54297602 0.22647101
vt 0.54297602 0.22661901
vt 0.54297602 0.22674000
vt 0.53473800 0.03656799
vt 0.53461599 0.03656799
vt 0.98177999 0.19080400
vt 0.98192799 0.19080400
vt 0.98204899 0.19080400
vt 0.97637701 0.00867403
vt 0.97625601 0.00867403
vt 0.66012299 0.23736000
vt 0.66012299 0.23721200
vt 0.66012299 0.23709100
vt 0.66821402 0.42790198
vt 0.66836101 0.42790198
vt 0.66848302 0.42790198
vt 0.54250002 0.43566900
vt 0.54250002 0.43581700
vt 0.54250002 0.43593800
vt 0.53473800 0.24576497
vt 0.53461599 0.24576497
vt 0.97652501 0.40000200
vt 0.66059899 0.22647101
vt 0.66059899 0.21870399
vt 0.97652501 0.19080400
vt 0.66012299 0.43566900
vt 0.66012299 0.42790198
vt 0.98192799 0.21787202
vt 0.98204899 0.21787202
vt 0.97637701 0.40000200
vt 0.97625601 0.40000200
vt 0.66821402 0.03656799
vt 0.66836101 0.03656799
vt 0.66848302 0.03656799
vt 0.53473800 0.21870399
vt 0.53488499 0.21870399
vt 0.53461599 0.21870399
vt 0.98192799 0.00867403
vt 0.98204899 0.00867403
vt 0.97637802 0.19080400
vt 0.97625601 0.19080400
vt 0.66821402 0.24576497
vt 0.66836101 0.24576497
vt 0.66848302 0.24576497
vt 0.53473800 0.42790198
vt 0.53488499 0.42790198
vt 0.53461599 0.42790198
vt 0.71618998 0.78146100
vt 0.72548801 0.78146100
vt 0.66059899 0.03656799
vt 0.66012299 0.24576497
vt 0.72159302 0.66384500
vt 0.72171402 0.66384500
vt 0.71604300 0.78146100
vt 0.71592098 0.78146100
vt 0.73088998 0.66384602
vt 0.73101199 0.66384602
vt 0.72534001 0.78146100
vt 0.72521901 0.78146100
vt 0.54297602 0.02801502
vt 0.54297602 0.02789301
vt 0.66059899 0.22661901
vt 0.66059899 0.22674000
vt 0.54250002 0.23721200
vt 0.54250002 0.23709100
vt 0.66012299 0.43581700
vt 0.66012299 0.43593800
vt 0.54297602 0.21870399
vt 0.54250002 0.42790198
vt 0.98390698 0.96253997
vt 0.90214401 0.96253997
vt 0.90214401 0.84170902
vt 0.98390698 0.84170902
vt 0.98390698 0.71618998
vt 0.98390698 0.83702099
vt 0.90214401 0.83702099
vt 0.90214401 0.71618998
vt 0.55621302 0.96073401
vt 0.47445101 0.96073401
vt 0.47445101 0.90862298
vt 0.55621302 0.90862298
vt 0.40932900 0.90030003
vt 0.28849700 0.90030003
vt 0.28849700 0.84818900
vt 0.40932900 0.84818900
vt 0.64919001 0.96073401
vt 0.56742698 0.96073401
vt 0.56742698 0.90862298
vt 0.64919001 0.90862298
vt 0.54414600 0.90030003
vt 0.42331299 0.90030003
vt 0.42331299 0.84818900
vt 0.54414600 0.84818900
vt 0.98390698 0.84156102
vt 0.98404402 0.84157199
vt 0.98405498 0.84170902
vt 0.98416299 0.84158498
vt 0.98417598 0.84170902
vt 0.98390698 0.84144002
vt 0.98403102 0.84145302
vt 0.98413700 0.84147900
vt 0.98405498 0.96253997
vt 0.98404402 0.96267700
vt 0.98390698 0.96268702
vt 0.98403102 0.96279597
vt 0.98390698 0.96280903
vt 0.98417598 0.96253997
vt 0.98416299 0.96266401
vt 0.98413700 0.96276999
vt 0.90214401 0.96268702
vt 0.90200698 0.96267700
vt 0.90199602 0.96253997
vt 0.90188700 0.96266401
vt 0.90187502 0.96253997
vt 0.90214401 0.96280903
vt 0.90201998 0.96279597
vt 0.90191400 0.96276999
vt 0.90199602 0.84170902
vt 0.90200597 0.84157199
vt 0.90214401 0.84156102
vt 0.90201998 0.84145302
vt 0.90214401 0.84144002
vt 0.90187502 0.84170902
vt 0.90188700 0.84158498
vt 0.90191400 0.84147900
vt 0.90199602 0.71618998
vt 0.90200698 0.71605301
vt 0.90214401 0.71604300
vt 0.90201998 0.71593398
vt 0.90214401 0.71592098
vt 0.90187502 0.71618998
vt 0.90188700 0.71606702
vt 0.90191400 0.71596098
vt 0.98390698 0.71604300
vt 0.98404402 0.71605301
vt 0.98405498 0.71618998
vt 0.98416299 0.71606702
vt 0.98417598 0.71618998
vt 0.98390698 0.71592098
vt 0.98403102 0.71593398
vt 0.98413700 0.71596098
vt 0.98405498 0.83702099
vt 0.98404402 0.83715898
vt 0.98390698 0.83716899
vt 0.98403102 0.83727801
vt 0.98390698 0.83729100
vt 0.98417598 0.83702201
vt 0.98416299 0.83714497
vt 0.98413700 0.83725101
vt 0.90214401 0.83716899
vt 0.90200698 0.83715898
vt 0.90199602 0.83702099
vt 0.90188801 0.83714497
vt 0.90187502 0.83702201
vt 0.90214401 0.83729100
vt 0.90201998 0.83727801
vt 0.90191400 0.83725101
vt 0.47445101 0.90679401
vt 0.47430399 0.90679300
vt 0.47431400 0.90665501
vt 0.47445101 0.90664601
vt 0.47432801 0.90653598
vt 0.47445101 0.90652400
vt 0.47418201 0.90679199
vt 0.47419500 0.90666801
vt 0.47422200 0.90656197
vt 0.55621302 0.90679401
vt 0.55621302 0.90664601
vt 0.55634999 0.90665501
vt 0.55636001 0.90679300
vt 0.55646801 0.90666801
vt 0.55648100 0.90679199
vt 0.55621302 0.90652299
vt 0.55633599 0.90653598
vt 0.55644202 0.90656197
vt 0.55621302 0.96256298
vt 0.55636001 0.96256399
vt 0.55634999 0.96270198
vt 0.55621302 0.96271199
vt 0.55633599 0.96282101
vt 0.55621302 0.96283400
vt 0.55648100 0.96256602
vt 0.55646801 0.96268898
vt 0.55644202 0.96279502
vt 0.47445101 0.96256298
vt 0.47445101 0.96271199
vt 0.47431400 0.96270198
vt 0.47430399 0.96256399
vt 0.47419500 0.96268898
vt 0.47418201 0.96256602
vt 0.47445101 0.96283400
vt 0.47432801 0.96282202
vt 0.47422200 0.96279502
vt 0.28849700 0.84635901
vt 0.28834999 0.84635800
vt 0.28836000 0.84622002
vt 0.28849700 0.84621102
vt 0.28837401 0.84610099
vt 0.28849700 0.84608901
vt 0.28822899 0.84635699
vt 0.28824201 0.84623301
vt 0.28826800 0.84612697
vt 0.40932900 0.84635901
vt 0.40932900 0.84621102
vt 0.40946600 0.84622002
vt 0.40947601 0.84635800
vt 0.40958399 0.84623301
vt 0.40959701 0.84635699
vt 0.40932900 0.84608901
vt 0.40945199 0.84610099
vt 0.40955800 0.84612697
vt 0.40932900 0.90212899
vt 0.40947601 0.90213001
vt 0.40946600 0.90226799
vt 0.40932900 0.90227801
vt 0.40945199 0.90238798
vt 0.40932900 0.90240002
vt 0.40959701 0.90213197
vt 0.40958399 0.90225500
vt 0.40955800 0.90236199
vt 0.28849700 0.90212899
vt 0.28849700 0.90227801
vt 0.28836000 0.90226799
vt 0.28834999 0.90213001
vt 0.28824201 0.90225500
vt 0.28822899 0.90213197
vt 0.28849700 0.90240002
vt 0.28837401 0.90238798
vt 0.28826800 0.90236199
vt 0.56742698 0.90679401
vt 0.56727999 0.90679300
vt 0.56729102 0.90665501
vt 0.56742698 0.90664601
vt 0.56730503 0.90653598
vt 0.56742698 0.90652299
vt 0.56715900 0.90679199
vt 0.56717199 0.90666801
vt 0.56719899 0.90656197
vt 0.64919001 0.90679401
vt 0.64919001 0.90664601
vt 0.64932698 0.90665501
vt 0.64933699 0.90679300
vt 0.64944500 0.90666801
vt 0.64945799 0.90679199
vt 0.64919001 0.90652299
vt 0.64931297 0.90653598
vt 0.64941901 0.90656197
vt 0.64919001 0.96256298
vt 0.64933699 0.96256399
vt 0.64932698 0.96270198
vt 0.64919001 0.96271199
vt 0.64931297 0.96282202
vt 0.64919001 0.96283400
vt 0.64945799 0.96256602
vt 0.64944500 0.96268898
vt 0.64941901 0.96279597
vt 0.56742698 0.96256298
vt 0.56742698 0.96271199
vt 0.56729102 0.96270198
vt 0.56727999 0.96256399
vt 0.56717199 0.96268898
vt 0.56715900 0.96256602
vt 0.56742698 0.96283400
vt 0.56730503 0.96282202
vt 0.56719899 0.96279597
vt 0.42331299 0.84635901
vt 0.42316601 0.84635800
vt 0.42317700 0.84622002
vt 0.42331299 0.84621102
vt 0.42319000 0.84610099
vt 0.42331299 0.84608901
vt 0.42304501 0.84635699
vt 0.42305800 0.84623301
vt 0.42308500 0.84612697
vt 0.54414600 0.84635901
vt 0.54414600 0.84621102
vt 0.54428202 0.84622002
vt 0.54429197 0.84635800
vt 0.54440099 0.84623301
vt 0.54441398 0.84635699
vt 0.54414600 0.84608901
vt 0.54426801 0.84610099
vt 0.54437399 0.84612697
vt 0.54414600 0.90212899
vt 0.54429197 0.90213001
vt 0.54428202 0.90226799
vt 0.54414600 0.90227801
vt 0.54426903 0.90238798
vt 0.54414600 0.90240002
vt 0.54441398 0.90213197
vt 0.54440099 0.90225500
vt 0.54437399 0.90236199
vt 0.42331299 0.90212899
vt 0.42331299 0.90227801
vt 0.42317700 0.90226799
vt 0.42316601 0.90213102
vt 0.42305800 0.90225500
vt 0.42304501 0.90213197
vt 0.42331299 0.90240002
vt 0.42319000 0.90238798
vt 0.42308500 0.90236199
vt 0.55636102 0.90862298
vt 0.55636102 0.96073401
vt 0.55648202 0.90862298
vt 0.55648202 0.96073401
vt 0.47430301 0.96073401
vt 0.47430301 0.90862399
vt 0.47418201 0.96073401
vt 0.47418201 0.90862399
vt 0.40947700 0.84818900
vt 0.40947700 0.90030003
vt 0.40959799 0.84818900
vt 0.40959799 0.90030003
vt 0.28834999 0.90030003
vt 0.28834999 0.84818900
vt 0.28822801 0.90030003
vt 0.28822801 0.84818900
vt 0.64933699 0.90862298
vt 0.64933699 0.96073401
vt 0.64945900 0.90862298
vt 0.64945900 0.96073401
vt 0.56727999 0.96073401
vt 0.56727999 0.90862298
vt 0.56715798 0.96073401
vt 0.56715798 0.90862298
vt 0.54429299 0.84818900
vt 0.54429299 0.90030003
vt 0.54441500 0.84818900
vt 0.54441500 0.90030003
vt 0.42316601 0.90030003
vt 0.42316601 0.84818900
vt 0.42304400 0.90030003
vt 0.42304400 0.84818900
vt 0.85838902 0.99973100
vt 0.77662498 0.99973100
vt 0.77662498 0.87889999
vt 0.85838902 0.87889999
vt 0.85838902 0.75338101
vt 0.85838902 0.87421203
vt 0.77662498 0.87421203
vt 0.77662498 0.75338101
vt 0.46323600 0.96073401
vt 0.38147399 0.96073401
vt 0.38147399 0.90862298
vt 0.46323600 0.90862298
vt 0.27451301 0.90030003
vt 0.15368100 0.90030003
vt 0.15368100 0.84818900
vt 0.27451301 0.84818900
vt 0.73286903 0.90959698
vt 0.65110600 0.90959698
vt 0.65110600 0.85748601
vt 0.73286903 0.85748601
vt 0.27451301 0.96073502
vt 0.15368100 0.96073502
vt 0.15368100 0.90862399
vt 0.27451301 0.90862399
vt 0.85838902 0.87875199
vt 0.85852599 0.87876302
vt 0.85853601 0.87889999
vt 0.85864502 0.87877601
vt 0.85865802 0.87889999
vt 0.85838902 0.87863100
vt 0.85851198 0.87864399
vt 0.85861897 0.87866998
vt 0.85853601 0.99973100
vt 0.85852599 0.99986798
vt 0.85838902 0.99987799
vt 0.85851198 0.99998701
vt 0.85838902 1.00000000
vt 0.85865802 0.99973100
vt 0.85864502 0.99985403
vt 0.85861897 0.99996102
vt 0.77662498 0.99987799
vt 0.77648801 0.99986798
vt 0.77647799 0.99973100
vt 0.77636898 0.99985403
vt 0.77635598 0.99973100
vt 0.77662498 1.00000000
vt 0.77650201 0.99998701
vt 0.77639502 0.99996102
vt 0.77647799 0.87889999
vt 0.77648801 0.87876302
vt 0.77662498 0.87875199
vt 0.77650201 0.87864399
vt 0.77662498 0.87863100
vt 0.77635598 0.87889999
vt 0.77636898 0.87877601
vt 0.77639502 0.87866998
vt 0.77647799 0.75338101
vt 0.77648801 0.75324398
vt 0.77662498 0.75323403
vt 0.77650100 0.75312501
vt 0.77662498 0.75311202
vt 0.77635598 0.75338101
vt 0.77636898 0.75325698
vt 0.77639502 0.75315100
vt 0.85838902 0.75323403
vt 0.85852599 0.75324398
vt 0.85853601 0.75338101
vt 0.85864502 0.75325698
vt 0.85865802 0.75338101
vt 0.85838902 0.75311202
vt 0.85851198 0.75312501
vt 0.85861897 0.75315100
vt 0.85853601 0.87421203
vt 0.85852599 0.87434900
vt 0.85838902 0.87435901
vt 0.85851198 0.87446803
vt 0.85838902 0.87448102
vt 0.85865802 0.87421203
vt 0.85864502 0.87433600
vt 0.85861897 0.87444198
vt 0.77662498 0.87435901
vt 0.77648801 0.87434900
vt 0.77647799 0.87421203
vt 0.77636898 0.87433600
vt 0.77635598 0.87421203
vt 0.77662498 0.87448102
vt 0.77650100 0.87446803
vt 0.77639502 0.87444198
vt 0.38147399 0.90679401
vt 0.38132700 0.90679300
vt 0.38133699 0.90665501
vt 0.38147399 0.90664601
vt 0.38135099 0.90653598
vt 0.38147399 0.90652299
vt 0.38120601 0.90679199
vt 0.38121799 0.90666801
vt 0.38124499 0.90656197
vt 0.46323600 0.90679401
vt 0.46323600 0.90664601
vt 0.46337301 0.90665501
vt 0.46338299 0.90679300
vt 0.46349201 0.90666801
vt 0.46350500 0.90679199
vt 0.46323600 0.90652299
vt 0.46335900 0.90653598
vt 0.46346501 0.90656197
vt 0.46323600 0.96256298
vt 0.46338299 0.96256399
vt 0.46337301 0.96270198
vt 0.46323600 0.96271098
vt 0.46335900 0.96282101
vt 0.46323600 0.96283400
vt 0.46350500 0.96256500
vt 0.46349201 0.96268898
vt 0.46346501 0.96279502
vt 0.38147399 0.96256298
vt 0.38147399 0.96271098
vt 0.38133699 0.96270198
vt 0.38132700 0.96256399
vt 0.38121900 0.96268898
vt 0.38120601 0.96256500
vt 0.38147399 0.96283400
vt 0.38135099 0.96282202
vt 0.38124499 0.96279502
vt 0.15368100 0.84635901
vt 0.15353400 0.84635901
vt 0.15354399 0.84622103
vt 0.15368100 0.84621102
vt 0.15355800 0.84610099
vt 0.15368100 0.84608901
vt 0.15341300 0.84635699
vt 0.15342499 0.84623301
vt 0.15345199 0.84612697
vt 0.27451301 0.84635901
vt 0.27451301 0.84621102
vt 0.27465001 0.84622002
vt 0.27465999 0.84635800
vt 0.27476799 0.84623301
vt 0.27478099 0.84635699
vt 0.27451301 0.84608901
vt 0.27463600 0.84610099
vt 0.27474201 0.84612697
vt 0.27451301 0.90212899
vt 0.27465999 0.90213001
vt 0.27465001 0.90226799
vt 0.27451301 0.90227801
vt 0.27463600 0.90238798
vt 0.27451301 0.90240002
vt 0.27478099 0.90213197
vt 0.27476799 0.90225500
vt 0.27474201 0.90236199
vt 0.15368100 0.90212899
vt 0.15368100 0.90227801
vt 0.15354399 0.90226799
vt 0.15353400 0.90213102
vt 0.15342601 0.90225601
vt 0.15341300 0.90213197
vt 0.15368100 0.90240002
vt 0.15355800 0.90238798
vt 0.15345199 0.90236199
vt 0.65110701 0.85565698
vt 0.65096003 0.85565603
vt 0.65096998 0.85551798
vt 0.65110701 0.85550803
vt 0.65098399 0.85539800
vt 0.65110600 0.85538602
vt 0.65083802 0.85565501
vt 0.65085101 0.85553098
vt 0.65087801 0.85542500
vt 0.73286903 0.85565698
vt 0.73286903 0.85550898
vt 0.73300600 0.85551798
vt 0.73301601 0.85565603
vt 0.73312402 0.85553098
vt 0.73313701 0.85565501
vt 0.73286903 0.85538602
vt 0.73299199 0.85539800
vt 0.73309797 0.85542500
vt 0.73286903 0.91142601
vt 0.73301601 0.91142702
vt 0.73300600 0.91156501
vt 0.73286903 0.91157502
vt 0.73299199 0.91168398
vt 0.73286903 0.91169697
vt 0.73313701 0.91142899
vt 0.73312402 0.91155201
vt 0.73309797 0.91165799
vt 0.65110701 0.91142601
vt 0.65110600 0.91157502
vt 0.65096998 0.91156501
vt 0.65096003 0.91142702
vt 0.65085101 0.91155201
vt 0.65083802 0.91142899
vt 0.65110600 0.91169697
vt 0.65098399 0.91168398
vt 0.65087801 0.91165799
vt 0.15368100 0.90679401
vt 0.15353400 0.90679401
vt 0.15354399 0.90665603
vt 0.15368100 0.90664601
vt 0.15355700 0.90653598
vt 0.15368100 0.90652400
vt 0.15341200 0.90679300
vt 0.15342499 0.90666902
vt 0.15345100 0.90656298
vt 0.27451301 0.90679401
vt 0.27451301 0.90664601
vt 0.27465001 0.90665603
vt 0.27465999 0.90679401
vt 0.27476901 0.90666902
vt 0.27478099 0.90679300
vt 0.27451301 0.90652299
vt 0.27463600 0.90653598
vt 0.27474201 0.90656298
vt 0.27451301 0.96256399
vt 0.27465999 0.96256500
vt 0.27465001 0.96270299
vt 0.27451301 0.96271300
vt 0.27463600 0.96282202
vt 0.27451301 0.96283501
vt 0.27478099 0.96256602
vt 0.27476901 0.96268898
vt 0.27474201 0.96279597
vt 0.15368100 0.96256399
vt 0.15368100 0.96271300
vt 0.15354399 0.96270299
vt 0.15353400 0.96256500
vt 0.15342499 0.96268898
vt 0.15341200 0.96256602
vt 0.15368100 0.96283501
vt 0.15355700 0.96282202
vt 0.15345199 0.96279597
vt 0.46338400 0.90862298
vt 0.46338400 0.96073401
vt 0.46350500 0.90862298
vt 0.46350500 0.96073401
vt 0.38132599 0.96073401
vt 0.38132599 0.90862298
vt 0.38120499 0.96073401
vt 0.38120499 0.90862298
vt 0.27465999 0.84818900
vt 0.27465999 0.90030003
vt 0.27478200 0.84818900
vt 0.27478200 0.90030003
vt 0.15353300 0.90030003
vt 0.15353300 0.84818900
vt 0.15341200 0.90030003
vt 0.15341200 0.84818900
vt 0.73301601 0.85748601
vt 0.73301601 0.90959698
vt 0.73313802 0.85748601
vt 0.73313802 0.90959698
vt 0.65095901 0.90959698
vt 0.65095901 0.85748601
vt 0.65083700 0.90959698
vt 0.65083700 0.85748601
vt 0.27465999 0.90862399
vt 0.27465999 0.96073502
vt 0.27478200 0.90862399
vt 0.27478200 0.96073502
vt 0.15353300 0.96073502
vt 0.15353300 0.90862399
vt 0.15341200 0.96073502
vt 0.15341200 0.90862399
vt 0.75778902 0.74960399
vt 0.75338101 0.74960399
vt 0.75338101 0.62786198
vt 0.75778902 0.62786198
vt 0.00467700 0.84635699
vt 0.00467700 0.96809900
vt 0.00026900 0.96809900
vt 0.00026900 0.84635699
vt 0.53929400 0.61491799
vt 0.53488600 0.61491799
vt 0.53488600 0.44838798
vt 0.53929400 0.44838798
vt 0.85653502 0.61492300
vt 0.73478502 0.61492300
vt 0.73478502 0.44838899
vt 0.85653502 0.44838899
vt 0.99023098 0.58702499
vt 0.98582298 0.58702499
vt 0.98582298 0.42049503
vt 0.99023098 0.42049503
vt 0.98205400 0.58702999
vt 0.86030400 0.58702999
vt 0.86030400 0.42049599
vt 0.98205400 0.42049599
vt 0.75778902 0.62771499
vt 0.75792700 0.62772501
vt 0.75793600 0.62786198
vt 0.75804502 0.62773800
vt 0.75805801 0.62786198
vt 0.75779003 0.62759298
vt 0.75791299 0.62760597
vt 0.75801998 0.62763202
vt 0.75793600 0.74960399
vt 0.75792599 0.74974102
vt 0.75778902 0.74975097
vt 0.75791299 0.74985898
vt 0.75779003 0.74987298
vt 0.75805801 0.74960399
vt 0.75804502 0.74972701
vt 0.75801897 0.74983299
vt 0.75338101 0.74975097
vt 0.75324398 0.74974102
vt 0.75323403 0.74960399
vt 0.75312400 0.74972701
vt 0.75311202 0.74960399
vt 0.75338000 0.74987203
vt 0.75325698 0.74985898
vt 0.75315100 0.74983299
vt 0.75323403 0.62786198
vt 0.75324398 0.62772501
vt 0.75338101 0.62771499
vt 0.75325698 0.62760597
vt 0.75338000 0.62759298
vt 0.75311202 0.62786198
vt 0.75312501 0.62773800
vt 0.75315100 0.62763202
vt 0.00012200 0.84635699
vt 0.00013200 0.84622103
vt 0.00026900 0.84621000
vt 0.00014500 0.84610099
vt 0.00026800 0.84608901
vt 0.00000000 0.84635699
vt 0.00001300 0.84623402
vt 0.00003900 0.84612799
vt 0.00467800 0.84621000
vt 0.00481500 0.84622103
vt 0.00482500 0.84635699
vt 0.00493400 0.84623402
vt 0.00494700 0.84635699
vt 0.00467800 0.84608901
vt 0.00480200 0.84610099
vt 0.00490800 0.84612799
vt 0.00482500 0.96809900
vt 0.00481500 0.96823603
vt 0.00467800 0.96824598
vt 0.00480200 0.96835500
vt 0.00467800 0.96836799
vt 0.00494700 0.96809900
vt 0.00493400 0.96822202
vt 0.00490800 0.96832800
vt 0.00026900 0.96824598
vt 0.00013200 0.96823502
vt 0.00012200 0.96809900
vt 0.00001300 0.96822202
vt 0.00000000 0.96809900
vt 0.00026800 0.96836698
vt 0.00014500 0.96835500
vt 0.00003900 0.96832800
vt 0.53488600 0.44655901
vt 0.53473902 0.44655800
vt 0.53474897 0.44642001
vt 0.53488600 0.44641101
vt 0.53476202 0.44630098
vt 0.53488499 0.44628900
vt 0.53461802 0.44655699
vt 0.53463000 0.44643301
vt 0.53465700 0.44632697
vt 0.53929299 0.44655901
vt 0.53929299 0.44641101
vt 0.53943002 0.44642001
vt 0.53943998 0.44655800
vt 0.53954899 0.44643301
vt 0.53956097 0.44655699
vt 0.53929400 0.44628799
vt 0.53941602 0.44630098
vt 0.53952199 0.44632697
vt 0.53929299 0.61674702
vt 0.53943998 0.61674798
vt 0.53943002 0.61688602
vt 0.53929299 0.61689502
vt 0.53941703 0.61700499
vt 0.53929400 0.61701798
vt 0.53956097 0.61674899
vt 0.53954899 0.61687303
vt 0.53952199 0.61697900
vt 0.53488600 0.61674702
vt 0.53488600 0.61689597
vt 0.53474897 0.61688602
vt 0.53473902 0.61674798
vt 0.53463000 0.61687303
vt 0.53461802 0.61675000
vt 0.53488499 0.61701798
vt 0.53476202 0.61700499
vt 0.53465700 0.61697900
vt 0.73478502 0.44656003
vt 0.73463899 0.44655800
vt 0.73464900 0.44642001
vt 0.73478502 0.44641101
vt 0.73466200 0.44630098
vt 0.73478502 0.44628799
vt 0.73451698 0.44655699
vt 0.73452997 0.44643402
vt 0.73455697 0.44632697
vt 0.85653502 0.44655901
vt 0.85653502 0.44641101
vt 0.85667199 0.44642001
vt 0.85668200 0.44655800
vt 0.85679001 0.44643402
vt 0.85680300 0.44655699
vt 0.85653502 0.44628799
vt 0.85665798 0.44630098
vt 0.85676402 0.44632697
vt 0.85653502 0.61675203
vt 0.85668200 0.61675400
vt 0.85667199 0.61689198
vt 0.85653502 0.61690098
vt 0.85665798 0.61701101
vt 0.85653502 0.61702299
vt 0.85680300 0.61675501
vt 0.85679001 0.61687899
vt 0.85676402 0.61698502
vt 0.73478502 0.61675203
vt 0.73478502 0.61690098
vt 0.73464900 0.61689198
vt 0.73463899 0.61675400
vt 0.73452997 0.61687899
vt 0.73451698 0.61675501
vt 0.73478502 0.61702299
vt 0.73466200 0.61701101
vt 0.73455697 0.61698502
vt 0.98582298 0.41866601
vt 0.98567599 0.41866499
vt 0.98568600 0.41852701
vt 0.98582298 0.41851801
vt 0.98570001 0.41840804
vt 0.98582202 0.41839600
vt 0.98555499 0.41866398
vt 0.98556799 0.41854000
vt 0.98559397 0.41843402
vt 0.99023002 0.41866601
vt 0.99023098 0.41851801
vt 0.99036700 0.41852701
vt 0.99037701 0.41866499
vt 0.99048603 0.41854000
vt 0.99049902 0.41866302
vt 0.99023098 0.41839504
vt 0.99035400 0.41840804
vt 0.99045998 0.41843402
vt 0.99023098 0.58885401
vt 0.99037802 0.58885503
vt 0.99036801 0.58899301
vt 0.99023098 0.58900201
vt 0.99035400 0.58911198
vt 0.99023199 0.58912402
vt 0.99049902 0.58885598
vt 0.99048603 0.58898002
vt 0.99045998 0.58908600
vt 0.98582399 0.58885401
vt 0.98582298 0.58900201
vt 0.98568702 0.58899301
vt 0.98567700 0.58885503
vt 0.98556799 0.58898002
vt 0.98555499 0.58885598
vt 0.98582298 0.58912498
vt 0.98570001 0.58911198
vt 0.98559397 0.58908600
vt 0.86030400 0.41866601
vt 0.86015701 0.41866499
vt 0.86016703 0.41852701
vt 0.86030400 0.41851801
vt 0.86018097 0.41840804
vt 0.86030400 0.41839504
vt 0.86003602 0.41866398
vt 0.86004901 0.41854101
vt 0.86007500 0.41843402
vt 0.98205400 0.41866601
vt 0.98205400 0.41851801
vt 0.98219001 0.41852701
vt 0.98220003 0.41866499
vt 0.98230898 0.41854101
vt 0.98232198 0.41866302
vt 0.98205400 0.41839504
vt 0.98217702 0.41840804
vt 0.98228300 0.41843402
vt 0.98205400 0.58885902
vt 0.98220003 0.58885998
vt 0.98219103 0.58899897
vt 0.98205400 0.58900797
vt 0.98217702 0.58911800
vt 0.98205400 0.58912998
vt 0.98232198 0.58886200
vt 0.98230898 0.58898503
vt 0.98228300 0.58909202
vt 0.86030400 0.58885902
vt 0.86030400 0.58900797
vt 0.86016798 0.58899897
vt 0.86015701 0.58885998
vt 0.86004901 0.58898503
vt 0.86003602 0.58886200
vt 0.86030400 0.58912998
vt 0.86018097 0.58911800
vt 0.86007500 0.58909100
vt 0.53944099 0.44838798
vt 0.53944099 0.61491799
vt 0.53956300 0.44838798
vt 0.53956300 0.61491799
vt 0.53473800 0.61491799
vt 0.53473800 0.44838798
vt 0.53461599 0.61491799
vt 0.53461599 0.44838798
vt 0.85668302 0.44838899
vt 0.85668302 0.61492300
vt 0.85680401 0.44838899
vt 0.85680401 0.61492300
vt 0.73463798 0.61492300
vt 0.73463798 0.44838899
vt 0.73451602 0.61492300
vt 0.73451602 0.44838899
vt 0.99037802 0.42049503
vt 0.99037898 0.58702499
vt 0.99049997 0.42049503
vt 0.99049997 0.58702499
vt 0.98567599 0.58702499
vt 0.98567498 0.42049503
vt 0.98555398 0.58702499
vt 0.98555398 0.42049503
vt 0.98220098 0.42049599
vt 0.98220098 0.58702999
vt 0.98232299 0.42049599
vt 0.98232299 0.58702999
vt 0.86015701 0.58702999
vt 0.86015701 0.42049599
vt 0.86003500 0.58702999
vt 0.86003500 0.42049599
vt 0.98390800 0.59464300
vt 0.90214401 0.59464300
vt 0.90214401 0.59067202
vt 0.98390800 0.59067202
vt 0.84444302 0.62786198
vt 0.84444302 0.63183397
vt 0.76267898 0.63183397
vt 0.76267898 0.62786198
vt 0.37026000 0.91067302
vt 0.28849700 0.91067302
vt 0.28849700 0.90862399
vt 0.37026000 0.90862399
vt 0.13969800 0.85023803
vt 0.02619700 0.85023803
vt 0.02619700 0.84818900
vt 0.13969800 0.84818900
vt 0.63989300 0.85023803
vt 0.55813003 0.85023803
vt 0.55813003 0.84818900
vt 0.63989300 0.84818900
vt 0.13969800 0.91067302
vt 0.13572700 0.91067302
vt 0.13572700 0.90862399
vt 0.13969800 0.90862399
vt 0.98390800 0.59052402
vt 0.98404503 0.59053499
vt 0.98405498 0.59067202
vt 0.98416400 0.59054798
vt 0.98417699 0.59067202
vt 0.98390800 0.59040201
vt 0.98403198 0.59041500
vt 0.98413801 0.59044200
vt 0.98390800 0.71150398
vt 0.98405498 0.71150398
vt 0.98404503 0.71164101
vt 0.98390800 0.71165103
vt 0.98403198 0.71175998
vt 0.98390800 0.71177298
vt 0.98417699 0.71150398
vt 0.98416400 0.71162802
vt 0.98413801 0.71173400
vt 0.90214401 0.71150398
vt 0.90214401 0.71165103
vt 0.90200698 0.71164101
vt 0.90199602 0.71150398
vt 0.90188801 0.71162802
vt 0.90187502 0.71150398
vt 0.90214401 0.71177298
vt 0.90201998 0.71175998
vt 0.90191400 0.71173400
vt 0.90199602 0.59067202
vt 0.90200698 0.59053499
vt 0.90214401 0.59052402
vt 0.90201998 0.59041500
vt 0.90214401 0.59040201
vt 0.90187502 0.59067202
vt 0.90188801 0.59054798
vt 0.90191400 0.59044200
vt 0.76253098 0.62786198
vt 0.76254201 0.62772501
vt 0.76267898 0.62771499
vt 0.76255500 0.62760597
vt 0.76267898 0.62759298
vt 0.76240999 0.62786198
vt 0.76242203 0.62773800
vt 0.76244903 0.62763202
vt 0.84444302 0.62771499
vt 0.84457999 0.62772501
vt 0.84459001 0.62786198
vt 0.84469903 0.62773901
vt 0.84471202 0.62786198
vt 0.84444302 0.62759298
vt 0.84456700 0.62760597
vt 0.84467298 0.62763202
vt 0.84444302 0.74869502
vt 0.84459001 0.74869502
vt 0.84457999 0.74883199
vt 0.84444302 0.74884200
vt 0.84456700 0.74895102
vt 0.84444302 0.74896401
vt 0.84471202 0.74869502
vt 0.84469903 0.74881798
vt 0.84467298 0.74892497
vt 0.76267898 0.74869502
vt 0.76267898 0.74884200
vt 0.76254201 0.74883199
vt 0.76253098 0.74869502
vt 0.76242203 0.74881798
vt 0.76240999 0.74869502
vt 0.76267898 0.74896401
vt 0.76255500 0.74895102
vt 0.76244903 0.74892497
vt 0.28849700 0.90679502
vt 0.28834999 0.90679300
vt 0.28836000 0.90665501
vt 0.28849700 0.90664601
vt 0.28837401 0.90653598
vt 0.28849700 0.90652400
vt 0.28822899 0.90679199
vt 0.28824201 0.90666801
vt 0.28826800 0.90656197
vt 0.37026000 0.90679401
vt 0.37026000 0.90664601
vt 0.37039700 0.90665501
vt 0.37040699 0.90679300
vt 0.37051600 0.90666801
vt 0.37052900 0.90679199
vt 0.37026000 0.90652299
vt 0.37038299 0.90653598
vt 0.37048900 0.90656197
vt 0.37026000 0.96256399
vt 0.37040800 0.96256500
vt 0.37039700 0.96270299
vt 0.37026101 0.96271199
vt 0.37038401 0.96282202
vt 0.37026101 0.96283501
vt 0.37052900 0.96256602
vt 0.37051600 0.96269000
vt 0.37048900 0.96279597
vt 0.28849700 0.96256399
vt 0.28849700 0.96271300
vt 0.28836101 0.96270299
vt 0.28834999 0.96256500
vt 0.28824201 0.96269000
vt 0.28822899 0.96256602
vt 0.28849700 0.96283501
vt 0.28837401 0.96282297
vt 0.28826800 0.96279699
vt 0.01886400 0.84635901
vt 0.01871700 0.84635800
vt 0.01872800 0.84622002
vt 0.01886400 0.84621102
vt 0.01874100 0.84610099
vt 0.01886400 0.84608901
vt 0.01859600 0.84635699
vt 0.01860900 0.84623301
vt 0.01863600 0.84612697
vt 0.13969800 0.84635901
vt 0.13969800 0.84621102
vt 0.13983500 0.84622002
vt 0.13984500 0.84635800
vt 0.13995300 0.84623301
vt 0.13996600 0.84635699
vt 0.13969800 0.84608901
vt 0.13982099 0.84610099
vt 0.13992700 0.84612697
vt 0.13969800 0.90213001
vt 0.13984500 0.90213102
vt 0.13983500 0.90226901
vt 0.13969800 0.90227902
vt 0.13982099 0.90238899
vt 0.13969800 0.90240097
vt 0.13996699 0.90213299
vt 0.13995300 0.90225601
vt 0.13992700 0.90236199
vt 0.01886400 0.90213001
vt 0.01886400 0.90227801
vt 0.01872800 0.90226901
vt 0.01871700 0.90213102
vt 0.01860900 0.90225601
vt 0.01859600 0.90213299
vt 0.01886400 0.90240097
vt 0.01874200 0.90238899
vt 0.01863600 0.90236199
vt 0.55813003 0.84635901
vt 0.55798298 0.84635800
vt 0.55799299 0.84622002
vt 0.55813003 0.84621102
vt 0.55800700 0.84610099
vt 0.55813003 0.84608901
vt 0.55786097 0.84635699
vt 0.55787402 0.84623301
vt 0.55790102 0.84612697
vt 0.63989300 0.84635901
vt 0.63989300 0.84621102
vt 0.64003003 0.84622002
vt 0.64003998 0.84635800
vt 0.64014900 0.84623301
vt 0.64016199 0.84635699
vt 0.63989300 0.84608901
vt 0.64001602 0.84610099
vt 0.64012200 0.84612697
vt 0.63989300 0.90212899
vt 0.64003998 0.90213001
vt 0.64003003 0.90226799
vt 0.63989300 0.90227699
vt 0.64001602 0.90238702
vt 0.63989300 0.90240002
vt 0.64016199 0.90213102
vt 0.64014900 0.90225500
vt 0.64012200 0.90236098
vt 0.55813003 0.90212899
vt 0.55813003 0.90227699
vt 0.55799299 0.90226799
vt 0.55798298 0.90213001
vt 0.55787402 0.90225500
vt 0.55786198 0.90213102
vt 0.55813003 0.90240002
vt 0.55800700 0.90238702
vt 0.55790102 0.90236098
vt 0.01886400 0.90679401
vt 0.01871700 0.90679300
vt 0.01872800 0.90665501
vt 0.01886400 0.90664601
vt 0.01874200 0.90653598
vt 0.01886400 0.90652400
vt 0.01859600 0.90679199
vt 0.01860900 0.90666801
vt 0.01863600 0.90656197
vt 0.13969800 0.90679401
vt 0.13969800 0.90664601
vt 0.13983500 0.90665501
vt 0.13984500 0.90679300
vt 0.13995300 0.90666801
vt 0.13996600 0.90679199
vt 0.13969800 0.90652299
vt 0.13982099 0.90653598
vt 0.13992700 0.90656197
vt 0.13969800 0.96256500
vt 0.13984500 0.96256602
vt 0.13983500 0.96270400
vt 0.13969800 0.96271300
vt 0.13982099 0.96282399
vt 0.13969800 0.96283603
vt 0.13996699 0.96256799
vt 0.13995300 0.96269101
vt 0.13992700 0.96279800
vt 0.01886400 0.96256500
vt 0.01886400 0.96271402
vt 0.01872800 0.96270400
vt 0.01871700 0.96256602
vt 0.01860900 0.96269101
vt 0.01859600 0.96256799
vt 0.01886400 0.96283603
vt 0.01874200 0.96282399
vt 0.01863600 0.96279800
vt 0.98390800 0.59800398
vt 0.98405498 0.59800398
vt 0.98417699 0.59800398
vt 0.90199602 0.59464300
vt 0.90187502 0.59464300
vt 0.84444302 0.63519502
vt 0.84459001 0.63519502
vt 0.84471202 0.63519502
vt 0.76253098 0.63183397
vt 0.76240999 0.63183397
vt 0.37026000 0.91390097
vt 0.37040800 0.91390097
vt 0.37040800 0.96073502
vt 0.37026101 0.96073502
vt 0.37053001 0.91390097
vt 0.37053001 0.96073502
vt 0.28834999 0.91067302
vt 0.28834999 0.90862399
vt 0.28822801 0.91067302
vt 0.28822801 0.90862399
vt 0.02619700 0.84635901
vt 0.02619700 0.84621102
vt 0.02619700 0.84608901
vt 0.13969800 0.85346699
vt 0.13984600 0.85346597
vt 0.13984600 0.90030098
vt 0.13969800 0.90030098
vt 0.13996699 0.85346699
vt 0.13996699 0.90030098
vt 0.02283600 0.90213001
vt 0.02283600 0.90227801
vt 0.02283600 0.90240097
vt 0.01886400 0.85023803
vt 0.01871700 0.85023803
vt 0.01871700 0.84818900
vt 0.01886400 0.84818900
vt 0.01859500 0.85023803
vt 0.01859500 0.84818900
vt 0.63989300 0.85346597
vt 0.64004099 0.85346597
vt 0.64004099 0.90030003
vt 0.63989300 0.90030003
vt 0.64016199 0.85346597
vt 0.64016199 0.90030003
vt 0.55798203 0.85023803
vt 0.55798203 0.84818900
vt 0.55786097 0.85023803
vt 0.55786097 0.84818900
vt 0.13572700 0.90679401
vt 0.13572700 0.90664601
vt 0.13572700 0.90652299
vt 0.13969800 0.91390198
vt 0.13984600 0.91390198
vt 0.13984600 0.96073598
vt 0.13969800 0.96073598
vt 0.13996699 0.91390198
vt 0.13996699 0.96073598
vt 0.13236600 0.96256500
vt 0.13236600 0.96271300
vt 0.13236600 0.96283603
vt 0.01886400 0.91067302
vt 0.01871700 0.91067302
vt 0.01871700 0.90862399
vt 0.01886400 0.90862399
vt 0.01859500 0.91067302
vt 0.01859500 0.90862399
vt 0.28849700 0.96073502
vt 0.02619700 0.90213001
vt 0.02619700 0.90030098
vt 0.02283600 0.84635901
vt 0.02283600 0.84818900
vt 0.55813003 0.90030003
vt 0.13572700 0.96256500
vt 0.13572700 0.96073598
vt 0.13236600 0.90679401
vt 0.13236600 0.90862399
vt 0.37040800 0.90862399
vt 0.37053001 0.90862399
vt 0.28834999 0.96073502
vt 0.28822801 0.96073502
vt 0.13984600 0.84818798
vt 0.13996699 0.84818900
vt 0.01871700 0.90030098
vt 0.01886400 0.90030098
vt 0.01859500 0.90030098
vt 0.64004099 0.84818900
vt 0.64016199 0.84818900
vt 0.55798203 0.90030003
vt 0.55786097 0.90030003
vt 0.13984600 0.90862399
vt 0.13996699 0.90862399
vt 0.01871700 0.96073598
vt 0.01886400 0.96073598
vt 0.01859500 0.96073598
vt 0.90214401 0.59800398
vt 0.76267898 0.63519502
vt 0.02283600 0.90030098
vt 0.02283600 0.85346699
vt 0.02619700 0.85346699
vt 0.01886400 0.91390198
vt 0.13236600 0.91390198
vt 0.13236600 0.96073598
vt 0.98405498 0.59464300
vt 0.98417699 0.59464300
vt 0.90199602 0.59800398
vt 0.90187502 0.59800398
vt 0.84459001 0.63183397
vt 0.84471202 0.63183397
vt 0.76253098 0.63519502
vt 0.76240999 0.63519502
vt 0.02283600 0.84621102
vt 0.02283600 0.84608901
vt 0.02619700 0.90227801
vt 0.02619700 0.90240097
vt 0.13236600 0.90664601
vt 0.13236600 0.90652400
vt 0.13572700 0.96271300
vt 0.13572700 0.96283603
vt 0.28849700 0.91390198
vt 0.55813003 0.85346597
vt 0.13572700 0.91390198
vt 0.37040800 0.91067302
vt 0.37053001 0.91067302
vt 0.28834999 0.91390198
vt 0.28822801 0.91390198
vt 0.13984600 0.85023803
vt 0.13996699 0.85023803
vt 0.01886400 0.85346699
vt 0.01871700 0.85346699
vt 0.01859500 0.85346699
vt 0.64004099 0.85023803
vt 0.64016199 0.85023803
vt 0.55798203 0.85346597
vt 0.55786097 0.85346597
vt 0.13984600 0.91067302
vt 0.13996699 0.91067302
vt 0.01871700 0.91390198
vt 0.01859500 0.91390198
vt 0.02283600 0.85023803
vt 0.13236600 0.91067302
f 1/1/1 2/2/2 3/3/3
f 3/3/3 4/4/4 1/1/1
f 5/5/5 6/6/6 7/7/7
f 7/7/7 8/8/8 5/5/5
f 9/9/9 10/10/10 11/11/11
f 11/11/11 12/12/12 9/9/9
f 13/13/13 14/14/14 15/15/15
f 15/15/15 16/16/16 13/13/13
f 17/17/17 18/18/18 19/19/19
f 19/19/19 20/20/20 17/17/17
f 21/21/21 22/22/22 23/23/23
f 23/23/23 24/24/24 21/21/21
f 4/4/4 25/25/25 26/26/26
f 26/26/26 27/27/27 4/4/4
f 27/27/27 26/26/26 28/28/28
f 28/28/28 29/29/29 27/27/27
f 25/25/25 30/30/30 31/31/31
f 31/31/31 26/26/26 25/25/25
f 26/26/26 31/31/31 32/32/32
f 32/32/32 28/28/28 26/26/26
f 1/1/1 33/33/33 34/34/34
f 34/34/34 35/35/35 1/1/1
f 35/35/35 34/34/34 36/36/36
f 36/36/36 37/37/37 35/35/35
f 33/33/33 38/38/38 39/39/39
f 39/39/39 34/34/34 33/33/33
f 34/34/34 39/39/39 40/40/40
f 40/40/40 36/36/36 34/34/34
f 2/2/2 41/41/41 42/42/42
f 42/42/42 43/43/43 2/2/2
f 43/43/43 42/42/42 44/44/44
f 44/44/44 45/45/45 43/43/43
f 41/41/41 46/46/46 47/47/47
f 47/47/47 42/42/42 41/41/41
f 42/42/42 47/47/47 48/48/48
f 48/48/48 44/44/44 42/42/42
f 3/3/3 49/49/49 50/50/50
f 50/50/50 51/51/51 3/3/3
f 51/51/51 50/50/50 52/52/52
f 52/52/52 53/53/53 51/51/51
f 49/49/49 54/54/54 55/55/55
f 55/55/55 50/50/50 49/49/49
f 50/50/50 55/55/55 56/56/56
f 56/56/56 52/52/52 50/50/50
f 8/8/8 57/57/57 58/58/58
f 58/58/58 59/59/59 8/8/8
f 59/59/59 58/58/58 60/60/60
f 60/60/60 61/61/61 59/59/59
f 57/57/57 62/62/62 63/63/63
f 63/63/63 58/58/58 57/57/57
f 58/58/58 63/63/63 64/64/64
f 64/64/64 60/60/60 58/58/58
f 5/5/5 65/65/65 66/66/66
f 66/66/66 67/67/67 5/5/5
f 67/67/67 66/66/66 68/68/68
f 68/68/68 69/69/69 67/67/67
f 65/65/65 70/70/70 71/71/71
f 71/71/71 66/66/66 65/65/65
f 66/66/66 71/71/71 72/72/72
f 72/72/72 68/68/68 66/66/66
f 6/6/6 73/73/73 74/74/74
f 74/74/74 75/75/75 6/6/6
f 75/75/75 74/74/74 76/76/76
f 76/76/76 77/77/77 75/75/75
f 73/73/73 78/78/78 79/79/79
f 79/79/79 74/74/74 73/73/73
f 74/74/74 79/79/79 80/80/80
f 80/80/80 76/76/76 74/74/74
f 7/7/7 81/81/81 82/82/82
f 82/82/82 83/83/83 7/7/7
f 83/83/83 82/82/82 84/84/84
f 84/84/84 85/85/85 83/83/83
f 81/81/81 86/86/86 87/87/87
f 87/87/87 82/82/82 81/81/81
f 82/82/82 87/87/87 88/88/88
f 88/88/88 84/84/84 82/82/82
f 12/12/12 89/89/89 90/90/90
f 90/90/90 91/91/91 12/12/12
f 91/91/91 90/90/90 92/92/92
f 92/92/92 93/93/93 91/91/91
f 89/89/89 94/94/94 95/95/95
f 95/95/95 90/90/90 89/89/89
f 90/90/90 95/95/95 96/96/96
f 96/96/96 92/92/92 90/90/90
f 9/9/9 97/97/97 98/98/98
f 98/98/98 99/99/99 9/9/9
f 99/99/99 98/98/98 100/100/100
f 100/100/100 101/101/101 99/99/99
f 97/97/97 102/102/102 103/103/103
f 103/103/103 98/98/98 97/97/97
f 98/98/98 103/103/103 104/104/104
f 104/104/104 100/100/100 98/98/98
f 10/10/10 105/105/105 106/106/106
f 106/106/106 107/107/107 10/10/10
f 107/107/107 106/106/106 108/108/108
f 108/108/108 109/109/109 107/107/107
f 105/105/105 110/110/110 111/111/111
f 111/111/111 106/106/106 105/105/105
f 106/106/106 111/111/111 112/112/112
f 112/112/112 108/108/108 106/106/106
f 11/11/11 113/113/113 114/114/114
f 114/114/114 115/115/115 11/11/11
f 115/115/115 114/114/114 116/116/116
f 116/116/116 117/117/117 115/115/115
f 113/113/113 118/118/118 119/119/119
f 119/119/119 114/114/114 113/113/113
f 114/114/114 119/119/119 120/120/120
f 120/120/120 116/116/116 114/114/114
f 16/16/16 121/121/121 122/122/122
f 122/122/122 123/123/123 16/16/16
f 123/123/123 122/122/122 124/124/124
f 124/124/124 125/125/125 123/123/123
f 121/121/121 126/126/126 127/127/127
f 127/127/127 122/122/122 121/121/121
f 122/122/122 127/127/127 128/128/128
f 128/128/128 124/124/124 122/122/122
f 13/13/13 129/129/129 130/130/130
f 130/130/130 131/131/131 13/13/13
f 131/131/131 130/130/130 132/132/132
f 132/132/132 133/133/133 131/131/131
f 129/129/129 134/134/134 135/135/135
f 135/135/135 130/130/130 129/129/129
f 130/130/130 135/135/135 136/136/136
f 136/136/136 132/132/132 130/130/130
f 14/14/14 137/137/137 138/138/138
f 138/138/138 139/139/139 14/14/14
f 139/139/139 138/138/138 140/140/140
f 140/140/140 141/141/141 139/139/139
f 137/137/137 142/142/142 143/143/143
f 143/143/143 138/138/138 137/137/137
f 138/138/138 143/143/143 144/144/144
f 144/144/144 140/140/140 138/138/138
f 15/15/15 145/145/145 146/146/146
f 146/146/146 147/147/147 15/15/15
f 147/147/147 146/146/146 148/148/148
f 148/148/148 149/149/149 147/147/147
f 145/145/145 150/150/150 151/151/151
f 151/151/151 146/146/146 145/145/145
f 146/146/146 151/151/151 152/152/152
f 152/152/152 148/148/148 146/146/146
f 20/20/20 153/153/153 154/154/154
f 154/154/154 155/155/155 20/20/20
f 155/155/155 154/154/154 156/156/156
f 156/156/156 157/157/157 155/155/155
f 153/153/153 158/158/158 159/159/159
f 159/159/159 154/154/154 153/153/153
f 154/154/154 159/159/159 160/160/160
f 160/160/160 156/156/156 154/154/154
f 17/17/17 161/161/161 162/162/162
f 162/162/162 163/163/163 17/17/17
f 163/163/163 162/162/162 164/164/164
f 164/164/164 165/165/165 163/163/163
f 161/161/161 166/166/166 167/167/167
f 167/167/167 162/162/162 161/161/161
f 162/162/162 167/167/167 168/168/168
f 168/168/168 164/164/164 162/162/162
f 18/18/18 169/169/169 170/170/170
f 170/170/170 171/171/171 18/18/18
f 171/171/171 170/170/170 172/172/172
f 172/172/172 173/173/173 171/171/171
f 169/169/169 174/174/174 175/175/175
f 175/175/175 170/170/170 169/169/169
f 170/170/170 175/175/175 176/176/176
f 176/176/176 172/172/172 170/170/170
f 19/19/19 177/177/177 178/178/178
f 178/178/178 179/179/179 19/19/19
f 179/179/179 178/178/178 180/180/180
f 180/180/180 181/181/181 179/179/179
f 177/177/177 182/182/182 183/183/183
f 183/183/183 178/178/178 177/177/177
f 178/178/178 183/183/183 184/184/184
f 184/184/184 180/180/180 178/178/178
f 24/24/24 185/185/185 186/186/186
f 186/186/186 187/187/187 24/24/24
f 187/187/187 186/186/186 188/188/188
f 188/188/188 189/189/189 187/187/187
f 185/185/185 190/190/190 191/191/191
f 191/191/191 186/186/186 185/185/185
f 186/186/186 191/191/191 192/192/192
f 192/192/192 188/188/188 186/186/186
f 21/21/21 193/193/193 194/194/194
f 194/194/194 195/195/195 21/21/21
f 195/195/195 194/194/194 196/196/196
f 196/196/196 197/197/197 195/195/195
f 193/193/193 198/198/198 199/199/199
f 199/199/199 194/194/194 193/193/193
f 194/194/194 199/199/199 200/200/200
f 200/200/200 196/196/196 194/194/194
f 22/22/22 201/201/201 202/202/202
f 202/202/202 203/203/203 22/22/22
f 203/203/203 202/202/202 204/204/204
f 204/204/204 205/205/205 203/203/203
f 201/201/201 206/206/206 207/207/207
f 207/207/207 202/202/202 201/201/201
f 202/202/202 207/207/207 208/208/208
f 208/208/208 204/204/204 202/202/202
f 23/23/23 209/209/209 210/210/210
f 210/210/210 211/211/211 23/23/23
f 211/211/211 210/210/210 212/212/212
f 212/212/212 213/213/213 211/211/211
f 209/209/209 214/214/214 215/215/215
f 215/215/215 210/210/210 209/209/209
f 210/210/210 215/215/215 216/216/216
f 216/216/216 212/212/212 210/210/210
f 1/1/1 4/4/4 27/27/27
f 27/27/27 33/33/33 1/1/1
f 33/33/33 27/27/27 29/29/29
f 29/29/29 38/38/38 33/33/33
f 2/2/2 1/1/1 35/35/35
f 35/35/35 41/41/41 2/2/2
f 41/41/41 35/35/35 37/37/37
f 37/37/37 46/46/46 41/41/41
f 3/3/3 2/2/2 43/43/43
f 43/43/43 49/49/49 3/3/3
f 49/49/49 43/43/43 45/45/45
f 45/45/45 54/54/54 49/49/49
f 4/4/4 3/3/3 51/51/51
f 51/51/51 25/25/25 4/4/4
f 25/25/25 51/51/51 53/53/53
f 53/53/53 30/30/30 25/25/25
f 5/5/5 8/8/8 59/59/59
f 59/59/59 65/65/65 5/5/5
f 65/65/65 59/59/59 61/61/61
f 61/61/61 70/70/70 65/65/65
f 6/6/6 5/5/5 67/67/67
f 67/67/67 73/73/73 6/6/6
f 73/73/73 67/67/67 69/69/69
f 69/69/69 78/78/78 73/73/73
f 7/7/7 6/6/6 75/75/75
f 75/75/75 81/81/81 7/7/7
f 81/81/81 75/75/75 77/77/77
f 77/77/77 86/86/86 81/81/81
f 8/8/8 7/7/7 83/83/83
f 83/83/83 57/57/57 8/8/8
f 57/57/57 83/83/83 85/85/85
f 85/85/85 62/62/62 57/57/57
f 9/9/9 12/12/12 91/91/91
f 91/91/91 97/97/97 9/9/9
f 97/97/97 91/91/91 93/93/93
f 93/93/93 102/102/102 97/97/97
f 10/10/10 9/9/9 99/99/99
f 99/99/99 105/105/105 10/10/10
f 105/105/105 99/99/99 101/101/101
f 101/101/101 110/110/110 105/105/105
f 11/11/11 10/10/10 107/107/107
f 107/107/107 113/113/113 11/11/11
f 113/113/113 107/107/107 109/109/109
f 109/109/109 118/118/118 113/113/113
f 12/12/12 11/11/11 115/115/115
f 115/115/115 89/89/89 12/12/12
f 89/89/89 115/115/115 117/117/117
f 117/117/117 94/94/94 89/89/89
f 13/13/13 16/16/16 123/123/123
f 123/123/123 129/129/129 13/13/13
f 129/129/129 123/123/123 125/125/125
f 125/125/125 134/134/134 129/129/129
f 14/14/14 13/13/13 131/131/131
f 131/131/131 137/137/137 14/14/14
f 137/137/137 131/131/131 133/133/133
f 133/133/133 142/142/142 137/137/137
f 15/15/15 14/14/14 139/139/139
f 139/139/139 145/145/145 15/15/15
f 145/145/145 139/139/139 141/141/141
f 141/141/141 150/150/150 145/145/145
f 16/16/16 15/15/15 147/147/147
f 147/147/147 121/121/121 16/16/16
f 121/121/121 147/147/147 149/149/149
f 149/149/149 126/126/126 121/121/121
f 17/17/17 20/20/20 155/155/155
f 155/155/155 161/161/161 17/17/17
f 161/161/161 155/155/155 157/157/157
f 157/157/157 166/166/166 161/161/161
f 18/18/18 17/17/17 163/163/163
f 163/163/163 169/169/169 18/18/18
f 169/169/169 163/163/163 165/165/165
f 165/165/165 174/174/174 169/169/169
f 19/19/19 18/18/18 171/171/171
f 171/171/171 177/177/177 19/19/19
f 177/177/177 171/171/171 173/173/173
f 173/173/173 182/182/182 177/177/177
f 20/20/20 19/19/19 179/179/179
f 179/179/179 153/153/153 20/20/20
f 153/153/153 179/179/179 181/181/181
f 181/181/181 158/158/158 153/153/153
f 21/21/21 24/24/24 187/187/187
f 187/187/187 193/193/193 21/21/21
f 193/193/193 187/187/187 189/189/189
f 189/189/189 198/198/198 193/193/193
f 22/22/22 21/21/21 195/195/195
f 195/195/195 201/201/201 22/22/22
f 201/201/201 195/195/195 197/197/197
f 197/197/197 206/206/206 201/201/201
f 23/23/23 22/22/22 203/203/203
f 203/203/203 209/209/209 23/23/23
f 209/209/209 203/203/203 205/205/205
f 205/205/205 214/214/214 209/209/209
f 24/24/24 23/23/23 211/211/211
f 211/211/211 185/185/185 24/24/24
f 185/185/185 211/211/211 213/213/213
f 213/213/213 190/190/190 185/185/185
f 217/217/217 218/218/218 219/219/219
f 219/219/219 220/220/220 217/217/217
f 221/221/221 222/222/222 223/223/223
f 223/223/223 224/224/224 221/221/221
f 225/225/225 226/226/226 227/227/227
f 227/227/227 228/228/228 225/225/225
f 229/229/229 230/230/230 231/231/231
f 231/231/231 232/232/232 229/229/229
f 233/233/233 234/234/234 235/235/235
f 235/235/235 236/236/236 233/233/233
f 237/237/237 238/238/238 239/239/239
f 239/239/239 240/240/240 237/237/237
f 220/220/220 241/241/241 242/242/242
f 242/242/242 243/243/243 220/220/220
f 243/243/243 242/242/242 244/244/244
f 244/244/244 245/245/245 243/243/243
f 241/241/241 246/246/246 247/247/247
f 247/247/247 242/242/242 241/241/241
f 242/242/242 247/247/247 248/248/248
f 248/248/248 244/244/244 242/242/242
f 217/217/217 249/249/249 250/250/250
f 250/250/250 251/251/251 217/217/217
f 251/251/251 250/250/250 252/252/252
f 252/252/252 253/253/253 251/251/251
f 249/249/249 254/254/254 255/255/255
f 255/255/255 250/250/250 249/249/249
f 250/250/250 255/255/255 256/256/256
f 256/256/256 252/252/252 250/250/250
f 218/218/218 257/257/257 258/258/258
f 258/258/258 259/259/259 218/218/218
f 259/259/259 258/258/258 260/260/260
f 260/260/260 261/261/261 259/259/259
f 257/257/257 262/262/262 263/263/263
f 263/263/263 258/258/258 257/257/257
f 258/258/258 263/263/263 264/264/264
f 264/264/264 260/260/260 258/258/258
f 219/219/219 265/265/265 266/266/266
f 266/266/266 267/267/267 219/219/219
f 267/267/267 266/266/266 268/268/268
f 268/268/268 269/269/269 267/267/267
f 265/265/265 270/270/270 271/271/271
f 271/271/271 266/266/266 265/265/265
f 266/266/266 271/271/271 272/272/272
f 272/272/272 268/268/268 266/266/266
f 224/224/224 273/273/273 274/274/274
f 274/274/274 275/275/275 224/224/224
f 275/275/275 274/274/274 276/276/276
f 276/276/276 277/277/277 275/275/275
f 273/273/273 278/278/278 279/279/279
f 279/279/279 274/274/274 273/273/273
f 274/274/274 279/279/279 280/280/280
f 280/280/280 276/276/276 274/274/274
f 221/221/221 281/281/281 282/282/282
f 282/282/282 283/283/283 221/221/221
f 283/283/283 282/282/282 284/284/284
f 284/284/284 285/285/285 283/283/283
f 281/281/281 286/286/286 287/287/287
f 287/287/287 282/282/282 281/281/281
f 282/282/282 287/287/287 288/288/288
f 288/288/288 284/284/284 282/282/282
f 222/222/222 289/289/289 290/290/290
f 290/290/290 291/291/291 222/222/222
f 291/291/291 290/290/290 292/292/292
f 292/292/292 293/293/293 291/291/291
f 289/289/289 294/294/294 295/295/295
f 295/295/295 290/290/290 289/289/289
f 290/290/290 295/295/295 296/296/296
f 296/296/296 292/292/292 290/290/290
f 223/223/223 297/297/297 298/298/298
f 298/298/298 299/299/299 223/223/223
f 299/299/299 298/298/298 300/300/300
f 300/300/300 301/301/301 299/299/299
f 297/297/297 302/302/302 303/303/303
f 303/303/303 298/298/298 297/297/297
f 298/298/298 303/303/303 304/304/304
f 304/304/304 300/300/300 298/298/298
f 228/228/228 305/305/305 306/306/306
f 306/306/306 307/307/307 228/228/228
f 307/307/307 306/306/306 308/308/308
f 308/308/308 309/309/309 307/307/307
f 305/305/305 310/310/310 311/311/311
f 311/311/311 306/306/306 305/305/305
f 306/306/306 311/311/311 312/312/312
f 312/312/312 308/308/308 306/306/306
f 225/225/225 313/313/313 314/314/314
f 314/314/314 315/315/315 225/225/225
f 315/315/315 314/314/314 316/316/316
f 316/316/316 317/317/317 315/315/315
f 313/313/313 318/318/318 319/319/319
f 319/319/319 314/314/314 313/313/313
f 314/314/314 319/319/319 320/320/320
f 320/320/320 316/316/316 314/314/314
f 226/226/226 321/321/321 322/322/322
f 322/322/322 323/323/323 226/226/226
f 323/323/323 322/322/322 324/324/324
f 324/324/324 325/325/325 323/323/323
f 321/321/321 326/326/326 327/327/327
f 327/327/327 322/322/322 321/321/321
f 322/322/322 327/327/327 328/328/328
f 328/328/328 324/324/324 322/322/322
f 227/227/227 329/329/329 330/330/330
f 330/330/330 331/331/331 227/227/227
f 331/331/331 330/330/330 332/332/332
f 332/332/332 333/333/333 331/331/331
f 329/329/329 334/334/334 335/335/335
f 335/335/335 330/330/330 329/329/329
f 330/330/330 335/335/335 336/336/336
f 336/336/336 332/332/332 330/330/330
f 232/232/232 337/337/337 338/338/338
f 338/338/338 339/339/339 232/232/232
f 339/339/339 338/338/338 340/340/340
f 340/340/340 341/341/341 339/339/339
f 337/337/337 342/342/342 343/343/343
f 343/343/343 338/338/338 337/337/337
f 338/338/338 343/343/343 344/344/344
f 344/344/344 340/340/340 338/338/338
f 229/229/229 345/345/345 346/346/346
f 346/346/346 347/347/347 229/229/229
f 347/347/347 346/346/346 348/348/348
f 348/348/348 349/349/349 347/347/347
f 345/345/345 350/350/350 351/351/351
f 351/351/351 346/346/346 345/345/345
f 346/346/346 351/351/351 352/352/352
f 352/352/352 348/348/348 346/346/346
f 230/230/230 353/353/353 354/354/354
f 354/354/354 355/355/355 230/230/230
f 355/355/355 354/354/354 356/356/356
f 356/356/356 357/357/357 355/355/355
f 353/353/353 358/358/358 359/359/359
f 359/359/359 354/354/354 353/353/353
f 354/354/354 359/359/359 360/360/360
f 360/360/360 356/356/356 354/354/354
f 231/231/231 361/361/361 362/362/362
f 362/362/362 363/363/363 231/231/231
f 363/363/363 362/362/362 364/364/364
f 364/364/364 365/365/365 363/363/363
f 361/361/361 366/366/366 367/367/367
f 367/367/367 362/362/362 361/361/361
f 362/362/362 367/367/367 368/368/368
f 368/368/368 364/364/364 362/362/362
f 236/236/236 369/369/369 370/370/370
f 370/370/370 371/371/371 236/236/236
f 371/371/371 370/370/370 372/372/372
f 372/372/372 373/373/373 371/371/371
f 369/369/369 374/374/374 375/375/375
f 375/375/375 370/370/370 369/369/369
f 370/370/370 375/375/375 376/376/376
f 376/376/376 372/372/372 370/370/370
f 233/233/233 377/377/377 378/378/378
f 378/378/378 379/379/379 233/233/233
f 379/379/379 378/378/378 380/380/380
f 380/380/380 381/381/381 379/379/379
f 377/377/377 382/382/382 383/383/383
f 383/383/383 378/378/378 377/377/377
f 378/378/378 383/383/383 384/384/384
f 384/384/384 380/380/380 378/378/378
f 234/234/234 385/385/385 386/386/386
f 386/386/386 387/387/387 234/234/234
f 387/387/387 386/386/386 388/388/388
f 388/388/388 389/389/389 387/387/387
f 385/385/385 390/390/390 391/391/391
f 391/391/391 386/386/386 385/385/385
f 386/386/386 391/391/391 392/392/392
f 392/392/392 388/388/388 386/386/386
f 235/235/235 393/393/393 394/394/394
f 394/394/394 395/395/395 235/235/235
f 395/395/395 394/394/394 396/396/396
f 396/396/396 397/397/397 395/395/395
f 393/393/393 398/398/398 399/399/399
f 399/399/399 394/394/394 393/393/393
f 394/394/394 399/399/399 400/400/400
f 400/400/400 396/396/396 394/394/394
f 240/240/240 401/401/401 402/402/402
f 402/402/402 403/403/403 240/240/240
f 403/403/403 402/402/402 404/404/404
f 404/404/404 405/405/405 403/403/403
f 401/401/401 406/406/406 407/407/407
f 407/407/407 402/402/402 401/401/401
f 402/402/402 407/407/407 408/408/408
f 408/408/408 404/404/404 402/402/402
f 237/237/237 409/409/409 410/410/410
f 410/410/410 411/411/411 237/237/237
f 411/411/411 410/410/410 412/412/412
f 412/412/412 413/413/413 411/411/411
f 409/409/409 414/414/414 415/415/415
f 415/415/415 410/410/410 409/409/409
f 410/410/410 415/415/415 416/416/416
f 416/416/416 412/412/412 410/410/410
f 238/238/238 417/417/417 418/418/418
f 418/418/418 419/419/419 238/238/238
f 419/419/419 418/418/418 420/420/420
f 420/420/420 421/421/421 419/419/419
f 417/417/417 422/422/422 423/423/423
f 423/423/423 418/418/418 417/417/417
f 418/418/418 423/423/423 424/424/424
f 424/424/424 420/420/420 418/418/418
f 239/239/239 425/425/425 426/426/426
f 426/426/426 427/427/427 239/239/239
f 427/427/427 426/426/426 428/428/428
f 428/428/428 429/429/429 427/427/427
f 425/425/425 430/430/430 431/431/431
f 431/431/431 426/426/426 425/425/425
f 426/426/426 431/431/431 432/432/432
f 432/432/432 428/428/428 426/426/426
f 217/217/217 220/220/220 243/243/243
f 243/243/243 249/249/249 217/217/217
f 249/249/249 243/243/243 245/245/245
f 245/245/245 254/254/254 249/249/249
f 218/218/218 217/217/217 251/251/251
f 251/251/251 257/257/257 218/218/218
f 257/257/257 251/251/251 253/253/253
f 253/253/253 262/262/262 257/257/257
f 219/219/219 218/218/218 259/259/259
f 259/259/259 265/265/265 219/219/219
f 265/265/265 259/259/259 261/261/261
f 261/261/261 270/270/270 265/265/265
f 220/220/220 219/219/219 267/267/267
f 267/267/267 241/241/241 220/220/220
f 241/241/241 267/267/267 269/269/269
f 269/269/269 246/246/246 241/241/241
f 221/221/221 224/224/224 275/275/275
f 275/275/275 281/281/281 221/221/221
f 281/281/281 275/275/275 277/277/277
f 277/277/277 286/286/286 281/281/281
f 222/222/222 221/221/221 283/283/283
f 283/283/283 289/289/289 222/222/222
f 289/289/289 283/283/283 285/285/285
f 285/285/285 294/294/294 289/289/289
f 223/223/223 222/222/222 291/291/291
f 291/291/291 297/297/297 223/223/223
f 297/297/297 291/291/291 293/293/293
f 293/293/293 302/302/302 297/297/297
f 224/224/224 223/223/223 299/299/299
f 299/299/299 273/273/273 224/224/224
f 273/273/273 299/299/299 301/301/301
f 301/301/301 278/278/278 273/273/273
f 225/225/225 228/228/228 307/307/307
f 307/307/307 313/313/313 225/225/225
f 313/313/313 307/307/307 309/309/309
f 309/309/309 318/318/318 313/313/313
f 226/226/226 225/225/225 315/315/315
f 315/315/315 321/321/321 226/226/226
f 321/321/321 315/315/315 317/317/317
f 317/317/317 326/326/326 321/321/321
f 227/227/227 226/226/226 323/323/323
f 323/323/323 329/329/329 227/227/227
f 329/329/329 323/323/323 325/325/325
f 325/325/325 334/334/334 329/329/329
f 228/228/228 227/227/227 331/331/331
f 331/331/331 305/305/305 228/228/228
f 305/305/305 331/331/331 333/333/333
f 333/333/333 310/310/310 305/305/305
f 229/229/229 232/232/232 339/339/339
f 339/339/339 345/345/345 229/229/229
f 345/345/345 339/339/339 341/341/341
f 341/341/341 350/350/350 345/345/345
f 230/230/230 229/229/229 347/347/347
f 347/347/347 353/353/353 230/230/230
f 353/353/353 347/347/347 349/349/349
f 349/349/349 358/358/358 353/353/353
f 231/231/231 230/230/230 355/355/355
f 355/355/355 361/361/361 231/231/231
f 361/361/361 355/355/355 357/357/357
f 357/357/357 366/366/366 361/361/361
f 232/232/232 231/231/231 363/363/363
f 363/363/363 337/337/337 232/232/232
f 337/337/337 363/363/363 365/365/365
f 365/365/365 342/342/342 337/337/337
f 233/233/233 236/236/236 371/371/371
f 371/371/371 377/377/377 233/233/233
f 377/377/377 371/371/371 373/373/373
f 373/373/373 382/382/382 377/377/377
f 234/234/234 233/233/233 379/379/379
f 379/379/379 385/385/385 234/234/234
f 385/385/385 379/379/379 381/381/381
f 381/381/381 390/390/390 385/385/385
f 235/235/235 234/234/234 387/387/387
f 387/387/387 393/393/393 235/235/235
f 393/393/393 387/387/387 389/389/389
f 389/389/389 398/398/398 393/393/393
f 236/236/236 235/235/235 395/395/395
f 395/395/395 369/369/369 236/236/236
f 369/369/369 395/395/395 397/397/397
f 397/397/397 374/374/374 369/369/369
f 237/237/237 240/240/240 403/403/403
f 403/403/403 409/409/409 237/237/237
f 409/409/409 403/403/403 405/405/405
f 405/405/405 414/414/414 409/409/409
f 238/238/238 237/237/237 411/411/411
f 411/411/411 417/417/417 238/238/238
f 417/417/417 411/411/411 413/413/413
f 413/413/413 422/422/422 417/417/417
f 239/239/239 238/238/238 419/419/419
f 419/419/419 425/425/425 239/239/239
f 425/425/425 419/419/419 421/421/421
f 421/421/421 430/430/430 425/425/425
f 240/240/240 239/239/239 427/427/427
f 427/427/427 401/401/401 240/240/240
f 401/401/401 427/427/427 429/429/429
f 429/429/429 406/406/406 401/401/401
f 433/433/433 434/434/434 435/435/435
f 435/435/435 436/436/436 433/433/433
f 437/437/437 438/438/438 439/439/439
f 439/439/439 440/440/440 437/437/437
f 441/441/441 442/442/442 443/443/443
f 443/443/443 444/444/444 441/441/441
f 445/445/445 446/446/446 447/447/447
f 447/447/447 448/448/448 445/445/445
f 449/449/449 450/450/450 451/451/451
f 451/451/451 452/452/452 449/449/449
f 453/453/453 454/454/454 455/455/455
f 455/455/455 456/456/456 453/453/453
f 436/436/436 457/457/457 458/458/458
f 458/458/458 459/459/459 436/436/436
f 459/459/459 458/458/458 460/460/460
f 460/460/460 461/461/461 459/459/459
f 457/457/457 462/462/462 463/463/463
f 463/463/463 458/458/458 457/457/457
f 458/458/458 463/463/463 464/464/464
f 464/464/464 460/460/460 458/458/458
f 433/433/433 465/465/465 466/466/466
f 466/466/466 467/467/467 433/433/433
f 467/467/467 466/466/466 468/468/468
f 468/468/468 469/469/469 467/467/467
f 465/465/465 470/470/470 471/471/471
f 471/471/471 466/466/466 465/465/465
f 466/466/466 471/471/471 472/472/472
f 472/472/472 468/468/468 466/466/466
f 434/434/434 473/473/473 474/474/474
f 474/474/474 475/475/475 434/434/434
f 475/475/475 474/474/474 476/476/476
f 476/476/476 477/477/477 475/475/475
f 473/473/473 478/478/478 479/479/479
f 479/479/479 474/474/474 473/473/473
f 474/474/474 479/479/479 480/480/480
f 480/480/480 476/476/476 474/474/474
f 435/435/435 481/481/481 482/482/482
f 482/482/482 483/483/483 435/435/435
f 483/483/483 482/482/482 484/484/484
f 484/484/484 485/485/485 483/483/483
f 481/481/481 486/486/486 487/487/487
f 487/487/487 482/482/482 481/481/481
f 482/482/482 487/487/487 488/488/488
f 488/488/488 484/484/484 482/482/482
f 440/440/440 489/489/489 490/490/490
f 490/490/490 491/491/491 440/440/440
f 491/491/491 490/490/490 492/492/492
f 492/492/492 493/493/493 491/491/491
f 489/489/489 494/494/494 495/495/495
f 495/495/495 490/490/490 489/489/489
f 490/490/490 495/495/495 496/496/496
f 496/496/496 492/492/492 490/490/490
f 437/437/437 497/497/497 498/498/498
f 498/498/498 499/499/499 437/437/437
f 499/499/499 498/498/498 500/500/500
f 500/500/500 501/501/501 499/499/499
f 497/497/497 502/502/502 503/503/503
f 503/503/503 498/498/498 497/497/497
f 498/498/498 503/503/503 504/504/504
f 504/504/504 500/500/500 498/498/498
f 438/438/438 505/505/505 506/506/506
f 506/506/506 507/507/507 438/438/438
f 507/507/507 506/506/506 508/508/508
f 508/508/508 509/509/509 507/507/507
f 505/505/505 510/510/510 511/511/511
f 511/511/511 506/506/506 505/505/505
f 506/506/506 511/511/511 512/512/512
f 512/512/512 508/508/508 506/506/506
f 439/439/439 513/513/513 514/514/514
f 514/514/514 515/515/515 439/439/439
f 515/515/515 514/514/514 516/516/516
f 516/516/516 517/517/517 515/515/515
f 513/513/513 518/518/518 519/519/519
f 519/519/519 514/514/514 513/513/513
f 514/514/514 519/519/519 520/520/520
f 520/520/520 516/516/516 514/514/514
f 444/444/444 521/521/521 522/522/522
f 522/522/522 523/523/523 444/444/444
f 523/523/523 522/522/522 524/524/524
f 524/524/524 525/525/525 523/523/523
f 521/521/521 526/526/526 527/527/527
f 527/527/527 522/522/522 521/521/521
f 522/522/522 527/527/527 528/528/528
f 528/528/528 524/524/524 522/522/522
f 441/441/441 529/529/529 530/530/530
f 530/530/530 531/531/531 441/441/441
f 531/531/531 530/530/530 532/532/532
f 532/532/532 533/533/533 531/531/531
f 529/529/529 534/534/534 535/535/535
f 535/535/535 530/530/530 529/529/529
f 530/530/530 535/535/535 536/536/536
f 536/536/536 532/532/532 530/530/530
f 442/442/442 537/537/537 538/538/538
f 538/538/538 539/539/539 442/442/442
f 539/539/539 538/538/538 540/540/540
f 540/540/540 541/541/541 539/539/539
f 537/537/537 542/542/542 543/543/543
f 543/543/543 538/538/538 537/537/537
f 538/538/538 543/543/543 544/544/544
f 544/544/544 540/540/540 538/538/538
f 443/443/443 545/545/545 546/546/546
f 546/546/546 547/547/547 443/443/443
f 547/547/547 546/546/546 548/548/548
f 548/548/548 549/549/549 547/547/547
f 545/545/545 550/550/550 551/551/551
f 551/551/551 546/546/546 545/545/545
f 546/546/546 551/551/551 552/552/552
f 552/552/552 548/548/548 546/546/546
f 448/448/448 553/553/553 554/554/554
f 554/554/554 555/555/555 448/448/448
f 555/555/555 554/554/554 556/556/556
f 556/556/556 557/557/557 555/555/555
f 553/553/553 558/558/558 559/559/559
f 559/559/559 554/554/554 553/553/553
f 554/554/554 559/559/559 560/560/560
f 560/560/560 556/556/556 554/554/554
f 445/445/445 561/561/561 562/562/562
f 562/562/562 563/563/563 445/445/445
f 563/563/563 562/562/562 564/564/564
f 564/564/564 565/565/565 563/563/563
f 561/561/561 566/566/566 567/567/567
f 567/567/567 562/562/562 561/561/561
f 562/562/562 567/567/567 568/568/568
f 568/568/568 564/564/564 562/562/562
f 446/446/446 569/569/569 570/570/570
f 570/570/570 571/571/571 446/446/446
f 571/571/571 570/570/570 572/572/572
f 572/572/572 573/573/573 571/571/571
f 569/569/569 574/574/574 575/575/575
f 575/575/575 570/570/570 569/569/569
f 570/570/570 575/575/575 576/576/576
f 576/576/576 572/572/572 570/570/570
f 447/447/447 577/577/577 578/578/578
f 578/578/578 579/579/579 447/447/447
f 579/579/579 578/578/578 580/580/580
f 580/580/580 581/581/581 579/579/579
f 577/577/577 582/582/582 583/583/583
f 583/583/583 578/578/578 577/577/577
f 578/578/578 583/583/583 584/584/584
f 584/584/584 580/580/580 578/578/578
f 452/452/452 585/585/585 586/586/586
f 586/586/586 587/587/587 452/452/452
f 587/587/587 586/586/586 588/588/588
f 588/588/588 589/589/589 587/587/587
f 585/585/585 590/590/590 591/591/591
f 591/591/591 586/586/586 585/585/585
f 586/586/586 591/591/591 592/592/592
f 592/592/592 588/588/588 586/586/586
f 449/449/449 593/593/593 594/594/594
f 594/594/594 595/595/595 449/449/449
f 595/595/595 594/594/594 596/596/596
f 596/596/596 597/597/597 595/595/595
f 593/593/593 598/598/598 599/599/599
f 599/599/599 594/594/594 593/593/593
f 594/594/594 599/599/599 600/600/600
f 600/600/600 596/596/596 594/594/594
f 450/450/450 601/601/601 602/602/602
f 602/602/602 603/603/603 450/450/450
f 603/603/603 602/602/602 604/604/604
f 604/604/604 605/605/605 603/603/603
f 601/601/601 606/606/606 607/607/607
f 607/607/607 602/602/602 601/601/601
f 602/602/602 607/607/607 608/608/608
f 608/608/608 604/604/604 602/602/602
f 451/451/451 609/609/609 610/610/610
f 610/610/610 611/611/611 451/451/451
f 611/611/611 610/610/610 612/612/612
f 612/612/612 613/613/613 611/611/611
f 609/609/609 614/614/614 615/615/615
f 615/615/615 610/610/610 609/609/609
f 610/610/610 615/615/615 616/616/616
f 616/616/616 612/612/612 610/610/610
f 456/456/456 617/617/617 618/618/618
f 618/618/618 619/619/619 456/456/456
f 619/619/619 618/618/618 620/620/620
f 620/620/620 621/621/621 619/619/619
f 617/617/617 622/622/622 623/623/623
f 623/623/623 618/618/618 617/617/617
f 618/618/618 623/623/623 624/624/624
f 624/624/624 620/620/620 618/618/618
f 453/453/453 625/625/625 626/626/626
f 626/626/626 627/627/627 453/453/453
f 627/627/627 626/626/626 628/628/628
f 628/628/628 629/629/629 627/627/627
f 625/625/625 630/630/630 631/631/631
f 631/631/631 626/626/626 625/625/625
f 626/626/626 631/631/631 632/632/632
f 632/632/632 628/628/628 626/626/626
f 454/454/454 633/633/633 634/634/634
f 634/634/634 635/635/635 454/454/454
f 635/635/635 634/634/634 636/636/636
f 636/636/636 637/637/637 635/635/635
f 633/633/633 638/638/638 639/639/639
f 639/639/639 634/634/634 633/633/633
f 634/634/634 639/639/639 640/640/640
f 640/640/640 636/636/636 634/634/634
f 455/455/455 641/641/641 642/642/642
f 642/642/642 643/643/643 455/455/455
f 643/643/643 642/642/642 644/644/644
f 644/644/644 645/645/645 643/643/643
f 641/641/641 646/646/646 647/647/647
f 647/647/647 642/642/642 641/641/641
f 642/642/642 647/647/647 648/648/648
f 648/648/648 644/644/644 642/642/642
f 433/433/433 436/436/436 459/459/459
f 459/459/459 465/465/465 433/433/433
f 465/465/465 459/459/459 461/461/461
f 461/461/461 470/470/470 465/465/465
f 434/434/434 433/433/433 467/467/467
f 467/467/467 473/473/473 434/434/434
f 473/473/473 467/467/467 469/469/469
f 469/469/469 478/478/478 473/473/473
f 435/435/435 434/434/434 475/475/475
f 475/475/475 481/481/481 435/435/435
f 481/481/481 475/475/475 477/477/477
f 477/477/477 486/486/486 481/481/481
f 436/436/436 435/435/435 483/483/483
f 483/483/483 457/457/457 436/436/436
f 457/457/457 483/483/483 485/485/485
f 485/485/485 462/462/462 457/457/457
f 437/437/437 440/440/440 491/491/491
f 491/491/491 497/497/497 437/437/437
f 497/497/497 491/491/491 493/493/493
f 493/493/493 502/502/502 497/497/497
f 438/438/438 437/437/437 499/499/499
f 499/499/499 505/505/505 438/438/438
f 505/505/505 499/499/499 501/501/501
f 501/501/501 510/510/510 505/505/505
f 439/439/439 438/438/438 507/507/507
f 507/507/507 513/513/513 439/439/439
f 513/513/513 507/507/507 509/509/509
f 509/509/509 518/518/518 513/513/513
f 440/440/440 439/439/439 515/515/515
f 515/515/515 489/489/489 440/440/440
f 489/489/489 515/515/515 517/517/517
f 517/517/517 494/494/494 489/489/489
f 441/441/441 444/444/444 523/523/523
f 523/523/523 529/529/529 441/441/441
f 529/529/529 523/523/523 525/525/525
f 525/525/525 534/534/534 529/529/529
f 442/442/442 441/441/441 531/531/531
f 531/531/531 537/537/537 442/442/442
f 537/537/537 531/531/531 533/533/533
f 533/533/533 542/542/542 537/537/537
f 443/443/443 442/442/442 539/539/539
f 539/539/539 545/545/545 443/443/443
f 545/545/545 539/539/539 541/541/541
f 541/541/541 550/550/550 545/545/545
f 444/444/444 443/443/443 547/547/547
f 547/547/547 521/521/521 444/444/444
f 521/521/521 547/547/547 549/549/549
f 549/549/549 526/526/526 521/521/521
f 445/445/445 448/448/448 555/555/555
f 555/555/555 561/561/561 445/445/445
f 561/561/561 555/555/555 557/557/557
f 557/557/557 566/566/566 561/561/561
f 446/446/446 445/445/445 563/563/563
f 563/563/563 569/569/569 446/446/446
f 569/569/569 563/563/563 565/565/565
f 565/565/565 574/574/574 569/569/569
f 447/447/447 446/446/446 571/571/571
f 571/571/571 577/577/577 447/447/447
f 577/577/577 571/571/571 573/573/573
f 573/573/573 582/582/582 577/577/577
f 448/448/448 447/447/447 579/579/579
f 579/579/579 553/553/553 448/448/448
f 553/553/553 579/579/579 581/581/581
f 581/581/581 558/558/558 553/553/553
f 449/449/449 452/452/452 587/587/587
f 587/587/587 593/593/593 449/449/449
f 593/593/593 587/587/587 589/589/589
f 589/589/589 598/598/598 593/593/593
f 450/450/450 449/449/449 595/595/595
f 595/595/595 601/601/601 450/450/450
f 601/601/601 595/595/595 597/597/597
f 597/597/597 606/606/606 601/601/601
f 451/451/451 450/450/450 603/603/603
f 603/603/603 609/609/609 451/451/451
f 609/609/609 603/603/603 605/605/605
f 605/605/605 614/614/614 609/609/609
f 452/452/452 451/451/451 611/611/611
f 611/611/611 585/585/585 452/452/452
f 585/585/585 611/611/611 613/613/613
f 613/613/613 590/590/590 585/585/585
f 453/453/453 456/456/456 619/619/619
f 619/619/619 625/625/625 453/453/453
f 625/625/625 619/619/619 621/621/621
f 621/621/621 630/630/630 625/625/625
f 454/454/454 453/453/453 627/627/627
f 627/627/627 633/633/633 454/454/454
f 633/633/633 627/627/627 629/629/629
f 629/629/629 638/638/638 633/633/633
f 455/455/455 454/454/454 635/635/635
f 635/635/635 641/641/641 455/455/455
f 641/641/641 635/635/635 637/637/637
f 637/637/637 646/646/646 641/641/641
f 456/456/456 455/455/455 643/643/643
f 643/643/643 617/617/617 456/456/456
f 617/617/617 643/643/643 645/645/645
f 645/645/645 622/622/622 617/617/617
f 649/649/649 650/650/650 651/651/651
f 651/651/651 652/652/652 649/649/649
f 653/653/653 654/654/654 655/655/655
f 655/655/655 656/656/656 653/653/653
f 657/657/657 658/658/658 659/659/659
f 659/659/659 660/660/660 657/657/657
f 661/661/661 662/662/662 663/663/663
f 663/663/663 664/664/664 661/661/661
f 665/665/665 666/666/666 667/667/667
f 667/667/667 668/668/668 665/665/665
f 669/669/669 670/670/670 671/671/671
f 671/671/671 672/672/672 669/669/669
f 652/652/652 673/673/673 674/674/674
f 674/674/674 675/675/675 652/652/652
f 675/675/675 674/674/674 676/676/676
f 676/676/676 677/677/677 675/675/675
f 673/673/673 678/678/678 679/679/679
f 679/679/679 674/674/674 673/673/673
f 674/674/674 679/679/679 680/680/680
f 680/680/680 676/676/676 674/674/674
f 681/681/681 682/682/682 683/683/683
f 683/683/683 684/684/684 681/681/681
f 684/684/684 683/683/683 685/685/685
f 685/685/685 686/686/686 684/684/684
f 682/682/682 687/687/687 688/688/688
f 688/688/688 683/683/683 682/682/682
f 683/683/683 688/688/688 689/689/689
f 689/689/689 685/685/685 683/683/683
f 690/690/690 691/691/691 692/692/692
f 692/692/692 693/693/693 690/690/690
f 693/693/693 692/692/692 694/694/694
f 694/694/694 695/695/695 693/693/693
f 691/691/691 696/696/696 697/697/697
f 697/697/697 692/692/692 691/691/691
f 692/692/692 697/697/697 698/698/698
f 698/698/698 694/694/694 692/692/692
f 651/651/651 699/699/699 700/700/700
f 700/700/700 701/701/701 651/651/651
f 701/701/701 700/700/700 702/702/702
f 702/702/702 703/703/703 701/701/701
f 699/699/699 704/704/704 705/705/705
f 705/705/705 700/700/700 699/699/699
f 700/700/700 705/705/705 706/706/706
f 706/706/706 702/702/702 700/700/700
f 656/656/656 707/707/707 708/708/708
f 708/708/708 709/709/709 656/656/656
f 709/709/709 708/708/708 710/710/710
f 710/710/710 711/711/711 709/709/709
f 707/707/707 712/712/712 713/713/713
f 713/713/713 708/708/708 707/707/707
f 708/708/708 713/713/713 714/714/714
f 714/714/714 710/710/710 708/708/708
f 653/653/653 715/715/715 716/716/716
f 716/716/716 717/717/717 653/653/653
f 717/717/717 716/716/716 718/718/718
f 718/718/718 719/719/719 717/717/717
f 715/715/715 720/720/720 721/721/721
f 721/721/721 716/716/716 715/715/715
f 716/716/716 721/721/721 722/722/722
f 722/722/722 718/718/718 716/716/716
f 723/723/723 724/724/724 725/725/725
f 725/725/725 726/726/726 723/723/723
f 726/726/726 725/725/725 727/727/727
f 727/727/727 728/728/728 726/726/726
f 724/724/724 729/729/729 730/730/730
f 730/730/730 725/725/725 724/724/724
f 725/725/725 730/730/730 731/731/731
f 731/731/731 727/727/727 725/725/725
f 732/732/732 733/733/733 734/734/734
f 734/734/734 735/735/735 732/732/732
f 735/735/735 734/734/734 736/736/736
f 736/736/736 737/737/737 735/735/735
f 733/733/733 738/738/738 739/739/739
f 739/739/739 734/734/734 733/733/733
f 734/734/734 739/739/739 740/740/740
f 740/740/740 736/736/736 734/734/734
f 660/660/660 741/741/741 742/742/742
f 742/742/742 743/743/743 660/660/660
f 743/743/743 742/742/742 744/744/744
f 744/744/744 745/745/745 743/743/743
f 741/741/741 746/746/746 747/747/747
f 747/747/747 742/742/742 741/741/741
f 742/742/742 747/747/747 748/748/748
f 748/748/748 744/744/744 742/742/742
f 657/657/657 749/749/749 750/750/750
f 750/750/750 751/751/751 657/657/657
f 751/751/751 750/750/750 752/752/752
f 752/752/752 753/753/753 751/751/751
f 749/749/749 754/754/754 755/755/755
f 755/755/755 750/750/750 749/749/749
f 750/750/750 755/755/755 756/756/756
f 756/756/756 752/752/752 750/750/750
f 757/757/757 758/758/758 759/759/759
f 759/759/759 760/760/760 757/757/757
f 760/760/760 759/759/759 761/761/761
f 761/761/761 762/762/762 760/760/760
f 758/758/758 763/763/763 764/764/764
f 764/764/764 759/759/759 758/758/758
f 759/759/759 764/764/764 765/765/765
f 765/765/765 761/761/761 759/759/759
f 766/766/766 767/767/767 768/768/768
f 768/768/768 769/769/769 766/766/766
f 769/769/769 768/768/768 770/770/770
f 770/770/770 771/771/771 769/769/769
f 767/767/767 772/772/772 773/773/773
f 773/773/773 768/768/768 767/767/767
f 768/768/768 773/773/773 774/774/774
f 774/774/774 770/770/770 768/768/768
f 664/664/664 775/775/775 776/776/776
f 776/776/776 777/777/777 664/664/664
f 777/777/777 776/776/776 778/778/778
f 778/778/778 779/779/779 777/777/777
f 775/775/775 780/780/780 781/781/781
f 781/781/781 776/776/776 775/775/775
f 776/776/776 781/781/781 782/782/782
f 782/782/782 778/778/778 776/776/776
f 783/783/783 784/784/784 785/785/785
f 785/785/785 786/786/786 783/783/783
f 786/786/786 785/785/785 787/787/787
f 787/787/787 788/788/788 786/786/786
f 784/784/784 789/789/789 790/790/790
f 790/790/790 785/785/785 784/784/784
f 785/785/785 790/790/790 791/791/791
f 791/791/791 787/787/787 785/785/785
f 792/792/792 793/793/793 794/794/794
f 794/794/794 795/795/795 792/792/792
f 795/795/795 794/794/794 796/796/796
f 796/796/796 797/797/797 795/795/795
f 793/793/793 798/798/798 799/799/799
f 799/799/799 794/794/794 793/793/793
f 794/794/794 799/799/799 800/800/800
f 800/800/800 796/796/796 794/794/794
f 801/801/801 802/802/802 803/803/803
f 803/803/803 804/804/804 801/801/801
f 804/804/804 803/803/803 805/805/805
f 805/805/805 806/806/806 804/804/804
f 802/802/802 807/807/807 808/808/808
f 808/808/808 803/803/803 802/802/802
f 803/803/803 808/808/808 809/809/809
f 809/809/809 805/805/805 803/803/803
f 668/668/668 810/810/810 811/811/811
f 811/811/811 812/812/812 668/668/668
f 812/812/812 811/811/811 813/813/813
f 813/813/813 814/814/814 812/812/812
f 810/810/810 815/815/815 816/816/816
f 816/816/816 811/811/811 810/810/810
f 811/811/811 816/816/816 817/817/817
f 817/817/817 813/813/813 811/811/811
f 665/665/665 818/818/818 819/819/819
f 819/819/819 820/820/820 665/665/665
f 820/820/820 819/819/819 821/821/821
f 821/821/821 822/822/822 820/820/820
f 818/818/818 823/823/823 824/824/824
f 824/824/824 819/819/819 818/818/818
f 819/819/819 824/824/824 825/825/825
f 825/825/825 821/821/821 819/819/819
f 826/826/826 827/827/827 828/828/828
f 828/828/828 829/829/829 826/826/826
f 829/829/829 828/828/828 830/830/830
f 830/830/830 831/831/831 829/829/829
f 827/827/827 832/832/832 833/833/833
f 833/833/833 828/828/828 827/827/827
f 828/828/828 833/833/833 834/834/834
f 834/834/834 830/830/830 828/828/828
f 835/835/835 836/836/836 837/837/837
f 837/837/837 838/838/838 835/835/835
f 838/838/838 837/837/837 839/839/839
f 839/839/839 840/840/840 838/838/838
f 836/836/836 841/841/841 842/842/842
f 842/842/842 837/837/837 836/836/836
f 837/837/837 842/842/842 843/843/843
f 843/843/843 839/839/839 837/837/837
f 672/672/672 844/844/844 845/845/845
f 845/845/845 846/846/846 672/672/672
f 846/846/846 845/845/845 847/847/847
f 847/847/847 848/848/848 846/846/846
f 844/844/844 849/849/849 850/850/850
f 850/850/850 845/845/845 844/844/844
f 845/845/845 850/850/850 851/851/851
f 851/851/851 847/847/847 845/845/845
f 852/852/852 853/853/853 854/854/854
f 854/854/854 855/855/855 852/852/852
f 855/855/855 854/854/854 856/856/856
f 856/856/856 857/857/857 855/855/855
f 853/853/853 858/858/858 859/859/859
f 859/859/859 854/854/854 853/853/853
f 854/854/854 859/859/859 860/860/860
f 860/860/860 856/856/856 854/854/854
f 861/861/861 862/862/862 863/863/863
f 863/863/863 864/864/864 861/861/861
f 864/864/864 863/863/863 865/865/865
f 865/865/865 866/866/866 864/864/864
f 862/862/862 867/867/867 868/868/868
f 868/868/868 863/863/863 862/862/862
f 863/863/863 868/868/868 869/869/869
f 869/869/869 865/865/865 863/863/863
f 870/870/870 871/871/871 872/872/872
f 872/872/872 873/873/873 870/870/870
f 873/873/873 872/872/872 874/874/874
f 874/874/874 875/875/875 873/873/873
f 871/871/871 876/876/876 877/877/877
f 877/877/877 872/872/872 871/871/871
f 872/872/872 877/877/877 878/878/878
f 878/878/878 874/874/874 872/872/872
f 879/879/879 880/880/880 682/682/682
f 682/682/682 681/681/681 879/879/879
f 880/880/880 881/881/881 687/687/687
f 687/687/687 682/682/682 880/880/880
f 690/690/690 681/681/681 684/684/684
f 684/684/684 691/691/691 690/690/690
f 691/691/691 684/684/684 686/686/686
f 686/686/686 696/696/696 691/691/691
f 650/650/650 882/882/882 699/699/699
f 699/699/699 651/651/651 650/650/650
f 882/882/882 883/883/883 704/704/704
f 704/704/704 699/699/699 882/882/882
f 652/652/652 651/651/651 701/701/701
f 701/701/701 673/673/673 652/652/652
f 673/673/673 701/701/701 703/703/703
f 703/703/703 678/678/678 673/673/673
f 653/653/653 656/656/656 709/709/709
f 709/709/709 715/715/715 653/653/653
f 715/715/715 709/709/709 711/711/711
f 711/711/711 720/720/720 715/715/715
f 884/884/884 885/885/885 724/724/724
f 724/724/724 723/723/723 884/884/884
f 885/885/885 886/886/886 729/729/729
f 729/729/729 724/724/724 885/885/885
f 732/732/732 723/723/723 726/726/726
f 726/726/726 733/733/733 732/732/732
f 733/733/733 726/726/726 728/728/728
f 728/728/728 738/738/738 733/733/733
f 655/655/655 887/887/887 707/707/707
f 707/707/707 656/656/656 655/655/655
f 887/887/887 888/888/888 712/712/712
f 712/712/712 707/707/707 887/887/887
f 657/657/657 660/660/660 743/743/743
f 743/743/743 749/749/749 657/657/657
f 749/749/749 743/743/743 745/745/745
f 745/745/745 754/754/754 749/749/749
f 889/889/889 890/890/890 758/758/758
f 758/758/758 757/757/757 889/889/889
f 890/890/890 891/891/891 763/763/763
f 763/763/763 758/758/758 890/890/890
f 766/766/766 757/757/757 760/760/760
f 760/760/760 767/767/767 766/766/766
f 767/767/767 760/760/760 762/762/762
f 762/762/762 772/772/772 767/767/767
f 659/659/659 892/892/892 741/741/741
f 741/741/741 660/660/660 659/659/659
f 892/892/892 893/893/893 746/746/746
f 746/746/746 741/741/741 892/892/892
f 894/894/894 895/895/895 784/784/784
f 784/784/784 783/783/783 894/894/894
f 895/895/895 896/896/896 789/789/789
f 789/789/789 784/784/784 895/895/895
f 897/897/897 898/898/898 793/793/793
f 793/793/793 792/792/792 897/897/897
f 898/898/898 899/899/899 798/798/798
f 798/798/798 793/793/793 898/898/898
f 900/900/900 901/901/901 802/802/802
f 802/802/802 801/801/801 900/900/900
f 901/901/901 902/902/902 807/807/807
f 807/807/807 802/802/802 901/901/901
f 663/663/663 903/903/903 775/775/775
f 775/775/775 664/664/664 663/663/663
f 903/903/903 904/904/904 780/780/780
f 780/780/780 775/775/775 903/903/903
f 665/665/665 668/668/668 812/812/812
f 812/812/812 818/818/818 665/665/665
f 818/818/818 812/812/812 814/814/814
f 814/814/814 823/823/823 818/818/818
f 905/905/905 906/906/906 827/827/827
f 827/827/827 826/826/826 905/905/905
f 906/906/906 907/907/907 832/832/832
f 832/832/832 827/827/827 906/906/906
f 835/835/835 826/826/826 829/829/829
f 829/829/829 836/836/836 835/835/835
f 836/836/836 829/829/829 831/831/831
f 831/831/831 841/841/841 836/836/836
f 667/667/667 908/908/908 810/810/810
f 810/810/810 668/668/668 667/667/667
f 908/908/908 909/909/909 815/815/815
f 815/815/815 810/810/810 908/908/908
f 910/910/910 911/911/911 853/853/853
f 853/853/853 852/852/852 910/910/910
f 911/911/911 912/912/912 858/858/858
f 858/858/858 853/853/853 911/911/911
f 913/913/913 914/914/914 862/862/862
f 862/862/862 861/861/861 913/913/913
f 914/914/914 915/915/915 867/867/867
f 867/867/867 862/862/862 914/914/914
f 916/916/916 917/917/917 871/871/871
f 871/871/871 870/870/870 916/916/916
f 917/917/917 918/918/918 876/876/876
f 876/876/876 871/871/871 917/917/917
f 671/671/671 919/919/919 844/844/844
f 844/844/844 672/672/672 671/671/671
f 919/919/919 920/920/920 849/849/849
f 849/849/849 844/844/844 919/919/919
f 757/757/757 766/766/766 921/921/921
f 921/921/921 889/889/889 757/757/757
f 792/792/792 922/922/922 923/923/923
f 923/923/923 897/897/897 792/792/792
f 826/826/826 835/835/835 924/924/924
f 924/924/924 905/905/905 826/826/826
f 861/861/861 925/925/925 926/926/926
f 926/926/926 913/913/913 861/861/861
f 658/658/658 927/927/927 890/890/890
f 890/890/890 889/889/889 658/658/658
f 927/927/927 928/928/928 891/891/891
f 891/891/891 890/890/890 927/927/927
f 766/766/766 769/769/769 929/929/929
f 929/929/929 921/921/921 766/766/766
f 769/769/769 771/771/771 930/930/930
f 930/930/930 929/929/929 769/769/769
f 931/931/931 932/932/932 898/898/898
f 898/898/898 897/897/897 931/931/931
f 932/932/932 933/933/933 899/899/899
f 899/899/899 898/898/898 932/932/932
f 801/801/801 804/804/804 934/934/934
f 934/934/934 935/935/935 801/801/801
f 804/804/804 806/806/806 936/936/936
f 936/936/936 934/934/934 804/804/804
f 666/666/666 937/937/937 906/906/906
f 906/906/906 905/905/905 666/666/666
f 937/937/937 938/938/938 907/907/907
f 907/907/907 906/906/906 937/937/937
f 835/835/835 838/838/838 939/939/939
f 939/939/939 924/924/924 835/835/835
f 838/838/838 840/840/840 940/940/940
f 940/940/940 939/939/939 838/838/838
f 941/941/941 942/942/942 914/914/914
f 914/914/914 913/913/913 941/941/941
f 942/942/942 943/943/943 915/915/915
f 915/915/915 914/914/914 942/942/942
f 870/870/870 873/873/873 944/944/944
f 944/944/944 945/945/945 870/870/870
f 873/873/873 875/875/875 946/946/946
f 946/946/946 944/944/944 873/873/873
f 681/681/681 690/690/690 947/947/947
f 947/947/947 879/879/879 681/681/681
f 723/723/723 732/732/732 948/948/948
f 948/948/948 884/884/884 723/723/723
f 783/783/783 931/931/931 949/949/949
f 949/949/949 894/894/894 783/783/783
f 910/910/910 950/950/950 670/670/670
f 670/670/670 669/669/669 910/910/910
f 649/649/649 951/951/951 880/880/880
f 880/880/880 879/879/879 649/649/649
f 951/951/951 952/952/952 881/881/881
f 881/881/881 880/880/880 951/951/951
f 690/690/690 693/693/693 953/953/953
f 953/953/953 947/947/947 690/690/690
f 693/693/693 695/695/695 954/954/954
f 954/954/954 953/953/953 693/693/693
f 654/654/654 955/955/955 885/885/885
f 885/885/885 884/884/884 654/654/654
f 955/955/955 956/956/956 886/886/886
f 886/886/886 885/885/885 955/955/955
f 732/732/732 735/735/735 957/957/957
f 957/957/957 948/948/948 732/732/732
f 735/735/735 737/737/737 958/958/958
f 958/958/958 957/957/957 735/735/735
f 661/661/661 959/959/959 895/895/895
f 895/895/895 894/894/894 661/661/661
f 959/959/959 960/960/960 896/896/896
f 896/896/896 895/895/895 959/959/959
f 792/792/792 795/795/795 961/961/961
f 961/961/961 922/922/922 792/792/792
f 795/795/795 797/797/797 962/962/962
f 962/962/962 961/961/961 795/795/795
f 672/672/672 846/846/846 963/963/963
f 963/963/963 669/669/669 672/672/672
f 846/846/846 848/848/848 964/964/964
f 964/964/964 963/963/963 846/846/846
f 925/925/925 965/965/965 917/917/917
f 917/917/917 916/916/916 925/925/925
f 965/965/965 966/966/966 918/918/918
f 918/918/918 917/917/917 965/965/965
f 900/900/900 967/967/967 923/923/923
f 923/923/923 922/922/922 900/900/900
f 870/870/870 945/945/945 968/968/968
f 968/968/968 916/916/916 870/870/870
f 889/889/889 921/921/921 659/659/659
f 659/659/659 658/658/658 889/889/889
f 923/923/923 967/967/967 662/662/662
f 662/662/662 949/949/949 923/923/923
f 905/905/905 924/924/924 667/667/667
f 667/667/667 666/666/666 905/905/905
f 968/968/968 945/945/945 671/671/671
f 671/671/671 670/670/670 968/968/968
f 921/921/921 929/929/929 892/892/892
f 892/892/892 659/659/659 921/921/921
f 929/929/929 930/930/930 893/893/893
f 893/893/893 892/892/892 929/929/929
f 935/935/935 934/934/934 903/903/903
f 903/903/903 663/663/663 935/935/935
f 934/934/934 936/936/936 904/904/904
f 904/904/904 903/903/903 934/934/934
f 924/924/924 939/939/939 908/908/908
f 908/908/908 667/667/667 924/924/924
f 939/939/939 940/940/940 909/909/909
f 909/909/909 908/908/908 939/939/939
f 945/945/945 944/944/944 919/919/919
f 919/919/919 671/671/671 945/945/945
f 944/944/944 946/946/946 920/920/920
f 920/920/920 919/919/919 944/944/944
f 657/657/657 751/751/751 927/927/927
f 927/927/927 658/658/658 657/657/657
f 751/751/751 753/753/753 928/928/928
f 928/928/928 927/927/927 751/751/751
f 783/783/783 786/786/786 932/932/932
f 932/932/932 931/931/931 783/783/783
f 786/786/786 788/788/788 933/933/933
f 933/933/933 932/932/932 786/786/786
f 665/665/665 820/820/820 937/937/937
f 937/937/937 666/666/666 665/665/665
f 820/820/820 822/822/822 938/938/938
f 938/938/938 937/937/937 820/820/820
f 852/852/852 855/855/855 942/942/942
f 942/942/942 941/941/941 852/852/852
f 855/855/855 857/857/857 943/943/943
f 943/943/943 942/942/942 855/855/855
f 897/897/897 923/923/923 949/949/949
f 949/949/949 931/931/931 897/897/897
f 913/913/913 926/926/926 950/950/950
f 950/950/950 941/941/941 913/913/913
f 879/879/879 947/947/947 650/650/650
f 650/650/650 649/649/649 879/879/879
f 884/884/884 948/948/948 655/655/655
f 655/655/655 654/654/654 884/884/884
f 894/894/894 949/949/949 662/662/662
f 662/662/662 661/661/661 894/894/894
f 947/947/947 953/953/953 882/882/882
f 882/882/882 650/650/650 947/947/947
f 953/953/953 954/954/954 883/883/883
f 883/883/883 882/882/882 953/953/953
f 948/948/948 957/957/957 887/887/887
f 887/887/887 655/655/655 948/948/948
f 957/957/957 958/958/958 888/888/888
f 888/888/888 887/887/887 957/957/957
f 922/922/922 961/961/961 901/901/901
f 901/901/901 900/900/900 922/922/922
f 961/961/961 962/962/962 902/902/902
f 902/902/902 901/901/901 961/961/961
f 669/669/669 963/963/963 911/911/911
f 911/911/911 910/910/910 669/669/669
f 963/963/963 964/964/964 912/912/912
f 912/912/912 911/911/911 963/963/963
f 916/916/916 968/968/968 926/926/926
f 926/926/926 925/925/925 916/916/916
f 852/852/852 941/941/941 950/950/950
f 950/950/950 910/910/910 852/852/852
f 652/652/652 675/675/675 951/951/951
f 951/951/951 649/649/649 652/652/652
f 675/675/675 677/677/677 952/952/952
f 952/952/952 951/951/951 675/675/675
f 653/653/653 717/717/717 955/955/955
f 955/955/955 654/654/654 653/653/653
f 717/717/717 719/719/719 956/956/956
f 956/956/956 955/955/955 717/717/717
f 664/664/664 777/777/777 959/959/959
f 959/959/959 661/661/661 664/664/664
f 777/777/777 779/779/779 960/960/960
f 960/960/960 959/959/959 777/777/777
f 861/861/861 864/864/864 965/965/965
f 965/965/965 925/925/925 861/861/861
f 864/864/864 866/866/866 966/966/966
f 966/966/966 965/965/965 864/864/864
f 801/801/801 935/935/935 967/967/967
f 967/967/967 900/900/900 801/801/801
f 935/935/935 663/663/663 662/662/662
f 662/662/662 967/967/967 935/935/935
f 968/968/968 670/670/670 950/950/950
f 950/950/950 926/926/926 968/968/968
f 969/969/969 970/970/970 971/971/971
f 971/971/971 972/972/972 969/969/969
f 973/973/973 974/974/974 975/975/975
f 975/975/975 976/976/976 973/973/973
f 977/977/977 978/978/978 979/979/979
f 979/979/979 980/980/980 977/977/977
f 981/981/981 982/982/982 983/983/983
f 983/983/983 984/984/984 981/981/981
f 985/985/985 986/986/986 987/987/987
f 987/987/987 988/988/988 985/985/985
f 989/989/989 990/990/990 991/991/991
f 991/991/991 992/992/992 989/989/989
f 972/972/972 993/993/993 994/994/994
f 994/994/994 995/995/995 972/972/972
f 995/995/995 994/994/994 996/996/996
f 996/996/996 997/997/997 995/995/995
f 993/993/993 998/998/998 999/999/999
f 999/999/999 994/994/994 993/993/993
f 994/994/994 999/999/999 1000/1000/1000
f 1000/1000/1000 996/996/996 994/994/994
f 969/969/969 1001/1001/1001 1002/1002/1002
f 1002/1002/1002 1003/1003/1003 969/969/969
f 1003/1003/1003 1002/1002/1002 1004/1004/1004
f 1004/1004/1004 1005/1005/1005 1003/1003/1003
f 1001/1001/1001 1006/1006/1006 1007/1007/1007
f 1007/1007/1007 1002/1002/1002 1001/1001/1001
f 1002/1002/1002 1007/1007/1007 1008/1008/1008
f 1008/1008/1008 1004/1004/1004 1002/1002/1002
f 970/970/970 1009/1009/1009 1010/1010/1010
f 1010/1010/1010 1011/1011/1011 970/970/970
f 1011/1011/1011 1010/1010/1010 1012/1012/1012
f 1012/1012/1012 1013/1013/1013 1011/1011/1011
f 1009/1009/1009 1014/1014/1014 1015/1015/1015
f 1015/1015/1015 1010/1010/1010 1009/1009/1009
f 1010/1010/1010 1015/1015/1015 1016/1016/1016
f 1016/1016/1016 1012/1012/1012 1010/1010/1010
f 971/971/971 1017/1017/1017 1018/1018/1018
f 1018/1018/1018 1019/1019/1019 971/971/971
f 1019/1019/1019 1018/1018/1018 1020/1020/1020
f 1020/1020/1020 1021/1021/1021 1019/1019/1019
f 1017/1017/1017 1022/1022/1022 1023/1023/1023
f 1023/1023/1023 1018/1018/1018 1017/1017/1017
f 1018/1018/1018 1023/1023/1023 1024/1024/1024
f 1024/1024/1024 1020/1020/1020 1018/1018/1018
f 976/976/976 1025/1025/1025 1026/1026/1026
f 1026/1026/1026 1027/1027/1027 976/976/976
f 1027/1027/1027 1026/1026/1026 1028/1028/1028
f 1028/1028/1028 1029/1029/1029 1027/1027/1027
f 1025/1025/1025 1030/1030/1030 1031/1031/1031
f 1031/1031/1031 1026/1026/1026 1025/1025/1025
f 1026/1026/1026 1031/1031/1031 1032/1032/1032
f 1032/1032/1032 1028/1028/1028 1026/1026/1026
f 973/973/973 1033/1033/1033 1034/1034/1034
f 1034/1034/1034 1035/1035/1035 973/973/973
f 1035/1035/1035 1034/1034/1034 1036/1036/1036
f 1036/1036/1036 1037/1037/1037 1035/1035/1035
f 1033/1033/1033 1038/1038/1038 1039/1039/1039
f 1039/1039/1039 1034/1034/1034 1033/1033/1033
f 1034/1034/1034 1039/1039/1039 1040/1040/1040
f 1040/1040/1040 1036/1036/1036 1034/1034/1034
f 974/974/974 1041/1041/1041 1042/1042/1042
f 1042/1042/1042 1043/1043/1043 974/974/974
f 1043/1043/1043 1042/1042/1042 1044/1044/1044
f 1044/1044/1044 1045/1045/1045 1043/1043/1043
f 1041/1041/1041 1046/1046/1046 1047/1047/1047
f 1047/1047/1047 1042/1042/1042 1041/1041/1041
f 1042/1042/1042 1047/1047/1047 1048/1048/1048
f 1048/1048/1048 1044/1044/1044 1042/1042/1042
f 975/975/975 1049/1049/1049 1050/1050/1050
f 1050/1050/1050 1051/1051/1051 975/975/975
f 1051/1051/1051 1050/1050/1050 1052/1052/1052
f 1052/1052/1052 1053/1053/1053 1051/1051/1051
f 1049/1049/1049 1054/1054/1054 1055/1055/1055
f 1055/1055/1055 1050/1050/1050 1049/1049/1049
f 1050/1050/1050 1055/1055/1055 1056/1056/1056
f 1056/1056/1056 1052/1052/1052 1050/1050/1050
f 1057/1057/1057 1058/1058/1058 1059/1059/1059
f 1059/1059/1059 1060/1060/1060 1057/1057/1057
f 1060/1060/1060 1059/1059/1059 1061/1061/1061
f 1061/1061/1061 1062/1062/1062 1060/1060/1060
f 1058/1058/1058 1063/1063/1063 1064/1064/1064
f 1064/1064/1064 1059/1059/1059 1058/1058/1058
f 1059/1059/1059 1064/1064/1064 1065/1065/1065
f 1065/1065/1065 1061/1061/1061 1059/1059/1059
f 1066/1066/1066 1067/1067/1067 1068/1068/1068
f 1068/1068/1068 1069/1069/1069 1066/1066/1066
f 1069/1069/1069 1068/1068/1068 1070/1070/1070
f 1070/1070/1070 1071/1071/1071 1069/1069/1069
f 1067/1067/1067 1072/1072/1072 1073/1073/1073
f 1073/1073/1073 1068/1068/1068 1067/1067/1067
f 1068/1068/1068 1073/1073/1073 1074/1074/1074
f 1074/1074/1074 1070/1070/1070 1068/1068/1068
f 1075/1075/1075 1076/1076/1076 1077/1077/1077
f 1077/1077/1077 1078/1078/1078 1075/1075/1075
f 1078/1078/1078 1077/1077/1077 1079/1079/1079
f 1079/1079/1079 1080/1080/1080 1078/1078/1078
f 1076/1076/1076 1081/1081/1081 1082/1082/1082
f 1082/1082/1082 1077/1077/1077 1076/1076/1076
f 1077/1077/1077 1082/1082/1082 1083/1083/1083
f 1083/1083/1083 1079/1079/1079 1077/1077/1077
f 1084/1084/1084 1085/1085/1085 1086/1086/1086
f 1086/1086/1086 1087/1087/1087 1084/1084/1084
f 1087/1087/1087 1086/1086/1086 1088/1088/1088
f 1088/1088/1088 1089/1089/1089 1087/1087/1087
f 1085/1085/1085 1090/1090/1090 1091/1091/1091
f 1091/1091/1091 1086/1086/1086 1085/1085/1085
f 1086/1086/1086 1091/1091/1091 1092/1092/1092
f 1092/1092/1092 1088/1088/1088 1086/1086/1086
f 1093/1093/1093 1094/1094/1094 1095/1095/1095
f 1095/1095/1095 1096/1096/1096 1093/1093/1093
f 1096/1096/1096 1095/1095/1095 1097/1097/1097
f 1097/1097/1097 1098/1098/1098 1096/1096/1096
f 1094/1094/1094 1099/1099/1099 1100/1100/1100
f 1100/1100/1100 1095/1095/1095 1094/1094/1094
f 1095/1095/1095 1100/1100/1100 1101/1101/1101
f 1101/1101/1101 1097/1097/1097 1095/1095/1095
f 1102/1102/1102 1103/1103/1103 1104/1104/1104
f 1104/1104/1104 1105/1105/1105 1102/1102/1102
f 1105/1105/1105 1104/1104/1104 1106/1106/1106
f 1106/1106/1106 1107/1107/1107 1105/1105/1105
f 1103/1103/1103 1108/1108/1108 1109/1109/1109
f 1109/1109/1109 1104/1104/1104 1103/1103/1103
f 1104/1104/1104 1109/1109/1109 1110/1110/1110
f 1110/1110/1110 1106/1106/1106 1104/1104/1104
f 1111/1111/1111 1112/1112/1112 1113/1113/1113
f 1113/1113/1113 1114/1114/1114 1111/1111/1111
f 1114/1114/1114 1113/1113/1113 1115/1115/1115
f 1115/1115/1115 1116/1116/1116 1114/1114/1114
f 1112/1112/1112 1117/1117/1117 1118/1118/1118
f 1118/1118/1118 1113/1113/1113 1112/1112/1112
f 1113/1113/1113 1118/1118/1118 1119/1119/1119
f 1119/1119/1119 1115/1115/1115 1113/1113/1113
f 1120/1120/1120 1121/1121/1121 1122/1122/1122
f 1122/1122/1122 1123/1123/1123 1120/1120/1120
f 1123/1123/1123 1122/1122/1122 1124/1124/1124
f 1124/1124/1124 1125/1125/1125 1123/1123/1123
f 1121/1121/1121 1126/1126/1126 1127/1127/1127
f 1127/1127/1127 1122/1122/1122 1121/1121/1121
f 1122/1122/1122 1127/1127/1127 1128/1128/1128
f 1128/1128/1128 1124/1124/1124 1122/1122/1122
f 1129/1129/1129 1130/1130/1130 1131/1131/1131
f 1131/1131/1131 1132/1132/1132 1129/1129/1129
f 1132/1132/1132 1131/1131/1131 1133/1133/1133
f 1133/1133/1133 1134/1134/1134 1132/1132/1132
f 1130/1130/1130 1135/1135/1135 1136/1136/1136
f 1136/1136/1136 1131/1131/1131 1130/1130/1130
f 1131/1131/1131 1136/1136/1136 1137/1137/1137
f 1137/1137/1137 1133/1133/1133 1131/1131/1131
f 1138/1138/1138 1139/1139/1139 1140/1140/1140
f 1140/1140/1140 1141/1141/1141 1138/1138/1138
f 1141/1141/1141 1140/1140/1140 1142/1142/1142
f 1142/1142/1142 1143/1143/1143 1141/1141/1141
f 1139/1139/1139 1144/1144/1144 1145/1145/1145
f 1145/1145/1145 1140/1140/1140 1139/1139/1139
f 1140/1140/1140 1145/1145/1145 1146/1146/1146
f 1146/1146/1146 1142/1142/1142 1140/1140/1140
f 1147/1147/1147 1148/1148/1148 1149/1149/1149
f 1149/1149/1149 1150/1150/1150 1147/1147/1147
f 1150/1150/1150 1149/1149/1149 1151/1151/1151
f 1151/1151/1151 1152/1152/1152 1150/1150/1150
f 1148/1148/1148 1153/1153/1153 1154/1154/1154
f 1154/1154/1154 1149/1149/1149 1148/1148/1148
f 1149/1149/1149 1154/1154/1154 1155/1155/1155
f 1155/1155/1155 1151/1151/1151 1149/1149/1149
f 1156/1156/1156 1157/1157/1157 1158/1158/1158
f 1158/1158/1158 1159/1159/1159 1156/1156/1156
f 1159/1159/1159 1158/1158/1158 1160/1160/1160
f 1160/1160/1160 1161/1161/1161 1159/1159/1159
f 1157/1157/1157 1162/1162/1162 1163/1163/1163
f 1163/1163/1163 1158/1158/1158 1157/1157/1157
f 1158/1158/1158 1163/1163/1163 1164/1164/1164
f 1164/1164/1164 1160/1160/1160 1158/1158/1158
f 1165/1165/1165 1166/1166/1166 1167/1167/1167
f 1167/1167/1167 1168/1168/1168 1165/1165/1165
f 1168/1168/1168 1167/1167/1167 1169/1169/1169
f 1169/1169/1169 1170/1170/1170 1168/1168/1168
f 1166/1166/1166 1171/1171/1171 1172/1172/1172
f 1172/1172/1172 1167/1167/1167 1166/1166/1166
f 1167/1167/1167 1172/1172/1172 1173/1173/1173
f 1173/1173/1173 1169/1169/1169 1167/1167/1167
f 1174/1174/1174 1175/1175/1175 1176/1176/1176
f 1176/1176/1176 1177/1177/1177 1174/1174/1174
f 1177/1177/1177 1176/1176/1176 1178/1178/1178
f 1178/1178/1178 1179/1179/1179 1177/1177/1177
f 1175/1175/1175 1180/1180/1180 1181/1181/1181
f 1181/1181/1181 1176/1176/1176 1175/1175/1175
f 1176/1176/1176 1181/1181/1181 1182/1182/1182
f 1182/1182/1182 1178/1178/1178 1176/1176/1176
f 1183/1183/1183 1184/1184/1184 1185/1185/1185
f 1185/1185/1185 1186/1186/1186 1183/1183/1183
f 1186/1186/1186 1185/1185/1185 1187/1187/1187
f 1187/1187/1187 1188/1188/1188 1186/1186/1186
f 1184/1184/1184 1189/1189/1189 1190/1190/1190
f 1190/1190/1190 1185/1185/1185 1184/1184/1184
f 1185/1185/1185 1190/1190/1190 1191/1191/1191
f 1191/1191/1191 1187/1187/1187 1185/1185/1185
f 1192/1192/1192 1193/1193/1193 1194/1194/1194
f 1194/1194/1194 1195/1195/1195 1192/1192/1192
f 1195/1195/1195 1194/1194/1194 1196/1196/1196
f 1196/1196/1196 1197/1197/1197 1195/1195/1195
f 1193/1193/1193 1198/1198/1198 1199/1199/1199
f 1199/1199/1199 1194/1194/1194 1193/1193/1193
f 1194/1194/1194 1199/1199/1199 1200/1200/1200
f 1200/1200/1200 1196/1196/1196 1194/1194/1194
f 969/969/969 972/972/972 995/995/995
f 995/995/995 1001/1001/1001 969/969/969
f 1001/1001/1001 995/995/995 997/997/997
f 997/997/997 1006/1006/1006 1001/1001/1001
f 970/970/970 969/969/969 1003/1003/1003
f 1003/1003/1003 1009/1009/1009 970/970/970
f 1009/1009/1009 1003/1003/1003 1005/1005/1005
f 1005/1005/1005 1014/1014/1014 1009/1009/1009
f 971/971/971 970/970/970 1011/1011/1011
f 1011/1011/1011 1017/1017/1017 971/971/971
f 1017/1017/1017 1011/1011/1011 1013/1013/1013
f 1013/1013/1013 1022/1022/1022 1017/1017/1017
f 972/972/972 971/971/971 1019/1019/1019
f 1019/1019/1019 993/993/993 972/972/972
f 993/993/993 1019/1019/1019 1021/1021/1021
f 1021/1021/1021 998/998/998 993/993/993
f 973/973/973 976/976/976 1027/1027/1027
f 1027/1027/1027 1033/1033/1033 973/973/973
f 1033/1033/1033 1027/1027/1027 1029/1029/1029
f 1029/1029/1029 1038/1038/1038 1033/1033/1033
f 974/974/974 973/973/973 1035/1035/1035
f 1035/1035/1035 1041/1041/1041 974/974/974
f 1041/1041/1041 1035/1035/1035 1037/1037/1037
f 1037/1037/1037 1046/1046/1046 1041/1041/1041
f 975/975/975 974/974/974 1043/1043/1043
f 1043/1043/1043 1049/1049/1049 975/975/975
f 1049/1049/1049 1043/1043/1043 1045/1045/1045
f 1045/1045/1045 1054/1054/1054 1049/1049/1049
f 976/976/976 975/975/975 1051/1051/1051
f 1051/1051/1051 1025/1025/1025 976/976/976
f 1025/1025/1025 1051/1051/1051 1053/1053/1053
f 1053/1053/1053 1030/1030/1030 1025/1025/1025
f 1066/1066/1066 1057/1057/1057 1060/1060/1060
f 1060/1060/1060 1067/1067/1067 1066/1066/1066
f 1067/1067/1067 1060/1060/1060 1062/1062/1062
f 1062/1062/1062 1072/1072/1072 1067/1067/1067
f 980/980/980 1201/1201/1201 1202/1202/1202
f 1202/1202/1202 977/977/977 980/980/980
f 1201/1201/1201 1203/1203/1203 1204/1204/1204
f 1204/1204/1204 1202/1202/1202 1201/1201/1201
f 1084/1084/1084 1075/1075/1075 1078/1078/1078
f 1078/1078/1078 1085/1085/1085 1084/1084/1084
f 1085/1085/1085 1078/1078/1078 1080/1080/1080
f 1080/1080/1080 1090/1090/1090 1085/1085/1085
f 978/978/978 1205/1205/1205 1206/1206/1206
f 1206/1206/1206 979/979/979 978/978/978
f 1205/1205/1205 1207/1207/1207 1208/1208/1208
f 1208/1208/1208 1206/1206/1206 1205/1205/1205
f 1102/1102/1102 1093/1093/1093 1096/1096/1096
f 1096/1096/1096 1103/1103/1103 1102/1102/1102
f 1103/1103/1103 1096/1096/1096 1098/1098/1098
f 1098/1098/1098 1108/1108/1108 1103/1103/1103
f 984/984/984 1209/1209/1209 1210/1210/1210
f 1210/1210/1210 981/981/981 984/984/984
f 1209/1209/1209 1211/1211/1211 1212/1212/1212
f 1212/1212/1212 1210/1210/1210 1209/1209/1209
f 1120/1120/1120 1111/1111/1111 1114/1114/1114
f 1114/1114/1114 1121/1121/1121 1120/1120/1120
f 1121/1121/1121 1114/1114/1114 1116/1116/1116
f 1116/1116/1116 1126/1126/1126 1121/1121/1121
f 982/982/982 1213/1213/1213 1214/1214/1214
f 1214/1214/1214 983/983/983 982/982/982
f 1213/1213/1213 1215/1215/1215 1216/1216/1216
f 1216/1216/1216 1214/1214/1214 1213/1213/1213
f 1138/1138/1138 1129/1129/1129 1132/1132/1132
f 1132/1132/1132 1139/1139/1139 1138/1138/1138
f 1139/1139/1139 1132/1132/1132 1134/1134/1134
f 1134/1134/1134 1144/1144/1144 1139/1139/1139
f 988/988/988 1217/1217/1217 1218/1218/1218
f 1218/1218/1218 985/985/985 988/988/988
f 1217/1217/1217 1219/1219/1219 1220/1220/1220
f 1220/1220/1220 1218/1218/1218 1217/1217/1217
f 1156/1156/1156 1147/1147/1147 1150/1150/1150
f 1150/1150/1150 1157/1157/1157 1156/1156/1156
f 1157/1157/1157 1150/1150/1150 1152/1152/1152
f 1152/1152/1152 1162/1162/1162 1157/1157/1157
f 986/986/986 1221/1221/1221 1222/1222/1222
f 1222/1222/1222 987/987/987 986/986/986
f 1221/1221/1221 1223/1223/1223 1224/1224/1224
f 1224/1224/1224 1222/1222/1222 1221/1221/1221
f 1174/1174/1174 1165/1165/1165 1168/1168/1168
f 1168/1168/1168 1175/1175/1175 1174/1174/1174
f 1175/1175/1175 1168/1168/1168 1170/1170/1170
f 1170/1170/1170 1180/1180/1180 1175/1175/1175
f 992/992/992 1225/1225/1225 1226/1226/1226
f 1226/1226/1226 989/989/989 992/992/992
f 1225/1225/1225 1227/1227/1227 1228/1228/1228
f 1228/1228/1228 1226/1226/1226 1225/1225/1225
f 1192/1192/1192 1183/1183/1183 1186/1186/1186
f 1186/1186/1186 1193/1193/1193 1192/1192/1192
f 1193/1193/1193 1186/1186/1186 1188/1188/1188
f 1188/1188/1188 1198/1198/1198 1193/1193/1193
f 990/990/990 1229/1229/1229 1230/1230/1230
f 1230/1230/1230 991/991/991 990/990/990
f 1229/1229/1229 1231/1231/1231 1232/1232/1232
f 1232/1232/1232 1230/1230/1230 1229/1229/1229
f 1075/1075/1075 1084/1084/1084 978/978/978
f 978/978/978 977/977/977 1075/1075/1075
f 1057/1057/1057 1066/1066/1066 980/980/980
f 980/980/980 979/979/979 1057/1057/1057
f 1111/1111/1111 1120/1120/1120 982/982/982
f 982/982/982 981/981/981 1111/1111/1111
f 1093/1093/1093 1102/1102/1102 984/984/984
f 984/984/984 983/983/983 1093/1093/1093
f 1147/1147/1147 1156/1156/1156 986/986/986
f 986/986/986 985/985/985 1147/1147/1147
f 1129/1129/1129 1138/1138/1138 988/988/988
f 988/988/988 987/987/987 1129/1129/1129
f 1183/1183/1183 1192/1192/1192 990/990/990
f 990/990/990 989/989/989 1183/1183/1183
f 1165/1165/1165 1174/1174/1174 992/992/992
f 992/992/992 991/991/991 1165/1165/1165
f 1066/1066/1066 1069/1069/1069 1201/1201/1201
f 1201/1201/1201 980/980/980 1066/1066/1066
f 1076/1076/1076 1075/1075/1075 977/977/977
f 977/977/977 1202/1202/1202 1076/1076/1076
f 1069/1069/1069 1071/1071/1071 1203/1203/1203
f 1203/1203/1203 1201/1201/1201 1069/1069/1069
f 1081/1081/1081 1076/1076/1076 1202/1202/1202
f 1202/1202/1202 1204/1204/1204 1081/1081/1081
f 1084/1084/1084 1087/1087/1087 1205/1205/1205
f 1205/1205/1205 978/978/978 1084/1084/1084
f 1058/1058/1058 1057/1057/1057 979/979/979
f 979/979/979 1206/1206/1206 1058/1058/1058
f 1087/1087/1087 1089/1089/1089 1207/1207/1207
f 1207/1207/1207 1205/1205/1205 1087/1087/1087
f 1063/1063/1063 1058/1058/1058 1206/1206/1206
f 1206/1206/1206 1208/1208/1208 1063/1063/1063
f 1102/1102/1102 1105/1105/1105 1209/1209/1209
f 1209/1209/1209 984/984/984 1102/1102/1102
f 1112/1112/1112 1111/1111/1111 981/981/981
f 981/981/981 1210/1210/1210 1112/1112/1112
f 1105/1105/1105 1107/1107/1107 1211/1211/1211
f 1211/1211/1211 1209/1209/1209 1105/1105/1105
f 1117/1117/1117 1112/1112/1112 1210/1210/1210
f 1210/1210/1210 1212/1212/1212 1117/1117/1117
f 1120/1120/1120 1123/1123/1123 1213/1213/1213
f 1213/1213/1213 982/982/982 1120/1120/1120
f 1094/1094/1094 1093/1093/1093 983/983/983
f 983/983/983 1214/1214/1214 1094/1094/1094
f 1123/1123/1123 1125/1125/1125 1215/1215/1215
f 1215/1215/1215 1213/1213/1213 1123/1123/1123
f 1099/1099/1099 1094/1094/1094 1214/1214/1214
f 1214/1214/1214 1216/1216/1216 1099/1099/1099
f 1138/1138/1138 1141/1141/1141 1217/1217/1217
f 1217/1217/1217 988/988/988 1138/1138/1138
f 1148/1148/1148 1147/1147/1147 985/985/985
f 985/985/985 1218/1218/1218 1148/1148/1148
f 1141/1141/1141 1143/1143/1143 1219/1219/1219
f 1219/1219/1219 1217/1217/1217 1141/1141/1141
f 1153/1153/1153 1148/1148/1148 1218/1218/1218
f 1218/1218/1218 1220/1220/1220 1153/1153/1153
f 1156/1156/1156 1159/1159/1159 1221/1221/1221
f 1221/1221/1221 986/986/986 1156/1156/1156
f 1130/1130/1130 1129/1129/1129 987/987/987
f 987/987/987 1222/1222/1222 1130/1130/1130
f 1159/1159/1159 1161/1161/1161 1223/1223/1223
f 1223/1223/1223 1221/1221/1221 1159/1159/1159
f 1135/1135/1135 1130/1130/1130 1222/1222/1222
f 1222/1222/1222 1224/1224/1224 1135/1135/1135
f 1174/1174/1174 1177/1177/1177 1225/1225/1225
f 1225/1225/1225 992/992/992 1174/1174/1174
f 1184/1184/1184 1183/1183/1183 989/989/989
f 989/989/989 1226/1226/1226 1184/1184/1184
f 1177/1177/1177 1179/1179/1179 1227/1227/1227
f 1227/1227/1227 1225/1225/1225 1177/1177/1177
f 1189/1189/1189 1184/1184/1184 1226/1226/1226
f 1226/1226/1226 1228/1228/1228 1189/1189/1189
f 1192/1192/1192 1195/1195/1195 1229/1229/1229
f 1229/1229/1229 990/990/990 1192/1192/1192
f 1166/1166/1166 1165/1165/1165 991/991/991
f 991/991/991 1230/1230/1230 1166/1166/1166
f 1195/1195/1195 1197/1197/1197 1231/1231/1231
f 1231/1231/1231 1229/1229/1229 1195/1195/1195
f 1171/1171/1171 1166/1166/1166 1230/1230/1230
f 1230/1230/1230 1232/1232/1232 1171/1171/1171
f 1233/1233/1233 1234/1234/1234 1235/1235/1235
f 1235/1235/1235 1236/1236/1236 1233/1233/1233
f 1237/1237/1237 1238/1238/1238 1239/1239/1239
f 1239/1239/1239 1240/1240/1240 1237/1237/1237
f 1241/1241/1241 1242/1242/1242 1243/1243/1243
f 1243/1243/1243 1244/1244/1244 1241/1241/1241
f 1245/1245/1245 1246/1246/1246 1247/1247/1247
f 1247/1247/1247 1248/1248/1248 1245/1245/1245
f 1249/1249/1249 1250/1250/1250 1251/1251/1251
f 1251/1251/1251 1252/1252/1252 1249/1249/1249
f 1253/1253/1253 1254/1254/1254 1255/1255/1255
f 1255/1255/1255 1256/1256/1256 1253/1253/1253
f 1236/1236/1236 1257/1257/1257 1258/1258/1258
f 1258/1258/1258 1259/1259/1259 1236/1236/1236
f 1259/1259/1259 1258/1258/1258 1260/1260/1260
f 1260/1260/1260 1261/1261/1261 1259/1259/1259
f 1257/1257/1257 1262/1262/1262 1263/1263/1263
f 1263/1263/1263 1258/1258/1258 1257/1257/1257
f 1258/1258/1258 1263/1263/1263 1264/1264/1264
f 1264/1264/1264 1260/1260/1260 1258/1258/1258
f 1233/1233/1233 1265/1265/1265 1266/1266/1266
f 1266/1266/1266 1267/1267/1267 1233/1233/1233
f 1267/1267/1267 1266/1266/1266 1268/1268/1268
f 1268/1268/1268 1269/1269/1269 1267/1267/1267
f 1265/1265/1265 1270/1270/1270 1271/1271/1271
f 1271/1271/1271 1266/1266/1266 1265/1265/1265
f 1266/1266/1266 1271/1271/1271 1272/1272/1272
f 1272/1272/1272 1268/1268/1268 1266/1266/1266
f 1234/1234/1234 1273/1273/1273 1274/1274/1274
f 1274/1274/1274 1275/1275/1275 1234/1234/1234
f 1275/1275/1275 1274/1274/1274 1276/1276/1276
f 1276/1276/1276 1277/1277/1277 1275/1275/1275
f 1273/1273/1273 1278/1278/1278 1279/1279/1279
f 1279/1279/1279 1274/1274/1274 1273/1273/1273
f 1274/1274/1274 1279/1279/1279 1280/1280/1280
f 1280/1280/1280 1276/1276/1276 1274/1274/1274
f 1235/1235/1235 1281/1281/1281 1282/1282/1282
f 1282/1282/1282 1283/1283/1283 1235/1235/1235
f 1283/1283/1283 1282/1282/1282 1284/1284/1284
f 1284/1284/1284 1285/1285/1285 1283/1283/1283
f 1281/1281/1281 1286/1286/1286 1287/1287/1287
f 1287/1287/1287 1282/1282/1282 1281/1281/1281
f 1282/1282/1282 1287/1287/1287 1288/1288/1288
f 1288/1288/1288 1284/1284/1284 1282/1282/1282
f 1240/1240/1240 1289/1289/1289 1290/1290/1290
f 1290/1290/1290 1291/1291/1291 1240/1240/1240
f 1291/1291/1291 1290/1290/1290 1292/1292/1292
f 1292/1292/1292 1293/1293/1293 1291/1291/1291
f 1289/1289/1289 1294/1294/1294 1295/1295/1295
f 1295/1295/1295 1290/1290/1290 1289/1289/1289
f 1290/1290/1290 1295/1295/1295 1296/1296/1296
f 1296/1296/1296 1292/1292/1292 1290/1290/1290
f 1237/1237/1237 1297/1297/1297 1298/1298/1298
f 1298/1298/1298 1299/1299/1299 1237/1237/1237
f 1299/1299/1299 1298/1298/1298 1300/1300/1300
f 1300/1300/1300 1301/1301/1301 1299/1299/1299
f 1297/1297/1297 1302/1302/1302 1303/1303/1303
f 1303/1303/1303 1298/1298/1298 1297/1297/1297
f 1298/1298/1298 1303/1303/1303 1304/1304/1304
f 1304/1304/1304 1300/1300/1300 1298/1298/1298
f 1238/1238/1238 1305/1305/1305 1306/1306/1306
f 1306/1306/1306 1307/1307/1307 1238/1238/1238
f 1307/1307/1307 1306/1306/1306 1308/1308/1308
f 1308/1308/1308 1309/1309/1309 1307/1307/1307
f 1305/1305/1305 1310/1310/1310 1311/1311/1311
f 1311/1311/1311 1306/1306/1306 1305/1305/1305
f 1306/1306/1306 1311/1311/1311 1312/1312/1312
f 1312/1312/1312 1308/1308/1308 1306/1306/1306
f 1239/1239/1239 1313/1313/1313 1314/1314/1314
f 1314/1314/1314 1315/1315/1315 1239/1239/1239
f 1315/1315/1315 1314/1314/1314 1316/1316/1316
f 1316/1316/1316 1317/1317/1317 1315/1315/1315
f 1313/1313/1313 1318/1318/1318 1319/1319/1319
f 1319/1319/1319 1314/1314/1314 1313/1313/1313
f 1314/1314/1314 1319/1319/1319 1320/1320/1320
f 1320/1320/1320 1316/1316/1316 1314/1314/1314
f 1321/1321/1321 1322/1322/1322 1323/1323/1323
f 1323/1323/1323 1324/1324/1324 1321/1321/1321
f 1324/1324/1324 1323/1323/1323 1325/1325/1325
f 1325/1325/1325 1326/1326/1326 1324/1324/1324
f 1322/1322/1322 1327/1327/1327 1328/1328/1328
f 1328/1328/1328 1323/1323/1323 1322/1322/1322
f 1323/1323/1323 1328/1328/1328 1329/1329/1329
f 1329/1329/1329 1325/1325/1325 1323/1323/1323
f 1330/1330/1330 1331/1331/1331 1332/1332/1332
f 1332/1332/1332 1333/1333/1333 1330/1330/1330
f 1333/1333/1333 1332/1332/1332 1334/1334/1334
f 1334/1334/1334 1335/1335/1335 1333/1333/1333
f 1331/1331/1331 1336/1336/1336 1337/1337/1337
f 1337/1337/1337 1332/1332/1332 1331/1331/1331
f 1332/1332/1332 1337/1337/1337 1338/1338/1338
f 1338/1338/1338 1334/1334/1334 1332/1332/1332
f 1339/1339/1339 1340/1340/1340 1341/1341/1341
f 1341/1341/1341 1342/1342/1342 1339/1339/1339
f 1342/1342/1342 1341/1341/1341 1343/1343/1343
f 1343/1343/1343 1344/1344/1344 1342/1342/1342
f 1340/1340/1340 1345/1345/1345 1346/1346/1346
f 1346/1346/1346 1341/1341/1341 1340/1340/1340
f 1341/1341/1341 1346/1346/1346 1347/1347/1347
f 1347/1347/1347 1343/1343/1343 1341/1341/1341
f 1348/1348/1348 1349/1349/1349 1350/1350/1350
f 1350/1350/1350 1351/1351/1351 1348/1348/1348
f 1351/1351/1351 1350/1350/1350 1352/1352/1352
f 1352/1352/1352 1353/1353/1353 1351/1351/1351
f 1349/1349/1349 1354/1354/1354 1355/1355/1355
f 1355/1355/1355 1350/1350/1350 1349/1349/1349
f 1350/1350/1350 1355/1355/1355 1356/1356/1356
f 1356/1356/1356 1352/1352/1352 1350/1350/1350
f 1357/1357/1357 1358/1358/1358 1359/1359/1359
f 1359/1359/1359 1360/1360/1360 1357/1357/1357
f 1360/1360/1360 1359/1359/1359 1361/1361/1361
f 1361/1361/1361 1362/1362/1362 1360/1360/1360
f 1358/1358/1358 1363/1363/1363 1364/1364/1364
f 1364/1364/1364 1359/1359/1359 1358/1358/1358
f 1359/1359/1359 1364/1364/1364 1365/1365/1365
f 1365/1365/1365 1361/1361/1361 1359/1359/1359
f 1366/1366/1366 1367/1367/1367 1368/1368/1368
f 1368/1368/1368 1369/1369/1369 1366/1366/1366
f 1369/1369/1369 1368/1368/1368 1370/1370/1370
f 1370/1370/1370 1371/1371/1371 1369/1369/1369
f 1367/1367/1367 1372/1372/1372 1373/1373/1373
f 1373/1373/1373 1368/1368/1368 1367/1367/1367
f 1368/1368/1368 1373/1373/1373 1374/1374/1374
f 1374/1374/1374 1370/1370/1370 1368/1368/1368
f 1375/1375/1375 1376/1376/1376 1377/1377/1377
f 1377/1377/1377 1378/1378/1378 1375/1375/1375
f 1378/1378/1378 1377/1377/1377 1379/1379/1379
f 1379/1379/1379 1380/1380/1380 1378/1378/1378
f 1376/1376/1376 1381/1381/1381 1382/1382/1382
f 1382/1382/1382 1377/1377/1377 1376/1376/1376
f 1377/1377/1377 1382/1382/1382 1383/1383/1383
f 1383/1383/1383 1379/1379/1379 1377/1377/1377
f 1384/1384/1384 1385/1385/1385 1386/1386/1386
f 1386/1386/1386 1387/1387/1387 1384/1384/1384
f 1387/1387/1387 1386/1386/1386 1388/1388/1388
f 1388/1388/1388 1389/1389/1389 1387/1387/1387
f 1385/1385/1385 1390/1390/1390 1391/1391/1391
f 1391/1391/1391 1386/1386/1386 1385/1385/1385
f 1386/1386/1386 1391/1391/1391 1392/1392/1392
f 1392/1392/1392 1388/1388/1388 1386/1386/1386
f 1393/1393/1393 1394/1394/1394 1395/1395/1395
f 1395/1395/1395 1396/1396/1396 1393/1393/1393
f 1396/1396/1396 1395/1395/1395 1397/1397/1397
f 1397/1397/1397 1398/1398/1398 1396/1396/1396
f 1394/1394/1394 1399/1399/1399 1400/1400/1400
f 1400/1400/1400 1395/1395/1395 1394/1394/1394
f 1395/1395/1395 1400/1400/1400 1401/1401/1401
f 1401/1401/1401 1397/1397/1397 1395/1395/1395
f 1402/1402/1402 1403/1403/1403 1404/1404/1404
f 1404/1404/1404 1405/1405/1405 1402/1402/1402
f 1405/1405/1405 1404/1404/1404 1406/1406/1406
f 1406/1406/1406 1407/1407/1407 1405/1405/1405
f 1403/1403/1403 1408/1408/1408 1409/1409/1409
f 1409/1409/1409 1404/1404/1404 1403/1403/1403
f 1404/1404/1404 1409/1409/1409 1410/1410/1410
f 1410/1410/1410 1406/1406/1406 1404/1404/1404
f 1411/1411/1411 1412/1412/1412 1413/1413/1413
f 1413/1413/1413 1414/1414/1414 1411/1411/1411
f 1414/1414/1414 1413/1413/1413 1415/1415/1415
f 1415/1415/1415 1416/1416/1416 1414/1414/1414
f 1412/1412/1412 1417/1417/1417 1418/1418/1418
f 1418/1418/1418 1413/1413/1413 1412/1412/1412
f 1413/1413/1413 1418/1418/1418 1419/1419/1419
f 1419/1419/1419 1415/1415/1415 1413/1413/1413
f 1420/1420/1420 1421/1421/1421 1422/1422/1422
f 1422/1422/1422 1423/1423/1423 1420/1420/1420
f 1423/1423/1423 1422/1422/1422 1424/1424/1424
f 1424/1424/1424 1425/1425/1425 1423/1423/1423
f 1421/1421/1421 1426/1426/1426 1427/1427/1427
f 1427/1427/1427 1422/1422/1422 1421/1421/1421
f 1422/1422/1422 1427/1427/1427 1428/1428/1428
f 1428/1428/1428 1424/1424/1424 1422/1422/1422
f 1429/1429/1429 1430/1430/1430 1431/1431/1431
f 1431/1431/1431 1432/1432/1432 1429/1429/1429
f 1432/1432/1432 1431/1431/1431 1433/1433/1433
f 1433/1433/1433 1434/1434/1434 1432/1432/1432
f 1430/1430/1430 1435/1435/1435 1436/1436/1436
f 1436/1436/1436 1431/1431/1431 1430/1430/1430
f 1431/1431/1431 1436/1436/1436 1437/1437/1437
f 1437/1437/1437 1433/1433/1433 1431/1431/1431
f 1438/1438/1438 1439/1439/1439 1440/1440/1440
f 1440/1440/1440 1441/1441/1441 1438/1438/1438
f 1441/1441/1441 1440/1440/1440 1442/1442/1442
f 1442/1442/1442 1443/1443/1443 1441/1441/1441
f 1439/1439/1439 1444/1444/1444 1445/1445/1445
f 1445/1445/1445 1440/1440/1440 1439/1439/1439
f 1440/1440/1440 1445/1445/1445 1446/1446/1446
f 1446/1446/1446 1442/1442/1442 1440/1440/1440
f 1447/1447/1447 1448/1448/1448 1449/1449/1449
f 1449/1449/1449 1450/1450/1450 1447/1447/1447
f 1450/1450/1450 1449/1449/1449 1451/1451/1451
f 1451/1451/1451 1452/1452/1452 1450/1450/1450
f 1448/1448/1448 1453/1453/1453 1454/1454/1454
f 1454/1454/1454 1449/1449/1449 1448/1448/1448
f 1449/1449/1449 1454/1454/1454 1455/1455/1455
f 1455/1455/1455 1451/1451/1451 1449/1449/1449
f 1456/1456/1456 1457/1457/1457 1458/1458/1458
f 1458/1458/1458 1459/1459/1459 1456/1456/1456
f 1459/1459/1459 1458/1458/1458 1460/1460/1460
f 1460/1460/1460 1461/1461/1461 1459/1459/1459
f 1457/1457/1457 1462/1462/1462 1463/1463/1463
f 1463/1463/1463 1458/1458/1458 1457/1457/1457
f 1458/1458/1458 1463/1463/1463 1464/1464/1464
f 1464/1464/1464 1460/1460/1460 1458/1458/1458
f 1233/1233/1233 1236/1236/1236 1259/1259/1259
f 1259/1259/1259 1265/1265/1265 1233/1233/1233
f 1265/1265/1265 1259/1259/1259 1261/1261/1261
f 1261/1261/1261 1270/1270/1270 1265/1265/1265
f 1234/1234/1234 1233/1233/1233 1267/1267/1267
f 1267/1267/1267 1273/1273/1273 1234/1234/1234
f 1273/1273/1273 1267/1267/1267 1269/1269/1269
f 1269/1269/1269 1278/1278/1278 1273/1273/1273
f 1235/1235/1235 1234/1234/1234 1275/1275/1275
f 1275/1275/1275 1281/1281/1281 1235/1235/1235
f 1281/1281/1281 1275/1275/1275 1277/1277/1277
f 1277/1277/1277 1286/1286/1286 1281/1281/1281
f 1236/1236/1236 1235/1235/1235 1283/1283/1283
f 1283/1283/1283 1257/1257/1257 1236/1236/1236
f 1257/1257/1257 1283/1283/1283 1285/1285/1285
f 1285/1285/1285 1262/1262/1262 1257/1257/1257
f 1237/1237/1237 1240/1240/1240 1291/1291/1291
f 1291/1291/1291 1297/1297/1297 1237/1237/1237
f 1297/1297/1297 1291/1291/1291 1293/1293/1293
f 1293/1293/1293 1302/1302/1302 1297/1297/1297
f 1238/1238/1238 1237/1237/1237 1299/1299/1299
f 1299/1299/1299 1305/1305/1305 1238/1238/1238
f 1305/1305/1305 1299/1299/1299 1301/1301/1301
f 1301/1301/1301 1310/1310/1310 1305/1305/1305
f 1239/1239/1239 1238/1238/1238 1307/1307/1307
f 1307/1307/1307 1313/1313/1313 1239/1239/1239
f 1313/1313/1313 1307/1307/1307 1309/1309/1309
f 1309/1309/1309 1318/1318/1318 1313/1313/1313
f 1240/1240/1240 1239/1239/1239 1315/1315/1315
f 1315/1315/1315 1289/1289/1289 1240/1240/1240
f 1289/1289/1289 1315/1315/1315 1317/1317/1317
f 1317/1317/1317 1294/1294/1294 1289/1289/1289
f 1330/1330/1330 1321/1321/1321 1324/1324/1324
f 1324/1324/1324 1331/1331/1331 1330/1330/1330
f 1331/1331/1331 1324/1324/1324 1326/1326/1326
f 1326/1326/1326 1336/1336/1336 1331/1331/1331
f 1244/1244/1244 1465/1465/1465 1466/1466/1466
f 1466/1466/1466 1241/1241/1241 1244/1244/1244
f 1465/1465/1465 1467/1467/1467 1468/1468/1468
f 1468/1468/1468 1466/1466/1466 1465/1465/1465
f 1348/1348/1348 1339/1339/1339 1342/1342/1342
f 1342/1342/1342 1349/1349/1349 1348/1348/1348
f 1349/1349/1349 1342/1342/1342 1344/1344/1344
f 1344/1344/1344 1354/1354/1354 1349/1349/1349
f 1242/1242/1242 1469/1469/1469 1470/1470/1470
f 1470/1470/1470 1243/1243/1243 1242/1242/1242
f 1469/1469/1469 1471/1471/1471 1472/1472/1472
f 1472/1472/1472 1470/1470/1470 1469/1469/1469
f 1366/1366/1366 1357/1357/1357 1360/1360/1360
f 1360/1360/1360 1367/1367/1367 1366/1366/1366
f 1367/1367/1367 1360/1360/1360 1362/1362/1362
f 1362/1362/1362 1372/1372/1372 1367/1367/1367
f 1248/1248/1248 1473/1473/1473 1474/1474/1474
f 1474/1474/1474 1245/1245/1245 1248/1248/1248
f 1473/1473/1473 1475/1475/1475 1476/1476/1476
f 1476/1476/1476 1474/1474/1474 1473/1473/1473
f 1384/1384/1384 1375/1375/1375 1378/1378/1378
f 1378/1378/1378 1385/1385/1385 1384/1384/1384
f 1385/1385/1385 1378/1378/1378 1380/1380/1380
f 1380/1380/1380 1390/1390/1390 1385/1385/1385
f 1246/1246/1246 1477/1477/1477 1478/1478/1478
f 1478/1478/1478 1247/1247/1247 1246/1246/1246
f 1477/1477/1477 1479/1479/1479 1480/1480/1480
f 1480/1480/1480 1478/1478/1478 1477/1477/1477
f 1402/1402/1402 1393/1393/1393 1396/1396/1396
f 1396/1396/1396 1403/1403/1403 1402/1402/1402
f 1403/1403/1403 1396/1396/1396 1398/1398/1398
f 1398/1398/1398 1408/1408/1408 1403/1403/1403
f 1252/1252/1252 1481/1481/1481 1482/1482/1482
f 1482/1482/1482 1249/1249/1249 1252/1252/1252
f 1481/1481/1481 1483/1483/1483 1484/1484/1484
f 1484/1484/1484 1482/1482/1482 1481/1481/1481
f 1420/1420/1420 1411/1411/1411 1414/1414/1414
f 1414/1414/1414 1421/1421/1421 1420/1420/1420
f 1421/1421/1421 1414/1414/1414 1416/1416/1416
f 1416/1416/1416 1426/1426/1426 1421/1421/1421
f 1250/1250/1250 1485/1485/1485 1486/1486/1486
f 1486/1486/1486 1251/1251/1251 1250/1250/1250
f 1485/1485/1485 1487/1487/1487 1488/1488/1488
f 1488/1488/1488 1486/1486/1486 1485/1485/1485
f 1438/1438/1438 1429/1429/1429 1432/1432/1432
f 1432/1432/1432 1439/1439/1439 1438/1438/1438
f 1439/1439/1439 1432/1432/1432 1434/1434/1434
f 1434/1434/1434 1444/1444/1444 1439/1439/1439
f 1256/1256/1256 1489/1489/1489 1490/1490/1490
f 1490/1490/1490 1253/1253/1253 1256/1256/1256
f 1489/1489/1489 1491/1491/1491 1492/1492/1492
f 1492/1492/1492 1490/1490/1490 1489/1489/1489
f 1456/1456/1456 1447/1447/1447 1450/1450/1450
f 1450/1450/1450 1457/1457/1457 1456/1456/1456
f 1457/1457/1457 1450/1450/1450 1452/1452/1452
f 1452/1452/1452 1462/1462/1462 1457/1457/1457
f 1254/1254/1254 1493/1493/1493 1494/1494/1494
f 1494/1494/1494 1255/1255/1255 1254/1254/1254
f 1493/1493/1493 1495/1495/1495 1496/1496/1496
f 1496/1496/1496 1494/1494/1494 1493/1493/1493
f 1339/1339/1339 1348/1348/1348 1242/1242/1242
f 1242/1242/1242 1241/1241/1241 1339/1339/1339
f 1321/1321/1321 1330/1330/1330 1244/1244/1244
f 1244/1244/1244 1243/1243/1243 1321/1321/1321
f 1375/1375/1375 1384/1384/1384 1246/1246/1246
f 1246/1246/1246 1245/1245/1245 1375/1375/1375
f 1357/1357/1357 1366/1366/1366 1248/1248/1248
f 1248/1248/1248 1247/1247/1247 1357/1357/1357
f 1411/1411/1411 1420/1420/1420 1250/1250/1250
f 1250/1250/1250 1249/1249/1249 1411/1411/1411
f 1393/1393/1393 1402/1402/1402 1252/1252/1252
f 1252/1252/1252 1251/1251/1251 1393/1393/1393
f 1447/1447/1447 1456/1456/1456 1254/1254/1254
f 1254/1254/1254 1253/1253/1253 1447/1447/1447
f 1429/1429/1429 1438/1438/1438 1256/1256/1256
f 1256/1256/1256 1255/1255/1255 1429/1429/1429
f 1330/1330/1330 1333/1333/1333 1465/1465/1465
f 1465/1465/1465 1244/1244/1244 1330/1330/1330
f 1340/1340/1340 1339/1339/1339 1241/1241/1241
f 1241/1241/1241 1466/1466/1466 1340/1340/1340
f 1333/1333/1333 1335/1335/1335 1467/1467/1467
f 1467/1467/1467 1465/1465/1465 1333/1333/1333
f 1345/1345/1345 1340/1340/1340 1466/1466/1466
f 1466/1466/1466 1468/1468/1468 1345/1345/1345
f 1348/1348/1348 1351/1351/1351 1469/1469/1469
f 1469/1469/1469 1242/1242/1242 1348/1348/1348
f 1322/1322/1322 1321/1321/1321 1243/1243/1243
f 1243/1243/1243 1470/1470/1470 1322/1322/1322
f 1351/1351/1351 1353/1353/1353 1471/1471/1471
f 1471/1471/1471 1469/1469/1469 1351/1351/1351
f 1327/1327/1327 1322/1322/1322 1470/1470/1470
f 1470/1470/1470 1472/1472/1472 1327/1327/1327
f 1366/1366/1366 1369/1369/1369 1473/1473/1473
f 1473/1473/1473 1248/1248/1248 1366/1366/1366
f 1376/1376/1376 1375/1375/1375 1245/1245/1245
f 1245/1245/1245 1474/1474/1474 1376/1376/1376
f 1369/1369/1369 1371/1371/1371 1475/1475/1475
f 1475/1475/1475 1473/1473/1473 1369/1369/1369
f 1381/1381/1381 1376/1376/1376 1474/1474/1474
f 1474/1474/1474 1476/1476/1476 1381/1381/1381
f 1384/1384/1384 1387/1387/1387 1477/1477/1477
f 1477/1477/1477 1246/1246/1246 1384/1384/1384
f 1358/1358/1358 1357/1357/1357 1247/1247/1247
f 1247/1247/1247 1478/1478/1478 1358/1358/1358
f 1387/1387/1387 1389/1389/1389 1479/1479/1479
f 1479/1479/1479 1477/1477/1477 1387/1387/1387
f 1363/1363/1363 1358/1358/1358 1478/1478/1478
f 1478/1478/1478 1480/1480/1480 1363/1363/1363
f 1402/1402/1402 1405/1405/1405 1481/1481/1481
f 1481/1481/1481 1252/1252/1252 1402/1402/1402
f 1412/1412/1412 1411/1411/1411 1249/1249/1249
f 1249/1249/1249 1482/1482/1482 1412/1412/1412
f 1405/1405/1405 1407/1407/1407 1483/1483/1483
f 1483/1483/1483 1481/1481/1481 1405/1405/1405
f 1417/1417/1417 1412/1412/1412 1482/1482/1482
f 1482/1482/1482 1484/1484/1484 1417/1417/1417
f 1420/1420/1420 1423/1423/1423 1485/1485/1485
f 1485/1485/1485 1250/1250/1250 1420/1420/1420
f 1394/1394/1394 1393/1393/1393 1251/1251/1251
f 1251/1251/1251 1486/1486/1486 1394/1394/1394
f 1423/1423/1423 1425/1425/1425 1487/1487/1487
f 1487/1487/1487 1485/1485/1485 1423/1423/1423
f 1399/1399/1399 1394/1394/1394 1486/1486/1486
f 1486/1486/1486 1488/1488/1488 1399/1399/1399
f 1438/1438/1438 1441/1441/1441 1489/1489/1489
f 1489/1489/1489 1256/1256/1256 1438/1438/1438
f 1448/1448/1448 1447/1447/1447 1253/1253/1253
f 1253/1253/1253 1490/1490/1490 1448/1448/1448
f 1441/1441/1441 1443/1443/1443 1491/1491/1491
f 1491/1491/1491 1489/1489/1489 1441/1441/1441
f 1453/1453/1453 1448/1448/1448 1490/1490/1490
f 1490/1490/1490 1492/1492/1492 1453/1453/1453
f 1456/1456/1456 1459/1459/1459 1493/1493/1493
f 1493/1493/1493 1254/1254/1254 1456/1456/1456
f 1430/1430/1430 1429/1429/1429 1255/1255/1255
f 1255/1255/1255 1494/1494/1494 1430/1430/1430
f 1459/1459/1459 1461/1461/1461 1495/1495/1495
f 1495/1495/1495 1493/1493/1493 1459/1459/1459
f 1435/1435/1435 1430/1430/1430 1494/1494/1494
f 1494/1494/1494 1496/1496/1496 1435/1435/1435
f 1497/1497/1497 1498/1498/1498 1499/1499/1499
f 1499/1499/1499 1500/1500/1500 1497/1497/1497
f 1501/1501/1501 1502/1502/1502 1503/1503/1503
f 1503/1503/1503 1504/1504/1504 1501/1501/1501
f 1505/1505/1505 1506/1506/1506 1507/1507/1507
f 1507/1507/1507 1508/1508/1508 1505/1505/1505
f 1509/1509/1509 1510/1510/1510 1511/1511/1511
f 1511/1511/1511 1512/1512/1512 1509/1509/1509
f 1513/1513/1513 1514/1514/1514 1515/1515/1515
f 1515/1515/1515 1516/1516/1516 1513/1513/1513
f 1517/1517/1517 1518/1518/1518 1519/1519/1519
f 1519/1519/1519 1520/1520/1520 1517/1517/1517
f 1500/1500/1500 1521/1521/1521 1522/1522/1522
f 1522/1522/1522 1523/1523/1523 1500/1500/1500
f 1523/1523/1523 1522/1522/1522 1524/1524/1524
f 1524/1524/1524 1525/1525/1525 1523/1523/1523
f 1521/1521/1521 1526/1526/1526 1527/1527/1527
f 1527/1527/1527 1522/1522/1522 1521/1521/1521
f 1522/1522/1522 1527/1527/1527 1528/1528/1528
f 1528/1528/1528 1524/1524/1524 1522/1522/1522
f 1497/1497/1497 1529/1529/1529 1530/1530/1530
f 1530/1530/1530 1531/1531/1531 1497/1497/1497
f 1531/1531/1531 1530/1530/1530 1532/1532/1532
f 1532/1532/1532 1533/1533/1533 1531/1531/1531
f 1529/1529/1529 1534/1534/1534 1535/1535/1535
f 1535/1535/1535 1530/1530/1530 1529/1529/1529
f 1530/1530/1530 1535/1535/1535 1536/1536/1536
f 1536/1536/1536 1532/1532/1532 1530/1530/1530
f 1498/1498/1498 1537/1537/1537 1538/1538/1538
f 1538/1538/1538 1539/1539/1539 1498/1498/1498
f 1539/1539/1539 1538/1538/1538 1540/1540/1540
f 1540/1540/1540 1541/1541/1541 1539/1539/1539
f 1537/1537/1537 1542/1542/1542 1543/1543/1543
f 1543/1543/1543 1538/1538/1538 1537/1537/1537
f 1538/1538/1538 1543/1543/1543 1544/1544/1544
f 1544/1544/1544 1540/1540/1540 1538/1538/1538
f 1499/1499/1499 1545/1545/1545 1546/1546/1546
f 1546/1546/1546 1547/1547/1547 1499/1499/1499
f 1547/1547/1547 1546/1546/1546 1548/1548/1548
f 1548/1548/1548 1549/1549/1549 1547/1547/1547
f 1545/1545/1545 1550/1550/1550 1551/1551/1551
f 1551/1551/1551 1546/1546/1546 1545/1545/1545
f 1546/1546/1546 1551/1551/1551 1552/1552/1552
f 1552/1552/1552 1548/1548/1548 1546/1546/1546
f 1504/1504/1504 1553/1553/1553 1554/1554/1554
f 1554/1554/1554 1555/1555/1555 1504/1504/1504
f 1555/1555/1555 1554/1554/1554 1556/1556/1556
f 1556/1556/1556 1557/1557/1557 1555/1555/1555
f 1553/1553/1553 1558/1558/1558 1559/1559/1559
f 1559/1559/1559 1554/1554/1554 1553/1553/1553
f 1554/1554/1554 1559/1559/1559 1560/1560/1560
f 1560/1560/1560 1556/1556/1556 1554/1554/1554
f 1501/1501/1501 1561/1561/1561 1562/1562/1562
f 1562/1562/1562 1563/1563/1563 1501/1501/1501
f 1563/1563/1563 1562/1562/1562 1564/1564/1564
f 1564/1564/1564 1565/1565/1565 1563/1563/1563
f 1561/1561/1561 1566/1566/1566 1567/1567/1567
f 1567/1567/1567 1562/1562/1562 1561/1561/1561
f 1562/1562/1562 1567/1567/1567 1568/1568/1568
f 1568/1568/1568 1564/1564/1564 1562/1562/1562
f 1502/1502/1502 1569/1569/1569 1570/1570/1570
f 1570/1570/1570 1571/1571/1571 1502/1502/1502
f 1571/1571/1571 1570/1570/1570 1572/1572/1572
f 1572/1572/1572 1573/1573/1573 1571/1571/1571
f 1569/1569/1569 1574/1574/1574 1575/1575/1575
f 1575/1575/1575 1570/1570/1570 1569/1569/1569
f 1570/1570/1570 1575/1575/1575 1576/1576/1576
f 1576/1576/1576 1572/1572/1572 1570/1570/1570
f 1503/1503/1503 1577/1577/1577 1578/1578/1578
f 1578/1578/1578 1579/1579/1579 1503/1503/1503
f 1579/1579/1579 1578/1578/1578 1580/1580/1580
f 1580/1580/1580 1581/1581/1581 1579/1579/1579
f 1577/1577/1577 1582/1582/1582 1583/1583/1583
f 1583/1583/1583 1578/1578/1578 1577/1577/1577
f 1578/1578/1578 1583/1583/1583 1584/1584/1584
f 1584/1584/1584 1580/1580/1580 1578/1578/1578
f 1585/1585/1585 1586/1586/1586 1587/1587/1587
f 1587/1587/1587 1588/1588/1588 1585/1585/1585
f 1588/1588/1588 1587/1587/1587 1589/1589/1589
f 1589/1589/1589 1590/1590/1590 1588/1588/1588
f 1586/1586/1586 1591/1591/1591 1592/1592/1592
f 1592/1592/1592 1587/1587/1587 1586/1586/1586
f 1587/1587/1587 1592/1592/1592 1593/1593/1593
f 1593/1593/1593 1589/1589/1589 1587/1587/1587
f 1594/1594/1594 1595/1595/1595 1596/1596/1596
f 1596/1596/1596 1597/1597/1597 1594/1594/1594
f 1597/1597/1597 1596/1596/1596 1598/1598/1598
f 1598/1598/1598 1599/1599/1599 1597/1597/1597
f 1595/1595/1595 1600/1600/1600 1601/1601/1601
f 1601/1601/1601 1596/1596/1596 1595/1595/1595
f 1596/1596/1596 1601/1601/1601 1602/1602/1602
f 1602/1602/1602 1598/1598/1598 1596/1596/1596
f 1603/1603/1603 1604/1604/1604 1605/1605/1605
f 1605/1605/1605 1606/1606/1606 1603/1603/1603
f 1606/1606/1606 1605/1605/1605 1607/1607/1607
f 1607/1607/1607 1608/1608/1608 1606/1606/1606
f 1604/1604/1604 1609/1609/1609 1610/1610/1610
f 1610/1610/1610 1605/1605/1605 1604/1604/1604
f 1605/1605/1605 1610/1610/1610 1611/1611/1611
f 1611/1611/1611 1607/1607/1607 1605/1605/1605
f 1612/1612/1612 1613/1613/1613 1614/1614/1614
f 1614/1614/1614 1615/1615/1615 1612/1612/1612
f 1615/1615/1615 1614/1614/1614 1616/1616/1616
f 1616/1616/1616 1617/1617/1617 1615/1615/1615
f 1613/1613/1613 1618/1618/1618 1619/1619/1619
f 1619/1619/1619 1614/1614/1614 1613/1613/1613
f 1614/1614/1614 1619/1619/1619 1620/1620/1620
f 1620/1620/1620 1616/1616/1616 1614/1614/1614
f 1621/1621/1621 1622/1622/1622 1623/1623/1623
f 1623/1623/1623 1624/1624/1624 1621/1621/1621
f 1624/1624/1624 1623/1623/1623 1625/1625/1625
f 1625/1625/1625 1626/1626/1626 1624/1624/1624
f 1622/1622/1622 1627/1627/1627 1628/1628/1628
f 1628/1628/1628 1623/1623/1623 1622/1622/1622
f 1623/1623/1623 1628/1628/1628 1629/1629/1629
f 1629/1629/1629 1625/1625/1625 1623/1623/1623
f 1630/1630/1630 1631/1631/1631 1632/1632/1632
f 1632/1632/1632 1633/1633/1633 1630/1630/1630
f 1633/1633/1633 1632/1632/1632 1634/1634/1634
f 1634/1634/1634 1635/1635/1635 1633/1633/1633
f 1631/1631/1631 1636/1636/1636 1637/1637/1637
f 1637/1637/1637 1632/1632/1632 1631/1631/1631
f 1632/1632/1632 1637/1637/1637 1638/1638/1638
f 1638/1638/1638 1634/1634/1634 1632/1632/1632
f 1639/1639/1639 1640/1640/1640 1641/1641/1641
f 1641/1641/1641 1642/1642/1642 1639/1639/1639
f 1642/1642/1642 1641/1641/1641 1643/1643/1643
f 1643/1643/1643 1644/1644/1644 1642/1642/1642
f 1640/1640/1640 1645/1645/1645 1646/1646/1646
f 1646/1646/1646 1641/1641/1641 1640/1640/1640
f 1641/1641/1641 1646/1646/1646 1647/1647/1647
f 1647/1647/1647 1643/1643/1643 1641/1641/1641
f 1648/1648/1648 1649/1649/1649 1650/1650/1650
f 1650/1650/1650 1651/1651/1651 1648/1648/1648
f 1651/1651/1651 1650/1650/1650 1652/1652/1652
f 1652/1652/1652 1653/1653/1653 1651/1651/1651
f 1649/1649/1649 1654/1654/1654 1655/1655/1655
f 1655/1655/1655 1650/1650/1650 1649/1649/1649
f 1650/1650/1650 1655/1655/1655 1656/1656/1656
f 1656/1656/1656 1652/1652/1652 1650/1650/1650
f 1657/1657/1657 1658/1658/1658 1659/1659/1659
f 1659/1659/1659 1660/1660/1660 1657/1657/1657
f 1660/1660/1660 1659/1659/1659 1661/1661/1661
f 1661/1661/1661 1662/1662/1662 1660/1660/1660
f 1658/1658/1658 1663/1663/1663 1664/1664/1664
f 1664/1664/1664 1659/1659/1659 1658/1658/1658
f 1659/1659/1659 1664/1664/1664 1665/1665/1665
f 1665/1665/1665 1661/1661/1661 1659/1659/1659
f 1666/1666/1666 1667/1667/1667 1668/1668/1668
f 1668/1668/1668 1669/1669/1669 1666/1666/1666
f 1669/1669/1669 1668/1668/1668 1670/1670/1670
f 1670/1670/1670 1671/1671/1671 1669/1669/1669
f 1667/1667/1667 1672/1672/1672 1673/1673/1673
f 1673/1673/1673 1668/1668/1668 1667/1667/1667
f 1668/1668/1668 1673/1673/1673 1674/1674/1674
f 1674/1674/1674 1670/1670/1670 1668/1668/1668
f 1675/1675/1675 1676/1676/1676 1677/1677/1677
f 1677/1677/1677 1678/1678/1678 1675/1675/1675
f 1678/1678/1678 1677/1677/1677 1679/1679/1679
f 1679/1679/1679 1680/1680/1680 1678/1678/1678
f 1676/1676/1676 1681/1681/1681 1682/1682/1682
f 1682/1682/1682 1677/1677/1677 1676/1676/1676
f 1677/1677/1677 1682/1682/1682 1683/1683/1683
f 1683/1683/1683 1679/1679/1679 1677/1677/1677
f 1684/1684/1684 1685/1685/1685 1686/1686/1686
f 1686/1686/1686 1687/1687/1687 1684/1684/1684
f 1687/1687/1687 1686/1686/1686 1688/1688/1688
f 1688/1688/1688 1689/1689/1689 1687/1687/1687
f 1685/1685/1685 1690/1690/1690 1691/1691/1691
f 1691/1691/1691 1686/1686/1686 1685/1685/1685
f 1686/1686/1686 1691/1691/1691 1692/1692/1692
f 1692/1692/1692 1688/1688/1688 1686/1686/1686
f 1693/1693/1693 1694/1694/1694 1695/1695/1695
f 1695/1695/1695 1696/1696/1696 1693/1693/1693
f 1696/1696/1696 1695/1695/1695 1697/1697/1697
f 1697/1697/1697 1698/1698/1698 1696/1696/1696
f 1694/1694/1694 1699/1699/1699 1700/1700/1700
f 1700/1700/1700 1695/1695/1695 1694/1694/1694
f 1695/1695/1695 1700/1700/1700 1701/1701/1701
f 1701/1701/1701 1697/1697/1697 1695/1695/1695
f 1702/1702/1702 1703/1703/1703 1704/1704/1704
f 1704/1704/1704 1705/1705/1705 1702/1702/1702
f 1705/1705/1705 1704/1704/1704 1706/1706/1706
f 1706/1706/1706 1707/1707/1707 1705/1705/1705
f 1703/1703/1703 1708/1708/1708 1709/1709/1709
f 1709/1709/1709 1704/1704/1704 1703/1703/1703
f 1704/1704/1704 1709/1709/1709 1710/1710/1710
f 1710/1710/1710 1706/1706/1706 1704/1704/1704
f 1711/1711/1711 1712/1712/1712 1713/1713/1713
f 1713/1713/1713 1714/1714/1714 1711/1711/1711
f 1714/1714/1714 1713/1713/1713 1715/1715/1715
f 1715/1715/1715 1716/1716/1716 1714/1714/1714
f 1712/1712/1712 1717/1717/1717 1718/1718/1718
f 1718/1718/1718 1713/1713/1713 1712/1712/1712
f 1713/1713/1713 1718/1718/1718 1719/1719/1719
f 1719/1719/1719 1715/1715/1715 1713/1713/1713
f 1720/1720/1720 1721/1721/1721 1722/1722/1722
f 1722/1722/1722 1723/1723/1723 1720/1720/1720
f 1723/1723/1723 1722/1722/1722 1724/1724/1724
f 1724/1724/1724 1725/1725/1725 1723/1723/1723
f 1721/1721/1721 1726/1726/1726 1727/1727/1727
f 1727/1727/1727 1722/1722/1722 1721/1721/1721
f 1722/1722/1722 1727/1727/1727 1728/1728/1728
f 1728/1728/1728 1724/1724/1724 1722/1722/1722
f 1497/1497/1497 1500/1500/1500 1523/1523/1523
f 1523/1523/1523 1529/1529/1529 1497/1497/1497
f 1529/1529/1529 1523/1523/1523 1525/1525/1525
f 1525/1525/1525 1534/1534/1534 1529/1529/1529
f 1498/1498/1498 1497/1497/1497 1531/1531/1531
f 1531/1531/1531 1537/1537/1537 1498/1498/1498
f 1537/1537/1537 1531/1531/1531 1533/1533/1533
f 1533/1533/1533 1542/1542/1542 1537/1537/1537
f 1499/1499/1499 1498/1498/1498 1539/1539/1539
f 1539/1539/1539 1545/1545/1545 1499/1499/1499
f 1545/1545/1545 1539/1539/1539 1541/1541/1541
f 1541/1541/1541 1550/1550/1550 1545/1545/1545
f 1500/1500/1500 1499/1499/1499 1547/1547/1547
f 1547/1547/1547 1521/1521/1521 1500/1500/1500
f 1521/1521/1521 1547/1547/1547 1549/1549/1549
f 1549/1549/1549 1526/1526/1526 1521/1521/1521
f 1501/1501/1501 1504/1504/1504 1555/1555/1555
f 1555/1555/1555 1561/1561/1561 1501/1501/1501
f 1561/1561/1561 1555/1555/1555 1557/1557/1557
f 1557/1557/1557 1566/1566/1566 1561/1561/1561
f 1502/1502/1502 1501/1501/1501 1563/1563/1563
f 1563/1563/1563 1569/1569/1569 1502/1502/1502
f 1569/1569/1569 1563/1563/1563 1565/1565/1565
f 1565/1565/1565 1574/1574/1574 1569/1569/1569
f 1503/1503/1503 1502/1502/1502 1571/1571/1571
f 1571/1571/1571 1577/1577/1577 1503/1503/1503
f 1577/1577/1577 1571/1571/1571 1573/1573/1573
f 1573/1573/1573 1582/1582/1582 1577/1577/1577
f 1504/1504/1504 1503/1503/1503 1579/1579/1579
f 1579/1579/1579 1553/1553/1553 1504/1504/1504
f 1553/1553/1553 1579/1579/1579 1581/1581/1581
f 1581/1581/1581 1558/1558/1558 1553/1553/1553
f 1594/1594/1594 1585/1585/1585 1588/1588/1588
f 1588/1588/1588 1595/1595/1595 1594/1594/1594
f 1595/1595/1595 1588/1588/1588 1590/1590/1590
f 1590/1590/1590 1600/1600/1600 1595/1595/1595
f 1508/1508/1508 1729/1729/1729 1730/1730/1730
f 1730/1730/1730 1505/1505/1505 1508/1508/1508
f 1729/1729/1729 1731/1731/1731 1732/1732/1732
f 1732/1732/1732 1730/1730/1730 1729/1729/1729
f 1612/1612/1612 1603/1603/1603 1606/1606/1606
f 1606/1606/1606 1613/1613/1613 1612/1612/1612
f 1613/1613/1613 1606/1606/1606 1608/1608/1608
f 1608/1608/1608 1618/1618/1618 1613/1613/1613
f 1506/1506/1506 1733/1733/1733 1734/1734/1734
f 1734/1734/1734 1507/1507/1507 1506/1506/1506
f 1733/1733/1733 1735/1735/1735 1736/1736/1736
f 1736/1736/1736 1734/1734/1734 1733/1733/1733
f 1630/1630/1630 1621/1621/1621 1624/1624/1624
f 1624/1624/1624 1631/1631/1631 1630/1630/1630
f 1631/1631/1631 1624/1624/1624 1626/1626/1626
f 1626/1626/1626 1636/1636/1636 1631/1631/1631
f 1512/1512/1512 1737/1737/1737 1738/1738/1738
f 1738/1738/1738 1509/1509/1509 1512/1512/1512
f 1737/1737/1737 1739/1739/1739 1740/1740/1740
f 1740/1740/1740 1738/1738/1738 1737/1737/1737
f 1648/1648/1648 1639/1639/1639 1642/1642/1642
f 1642/1642/1642 1649/1649/1649 1648/1648/1648
f 1649/1649/1649 1642/1642/1642 1644/1644/1644
f 1644/1644/1644 1654/1654/1654 1649/1649/1649
f 1510/1510/1510 1741/1741/1741 1742/1742/1742
f 1742/1742/1742 1511/1511/1511 1510/1510/1510
f 1741/1741/1741 1743/1743/1743 1744/1744/1744
f 1744/1744/1744 1742/1742/1742 1741/1741/1741
f 1666/1666/1666 1657/1657/1657 1660/1660/1660
f 1660/1660/1660 1667/1667/1667 1666/1666/1666
f 1667/1667/1667 1660/1660/1660 1662/1662/1662
f 1662/1662/1662 1672/1672/1672 1667/1667/1667
f 1516/1516/1516 1745/1745/1745 1746/1746/1746
f 1746/1746/1746 1513/1513/1513 1516/1516/1516
f 1745/1745/1745 1747/1747/1747 1748/1748/1748
f 1748/1748/1748 1746/1746/1746 1745/1745/1745
f 1684/1684/1684 1675/1675/1675 1678/1678/1678
f 1678/1678/1678 1685/1685/1685 1684/1684/1684
f 1685/1685/1685 1678/1678/1678 1680/1680/1680
f 1680/1680/1680 1690/1690/1690 1685/1685/1685
f 1514/1514/1514 1749/1749/1749 1750/1750/1750
f 1750/1750/1750 1515/1515/1515 1514/1514/1514
f 1749/1749/1749 1751/1751/1751 1752/1752/1752
f 1752/1752/1752 1750/1750/1750 1749/1749/1749
f 1702/1702/1702 1693/1693/1693 1696/1696/1696
f 1696/1696/1696 1703/1703/1703 1702/1702/1702
f 1703/1703/1703 1696/1696/1696 1698/1698/1698
f 1698/1698/1698 1708/1708/1708 1703/1703/1703
f 1520/1520/1520 1753/1753/1753 1754/1754/1754
f 1754/1754/1754 1517/1517/1517 1520/1520/1520
f 1753/1753/1753 1755/1755/1755 1756/1756/1756
f 1756/1756/1756 1754/1754/1754 1753/1753/1753
f 1720/1720/1720 1711/1711/1711 1714/1714/1714
f 1714/1714/1714 1721/1721/1721 1720/1720/1720
f 1721/1721/1721 1714/1714/1714 1716/1716/1716
f 1716/1716/1716 1726/1726/1726 1721/1721/1721
f 1518/1518/1518 1757/1757/1757 1758/1758/1758
f 1758/1758/1758 1519/1519/1519 1518/1518/1518
f 1757/1757/1757 1759/1759/1759 1760/1760/1760
f 1760/1760/1760 1758/1758/1758 1757/1757/1757
f 1603/1603/1603 1612/1612/1612 1506/1506/1506
f 1506/1506/1506 1505/1505/1505 1603/1603/1603
f 1585/1585/1585 1594/1594/1594 1508/1508/1508
f 1508/1508/1508 1507/1507/1507 1585/1585/1585
f 1639/1639/1639 1648/1648/1648 1510/1510/1510
f 1510/1510/1510 1509/1509/1509 1639/1639/1639
f 1621/1621/1621 1630/1630/1630 1512/1512/1512
f 1512/1512/1512 1511/1511/1511 1621/1621/1621
f 1675/1675/1675 1684/1684/1684 1514/1514/1514
f 1514/1514/1514 1513/1513/1513 1675/1675/1675
f 1657/1657/1657 1666/1666/1666 1516/1516/1516
f 1516/1516/1516 1515/1515/1515 1657/1657/1657
f 1711/1711/1711 1720/1720/1720 1518/1518/1518
f 1518/1518/1518 1517/1517/1517 1711/1711/1711
f 1693/1693/1693 1702/1702/1702 1520/1520/1520
f 1520/1520/1520 1519/1519/1519 1693/1693/1693
f 1594/1594/1594 1597/1597/1597 1729/1729/1729
f 1729/1729/1729 1508/1508/1508 1594/1594/1594
f 1604/1604/1604 1603/1603/1603 1505/1505/1505
f 1505/1505/1505 1730/1730/1730 1604/1604/1604
f 1597/1597/1597 1599/1599/1599 1731/1731/1731
f 1731/1731/1731 1729/1729/1729 1597/1597/1597
f 1609/1609/1609 1604/1604/1604 1730/1730/1730
f 1730/1730/1730 1732/1732/1732 1609/1609/1609
f 1612/1612/1612 1615/1615/1615 1733/1733/1733
f 1733/1733/1733 1506/1506/1506 1612/1612/1612
f 1586/1586/1586 1585/1585/1585 1507/1507/1507
f 1507/1507/1507 1734/1734/1734 1586/1586/1586
f 1615/1615/1615 1617/1617/1617 1735/1735/1735
f 1735/1735/1735 1733/1733/1733 1615/1615/1615
f 1591/1591/1591 1586/1586/1586 1734/1734/1734
f 1734/1734/1734 1736/1736/1736 1591/1591/1591
f 1630/1630/1630 1633/1633/1633 1737/1737/1737
f 1737/1737/1737 1512/1512/1512 1630/1630/1630
f 1640/1640/1640 1639/1639/1639 1509/1509/1509
f 1509/1509/1509 1738/1738/1738 1640/1640/1640
f 1633/1633/1633 1635/1635/1635 1739/1739/1739
f 1739/1739/1739 1737/1737/1737 1633/1633/1633
f 1645/1645/1645 1640/1640/1640 1738/1738/1738
f 1738/1738/1738 1740/1740/1740 1645/1645/1645
f 1648/1648/1648 1651/1651/1651 1741/1741/1741
f 1741/1741/1741 1510/1510/1510 1648/1648/1648
f 1622/1622/1622 1621/1621/1621 1511/1511/1511
f 1511/1511/1511 1742/1742/1742 1622/1622/1622
f 1651/1651/1651 1653/1653/1653 1743/1743/1743
f 1743/1743/1743 1741/1741/1741 1651/1651/1651
f 1627/1627/1627 1622/1622/1622 1742/1742/1742
f 1742/1742/1742 1744/1744/1744 1627/1627/1627
f 1666/1666/1666 1669/1669/1669 1745/1745/1745
f 1745/1745/1745 1516/1516/1516 1666/1666/1666
f 1676/1676/1676 1675/1675/1675 1513/1513/1513
f 1513/1513/1513 1746/1746/1746 1676/1676/1676
f 1669/1669/1669 1671/1671/1671 1747/1747/1747
f 1747/1747/1747 1745/1745/1745 1669/1669/1669
f 1681/1681/1681 1676/1676/1676 1746/1746/1746
f 1746/1746/1746 1748/1748/1748 1681/1681/1681
f 1684/1684/1684 1687/1687/1687 1749/1749/1749
f 1749/1749/1749 1514/1514/1514 1684/1684/1684
f 1658/1658/1658 1657/1657/1657 1515/1515/1515
f 1515/1515/1515 1750/1750/1750 1658/1658/1658
f 1687/1687/1687 1689/1689/1689 1751/1751/1751
f 1751/1751/1751 1749/1749/1749 1687/1687/1687
f 1663/1663/1663 1658/1658/1658 1750/1750/1750
f 1750/1750/1750 1752/1752/1752 1663/1663/1663
f 1702/1702/1702 1705/1705/1705 1753/1753/1753
f 1753/1753/1753 1520/1520/1520 1702/1702/1702
f 1712/1712/1712 1711/1711/1711 1517/1517/1517
f 1517/1517/1517 1754/1754/1754 1712/1712/1712
f 1705/1705/1705 1707/1707/1707 1755/1755/1755
f 1755/1755/1755 1753/1753/1753 1705/1705/1705
f 1717/1717/1717 1712/1712/1712 1754/1754/1754
f 1754/1754/1754 1756/1756/1756 1717/1717/1717
f 1720/1720/1720 1723/1723/1723 1757/1757/1757
f 1757/1757/1757 1518/1518/1518 1720/1720/1720
f 1694/1694/1694 1693/1693/1693 1519/1519/1519
f 1519/1519/1519 1758/1758/1758 1694/1694/1694
f 1723/1723/1723 1725/1725/1725 1759/1759/1759
f 1759/1759/1759 1757/1757/1757 1723/1723/1723
f 1699/1699/1699 1694/1694/1694 1758/1758/1758
f 1758/1758/1758 1760/1760/1760 1699/1699/1699
f 1761/1761/1761 1762/1762/1762 1763/1763/1763
f 1763/1763/1763 1764/1764/1764 1761/1761/1761
f 1765/1765/1765 1766/1766/1766 1767/1767/1767
f 1767/1767/1767 1768/1768/1768 1765/1765/1765
f 1769/1769/1769 1770/1770/1770 1771/1771/1771
f 1771/1771/1771 1772/1772/1772 1769/1769/1769
f 1773/1773/1773 1774/1774/1774 1775/1775/1775
f 1775/1775/1775 1776/1776/1776 1773/1773/1773
f 1777/1777/1777 1778/1778/1778 1779/1779/1779
f 1779/1779/1779 1780/1780/1780 1777/1777/1777
f 1781/1781/1781 1782/1782/1782 1783/1783/1783
f 1783/1783/1783 1784/1784/1784 1781/1781/1781
f 1764/1764/1764 1785/1785/1785 1786/1786/1786
f 1786/1786/1786 1787/1787/1787 1764/1764/1764
f 1787/1787/1787 1786/1786/1786 1788/1788/1788
f 1788/1788/1788 1789/1789/1789 1787/1787/1787
f 1785/1785/1785 1790/1790/1790 1791/1791/1791
f 1791/1791/1791 1786/1786/1786 1785/1785/1785
f 1786/1786/1786 1791/1791/1791 1792/1792/1792
f 1792/1792/1792 1788/1788/1788 1786/1786/1786
f 1793/1793/1793 1794/1794/1794 1795/1795/1795
f 1795/1795/1795 1796/1796/1796 1793/1793/1793
f 1796/1796/1796 1795/1795/1795 1797/1797/1797
f 1797/1797/1797 1798/1798/1798 1796/1796/1796
f 1794/1794/1794 1799/1799/1799 1800/1800/1800
f 1800/1800/1800 1795/1795/1795 1794/1794/1794
f 1795/1795/1795 1800/1800/1800 1801/1801/1801
f 1801/1801/1801 1797/1797/1797 1795/1795/1795
f 1802/1802/1802 1803/1803/1803 1804/1804/1804
f 1804/1804/1804 1805/1805/1805 1802/1802/1802
f 1805/1805/1805 1804/1804/1804 1806/1806/1806
f 1806/1806/1806 1807/1807/1807 1805/1805/1805
f 1803/1803/1803 1808/1808/1808 1809/1809/1809
f 1809/1809/1809 1804/1804/1804 1803/1803/1803
f 1804/1804/1804 1809/1809/1809 1810/1810/1810
f 1810/1810/1810 1806/1806/1806 1804/1804/1804
f 1763/1763/1763 1811/1811/1811 1812/1812/1812
f 1812/1812/1812 1813/1813/1813 1763/1763/1763
f 1813/1813/1813 1812/1812/1812 1814/1814/1814
f 1814/1814/1814 1815/1815/1815 1813/1813/1813
f 1811/1811/1811 1816/1816/1816 1817/1817/1817
f 1817/1817/1817 1812/1812/1812 1811/1811/1811
f 1812/1812/1812 1817/1817/1817 1818/1818/1818
f 1818/1818/1818 1814/1814/1814 1812/1812/1812
f 1768/1768/1768 1819/1819/1819 1820/1820/1820
f 1820/1820/1820 1821/1821/1821 1768/1768/1768
f 1821/1821/1821 1820/1820/1820 1822/1822/1822
f 1822/1822/1822 1823/1823/1823 1821/1821/1821
f 1819/1819/1819 1824/1824/1824 1825/1825/1825
f 1825/1825/1825 1820/1820/1820 1819/1819/1819
f 1820/1820/1820 1825/1825/1825 1826/1826/1826
f 1826/1826/1826 1822/1822/1822 1820/1820/1820
f 1765/1765/1765 1827/1827/1827 1828/1828/1828
f 1828/1828/1828 1829/1829/1829 1765/1765/1765
f 1829/1829/1829 1828/1828/1828 1830/1830/1830
f 1830/1830/1830 1831/1831/1831 1829/1829/1829
f 1827/1827/1827 1832/1832/1832 1833/1833/1833
f 1833/1833/1833 1828/1828/1828 1827/1827/1827
f 1828/1828/1828 1833/1833/1833 1834/1834/1834
f 1834/1834/1834 1830/1830/1830 1828/1828/1828
f 1835/1835/1835 1836/1836/1836 1837/1837/1837
f 1837/1837/1837 1838/1838/1838 1835/1835/1835
f 1838/1838/1838 1837/1837/1837 1839/1839/1839
f 1839/1839/1839 1840/1840/1840 1838/1838/1838
f 1836/1836/1836 1841/1841/1841 1842/1842/1842
f 1842/1842/1842 1837/1837/1837 1836/1836/1836
f 1837/1837/1837 1842/1842/1842 1843/1843/1843
f 1843/1843/1843 1839/1839/1839 1837/1837/1837
f 1844/1844/1844 1845/1845/1845 1846/1846/1846
f 1846/1846/1846 1847/1847/1847 1844/1844/1844
f 1847/1847/1847 1846/1846/1846 1848/1848/1848
f 1848/1848/1848 1849/1849/1849 1847/1847/1847
f 1845/1845/1845 1850/1850/1850 1851/1851/1851
f 1851/1851/1851 1846/1846/1846 1845/1845/1845
f 1846/1846/1846 1851/1851/1851 1852/1852/1852
f 1852/1852/1852 1848/1848/1848 1846/1846/1846
f 1853/1853/1853 1854/1854/1854 1855/1855/1855
f 1855/1855/1855 1856/1856/1856 1853/1853/1853
f 1856/1856/1856 1855/1855/1855 1857/1857/1857
f 1857/1857/1857 1858/1858/1858 1856/1856/1856
f 1854/1854/1854 1859/1859/1859 1860/1860/1860
f 1860/1860/1860 1855/1855/1855 1854/1854/1854
f 1855/1855/1855 1860/1860/1860 1861/1861/1861
f 1861/1861/1861 1857/1857/1857 1855/1855/1855
f 1862/1862/1862 1863/1863/1863 1864/1864/1864
f 1864/1864/1864 1865/1865/1865 1862/1862/1862
f 1865/1865/1865 1864/1864/1864 1866/1866/1866
f 1866/1866/1866 1867/1867/1867 1865/1865/1865
f 1863/1863/1863 1868/1868/1868 1869/1869/1869
f 1869/1869/1869 1864/1864/1864 1863/1863/1863
f 1864/1864/1864 1869/1869/1869 1870/1870/1870
f 1870/1870/1870 1866/1866/1866 1864/1864/1864
f 1871/1871/1871 1872/1872/1872 1873/1873/1873
f 1873/1873/1873 1874/1874/1874 1871/1871/1871
f 1874/1874/1874 1873/1873/1873 1875/1875/1875
f 1875/1875/1875 1876/1876/1876 1874/1874/1874
f 1872/1872/1872 1877/1877/1877 1878/1878/1878
f 1878/1878/1878 1873/1873/1873 1872/1872/1872
f 1873/1873/1873 1878/1878/1878 1879/1879/1879
f 1879/1879/1879 1875/1875/1875 1873/1873/1873
f 1880/1880/1880 1881/1881/1881 1882/1882/1882
f 1882/1882/1882 1883/1883/1883 1880/1880/1880
f 1883/1883/1883 1882/1882/1882 1884/1884/1884
f 1884/1884/1884 1885/1885/1885 1883/1883/1883
f 1881/1881/1881 1886/1886/1886 1887/1887/1887
f 1887/1887/1887 1882/1882/1882 1881/1881/1881
f 1882/1882/1882 1887/1887/1887 1888/1888/1888
f 1888/1888/1888 1884/1884/1884 1882/1882/1882
f 1889/1889/1889 1890/1890/1890 1891/1891/1891
f 1891/1891/1891 1892/1892/1892 1889/1889/1889
f 1892/1892/1892 1891/1891/1891 1893/1893/1893
f 1893/1893/1893 1894/1894/1894 1892/1892/1892
f 1890/1890/1890 1895/1895/1895 1896/1896/1896
f 1896/1896/1896 1891/1891/1891 1890/1890/1890
f 1891/1891/1891 1896/1896/1896 1897/1897/1897
f 1897/1897/1897 1893/1893/1893 1891/1891/1891
f 1898/1898/1898 1899/1899/1899 1900/1900/1900
f 1900/1900/1900 1901/1901/1901 1898/1898/1898
f 1901/1901/1901 1900/1900/1900 1902/1902/1902
f 1902/1902/1902 1903/1903/1903 1901/1901/1901
f 1899/1899/1899 1904/1904/1904 1905/1905/1905
f 1905/1905/1905 1900/1900/1900 1899/1899/1899
f 1900/1900/1900 1905/1905/1905 1906/1906/1906
f 1906/1906/1906 1902/1902/1902 1900/1900/1900
f 1907/1907/1907 1908/1908/1908 1909/1909/1909
f 1909/1909/1909 1910/1910/1910 1907/1907/1907
f 1910/1910/1910 1909/1909/1909 1911/1911/1911
f 1911/1911/1911 1912/1912/1912 1910/1910/1910
f 1908/1908/1908 1913/1913/1913 1914/1914/1914
f 1914/1914/1914 1909/1909/1909 1908/1908/1908
f 1909/1909/1909 1914/1914/1914 1915/1915/1915
f 1915/1915/1915 1911/1911/1911 1909/1909/1909
f 1916/1916/1916 1917/1917/1917 1918/1918/1918
f 1918/1918/1918 1919/1919/1919 1916/1916/1916
f 1919/1919/1919 1918/1918/1918 1920/1920/1920
f 1920/1920/1920 1921/1921/1921 1919/1919/1919
f 1917/1917/1917 1922/1922/1922 1923/1923/1923
f 1923/1923/1923 1918/1918/1918 1917/1917/1917
f 1918/1918/1918 1923/1923/1923 1924/1924/1924
f 1924/1924/1924 1920/1920/1920 1918/1918/1918
f 1925/1925/1925 1926/1926/1926 1927/1927/1927
f 1927/1927/1927 1928/1928/1928 1925/1925/1925
f 1928/1928/1928 1927/1927/1927 1929/1929/1929
f 1929/1929/1929 1930/1930/1930 1928/1928/1928
f 1926/1926/1926 1931/1931/1931 1932/1932/1932
f 1932/1932/1932 1927/1927/1927 1926/1926/1926
f 1927/1927/1927 1932/1932/1932 1933/1933/1933
f 1933/1933/1933 1929/1929/1929 1927/1927/1927
f 1934/1934/1934 1935/1935/1935 1936/1936/1936
f 1936/1936/1936 1937/1937/1937 1934/1934/1934
f 1937/1937/1937 1936/1936/1936 1938/1938/1938
f 1938/1938/1938 1939/1939/1939 1937/1937/1937
f 1935/1935/1935 1940/1940/1940 1941/1941/1941
f 1941/1941/1941 1936/1936/1936 1935/1935/1935
f 1936/1936/1936 1941/1941/1941 1942/1942/1942
f 1942/1942/1942 1938/1938/1938 1936/1936/1936
f 1943/1943/1943 1944/1944/1944 1945/1945/1945
f 1945/1945/1945 1946/1946/1946 1943/1943/1943
f 1946/1946/1946 1945/1945/1945 1947/1947/1947
f 1947/1947/1947 1948/1948/1948 1946/1946/1946
f 1944/1944/1944 1949/1949/1949 1950/1950/1950
f 1950/1950/1950 1945/1945/1945 1944/1944/1944
f 1945/1945/1945 1950/1950/1950 1951/1951/1951
f 1951/1951/1951 1947/1947/1947 1945/1945/1945
f 1952/1952/1952 1953/1953/1953 1954/1954/1954
f 1954/1954/1954 1955/1955/1955 1952/1952/1952
f 1955/1955/1955 1954/1954/1954 1956/1956/1956
f 1956/1956/1956 1957/1957/1957 1955/1955/1955
f 1953/1953/1953 1958/1958/1958 1959/1959/1959
f 1959/1959/1959 1954/1954/1954 1953/1953/1953
f 1954/1954/1954 1959/1959/1959 1960/1960/1960
f 1960/1960/1960 1956/1956/1956 1954/1954/1954
f 1961/1961/1961 1962/1962/1962 1963/1963/1963
f 1963/1963/1963 1964/1964/1964 1961/1961/1961
f 1964/1964/1964 1963/1963/1963 1965/1965/1965
f 1965/1965/1965 1966/1966/1966 1964/1964/1964
f 1962/1962/1962 1967/1967/1967 1968/1968/1968
f 1968/1968/1968 1963/1963/1963 1962/1962/1962
f 1963/1963/1963 1968/1968/1968 1969/1969/1969
f 1969/1969/1969 1965/1965/1965 1963/1963/1963
f 1970/1970/1970 1971/1971/1971 1972/1972/1972
f 1972/1972/1972 1973/1973/1973 1970/1970/1970
f 1973/1973/1973 1972/1972/1972 1974/1974/1974
f 1974/1974/1974 1975/1975/1975 1973/1973/1973
f 1971/1971/1971 1976/1976/1976 1977/1977/1977
f 1977/1977/1977 1972/1972/1972 1971/1971/1971
f 1972/1972/1972 1977/1977/1977 1978/1978/1978
f 1978/1978/1978 1974/1974/1974 1972/1972/1972
f 1979/1979/1979 1980/1980/1980 1981/1981/1981
f 1981/1981/1981 1982/1982/1982 1979/1979/1979
f 1982/1982/1982 1981/1981/1981 1983/1983/1983
f 1983/1983/1983 1984/1984/1984 1982/1982/1982
f 1980/1980/1980 1985/1985/1985 1986/1986/1986
f 1986/1986/1986 1981/1981/1981 1980/1980/1980
f 1981/1981/1981 1986/1986/1986 1987/1987/1987
f 1987/1987/1987 1983/1983/1983 1981/1981/1981
f 1988/1988/1988 1989/1989/1989 1990/1990/1990
f 1990/1990/1990 1991/1991/1991 1988/1988/1988
f 1991/1991/1991 1990/1990/1990 1992/1992/1992
f 1992/1992/1992 1993/1993/1993 1991/1991/1991
f 1989/1989/1989 1994/1994/1994 1995/1995/1995
f 1995/1995/1995 1990/1990/1990 1989/1989/1989
f 1990/1990/1990 1995/1995/1995 1996/1996/1996
f 1996/1996/1996 1992/1992/1992 1990/1990/1990
f 1997/1997/1997 1998/1998/1998 1794/1794/1794
f 1794/1794/1794 1793/1793/1793 1997/1997/1997
f 1998/1998/1998 1999/1999/1999 1799/1799/1799
f 1799/1799/1799 1794/1794/1794 1998/1998/1998
f 1802/1802/1802 1793/1793/1793 1796/1796/1796
f 1796/1796/1796 1803/1803/1803 1802/1802/1802
f 1803/1803/1803 1796/1796/1796 1798/1798/1798
f 1798/1798/1798 1808/1808/1808 1803/1803/1803
f 1762/1762/1762 2000/2000/2000 1811/1811/1811
f 1811/1811/1811 1763/1763/1763 1762/1762/1762
f 2000/2000/2000 2001/2001/2001 1816/1816/1816
f 1816/1816/1816 1811/1811/1811 2000/2000/2000
f 1764/1764/1764 1763/1763/1763 1813/1813/1813
f 1813/1813/1813 1785/1785/1785 1764/1764/1764
f 1785/1785/1785 1813/1813/1813 1815/1815/1815
f 1815/1815/1815 1790/1790/1790 1785/1785/1785
f 1765/1765/1765 1768/1768/1768 1821/1821/1821
f 1821/1821/1821 1827/1827/1827 1765/1765/1765
f 1827/1827/1827 1821/1821/1821 1823/1823/1823
f 1823/1823/1823 1832/1832/1832 1827/1827/1827
f 2002/2002/2002 2003/2003/2003 1836/1836/1836
f 1836/1836/1836 1835/1835/1835 2002/2002/2002
f 2003/2003/2003 2004/2004/2004 1841/1841/1841
f 1841/1841/1841 1836/1836/1836 2003/2003/2003
f 1844/1844/1844 1835/1835/1835 1838/1838/1838
f 1838/1838/1838 1845/1845/1845 1844/1844/1844
f 1845/1845/1845 1838/1838/1838 1840/1840/1840
f 1840/1840/1840 1850/1850/1850 1845/1845/1845
f 1767/1767/1767 2005/2005/2005 1819/1819/1819
f 1819/1819/1819 1768/1768/1768 1767/1767/1767
f 2005/2005/2005 2006/2006/2006 1824/1824/1824
f 1824/1824/1824 1819/1819/1819 2005/2005/2005
f 1862/1862/1862 1853/1853/1853 1856/1856/1856
f 1856/1856/1856 1863/1863/1863 1862/1862/1862
f 1863/1863/1863 1856/1856/1856 1858/1858/1858
f 1858/1858/1858 1868/1868/1868 1863/1863/1863
f 2007/2007/2007 2008/2008/2008 2009/2009/2009
f 2009/2009/2009 2010/2010/2010 2007/2007/2007
f 2008/2008/2008 2011/2011/2011 2012/2012/2012
f 2012/2012/2012 2009/2009/2009 2008/2008/2008
f 1880/1880/1880 1871/1871/1871 1874/1874/1874
f 1874/1874/1874 1881/1881/1881 1880/1880/1880
f 1881/1881/1881 1874/1874/1874 1876/1876/1876
f 1876/1876/1876 1886/1886/1886 1881/1881/1881
f 1770/1770/1770 2013/2013/2013 2014/2014/2014
f 2014/2014/2014 1771/1771/1771 1770/1770/1770
f 2013/2013/2013 2015/2015/2015 2016/2016/2016
f 2016/2016/2016 2014/2014/2014 2013/2013/2013
f 2017/2017/2017 2018/2018/2018 1899/1899/1899
f 1899/1899/1899 1898/1898/1898 2017/2017/2017
f 2018/2018/2018 2019/2019/2019 1904/1904/1904
f 1904/1904/1904 1899/1899/1899 2018/2018/2018
f 2020/2020/2020 2021/2021/2021 2022/2022/2022
f 2022/2022/2022 2023/2023/2023 2020/2020/2020
f 2021/2021/2021 2024/2024/2024 2025/2025/2025
f 2025/2025/2025 2022/2022/2022 2021/2021/2021
f 2026/2026/2026 2027/2027/2027 1917/1917/1917
f 1917/1917/1917 1916/1916/1916 2026/2026/2026
f 2027/2027/2027 2028/2028/2028 1922/1922/1922
f 1922/1922/1922 1917/1917/1917 2027/2027/2027
f 2029/2029/2029 2030/2030/2030 2031/2031/2031
f 2031/2031/2031 2032/2032/2032 2029/2029/2029
f 2030/2030/2030 2033/2033/2033 2034/2034/2034
f 2034/2034/2034 2031/2031/2031 2030/2030/2030
f 1934/1934/1934 1925/1925/1925 1928/1928/1928
f 1928/1928/1928 1935/1935/1935 1934/1934/1934
f 1935/1935/1935 1928/1928/1928 1930/1930/1930
f 1930/1930/1930 1940/1940/1940 1935/1935/1935
f 2035/2035/2035 2036/2036/2036 2037/2037/2037
f 2037/2037/2037 2038/2038/2038 2035/2035/2035
f 2036/2036/2036 2039/2039/2039 2040/2040/2040
f 2040/2040/2040 2037/2037/2037 2036/2036/2036
f 1952/1952/1952 1943/1943/1943 1946/1946/1946
f 1946/1946/1946 1953/1953/1953 1952/1952/1952
f 1953/1953/1953 1946/1946/1946 1948/1948/1948
f 1948/1948/1948 1958/1958/1958 1953/1953/1953
f 1778/1778/1778 2041/2041/2041 2042/2042/2042
f 2042/2042/2042 1779/1779/1779 1778/1778/1778
f 2041/2041/2041 2043/2043/2043 2044/2044/2044
f 2044/2044/2044 2042/2042/2042 2041/2041/2041
f 2045/2045/2045 2046/2046/2046 1971/1971/1971
f 1971/1971/1971 1970/1970/1970 2045/2045/2045
f 2046/2046/2046 2047/2047/2047 1976/1976/1976
f 1976/1976/1976 1971/1971/1971 2046/2046/2046
f 2048/2048/2048 2049/2049/2049 2050/2050/2050
f 2050/2050/2050 2051/2051/2051 2048/2048/2048
f 2049/2049/2049 2052/2052/2052 2053/2053/2053
f 2053/2053/2053 2050/2050/2050 2049/2049/2049
f 2054/2054/2054 2055/2055/2055 1989/1989/1989
f 1989/1989/1989 1988/1988/1988 2054/2054/2054
f 2055/2055/2055 2056/2056/2056 1994/1994/1994
f 1994/1994/1994 1989/1989/1989 2055/2055/2055
f 2057/2057/2057 2058/2058/2058 2059/2059/2059
f 2059/2059/2059 2060/2060/2060 2057/2057/2057
f 2058/2058/2058 2061/2061/2061 2062/2062/2062
f 2062/2062/2062 2059/2059/2059 2058/2058/2058
f 1871/1871/1871 1880/1880/1880 2063/2063/2063
f 2063/2063/2063 2010/2010/2010 1871/1871/1871
f 1853/1853/1853 1862/1862/1862 1772/1772/1772
f 1772/1772/1772 1771/1771/1771 1853/1853/1853
f 1907/1907/1907 2064/2064/2064 2065/2065/2065
f 2065/2065/2065 2023/2023/2023 1907/1907/1907
f 1889/1889/1889 2066/2066/2066 2067/2067/2067
f 2067/2067/2067 2032/2032/2032 1889/1889/1889
f 1943/1943/1943 1952/1952/1952 2068/2068/2068
f 2068/2068/2068 2038/2038/2038 1943/1943/1943
f 1925/1925/1925 1934/1934/1934 1780/1780/1780
f 1780/1780/1780 1779/1779/1779 1925/1925/1925
f 1979/1979/1979 2069/2069/2069 2070/2070/2070
f 2070/2070/2070 2051/2051/2051 1979/1979/1979
f 1961/1961/1961 2071/2071/2071 2072/2072/2072
f 2072/2072/2072 2060/2060/2060 1961/1961/1961
f 1862/1862/1862 1865/1865/1865 2073/2073/2073
f 2073/2073/2073 1772/1772/1772 1862/1862/1862
f 1872/1872/1872 1871/1871/1871 2010/2010/2010
f 2010/2010/2010 2009/2009/2009 1872/1872/1872
f 1865/1865/1865 1867/1867/1867 2074/2074/2074
f 2074/2074/2074 2073/2073/2073 1865/1865/1865
f 1877/1877/1877 1872/1872/1872 2009/2009/2009
f 2009/2009/2009 2012/2012/2012 1877/1877/1877
f 1880/1880/1880 1883/1883/1883 2075/2075/2075
f 2075/2075/2075 2063/2063/2063 1880/1880/1880
f 1854/1854/1854 1853/1853/1853 1771/1771/1771
f 1771/1771/1771 2014/2014/2014 1854/1854/1854
f 1883/1883/1883 1885/1885/1885 2076/2076/2076
f 2076/2076/2076 2075/2075/2075 1883/1883/1883
f 1859/1859/1859 1854/1854/1854 2014/2014/2014
f 2014/2014/2014 2016/2016/2016 1859/1859/1859
f 1898/1898/1898 1901/1901/1901 2077/2077/2077
f 2077/2077/2077 1776/1776/1776 1898/1898/1898
f 1908/1908/1908 1907/1907/1907 2023/2023/2023
f 2023/2023/2023 2022/2022/2022 1908/1908/1908
f 1901/1901/1901 1903/1903/1903 2078/2078/2078
f 2078/2078/2078 2077/2077/2077 1901/1901/1901
f 1913/1913/1913 1908/1908/1908 2022/2022/2022
f 2022/2022/2022 2025/2025/2025 1913/1913/1913
f 1916/1916/1916 1919/1919/1919 2079/2079/2079
f 2079/2079/2079 2080/2080/2080 1916/1916/1916
f 1890/1890/1890 1889/1889/1889 2032/2032/2032
f 2032/2032/2032 2031/2031/2031 1890/1890/1890
f 1919/1919/1919 1921/1921/1921 2081/2081/2081
f 2081/2081/2081 2079/2079/2079 1919/1919/1919
f 1895/1895/1895 1890/1890/1890 2031/2031/2031
f 2031/2031/2031 2034/2034/2034 1895/1895/1895
f 1934/1934/1934 1937/1937/1937 2082/2082/2082
f 2082/2082/2082 1780/1780/1780 1934/1934/1934
f 1944/1944/1944 1943/1943/1943 2038/2038/2038
f 2038/2038/2038 2037/2037/2037 1944/1944/1944
f 1937/1937/1937 1939/1939/1939 2083/2083/2083
f 2083/2083/2083 2082/2082/2082 1937/1937/1937
f 1949/1949/1949 1944/1944/1944 2037/2037/2037
f 2037/2037/2037 2040/2040/2040 1949/1949/1949
f 1952/1952/1952 1955/1955/1955 2084/2084/2084
f 2084/2084/2084 2068/2068/2068 1952/1952/1952
f 1926/1926/1926 1925/1925/1925 1779/1779/1779
f 1779/1779/1779 2042/2042/2042 1926/1926/1926
f 1955/1955/1955 1957/1957/1957 2085/2085/2085
f 2085/2085/2085 2084/2084/2084 1955/1955/1955
f 1931/1931/1931 1926/1926/1926 2042/2042/2042
f 2042/2042/2042 2044/2044/2044 1931/1931/1931
f 1970/1970/1970 1973/1973/1973 2086/2086/2086
f 2086/2086/2086 1784/1784/1784 1970/1970/1970
f 1980/1980/1980 1979/1979/1979 2051/2051/2051
f 2051/2051/2051 2050/2050/2050 1980/1980/1980
f 1973/1973/1973 1975/1975/1975 2087/2087/2087
f 2087/2087/2087 2086/2086/2086 1973/1973/1973
f 1985/1985/1985 1980/1980/1980 2050/2050/2050
f 2050/2050/2050 2053/2053/2053 1985/1985/1985
f 1988/1988/1988 1991/1991/1991 2088/2088/2088
f 2088/2088/2088 2089/2089/2089 1988/1988/1988
f 1962/1962/1962 1961/1961/1961 2060/2060/2060
f 2060/2060/2060 2059/2059/2059 1962/1962/1962
f 1991/1991/1991 1993/1993/1993 2090/2090/2090
f 2090/2090/2090 2088/2088/2088 1991/1991/1991
f 1967/1967/1967 1962/1962/1962 2059/2059/2059
f 2059/2059/2059 2062/2062/2062 1967/1967/1967
f 1793/1793/1793 1802/1802/1802 2091/2091/2091
f 2091/2091/2091 1997/1997/1997 1793/1793/1793
f 1835/1835/1835 1844/1844/1844 2092/2092/2092
f 2092/2092/2092 2002/2002/2002 1835/1835/1835
f 2093/2093/2093 2094/2094/2094 2095/2095/2095
f 2095/2095/2095 2065/2065/2065 2093/2093/2093
f 2089/2089/2089 2096/2096/2096 2097/2097/2097
f 2097/2097/2097 2098/2098/2098 2089/2089/2089
f 1761/1761/1761 2099/2099/2099 1998/1998/1998
f 1998/1998/1998 1997/1997/1997 1761/1761/1761
f 2099/2099/2099 2100/2100/2100 1999/1999/1999
f 1999/1999/1999 1998/1998/1998 2099/2099/2099
f 1802/1802/1802 1805/1805/1805 2101/2101/2101
f 2101/2101/2101 2091/2091/2091 1802/1802/1802
f 1805/1805/1805 1807/1807/1807 2102/2102/2102
f 2102/2102/2102 2101/2101/2101 1805/1805/1805
f 1766/1766/1766 2103/2103/2103 2003/2003/2003
f 2003/2003/2003 2002/2002/2002 1766/1766/1766
f 2103/2103/2103 2104/2104/2104 2004/2004/2004
f 2004/2004/2004 2003/2003/2003 2103/2103/2103
f 1844/1844/1844 1847/1847/1847 2105/2105/2105
f 2105/2105/2105 2092/2092/2092 1844/1844/1844
f 1847/1847/1847 1849/1849/1849 2106/2106/2106
f 2106/2106/2106 2105/2105/2105 1847/1847/1847
f 2066/2066/2066 2107/2107/2107 2018/2018/2018
f 2018/2018/2018 2017/2017/2017 2066/2066/2066
f 2107/2107/2107 2108/2108/2108 2019/2019/2019
f 2019/2019/2019 2018/2018/2018 2107/2107/2107
f 1907/1907/1907 1910/1910/1910 2109/2109/2109
f 2109/2109/2109 2064/2064/2064 1907/1907/1907
f 1910/1910/1910 1912/1912/1912 2110/2110/2110
f 2110/2110/2110 2109/2109/2109 1910/1910/1910
f 1961/1961/1961 1964/1964/1964 2111/2111/2111
f 2111/2111/2111 2071/2071/2071 1961/1961/1961
f 1964/1964/1964 1966/1966/1966 2112/2112/2112
f 2112/2112/2112 2111/2111/2111 1964/1964/1964
f 2069/2069/2069 2113/2113/2113 2055/2055/2055
f 2055/2055/2055 2054/2054/2054 2069/2069/2069
f 2113/2113/2113 2114/2114/2114 2056/2056/2056
f 2056/2056/2056 2055/2055/2055 2113/2113/2113
f 2026/2026/2026 2093/2093/2093 2065/2065/2065
f 2065/2065/2065 2064/2064/2064 2026/2026/2026
f 1898/1898/1898 1776/1776/1776 1775/1775/1775
f 1775/1775/1775 2017/2017/2017 1898/1898/1898
f 1988/1988/1988 2089/2089/2089 2098/2098/2098
f 2098/2098/2098 2054/2054/2054 1988/1988/1988
f 2045/2045/2045 1783/1783/1783 2072/2072/2072
f 2072/2072/2072 2071/2071/2071 2045/2045/2045
f 2007/2007/2007 2115/2115/2115 1770/1770/1770
f 1770/1770/1770 1769/1769/1769 2007/2007/2007
f 2020/2020/2020 2095/2095/2095 1774/1774/1774
f 1774/1774/1774 1773/1773/1773 2020/2020/2020
f 2035/2035/2035 2116/2116/2116 1778/1778/1778
f 1778/1778/1778 1777/1777/1777 2035/2035/2035
f 2048/2048/2048 2117/2117/2117 1782/1782/1782
f 1782/1782/1782 1781/1781/1781 2048/2048/2048
f 1772/1772/1772 2073/2073/2073 2118/2118/2118
f 2118/2118/2118 1769/1769/1769 1772/1772/1772
f 2073/2073/2073 2074/2074/2074 2119/2119/2119
f 2119/2119/2119 2118/2118/2118 2073/2073/2073
f 2115/2115/2115 2120/2120/2120 2013/2013/2013
f 2013/2013/2013 1770/1770/1770 2115/2115/2115
f 2120/2120/2120 2121/2121/2121 2015/2015/2015
f 2015/2015/2015 2013/2013/2013 2120/2120/2120
f 1776/1776/1776 2077/2077/2077 2122/2122/2122
f 2122/2122/2122 1773/1773/1773 1776/1776/1776
f 2077/2077/2077 2078/2078/2078 2123/2123/2123
f 2123/2123/2123 2122/2122/2122 2077/2077/2077
f 2124/2124/2124 2125/2125/2125 2030/2030/2030
f 2030/2030/2030 2029/2029/2029 2124/2124/2124
f 2125/2125/2125 2126/2126/2126 2033/2033/2033
f 2033/2033/2033 2030/2030/2030 2125/2125/2125
f 1780/1780/1780 2082/2082/2082 2127/2127/2127
f 2127/2127/2127 1777/1777/1777 1780/1780/1780
f 2082/2082/2082 2083/2083/2083 2128/2128/2128
f 2128/2128/2128 2127/2127/2127 2082/2082/2082
f 2116/2116/2116 2129/2129/2129 2041/2041/2041
f 2041/2041/2041 1778/1778/1778 2116/2116/2116
f 2129/2129/2129 2130/2130/2130 2043/2043/2043
f 2043/2043/2043 2041/2041/2041 2129/2129/2129
f 1784/1784/1784 2086/2086/2086 2131/2131/2131
f 2131/2131/2131 1781/1781/1781 1784/1784/1784
f 2086/2086/2086 2087/2087/2087 2132/2132/2132
f 2132/2132/2132 2131/2131/2131 2086/2086/2086
f 2096/2096/2096 2133/2133/2133 2058/2058/2058
f 2058/2058/2058 2057/2057/2057 2096/2096/2096
f 2133/2133/2133 2134/2134/2134 2061/2061/2061
f 2061/2061/2061 2058/2058/2058 2133/2133/2133
f 2032/2032/2032 2067/2067/2067 2135/2135/2135
f 2135/2135/2135 2029/2029/2029 2032/2032/2032
f 2060/2060/2060 2072/2072/2072 2136/2136/2136
f 2136/2136/2136 2057/2057/2057 2060/2060/2060
f 1769/1769/1769 2118/2118/2118 2008/2008/2008
f 2008/2008/2008 2007/2007/2007 1769/1769/1769
f 2118/2118/2118 2119/2119/2119 2011/2011/2011
f 2011/2011/2011 2008/2008/2008 2118/2118/2118
f 1773/1773/1773 2122/2122/2122 2021/2021/2021
f 2021/2021/2021 2020/2020/2020 1773/1773/1773
f 2122/2122/2122 2123/2123/2123 2024/2024/2024
f 2024/2024/2024 2021/2021/2021 2122/2122/2122
f 1777/1777/1777 2127/2127/2127 2036/2036/2036
f 2036/2036/2036 2035/2035/2035 1777/1777/1777
f 2127/2127/2127 2128/2128/2128 2039/2039/2039
f 2039/2039/2039 2036/2036/2036 2127/2127/2127
f 1781/1781/1781 2131/2131/2131 2049/2049/2049
f 2049/2049/2049 2048/2048/2048 1781/1781/1781
f 2131/2131/2131 2132/2132/2132 2052/2052/2052
f 2052/2052/2052 2049/2049/2049 2131/2131/2131
f 2029/2029/2029 2135/2135/2135 2094/2094/2094
f 2094/2094/2094 2124/2124/2124 2029/2029/2029
f 2057/2057/2057 2136/2136/2136 2097/2097/2097
f 2097/2097/2097 2096/2096/2096 2057/2057/2057
f 2010/2010/2010 2063/2063/2063 2115/2115/2115
f 2115/2115/2115 2007/2007/2007 2010/2010/2010
f 2023/2023/2023 2065/2065/2065 2095/2095/2095
f 2095/2095/2095 2020/2020/2020 2023/2023/2023
f 2038/2038/2038 2068/2068/2068 2116/2116/2116
f 2116/2116/2116 2035/2035/2035 2038/2038/2038
f 2051/2051/2051 2070/2070/2070 2117/2117/2117
f 2117/2117/2117 2048/2048/2048 2051/2051/2051
f 2063/2063/2063 2075/2075/2075 2120/2120/2120
f 2120/2120/2120 2115/2115/2115 2063/2063/2063
f 2075/2075/2075 2076/2076/2076 2121/2121/2121
f 2121/2121/2121 2120/2120/2120 2075/2075/2075
f 2080/2080/2080 2079/2079/2079 2125/2125/2125
f 2125/2125/2125 2124/2124/2124 2080/2080/2080
f 2079/2079/2079 2081/2081/2081 2126/2126/2126
f 2126/2126/2126 2125/2125/2125 2079/2079/2079
f 2068/2068/2068 2084/2084/2084 2129/2129/2129
f 2129/2129/2129 2116/2116/2116 2068/2068/2068
f 2084/2084/2084 2085/2085/2085 2130/2130/2130
f 2130/2130/2130 2129/2129/2129 2084/2084/2084
f 2089/2089/2089 2088/2088/2088 2133/2133/2133
f 2133/2133/2133 2096/2096/2096 2089/2089/2089
f 2088/2088/2088 2090/2090/2090 2134/2134/2134
f 2134/2134/2134 2133/2133/2133 2088/2088/2088
f 1997/1997/1997 2091/2091/2091 1762/1762/1762
f 1762/1762/1762 1761/1761/1761 1997/1997/1997
f 2002/2002/2002 2092/2092/2092 1767/1767/1767
f 1767/1767/1767 1766/1766/1766 2002/2002/2002
f 2136/2136/2136 2072/2072/2072 1783/1783/1783
f 1783/1783/1783 1782/1782/1782 2136/2136/2136
f 2091/2091/2091 2101/2101/2101 2000/2000/2000
f 2000/2000/2000 1762/1762/1762 2091/2091/2091
f 2101/2101/2101 2102/2102/2102 2001/2001/2001
f 2001/2001/2001 2000/2000/2000 2101/2101/2101
f 2092/2092/2092 2105/2105/2105 2005/2005/2005
f 2005/2005/2005 1767/1767/1767 2092/2092/2092
f 2105/2105/2105 2106/2106/2106 2006/2006/2006
f 2006/2006/2006 2005/2005/2005 2105/2105/2105
f 2064/2064/2064 2109/2109/2109 2027/2027/2027
f 2027/2027/2027 2026/2026/2026 2064/2064/2064
f 2109/2109/2109 2110/2110/2110 2028/2028/2028
f 2028/2028/2028 2027/2027/2027 2109/2109/2109
f 2071/2071/2071 2111/2111/2111 2046/2046/2046
f 2046/2046/2046 2045/2045/2045 2071/2071/2071
f 2111/2111/2111 2112/2112/2112 2047/2047/2047
f 2047/2047/2047 2046/2046/2046 2111/2111/2111
f 2017/2017/2017 1775/1775/1775 2067/2067/2067
f 2067/2067/2067 2066/2066/2066 2017/2017/2017
f 2054/2054/2054 2098/2098/2098 2070/2070/2070
f 2070/2070/2070 2069/2069/2069 2054/2054/2054
f 2080/2080/2080 2124/2124/2124 2094/2094/2094
f 2094/2094/2094 2093/2093/2093 2080/2080/2080
f 1764/1764/1764 1787/1787/1787 2099/2099/2099
f 2099/2099/2099 1761/1761/1761 1764/1764/1764
f 1787/1787/1787 1789/1789/1789 2100/2100/2100
f 2100/2100/2100 2099/2099/2099 1787/1787/1787
f 1765/1765/1765 1829/1829/1829 2103/2103/2103
f 2103/2103/2103 1766/1766/1766 1765/1765/1765
f 1829/1829/1829 1831/1831/1831 2104/2104/2104
f 2104/2104/2104 2103/2103/2103 1829/1829/1829
f 1889/1889/1889 1892/1892/1892 2107/2107/2107
f 2107/2107/2107 2066/2066/2066 1889/1889/1889
f 1892/1892/1892 1894/1894/1894 2108/2108/2108
f 2108/2108/2108 2107/2107/2107 1892/1892/1892
f 1979/1979/1979 1982/1982/1982 2113/2113/2113
f 2113/2113/2113 2069/2069/2069 1979/1979/1979
f 1982/1982/1982 1984/1984/1984 2114/2114/2114
f 2114/2114/2114 2113/2113/2113 1982/1982/1982
f 1916/1916/1916 2080/2080/2080 2093/2093/2093
f 2093/2093/2093 2026/2026/2026 1916/1916/1916
f 1970/1970/1970 1784/1784/1784 1783/1783/1783
f 1783/1783/1783 2045/2045/2045 1970/1970/1970
f 2097/2097/2097 2136/2136/2136 1782/1782/1782
f 1782/1782/1782 2117/2117/2117 2097/2097/2097
f 1775/1775/1775 1774/1774/1774 2135/2135/2135
f 2135/2135/2135 2067/2067/2067 1775/1775/1775
f 2098/2098/2098 2097/2097/2097 2117/2117/2117
f 2117/2117/2117 2070/2070/2070 2098/2098/2098

