# Blender 4.5.0
# www.blender.org
mtllib cola.mtl
o Object_2
v 0.000000 0.005727 -0.022686
v 0.000000 0.069216 -0.022686
v 0.008682 0.069216 -0.020959
v 0.008682 0.005727 -0.020959
v 0.016448 0.079134 0.006613
v 0.017803 0.079134 -0.000200
v 0.017775 0.080009 -0.000200
v 0.016422 0.080009 0.006603
v 0.012589 0.079134 0.012389
v 0.012569 0.080009 0.012369
v 0.011145 0.079134 0.013354
v 0.011127 0.080009 0.013333
v 0.003406 0.079134 0.016926
v 0.006813 0.079134 0.016248
v 0.006802 0.080009 0.016222
v 0.003401 0.080009 0.016899
v -0.003407 0.079134 0.016926
v -0.000000 0.079134 0.017604
v -0.000000 0.080009 0.017576
v -0.003401 0.080009 0.016899
v -0.009701 0.079134 0.014319
v -0.006813 0.079134 0.016248
v -0.006803 0.080009 0.016222
v -0.009686 0.080009 0.014296
v -0.016448 0.079134 0.006613
v -0.012589 0.079134 0.012389
v -0.012569 0.080009 0.012369
v -0.016422 0.080009 0.006603
v -0.017803 0.079134 -0.000200
v -0.017775 0.080009 -0.000200
v -0.016448 0.079134 -0.007013
v -0.016422 0.080009 -0.007002
v -0.012589 0.079134 -0.012788
v -0.012569 0.080009 -0.012769
v -0.006813 0.079134 -0.016648
v -0.006803 0.080009 -0.016622
v 0.020959 0.005727 -0.008682
v 0.020959 0.069216 -0.008682
v 0.022686 0.069216 -0.000000
v 0.022686 0.005727 -0.000000
v 0.012708 0.001935 -0.012708
v 0.016603 0.001935 -0.006877
v 0.013116 0.002919 -0.005433
v 0.010039 0.002919 -0.010039
v 0.016448 0.079134 -0.007013
v 0.016422 0.080009 -0.007002
v 0.016448 0.079134 -0.007013
v 0.012589 0.079134 -0.012788
v 0.012569 0.080009 -0.012769
v 0.016422 0.080009 -0.007002
v -0.008415 0.071539 -0.020315
v -0.015548 0.071539 -0.015548
v -0.012817 0.078222 -0.013017
v -0.006937 0.078222 -0.016946
v -0.004341 0.005727 0.021823
v -0.004341 0.069216 0.021822
v -0.008682 0.069216 0.020959
v -0.008682 0.005727 0.020959
v -0.020959 0.005727 -0.008682
v -0.020959 0.069216 -0.008682
v -0.016041 0.069216 -0.016041
v -0.016041 0.005727 -0.016041
v 0.016041 0.069216 -0.016041
v 0.016041 0.005727 -0.016041
v 0.012361 0.005727 0.018500
v 0.012361 0.069216 0.018500
v 0.008682 0.069216 0.020959
v 0.008682 0.005727 0.020959
v -0.020959 0.005727 0.008682
v -0.020959 0.069216 0.008682
v -0.022686 0.069216 -0.000000
v -0.022686 0.005727 -0.000000
v 0.020959 0.069216 0.008682
v 0.020959 0.005727 0.008682
v -0.014201 0.005727 0.017271
v -0.014201 0.069216 0.017271
v -0.016041 0.069216 0.016041
v -0.016041 0.005727 0.016041
v -0.008682 0.069216 -0.020959
v -0.008682 0.005727 -0.020959
v 0.020959 0.069216 -0.008682
v 0.020959 0.005727 -0.008682
v 0.004341 0.005727 0.021823
v 0.004341 0.069216 0.021822
v 0.000000 0.069216 0.022686
v 0.000000 0.005727 0.022686
v -0.008682 0.005727 -0.020959
v -0.008682 0.069216 -0.020959
v 0.000000 0.069216 -0.022686
v 0.000000 0.005727 -0.022686
v 0.016041 0.069216 0.016041
v 0.016041 0.005727 0.016041
v -0.016041 0.005727 0.016041
v -0.016041 0.069216 0.016041
v 0.006813 0.079134 -0.016648
v 0.006802 0.080009 -0.016622
v -0.009886 0.080125 0.014595
v -0.006943 0.080125 0.016561
v -0.006943 0.081439 0.016561
v -0.009886 0.081439 0.014595
v 0.004207 0.071539 0.021152
v 0.008415 0.071539 0.020315
v 0.006936 0.078222 0.016547
v 0.003468 0.078222 0.017237
v 0.015548 0.071539 -0.015548
v 0.008415 0.071539 -0.020315
v 0.006936 0.078222 -0.016946
v 0.012817 0.078222 -0.013017
v 0.000000 0.071539 -0.021989
v -0.008415 0.071539 -0.020315
v -0.006937 0.078222 -0.016946
v -0.000000 0.078222 -0.018326
v -0.004207 0.071539 0.021152
v 0.000000 0.071539 0.021988
v -0.000000 0.078222 0.017927
v -0.003469 0.078222 0.017237
v -0.000000 0.079134 -0.018003
v -0.006813 0.079134 -0.016648
v -0.006803 0.080009 -0.016622
v -0.000000 0.080009 -0.017975
v -0.011981 0.071539 0.017931
v -0.008415 0.071539 0.020315
v -0.006937 0.078222 0.016547
v -0.009877 0.078222 0.014582
v 0.020315 0.071539 -0.008415
v 0.016746 0.078222 -0.007136
v -0.020315 0.071539 0.008415
v -0.015548 0.071539 0.015548
v -0.012817 0.078222 0.012618
v -0.016747 0.078222 0.006737
v 0.021989 0.071539 -0.000000
v 0.020315 0.071539 -0.008415
v 0.016746 0.078222 -0.007136
v 0.018126 0.078222 -0.000200
v -0.021989 0.071539 -0.000000
v -0.018127 0.078222 -0.000200
v 0.020315 0.071539 0.008415
v 0.016746 0.078222 0.006737
v -0.020315 0.071539 -0.008415
v -0.016747 0.078222 -0.007136
v 0.015548 0.071539 0.015548
v 0.012817 0.078222 0.012618
v 0.013765 0.071539 0.016740
v 0.011347 0.078222 0.013600
v 0.008682 0.005727 -0.020959
v 0.008441 0.004441 -0.020460
v 0.000000 0.004441 -0.022139
v 0.000000 0.000892 -0.019354
v 0.007406 0.000892 -0.017880
v 0.007406 0.000718 -0.017880
v 0.000000 0.000718 -0.019354
v 0.016041 0.005727 -0.016041
v 0.015598 0.004441 -0.015678
v 0.013685 0.000892 -0.013685
v 0.013685 0.000718 -0.013685
v 0.020959 0.005727 -0.008682
v 0.020379 0.004441 -0.008522
v 0.017880 0.000892 -0.007406
v 0.017880 0.000718 -0.007406
v 0.022058 0.004441 -0.000080
v 0.020379 0.004441 -0.008522
v 0.017880 0.000892 -0.007406
v 0.019354 0.000892 -0.000000
v 0.019354 0.000718 -0.000000
v 0.017880 0.000718 -0.007406
v 0.020379 0.004441 0.008361
v 0.017880 0.000892 0.007406
v 0.017880 0.000718 0.007406
v 0.015598 0.004441 0.015517
v 0.013685 0.000892 0.013685
v 0.013685 0.000718 0.013685
v 0.012361 0.005727 0.018500
v 0.008682 0.005727 0.020959
v 0.008441 0.004441 0.020299
v 0.012019 0.004441 0.017908
v 0.010546 0.000892 0.015783
v 0.007406 0.000892 0.017880
v 0.007406 0.000718 0.017880
v 0.010546 0.000718 0.015783
v 0.000000 0.004441 0.021978
v 0.004221 0.004441 0.021138
v 0.003703 0.000892 0.018617
v 0.000000 0.000892 0.019354
v 0.000000 0.000718 0.019354
v 0.003703 0.000718 0.018617
v -0.008441 0.004441 0.020299
v -0.004221 0.004441 0.021138
v -0.003703 0.000892 0.018617
v -0.007406 0.000892 0.017880
v -0.007406 0.000718 0.017880
v -0.003703 0.000718 0.018617
v -0.015598 0.004441 0.015517
v -0.013809 0.004441 0.016713
v -0.012115 0.000892 0.014734
v -0.013685 0.000892 0.013685
v -0.013685 0.000718 0.013685
v -0.012115 0.000718 0.014734
v -0.020959 0.005727 0.008682
v -0.020379 0.004441 0.008361
v -0.013685 0.000892 0.013685
v -0.017880 0.000892 0.007406
v -0.017880 0.000718 0.007406
v -0.013685 0.000718 0.013685
v -0.022058 0.004441 -0.000080
v -0.020379 0.004441 0.008361
v -0.019354 0.000892 -0.000000
v -0.019354 0.000718 -0.000000
v -0.020379 0.004441 -0.008522
v -0.017880 0.000892 -0.007406
v -0.017880 0.000718 -0.007406
v -0.015598 0.004441 -0.015678
v -0.013685 0.000892 -0.013685
v -0.013685 0.000718 -0.013685
v -0.016041 0.005727 -0.016041
v -0.008441 0.004441 -0.020460
v -0.015598 0.004441 -0.015678
v -0.007406 0.000892 -0.017880
v -0.007406 0.000718 -0.017880
v -0.007406 0.000892 -0.017880
v 0.000000 0.000892 -0.019354
v 0.000000 0.000718 -0.019354
v -0.007406 0.000718 -0.017880
v -0.003605 0.000215 0.018123
v -0.007210 0.000215 0.017406
v -0.007121 0.000215 0.017193
v -0.003561 0.000215 0.017901
v 0.000000 0.000215 -0.018840
v 0.007210 0.000215 -0.017406
v 0.007121 0.000215 -0.017193
v 0.000000 0.000215 -0.018609
v -0.019902 0.002007 -0.000000
v -0.018387 0.002007 0.007616
v 0.018387 0.002007 -0.007616
v 0.014073 0.002007 -0.014073
v 0.017971 0.001935 -0.000000
v 0.014197 0.002919 -0.000000
v 0.017406 0.000215 -0.007210
v 0.018840 0.000215 -0.000000
v 0.018609 0.000215 -0.000000
v 0.017193 0.000215 -0.007122
v -0.018840 0.000215 -0.000000
v -0.017406 0.000215 -0.007210
v -0.017193 0.000215 -0.007122
v -0.018609 0.000215 -0.000000
v 0.018325 0.001142 -0.000000
v 0.016930 0.001142 -0.007013
v 0.016718 0.000718 -0.006925
v 0.018096 0.000718 -0.000000
v 0.007616 0.002007 -0.018387
v 0.000000 0.002007 -0.019902
v -0.017406 0.000215 0.007210
v -0.017193 0.000215 0.007121
v 0.013322 0.000215 -0.013322
v 0.013159 0.000215 -0.013159
v -0.013322 0.000215 -0.013322
v -0.007210 0.000215 -0.017406
v -0.007121 0.000215 -0.017193
v -0.013159 0.000215 -0.013159
v -0.020379 0.004441 -0.008522
v -0.014073 0.002007 -0.014073
v -0.018387 0.002007 -0.007616
v 0.017406 0.000215 0.007210
v 0.017193 0.000215 0.007121
v 0.000000 0.001935 -0.017971
v 0.006877 0.001935 -0.016603
v 0.005433 0.002919 -0.013116
v 0.000000 0.002919 -0.014197
v 0.014073 0.002007 0.014073
v 0.018387 0.002007 0.007616
v 0.009793 0.001935 0.014655
v 0.006877 0.001935 0.016603
v 0.005433 0.002919 0.013116
v 0.007736 0.002919 0.011578
v -0.011250 0.001935 0.013682
v -0.012708 0.001935 0.012708
v -0.010039 0.002919 0.010039
v -0.008887 0.002919 0.010808
v -0.007616 0.002007 -0.018387
v -0.012708 0.001935 -0.012708
v -0.006877 0.001935 -0.016603
v -0.005433 0.002919 -0.013116
v -0.010039 0.002919 -0.010039
v 0.019902 0.002007 -0.000000
v 0.018387 0.002007 -0.007616
v 0.016603 0.001935 0.006877
v 0.012708 0.001935 0.012708
v 0.010039 0.002919 0.010039
v 0.013116 0.002919 0.005433
v -0.003439 0.001935 0.017287
v -0.006877 0.001935 0.016603
v -0.005433 0.002919 0.013116
v -0.002716 0.002919 0.013657
v -0.018387 0.002007 -0.007616
v 0.012708 0.001935 -0.012708
v 0.010039 0.002919 -0.010039
v 0.007616 0.002007 0.018387
v 0.010845 0.002007 0.016230
v 0.003439 0.001935 0.017287
v 0.000000 0.001935 0.017971
v 0.000000 0.002919 0.014197
v 0.002716 0.002919 0.013657
v -0.016603 0.001935 0.006877
v -0.013116 0.002919 0.005433
v 0.000000 0.001142 -0.018325
v -0.007013 0.001142 -0.016930
v -0.006925 0.000718 -0.016718
v 0.000000 0.000718 -0.018096
v 0.013322 0.000215 0.013322
v 0.013159 0.000215 0.013159
v -0.014073 0.002007 0.014073
v -0.012459 0.002007 0.015152
v -0.017971 0.001935 -0.000000
v -0.016603 0.001935 -0.006877
v -0.013116 0.002919 -0.005433
v -0.014197 0.002919 -0.000000
v 0.000000 0.002007 0.019902
v 0.003808 0.002007 0.019145
v -0.011794 0.000215 0.014343
v -0.013322 0.000215 0.013322
v -0.013159 0.000215 0.013159
v -0.011649 0.000215 0.014167
v 0.010266 0.000215 0.015364
v 0.007210 0.000215 0.017406
v 0.007121 0.000215 0.017193
v 0.010140 0.000215 0.015176
v -0.007616 0.002007 0.018387
v -0.003808 0.002007 0.019145
v 0.003605 0.000215 0.018123
v 0.000000 0.000215 0.018840
v 0.000000 0.000215 0.018609
v 0.003561 0.000215 0.017901
v -0.018387 0.002007 0.007616
v 0.000000 0.000718 -0.018096
v -0.006925 0.000718 -0.016718
v -0.006983 0.000362 -0.016857
v 0.000000 0.000362 -0.018246
v 0.000000 0.000362 -0.018246
v -0.006983 0.000362 -0.016857
v -0.007121 0.000215 -0.017193
v 0.000000 0.000215 -0.018609
v -0.012796 0.000718 -0.012796
v -0.012902 0.000362 -0.012902
v -0.012902 0.000362 -0.012902
v -0.013159 0.000215 -0.013159
v -0.012796 0.000718 -0.012796
v -0.016718 0.000718 -0.006925
v -0.016857 0.000362 -0.006983
v -0.012902 0.000362 -0.012902
v -0.012902 0.000362 -0.012902
v -0.016857 0.000362 -0.006983
v -0.018096 0.000718 -0.000000
v -0.018246 0.000362 -0.000000
v -0.018246 0.000362 -0.000000
v -0.016718 0.000718 0.006925
v -0.016857 0.000362 0.006983
v -0.016857 0.000362 0.006983
v -0.016718 0.000718 0.006925
v -0.012796 0.000718 0.012796
v -0.012902 0.000362 0.012902
v -0.016857 0.000362 0.006983
v -0.012902 0.000362 0.012902
v -0.009860 0.000718 0.014757
v -0.006925 0.000718 0.016718
v -0.006983 0.000362 0.016857
v -0.009942 0.000362 0.014880
v -0.009942 0.000362 0.014880
v -0.006983 0.000362 0.016857
v -0.010140 0.000215 0.015176
v -0.003462 0.000718 0.017407
v 0.000000 0.000718 0.018096
v 0.000000 0.000362 0.018246
v -0.003491 0.000362 0.017552
v -0.003491 0.000362 0.017552
v 0.000000 0.000362 0.018246
v 0.003462 0.000718 0.017407
v 0.006925 0.000718 0.016718
v 0.006983 0.000362 0.016857
v 0.003491 0.000362 0.017552
v 0.011328 0.000718 0.013776
v 0.012796 0.000718 0.012796
v 0.012902 0.000362 0.012902
v 0.011422 0.000362 0.013891
v 0.011422 0.000362 0.013891
v 0.011649 0.000215 0.014167
v 0.012796 0.000718 0.012796
v 0.016718 0.000718 0.006925
v 0.016857 0.000362 0.006983
v 0.012902 0.000362 0.012902
v 0.016857 0.000362 0.006983
v 0.018096 0.000718 -0.000000
v 0.018246 0.000362 -0.000000
v 0.018246 0.000362 -0.000000
v 0.016718 0.000718 -0.006925
v 0.016857 0.000362 -0.006983
v 0.016857 0.000362 -0.006983
v 0.016718 0.000718 -0.006925
v 0.012796 0.000718 -0.012796
v 0.012902 0.000362 -0.012902
v 0.016857 0.000362 -0.006983
v 0.016857 0.000362 -0.006983
v 0.012902 0.000362 -0.012902
v 0.013159 0.000215 -0.013159
v 0.017193 0.000215 -0.007122
v 0.006925 0.000718 -0.016718
v 0.006983 0.000362 -0.016857
v 0.006983 0.000362 -0.016857
v 0.007121 0.000215 -0.017193
v 0.000000 0.000362 -0.019203
v 0.007349 0.000362 -0.017741
v 0.007349 0.000362 -0.017741
v 0.000000 0.000362 -0.019203
v 0.007406 0.000718 -0.017880
v 0.013579 0.000362 -0.013579
v 0.013579 0.000362 -0.013579
v 0.013685 0.000718 -0.013685
v 0.017741 0.000362 -0.007349
v 0.017741 0.000362 -0.007349
v 0.017880 0.000718 -0.007406
v 0.019203 0.000362 -0.000000
v 0.019203 0.000362 -0.000000
v 0.017741 0.000362 -0.007349
v 0.017741 0.000362 0.007349
v 0.017741 0.000362 0.007349
v 0.013579 0.000362 0.013579
v 0.013579 0.000362 0.013579
v 0.011794 0.000215 0.014343
v 0.013322 0.000215 0.013322
v 0.013579 0.000362 0.013579
v 0.012021 0.000362 0.014619
v 0.012021 0.000362 0.014619
v 0.013579 0.000362 0.013579
v 0.013685 0.000718 0.013685
v 0.012115 0.000718 0.014734
v 0.003605 0.000215 0.018123
v 0.007210 0.000215 0.017406
v 0.007349 0.000362 0.017741
v 0.003674 0.000362 0.018472
v 0.003674 0.000362 0.018472
v 0.007349 0.000362 0.017741
v 0.007406 0.000718 0.017880
v -0.003605 0.000215 0.018123
v 0.000000 0.000215 0.018840
v 0.000000 0.000362 0.019203
v -0.003674 0.000362 0.018472
v -0.003674 0.000362 0.018472
v 0.000000 0.000362 0.019203
v -0.010266 0.000215 0.015364
v -0.007210 0.000215 0.017406
v -0.007349 0.000362 0.017741
v -0.010464 0.000362 0.015660
v -0.010464 0.000362 0.015660
v -0.007349 0.000362 0.017741
v -0.010546 0.000718 0.015783
v -0.017406 0.000215 0.007210
v -0.013322 0.000215 0.013322
v -0.013579 0.000362 0.013579
v -0.017741 0.000362 0.007349
v -0.017741 0.000362 0.007349
v -0.013579 0.000362 0.013579
v -0.017880 0.000718 0.007406
v -0.017741 0.000362 0.007349
v -0.019203 0.000362 -0.000000
v -0.019203 0.000362 -0.000000
v -0.017741 0.000362 0.007349
v -0.017741 0.000362 -0.007349
v -0.017741 0.000362 -0.007349
v -0.013579 0.000362 -0.013579
v -0.013579 0.000362 -0.013579
v -0.007349 0.000362 -0.017741
v -0.007349 0.000362 -0.017741
v -0.013579 0.000362 -0.013579
v -0.013685 0.000718 -0.013685
v -0.008397 0.001966 -0.000000
v -0.007758 0.001966 0.003214
v -0.003506 0.001142 0.017627
v 0.000000 0.001142 0.018325
v 0.000000 0.000718 0.018096
v -0.003462 0.000718 0.017407
v 0.003506 0.001142 0.017627
v 0.007013 0.001142 0.016930
v 0.006925 0.000718 0.016718
v 0.003462 0.000718 0.017407
v -0.016930 0.001142 -0.007013
v -0.018325 0.001142 -0.000000
v -0.018096 0.000718 -0.000000
v -0.016718 0.000718 -0.006925
v 0.012957 0.001142 -0.012957
v 0.012796 0.000718 -0.012796
v -0.016930 0.001142 0.007013
v -0.016718 0.000718 0.006925
v 0.012957 0.001142 -0.012957
v 0.007013 0.001142 -0.016930
v 0.006925 0.000718 -0.016718
v 0.012796 0.000718 -0.012796
v 0.011471 0.001142 0.013951
v 0.012957 0.001142 0.012957
v 0.012796 0.000718 0.012796
v 0.011328 0.000718 0.013776
v -0.007013 0.001142 -0.016930
v -0.012957 0.001142 -0.012957
v -0.012796 0.000718 -0.012796
v -0.006925 0.000718 -0.016718
v 0.016930 0.001142 0.007013
v 0.016718 0.000718 0.006925
v -0.016930 0.001142 0.007013
v -0.012957 0.001142 0.012957
v -0.012796 0.000718 0.012796
v -0.016718 0.000718 0.006925
v -0.009985 0.001142 0.014944
v -0.007013 0.001142 0.016930
v -0.006925 0.000718 0.016718
v -0.009860 0.000718 0.014757
v 0.000000 0.001966 -0.008397
v 0.003214 0.001966 -0.007758
v 0.005938 0.001966 -0.005938
v 0.007758 0.001966 -0.003214
v 0.008397 0.001966 -0.000000
v 0.007758 0.001966 0.003214
v 0.005938 0.001966 0.005938
v 0.005257 0.001966 0.006393
v 0.004576 0.001966 0.006848
v 0.003214 0.001966 0.007758
v 0.001607 0.001966 0.008078
v 0.000000 0.001966 0.008397
v -0.001607 0.001966 0.008078
v -0.003214 0.001966 0.007758
v -0.004576 0.001966 0.006848
v -0.005257 0.001966 0.006393
v -0.005938 0.001966 0.005938
v -0.007758 0.001966 -0.003214
v -0.005938 0.001966 -0.005938
v -0.003214 0.001966 -0.007758
v 0.005433 0.002919 -0.013116
v 0.000000 0.002919 -0.014197
v 0.012619 0.081704 -0.012819
v 0.006829 0.081704 -0.016687
v 0.006796 0.081704 -0.016606
v 0.012557 0.081704 -0.012757
v 0.006802 0.080009 -0.016622
v -0.000000 0.080009 -0.017975
v -0.000000 0.080009 -0.018212
v 0.006893 0.080009 -0.016841
v -0.016761 0.080125 0.006743
v -0.012829 0.080125 0.012629
v -0.012829 0.081439 0.012629
v -0.016761 0.081439 0.006743
v 0.018142 0.080125 -0.000200
v 0.016761 0.080125 -0.007142
v 0.016761 0.081439 -0.007142
v 0.018142 0.081439 -0.000200
v -0.018142 0.080125 -0.000200
v -0.018142 0.081439 -0.000200
v 0.016761 0.080125 0.006743
v 0.016761 0.081439 0.006743
v -0.016761 0.080125 -0.007142
v -0.016761 0.081439 -0.007142
v 0.012828 0.080125 0.012629
v 0.012828 0.081439 0.012629
v -0.012829 0.080125 -0.013028
v -0.012829 0.081439 -0.013028
v 0.011357 0.080125 0.013612
v 0.011357 0.081439 0.013612
v -0.006943 0.080125 -0.016961
v -0.006943 0.081439 -0.016961
v 0.003471 0.080125 0.017252
v 0.006942 0.080125 0.016561
v 0.006942 0.081439 0.016561
v 0.003471 0.081439 0.017252
v -0.003472 0.080125 0.017252
v -0.000000 0.080125 0.017942
v -0.000000 0.081439 0.017942
v -0.003472 0.081439 0.017252
v 0.012828 0.080125 -0.013028
v 0.006942 0.080125 -0.016961
v 0.006942 0.081439 -0.016961
v 0.012828 0.081439 -0.013028
v 0.016761 0.080125 -0.007142
v 0.016761 0.081439 -0.007142
v 0.011171 0.081704 0.013387
v 0.012619 0.081704 0.012419
v 0.012557 0.081704 0.012357
v 0.011117 0.081704 0.013320
v 0.016487 0.081704 -0.007029
v 0.016406 0.081704 -0.006996
v -0.009724 0.081704 0.014354
v -0.006830 0.081704 0.016288
v -0.006796 0.081704 0.016207
v -0.009677 0.081704 0.014282
v 0.012569 0.080009 -0.012769
v 0.012737 0.080009 -0.012937
v -0.016488 0.081704 0.006630
v -0.012619 0.081704 0.012419
v -0.012557 0.081704 0.012357
v -0.016407 0.081704 0.006596
v 0.017846 0.081704 -0.000200
v 0.017758 0.081704 -0.000200
v -0.017846 0.081704 -0.000200
v -0.017759 0.081704 -0.000200
v 0.016487 0.081704 0.006630
v 0.016406 0.081704 0.006596
v -0.016488 0.081704 -0.007029
v -0.016407 0.081704 -0.006996
v 0.012569 0.080009 0.012369
v 0.016422 0.080009 0.006603
v 0.016641 0.080009 0.006693
v 0.012737 0.080009 0.012537
v -0.012619 0.081704 -0.012819
v -0.012557 0.081704 -0.012757
v -0.006830 0.081704 -0.016687
v -0.006796 0.081704 -0.016606
v 0.003414 0.081704 0.016967
v 0.006829 0.081704 0.016288
v 0.006796 0.081704 0.016207
v 0.003398 0.081704 0.016883
v 0.006682 0.081439 -0.016333
v -0.000000 0.081439 -0.017662
v -0.000000 0.080670 -0.017662
v 0.006682 0.080670 -0.016333
v -0.003415 0.081704 0.016967
v -0.000000 0.081704 0.017646
v -0.000000 0.081704 0.017559
v -0.003398 0.081704 0.016883
v -0.017463 0.081439 -0.000200
v -0.016133 0.081439 0.006483
v -0.016133 0.080670 0.006483
v -0.017463 0.080670 -0.000200
v -0.012569 0.080009 -0.012769
v -0.016422 0.080009 -0.007002
v -0.016642 0.080009 -0.007093
v -0.012737 0.080009 -0.012937
v 0.011127 0.080009 0.013333
v 0.011276 0.080009 0.013513
v -0.006803 0.080009 -0.016622
v -0.006893 0.080009 -0.016841
v 0.003401 0.080009 0.016899
v 0.006802 0.080009 0.016222
v 0.006893 0.080009 0.016442
v 0.003446 0.080009 0.017127
v -0.000000 0.080125 -0.018342
v -0.006943 0.080125 -0.016961
v -0.006943 0.081439 -0.016961
v -0.000000 0.081439 -0.018342
v -0.003401 0.080009 0.016899
v -0.000000 0.080009 0.017576
v -0.000000 0.080009 0.017813
v -0.003447 0.080009 0.017127
v -0.000000 0.081704 -0.018046
v -0.000000 0.081704 -0.017958
v -0.009686 0.080009 0.014296
v -0.006803 0.080009 0.016222
v -0.006893 0.080009 0.016442
v -0.009815 0.080009 0.014489
v 0.016422 0.080009 -0.007002
v 0.016641 0.080009 -0.007093
v -0.016422 0.080009 0.006603
v -0.012569 0.080009 0.012369
v -0.012737 0.080009 0.012537
v -0.016642 0.080009 0.006693
v 0.017775 0.080009 -0.000200
v 0.018012 0.080009 -0.000200
v -0.017775 0.080009 -0.000200
v -0.018013 0.080009 -0.000200
v 0.017207 0.079886 -0.000200
v 0.015897 0.079886 -0.006785
v 0.015580 0.079584 -0.006653
v 0.016864 0.079584 -0.000200
v 0.016133 0.081439 0.006483
v 0.017462 0.081439 -0.000200
v 0.017462 0.080670 -0.000200
v 0.016133 0.080670 0.006483
v -0.016133 0.081439 -0.006882
v -0.016133 0.080670 -0.006882
v 0.012348 0.081439 0.012148
v 0.012348 0.080670 0.012148
v -0.012348 0.081439 -0.012547
v -0.012348 0.080670 -0.012547
v 0.010931 0.081439 0.013094
v 0.010931 0.080670 0.013094
v -0.006683 0.081439 -0.016333
v -0.006683 0.080670 -0.016333
v 0.003341 0.081439 0.016598
v 0.006682 0.081439 0.015933
v 0.006682 0.080670 0.015933
v 0.003341 0.080670 0.016598
v -0.003342 0.081439 0.016598
v -0.000000 0.081439 0.017263
v -0.000000 0.080670 0.017263
v -0.003342 0.080670 0.016598
v 0.012348 0.081439 -0.012547
v 0.012348 0.080670 -0.012547
v 0.016133 0.081439 -0.006882
v 0.012348 0.081439 -0.012547
v 0.012348 0.080670 -0.012547
v 0.016133 0.080670 -0.006882
v -0.009515 0.081439 0.014041
v -0.006683 0.081439 0.015933
v -0.006683 0.080670 0.015933
v -0.009515 0.080670 0.014041
v -0.006683 0.081439 -0.016333
v -0.006683 0.080670 -0.016333
v -0.016133 0.081439 0.006483
v -0.012348 0.081439 0.012148
v -0.012348 0.080670 0.012148
v -0.016133 0.080670 0.006483
v -0.015898 0.079886 0.006385
v -0.012168 0.079886 0.011968
v -0.011925 0.079584 0.011725
v -0.015581 0.079584 0.006254
v 0.006682 0.080670 -0.016333
v -0.000000 0.080670 -0.017662
v -0.000000 0.080538 -0.017537
v 0.006634 0.080538 -0.016217
v -0.017207 0.079886 -0.000200
v -0.015898 0.079886 0.006385
v -0.015581 0.079584 0.006254
v -0.016864 0.079584 -0.000200
v 0.015897 0.079886 0.006385
v 0.015580 0.079584 0.006254
v -0.015898 0.079886 -0.006785
v -0.015581 0.079584 -0.006653
v 0.012167 0.079886 0.011968
v 0.011925 0.079584 0.011725
v -0.012168 0.079886 -0.012367
v -0.011925 0.079584 -0.012125
v 0.010772 0.079886 0.012900
v 0.010557 0.079584 0.012639
v -0.012348 0.080670 -0.012547
v -0.016133 0.080670 -0.006882
v -0.016018 0.080538 -0.006834
v -0.012260 0.080538 -0.012459
v 0.003292 0.079886 0.016353
v 0.006585 0.079886 0.015698
v 0.006453 0.079584 0.015381
v 0.003227 0.079584 0.016023
v -0.006585 0.079886 -0.016097
v -0.006454 0.079584 -0.015780
v -0.003293 0.079886 0.016353
v -0.000000 0.079886 0.017007
v -0.000000 0.079584 0.016665
v -0.003227 0.079584 0.016023
v -0.009376 0.079886 0.013833
v -0.006585 0.079886 0.015698
v -0.006454 0.079584 0.015381
v -0.009189 0.079584 0.013553
v 0.012167 0.079886 -0.012367
v 0.006585 0.079886 -0.016097
v 0.006453 0.079584 -0.015780
v 0.011925 0.079584 -0.012125
v 0.017297 0.080266 -0.000200
v 0.015980 0.080266 -0.006819
v 0.016008 0.080209 -0.006830
v 0.017327 0.080209 -0.000200
v 0.010931 0.080670 0.013094
v 0.012348 0.080670 0.012148
v 0.012259 0.080538 0.012060
v 0.010853 0.080538 0.012999
v -0.006683 0.080670 -0.016333
v -0.006635 0.080538 -0.016217
v 0.003341 0.080670 0.016598
v 0.006682 0.080670 0.015933
v 0.006634 0.080538 0.015818
v 0.003317 0.080538 0.016478
v 0.012348 0.080670 -0.012547
v 0.012259 0.080538 -0.012459
v -0.000000 0.080538 0.017138
v -0.003318 0.080538 0.016478
v -0.006635 0.080538 0.015818
v -0.009447 0.080538 0.013939
v 0.016133 0.080670 -0.006882
v 0.016017 0.080538 -0.006834
v -0.012260 0.080538 0.012060
v -0.016018 0.080538 0.006435
v 0.016017 0.080538 -0.006834
v 0.017337 0.080538 -0.000200
v -0.017463 0.080670 -0.000200
v -0.017338 0.080538 -0.000200
v 0.016017 0.080538 0.006435
v -0.017338 0.080538 -0.000200
v -0.016018 0.080538 -0.006834
v 0.012259 0.080538 0.012060
v 0.006453 0.079584 -0.015780
v -0.000000 0.079584 -0.017064
v -0.000000 0.079723 -0.016489
v 0.006233 0.079723 -0.015249
v -0.017297 0.080266 -0.000200
v -0.015980 0.080266 0.006419
v -0.016008 0.080209 0.006431
v -0.017327 0.080209 -0.000200
v 0.015980 0.080266 0.006419
v 0.016008 0.080209 0.006431
v -0.015980 0.080266 -0.006819
v -0.016008 0.080209 -0.006830
v 0.012230 0.080266 0.012031
v 0.012252 0.080209 0.012052
v -0.012231 0.080266 -0.012430
v -0.012252 0.080209 -0.012452
v 0.010828 0.080266 0.012968
v 0.012230 0.080266 0.012031
v 0.012252 0.080209 0.012052
v 0.010846 0.080209 0.012991
v -0.006619 0.080266 -0.016180
v -0.012231 0.080266 -0.012430
v -0.012252 0.080209 -0.012452
v -0.006631 0.080209 -0.016208
v 0.003309 0.080266 0.016439
v 0.006619 0.080266 0.015780
v 0.006630 0.080209 0.015808
v 0.003315 0.080209 0.016468
v 0.012230 0.080266 -0.012430
v 0.006619 0.080266 -0.016180
v 0.006630 0.080209 -0.016208
v 0.012252 0.080209 -0.012452
v -0.000000 0.080266 -0.017496
v -0.000000 0.080209 -0.017527
v -0.003310 0.080266 0.016439
v -0.000000 0.080266 0.017097
v -0.000000 0.080209 0.017127
v -0.003316 0.080209 0.016468
v -0.000000 0.079886 -0.017407
v -0.000000 0.079584 -0.017064
v -0.009425 0.080266 0.013906
v -0.006619 0.080266 0.015780
v -0.006631 0.080209 0.015808
v -0.009442 0.080209 0.013930
v 0.015980 0.080266 -0.006819
v 0.016008 0.080209 -0.006830
v -0.015980 0.080266 0.006419
v -0.012231 0.080266 0.012031
v -0.012252 0.080209 0.012052
v -0.016008 0.080209 0.006431
v -0.000000 0.081439 -0.018342
v -0.000000 0.081626 -0.018255
v 0.006909 0.081626 -0.016881
v 0.006909 0.081626 -0.016881
v -0.000000 0.081626 -0.018255
v 0.012767 0.081626 -0.012967
v 0.012767 0.081626 -0.012967
v 0.016681 0.081626 -0.007109
v 0.016681 0.081626 -0.007109
v 0.016681 0.081626 -0.007109
v 0.018055 0.081626 -0.000200
v 0.018055 0.081626 -0.000200
v 0.016681 0.081626 0.006710
v 0.016681 0.081626 0.006710
v 0.012767 0.081626 0.012567
v 0.012767 0.081626 0.012567
v 0.011302 0.081626 0.013546
v 0.011302 0.081626 0.013546
v 0.006909 0.081626 0.016481
v 0.003455 0.081626 0.017168
v 0.003455 0.081626 0.017168
v 0.006909 0.081626 0.016481
v -0.000000 0.081626 0.017856
v -0.003455 0.081626 0.017168
v -0.003455 0.081626 0.017168
v -0.000000 0.081626 0.017856
v -0.006910 0.081626 0.016481
v -0.009839 0.081626 0.014524
v -0.009839 0.081626 0.014524
v -0.006910 0.081626 0.016481
v -0.012767 0.081626 0.012567
v -0.016681 0.081626 0.006710
v -0.016681 0.081626 0.006710
v -0.012767 0.081626 0.012567
v -0.018056 0.081626 -0.000200
v -0.018056 0.081626 -0.000200
v -0.016681 0.081626 -0.007109
v -0.016681 0.081626 -0.007109
v -0.012767 0.081626 -0.012967
v -0.012767 0.081626 -0.012967
v -0.006910 0.081626 -0.016881
v -0.006910 0.081626 -0.016881
v -0.006943 0.081439 -0.016961
v -0.006910 0.081626 -0.016881
v -0.000000 0.081626 -0.017749
v 0.006716 0.081626 -0.016413
v 0.006716 0.081626 -0.016413
v -0.000000 0.081626 -0.017749
v 0.012409 0.081626 -0.012609
v 0.012409 0.081626 -0.012609
v 0.016213 0.081626 -0.006915
v 0.016213 0.081626 -0.006915
v 0.012409 0.081626 -0.012609
v 0.017549 0.081626 -0.000200
v 0.017549 0.081626 -0.000200
v 0.016213 0.081626 0.006516
v 0.016213 0.081626 0.006516
v 0.012409 0.081626 0.012209
v 0.012409 0.081626 0.012209
v 0.010986 0.081626 0.013160
v 0.010986 0.081626 0.013160
v 0.006716 0.081626 0.016014
v 0.003358 0.081626 0.016681
v 0.003358 0.081626 0.016681
v 0.006716 0.081626 0.016014
v 0.006682 0.081439 0.015933
v 0.003341 0.081439 0.016598
v -0.000000 0.081626 0.017349
v -0.003358 0.081626 0.016681
v -0.003358 0.081626 0.016681
v -0.000000 0.081626 0.017349
v -0.006716 0.081626 0.016014
v -0.009563 0.081626 0.014111
v -0.009563 0.081626 0.014111
v -0.006716 0.081626 0.016014
v -0.012409 0.081626 0.012209
v -0.016213 0.081626 0.006516
v -0.016213 0.081626 0.006516
v -0.012409 0.081626 0.012209
v -0.017549 0.081626 -0.000200
v -0.017549 0.081626 -0.000200
v -0.016213 0.081626 0.006516
v -0.016213 0.081626 -0.006915
v -0.016213 0.081626 -0.006915
v -0.012409 0.081626 -0.012609
v -0.012409 0.081626 -0.012609
v -0.006716 0.081626 -0.016413
v -0.006716 0.081626 -0.016413
v -0.006716 0.081626 -0.016413
v -0.000000 0.080043 -0.018304
v 0.006928 0.080043 -0.016926
v 0.006942 0.080125 -0.016961
v 0.012801 0.080043 -0.013001
v 0.012828 0.080125 -0.013028
v 0.016726 0.080043 -0.007128
v 0.016761 0.080125 -0.007142
v 0.018104 0.080043 -0.000200
v 0.018104 0.080043 -0.000200
v 0.016726 0.080043 -0.007128
v 0.016726 0.080043 0.006728
v 0.016726 0.080043 0.006728
v 0.012801 0.080043 0.012602
v 0.012801 0.080043 0.012602
v 0.011276 0.080009 0.013513
v 0.012737 0.080009 0.012537
v 0.012801 0.080043 0.012602
v 0.011333 0.080043 0.013583
v 0.012828 0.080125 0.012629
v 0.011357 0.080125 0.013612
v 0.003446 0.080009 0.017127
v 0.006893 0.080009 0.016442
v 0.006928 0.080043 0.016526
v 0.003464 0.080043 0.017215
v -0.003447 0.080009 0.017127
v -0.000000 0.080009 0.017813
v -0.000000 0.080043 0.017904
v -0.003464 0.080043 0.017215
v -0.009815 0.080009 0.014489
v -0.006893 0.080009 0.016442
v -0.006928 0.080043 0.016526
v -0.009865 0.080043 0.014564
v -0.016642 0.080009 0.006693
v -0.012737 0.080009 0.012537
v -0.012802 0.080043 0.012602
v -0.016726 0.080043 0.006728
v -0.012829 0.080125 0.012629
v -0.016761 0.080125 0.006743
v -0.016726 0.080043 0.006728
v -0.018104 0.080043 -0.000200
v -0.018104 0.080043 -0.000200
v -0.016726 0.080043 0.006728
v -0.016726 0.080043 -0.007128
v -0.016726 0.080043 -0.007128
v -0.012802 0.080043 -0.013001
v -0.012802 0.080043 -0.013001
v -0.006928 0.080043 -0.016926
v -0.012829 0.080125 -0.013028
v -0.000000 0.080125 -0.018342
v 0.006634 0.080538 -0.016217
v -0.000000 0.080538 -0.017537
v -0.000000 0.080407 -0.017476
v 0.006611 0.080407 -0.016161
v 0.012259 0.080538 -0.012459
v 0.012216 0.080407 -0.012416
v 0.012259 0.080538 -0.012459
v 0.012216 0.080407 -0.012416
v 0.015961 0.080407 -0.006811
v 0.015961 0.080407 -0.006811
v 0.017276 0.080407 -0.000200
v 0.015961 0.080407 0.006412
v 0.012216 0.080407 0.012017
v 0.010853 0.080538 0.012999
v 0.010815 0.080407 0.012953
v 0.010828 0.080266 0.012968
v 0.006611 0.080407 0.015762
v 0.003305 0.080407 0.016419
v 0.003305 0.080407 0.016419
v 0.006611 0.080407 0.015762
v -0.000000 0.080407 0.017077
v -0.003306 0.080407 0.016419
v -0.003306 0.080407 0.016419
v -0.000000 0.080407 0.017077
v -0.006612 0.080407 0.015762
v -0.009414 0.080407 0.013889
v -0.006619 0.080266 0.015780
v -0.009425 0.080266 0.013906
v -0.012216 0.080407 0.012017
v -0.015961 0.080407 0.006412
v -0.012231 0.080266 0.012031
v -0.015980 0.080266 0.006419
v -0.016018 0.080538 0.006435
v -0.015961 0.080407 0.006412
v -0.017277 0.080407 -0.000200
v -0.015961 0.080407 -0.006811
v -0.012260 0.080538 -0.012459
v -0.012216 0.080407 -0.012416
v -0.006635 0.080538 -0.016217
v -0.006612 0.080407 -0.016161
v -0.006612 0.080407 -0.016161
v -0.012216 0.080407 -0.012416
v -0.006635 0.080538 -0.016217
v -0.000000 0.080026 -0.017538
v 0.006635 0.080026 -0.016218
v 0.006635 0.080026 -0.016218
v -0.000000 0.080026 -0.017538
v 0.012260 0.080026 -0.012460
v 0.012260 0.080026 -0.012460
v 0.012252 0.080209 -0.012452
v 0.012260 0.080026 -0.012460
v 0.016018 0.080026 -0.006835
v 0.016018 0.080026 -0.006835
v 0.017338 0.080026 -0.000200
v 0.017338 0.080026 -0.000200
v 0.016018 0.080026 -0.006835
v 0.015897 0.079886 -0.006785
v 0.017207 0.079886 -0.000200
v 0.016018 0.080026 0.006435
v 0.016018 0.080026 0.006435
v 0.015897 0.079886 0.006385
v 0.012260 0.080026 0.012060
v 0.012260 0.080026 0.012060
v 0.012167 0.079886 0.011968
v 0.010846 0.080209 0.012991
v 0.010854 0.080026 0.013000
v 0.010854 0.080026 0.013000
v 0.012260 0.080026 0.012060
v 0.006635 0.080026 0.015819
v 0.003317 0.080026 0.016479
v 0.003317 0.080026 0.016479
v 0.006635 0.080026 0.015819
v -0.003316 0.080209 0.016468
v -0.000000 0.080209 0.017127
v -0.000000 0.080026 0.017138
v -0.003318 0.080026 0.016479
v -0.003318 0.080026 0.016479
v -0.000000 0.080026 0.017138
v -0.009442 0.080209 0.013930
v -0.006631 0.080209 0.015808
v -0.006635 0.080026 0.015819
v -0.009448 0.080026 0.013939
v -0.009448 0.080026 0.013939
v -0.006635 0.080026 0.015819
v -0.016008 0.080209 0.006431
v -0.012252 0.080209 0.012052
v -0.012260 0.080026 0.012060
v -0.016019 0.080026 0.006435
v -0.016019 0.080026 0.006435
v -0.012260 0.080026 0.012060
v -0.016019 0.080026 0.006435
v -0.017338 0.080026 -0.000200
v -0.017338 0.080026 -0.000200
v -0.017207 0.079886 -0.000200
v -0.016019 0.080026 -0.006835
v -0.016019 0.080026 -0.006835
v -0.017338 0.080026 -0.000200
v -0.017207 0.079886 -0.000200
v -0.015898 0.079886 -0.006785
v -0.012260 0.080026 -0.012460
v -0.012260 0.080026 -0.012460
v -0.016019 0.080026 -0.006835
v -0.006631 0.080209 -0.016208
v -0.006635 0.080026 -0.016218
v -0.006635 0.080026 -0.016218
v -0.006635 0.080026 -0.016218
v 0.010197 0.079723 0.012201
v 0.011518 0.079723 0.011318
v 0.011518 0.080036 0.011318
v 0.010197 0.080036 0.012201
v -0.006454 0.079584 -0.015780
v -0.006234 0.079723 -0.015249
v -0.003227 0.079584 0.016023
v -0.000000 0.079584 0.016665
v -0.000000 0.079723 0.016089
v -0.003117 0.079723 0.015469
v 0.011925 0.079584 -0.012125
v 0.011518 0.079723 -0.011718
v -0.009189 0.079584 0.013553
v -0.009189 0.079584 0.013553
v -0.006454 0.079584 0.015381
v -0.006234 0.079723 0.014849
v -0.008876 0.079723 0.013084
v -0.008876 0.079723 0.013084
v 0.015580 0.079584 -0.006653
v 0.015049 0.079723 -0.006433
v -0.015581 0.079584 0.006254
v -0.011925 0.079584 0.011725
v -0.011518 0.079723 0.011318
v -0.015049 0.079723 0.006034
v 0.016864 0.079584 -0.000200
v 0.016289 0.079723 -0.000200
v -0.016864 0.079584 -0.000200
v -0.016289 0.079723 -0.000200
v 0.015580 0.079584 0.006254
v 0.015049 0.079723 0.006034
v -0.015581 0.079584 -0.006653
v -0.015049 0.079723 -0.006433
v 0.011925 0.079584 0.011725
v 0.011518 0.079723 0.011318
v -0.011925 0.079584 -0.012125
v -0.011518 0.079723 -0.011718
v 0.010557 0.079584 0.012639
v 0.010197 0.079723 0.012201
v 0.003227 0.079584 0.016023
v 0.006453 0.079584 0.015381
v 0.006233 0.079723 0.014849
v 0.003117 0.079723 0.015469
v 0.011518 0.079723 -0.011718
v 0.006233 0.079723 -0.015249
v 0.006233 0.080036 -0.015249
v 0.011518 0.080036 -0.011718
v -0.006234 0.079723 -0.015249
v -0.011518 0.079723 -0.011718
v -0.011518 0.080036 -0.011718
v -0.006234 0.080036 -0.015249
v 0.003117 0.079723 0.015469
v 0.006233 0.079723 0.014849
v 0.006233 0.080036 0.014849
v 0.003117 0.080036 0.015469
v -0.003117 0.079723 0.015469
v -0.000000 0.079723 0.016089
v -0.000000 0.080036 0.016089
v -0.003117 0.080036 0.015469
v 0.008830 0.080446 -0.009363
v 0.006759 0.080446 -0.011392
v 0.006677 0.080288 -0.011276
v 0.008724 0.080288 -0.009271
v 0.015049 0.079723 -0.006433
v 0.015049 0.080036 -0.006433
v -0.008876 0.079723 0.013084
v -0.006234 0.079723 0.014849
v -0.006234 0.080036 0.014849
v -0.008876 0.080036 0.013084
v -0.000000 0.079723 -0.016489
v -0.006234 0.079723 -0.015249
v -0.006234 0.080036 -0.015249
v -0.000000 0.080036 -0.016489
v -0.015049 0.079723 0.006034
v -0.011518 0.079723 0.011318
v -0.011518 0.080036 0.011318
v -0.015049 0.080036 0.006034
v 0.016289 0.079723 -0.000200
v 0.015049 0.079723 -0.006433
v 0.015049 0.080036 -0.006433
v 0.016289 0.080036 -0.000200
v -0.016289 0.079723 -0.000200
v -0.016289 0.080036 -0.000200
v 0.015049 0.079723 0.006034
v 0.015049 0.080036 0.006034
v -0.015049 0.079723 -0.006433
v -0.015049 0.080036 -0.006433
v -0.000000 0.080036 -0.016489
v -0.000000 0.080327 -0.016402
v 0.006200 0.080327 -0.015168
v -0.000000 0.080540 -0.016164
v 0.006109 0.080540 -0.014949
v 0.006109 0.080540 -0.014949
v -0.000000 0.080540 -0.016164
v -0.000000 0.080618 -0.015839
v 0.005985 0.080618 -0.014649
v 0.011456 0.080327 -0.011656
v 0.011288 0.080540 -0.011488
v 0.011288 0.080540 -0.011488
v 0.011059 0.080618 -0.011259
v 0.014968 0.080327 -0.006400
v 0.014749 0.080540 -0.006309
v 0.014749 0.080540 -0.006309
v 0.014449 0.080618 -0.006185
v 0.014968 0.080327 -0.006400
v 0.016202 0.080327 -0.000200
v 0.016202 0.080327 -0.000200
v 0.014968 0.080327 -0.006400
v 0.015964 0.080540 -0.000200
v 0.015640 0.080618 -0.000200
v 0.014968 0.080327 0.006001
v 0.014968 0.080327 0.006001
v 0.014749 0.080540 0.005910
v 0.014449 0.080618 0.005785
v 0.011456 0.080327 0.011257
v 0.011456 0.080327 0.011257
v 0.011288 0.080540 0.011089
v 0.011059 0.080618 0.010859
v 0.010142 0.080327 0.012135
v 0.010142 0.080327 0.012135
v 0.009994 0.080540 0.011954
v 0.009790 0.080618 0.011707
v 0.006200 0.080327 0.014769
v 0.003100 0.080327 0.015386
v 0.003100 0.080327 0.015386
v 0.006200 0.080327 0.014769
v 0.006109 0.080540 0.014549
v 0.003054 0.080540 0.015157
v 0.005985 0.080618 0.014250
v 0.002992 0.080618 0.014845
v -0.000000 0.080327 0.016002
v -0.003100 0.080327 0.015386
v -0.003100 0.080327 0.015386
v -0.000000 0.080327 0.016002
v -0.000000 0.080540 0.015765
v -0.003055 0.080540 0.015157
v -0.000000 0.080618 0.015440
v -0.002993 0.080618 0.014845
v -0.006200 0.080327 0.014769
v -0.008829 0.080327 0.013013
v -0.008829 0.080327 0.013013
v -0.006200 0.080327 0.014769
v -0.006110 0.080540 0.014549
v -0.008699 0.080540 0.012819
v -0.005985 0.080618 0.014250
v -0.008522 0.080618 0.012554
v -0.011457 0.080327 0.011257
v -0.014969 0.080327 0.006001
v -0.014969 0.080327 0.006001
v -0.011457 0.080327 0.011257
v -0.011289 0.080540 0.011089
v -0.014749 0.080540 0.005910
v -0.011059 0.080618 0.010859
v -0.014449 0.080618 0.005785
v -0.016202 0.080327 -0.000200
v -0.016202 0.080327 -0.000200
v -0.015965 0.080540 -0.000200
v -0.015640 0.080618 -0.000200
v -0.014969 0.080327 -0.006400
v -0.014969 0.080327 -0.006400
v -0.014749 0.080540 -0.006309
v -0.014449 0.080618 -0.006185
v -0.011457 0.080327 -0.011656
v -0.011457 0.080327 -0.011656
v -0.011289 0.080540 -0.011488
v -0.011059 0.080618 -0.011259
v -0.006200 0.080327 -0.015168
v -0.006200 0.080327 -0.015168
v -0.006110 0.080540 -0.014949
v -0.005985 0.080618 -0.014649
v -0.006234 0.080036 -0.015249
v -0.006200 0.080327 -0.015168
v -0.006110 0.080540 -0.014949
v -0.000000 0.079723 -0.016489
v 0.000000 0.070419 -0.022482
v 0.008603 0.070419 -0.020770
v 0.015897 0.070419 -0.015897
v 0.020770 0.070419 -0.008603
v 0.020770 0.070419 -0.008603
v 0.022482 0.070419 -0.000000
v 0.020770 0.070419 0.008603
v 0.015897 0.070419 0.015897
v 0.014201 0.069216 0.017271
v 0.014074 0.070419 0.017115
v 0.008682 0.069216 0.020959
v 0.008603 0.070419 0.020770
v 0.004302 0.070419 0.021626
v 0.000000 0.070419 0.022482
v -0.004302 0.070419 0.021626
v -0.012361 0.069216 0.018500
v -0.008603 0.070419 0.020770
v -0.012250 0.070419 0.018334
v -0.015897 0.070419 0.015897
v -0.020770 0.070419 0.008603
v -0.022482 0.070419 -0.000000
v -0.020770 0.070419 -0.008603
v -0.015897 0.070419 -0.015897
v -0.008603 0.070419 -0.020770
v -0.008682 0.069216 -0.020959
v -0.008603 0.070419 -0.020770
v -0.000000 0.078661 -0.018104
v 0.006852 0.078661 -0.016741
v 0.012660 0.078661 -0.012860
v 0.016541 0.078661 -0.007051
v 0.016541 0.078661 -0.007051
v 0.017904 0.078661 -0.000200
v 0.016541 0.078661 0.006652
v 0.012660 0.078661 0.012461
v 0.011208 0.078661 0.013431
v 0.006852 0.078661 0.016342
v 0.003426 0.078661 0.017023
v -0.000000 0.078661 0.017705
v -0.003426 0.078661 0.017023
v -0.006852 0.078661 0.016342
v -0.009756 0.078661 0.014401
v -0.012661 0.078661 0.012461
v -0.016542 0.078661 0.006652
v -0.017905 0.078661 -0.000200
v -0.016542 0.078661 -0.007051
v -0.012661 0.078661 -0.012860
v -0.006852 0.078661 -0.016741
v -0.006852 0.078661 -0.016741
v -0.006877 0.001935 -0.016603
v -0.007026 0.001629 -0.016961
v 0.000000 0.001629 -0.018359
v 0.000000 0.001629 -0.018359
v -0.007026 0.001629 -0.016961
v -0.012708 0.001935 -0.012708
v -0.012982 0.001629 -0.012982
v -0.007026 0.001629 -0.016961
v -0.012982 0.001629 -0.012982
v -0.012708 0.001935 -0.012708
v -0.016603 0.001935 -0.006877
v -0.016961 0.001629 -0.007026
v -0.012982 0.001629 -0.012982
v -0.016961 0.001629 -0.007026
v -0.017971 0.001935 -0.000000
v -0.018359 0.001629 -0.000000
v -0.018359 0.001629 -0.000000
v -0.016961 0.001629 0.007026
v -0.018359 0.001629 -0.000000
v -0.016961 0.001629 0.007026
v -0.012982 0.001629 0.012982
v -0.016961 0.001629 0.007026
v -0.012982 0.001629 0.012982
v -0.009792 0.001935 0.014655
v -0.007026 0.001629 0.016961
v -0.010004 0.001629 0.014971
v -0.010004 0.001629 0.014971
v -0.007026 0.001629 0.016961
v 0.000000 0.001629 0.018359
v -0.003513 0.001629 0.017660
v -0.003513 0.001629 0.017660
v 0.000000 0.001629 0.018359
v 0.007026 0.001629 0.016961
v 0.003513 0.001629 0.017660
v 0.003513 0.001629 0.017660
v 0.007026 0.001629 0.016961
v 0.011250 0.001935 0.013682
v 0.012982 0.001629 0.012982
v 0.011493 0.001629 0.013976
v 0.011493 0.001629 0.013976
v 0.012982 0.001629 0.012982
v 0.016961 0.001629 0.007026
v 0.016961 0.001629 0.007026
v 0.016603 0.001935 0.006877
v 0.017971 0.001935 -0.000000
v 0.018359 0.001629 -0.000000
v 0.016961 0.001629 0.007026
v 0.018359 0.001629 -0.000000
v 0.016603 0.001935 -0.006877
v 0.016961 0.001629 -0.007026
v 0.016961 0.001629 -0.007026
v 0.016603 0.001935 -0.006877
v 0.012982 0.001629 -0.012982
v 0.016961 0.001629 -0.007026
v 0.012982 0.001629 -0.012982
v 0.007026 0.001629 -0.016961
v 0.012982 0.001629 -0.012982
v 0.007026 0.001629 -0.016961
v -0.005433 0.002919 -0.013116
v 0.007406 0.000892 -0.017880
v 0.000000 0.001503 -0.019514
v 0.007468 0.001503 -0.018029
v 0.013685 0.000892 -0.013685
v 0.013799 0.001503 -0.013799
v 0.013799 0.001503 -0.013799
v 0.018029 0.001503 -0.007468
v 0.018029 0.001503 -0.007468
v 0.018029 0.001503 -0.007468
v 0.019514 0.001503 -0.000000
v 0.018029 0.001503 0.007468
v 0.013799 0.001503 0.013799
v 0.012115 0.000892 0.014734
v 0.013685 0.000892 0.013685
v 0.013799 0.001503 0.013799
v 0.012216 0.001503 0.014856
v 0.014073 0.002007 0.014073
v 0.012459 0.002007 0.015152
v 0.007406 0.000892 0.017880
v 0.007468 0.001503 0.018029
v 0.003734 0.001503 0.018772
v 0.000000 0.001503 0.019514
v -0.003734 0.001503 0.018772
v -0.010546 0.000892 0.015783
v -0.007468 0.001503 0.018029
v -0.010633 0.001503 0.015914
v -0.010845 0.002007 0.016230
v -0.017880 0.000892 0.007406
v -0.013799 0.001503 0.013799
v -0.018029 0.001503 0.007468
v -0.018029 0.001503 0.007468
v -0.019514 0.001503 -0.000000
v -0.018029 0.001503 -0.007468
v -0.013799 0.001503 -0.013799
v -0.014073 0.002007 -0.014073
v -0.013685 0.000892 -0.013685
v -0.013799 0.001503 -0.013799
v -0.007468 0.001503 -0.018029
v -0.003658 0.080446 -0.012748
v -0.006759 0.080446 -0.011392
v -0.006678 0.080288 -0.011276
v -0.003614 0.080288 -0.012616
v -0.000000 0.080446 -0.013225
v -0.000000 0.080288 -0.013086
v -0.006448 0.080568 -0.001436
v -0.006889 0.080568 -0.002339
v -0.007078 0.080618 -0.001825
v -0.006634 0.080618 -0.000916
v -0.008831 0.080446 -0.009363
v -0.008725 0.080288 -0.009271
v -0.009002 0.080618 -0.010118
v -0.007619 0.080618 -0.011472
v -0.008831 0.080446 -0.009363
v -0.009559 0.080446 -0.006969
v -0.009443 0.080288 -0.006906
v -0.008725 0.080288 -0.009271
v -0.005677 0.080568 0.003722
v -0.006054 0.080568 0.000627
v -0.006253 0.080618 0.001147
v -0.005928 0.080618 0.004111
v -0.002382 0.080446 0.011817
v -0.000000 0.080446 0.012055
v -0.000000 0.080288 0.011964
v -0.002353 0.080288 0.011728
v -0.003947 0.080446 0.011283
v -0.003885 0.080288 0.011206
v 0.006889 0.080568 -0.002339
v 0.006448 0.080568 -0.001436
v 0.006633 0.080618 -0.000916
v 0.007077 0.080618 -0.001825
v 0.005923 0.080446 0.000407
v 0.005533 0.080446 0.003509
v 0.005677 0.080568 0.003722
v 0.006053 0.080568 0.000627
v 0.003658 0.080446 -0.012748
v 0.003614 0.080288 -0.012616
v 0.006759 0.080446 -0.002546
v 0.008830 0.080446 -0.004576
v 0.008724 0.080288 -0.004541
v 0.006677 0.080288 -0.002536
v 0.009558 0.080446 -0.006969
v 0.009443 0.080288 -0.006906
v 0.008830 0.080446 -0.009363
v 0.008724 0.080288 -0.009271
v -0.005923 0.080446 0.000407
v -0.005533 0.080446 0.003509
v -0.005471 0.080288 0.003429
v -0.005849 0.080288 0.000400
v -0.012216 0.001503 0.014856
v -0.011493 0.001629 0.013976
v -0.011471 0.001142 0.013951
v -0.011493 0.001629 0.013976
v -0.011208 0.078661 0.013431
v -0.011145 0.079134 0.013354
v -0.011347 0.078222 0.013600
v -0.014074 0.070419 0.017115
v -0.013765 0.071539 0.016740
v -0.009994 0.080540 0.011954
v -0.009791 0.080618 0.011707
v -0.010143 0.080327 0.012135
v -0.010197 0.080036 0.012201
v -0.010143 0.080327 0.012135
v -0.010197 0.079723 0.012201
v -0.010557 0.079584 0.012639
v -0.010197 0.079723 0.012201
v -0.010854 0.080026 0.013000
v -0.010772 0.079886 0.012900
v -0.010847 0.080209 0.012991
v -0.010854 0.080026 0.013000
v -0.010815 0.080407 0.012953
v -0.010828 0.080266 0.012968
v -0.010853 0.080538 0.012999
v -0.011333 0.080043 0.013583
v -0.011357 0.080125 0.013612
v -0.011276 0.080009 0.013513
v -0.010986 0.081626 0.013160
v -0.010932 0.081439 0.013094
v -0.011117 0.081704 0.013320
v -0.010986 0.081626 0.013160
v -0.011303 0.081626 0.013546
v -0.011172 0.081704 0.013387
v -0.011357 0.081439 0.013612
v -0.011303 0.081626 0.013546
v -0.010828 0.080266 0.012968
v -0.010847 0.080209 0.012991
v -0.010932 0.080670 0.013094
v -0.010557 0.079584 0.012639
v -0.011128 0.080009 0.013333
v -0.011276 0.080009 0.013513
v -0.007736 0.002919 0.011578
v -0.011328 0.000718 0.013776
v -0.012021 0.000362 0.014619
v -0.011794 0.000215 0.014343
v -0.012021 0.000362 0.014619
v -0.011422 0.000362 0.013891
v -0.011328 0.000718 0.013776
v -0.011422 0.000362 0.013891
v -0.010266 0.000215 0.015364
v -0.012019 0.004441 0.017908
v -0.012361 0.005727 0.018500
v -0.011128 0.080009 0.013333
v 0.005927 0.080618 0.004111
v 0.006253 0.080618 0.001147
v 0.010633 0.001503 0.015914
v 0.010546 0.000892 0.015783
v 0.007026 0.001629 0.016961
v 0.010004 0.001629 0.014971
v 0.009985 0.001142 0.014944
v 0.007013 0.001142 0.016930
v 0.010004 0.001629 0.014971
v 0.006852 0.078661 0.016342
v 0.009756 0.078661 0.014401
v 0.009701 0.079134 0.014319
v 0.006813 0.079134 0.016248
v 0.006936 0.078222 0.016547
v 0.009877 0.078222 0.014582
v 0.008603 0.070419 0.020770
v 0.012250 0.070419 0.018334
v 0.011981 0.071539 0.017931
v 0.008415 0.071539 0.020315
v 0.008699 0.080540 0.012819
v 0.008522 0.080618 0.012554
v 0.008828 0.080327 0.013013
v 0.006233 0.080036 0.014849
v 0.008876 0.080036 0.013084
v 0.008828 0.080327 0.013013
v 0.006200 0.080327 0.014769
v 0.009189 0.079584 0.013553
v 0.008876 0.079723 0.013084
v 0.006233 0.079723 0.014849
v 0.008876 0.079723 0.013084
v 0.006635 0.080026 0.015819
v 0.009447 0.080026 0.013939
v 0.009376 0.079886 0.013833
v 0.006585 0.079886 0.015698
v 0.006630 0.080209 0.015808
v 0.009441 0.080209 0.013930
v 0.009447 0.080026 0.013939
v 0.006635 0.080026 0.015819
v 0.006611 0.080407 0.015762
v 0.009414 0.080407 0.013889
v 0.009425 0.080266 0.013906
v 0.006619 0.080266 0.015780
v 0.006634 0.080538 0.015818
v 0.009447 0.080538 0.013939
v 0.009865 0.080043 0.014564
v 0.009885 0.080125 0.014595
v 0.009815 0.080009 0.014489
v 0.006716 0.081626 0.016014
v 0.009562 0.081626 0.014111
v 0.009515 0.081439 0.014041
v 0.006682 0.081439 0.015933
v 0.009676 0.081704 0.014282
v 0.009562 0.081626 0.014111
v 0.009838 0.081626 0.014524
v 0.009724 0.081704 0.014354
v 0.006942 0.081439 0.016561
v 0.009885 0.081439 0.014595
v 0.009838 0.081626 0.014524
v 0.006909 0.081626 0.016481
v 0.009425 0.080266 0.013906
v 0.009441 0.080209 0.013930
v 0.006682 0.080670 0.015933
v 0.009515 0.080670 0.014041
v 0.009447 0.080538 0.013939
v 0.006634 0.080538 0.015818
v 0.009189 0.079584 0.013553
v 0.006453 0.079584 0.015381
v 0.009515 0.080670 0.014041
v 0.006682 0.080670 0.015933
v 0.009685 0.080009 0.014296
v 0.009815 0.080009 0.014489
v 0.006942 0.080125 0.016561
v 0.009885 0.080125 0.014595
v 0.008887 0.002919 0.010808
v 0.009860 0.000718 0.014757
v 0.006925 0.000718 0.016718
v 0.010464 0.000362 0.015660
v 0.010546 0.000718 0.015783
v 0.010266 0.000215 0.015364
v 0.010464 0.000362 0.015660
v 0.009942 0.000362 0.014880
v 0.009860 0.000718 0.014757
v 0.009942 0.000362 0.014880
v 0.011794 0.000215 0.014343
v 0.013809 0.004441 0.016713
v 0.012115 0.000892 0.014734
v 0.012115 0.000718 0.014734
v 0.014201 0.005727 0.017271
v 0.014201 0.005727 0.017271
v 0.009685 0.080009 0.014296
v 0.006802 0.080009 0.016222
v -0.000000 0.080618 0.012653
v -0.002637 0.080618 0.012390
v -0.000000 0.080026 0.017138
v -0.000000 0.081439 0.017263
v -0.000000 0.080670 0.017263
v -0.004372 0.080618 0.011800
v -0.006625 0.080618 0.013367
v -0.006612 0.080407 0.015762
v 0.016041 0.005727 0.016041
v 0.015598 0.004441 0.015517
v -0.012589 0.079134 0.012389
v -0.012569 0.080009 0.012369
v -0.012829 0.081439 0.012629
v -0.015548 0.071539 0.015548
v -0.012817 0.078222 0.012618
v -0.012767 0.081626 0.012567
v -0.011518 0.079723 0.011318
v -0.011518 0.080036 0.011318
v -0.011457 0.080327 0.011257
v -0.015897 0.070419 0.015897
v -0.012661 0.078661 0.012461
v -0.008831 0.080446 -0.004576
v -0.006759 0.080446 -0.002546
v -0.006678 0.080288 -0.002536
v -0.008725 0.080288 -0.004541
v 0.002382 0.080446 0.011817
v 0.003947 0.080446 0.011283
v 0.003885 0.080288 0.011206
v 0.002353 0.080288 0.011728
v -0.002382 0.080446 0.011817
v -0.003947 0.080446 0.011283
v -0.004100 0.080568 0.011509
v -0.002470 0.080568 0.012065
v -0.005152 0.080446 0.009235
v -0.005383 0.080446 0.006397
v -0.005534 0.080568 0.006612
v -0.005302 0.080568 0.009459
v 0.006327 0.080446 -0.001656
v 0.006258 0.080288 -0.001664
v -0.003946 0.080618 -0.013079
v 0.002636 0.080618 0.012390
v -0.000000 0.080618 -0.013592
v 0.003946 0.080618 -0.013079
v -0.005383 0.080446 0.006397
v -0.005152 0.080446 0.009235
v -0.005089 0.080288 0.009070
v -0.005318 0.080288 0.006317
v 0.007619 0.080618 -0.011472
v -0.009281 0.080618 -0.003983
v 0.009002 0.080618 -0.010118
v -0.009559 0.080446 -0.006969
v -0.009443 0.080288 -0.006906
v 0.005533 0.080446 0.003509
v 0.005923 0.080446 0.000407
v 0.005848 0.080288 0.000400
v 0.005470 0.080288 0.003429
v 0.010073 0.080618 -0.006592
v -0.010074 0.080618 -0.006592
v 0.009281 0.080618 -0.003983
v 0.006759 0.080446 -0.002546
v 0.006327 0.080446 -0.001656
v 0.003762 0.080568 -0.012905
v -0.000000 0.080568 -0.013395
v 0.007048 0.080568 -0.011469
v 0.008929 0.080568 -0.009626
v 0.009558 0.080446 -0.006969
v 0.009761 0.080568 -0.006887
v 0.008830 0.080446 -0.004576
v 0.009011 0.080568 -0.004418
v 0.003947 0.080446 0.011283
v 0.002382 0.080446 0.011817
v 0.002469 0.080568 0.012065
v 0.004100 0.080568 0.011509
v 0.006625 0.080618 0.013367
v 0.004372 0.080618 0.011800
v -0.000000 0.080446 0.012055
v -0.000000 0.080568 0.012311
v -0.005533 0.080446 0.003509
v -0.005923 0.080446 0.000407
v -0.005800 0.080618 0.007010
v -0.005568 0.080618 0.009744
v -0.006811 0.080618 0.001010
v -0.006759 0.080446 -0.002546
v -0.008831 0.080446 -0.004576
v -0.009011 0.080568 -0.004418
v -0.009559 0.080446 -0.006969
v -0.009762 0.080568 -0.006887
v -0.008929 0.080568 -0.009626
v -0.007048 0.080568 -0.011469
v -0.003762 0.080568 -0.012905
v -0.006476 0.080618 0.006556
v 0.006811 0.080618 0.001010
v 0.006475 0.080618 0.006556
v 0.005382 0.080446 0.006397
v 0.005151 0.080446 0.009235
v 0.005301 0.080568 0.009459
v 0.005534 0.080568 0.006612
v -0.006327 0.080446 -0.001656
v 0.005568 0.080618 0.009744
v 0.005800 0.080618 0.007010
v 0.005228 0.080618 0.011026
v -0.005228 0.080618 0.011026
v 0.004957 0.080568 0.010737
v 0.004805 0.080446 0.010511
v -0.004958 0.080568 0.010737
v -0.004806 0.080446 0.010511
v 0.003885 0.080288 0.011206
v 0.003947 0.080446 0.011283
v 0.004805 0.080446 0.010511
v 0.004743 0.080288 0.010347
v 0.005151 0.080446 0.009235
v 0.005089 0.080288 0.009070
v -0.004806 0.080446 0.010511
v -0.004743 0.080288 0.010434
v -0.004743 0.080288 0.010434
v -0.004806 0.080446 0.010511
v 0.005403 0.080193 -0.003318
v 0.007047 0.080192 -0.005002
v 0.007009 0.080148 -0.005021
v 0.005374 0.080148 -0.003348
v 0.006363 0.080618 0.000168
v -0.006363 0.080618 0.000168
v -0.006045 0.080446 -0.000571
v -0.006171 0.080568 -0.000351
v 0.006045 0.080446 -0.000571
v 0.006170 0.080568 -0.000351
v 0.006045 0.080446 -0.000571
v 0.005973 0.080288 -0.000579
v -0.005974 0.080288 -0.000579
v -0.006045 0.080446 -0.000571
v -0.006258 0.080288 -0.001664
v -0.006327 0.080446 -0.001656
v -0.006327 0.080446 -0.001656
v -0.006258 0.080288 -0.001664
v -0.005890 0.080618 0.005531
v 0.005889 0.080618 0.005531
v 0.005478 0.080446 0.004925
v 0.005628 0.080568 0.005139
v -0.005628 0.080568 0.005139
v -0.005478 0.080446 0.004925
v 0.005413 0.080288 0.004846
v 0.005478 0.080446 0.004925
v 0.005318 0.080288 0.006317
v 0.005382 0.080446 0.006397
v -0.005478 0.080446 0.004925
v -0.005414 0.080288 0.004846
v 0.007624 0.080192 -0.006988
v 0.007047 0.080192 -0.008973
v 0.007009 0.080148 -0.008968
v 0.007583 0.080148 -0.006995
v 0.007047 0.080192 -0.008973
v 0.005706 0.080193 -0.010286
v 0.005675 0.080148 -0.010273
v 0.007009 0.080148 -0.008968
v 0.005706 0.080193 -0.010286
v 0.002942 0.080193 -0.011411
v 0.002926 0.080148 -0.011390
v 0.005675 0.080148 -0.010273
v -0.008725 0.080288 -0.004541
v -0.007186 0.080288 -0.004926
v -0.007778 0.080288 -0.006967
v -0.009443 0.080288 -0.006906
v -0.002864 0.080193 -0.011411
v -0.005627 0.080193 -0.010286
v -0.005596 0.080148 -0.010273
v -0.002848 0.080148 -0.011390
v -0.005974 0.080288 -0.000579
v -0.002524 0.080288 -0.000579
v -0.002311 0.080288 -0.003680
v -0.003938 0.080288 -0.002932
v -0.006258 0.080288 -0.001664
v 0.000039 0.080194 -0.011806
v 0.000039 0.080148 -0.011783
v -0.000303 0.080288 -0.004162
v -0.000303 0.080260 -0.004201
v -0.002301 0.080260 -0.003721
v 0.007047 0.080192 -0.005002
v 0.007009 0.080148 -0.005021
v -0.006969 0.080192 -0.008973
v -0.007546 0.080192 -0.006988
v -0.007505 0.080148 -0.006995
v -0.006930 0.080148 -0.008968
v -0.005325 0.080193 -0.003318
v -0.003821 0.080193 -0.003066
v -0.003800 0.080148 -0.003097
v -0.005295 0.080148 -0.003348
v -0.005627 0.080193 -0.010286
v -0.005596 0.080148 -0.010273
v 0.003900 0.080193 -0.003066
v 0.005403 0.080193 -0.003318
v 0.005374 0.080148 -0.003348
v 0.003878 0.080148 -0.003097
v 0.002562 0.080288 -0.000579
v 0.000038 0.080288 -0.000579
v 0.000035 0.080288 0.000400
v 0.002411 0.080288 0.000400
v -0.002281 0.080193 -0.003772
v -0.002269 0.080148 -0.003799
v -0.002377 0.080288 0.000400
v 0.000026 0.080288 0.003429
v 0.002252 0.080288 0.003429
v -0.002226 0.080288 0.003429
v 0.000022 0.080288 0.004846
v 0.002227 0.080288 0.004846
v 0.000018 0.080288 0.006317
v 0.002186 0.080288 0.006317
v -0.002205 0.080288 0.004846
v -0.002168 0.080288 0.006317
v 0.000008 0.080288 0.008134
v 0.002197 0.080288 0.008134
v -0.002189 0.080288 0.008134
v -0.000000 0.080288 0.011964
v -0.002353 0.080288 0.011728
v 0.002353 0.080288 0.011728
v 0.003885 0.080288 0.011206
v 0.004743 0.080288 0.010347
v -0.003885 0.080288 0.011206
v -0.004743 0.080288 0.010434
v 0.002322 0.080193 -0.003787
v 0.002310 0.080148 -0.003814
v -0.005089 0.080288 0.009070
v -0.005318 0.080288 0.006317
v -0.005414 0.080288 0.004846
v -0.005471 0.080288 0.003429
v -0.005849 0.080288 0.000400
v 0.005318 0.080288 0.006317
v 0.005089 0.080288 0.009070
v 0.005413 0.080288 0.004846
v 0.005470 0.080288 0.003429
v 0.005848 0.080288 0.000400
v 0.005973 0.080288 -0.000579
v -0.000303 0.080193 -0.004247
v -0.000303 0.080148 -0.004271
v 0.000039 0.080288 -0.003895
v 0.000382 0.080193 -0.004248
v 0.000382 0.080148 -0.004272
v -0.005496 0.080288 -0.003194
v -0.006678 0.080288 -0.002536
v 0.008724 0.080288 -0.004541
v 0.007256 0.080288 -0.004927
v 0.005564 0.080288 -0.003196
v 0.006677 0.080288 -0.002536
v 0.000036 0.080288 -0.011949
v -0.000000 0.080288 -0.013086
v -0.003614 0.080288 -0.012616
v -0.002952 0.080288 -0.011542
v 0.006677 0.080288 -0.011276
v 0.005846 0.080288 -0.010392
v 0.007258 0.080288 -0.009008
v 0.008724 0.080288 -0.009271
v -0.006678 0.080288 -0.011276
v -0.005773 0.080288 -0.010392
v 0.007851 0.080288 -0.006967
v 0.009443 0.080288 -0.006906
v 0.000382 0.080260 -0.004202
v 0.002342 0.080260 -0.003736
v -0.007186 0.080288 -0.009008
v -0.008725 0.080288 -0.009271
v 0.006258 0.080288 -0.001664
v 0.004010 0.080288 -0.002935
v 0.002352 0.080288 -0.003695
v 0.003024 0.080288 -0.011542
v 0.003614 0.080288 -0.012616
v -0.006969 0.080192 -0.005002
v -0.006930 0.080148 -0.005021
v -0.007067 0.080260 -0.004962
v -0.007651 0.080260 -0.006975
v -0.006969 0.080192 -0.005002
v -0.007546 0.080192 -0.006988
v -0.005401 0.080260 -0.003255
v -0.007067 0.080260 -0.004962
v -0.005401 0.080260 -0.003255
v -0.007067 0.080260 -0.008988
v -0.006969 0.080192 -0.008973
v -0.005698 0.080260 -0.010329
v -0.005627 0.080193 -0.010286
v -0.003874 0.080260 -0.002999
v -0.003874 0.080260 -0.002999
v -0.002904 0.080260 -0.011467
v 0.000038 0.080260 -0.011868
v -0.002864 0.080193 -0.011411
v 0.000039 0.080194 -0.011806
v 0.000382 0.080288 -0.004163
v 0.002352 0.080288 -0.003695
v 0.004010 0.080288 -0.002935
v 0.003951 0.080260 -0.003000
v 0.002981 0.080260 -0.011467
v 0.002942 0.080193 -0.011411
v 0.005477 0.080260 -0.003256
v 0.003951 0.080260 -0.003000
v 0.005477 0.080260 -0.003256
v 0.005775 0.080260 -0.010329
v 0.007143 0.080260 -0.004963
v 0.007143 0.080260 -0.008988
v 0.007728 0.080260 -0.006975
v 0.007624 0.080192 -0.006988
v 0.000382 0.080288 -0.004163
v -0.002301 0.080260 -0.003721
v -0.000303 0.080260 -0.004201
v -0.007546 0.080192 -0.006988
v -0.007505 0.080148 -0.006995
v 0.000039 0.080288 -0.004197
v 0.000039 0.080260 -0.004236
v 0.000039 0.080288 -0.004197
v 0.000039 0.080260 -0.004236
v 0.000039 0.080193 -0.004282
v 0.000039 0.080148 -0.004305
v -0.007505 0.080148 -0.006995
v -0.006930 0.080148 -0.005021
v -0.005295 0.080148 -0.003348
v -0.003800 0.080148 -0.003097
v -0.002269 0.080148 -0.003799
v -0.000303 0.080148 -0.004271
v 0.000039 0.080148 -0.004305
v 0.000382 0.080148 -0.004272
v 0.002310 0.080148 -0.003814
v 0.003878 0.080148 -0.003097
v 0.005374 0.080148 -0.003348
v 0.007009 0.080148 -0.005021
v 0.007583 0.080148 -0.006995
v 0.007009 0.080148 -0.008968
v 0.005675 0.080148 -0.010273
v 0.002926 0.080148 -0.011390
v 0.000039 0.080148 -0.011783
v -0.002848 0.080148 -0.011390
v -0.005596 0.080148 -0.010273
v -0.006930 0.080148 -0.008968
v -0.001436 0.080295 -0.001188
v -0.001436 0.080464 -0.001188
v -0.001651 0.080464 -0.001987
v -0.001651 0.080295 -0.001987
v 0.001650 0.080295 -0.003203
v 0.001650 0.080464 -0.003203
v 0.001650 0.080464 -0.001987
v 0.001650 0.080295 -0.001987
v -0.001593 0.080242 -0.003203
v 0.001592 0.080242 -0.003203
v 0.001592 0.080242 -0.001995
v 0.001384 0.080242 -0.001218
v 0.000821 0.080242 -0.000654
v 0.000043 0.080242 -0.000446
v -0.000044 0.080242 -0.000446
v -0.000821 0.080242 -0.000654
v -0.001384 0.080242 -0.001218
v -0.001593 0.080242 -0.001995
v -0.000051 0.080295 -0.000388
v -0.000051 0.080464 -0.000388
v -0.000851 0.080464 -0.000602
v -0.000851 0.080295 -0.000602
v 0.000051 0.080295 -0.000388
v 0.000051 0.080464 -0.000388
v 0.001436 0.080464 -0.001188
v 0.001436 0.080295 -0.001188
v -0.001436 0.080464 -0.001188
v -0.001436 0.080295 -0.001188
v 0.000851 0.080464 -0.000602
v 0.000851 0.080295 -0.000602
v 0.000851 0.080295 -0.000602
v 0.000851 0.080464 -0.000602
v 0.001592 0.080517 -0.003203
v -0.001593 0.080517 -0.003203
v -0.001593 0.080517 -0.001995
v -0.001384 0.080517 -0.001218
v -0.000821 0.080517 -0.000654
v -0.000044 0.080517 -0.000446
v 0.000043 0.080517 -0.000446
v 0.000821 0.080517 -0.000654
v 0.001384 0.080517 -0.001218
v 0.001592 0.080517 -0.001995
v -0.000821 0.080242 -0.000654
v -0.000044 0.080242 -0.000446
v -0.000049 0.080258 -0.000405
v -0.000842 0.080258 -0.000618
v -0.000842 0.080502 -0.000618
v -0.000049 0.080502 -0.000405
v -0.000049 0.080502 -0.000405
v -0.000842 0.080502 -0.000618
v -0.001384 0.080242 -0.001218
v -0.001421 0.080258 -0.001196
v -0.001421 0.080502 -0.001196
v -0.001421 0.080502 -0.001196
v -0.001421 0.080258 -0.001196
v -0.001634 0.080258 -0.001990
v -0.001634 0.080258 -0.001990
v -0.001421 0.080258 -0.001196
v -0.001634 0.080502 -0.001990
v -0.001421 0.080502 -0.001196
v -0.001634 0.080502 -0.001990
v 0.000049 0.080502 -0.000405
v 0.000842 0.080502 -0.000618
v 0.000842 0.080502 -0.000618
v 0.000049 0.080502 -0.000405
v 0.000043 0.080242 -0.000446
v 0.000821 0.080242 -0.000654
v 0.000842 0.080258 -0.000618
v 0.000049 0.080258 -0.000405
v 0.001421 0.080502 -0.001196
v 0.001421 0.080502 -0.001196
v 0.000842 0.080502 -0.000618
v 0.001384 0.080242 -0.001218
v 0.001421 0.080258 -0.001196
v 0.000842 0.080258 -0.000618
v 0.001421 0.080258 -0.001196
v 0.001633 0.080502 -0.001990
v 0.001633 0.080502 -0.001990
v 0.001633 0.080258 -0.001990
v 0.001421 0.080258 -0.001196
v 0.001633 0.080258 -0.001990
v -0.001651 0.080295 -0.003203
v -0.001634 0.080258 -0.003203
v -0.001634 0.080258 -0.003203
v 0.001633 0.080258 -0.003203
v 0.001633 0.080258 -0.003203
v -0.001634 0.080502 -0.003203
v -0.001634 0.080502 -0.003203
v -0.001651 0.080464 -0.003203
v 0.001633 0.080502 -0.003203
v 0.001633 0.080502 -0.003203
v -0.000406 0.080318 -0.002775
v -0.000406 0.080573 -0.002775
v -0.000000 0.080573 -0.002856
v -0.000000 0.080318 -0.002856
v 0.000750 0.080318 -0.002545
v 0.000750 0.080573 -0.002545
v 0.000980 0.080573 -0.002201
v 0.000980 0.080318 -0.002201
v 0.000980 0.080318 -0.002201
v 0.000980 0.080573 -0.002201
v 0.001060 0.080573 -0.001795
v 0.001060 0.080318 -0.001795
v 0.000980 0.080573 -0.001389
v 0.000980 0.080318 -0.001389
v 0.000750 0.080573 -0.001045
v 0.000750 0.080318 -0.001045
v 0.000406 0.080573 -0.000815
v 0.000406 0.080318 -0.000815
v 0.000406 0.080318 -0.000815
v 0.000406 0.080573 -0.000815
v -0.000000 0.080573 -0.000735
v -0.000000 0.080318 -0.000735
v -0.000406 0.080573 -0.000815
v -0.000406 0.080318 -0.000815
v -0.000750 0.080573 -0.001045
v -0.000750 0.080318 -0.001045
v -0.000750 0.080318 -0.001045
v -0.000750 0.080573 -0.001045
v -0.000980 0.080573 -0.001389
v -0.000980 0.080318 -0.001389
v -0.001061 0.080573 -0.001795
v -0.001061 0.080318 -0.001795
v -0.000980 0.080573 -0.002201
v -0.000980 0.080318 -0.002201
v -0.000750 0.080573 -0.002545
v -0.000750 0.080318 -0.002545
v -0.000406 0.080573 -0.002775
v -0.000406 0.080318 -0.002775
v -0.000000 0.080318 -0.002856
v -0.000000 0.080573 -0.002856
v 0.000406 0.080573 -0.002775
v 0.000406 0.080318 -0.002775
v -0.000000 0.080645 -0.002823
v 0.000393 0.080645 -0.002745
v 0.000393 0.080645 -0.002745
v -0.000000 0.080645 -0.002823
v -0.000000 0.080674 -0.002743
v 0.000363 0.080674 -0.002671
v 0.000726 0.080645 -0.002522
v 0.000726 0.080645 -0.002522
v 0.000670 0.080674 -0.002466
v 0.000949 0.080645 -0.002189
v 0.000949 0.080645 -0.002189
v 0.000876 0.080674 -0.002158
v 0.000949 0.080645 -0.002189
v 0.001027 0.080645 -0.001795
v 0.001027 0.080645 -0.001795
v 0.000948 0.080674 -0.001795
v 0.000949 0.080645 -0.001402
v 0.000949 0.080645 -0.001402
v 0.000876 0.080674 -0.001432
v 0.000726 0.080645 -0.001069
v 0.000726 0.080645 -0.001069
v 0.000670 0.080674 -0.001125
v 0.000393 0.080645 -0.000846
v 0.000393 0.080645 -0.000846
v 0.000363 0.080674 -0.000919
v 0.000393 0.080645 -0.000846
v -0.000000 0.080645 -0.000768
v -0.000000 0.080645 -0.000768
v -0.000000 0.080674 -0.000847
v -0.000393 0.080645 -0.000846
v -0.000393 0.080645 -0.000846
v -0.000363 0.080674 -0.000919
v -0.000727 0.080645 -0.001069
v -0.000727 0.080645 -0.001069
v -0.000671 0.080674 -0.001125
v -0.000727 0.080645 -0.001069
v -0.000950 0.080645 -0.001402
v -0.000950 0.080645 -0.001402
v -0.000876 0.080674 -0.001432
v -0.001028 0.080645 -0.001795
v -0.001028 0.080645 -0.001795
v -0.000948 0.080674 -0.001795
v -0.000950 0.080645 -0.002189
v -0.000950 0.080645 -0.002189
v -0.000876 0.080674 -0.002158
v -0.000727 0.080645 -0.002522
v -0.000727 0.080645 -0.002522
v -0.000671 0.080674 -0.002466
v -0.000393 0.080645 -0.002745
v -0.000393 0.080645 -0.002745
v -0.000363 0.080674 -0.002671
v -0.000406 0.080573 -0.002775
v -0.000393 0.080645 -0.002745
v -0.000134 0.080489 -0.005271
v -0.000134 0.080785 -0.005271
v 0.000133 0.080785 -0.005271
v 0.000133 0.080489 -0.005271
v 0.004892 0.080489 -0.000040
v 0.004892 0.080785 -0.000040
v 0.005093 0.080785 0.006331
v 0.005093 0.080489 0.006331
v 0.001050 0.080489 0.011106
v 0.001050 0.080785 0.011106
v -0.001050 0.080785 0.011106
v -0.001050 0.080489 0.011106
v 0.002993 0.080589 0.005229
v 0.002993 0.080389 0.005229
v 0.003641 0.080389 0.005724
v 0.003641 0.080589 0.005724
v -0.002643 0.080785 0.010743
v -0.002643 0.080489 0.010743
v -0.003971 0.080785 0.009708
v -0.003971 0.080489 0.009708
v -0.003971 0.080489 0.009708
v -0.003971 0.080785 0.009708
v -0.004831 0.080785 0.008159
v -0.004831 0.080489 0.008159
v -0.005093 0.080785 0.006331
v -0.005093 0.080489 0.006331
v -0.004892 0.080785 -0.000040
v -0.004892 0.080489 -0.000040
v 0.003687 0.080589 0.008345
v 0.003687 0.080389 0.008345
v 0.003376 0.080389 0.008985
v 0.003376 0.080589 0.008985
v -0.004892 0.080785 -0.000040
v -0.003624 0.080785 0.000892
v -0.003761 0.080785 -0.001498
v -0.004480 0.080785 -0.002042
v 0.004831 0.080785 0.008159
v 0.004831 0.080489 0.008159
v 0.003971 0.080785 0.009708
v 0.003971 0.080489 0.009708
v 0.002643 0.080785 0.010743
v 0.002643 0.080489 0.010743
v 0.002643 0.080489 0.010743
v 0.002643 0.080785 0.010743
v 0.001904 0.080785 -0.004873
v 0.001904 0.080489 -0.004873
v 0.003430 0.080785 -0.003739
v 0.003430 0.080489 -0.003739
v 0.004479 0.080785 -0.002042
v 0.004479 0.080489 -0.002042
v 0.004055 0.080489 -0.002727
v 0.004055 0.080785 -0.002727
v 0.004479 0.080489 -0.002042
v 0.004479 0.080785 -0.002042
v -0.004480 0.080785 -0.002042
v -0.004480 0.080489 -0.002042
v -0.003430 0.080785 -0.003739
v -0.003430 0.080489 -0.003739
v -0.004056 0.080489 -0.002727
v -0.004056 0.080785 -0.002727
v -0.001904 0.080785 -0.004873
v -0.001904 0.080489 -0.004873
v -0.000134 0.080785 -0.005271
v -0.000134 0.080489 -0.005271
v -0.001904 0.080489 -0.004873
v -0.001904 0.080785 -0.004873
v -0.000713 0.080589 -0.003055
v -0.001795 0.080589 -0.002919
v -0.001795 0.080389 -0.002919
v -0.000713 0.080389 -0.003055
v 0.000713 0.080589 -0.003055
v 0.000713 0.080389 -0.003055
v 0.001795 0.080389 -0.002919
v 0.001795 0.080589 -0.002919
v 0.004892 0.080194 -0.000040
v 0.005093 0.080194 0.006331
v 0.004180 0.080194 0.006314
v 0.003915 0.080194 0.005528
v 0.003106 0.080194 0.002276
v 0.003623 0.080194 0.000892
v -0.002697 0.080589 -0.002532
v -0.003281 0.080589 -0.001952
v -0.003281 0.080389 -0.001952
v -0.002697 0.080389 -0.002532
v 0.002696 0.080589 -0.002532
v 0.002696 0.080389 -0.002532
v 0.003280 0.080389 -0.001952
v 0.003280 0.080589 -0.001952
v -0.002697 0.080589 -0.002532
v -0.002697 0.080389 -0.002532
v 0.003041 0.080589 0.001863
v 0.003041 0.080389 0.001863
v 0.002329 0.080389 0.002497
v 0.002329 0.080589 0.002497
v -0.003458 0.080589 -0.001269
v -0.003458 0.080389 -0.001269
v -0.000578 0.080785 0.004260
v -0.000242 0.080785 0.003439
v -0.001424 0.080785 0.003293
v -0.001809 0.080785 0.004379
v -0.000791 0.080589 0.004782
v -0.000791 0.080389 0.004782
v 0.000791 0.080389 0.004782
v 0.000791 0.080589 0.004782
v -0.001435 0.080589 0.009890
v -0.001435 0.080389 0.009890
v -0.002585 0.080389 0.009528
v -0.002585 0.080589 0.009528
v 0.001435 0.080589 0.009890
v 0.002585 0.080589 0.009528
v 0.002585 0.080389 0.009528
v 0.001435 0.080389 0.009890
v 0.001992 0.080389 0.004898
v 0.001992 0.080589 0.004898
v 0.003838 0.080589 0.006308
v 0.003838 0.080389 0.006308
v -0.003376 0.080589 0.008985
v -0.003376 0.080389 0.008985
v -0.003687 0.080389 0.008345
v -0.003687 0.080589 0.008345
v -0.003839 0.080389 0.006308
v -0.003839 0.080589 0.006308
v -0.003322 0.080589 0.001114
v -0.003322 0.080389 0.001114
v -0.003641 0.080589 0.005724
v -0.003641 0.080389 0.005724
v -0.001050 0.080785 0.011106
v -0.001303 0.080785 0.010307
v -0.002603 0.080785 0.009897
v -0.002643 0.080785 0.010743
v -0.003376 0.080589 0.008985
v -0.003376 0.080389 0.008985
v 0.000100 0.080589 0.010018
v 0.000100 0.080389 0.010018
v -0.000101 0.080389 0.010018
v -0.000101 0.080589 0.010018
v -0.001992 0.080589 0.004898
v -0.001992 0.080389 0.004898
v 0.001435 0.080589 0.009890
v 0.001435 0.080389 0.009890
v 0.005093 0.080785 0.006331
v 0.004180 0.080785 0.006314
v 0.004034 0.080785 0.008289
v 0.004831 0.080785 0.008159
v 0.000133 0.080194 -0.005271
v -0.000134 0.080194 -0.005271
v 0.005093 0.080194 0.006331
v 0.004892 0.080194 -0.000040
v -0.001050 0.080194 0.011106
v 0.001050 0.080194 0.011106
v 0.002872 0.080194 0.004731
v 0.002423 0.080194 0.002884
v -0.002643 0.080194 0.010743
v -0.003971 0.080194 0.009708
v -0.004831 0.080194 0.008159
v -0.003971 0.080194 0.009708
v -0.005093 0.080194 0.006331
v -0.004892 0.080194 -0.000040
v 0.004831 0.080194 0.008159
v 0.003971 0.080194 0.009708
v 0.003577 0.080194 0.009229
v 0.004034 0.080194 0.008289
v 0.003760 0.080194 -0.001498
v 0.004479 0.080194 -0.002042
v 0.004831 0.080194 0.008159
v 0.003971 0.080194 0.009708
v 0.002643 0.080194 0.010743
v 0.002643 0.080194 0.010743
v 0.001904 0.080194 -0.004873
v 0.003430 0.080194 -0.003739
v 0.004479 0.080194 -0.002042
v 0.004055 0.080194 -0.002727
v 0.004479 0.080194 -0.002042
v -0.004480 0.080194 -0.002042
v -0.003430 0.080194 -0.003739
v -0.004056 0.080194 -0.002727
v -0.001904 0.080194 -0.004873
v -0.000134 0.080194 -0.005271
v -0.001904 0.080194 -0.004873
v -0.001904 0.080194 -0.004873
v -0.000134 0.080194 -0.005271
v -0.000594 0.080194 -0.003512
v -0.001820 0.080194 -0.003358
v 0.000133 0.080194 -0.005271
v 0.001904 0.080194 -0.004873
v 0.001819 0.080194 -0.003358
v 0.000593 0.080194 -0.003512
v -0.004056 0.080194 -0.002727
v -0.003430 0.080194 -0.003739
v -0.002913 0.080194 -0.002888
v -0.003568 0.080194 -0.002239
v 0.003430 0.080194 -0.003739
v 0.004055 0.080194 -0.002727
v 0.003567 0.080194 -0.002239
v 0.002913 0.080194 -0.002888
v -0.004480 0.080194 -0.002042
v -0.003761 0.080194 -0.001498
v -0.001809 0.080194 0.004379
v -0.002872 0.080194 0.004731
v -0.002423 0.080194 0.002884
v -0.001424 0.080194 0.003293
v 0.000578 0.080194 0.004260
v -0.000578 0.080194 0.004260
v -0.000242 0.080194 0.003439
v 0.000241 0.080194 0.003439
v -0.001050 0.080194 0.011106
v -0.002643 0.080194 0.010743
v -0.002603 0.080194 0.009897
v -0.001303 0.080194 0.010307
v 0.002643 0.080194 0.010743
v 0.001050 0.080194 0.011106
v 0.001303 0.080194 0.010307
v 0.002603 0.080194 0.009897
v 0.001808 0.080194 0.004379
v 0.001424 0.080194 0.003293
v -0.003971 0.080194 0.009708
v -0.004831 0.080194 0.008159
v -0.004034 0.080194 0.008289
v -0.003577 0.080194 0.009229
v -0.005093 0.080194 0.006331
v -0.004181 0.080194 0.006314
v -0.004892 0.080194 -0.000040
v -0.003624 0.080194 0.000892
v -0.003915 0.080194 0.005528
v -0.003106 0.080194 0.002276
v 0.000426 0.080194 0.010391
v -0.000426 0.080194 0.010391
v 0.003623 0.080785 0.000892
v 0.004892 0.080785 -0.000040
v 0.004479 0.080785 -0.002042
v 0.003760 0.080785 -0.001498
v 0.003458 0.080589 -0.001269
v 0.003458 0.080389 -0.001269
v 0.003322 0.080389 0.001114
v 0.003322 0.080589 0.001114
v 0.001293 0.080589 0.002921
v 0.002329 0.080589 0.002497
v 0.002329 0.080389 0.002497
v 0.001293 0.080389 0.002921
v -0.002329 0.080589 0.002497
v -0.002329 0.080389 0.002497
v -0.003042 0.080389 0.001863
v -0.003042 0.080589 0.001863
v 0.000090 0.080589 0.003070
v 0.000090 0.080389 0.003070
v -0.000091 0.080389 0.003070
v -0.000091 0.080589 0.003070
v -0.001293 0.080589 0.002921
v -0.001293 0.080389 0.002921
v 0.003280 0.080589 -0.001952
v 0.003280 0.080389 -0.001952
v 0.001293 0.080589 0.002921
v 0.001293 0.080389 0.002921
v -0.003568 0.080785 -0.002239
v -0.004056 0.080785 -0.002727
v -0.003042 0.080589 0.001863
v -0.003042 0.080389 0.001863
v -0.002913 0.080785 -0.002888
v -0.003430 0.080785 -0.003739
v -0.001820 0.080785 -0.003358
v -0.001904 0.080785 -0.004873
v -0.000594 0.080785 -0.003512
v -0.000134 0.080785 -0.005271
v 0.000593 0.080785 -0.003512
v 0.000133 0.080785 -0.005271
v 0.001819 0.080785 -0.003358
v 0.001904 0.080785 -0.004873
v 0.002913 0.080785 -0.002888
v 0.003430 0.080785 -0.003739
v 0.003567 0.080785 -0.002239
v 0.004055 0.080785 -0.002727
v 0.003577 0.080785 0.009229
v 0.003971 0.080785 0.009708
v 0.003106 0.080785 0.002276
v 0.003915 0.080785 0.005528
v 0.002423 0.080785 0.002884
v 0.002872 0.080785 0.004731
v 0.001424 0.080785 0.003293
v 0.001808 0.080785 0.004379
v 0.000241 0.080785 0.003439
v 0.000578 0.080785 0.004260
v -0.002993 0.080589 0.005229
v -0.002993 0.080389 0.005229
v -0.002423 0.080785 0.002884
v -0.002872 0.080785 0.004731
v -0.003106 0.080785 0.002276
v -0.003915 0.080785 0.005528
v -0.005093 0.080785 0.006331
v -0.004181 0.080785 0.006314
v -0.004831 0.080785 0.008159
v -0.004034 0.080785 0.008289
v -0.003971 0.080785 0.009708
v -0.003577 0.080785 0.009229
v -0.002993 0.080589 0.005229
v -0.002993 0.080389 0.005229
v -0.000426 0.080785 0.010391
v 0.000426 0.080785 0.010391
v 0.001050 0.080785 0.011106
v 0.001303 0.080785 0.010307
v 0.002643 0.080785 0.010743
v 0.002603 0.080785 0.009897
v 0.002585 0.080389 0.009528
v 0.002585 0.080589 0.009528
v 0.003938 0.080727 0.006310
v 0.003788 0.080727 0.008329
v 0.003788 0.080727 0.008329
v 0.003938 0.080727 0.006310
v 0.003721 0.080727 0.005666
v 0.003721 0.080727 0.005666
v 0.003641 0.080589 0.005724
v 0.003435 0.080727 0.009057
v 0.003435 0.080727 0.009057
v 0.001938 0.080727 0.004746
v 0.002957 0.080727 0.005083
v 0.001992 0.080589 0.004898
v 0.002993 0.080589 0.005229
v 0.003641 0.080589 0.005724
v 0.002590 0.080727 0.009636
v 0.002590 0.080727 0.009636
v 0.002585 0.080589 0.009528
v 0.001396 0.080727 0.010012
v 0.002590 0.080727 0.009636
v 0.001396 0.080727 0.010012
v 0.000196 0.080727 0.010127
v 0.000196 0.080727 0.010127
v -0.000196 0.080727 0.010127
v -0.000196 0.080727 0.010127
v -0.001992 0.080589 0.004898
v -0.000791 0.080589 0.004782
v -0.000729 0.080727 0.004629
v -0.001939 0.080727 0.004746
v -0.001397 0.080727 0.010012
v -0.002591 0.080727 0.009636
v -0.002591 0.080727 0.009636
v -0.001397 0.080727 0.010012
v -0.002958 0.080727 0.005083
v -0.002993 0.080589 0.005229
v -0.003435 0.080727 0.009057
v -0.003435 0.080727 0.009057
v -0.003641 0.080589 0.005724
v -0.003722 0.080727 0.005666
v -0.003722 0.080727 0.005666
v -0.003939 0.080727 0.006310
v -0.003939 0.080727 0.006310
v -0.003789 0.080727 0.008329
v -0.003789 0.080727 0.008329
v -0.003789 0.080727 0.008329
v -0.003687 0.080589 0.008345
v -0.003411 0.080727 0.001049
v -0.003547 0.080727 -0.001336
v -0.003547 0.080727 -0.001336
v -0.003411 0.080727 0.001049
v 0.003060 0.080727 0.001984
v 0.003410 0.080727 0.001049
v 0.003410 0.080727 0.001049
v 0.003060 0.080727 0.001984
v 0.002356 0.080727 0.002611
v 0.002356 0.080727 0.002611
v -0.003322 0.080589 0.001114
v -0.003411 0.080727 0.001049
v -0.003061 0.080727 0.001984
v -0.003061 0.080727 0.001984
v 0.002329 0.080589 0.002497
v 0.001331 0.080727 0.003030
v 0.002356 0.080727 0.002611
v 0.001331 0.080727 0.003030
v 0.000135 0.080727 0.003178
v 0.000135 0.080727 0.003178
v -0.001332 0.080727 0.003030
v -0.002357 0.080727 0.002611
v -0.002357 0.080727 0.002611
v -0.001332 0.080727 0.003030
v -0.000135 0.080727 0.003178
v -0.000135 0.080727 0.003178
v 0.000728 0.080727 0.004629
v 0.000791 0.080589 0.004782
v 0.003547 0.080727 -0.001336
v 0.003547 0.080727 -0.001336
v 0.003364 0.080727 -0.002036
v 0.003364 0.080727 -0.002036
v -0.003281 0.080589 -0.001952
v -0.002697 0.080589 -0.002532
v -0.002760 0.080727 -0.002636
v -0.003365 0.080727 -0.002036
v -0.003365 0.080727 -0.002036
v 0.002760 0.080727 -0.002636
v 0.002696 0.080589 -0.002532
v 0.003280 0.080589 -0.001952
v -0.001795 0.080589 -0.002919
v -0.001802 0.080727 -0.003047
v 0.001802 0.080727 -0.003047
v 0.001795 0.080589 -0.002919
v -0.000713 0.080589 -0.003055
v -0.000678 0.080727 -0.003189
v 0.000678 0.080727 -0.003189
v 0.000713 0.080589 -0.003055
v 0.003938 0.080251 0.006310
v 0.003788 0.080251 0.008329
v 0.003788 0.080251 0.008329
v 0.003938 0.080251 0.006310
v 0.003641 0.080389 0.005724
v 0.003721 0.080251 0.005666
v 0.003721 0.080251 0.005666
v 0.003435 0.080251 0.009057
v 0.003435 0.080251 0.009057
v 0.001938 0.080251 0.004746
v 0.002957 0.080251 0.005083
v 0.002957 0.080251 0.005083
v 0.001938 0.080251 0.004746
v 0.003721 0.080251 0.005666
v 0.002872 0.080194 0.004731
v 0.003915 0.080194 0.005528
v 0.003376 0.080389 0.008985
v 0.002590 0.080251 0.009636
v 0.001396 0.080251 0.010012
v 0.000100 0.080389 0.010018
v 0.000196 0.080251 0.010127
v -0.000101 0.080389 0.010018
v -0.000196 0.080251 0.010127
v -0.000729 0.080251 0.004629
v -0.001939 0.080251 0.004746
v -0.001939 0.080251 0.004746
v -0.000729 0.080251 0.004629
v -0.000791 0.080389 0.004782
v -0.002585 0.080389 0.009528
v -0.001435 0.080389 0.009890
v -0.001397 0.080251 0.010012
v -0.002591 0.080251 0.009636
v -0.002958 0.080251 0.005083
v -0.002958 0.080251 0.005083
v -0.003435 0.080251 0.009057
v -0.003376 0.080389 0.008985
v -0.003722 0.080251 0.005666
v -0.003722 0.080251 0.005666
v -0.003641 0.080389 0.005724
v -0.003939 0.080251 0.006310
v -0.003939 0.080251 0.006310
v -0.003722 0.080251 0.005666
v -0.003789 0.080251 0.008329
v -0.003789 0.080251 0.008329
v -0.003435 0.080251 0.009057
v -0.003411 0.080251 0.001049
v -0.003547 0.080251 -0.001336
v -0.003547 0.080251 -0.001336
v -0.003411 0.080251 0.001049
v 0.003060 0.080251 0.001984
v 0.003410 0.080251 0.001049
v 0.003410 0.080251 0.001049
v 0.003060 0.080251 0.001984
v 0.003041 0.080389 0.001863
v 0.002356 0.080251 0.002611
v -0.003061 0.080251 0.001984
v -0.003061 0.080251 0.001984
v 0.001331 0.080251 0.003030
v 0.000090 0.080389 0.003070
v 0.000135 0.080251 0.003178
v -0.002329 0.080389 0.002497
v -0.001293 0.080389 0.002921
v -0.001332 0.080251 0.003030
v -0.002357 0.080251 0.002611
v -0.003042 0.080389 0.001863
v -0.000091 0.080389 0.003070
v -0.000135 0.080251 0.003178
v 0.000791 0.080389 0.004782
v 0.000728 0.080251 0.004629
v 0.000728 0.080251 0.004629
v 0.003547 0.080251 -0.001336
v 0.003547 0.080251 -0.001336
v 0.003364 0.080251 -0.002036
v 0.003364 0.080251 -0.002036
v -0.002760 0.080251 -0.002636
v -0.003365 0.080251 -0.002036
v -0.003365 0.080251 -0.002036
v -0.002760 0.080251 -0.002636
v 0.002760 0.080251 -0.002636
v 0.003364 0.080251 -0.002036
v 0.002760 0.080251 -0.002636
v -0.001802 0.080251 -0.003047
v -0.002760 0.080251 -0.002636
v -0.001802 0.080251 -0.003047
v 0.001802 0.080251 -0.003047
v 0.001802 0.080251 -0.003047
v -0.000678 0.080251 -0.003189
v -0.000678 0.080251 -0.003189
v 0.000678 0.080251 -0.003189
v 0.000678 0.080251 -0.003189
vn -0.0000 -0.1952 -0.9808
vn -0.0000 0.0831 -0.9965
vn 0.3814 0.0831 -0.9207
vn 0.3763 -0.1971 -0.9053
vn 0.9169 0.1225 0.3798
vn 0.9925 0.1225 -0.0000
vn 0.9995 0.0320 -0.0000
vn 0.9234 0.0320 0.3825
vn 0.7018 0.1225 0.7018
vn 0.7067 0.0320 0.7067
vn 0.5516 0.1189 0.8256
vn 0.5553 0.0314 0.8311
vn 0.1937 0.1189 0.9738
vn 0.3798 0.1225 0.9169
vn 0.3825 0.0320 0.9234
vn 0.1950 0.0314 0.9803
vn -0.1937 0.1189 0.9738
vn -0.0000 0.1225 0.9925
vn -0.0000 0.0320 0.9995
vn -0.1950 0.0314 0.9803
vn -0.5516 0.1189 0.8256
vn -0.3798 0.1225 0.9169
vn -0.3825 0.0320 0.9234
vn -0.5553 0.0314 0.8311
vn -0.9169 0.1225 0.3798
vn -0.7018 0.1225 0.7018
vn -0.7068 0.0320 0.7067
vn -0.9234 0.0320 0.3825
vn -0.9925 0.1225 -0.0000
vn -0.9995 0.0320 -0.0000
vn -0.9169 0.1225 -0.3798
vn -0.9234 0.0320 -0.3825
vn -0.7018 0.1225 -0.7018
vn -0.7067 0.0320 -0.7067
vn -0.3799 0.1225 -0.9169
vn -0.3825 0.0320 -0.9234
vn 0.9042 -0.2104 -0.3716
vn 0.9207 0.0831 -0.3814
vn 0.9965 0.0831 -0.0000
vn 0.9756 -0.2194 0.0029
vn -0.3295 -0.8848 0.3295
vn -0.4305 -0.8848 0.1783
vn -0.0664 -0.9974 0.0275
vn -0.0508 -0.9974 0.0508
vn 0.9169 0.1225 -0.3798
vn 0.9234 0.0320 -0.3825
vn 0.9169 0.1225 -0.3799
vn 0.7018 0.1225 -0.7018
vn 0.7067 0.0320 -0.7067
vn -0.3440 0.4408 -0.8291
vn -0.6346 0.4429 -0.6333
vn -0.6233 0.4700 -0.6250
vn -0.3377 0.4677 -0.8168
vn -0.1891 -0.2452 0.9509
vn -0.1944 0.0824 0.9775
vn -0.3814 0.0831 0.9207
vn -0.3705 -0.2403 0.8972
vn -0.9042 -0.2104 -0.3716
vn -0.9207 0.0831 -0.3814
vn -0.7047 0.0831 -0.7047
vn -0.6940 -0.2025 -0.6909
vn 0.7047 0.0831 -0.7047
vn 0.6940 -0.2025 -0.6909
vn 0.5391 -0.2415 0.8069
vn 0.5537 0.0824 0.8286
vn 0.3814 0.0831 0.9207
vn 0.3706 -0.2403 0.8972
vn -0.8985 -0.2283 0.3750
vn -0.9207 0.0831 0.3814
vn -0.9965 0.0831 -0.0000
vn -0.9756 -0.2194 0.0029
vn 0.9207 0.0831 0.3814
vn 0.8985 -0.2283 0.3750
vn -0.5391 -0.2417 0.8068
vn -0.5537 0.0824 0.8286
vn -0.7044 0.0831 0.7049
vn -0.6858 -0.2355 0.6886
vn -0.3814 0.0831 -0.9207
vn -0.3763 -0.1971 -0.9053
vn 0.1891 -0.2452 0.9509
vn 0.1944 0.0824 0.9775
vn -0.0000 0.0831 0.9965
vn -0.0000 -0.2420 0.9703
vn 0.7047 0.0831 0.7047
vn 0.6858 -0.2355 0.6886
vn -0.7047 0.0831 0.7046
vn 0.3798 0.1225 -0.9169
vn 0.3825 0.0320 -0.9234
vn -0.5431 -0.2109 0.8128
vn -0.3742 -0.2091 0.9035
vn -0.3742 0.2091 0.9034
vn -0.5431 0.2109 0.8128
vn 0.1737 0.4552 0.8733
vn 0.3397 0.4582 0.8214
vn 0.3347 0.4870 0.8067
vn 0.1713 0.4786 0.8612
vn 0.6346 0.4429 -0.6333
vn 0.3439 0.4408 -0.8291
vn 0.3377 0.4677 -0.8168
vn 0.6233 0.4701 -0.6249
vn -0.0000 0.4401 -0.8980
vn -0.3439 0.4408 -0.8291
vn -0.0000 0.4669 -0.8843
vn -0.1737 0.4552 0.8733
vn -0.0000 0.4589 0.8885
vn -0.0000 0.4878 0.8729
vn -0.1713 0.4786 0.8612
vn -0.0000 0.1225 -0.9925
vn -0.3798 0.1225 -0.9169
vn -0.3824 0.0320 -0.9235
vn -0.0000 0.0320 -0.9995
vn -0.4951 0.4537 0.7410
vn -0.3397 0.4582 0.8214
vn -0.3348 0.4870 0.8067
vn -0.4882 0.4771 0.7307
vn 0.8273 0.4461 -0.3415
vn 0.8131 0.4735 -0.3385
vn -0.8231 0.4532 0.3421
vn -0.6288 0.4562 0.6297
vn -0.6193 0.4848 0.6176
vn -0.8103 0.4815 0.3340
vn 0.8932 0.4497 0.0012
vn 0.8132 0.4735 -0.3385
vn 0.8786 0.4775 -0.0016
vn -0.8932 0.4497 0.0012
vn -0.8786 0.4775 -0.0016
vn 0.8231 0.4532 0.3421
vn 0.8103 0.4815 0.3340
vn -0.8273 0.4460 -0.3415
vn -0.8132 0.4735 -0.3385
vn 0.6286 0.4562 0.6298
vn 0.6192 0.4848 0.6176
vn 0.4951 0.4538 0.7409
vn 0.4882 0.4772 0.7307
vn 0.3219 -0.5338 -0.7819
vn -0.0000 -0.5326 -0.8464
vn 0.0001 -0.1303 -0.9915
vn 0.3794 -0.1303 -0.9160
vn 0.3754 -0.1938 -0.9064
vn -0.0000 -0.1938 -0.9810
vn 0.5940 -0.5373 -0.5987
vn 0.7011 -0.1303 -0.7011
vn 0.6937 -0.1938 -0.6937
vn 0.7745 -0.5423 -0.3255
vn 0.9160 -0.1303 -0.3795
vn 0.9064 -0.1938 -0.3754
vn 0.8363 -0.5482 -0.0046
vn 0.7746 -0.5423 -0.3253
vn 0.9161 -0.1303 -0.3793
vn 0.9915 -0.1302 -0.0000
vn 0.9810 -0.1938 -0.0000
vn 0.7708 -0.5539 0.3147
vn 0.9160 -0.1303 0.3794
vn 0.9064 -0.1938 0.3754
vn 0.5888 -0.5586 0.5842
vn 0.7011 -0.1303 0.7011
vn 0.6937 -0.1938 0.6937
vn 0.5391 -0.2417 0.8068
vn 0.3705 -0.2403 0.8972
vn 0.3182 -0.5617 0.7637
vn 0.4605 -0.5595 0.6892
vn 0.5512 -0.1256 0.8249
vn 0.3795 -0.1302 0.9160
vn 0.3755 -0.1938 0.9063
vn 0.5449 -0.1950 0.8155
vn -0.0000 -0.5628 0.8266
vn 0.1615 -0.5613 0.8117
vn 0.1935 -0.1258 0.9730
vn -0.0000 -0.1302 0.9915
vn -0.0000 -0.1938 0.9810
vn 0.1913 -0.1951 0.9619
vn -0.3182 -0.5617 0.7637
vn -0.1615 -0.5613 0.8117
vn -0.1935 -0.1258 0.9730
vn -0.3794 -0.1303 0.9160
vn -0.3754 -0.1938 0.9064
vn -0.1913 -0.1951 0.9619
vn -0.5888 -0.5586 0.5842
vn -0.4605 -0.5594 0.6892
vn -0.5511 -0.1258 0.8249
vn -0.7010 -0.1303 0.7011
vn -0.6937 -0.1938 0.6937
vn -0.5449 -0.1951 0.8155
vn -0.7708 -0.5539 0.3147
vn -0.7011 -0.1303 0.7011
vn -0.9160 -0.1303 0.3794
vn -0.9064 -0.1938 0.3754
vn -0.8363 -0.5482 -0.0046
vn -0.9915 -0.1302 -0.0000
vn -0.9810 -0.1938 -0.0000
vn -0.7745 -0.5423 -0.3255
vn -0.9160 -0.1303 -0.3794
vn -0.9064 -0.1938 -0.3754
vn -0.5940 -0.5373 -0.5987
vn -0.7011 -0.1303 -0.7011
vn -0.6937 -0.1938 -0.6937
vn -0.3219 -0.5338 -0.7819
vn -0.3795 -0.1303 -0.9160
vn -0.3754 -0.1938 -0.9064
vn -0.3794 -0.1303 -0.9160
vn -0.0000 -0.1303 -0.9915
vn -0.0381 -0.9808 0.1912
vn -0.0821 -0.9767 0.1981
vn 0.0645 -0.9857 -0.1556
vn 0.0381 -0.9808 -0.1914
vn -0.0000 -0.9767 -0.2146
vn 0.0821 -0.9767 -0.1983
vn -0.0645 -0.9857 0.1556
vn -0.0000 -0.9857 0.1685
vn -0.7692 -0.6390 0.0014
vn -0.7124 -0.6361 0.2965
vn 0.7088 -0.6420 -0.2922
vn 0.5414 -0.6444 -0.5400
vn -0.4659 -0.8848 -0.0000
vn -0.0718 -0.9974 -0.0000
vn 0.1983 -0.9767 -0.0821
vn 0.2146 -0.9767 -0.0000
vn -0.1685 -0.9857 -0.0000
vn -0.1556 -0.9857 0.0645
vn -0.2146 -0.9767 -0.0000
vn -0.1983 -0.9767 -0.0821
vn 0.1557 -0.9857 0.0645
vn 0.1685 -0.9857 -0.0000
vn -0.9623 0.2720 -0.0000
vn -0.8890 0.2720 0.3682
vn -0.8128 0.4753 0.3367
vn -0.8798 0.4753 -0.0000
vn 0.2926 -0.6461 -0.7050
vn -0.0000 -0.6466 -0.7628
vn -0.1983 -0.9767 0.0821
vn 0.1557 -0.9857 -0.0645
vn 0.1518 -0.9767 -0.1518
vn -0.1191 -0.9857 0.1191
vn -0.1518 -0.9767 -0.1518
vn -0.0821 -0.9767 -0.1983
vn 0.0645 -0.9857 0.1556
vn 0.1191 -0.9857 0.1191
vn -0.7745 -0.5424 -0.3255
vn -0.5414 -0.6444 -0.5400
vn -0.7088 -0.6420 -0.2922
vn 0.1983 -0.9767 0.0821
vn -0.1557 -0.9857 -0.0645
vn -0.0000 -0.8848 0.4659
vn -0.1783 -0.8848 0.4305
vn -0.0275 -0.9974 0.0664
vn -0.0000 -0.9974 0.0721
vn 0.5465 -0.6335 0.5478
vn 0.7124 -0.6361 0.2965
vn -0.2512 -0.8919 -0.3760
vn -0.1783 -0.8848 -0.4305
vn -0.0275 -0.9974 -0.0664
vn -0.0260 -0.9989 -0.0389
vn 0.2512 -0.8919 -0.3760
vn 0.3295 -0.8848 -0.3295
vn 0.0508 -0.9974 -0.0508
vn 0.0260 -0.9989 -0.0389
vn -0.2926 -0.6461 -0.7050
vn 0.3295 -0.8848 0.3295
vn 0.1783 -0.8848 0.4305
vn 0.0275 -0.9974 0.0664
vn 0.0508 -0.9974 0.0508
vn 0.7692 -0.6390 0.0014
vn -0.4305 -0.8848 -0.1783
vn -0.3295 -0.8848 -0.3295
vn -0.0508 -0.9974 -0.0508
vn -0.0664 -0.9974 -0.0275
vn 0.0882 -0.8919 -0.4435
vn 0.1783 -0.8848 -0.4305
vn 0.0275 -0.9974 -0.0664
vn 0.0091 -0.9989 -0.0459
vn 0.2961 -0.6318 0.7163
vn 0.4344 -0.6235 0.6501
vn -0.0882 -0.8919 -0.4435
vn -0.0000 -0.8848 -0.4659
vn -0.0000 -0.9974 -0.0718
vn -0.0091 -0.9989 -0.0459
vn 0.4305 -0.8848 -0.1783
vn 0.0664 -0.9974 -0.0275
vn -0.0000 0.2720 0.9623
vn 0.3678 0.2720 0.8892
vn 0.3367 0.4753 0.8128
vn -0.0000 0.4753 0.8798
vn 0.1517 -0.9767 0.1518
vn -0.1191 -0.9857 -0.1191
vn -0.5464 -0.6335 0.5478
vn -0.4344 -0.6235 0.6501
vn 0.4659 -0.8848 -0.0000
vn 0.4305 -0.8848 0.1783
vn 0.0664 -0.9974 0.0275
vn 0.0718 -0.9974 -0.0000
vn -0.0000 -0.6312 0.7756
vn 0.1527 -0.6223 0.7677
vn -0.1084 -0.9808 0.1622
vn -0.1517 -0.9767 0.1518
vn 0.1191 -0.9857 -0.1191
vn 0.1084 -0.9808 -0.1622
vn 0.1084 -0.9808 0.1622
vn 0.0821 -0.9767 0.1983
vn -0.0645 -0.9857 -0.1556
vn -0.1084 -0.9808 -0.1622
vn -0.2961 -0.6318 0.7163
vn -0.1527 -0.6223 0.7677
vn 0.0381 -0.9808 0.1911
vn -0.0000 -0.9767 0.2146
vn -0.0000 -0.9857 -0.1685
vn -0.0381 -0.9808 -0.1913
vn -0.0000 -0.3891 0.9212
vn 0.3525 -0.3890 0.8511
vn -0.0000 -0.9265 0.3764
vn 0.1440 -0.9265 0.3477
vn 0.0645 -0.9857 0.1557
vn 0.6514 -0.3891 0.6514
vn 0.2661 -0.9265 0.2661
vn 0.1191 -0.9857 0.1194
vn 0.6516 -0.3891 0.6512
vn 0.8511 -0.3891 0.3525
vn 0.3477 -0.9265 0.1440
vn 0.9212 -0.3891 -0.0000
vn 0.3764 -0.9265 -0.0000
vn 0.8511 -0.3891 -0.3525
vn 0.3477 -0.9265 -0.1440
vn 0.8510 -0.3891 -0.3526
vn 0.6514 -0.3891 -0.6514
vn 0.2662 -0.9265 -0.2662
vn 0.5133 -0.3827 -0.7682
vn 0.3525 -0.3890 -0.8511
vn 0.2126 -0.9239 -0.3182
vn 0.1440 -0.9265 -0.3477
vn 0.1802 -0.3827 -0.9061
vn -0.0000 -0.3891 -0.9212
vn 0.0747 -0.9239 -0.3754
vn -0.0000 -0.9265 -0.3764
vn -0.1802 -0.3827 -0.9061
vn -0.3525 -0.3891 -0.8511
vn -0.2589 -0.7365 -0.6249
vn -0.1379 -0.7071 -0.6935
vn -0.5133 -0.3827 -0.7682
vn -0.6513 -0.3891 -0.6515
vn -0.4783 -0.7365 -0.4783
vn -0.2126 -0.9239 -0.3182
vn -0.6516 -0.3891 -0.6512
vn -0.8511 -0.3891 -0.3525
vn -0.6250 -0.7365 -0.2588
vn -0.6249 -0.7366 -0.2588
vn -0.9212 -0.3891 -0.0000
vn -0.3764 -0.9265 -0.0000
vn -0.8511 -0.3891 0.3525
vn -0.3477 -0.9265 0.1440
vn -0.8510 -0.3891 0.3526
vn -0.6514 -0.3891 0.6514
vn -0.2662 -0.9265 0.2662
vn -0.1191 -0.9857 0.1192
vn -0.1556 -0.9857 0.0646
vn -0.3525 -0.3890 0.8511
vn -0.1440 -0.9265 0.3477
vn -0.0645 -0.9857 0.1557
vn 0.3525 -0.3891 -0.8511
vn 0.6514 -0.3890 -0.6514
vn 0.6937 -0.1943 -0.6936
vn 0.8511 -0.3890 -0.3527
vn 0.8511 -0.3890 -0.3525
vn 0.8511 -0.3890 0.3525
vn 0.6514 -0.3890 0.6514
vn 0.2126 -0.9239 0.3182
vn 0.5133 -0.3827 0.7682
vn 0.5449 -0.1953 0.8155
vn 0.0381 -0.9808 0.1913
vn 0.0747 -0.9239 0.3754
vn 0.1802 -0.3827 0.9061
vn 0.3754 -0.1938 0.9064
vn -0.0381 -0.9808 0.1913
vn -0.0747 -0.9239 0.3754
vn -0.1802 -0.3827 0.9061
vn -0.0821 -0.9767 0.1983
vn -0.1440 -0.9265 0.3478
vn -0.2126 -0.9239 0.3182
vn -0.5133 -0.3827 0.7682
vn -0.3525 -0.3891 0.8511
vn -0.8510 -0.3890 0.3527
vn -0.9064 -0.1939 0.3754
vn -0.8511 -0.3890 0.3525
vn -0.3477 -0.9265 -0.1440
vn -0.8511 -0.3890 -0.3525
vn -0.2662 -0.9265 -0.2662
vn -0.6514 -0.3891 -0.6514
vn -0.1441 -0.9265 -0.3478
vn -0.0915 -0.9958 -0.0000
vn -0.0845 -0.9958 0.0350
vn 0.1876 0.2743 -0.9432
vn -0.0000 0.2720 -0.9623
vn -0.0000 0.4753 -0.8798
vn 0.1724 0.4682 -0.8666
vn -0.1876 0.2743 -0.9432
vn -0.3683 0.2720 -0.8890
vn -0.3367 0.4753 -0.8128
vn -0.1724 0.4682 -0.8666
vn 0.8890 0.2720 0.3683
vn 0.9623 0.2720 -0.0000
vn 0.8798 0.4753 -0.0000
vn 0.8128 0.4753 0.3367
vn -0.6805 0.2720 0.6804
vn -0.6222 0.4753 0.6221
vn 0.8892 0.2720 -0.3680
vn 0.8128 0.4753 -0.3367
vn -0.6804 0.2720 0.6805
vn -0.3683 0.2720 0.8890
vn -0.3367 0.4753 0.8128
vn -0.6221 0.4753 0.6222
vn -0.5343 0.2743 -0.7996
vn -0.6804 0.2721 -0.6804
vn -0.6221 0.4753 -0.6221
vn -0.4909 0.4682 -0.7347
vn 0.3684 0.2720 0.8890
vn 0.6804 0.2721 0.6804
vn 0.6221 0.4753 0.6221
vn -0.8890 0.2720 -0.3682
vn -0.8129 0.4753 -0.3367
vn 0.8890 0.2720 -0.3684
vn 0.6804 0.2720 -0.6804
vn 0.6221 0.4753 -0.6221
vn 0.5343 0.2743 -0.7996
vn 0.3683 0.2720 -0.8890
vn 0.3367 0.4753 -0.8128
vn 0.4909 0.4682 -0.7347
vn -0.0845 -0.9958 -0.0350
vn -0.0647 -0.9958 -0.0647
vn -0.0647 -0.9958 0.0647
vn -0.0350 -0.9958 -0.0845
vn -0.0461 -0.9966 0.0690
vn -0.0350 -0.9958 0.0845
vn -0.0000 -0.9958 -0.0915
vn -0.0162 -0.9966 0.0814
vn -0.0000 -0.9958 0.0915
vn 0.0350 -0.9958 -0.0845
vn 0.0162 -0.9966 0.0814
vn 0.0350 -0.9958 0.0845
vn 0.0647 -0.9958 -0.0647
vn 0.0461 -0.9966 0.0690
vn 0.0647 -0.9958 0.0647
vn 0.0845 -0.9958 -0.0350
vn 0.0845 -0.9958 0.0350
vn 0.0915 -0.9958 -0.0000
vn -0.0000 -0.9974 0.0718
vn 0.1402 0.9801 -0.1402
vn 0.0759 0.9801 -0.1832
vn -0.0595 0.9878 0.1437
vn -0.1099 0.9878 0.1099
vn -0.0000 -1.0000 -0.0000
vn -0.0000 -0.9801 -0.1983
vn 0.0759 -0.9802 -0.1831
vn -0.9035 -0.2091 0.3742
vn -0.6915 -0.2090 0.6915
vn -0.6916 0.2091 0.6914
vn -0.9035 0.2091 0.3742
vn 0.9779 -0.2091 -0.0000
vn 0.9035 -0.2091 -0.3742
vn 0.9035 0.2091 -0.3742
vn 0.9779 0.2091 -0.0000
vn -0.9779 -0.2091 -0.0000
vn -0.9779 0.2091 -0.0000
vn 0.9034 -0.2092 0.3742
vn 0.9034 0.2091 0.3742
vn -0.9035 -0.2091 -0.3742
vn -0.9035 0.2091 -0.3742
vn 0.6915 -0.2091 0.6915
vn 0.6915 0.2091 0.6915
vn -0.6915 -0.2091 -0.6915
vn -0.6915 0.2091 -0.6915
vn 0.5431 -0.2109 0.8128
vn 0.5431 0.2109 0.8128
vn -0.3742 -0.2091 -0.9035
vn -0.3743 0.2091 -0.9034
vn 0.1907 -0.2109 0.9587
vn 0.3742 -0.2091 0.9035
vn 0.3742 0.2091 0.9035
vn 0.1907 0.2109 0.9587
vn -0.1907 -0.2109 0.9587
vn -0.0000 -0.2090 0.9779
vn -0.0000 0.2091 0.9779
vn -0.1907 0.2109 0.9587
vn 0.6915 -0.2091 -0.6915
vn 0.3742 -0.2091 -0.9035
vn 0.3742 0.2091 -0.9035
vn 0.6915 0.2091 -0.6915
vn 0.9034 0.2091 -0.3744
vn 0.1001 0.9836 0.1499
vn 0.1402 0.9801 0.1402
vn -0.1099 0.9878 -0.1100
vn -0.1001 0.9836 -0.1498
vn 0.1832 0.9801 -0.0759
vn -0.1436 0.9878 0.0595
vn -0.1001 0.9836 0.1498
vn -0.0759 0.9801 0.1832
vn 0.0595 0.9878 -0.1436
vn 0.1001 0.9836 -0.1498
vn 0.1402 -0.9802 -0.1402
vn -0.1832 0.9801 0.0759
vn -0.1402 0.9801 0.1402
vn 0.1099 0.9878 -0.1099
vn 0.1436 0.9878 -0.0595
vn 0.1983 0.9801 -0.0000
vn -0.1555 0.9878 -0.0000
vn -0.1983 0.9801 -0.0000
vn 0.1555 0.9878 -0.0000
vn 0.1832 0.9801 0.0759
vn -0.1436 0.9878 -0.0595
vn -0.1832 0.9801 -0.0759
vn 0.1436 0.9878 0.0595
vn 0.1832 -0.9801 0.0759
vn 0.1402 -0.9802 0.1402
vn -0.1402 0.9801 -0.1403
vn 0.1099 0.9878 0.1099
vn -0.0759 0.9801 -0.1832
vn 0.0595 0.9878 0.1437
vn 0.0352 0.9836 0.1767
vn 0.0759 0.9801 0.1832
vn -0.0595 0.9878 -0.1436
vn -0.0352 0.9836 -0.1768
vn -0.3733 0.2203 0.9012
vn -0.0000 0.2203 0.9754
vn -0.0000 0.3561 0.9345
vn -0.3576 0.3561 0.8633
vn -0.0352 0.9836 0.1767
vn -0.0000 0.9801 0.1983
vn -0.0000 0.9878 -0.1555
vn 0.0352 0.9836 -0.1767
vn 0.9754 0.2203 -0.0000
vn 0.9012 0.2203 -0.3733
vn 0.8633 0.3562 -0.3576
vn 0.9344 0.3562 -0.0000
vn -0.1832 -0.9801 -0.0759
vn -0.1402 -0.9802 -0.1402
vn 0.1001 -0.9836 0.1498
vn -0.0759 -0.9801 -0.1832
vn 0.0759 -0.9802 0.1830
vn 0.0352 -0.9836 0.1767
vn -0.0000 -0.2091 -0.9779
vn -0.3742 0.2091 -0.9035
vn -0.0000 0.2090 -0.9779
vn -0.0000 -0.9802 0.1982
vn -0.0352 -0.9836 0.1767
vn -0.0000 0.9801 -0.1983
vn -0.0000 0.9878 0.1555
vn -0.0759 -0.9802 0.1828
vn -0.1001 -0.9836 0.1498
vn 0.1832 -0.9801 -0.0759
vn -0.1402 -0.9802 0.1402
vn -0.1832 -0.9801 0.0759
vn 0.1983 -0.9801 -0.0000
vn -0.1983 -0.9801 -0.0000
vn -0.6995 0.7147 -0.0000
vn -0.6462 0.7147 0.2677
vn -0.6105 0.7506 0.2529
vn -0.6608 0.7506 -0.0000
vn -0.9012 0.2203 -0.3733
vn -0.9754 0.2203 -0.0000
vn -0.9344 0.3562 -0.0000
vn -0.8633 0.3562 -0.3576
vn 0.9012 0.2203 0.3733
vn 0.8633 0.3562 0.3576
vn -0.6897 0.2203 -0.6897
vn -0.6607 0.3562 -0.6607
vn 0.6897 0.2203 0.6897
vn 0.6607 0.3562 0.6607
vn -0.5431 0.2109 -0.8128
vn -0.5169 0.3666 -0.7736
vn 0.3733 0.2203 0.9012
vn 0.3576 0.3562 0.8633
vn -0.1907 0.2109 -0.9587
vn -0.3733 0.2203 -0.9012
vn -0.3576 0.3562 -0.8633
vn -0.1815 0.3666 -0.9125
vn 0.1907 0.2109 -0.9587
vn -0.0000 0.2203 -0.9754
vn -0.0000 0.3562 -0.9344
vn 0.1815 0.3667 -0.9125
vn -0.6897 0.2203 0.6897
vn -0.6607 0.3562 0.6607
vn -0.9012 0.2203 0.3733
vn -0.6898 0.2203 0.6897
vn -0.8633 0.3562 0.3576
vn 0.5431 0.2109 -0.8128
vn 0.3733 0.2203 -0.9012
vn 0.3576 0.3562 -0.8633
vn 0.5169 0.3667 -0.7735
vn 0.9011 0.2203 -0.3734
vn 0.6897 0.2203 -0.6897
vn 0.6607 0.3562 -0.6607
vn 0.6462 0.7147 -0.2677
vn 0.4946 0.7147 -0.4946
vn 0.4672 0.7506 -0.4672
vn 0.6105 0.7506 -0.2529
vn -0.3576 0.3562 0.8633
vn -0.0000 0.3562 0.9344
vn -0.0000 0.5721 0.8202
vn -0.3139 0.5723 0.7576
vn 0.6995 0.7147 -0.0000
vn 0.6608 0.7506 -0.0000
vn -0.6462 0.7147 -0.2677
vn -0.6105 0.7506 -0.2529
vn 0.6462 0.7147 0.2677
vn 0.6105 0.7506 0.2529
vn -0.4946 0.7147 -0.4946
vn -0.4672 0.7506 -0.4672
vn 0.4946 0.7147 0.4946
vn 0.4672 0.7506 0.4672
vn -0.3907 0.7109 -0.5848
vn -0.3711 0.7442 -0.5554
vn 0.6607 0.3563 0.6607
vn 0.7576 0.5722 0.3139
vn 0.5800 0.5721 0.5800
vn -0.1372 0.7109 -0.6898
vn -0.2677 0.7147 -0.6462
vn -0.2529 0.7506 -0.6105
vn -0.1303 0.7442 -0.6551
vn 0.2677 0.7147 0.6462
vn 0.2529 0.7506 0.6105
vn 0.1372 0.7109 -0.6898
vn -0.0000 0.7147 -0.6995
vn -0.0000 0.7506 -0.6608
vn 0.1303 0.7442 -0.6551
vn 0.3907 0.7109 -0.5847
vn 0.2677 0.7147 -0.6462
vn 0.2529 0.7506 -0.6105
vn 0.3711 0.7442 -0.5554
vn -0.4946 0.7147 0.4946
vn -0.2677 0.7147 0.6462
vn -0.2529 0.7506 0.6105
vn -0.4672 0.7506 0.4672
vn -0.9489 -0.3155 -0.0000
vn -0.8767 -0.3155 0.3631
vn -0.8912 -0.2635 0.3692
vn -0.9647 -0.2635 -0.0000
vn -0.5168 0.3667 -0.7736
vn -0.5799 0.5721 -0.5800
vn -0.4620 0.5556 -0.6913
vn 0.3139 0.5721 0.7577
vn -0.1815 0.3667 -0.9125
vn -0.3138 0.5721 -0.7578
vn -0.1622 0.5554 -0.8156
vn -0.5799 0.5721 0.5800
vn -0.0000 0.5721 -0.8202
vn 0.1622 0.5554 -0.8156
vn 0.3139 0.5721 -0.7577
vn 0.4620 0.5555 -0.6914
vn -0.7576 0.5722 0.3139
vn 0.5800 0.5721 -0.5799
vn 0.7577 0.5721 -0.3139
vn -0.7577 0.5721 0.3139
vn -0.8202 0.5721 -0.0000
vn 0.8202 0.5721 -0.0000
vn -0.7577 0.5721 -0.3139
vn 0.7577 0.5721 0.3139
vn -0.5800 0.5721 -0.5800
vn 0.0899 0.9720 -0.2171
vn -0.0000 0.9720 -0.2350
vn 0.9489 -0.3155 -0.0000
vn 0.8767 -0.3155 -0.3631
vn 0.8912 -0.2635 -0.3692
vn 0.9646 -0.2636 -0.0000
vn -0.8767 -0.3155 -0.3631
vn -0.8912 -0.2635 -0.3692
vn 0.8767 -0.3155 0.3631
vn 0.8912 -0.2635 0.3691
vn -0.6710 -0.3155 -0.6710
vn -0.6821 -0.2635 -0.6821
vn 0.6710 -0.3155 0.6710
vn 0.6821 -0.2635 0.6821
vn -0.5293 -0.3041 -0.7921
vn -0.6821 -0.2636 -0.6821
vn -0.5355 -0.2658 -0.8016
vn 0.3631 -0.3156 0.8767
vn 0.6709 -0.3155 0.6711
vn 0.3692 -0.2635 0.8912
vn -0.1859 -0.3040 -0.9344
vn -0.3631 -0.3155 -0.8767
vn -0.3692 -0.2635 -0.8912
vn -0.1881 -0.2657 -0.9455
vn -0.6710 -0.3156 0.6710
vn -0.3631 -0.3155 0.8767
vn -0.3692 -0.2635 0.8912
vn -0.6821 -0.2635 0.6821
vn -0.0000 -0.3155 0.9489
vn -0.0000 -0.2636 0.9646
vn 0.1859 -0.3041 -0.9343
vn -0.0000 -0.3156 -0.9489
vn -0.0000 -0.2635 -0.9647
vn 0.1881 -0.2658 -0.9455
vn -0.0000 0.7147 0.6994
vn -0.0000 0.7506 0.6608
vn 0.5293 -0.3041 -0.7921
vn 0.3631 -0.3155 -0.8767
vn 0.3692 -0.2636 -0.8912
vn 0.5356 -0.2657 -0.8016
vn -0.8767 -0.3155 0.3632
vn -0.8912 -0.2636 0.3692
vn 0.6710 -0.3156 -0.6710
vn 0.6821 -0.2637 -0.6821
vn 0.8912 -0.2636 -0.3692
vn -0.0000 0.2091 -0.9779
vn -0.0000 0.7106 -0.7036
vn 0.2693 0.7106 -0.6500
vn 0.4975 0.7106 -0.4975
vn 0.6500 0.7106 -0.2693
vn 0.7036 0.7106 -0.0000
vn 0.6500 0.7106 0.2693
vn 0.4975 0.7106 0.4975
vn 0.3803 0.7289 0.5693
vn 0.3803 0.7290 0.5692
vn 0.2693 0.7105 0.6501
vn 0.1336 0.7289 0.6714
vn 0.1336 0.7290 0.6713
vn 0.2693 0.7106 0.6500
vn -0.0000 0.7106 0.7036
vn -0.1336 0.7289 0.6715
vn -0.1336 0.7290 0.6714
vn -0.2693 0.7106 0.6500
vn -0.3803 0.7289 0.5692
vn -0.4975 0.7106 0.4975
vn -0.6500 0.7106 0.2693
vn -0.7036 0.7106 -0.0000
vn -0.6500 0.7106 -0.2693
vn -0.4975 0.7106 -0.4975
vn -0.2694 0.7106 -0.6500
vn -0.2693 0.7106 -0.6500
vn -0.3742 0.2092 -0.9035
vn -0.0000 0.7582 0.6520
vn -0.2496 0.7580 0.6026
vn -0.2496 0.7579 0.6027
vn -0.0000 0.7580 0.6523
vn -0.4613 0.7579 0.4613
vn -0.6027 0.7580 0.2496
vn -0.6027 0.7579 0.2496
vn -0.6523 0.7580 -0.0000
vn -0.6026 0.7580 -0.2496
vn -0.6027 0.7579 -0.2496
vn -0.4613 0.7580 -0.4612
vn -0.4613 0.7579 -0.4613
vn -0.3803 0.7290 -0.5692
vn -0.3803 0.7289 -0.5693
vn -0.2496 0.7580 -0.6026
vn -0.1336 0.7289 -0.6715
vn -0.2496 0.7579 -0.6027
vn -0.0000 0.7580 -0.6522
vn 0.1336 0.7290 -0.6714
vn 0.1336 0.7288 -0.6716
vn -0.0000 0.7579 -0.6523
vn 0.2496 0.7580 -0.6026
vn 0.3803 0.7289 -0.5692
vn 0.2496 0.7579 -0.6027
vn 0.4613 0.7580 -0.4611
vn 0.6026 0.7580 -0.2496
vn 0.6027 0.7579 -0.2496
vn 0.4613 0.7580 -0.4612
vn 0.6523 0.7580 -0.0000
vn 0.6026 0.7580 0.2496
vn 0.6027 0.7579 0.2496
vn 0.4612 0.7580 0.4612
vn 0.4613 0.7579 0.4613
vn 0.2496 0.7580 0.6027
vn 0.2496 0.7579 0.6027
vn -0.0000 -0.7106 -0.7036
vn 0.2692 -0.7106 -0.6500
vn 0.3742 -0.2095 -0.9034
vn 0.4976 -0.7105 -0.4976
vn 0.6915 -0.2094 -0.6914
vn 0.6500 -0.7106 -0.2693
vn 0.7036 -0.7106 -0.0000
vn 0.6500 -0.7106 0.2693
vn 0.6500 -0.7106 0.2694
vn 0.4975 -0.7106 0.4975
vn 0.4976 -0.7105 0.4975
vn 0.1402 -0.9801 0.1406
vn 0.4975 -0.7106 0.4976
vn 0.3803 -0.7289 0.5692
vn 0.6913 -0.2091 0.6917
vn 0.5431 -0.2110 0.8127
vn 0.0352 -0.9836 0.1768
vn 0.0759 -0.9801 0.1832
vn 0.2692 -0.7106 0.6500
vn 0.1336 -0.7290 0.6714
vn -0.0352 -0.9836 0.1768
vn -0.0000 -0.9801 0.1984
vn -0.0000 -0.7106 0.7036
vn -0.1336 -0.7289 0.6714
vn -0.1001 -0.9836 0.1499
vn -0.0759 -0.9801 0.1835
vn -0.2692 -0.7106 0.6500
vn -0.3803 -0.7290 0.5692
vn -0.1832 -0.9801 0.0760
vn -0.1402 -0.9801 0.1403
vn -0.4975 -0.7106 0.4975
vn -0.6500 -0.7106 0.2693
vn -0.6915 -0.2091 0.6915
vn -0.9035 -0.2092 0.3741
vn -0.7036 -0.7106 -0.0000
vn -0.6501 -0.7105 0.2693
vn -0.6500 -0.7106 -0.2693
vn -0.4975 -0.7107 -0.4975
vn -0.4976 -0.7105 -0.4975
vn -0.2693 -0.7106 -0.6501
vn 0.0001 -0.2091 -0.9779
vn -0.3139 0.5721 0.7577
vn -0.0000 0.1501 0.9887
vn -0.3784 0.1501 0.9134
vn -0.5799 0.5720 0.5801
vn -0.6991 0.1501 0.6991
vn -0.5800 0.5720 0.5800
vn -0.9134 0.1501 0.3783
vn -0.9887 0.1500 -0.0000
vn -0.9134 0.1501 -0.3783
vn -0.6991 0.1501 -0.6991
vn -0.4620 0.5554 -0.6914
vn -0.5499 0.1425 -0.8230
vn -0.5293 -0.3040 -0.7921
vn -0.3784 0.1501 -0.9134
vn -0.1931 0.1427 -0.9707
vn -0.1931 0.1424 -0.9708
vn -0.0000 0.1502 -0.9887
vn 0.1931 0.1424 -0.9708
vn 0.1931 0.1422 -0.9708
vn -0.0000 0.1500 -0.9887
vn 0.3784 0.1501 -0.9134
vn 0.5499 0.1425 -0.8230
vn 0.3632 -0.3155 -0.8767
vn 0.6991 0.1501 -0.6991
vn 0.9134 0.1501 -0.3784
vn 0.6710 -0.3154 -0.6710
vn 0.7578 0.5721 -0.3139
vn 0.9134 0.1501 -0.3783
vn 0.9887 0.1501 -0.0000
vn 0.9134 0.1500 0.3783
vn 0.5800 0.5720 0.5800
vn 0.6991 0.1502 0.6991
vn 0.3139 0.5721 0.7578
vn 0.3784 0.1501 0.9134
vn 0.6991 0.1501 0.6991
vn 0.3139 0.5720 0.7578
vn -0.0000 -0.0622 0.9981
vn -0.3819 -0.0621 0.9221
vn -0.2795 0.6831 0.6747
vn -0.0000 0.6831 0.7303
vn -0.7057 -0.0621 0.7058
vn -0.5165 0.6830 0.5165
vn -0.6821 -0.2634 0.6821
vn -0.7059 -0.0597 0.7058
vn -0.9221 -0.0621 0.3819
vn -0.6747 0.6831 0.2795
vn -0.9981 -0.0622 -0.0000
vn -0.7304 0.6831 -0.0000
vn -0.6994 0.7147 -0.0000
vn -0.9221 -0.0621 -0.3819
vn -0.6748 0.6830 -0.2795
vn -0.7057 -0.0620 -0.7057
vn -0.5164 0.6831 -0.5164
vn -0.4946 0.7147 -0.4945
vn -0.5357 -0.2654 -0.8017
vn -0.5545 -0.0609 -0.8299
vn -0.4094 0.6759 -0.6128
vn -0.3818 -0.0596 -0.9223
vn -0.1947 -0.0609 -0.9790
vn -0.1438 0.6759 -0.7228
vn -0.2793 0.6831 -0.6748
vn 0.1881 -0.2657 -0.9455
vn -0.0000 -0.2634 -0.9647
vn 0.0001 -0.0597 -0.9982
vn 0.1947 -0.0609 -0.9790
vn 0.1438 0.6759 -0.7228
vn -0.0000 0.6831 -0.7304
vn 0.5356 -0.2655 -0.8016
vn 0.3692 -0.2635 -0.8912
vn 0.3820 -0.0620 -0.9221
vn 0.5545 -0.0610 -0.8299
vn 0.4094 0.6760 -0.6127
vn 0.2795 0.6830 -0.6748
vn 0.8912 -0.2635 -0.3693
vn 0.6821 -0.2634 -0.6821
vn 0.7057 -0.0621 -0.7057
vn 0.9221 -0.0621 -0.3820
vn 0.6748 0.6831 -0.2795
vn 0.5164 0.6831 -0.5164
vn 0.9223 -0.0598 -0.3818
vn 0.9981 -0.0622 -0.0000
vn 0.7303 0.6831 -0.0001
vn 0.9221 -0.0621 0.3819
vn 0.6748 0.6831 0.2795
vn 0.7304 0.6831 -0.0000
vn 0.7057 -0.0620 0.7057
vn 0.5165 0.6830 0.5165
vn 0.6747 0.6831 0.2795
vn 0.3819 -0.0621 0.9221
vn 0.2795 0.6831 0.6748
vn 0.3818 -0.0598 0.9223
vn 0.5556 -0.0000 0.8315
vn 0.7071 -0.0000 0.7071
vn 0.6999 0.1421 0.6999
vn 0.5499 0.1419 0.8230
vn -0.0899 0.9720 -0.2171
vn -0.0467 0.9709 0.2347
vn -0.0000 0.9720 0.2350
vn 0.1661 0.9720 -0.1661
vn -0.1329 0.9709 0.1990
vn -0.0899 0.9720 0.2171
vn 0.2171 0.9720 -0.0899
vn -0.2171 0.9720 0.0899
vn -0.1661 0.9720 0.1661
vn -0.1661 0.9720 0.1662
vn 0.2350 0.9720 -0.0000
vn -0.2350 0.9720 -0.0000
vn 0.2171 0.9720 0.0899
vn -0.2171 0.9720 -0.0899
vn 0.1661 0.9720 0.1661
vn -0.1661 0.9720 -0.1661
vn 0.1330 0.9709 0.1990
vn 0.0467 0.9709 0.2347
vn 0.0899 0.9720 0.2171
vn 0.7071 -0.0000 -0.7071
vn 0.3827 -0.0000 -0.9239
vn 0.3788 0.1421 -0.9145
vn 0.6999 0.1420 -0.6999
vn -0.3827 -0.0000 -0.9239
vn -0.7071 -0.0000 -0.7071
vn -0.6999 0.1420 -0.6999
vn -0.3788 0.1420 -0.9145
vn 0.1951 -0.0000 0.9808
vn 0.3826 -0.0000 0.9239
vn 0.3788 0.1420 0.9145
vn 0.1931 0.1419 0.9709
vn -0.1951 -0.0000 0.9808
vn -0.0000 -0.0000 1.0000
vn -0.0000 0.1420 0.9899
vn -0.1931 0.1419 0.9709
vn -0.5525 0.7775 0.3003
vn -0.3276 0.7831 0.5286
vn -0.4145 0.6696 0.6163
vn -0.6506 0.6594 0.3767
vn 0.9239 -0.0000 -0.3827
vn 0.9145 0.1420 -0.3788
vn -0.5556 -0.0000 0.8315
vn -0.3827 -0.0000 0.9239
vn -0.3788 0.1420 0.9145
vn -0.5499 0.1419 0.8231
vn -0.0000 -0.0000 -1.0000
vn -0.3826 -0.0000 -0.9239
vn -0.0001 0.1420 -0.9899
vn -0.9239 -0.0000 0.3827
vn -0.7071 -0.0000 0.7071
vn -0.7001 0.1420 0.6998
vn -0.9145 0.1421 0.3788
vn 1.0000 -0.0000 -0.0000
vn 0.9239 -0.0000 -0.3826
vn 0.9899 0.1420 -0.0000
vn -1.0000 -0.0000 -0.0000
vn -0.9899 0.1420 -0.0000
vn 0.9239 -0.0000 0.3827
vn 0.9145 0.1421 0.3788
vn -0.9239 -0.0000 -0.3827
vn -0.9145 0.1421 -0.3788
vn -0.0000 0.1420 -0.9899
vn -0.0000 0.5204 -0.8539
vn 0.3268 0.5205 -0.7889
vn -0.0000 0.8726 -0.4884
vn 0.1869 0.8726 -0.4512
vn 0.1869 0.8727 -0.4511
vn -0.0000 0.8727 -0.4883
vn -0.0000 0.9912 -0.1322
vn 0.0506 0.9912 -0.1221
vn 0.6038 0.5204 -0.6038
vn 0.3454 0.8726 -0.3454
vn 0.0935 0.9912 -0.0935
vn 0.7889 0.5204 -0.3269
vn 0.4512 0.8726 -0.1870
vn 0.4512 0.8726 -0.1869
vn 0.1221 0.9912 -0.0506
vn 0.7889 0.5204 -0.3268
vn 0.8539 0.5204 -0.0000
vn 0.7889 0.5205 -0.3268
vn 0.4884 0.8726 -0.0000
vn 0.1322 0.9912 -0.0000
vn 0.7889 0.5204 0.3268
vn 0.7888 0.5206 0.3268
vn 0.4513 0.8726 0.1869
vn 0.1221 0.9912 0.0506
vn 0.6038 0.5204 0.6038
vn 0.6038 0.5205 0.6038
vn 0.3454 0.8726 0.3454
vn 0.0935 0.9912 0.0935
vn 0.4715 0.5287 0.7058
vn 0.4714 0.5289 0.7057
vn 0.2619 0.8819 0.3919
vn 0.0666 0.9928 0.0997
vn 0.3268 0.5205 0.7889
vn 0.1656 0.5288 0.8324
vn 0.3268 0.5206 0.7888
vn 0.1869 0.8726 0.4513
vn 0.0920 0.8819 0.4623
vn 0.0506 0.9912 0.1221
vn 0.0234 0.9928 0.1176
vn -0.0000 0.5204 0.8539
vn -0.1656 0.5288 0.8324
vn -0.1656 0.5289 0.8324
vn -0.0000 0.5206 0.8538
vn -0.0000 0.8726 0.4884
vn -0.0920 0.8819 0.4623
vn -0.0000 0.9912 0.1322
vn -0.0234 0.9928 0.1176
vn -0.3268 0.5204 0.7889
vn -0.4715 0.5288 0.7057
vn -0.4715 0.5289 0.7057
vn -0.1869 0.8726 0.4513
vn -0.2619 0.8819 0.3919
vn -0.0506 0.9912 0.1221
vn -0.0666 0.9928 0.0997
vn -0.6038 0.5205 0.6038
vn -0.7889 0.5204 0.3268
vn -0.7888 0.5206 0.3268
vn -0.3454 0.8726 0.3454
vn -0.4513 0.8726 0.1869
vn -0.0935 0.9912 0.0935
vn -0.1221 0.9912 0.0506
vn -0.8539 0.5204 -0.0000
vn -0.4884 0.8726 -0.0000
vn -0.1322 0.9912 -0.0000
vn -0.7889 0.5205 -0.3268
vn -0.4513 0.8726 -0.1869
vn -0.1221 0.9912 -0.0506
vn -0.6038 0.5205 -0.6038
vn -0.6038 0.5205 -0.6037
vn -0.3454 0.8726 -0.3454
vn -0.0935 0.9912 -0.0935
vn -0.3268 0.5204 -0.7889
vn -0.3268 0.5205 -0.7889
vn -0.1869 0.8726 -0.4512
vn -0.0506 0.9912 -0.1221
vn -0.3267 0.5205 -0.7889
vn -0.1869 0.8725 -0.4514
vn -0.0000 0.2833 -0.9590
vn 0.3670 0.2833 -0.8860
vn 0.6781 0.2833 -0.6781
vn 0.8860 0.2833 -0.3671
vn 0.8860 0.2833 -0.3670
vn 0.9590 0.2833 -0.0000
vn 0.8860 0.2833 0.3670
vn 0.6781 0.2833 0.6781
vn 0.5329 0.2824 0.7976
vn 0.3669 0.2833 0.8861
vn 0.1871 0.2825 0.9408
vn -0.0000 0.2833 0.9590
vn -0.1871 0.2824 0.9409
vn -0.3670 0.2833 0.8860
vn -0.5329 0.2824 0.7976
vn -0.6782 0.2833 0.6781
vn -0.8860 0.2833 0.3670
vn -0.9590 0.2833 -0.0000
vn -0.8860 0.2833 -0.3670
vn -0.6781 0.2833 -0.6781
vn -0.3671 0.2833 -0.8860
vn -0.3813 0.0831 -0.9207
vn -0.3670 0.2833 -0.8860
vn -0.0000 0.3382 -0.9411
vn 0.3601 0.3382 -0.8694
vn 0.6654 0.3382 -0.6654
vn 0.8694 0.3382 -0.3601
vn 0.8695 0.3382 -0.3601
vn 0.9411 0.3382 -0.0000
vn 0.8694 0.3382 0.3601
vn 0.6654 0.3382 0.6654
vn 0.5249 0.3276 0.7856
vn 0.3600 0.3382 0.8695
vn 0.1843 0.3276 0.9267
vn -0.0000 0.3382 0.9411
vn -0.1843 0.3276 0.9267
vn -0.3601 0.3382 0.8694
vn -0.5249 0.3276 0.7856
vn -0.6655 0.3382 0.6654
vn -0.8694 0.3382 0.3601
vn -0.9411 0.3382 -0.0000
vn -0.8694 0.3382 -0.3601
vn -0.6654 0.3382 -0.6654
vn -0.3601 0.3382 -0.8694
vn -0.3601 0.3382 -0.8695
vn 0.2374 -0.7843 0.5731
vn -0.0000 -0.7843 0.6203
vn -0.0000 0.0698 0.9976
vn 0.3817 0.0698 0.9217
vn 0.3295 -0.8847 0.3296
vn 0.4386 -0.7844 0.4387
vn 0.3818 0.0671 0.9218
vn 0.7054 0.0698 0.7054
vn 0.3296 -0.8847 0.3295
vn 0.5731 -0.7843 0.2374
vn 0.4387 -0.7844 0.4386
vn 0.9216 0.0697 0.3817
vn 0.6203 -0.7843 -0.0000
vn 0.9976 0.0698 -0.0000
vn 0.5731 -0.7843 -0.2374
vn 0.9216 0.0698 -0.3817
vn 0.4386 -0.7843 -0.4386
vn 0.9218 0.0671 -0.3818
vn 0.7054 0.0698 -0.7054
vn 0.2374 -0.7843 -0.5731
vn 0.3487 -0.7784 -0.5219
vn 0.5543 0.0684 -0.8295
vn 0.3818 0.0697 -0.9216
vn -0.0000 -0.7843 -0.6203
vn 0.1225 -0.7784 -0.6157
vn 0.1946 0.0684 -0.9785
vn -0.0000 0.0698 -0.9976
vn -0.2374 -0.7843 -0.5731
vn -0.1225 -0.7784 -0.6157
vn -0.1946 0.0684 -0.9785
vn -0.3817 0.0698 -0.9217
vn -0.4386 -0.7843 -0.4386
vn -0.3487 -0.7784 -0.5219
vn -0.5543 0.0684 -0.8295
vn -0.7054 0.0698 -0.7054
vn -0.5731 -0.7843 -0.2374
vn -0.9216 0.0697 -0.3817
vn -0.6203 -0.7843 -0.0000
vn -0.9976 0.0698 -0.0000
vn -0.5731 -0.7843 0.2374
vn -0.9216 0.0697 0.3818
vn -0.4386 -0.7843 0.4386
vn -0.7056 0.0698 0.7052
vn -0.2374 -0.7843 0.5731
vn -0.7054 0.0671 0.7056
vn -0.3818 0.0697 0.9216
vn -0.0000 -0.4511 -0.8925
vn 0.3415 -0.4511 -0.8246
vn 0.7010 -0.1303 -0.7011
vn 0.6311 -0.4511 -0.6311
vn 0.8245 -0.4511 -0.3415
vn 0.8245 -0.4512 -0.3415
vn 0.8925 -0.4511 -0.0000
vn 0.8245 -0.4511 0.3415
vn 0.6311 -0.4511 0.6311
vn 0.5512 -0.1258 0.8249
vn 0.5003 -0.4347 0.7488
vn 0.5464 -0.6335 0.5478
vn 0.4344 -0.6234 0.6501
vn 0.3794 -0.1303 0.9160
vn 0.3415 -0.4511 0.8245
vn 0.1757 -0.4347 0.8833
vn -0.0000 -0.4511 0.8925
vn -0.1757 -0.4347 0.8833
vn -0.5512 -0.1258 0.8249
vn -0.3415 -0.4511 0.8246
vn -0.5003 -0.4347 0.7488
vn -0.6311 -0.4511 0.6311
vn -0.8245 -0.4511 0.3416
vn -0.8245 -0.4511 0.3415
vn -0.8925 -0.4511 -0.0000
vn -0.8246 -0.4511 -0.3415
vn -0.6311 -0.4511 -0.6311
vn -0.6310 -0.4511 -0.6311
vn -0.3415 -0.4511 -0.8246
vn 0.1687 0.7546 0.6341
vn 0.3276 0.7831 0.5286
vn 0.4145 0.6696 0.6163
vn 0.1979 0.6633 0.7217
vn -0.0000 0.7460 0.6659
vn -0.0000 0.6601 0.7512
vn 0.3452 0.9313 -0.1167
vn 0.2642 0.9477 -0.1793
vn 0.0554 0.9979 -0.0340
vn 0.0782 0.9967 -0.0232
vn 0.5525 0.7775 0.3003
vn 0.6506 0.6594 0.3768
vn 0.0466 0.9983 0.0361
vn 0.0386 0.9982 0.0468
vn 0.5526 0.7775 0.3003
vn 0.6550 0.7544 0.0419
vn 0.8164 0.5748 -0.0559
vn 0.6506 0.6594 0.3767
vn 0.4144 0.9097 -0.0277
vn 0.4068 0.9122 -0.0495
vn 0.0912 0.9958 -0.0106
vn 0.0948 0.9955 -0.0046
vn 0.1398 0.7501 -0.6464
vn -0.0000 0.7449 -0.6672
vn -0.0000 0.5025 -0.8646
vn 0.1798 0.5073 -0.8428
vn 0.3230 0.7721 -0.5472
vn 0.4216 0.5282 -0.7371
vn -0.2641 0.9476 -0.1796
vn -0.3453 0.9312 -0.1167
vn -0.0784 0.9967 -0.0234
vn -0.0554 0.9979 -0.0340
vn -0.7771 0.6219 -0.0968
vn -0.7853 0.6157 -0.0650
vn -0.4144 0.9097 -0.0277
vn -0.4068 0.9122 -0.0495
vn -0.1687 0.7546 0.6341
vn -0.1978 0.6633 0.7217
vn -0.6094 0.6374 -0.4715
vn -0.6053 0.7262 -0.3259
vn -0.7478 0.3885 -0.5384
vn -0.7747 0.3621 -0.5184
vn -0.6551 0.7544 0.0419
vn -0.8165 0.5747 -0.0561
vn -0.5526 0.7775 0.3003
vn 0.7774 0.6215 -0.0968
vn 0.7854 0.6156 -0.0650
vn 0.9080 0.4104 -0.0846
vn 0.8995 0.4220 -0.1132
vn -0.2619 0.8820 0.3919
vn -0.4715 0.5288 0.7058
vn -0.1330 0.9709 0.1990
vn 0.5545 -0.0609 -0.8299
vn 0.5499 0.1424 -0.8230
vn 0.4620 0.5554 -0.6914
vn -0.3803 -0.7289 0.5692
vn 0.3803 0.7289 -0.5693
vn 0.1001 0.9836 -0.1499
vn 0.3803 0.7290 -0.5692
vn -0.1084 -0.9808 0.1623
vn -0.4605 -0.5595 0.6892
vn -0.0948 0.9955 -0.0048
vn -0.0911 0.9958 -0.0106
vn -0.3819 0.0671 -0.9218
vn -0.3488 -0.7784 -0.5219
vn 0.3601 0.3382 0.8694
vn 0.3799 0.1225 0.9169
vn 0.3348 0.4870 0.8067
vn 0.3670 0.2833 0.8860
vn 0.5329 0.2825 0.7976
vn 0.3398 0.4582 0.8214
vn 0.4715 0.5289 0.7057
vn 0.5499 0.1420 0.8231
vn 0.4715 0.5288 0.7057
vn 0.3268 0.5204 0.7889
vn 0.3827 -0.0000 0.9239
vn -0.2795 0.6831 -0.6747
vn -0.4094 0.6759 -0.6127
vn -0.2678 0.7147 -0.6462
vn -0.5356 -0.2657 -0.8016
vn -0.3820 -0.0621 -0.9221
vn -0.5293 -0.3039 -0.7921
vn -0.3141 0.5721 -0.7577
vn 0.1001 -0.9836 0.1499
vn -0.3803 0.7289 -0.5692
vn 0.1001 0.9836 0.1498
vn 0.3803 0.7289 0.5692
vn -0.5169 0.3667 -0.7735
vn -0.4620 0.5555 -0.6914
vn -0.3139 0.5721 -0.7577
vn -0.5169 0.3667 -0.7736
vn 0.5449 -0.1952 0.8155
vn 0.1084 -0.9808 0.1623
vn 0.4605 -0.5594 0.6892
vn 0.5391 -0.2420 0.8067
vn -0.0000 0.9976 -0.0688
vn 0.0150 0.9978 -0.0640
vn -0.0002 -0.0621 -0.9981
vn 0.0296 0.9984 -0.0477
vn -0.0000 1.0000 -0.0000
vn -0.7017 0.1225 0.7018
vn -0.7065 0.0320 0.7070
vn -0.6914 0.2091 0.6916
vn -0.6286 0.4562 0.6299
vn -0.6192 0.4848 0.6177
vn -0.6998 0.1420 0.7001
vn -0.6038 0.5204 0.6038
vn -0.6780 0.2833 0.6783
vn -0.6654 0.3382 0.6654
vn 0.6054 0.7262 -0.3259
vn 0.6093 0.6375 -0.4715
vn 0.7747 0.3621 -0.5184
vn 0.7478 0.3885 -0.5384
vn -0.1398 0.7502 -0.6463
vn -0.3114 0.7921 -0.5249
vn -0.4069 0.5819 -0.7042
vn -0.1798 0.5073 -0.8428
vn 0.1398 0.7505 -0.6459
vn 0.3230 0.7723 -0.5471
vn 0.1280 0.9669 -0.2208
vn 0.0586 0.9610 -0.2704
vn 0.7236 0.6783 -0.1278
vn 0.7742 0.6304 -0.0565
vn 0.3892 0.9207 -0.0291
vn 0.3381 0.9388 -0.0655
vn -0.7119 0.6459 -0.2758
vn -0.8615 0.4013 -0.3112
vn 0.0315 0.9948 0.0972
vn -0.0150 0.9978 -0.0640
vn -0.0000 0.9933 0.1152
vn -0.0315 0.9948 0.0972
vn 0.7240 0.6778 -0.1278
vn 0.8878 0.4454 -0.1160
vn 0.9092 0.4112 -0.0649
vn -0.0386 0.9982 0.0468
vn 0.0371 0.9990 -0.0257
vn -0.0466 0.9983 0.0361
vn 0.6549 0.7545 0.0419
vn 0.8164 0.5747 -0.0562
vn -0.7855 0.6154 -0.0650
vn -0.7773 0.6217 -0.0968
vn -0.8995 0.4220 -0.1132
vn -0.9080 0.4104 -0.0846
vn -0.0591 0.9982 -0.0066
vn 0.0591 0.9982 -0.0066
vn -0.0371 0.9990 -0.0257
vn -0.6093 0.6375 -0.4715
vn -0.7118 0.6460 -0.2758
vn -0.1032 0.9204 0.3772
vn -0.0000 0.9120 0.4102
vn -0.1744 0.9500 0.2589
vn -0.2700 0.9497 0.1589
vn -0.6549 0.7545 0.0419
vn -0.3274 0.9448 0.0108
vn -0.6053 0.7263 -0.3259
vn -0.2282 0.9641 -0.1356
vn -0.3114 0.7922 -0.5248
vn -0.1398 0.7505 -0.6459
vn -0.0587 0.9610 -0.2704
vn -0.1280 0.9669 -0.2208
vn -0.0296 0.9984 -0.0477
vn -0.0000 0.7455 -0.6665
vn -0.0000 0.9591 -0.2829
vn 0.7853 0.6157 -0.0650
vn 0.7771 0.6219 -0.0968
vn 0.0845 0.9964 -0.0067
vn 0.0721 0.9973 -0.0151
vn 0.6053 0.7262 -0.3259
vn 0.2282 0.9641 -0.1356
vn 0.6549 0.7546 0.0419
vn 0.3274 0.9448 0.0108
vn 0.2700 0.9497 0.1589
vn 0.1744 0.9500 0.2589
vn 0.1032 0.9204 0.3772
vn -0.7742 0.6304 -0.0565
vn -0.7101 0.6926 -0.1270
vn -0.3378 0.9389 -0.0655
vn -0.3892 0.9207 -0.0291
vn 0.7118 0.6460 -0.2758
vn -0.0725 0.9972 -0.0152
vn -0.0846 0.9964 -0.0067
vn -0.0444 0.9986 -0.0295
vn 0.0444 0.9986 -0.0296
vn -0.2196 0.9654 -0.1404
vn -0.5204 0.7922 -0.3187
vn 0.2199 0.9653 -0.1406
vn 0.5594 0.7613 -0.3278
vn -0.4070 0.5819 -0.7041
vn -0.3114 0.7920 -0.5251
vn -0.5206 0.7921 -0.3187
vn -0.7241 0.5943 -0.3499
vn -0.7102 0.6924 -0.1270
vn -0.8803 0.4600 -0.1162
vn 0.5595 0.7613 -0.3278
vn 0.7386 0.5306 -0.4159
vn 0.7385 0.5306 -0.4161
vn -0.2957 0.7406 -0.6034
vn -0.5406 0.7776 -0.3210
vn -0.6169 0.6967 -0.3661
vn -0.3140 0.6623 -0.6803
vn -0.0981 0.9951 -0.0136
vn 0.0979 0.9951 -0.0134
vn 0.7620 0.6285 -0.1558
vn 0.4019 0.9131 -0.0683
vn -0.7618 0.6288 -0.1558
vn -0.4020 0.9131 -0.0683
vn -0.7621 0.6284 -0.1558
vn -0.8939 0.4144 -0.1711
vn 0.8937 0.4149 -0.1709
vn 0.7621 0.6285 -0.1558
vn 0.8615 0.4013 -0.3112
vn 0.7119 0.6459 -0.2758
vn 0.7118 0.6459 -0.2758
vn 0.0872 0.9962 -0.0048
vn -0.0872 0.9962 -0.0049
vn -0.7882 0.6141 -0.0398
vn -0.4005 0.9161 -0.0208
vn 0.4012 0.9158 -0.0210
vn 0.7882 0.6141 -0.0398
vn -0.9174 0.3953 -0.0447
vn -0.7883 0.6140 -0.0398
vn -0.9092 0.4112 -0.0649
vn 0.7883 0.6140 -0.0398
vn 0.9175 0.3953 -0.0447
vn -0.6295 0.7770 0.0015
vn -0.5850 0.7267 0.3601
vn -0.6528 0.6195 0.4359
vn -0.7287 0.6846 0.0183
vn -0.5849 0.7268 0.3601
vn -0.4154 0.6498 0.6366
vn -0.4336 0.5255 0.7320
vn -0.6527 0.6195 0.4361
vn -0.2072 0.5897 0.7806
vn -0.2138 0.4669 0.8581
vn -0.4335 0.5255 0.7321
vn 0.0840 0.9954 -0.0458
vn 0.0895 0.9960 -0.0008
vn 0.2064 0.5910 0.7798
vn 0.4139 0.6521 0.6352
vn 0.4334 0.5253 0.7323
vn 0.2139 0.4669 0.8581
vn -0.0006 0.9869 -0.1611
vn -0.1232 0.9382 -0.3234
vn -0.0004 0.5759 0.8175
vn -0.0000 0.4532 0.8914
vn -0.0556 0.9472 -0.3158
vn -0.1210 0.6903 -0.7133
vn -0.2488 0.6632 -0.7059
vn -0.5407 0.7776 -0.3210
vn 0.5822 0.7297 0.3586
vn 0.6258 0.7800 0.0018
vn 0.7289 0.6844 0.0184
vn 0.6529 0.6192 0.4362
vn 0.2931 0.7439 -0.6005
vn -0.1397 0.5829 -0.8004
vn -0.1967 0.4982 -0.8445
vn 0.3141 0.6623 -0.6802
vn 0.4139 0.6521 0.6351
vn 0.4336 0.5254 0.7320
vn 0.1379 0.5823 -0.8012
vn -0.3140 0.6622 -0.6804
vn 0.1960 0.4984 -0.8445
vn -0.2885 0.4789 -0.8291
vn -0.2730 0.4407 -0.8551
vn 0.2870 0.4788 -0.8297
vn 0.2714 0.4410 -0.8555
vn -0.1435 0.5107 -0.8477
vn -0.1449 0.4649 -0.8734
vn 0.1414 0.5108 -0.8480
vn 0.1427 0.4650 -0.8737
vn 0.0565 0.9943 -0.0901
vn -0.0878 0.9950 -0.0480
vn -0.0592 0.9937 -0.0954
vn 0.0003 0.9886 0.1508
vn 0.0405 0.9894 0.1396
vn -0.0736 0.9917 0.1058
vn -0.0919 0.9946 0.0492
vn 0.0721 0.9921 0.1030
vn -0.0925 0.9957 -0.0009
vn 0.1193 0.6902 -0.7137
vn 0.2474 0.6635 -0.7061
vn 0.0890 0.9949 0.0476
vn 0.0013 0.9860 -0.1667
vn 0.1222 0.9385 -0.3229
vn -0.0407 0.9891 0.1416
vn 0.5369 0.7811 -0.3189
vn 0.6171 0.6965 -0.3663
vn 0.3171 0.9297 -0.1872
vn 0.3570 0.9341 -0.0014
vn 0.6257 0.7801 0.0015
vn 0.1852 0.9074 -0.3772
vn 0.3441 0.9161 0.2060
vn 0.2603 0.8838 0.3888
vn -0.1164 0.7815 -0.6130
vn -0.1164 0.7814 -0.6131
vn 0.1359 0.8548 0.5009
vn -0.0002 0.8467 0.5321
vn -0.0004 0.5761 0.8173
vn 0.0548 0.9470 -0.3164
vn 0.1150 0.7791 -0.6162
vn -0.1369 0.8528 0.5039
vn -0.1897 0.9026 -0.3864
vn 0.1150 0.7791 -0.6163
vn -0.1897 0.9026 -0.3865
vn -0.2638 0.8807 0.3934
vn -0.3255 0.9257 -0.1927
vn -0.3503 0.9128 0.2100
vn -0.3649 0.9310 -0.0014
vn 0.0548 0.9471 -0.3163
vn -0.2488 0.6633 -0.7058
vn -0.1210 0.6902 -0.7134
vn 0.6257 0.7800 0.0014
vn 0.7289 0.6844 0.0179
vn -0.0004 0.9463 -0.3233
vn -0.0009 0.6924 -0.7215
vn -0.0004 0.9463 -0.3234
vn -0.0011 0.5145 -0.8575
vn -0.0010 0.4682 -0.8836
vn -0.8468 -0.2101 0.4887
vn -0.8467 0.2101 0.4888
vn -0.9695 0.2091 0.1276
vn -0.9696 -0.2090 0.1277
vn 0.9775 -0.2109 -0.0000
vn 0.9775 0.2111 -0.0000
vn 0.9695 0.2091 0.1277
vn 0.9696 -0.2089 0.1277
vn 0.1802 -0.9836 -0.0000
vn -0.1915 -0.9812 0.0252
vn -0.1802 -0.9836 -0.0000
vn -0.1754 -0.9793 0.1012
vn -0.1013 -0.9793 0.1754
vn -0.0252 -0.9812 0.1913
vn 0.0252 -0.9812 0.1914
vn 0.1013 -0.9793 0.1754
vn 0.1754 -0.9793 0.1013
vn 0.1915 -0.9812 0.0252
vn -0.1276 -0.2089 0.9696
vn -0.1276 0.2091 0.9695
vn -0.4888 0.2104 0.8466
vn -0.4888 -0.2102 0.8467
vn 0.1276 -0.2089 0.9696
vn 0.1276 0.2091 0.9695
vn 0.8467 0.2100 0.4888
vn 0.8467 -0.2099 0.4889
vn -0.8467 0.2101 0.4889
vn -0.8467 -0.2101 0.4888
vn 0.4889 0.2101 0.8466
vn 0.4888 -0.2101 0.8467
vn 0.4885 0.2101 0.8469
vn -0.1756 0.9792 0.1014
vn -0.1805 0.9836 -0.0000
vn -0.1918 0.9811 0.0253
vn 0.1805 0.9836 -0.0000
vn -0.1014 0.9792 0.1757
vn -0.0252 0.9811 0.1917
vn 0.0252 0.9811 0.1917
vn 0.1014 0.9792 0.1756
vn 0.1755 0.9792 0.1014
vn 0.1918 0.9811 0.0252
vn -0.0252 -0.9811 0.1917
vn -0.0912 -0.7155 0.6926
vn -0.3535 -0.7071 0.6124
vn -0.3536 0.7070 0.6125
vn -0.0912 0.7154 0.6927
vn -0.3536 0.7069 0.6126
vn -0.1754 -0.9793 0.1014
vn -0.6125 -0.7070 0.3536
vn -0.6125 0.7069 0.3537
vn -0.6125 0.7070 0.3535
vn -0.6125 -0.7070 0.3535
vn -0.6927 -0.7155 0.0912
vn -0.6927 -0.7154 0.0912
vn -0.6927 0.7154 0.0912
vn -0.6125 0.7070 0.3536
vn 0.0912 0.7156 0.6925
vn 0.3536 0.7070 0.6125
vn 0.3536 0.7069 0.6126
vn 0.0912 0.7154 0.6927
vn 0.0252 -0.9811 0.1917
vn 0.3536 -0.7070 0.6125
vn 0.0912 -0.7155 0.6926
vn 0.6125 0.7070 0.3536
vn 0.3537 0.7070 0.6124
vn 0.1754 -0.9793 0.1012
vn 0.6125 -0.7070 0.3535
vn 0.6125 -0.7069 0.3537
vn 0.6927 0.7154 0.0912
vn 0.6926 -0.7155 0.0912
vn 0.6125 -0.7070 0.3536
vn 0.6927 -0.7154 0.0912
vn -0.9775 -0.2109 -0.0000
vn -0.6847 -0.7288 -0.0000
vn -0.6845 -0.7290 -0.0000
vn 0.6847 -0.7289 -0.0000
vn 0.6845 -0.7290 -0.0000
vn -0.6846 0.7289 -0.0000
vn -0.9775 0.2111 -0.0000
vn 0.6846 0.7289 -0.0000
vn -0.0000 0.0001 -1.0000
vn 0.9033 0.2091 -0.3745
vn 0.9035 0.2091 -0.3740
vn 0.9779 0.2092 -0.0000
vn 0.9034 0.2092 0.3742
vn 0.3825 -0.0000 0.9240
vn 0.3740 0.2091 0.9035
vn -0.6914 0.2091 0.6915
vn -0.7070 -0.0000 0.7072
vn -0.6915 0.2091 0.6914
vn -0.9034 0.2091 0.3742
vn -0.9034 0.2091 -0.3742
vn -0.0000 0.9801 -0.1984
vn 0.0759 0.9801 -0.1833
vn 0.1403 0.9801 -0.1403
vn 0.6500 0.7106 -0.2694
vn 0.1833 0.9801 -0.0759
vn 0.1984 0.9801 -0.0000
vn 0.1833 0.9801 0.0759
vn 0.1403 0.9801 0.1403
vn 0.2693 0.7107 0.6499
vn 0.0759 0.9801 0.1833
vn -0.0000 0.9801 0.1984
vn -0.0759 0.9801 0.1833
vn -0.1403 0.9801 0.1403
vn -0.4975 0.7106 0.4976
vn -0.1833 0.9801 0.0759
vn -0.1984 0.9801 -0.0000
vn -0.1833 0.9801 -0.0759
vn -0.1403 0.9801 -0.1403
vn -0.2693 0.7105 -0.6501
vn -0.2693 0.7107 -0.6499
vn -0.0759 0.9801 -0.1833
vn -0.3741 0.2092 -0.9035
vn -0.2693 0.7106 -0.6501
vn -0.1104 -0.0000 -0.9939
vn 0.1104 -0.0000 -0.9939
vn 0.9931 -0.0000 -0.1172
vn 0.9985 -0.0000 0.0553
vn 0.1119 -0.0000 0.9937
vn -0.1119 -0.0000 0.9937
vn -0.4628 0.3328 0.8216
vn -0.4628 -0.3328 0.8216
vn -0.7692 -0.3227 0.5515
vn -0.7692 0.3227 0.5516
vn -0.4288 -0.0000 0.9034
vn -0.7598 -0.0000 0.6502
vn -0.7597 -0.0000 0.6503
vn -0.7598 -0.0001 0.6502
vn -0.9478 -0.0000 0.3189
vn -0.9985 -0.0000 0.0553
vn -0.9931 -0.0000 -0.1171
vn -0.9931 -0.0000 -0.1172
vn -0.9171 0.3001 -0.2626
vn -0.9171 -0.3001 -0.2626
vn -0.7280 -0.3002 -0.6163
vn -0.7280 0.3002 -0.6163
vn 0.1312 0.9912 -0.0183
vn 0.1066 0.9942 0.0156
vn 0.9478 -0.0000 0.3189
vn 0.7598 -0.0000 0.6502
vn 0.4288 -0.0000 0.9034
vn 0.4170 -0.0000 -0.9089
vn 0.4169 -0.0000 -0.9089
vn 0.7366 -0.0000 -0.6764
vn 0.9292 -0.0000 -0.3696
vn 0.8505 -0.0000 -0.5259
vn 0.9292 -0.0000 -0.3695
vn 0.9292 -0.0001 -0.3695
vn -0.9292 -0.0000 -0.3696
vn -0.7366 -0.0000 -0.6764
vn -0.8505 -0.0000 -0.5259
vn -0.4170 -0.0000 -0.9089
vn -0.4170 -0.0001 -0.9089
vn 0.0615 0.3753 0.9249
vn 0.2490 0.3713 0.8945
vn 0.2489 -0.3715 0.8945
vn 0.0615 -0.3753 0.9249
vn -0.0616 0.3753 0.9249
vn -0.0615 -0.3753 0.9249
vn -0.2489 -0.3715 0.8944
vn -0.2488 0.3714 0.8945
vn -0.1312 -0.9912 -0.0183
vn -0.0778 -0.9954 0.0558
vn -0.0811 -0.9943 -0.0686
vn -0.1016 -0.9948 0.0113
vn 0.5213 0.3683 0.7698
vn 0.8171 0.3566 0.4529
vn 0.8171 -0.3566 0.4529
vn 0.5213 -0.3683 0.7698
vn -0.5213 0.3683 0.7698
vn -0.5213 -0.3683 0.7698
vn -0.8171 -0.3566 0.4530
vn -0.8171 0.3566 0.4529
vn -0.8193 0.2581 -0.5121
vn -0.8193 -0.2580 -0.5121
vn -0.5067 -0.3402 -0.7921
vn -0.5067 0.3403 -0.7921
vn 0.9511 0.2988 0.0781
vn 0.9511 -0.2988 0.0781
vn 0.0027 0.9971 0.0758
vn 0.0074 0.9949 -0.1009
vn 0.0241 0.9957 -0.0900
vn 0.0134 0.9970 0.0766
vn 0.0482 -0.0000 0.9988
vn -0.0482 -0.0000 0.9988
vn 0.1971 0.3375 -0.9205
vn 0.1971 -0.3373 -0.9205
vn 0.4258 -0.3129 -0.8490
vn 0.4258 0.3129 -0.8490
vn -0.1971 0.3375 -0.9205
vn -0.4258 0.3130 -0.8490
vn -0.4258 -0.3130 -0.8490
vn -0.1971 -0.3375 -0.9205
vn -0.2024 -0.3864 0.8998
vn -0.2025 0.3863 0.8999
vn -0.9401 0.3175 0.1242
vn -0.9401 -0.3175 0.1242
vn 0.7280 0.3002 -0.6163
vn 0.7282 -0.3002 -0.6161
vn 0.9171 -0.3001 -0.2626
vn 0.9170 0.3002 -0.2626
vn 0.9401 -0.3175 0.1242
vn 0.9401 0.3175 0.1242
vn 0.9463 0.2343 -0.2229
vn 0.9463 -0.2343 -0.2230
vn 0.7693 0.3226 0.5515
vn 0.7692 -0.3227 0.5515
vn 0.0162 0.9954 -0.0945
vn 0.0427 0.9945 -0.0954
vn 0.7280 -0.3002 -0.6163
vn -0.0387 0.3376 -0.9405
vn -0.0387 -0.3376 -0.9405
vn 0.0387 -0.3376 -0.9405
vn 0.0387 0.3377 -0.9405
vn 0.2024 0.3864 0.8999
vn 0.2024 -0.3864 0.8999
vn -0.1971 -0.3374 -0.9205
vn -0.1016 0.9948 0.0113
vn -0.1045 0.9943 -0.0235
vn -0.0360 -0.9961 0.0805
vn -0.0471 -0.9956 -0.0807
vn -0.7596 -0.0000 0.6504
vn -0.0788 -0.9944 -0.0709
vn -0.1045 -0.9943 -0.0235
vn -0.1066 -0.9942 0.0156
vn 0.0043 -0.9963 0.0853
vn 0.0208 -0.9964 0.0819
vn -0.0208 -0.9964 0.0819
vn -0.0043 -0.9963 0.0853
vn 0.0469 -0.9964 0.0703
vn 0.0712 -0.9965 0.0443
vn -0.0712 -0.9965 0.0444
vn -0.0469 -0.9964 0.0703
vn 0.1066 -0.9942 0.0156
vn 0.0134 -0.9970 0.0766
vn 0.0360 -0.9961 0.0805
vn 0.0472 -0.9956 -0.0807
vn 0.0241 -0.9956 -0.0900
vn -0.0027 -0.9971 0.0758
vn 0.0027 -0.9971 0.0758
vn 0.0074 -0.9949 -0.1009
vn -0.0074 -0.9949 -0.1009
vn 0.0427 -0.9945 -0.0954
vn 0.0162 -0.9954 -0.0945
vn -0.0162 -0.9954 -0.0945
vn -0.0427 -0.9945 -0.0954
vn -0.0134 -0.9970 0.0766
vn -0.0241 -0.9956 -0.0900
vn 0.1045 -0.9943 -0.0235
vn 0.0788 -0.9944 -0.0709
vn 0.1016 -0.9948 0.0113
vn 0.1312 -0.9912 -0.0183
vn 0.0778 -0.9954 0.0558
vn 0.0811 -0.9943 -0.0686
vn -0.0065 -0.9952 -0.0980
vn 0.0065 -0.9952 -0.0980
vn -0.1312 0.9912 -0.0183
vn -0.1066 0.9942 0.0156
vn -0.9511 0.2988 0.0780
vn -0.9511 -0.2988 0.0780
vn -0.9463 -0.2343 -0.2230
vn -0.9463 0.2343 -0.2230
vn -0.2351 0.3489 -0.9072
vn -0.5067 -0.3404 -0.7921
vn -0.2351 -0.3489 -0.9072
vn 0.5067 0.3403 -0.7921
vn 0.5067 -0.3403 -0.7921
vn 0.8193 -0.2580 -0.5121
vn 0.8192 0.2581 -0.5121
vn -0.0545 0.3340 -0.9410
vn -0.0545 -0.3339 -0.9410
vn 0.0545 -0.3339 -0.9410
vn 0.0545 0.3340 -0.9410
vn 0.2351 0.3489 -0.9072
vn 0.2351 -0.3489 -0.9072
vn -0.8172 0.3566 0.4528
vn -0.8171 -0.3566 0.4529
vn -0.2351 -0.3488 -0.9072
vn 0.0712 0.9965 0.0443
vn 0.8193 0.2579 -0.5121
vn 0.8193 -0.2581 -0.5120
vn 0.0469 0.9964 0.0703
vn 0.0208 0.9964 0.0819
vn 0.0043 0.9963 0.0853
vn -0.0043 0.9963 0.0853
vn -0.0208 0.9964 0.0819
vn -0.0469 0.9964 0.0702
vn -0.0712 0.9965 0.0444
vn -0.0788 0.9944 -0.0709
vn -0.0778 0.9954 0.0558
vn -0.0811 0.9943 -0.0686
vn -0.0471 0.9956 -0.0807
vn -0.0360 0.9961 0.0805
vn -0.0241 0.9956 -0.0900
vn -0.0134 0.9970 0.0766
vn -0.0074 0.9949 -0.1009
vn -0.0027 0.9971 0.0758
vn 0.4628 0.3328 0.8216
vn 0.4628 -0.3328 0.8216
vn 0.0471 0.9956 -0.0807
vn 0.0360 0.9961 0.0805
vn 0.0811 0.9943 -0.0686
vn 0.0778 0.9954 0.0558
vn 0.1016 0.9948 0.0113
vn 0.1045 0.9943 -0.0235
vn 0.0788 0.9944 -0.0709
vn 0.0065 0.9952 -0.0980
vn -0.0065 0.9952 -0.0980
vn -0.0162 0.9954 -0.0945
vn -0.0427 0.9945 -0.0954
vn -0.4258 0.3130 -0.8489
vn -0.5218 0.8506 0.0652
vn -0.5267 0.8385 -0.1399
vn -0.5268 0.8384 -0.1399
vn -0.4152 0.8597 0.2977
vn -0.4152 0.8596 0.2977
vn -0.7693 0.3227 0.5514
vn -0.4100 0.8410 -0.3530
vn -0.0864 0.8965 0.4345
vn -0.2249 0.8692 0.4403
vn -0.2024 0.3865 0.8998
vn -0.4628 0.3330 0.8215
vn -0.7692 0.3229 0.5515
vn -0.2312 0.8458 -0.4808
vn -0.2312 0.8457 -0.4809
vn -0.4258 0.3132 -0.8489
vn -0.0967 0.8628 -0.4963
vn -0.2312 0.8457 -0.4810
vn -0.0967 0.8628 -0.4962
vn -0.0273 0.8603 -0.5090
vn -0.0273 0.8602 -0.5092
vn 0.0273 0.8604 -0.5088
vn 0.0273 0.8603 -0.5091
vn 0.2024 0.3865 0.8998
vn 0.0400 0.7322 0.6799
vn 0.0185 0.9033 0.4287
vn 0.0864 0.8965 0.4345
vn 0.0967 0.8628 -0.4962
vn 0.2312 0.8458 -0.4808
vn 0.2312 0.8457 -0.4809
vn 0.2249 0.8692 0.4403
vn 0.4628 0.3329 0.8216
vn 0.4100 0.8411 -0.3529
vn 0.4099 0.8411 -0.3529
vn 0.7692 0.3226 0.5516
vn 0.4150 0.8597 0.2977
vn 0.4152 0.8596 0.2977
vn 0.5218 0.8506 0.0652
vn 0.5267 0.8385 -0.1399
vn 0.5268 0.8384 -0.1399
vn 0.6150 0.7781 -0.1280
vn 0.5446 0.8367 0.0573
vn 0.5447 0.8367 0.0573
vn -0.4793 0.8148 -0.3260
vn -0.6151 0.7780 -0.1280
vn -0.6149 0.7781 -0.1280
vn -0.4792 0.8149 -0.3260
vn -0.2620 0.8666 -0.4247
vn 0.9462 0.2345 -0.2229
vn 0.4793 0.8148 -0.3260
vn 0.4792 0.8149 -0.3260
vn -0.1256 0.8695 -0.4777
vn -0.1256 0.8696 -0.4776
vn -0.0334 0.8563 -0.5154
vn -0.0334 0.8562 -0.5155
vn 0.1256 0.8696 -0.4775
vn 0.2620 0.8666 -0.4247
vn 0.1256 0.8695 -0.4777
vn 0.0334 0.8562 -0.5155
vn 0.0334 0.8562 -0.5156
vn -0.0185 0.9033 0.4286
vn -0.0400 0.7323 0.6798
vn -0.5446 0.8367 0.0573
vn -0.5447 0.8367 0.0573
vn -0.4082 0.8817 0.2365
vn 0.8171 0.3566 0.4530
vn 0.2606 0.8844 0.3872
vn 0.4082 0.8817 0.2365
vn -0.2606 0.8844 0.3872
vn 0.2489 0.3715 0.8944
vn 0.1201 0.8852 0.4494
vn -0.1200 0.8852 0.4494
vn -0.2489 0.3716 0.8944
vn 0.0272 0.8854 0.4641
vn -0.0272 0.8854 0.4641
vn -0.0615 0.3753 0.9249
vn -0.5218 -0.8506 0.0652
vn -0.5267 -0.8385 -0.1399
vn -0.5265 -0.8386 -0.1399
vn -0.4152 -0.8596 0.2977
vn -0.4152 -0.8597 0.2976
vn -0.4100 -0.8410 -0.3529
vn -0.4100 -0.8411 -0.3529
vn -0.0864 -0.8965 0.4346
vn -0.2249 -0.8692 0.4403
vn -0.0864 -0.8965 0.4345
vn -0.4152 -0.8597 0.2977
vn -0.2312 -0.8457 -0.4809
vn -0.0968 -0.8628 -0.4962
vn -0.0387 -0.3377 -0.9404
vn -0.0273 -0.8603 -0.5091
vn 0.0387 -0.3377 -0.9404
vn 0.0273 -0.8603 -0.5091
vn 0.0185 -0.9033 0.4286
vn 0.0864 -0.8965 0.4345
vn 0.0864 -0.8965 0.4346
vn 0.0400 -0.7322 0.6799
vn 0.4258 -0.3130 -0.8490
vn 0.1971 -0.3375 -0.9205
vn 0.0967 -0.8628 -0.4962
vn 0.2312 -0.8457 -0.4809
vn 0.2249 -0.8692 0.4403
vn 0.4099 -0.8411 -0.3529
vn 0.7280 -0.3002 -0.6164
vn 0.4151 -0.8597 0.2977
vn 0.4152 -0.8596 0.2977
vn 0.5218 -0.8506 0.0652
vn 0.5268 -0.8384 -0.1399
vn 0.5266 -0.8385 -0.1399
vn 0.4100 -0.8410 -0.3530
vn 0.6150 -0.7781 -0.1280
vn 0.5447 -0.8367 0.0573
vn 0.5444 -0.8369 0.0573
vn -0.4793 -0.8149 -0.3260
vn -0.6150 -0.7781 -0.1280
vn -0.8192 -0.2582 -0.5121
vn -0.2620 -0.8666 -0.4247
vn 0.4793 -0.8148 -0.3260
vn 0.4792 -0.8149 -0.3260
vn -0.1256 -0.8695 -0.4776
vn -0.0545 -0.3340 -0.9410
vn -0.0334 -0.8562 -0.5156
vn 0.5067 -0.3404 -0.7921
vn 0.1256 -0.8696 -0.4776
vn 0.2620 -0.8666 -0.4247
vn 0.8193 -0.2581 -0.5121
vn 0.0545 -0.3340 -0.9410
vn 0.0334 -0.8562 -0.5155
vn -0.0400 -0.7323 0.6798
vn -0.0185 -0.9032 0.4289
vn -0.0185 -0.9033 0.4286
vn -0.5448 -0.8366 0.0573
vn -0.5445 -0.8368 0.0573
vn -0.4082 -0.8817 0.2365
vn -0.4081 -0.8818 0.2365
vn 0.2606 -0.8844 0.3872
vn 0.4083 -0.8817 0.2365
vn -0.2606 -0.8844 0.3872
vn -0.4082 -0.8817 0.2366
vn 0.1200 -0.8852 0.4494
vn 0.1200 -0.8852 0.4495
vn -0.1200 -0.8852 0.4494
vn 0.0272 -0.8854 0.4641
vn 0.0272 -0.8853 0.4643
vn -0.0272 -0.8853 0.4642
vn -0.0272 -0.8854 0.4641
vt 0.048732 0.148808
vt 0.048732 0.467486
vt 0.093447 0.461698
vt 0.093447 0.143020
vt 0.797316 0.561039
vt 0.834444 0.561004
vt 0.834420 0.556286
vt 0.797350 0.556321
vt 0.763498 0.561467
vt 0.763585 0.556749
vt 0.757158 0.561657
vt 0.757255 0.556937
vt 0.620952 0.571153
vt 0.637986 0.573310
vt 0.637874 0.568842
vt 0.620868 0.566689
vt 0.585347 0.568997
vt 0.603919 0.568997
vt 0.603861 0.564535
vt 0.585319 0.564535
vt 0.549492 0.571153
vt 0.566775 0.568997
vt 0.566776 0.564535
vt 0.549520 0.566689
vt 0.410529 0.560719
vt 0.437092 0.558803
vt 0.436968 0.554086
vt 0.410448 0.555999
vt 0.376050 0.561740
vt 0.376022 0.557018
vt 0.338902 0.561709
vt 0.338933 0.556987
vt 0.304742 0.560632
vt 0.304827 0.555911
vt 0.278770 0.558672
vt 0.278895 0.553955
vt 0.881937 0.956993
vt 0.881937 0.614282
vt 0.837610 0.613819
vt 0.837610 0.956531
vt 0.258341 0.268458
vt 0.275747 0.294386
vt 0.279137 0.276963
vt 0.265387 0.256480
vt 0.869230 0.561367
vt 0.869152 0.556648
vt 0.167027 0.527601
vt 0.133589 0.521574
vt 0.133552 0.526019
vt 0.166937 0.532037
vt 0.261070 0.600463
vt 0.293148 0.602884
vt 0.303766 0.565647
vt 0.277322 0.563652
vt 0.588196 0.938992
vt 0.586318 0.611993
vt 0.562653 0.611993
vt 0.564531 0.938992
vt 0.334570 0.958921
vt 0.334570 0.616995
vt 0.291041 0.615623
vt 0.291041 0.957548
vt 0.140705 0.462722
vt 0.140705 0.144045
vt 0.731049 0.957603
vt 0.731049 0.614892
vt 0.714891 0.615374
vt 0.714891 0.958085
vt 0.425842 0.957660
vt 0.425842 0.615734
vt 0.381906 0.617035
vt 0.381906 0.958960
vt 0.790299 0.613864
vt 0.790299 0.956575
vt 0.531496 0.943114
vt 0.529618 0.616115
vt 0.518607 0.617489
vt 0.520485 0.944488
vt 0.257945 0.613126
vt 0.257945 0.955051
vt 0.183314 0.470403
vt 0.183314 0.151725
vt 0.633566 0.941740
vt 0.631688 0.614741
vt 0.609983 0.611993
vt 0.611861 0.938992
vt 0.088197 0.747272
vt 0.185997 0.986500
vt 0.231205 0.978922
vt 0.133405 0.739694
vt 0.747206 0.614410
vt 0.747206 0.957121
vt 0.459689 0.955218
vt 0.459689 0.613293
vt 0.096502 0.520770
vt 0.096523 0.525216
vt 0.219753 0.493651
vt 0.217577 0.475868
vt 0.210876 0.475907
vt 0.213052 0.493690
vt 0.630161 0.603800
vt 0.651198 0.606464
vt 0.638998 0.577569
vt 0.621655 0.575374
vt 0.139766 0.475728
vt 0.093960 0.474735
vt 0.096264 0.515557
vt 0.134024 0.516375
vt 0.050621 0.480345
vt 0.016346 0.491703
vt 0.032282 0.529545
vt 0.060537 0.520181
vt 0.586185 0.601137
vt 0.609123 0.601137
vt 0.604313 0.573178
vt 0.585404 0.573178
vt 0.061412 0.525312
vt 0.033661 0.534509
vt 0.033780 0.538933
vt 0.061488 0.529751
vt 0.541901 0.603800
vt 0.563247 0.601137
vt 0.566495 0.573178
vt 0.548898 0.575374
vt 0.181065 0.483172
vt 0.168069 0.522512
vt 0.423804 0.602992
vt 0.456611 0.600625
vt 0.438518 0.563785
vt 0.411473 0.565736
vt 0.837007 0.601381
vt 0.879971 0.601830
vt 0.870141 0.566247
vt 0.834723 0.565877
vt 0.381219 0.604252
vt 0.376368 0.566775
vt 0.791150 0.601425
vt 0.796921 0.565913
vt 0.335339 0.604214
vt 0.338546 0.566744
vt 0.749382 0.601954
vt 0.762489 0.566350
vt 0.741552 0.602187
vt 0.756034 0.566542
vt 0.176457 0.719915
vt 0.172945 0.713687
vt 0.131084 0.732918
vt 0.908061 0.143104
vt 0.901441 0.104851
vt 0.900579 0.104891
vt 0.907199 0.143144
vt 0.210800 0.690947
vt 0.206338 0.685519
vt 0.900471 0.064145
vt 0.899610 0.064184
vt 0.231205 0.657199
vt 0.226178 0.652705
vt 0.905301 0.027182
vt 0.904439 0.027221
vt 0.837492 0.963562
vt 0.880592 0.964012
vt 0.872546 0.983513
vt 0.834730 0.983118
vt 0.834730 0.984055
vt 0.872546 0.984450
vt 0.791490 0.963606
vt 0.794369 0.983157
vt 0.794369 0.984093
vt 0.749589 0.964136
vt 0.757605 0.983622
vt 0.757605 0.984559
vt 0.671711 0.949566
vt 0.655271 0.944488
vt 0.653304 0.952082
vt 0.669290 0.957019
vt 0.743822 0.984033
vt 0.730038 0.984445
vt 0.730038 0.985381
vt 0.743822 0.984970
vt 0.611095 0.946738
vt 0.632200 0.949410
vt 0.626738 0.971541
vt 0.608221 0.969196
vt 0.608226 0.970090
vt 0.626743 0.972434
vt 0.565074 0.946738
vt 0.588085 0.946738
vt 0.588032 0.969196
vt 0.567843 0.969196
vt 0.567848 0.970090
vt 0.588037 0.970090
vt 0.522247 0.952082
vt 0.532954 0.950746
vt 0.539661 0.972713
vt 0.530267 0.973885
vt 0.530272 0.974779
vt 0.539666 0.973606
vt 0.486429 0.954644
vt 0.489134 0.961957
vt 0.444983 0.980513
vt 0.416108 0.982596
vt 0.416108 0.983531
vt 0.444983 0.981448
vt 0.380865 0.965644
vt 0.423586 0.964379
vt 0.378626 0.983706
vt 0.378626 0.984640
vt 0.334839 0.965605
vt 0.338243 0.983672
vt 0.338243 0.984607
vt 0.292514 0.964271
vt 0.301108 0.982501
vt 0.301108 0.983436
vt 0.047716 0.741495
vt 0.087127 0.740286
vt 0.047766 0.734669
vt 0.272873 0.980371
vt 0.272873 0.981305
vt 0.085310 0.716169
vt 0.123878 0.709704
vt 0.123610 0.709051
vt 0.085043 0.715515
vt 0.081123 0.580439
vt 0.063246 0.588652
vt 0.063828 0.589266
vt 0.081486 0.581154
vt 0.122514 0.705338
vt 0.158268 0.688912
vt 0.157686 0.688298
vt 0.122370 0.704523
vt 0.379166 0.977913
vt 0.417711 0.976772
vt 0.211739 0.643472
vt 0.193837 0.673079
vt 0.298488 0.307787
vt 0.297102 0.287549
vt 0.203734 0.636828
vt 0.206525 0.609099
vt 0.205352 0.609462
vt 0.202596 0.636852
vt 0.014989 0.668466
vt 0.026778 0.691676
vt 0.027806 0.691028
vt 0.016162 0.668102
vt 0.948589 0.244296
vt 0.949658 0.280130
vt 0.951992 0.279453
vt 0.950936 0.244067
vt 0.163708 0.698493
vt 0.125938 0.715845
vt 0.017780 0.640737
vt 0.018918 0.640713
vt 0.186789 0.664855
vt 0.185858 0.664536
vt 0.051352 0.706834
vt 0.084970 0.711631
vt 0.085286 0.710739
vt 0.052080 0.706000
vt 0.018994 0.716922
vt 0.050763 0.717425
vt 0.024803 0.701413
vt 0.194736 0.585888
vt 0.193708 0.586536
vt 0.411763 0.205490
vt 0.411763 0.243348
vt 0.422732 0.239694
vt 0.422732 0.209787
vt 0.755893 0.977536
vt 0.793698 0.977057
vt 0.354548 0.277276
vt 0.363251 0.263487
vt 0.348264 0.252553
vt 0.341389 0.263446
vt 0.365606 0.164373
vt 0.363251 0.155746
vt 0.348264 0.167440
vt 0.350124 0.174255
vt 0.086277 0.722493
vt 0.275747 0.133140
vt 0.258341 0.160717
vt 0.265387 0.171366
vt 0.279137 0.149581
vt 0.835205 0.977018
vt 0.874093 0.977424
vt 0.323104 0.306620
vt 0.345845 0.291065
vt 0.334514 0.274339
vt 0.316548 0.286627
vt 0.372671 0.209170
vt 0.372671 0.190254
vt 0.355705 0.194700
vt 0.355705 0.209644
vt 0.337638 0.977878
vt 0.416075 0.278580
vt 0.426138 0.267527
vt 0.646895 0.967401
vt 0.661318 0.971856
vt 0.367961 0.245787
vt 0.372671 0.228087
vt 0.355705 0.224588
vt 0.351984 0.238570
vt 0.345845 0.129818
vt 0.334513 0.146957
vt 0.407160 0.205108
vt 0.411557 0.169703
vt 0.409701 0.170420
vt 0.405360 0.205383
vt 0.170162 0.570731
vt 0.169434 0.571564
vt 0.528646 0.967401
vt 0.538307 0.966196
vt 0.323104 0.116418
vt 0.298488 0.117584
vt 0.297102 0.137292
vt 0.316548 0.136371
vt 0.608811 0.962579
vt 0.627853 0.964990
vt 0.041856 0.606695
vt 0.034725 0.612710
vt 0.035656 0.613029
vt 0.042699 0.607088
vt 0.153353 0.568332
vt 0.136544 0.565933
vt 0.136228 0.566825
vt 0.152831 0.569195
vt 0.567288 0.962579
vt 0.588050 0.962579
vt 0.117772 0.569080
vt 0.099000 0.572226
vt 0.099144 0.573042
vt 0.117686 0.569934
vt 0.498769 0.976311
vt 0.407683 0.169968
vt 0.403306 0.205221
vt 0.406446 0.168854
vt 0.401981 0.204810
vt 0.417724 0.143938
vt 0.415773 0.143265
vt 0.414696 0.141620
vt 0.965812 0.499686
vt 0.965603 0.464976
vt 0.963676 0.465149
vt 0.963887 0.500147
vt 0.053452 0.705245
vt 0.029652 0.690565
vt 0.965812 0.426871
vt 0.963887 0.426727
vt 0.018235 0.668086
vt 0.966406 0.391172
vt 0.964486 0.390732
vt 0.020938 0.641231
vt 0.022229 0.642557
vt 0.038505 0.615638
vt 0.037349 0.614087
vt 0.052202 0.604084
vt 0.065899 0.592531
vt 0.064971 0.590788
vt 0.051160 0.602438
vt 0.049742 0.601148
vt 0.083070 0.584642
vt 0.100241 0.576754
vt 0.099598 0.574880
vt 0.082285 0.582834
vt 0.118271 0.573732
vt 0.136301 0.570709
vt 0.135958 0.568786
vt 0.117778 0.571833
vt 0.160519 0.574165
vt 0.168591 0.575317
vt 0.168517 0.573432
vt 0.160377 0.572270
vt 0.161133 0.570379
vt 0.951992 0.170882
vt 0.950936 0.205942
vt 0.952778 0.205773
vt 0.953843 0.170421
vt 0.192316 0.588112
vt 0.952778 0.244215
vt 0.203734 0.610590
vt 0.953843 0.279895
vt 0.201031 0.637446
vt 0.417724 0.306408
vt 0.409701 0.278980
vt 0.407683 0.279430
vt 0.415773 0.307086
vt 0.406446 0.280495
vt 0.414696 0.308702
vt 0.405359 0.243504
vt 0.403306 0.243659
vt 0.401981 0.244012
vt 0.122968 0.707177
vt 0.159411 0.690435
vt 0.160339 0.692177
vt 0.188482 0.665913
vt 0.189637 0.667464
vt 0.205754 0.637346
vt 0.207045 0.638673
vt 0.208599 0.609082
vt 0.834600 0.986000
vt 0.872122 0.986392
vt 0.196582 0.585425
vt 0.794552 0.986038
vt 0.171534 0.569975
vt 0.758075 0.986500
vt 0.664189 0.984391
vt 0.671015 0.986500
vt 0.672644 0.985413
vt 0.665686 0.983264
vt 0.673310 0.983443
vt 0.666298 0.981277
vt 0.625684 0.975784
vt 0.643709 0.978066
vt 0.644812 0.976816
vt 0.626439 0.974490
vt 0.645260 0.974779
vt 0.588005 0.973502
vt 0.607658 0.973502
vt 0.608066 0.972164
vt 0.588034 0.972164
vt 0.550062 0.975784
vt 0.568351 0.973502
vt 0.568002 0.972164
vt 0.549360 0.974490
vt 0.549060 0.972434
vt 0.503490 0.986500
vt 0.531772 0.978066
vt 0.530718 0.976816
vt 0.501890 0.985413
vt 0.501219 0.983443
vt 0.016215 0.641330
vt 0.013370 0.669594
vt 0.378477 0.986500
vt 0.415668 0.985399
vt 0.025386 0.693252
vt 0.338409 0.986467
vt 0.050434 0.708702
vt 0.301562 0.985305
vt 0.084700 0.713591
vt 0.050509 0.710587
vt 0.316424 0.167388
vt 0.327051 0.173649
vt 0.925225 0.479317
vt 0.926612 0.497647
vt 0.929135 0.497151
vt 0.927766 0.479050
vt 0.930561 0.512291
vt 0.934511 0.526936
vt 0.936936 0.526074
vt 0.933036 0.511612
vt 0.967833 0.465272
vt 0.968045 0.426686
vt 0.951634 0.307734
vt 0.953943 0.306712
vt 0.968647 0.390536
vt 0.411557 0.279635
vt 0.407160 0.243711
vt 0.950152 0.163437
vt 0.949658 0.170186
vt 0.952480 0.164217
vt 0.968647 0.526781
vt 0.968045 0.500421
vt 0.966406 0.525716
vt 0.948589 0.205689
vt 0.934511 0.388146
vt 0.926612 0.422535
vt 0.929135 0.422977
vt 0.936936 0.389018
vt 0.925225 0.441760
vt 0.923838 0.460986
vt 0.926396 0.460948
vt 0.927766 0.441963
vt 0.304922 0.167933
vt 0.294296 0.175201
vt 0.335184 0.185764
vt 0.286163 0.188087
vt 0.336284 0.189796
vt 0.337385 0.193827
vt 0.339585 0.201889
vt 0.281761 0.204629
vt 0.339585 0.210728
vt 0.339585 0.219567
vt 0.281761 0.222307
vt 0.337385 0.227838
vt 0.335184 0.236108
vt 0.286163 0.238431
vt 0.331117 0.242551
vt 0.329084 0.245773
vt 0.327051 0.248994
vt 0.294296 0.250546
vt 0.316424 0.256263
vt 0.304922 0.256808
vt 0.257945 0.229220
vt 0.257945 0.199332
vt 0.405594 0.511457
vt 0.431909 0.484870
vt 0.431519 0.484607
vt 0.405334 0.511063
vt 0.808081 0.418028
vt 0.802963 0.455090
vt 0.803744 0.455413
vt 0.808930 0.417856
vt 0.918660 0.850920
vt 0.916704 0.823590
vt 0.909698 0.823596
vt 0.911654 0.850925
vt 0.955013 0.697494
vt 0.955491 0.661703
vt 0.948468 0.661680
vt 0.947990 0.697472
vt 0.919719 0.886396
vt 0.912712 0.886402
vt 0.954929 0.735697
vt 0.947906 0.735675
vt 0.919719 0.924619
vt 0.912712 0.924624
vt 0.955253 0.770495
vt 0.948230 0.770473
vt 0.918660 0.959768
vt 0.911654 0.959774
vt 0.955423 0.777019
vt 0.948401 0.776996
vt 0.916704 0.986494
vt 0.909698 0.986500
vt 0.219753 0.420123
vt 0.221930 0.402597
vt 0.215229 0.402636
vt 0.213052 0.420162
vt 0.217577 0.456759
vt 0.217577 0.437649
vt 0.210876 0.437689
vt 0.210876 0.456798
vt 0.902356 0.204189
vt 0.899610 0.242258
vt 0.906132 0.242595
vt 0.908878 0.204527
vt 0.910177 0.170144
vt 0.916698 0.170482
vt 0.269739 0.476182
vt 0.273299 0.484866
vt 0.273689 0.484603
vt 0.270146 0.475961
vt 0.371212 0.525846
vt 0.371120 0.525382
vt 0.286457 0.364493
vt 0.273299 0.377787
vt 0.273689 0.378050
vt 0.286782 0.364821
vt 0.803521 0.382925
vt 0.804309 0.382284
vt 0.333997 0.336810
vt 0.299614 0.351199
vt 0.299875 0.351593
vt 0.334088 0.337275
vt 0.333996 0.525845
vt 0.334088 0.525381
vt 0.371212 0.336811
vt 0.371120 0.337276
vt 0.299614 0.511455
vt 0.299875 0.511061
vt 0.405594 0.351201
vt 0.405334 0.351595
vt 0.720859 0.348711
vt 0.745241 0.336609
vt 0.745251 0.335349
vt 0.720543 0.347613
vt 0.431909 0.377790
vt 0.431520 0.378053
vt 0.446151 0.412529
vt 0.445691 0.412622
vt 0.259057 0.431326
vt 0.259057 0.450127
vt 0.259517 0.450035
vt 0.259517 0.431326
vt 0.768652 0.090943
vt 0.768652 0.054156
vt 0.764730 0.054179
vt 0.764730 0.090966
vt 0.266178 0.395156
vt 0.259057 0.412526
vt 0.259517 0.412618
vt 0.266603 0.395334
vt 0.955346 0.890710
vt 0.955919 0.856261
vt 0.951810 0.856234
vt 0.951236 0.890683
vt 0.768165 0.513083
vt 0.743783 0.525186
vt 0.743773 0.526445
vt 0.768481 0.514181
vt 0.715664 0.354865
vt 0.715278 0.353849
vt 0.788947 0.488469
vt 0.789540 0.489238
vt 0.693069 0.390015
vt 0.700078 0.373326
vt 0.699484 0.372557
vt 0.692382 0.389469
vt 0.804631 0.455671
vt 0.790326 0.489739
vt 0.795549 0.490667
vt 0.809855 0.456599
vt 0.683502 0.425236
vt 0.686061 0.406705
vt 0.685281 0.406382
vt 0.682687 0.425160
vt 0.446151 0.450131
vt 0.445691 0.450038
vt 0.683223 0.461318
vt 0.680943 0.443767
vt 0.680094 0.443939
vt 0.682405 0.461725
vt 0.789977 0.355125
vt 0.790585 0.354113
vt 0.699047 0.506670
vt 0.685503 0.478870
vt 0.684715 0.479511
vt 0.698439 0.507682
vt 0.769512 0.338861
vt 0.769846 0.337632
vt 0.719512 0.522934
vt 0.719178 0.524163
vt 0.546948 0.344001
vt 0.513794 0.357858
vt 0.514865 0.359375
vt 0.547359 0.345794
vt 0.909712 0.698960
vt 0.909712 0.735750
vt 0.913812 0.735747
vt 0.913812 0.698956
vt 0.955144 0.927481
vt 0.951034 0.927454
vt 0.910731 0.665127
vt 0.914831 0.665123
vt 0.955346 0.960976
vt 0.951236 0.960949
vt 0.911202 0.658696
vt 0.915302 0.658692
vt 0.955919 0.986096
vt 0.951810 0.986069
vt 0.047646 0.097506
vt 0.047646 0.079697
vt 0.044622 0.080403
vt 0.044622 0.098211
vt 0.213650 0.303990
vt 0.216145 0.321326
vt 0.219966 0.321262
vt 0.217472 0.303925
vt 0.772842 0.125177
vt 0.768920 0.125200
vt 0.910731 0.769898
vt 0.912614 0.796203
vt 0.916714 0.796200
vt 0.914831 0.769894
vt 0.211241 0.268284
vt 0.211156 0.286653
vt 0.214977 0.286588
vt 0.215062 0.268219
vt 0.772842 0.020417
vt 0.768920 0.020440
vt 0.216631 0.216703
vt 0.211326 0.249914
vt 0.215147 0.249849
vt 0.220452 0.216638
vt 0.844353 0.396294
vt 0.838877 0.428978
vt 0.841036 0.429424
vt 0.846404 0.397392
vt 0.687199 0.184672
vt 0.680094 0.220755
vt 0.680788 0.220750
vt 0.687841 0.184926
vt 0.582835 0.526267
vt 0.615990 0.512410
vt 0.615025 0.510847
vt 0.582531 0.524428
vt 0.582835 0.344019
vt 0.582531 0.345811
vt 0.546948 0.526250
vt 0.547359 0.524411
vt 0.615990 0.357907
vt 0.615025 0.359423
vt 0.513794 0.512361
vt 0.514865 0.510799
vt 0.622334 0.364319
vt 0.621242 0.365707
vt 0.707430 0.287439
vt 0.737709 0.307888
vt 0.737990 0.307258
vt 0.707928 0.286956
vt 0.847610 0.512882
vt 0.852132 0.526383
vt 0.854028 0.524888
vt 0.849595 0.511656
vt 0.488418 0.486716
vt 0.489995 0.485664
vt 0.840759 0.482279
vt 0.843087 0.499381
vt 0.845162 0.498425
vt 0.842881 0.481664
vt 0.838654 0.447078
vt 0.838432 0.465177
vt 0.840600 0.464902
vt 0.840818 0.447163
vt 0.488418 0.383480
vt 0.474685 0.416966
vt 0.476536 0.417304
vt 0.489995 0.384486
vt 0.916031 0.735581
vt 0.917041 0.769404
vt 0.917335 0.769492
vt 0.916324 0.735610
vt 0.680727 0.079062
vt 0.680727 0.069864
vt 0.680094 0.070006
vt 0.680094 0.079137
vt 0.687199 0.256842
vt 0.687841 0.256579
vt 0.224661 0.334926
vt 0.229355 0.348591
vt 0.230148 0.348039
vt 0.225488 0.334472
vt 0.707430 0.154086
vt 0.707928 0.154559
vt 0.220827 0.320905
vt 0.218350 0.303693
vt 0.215873 0.286480
vt 0.215958 0.268242
vt 0.737709 0.133654
vt 0.737990 0.134273
vt 0.216043 0.250004
vt 0.221309 0.217031
vt 0.915573 0.769525
vt 0.914562 0.735622
vt 0.230082 0.192011
vt 0.230870 0.192580
vt 0.914562 0.699095
vt 0.950551 0.890787
vt 0.950351 0.927295
vt 0.915573 0.665504
vt 0.476536 0.452833
vt 0.479527 0.452240
vt 0.479527 0.417922
vt 0.949099 0.890813
vt 0.949667 0.856691
vt 0.949359 0.856603
vt 0.948790 0.890785
vt 0.916031 0.699139
vt 0.916324 0.699105
vt 0.948899 0.927236
vt 0.948590 0.927271
vt 0.917041 0.665627
vt 0.917335 0.665535
vt 0.949099 0.960413
vt 0.948790 0.960506
vt 0.787470 0.159200
vt 0.791658 0.152565
vt 0.791370 0.152424
vt 0.787174 0.159071
vt 0.886206 0.396836
vt 0.893874 0.371523
vt 0.893557 0.371388
vt 0.885875 0.396745
vt 0.770373 0.196142
vt 0.774906 0.179107
vt 0.774588 0.179013
vt 0.770047 0.196078
vt 0.886206 0.500602
vt 0.882056 0.466693
vt 0.881717 0.466723
vt 0.885875 0.500691
vt 0.882056 0.430255
vt 0.881717 0.430222
vt 0.765840 0.231385
vt 0.765840 0.213178
vt 0.765506 0.213143
vt 0.765506 0.231382
vt 0.474685 0.453217
vt 0.770373 0.266198
vt 0.765840 0.249592
vt 0.765506 0.249620
vt 0.770047 0.266255
vt 0.893874 0.526820
vt 0.893557 0.526955
vt 0.791658 0.307759
vt 0.774906 0.282804
vt 0.774588 0.282890
vt 0.791370 0.307888
vt 0.908878 0.278891
vt 0.909970 0.278710
vt 0.907237 0.242588
vt 0.432824 0.485498
vt 0.447233 0.450352
vt 0.909970 0.204702
vt 0.406201 0.512397
vt 0.917753 0.170819
vt 0.371415 0.526955
vt 0.947474 0.661924
vt 0.946998 0.697544
vt 0.333763 0.526954
vt 0.946915 0.735565
vt 0.298978 0.512395
vt 0.947237 0.770196
vt 0.272354 0.485494
vt 0.947407 0.776689
vt 0.268752 0.476708
vt 0.214386 0.402909
vt 0.212220 0.420351
vt 0.257945 0.431327
vt 0.257945 0.450348
vt 0.210054 0.437794
vt 0.210054 0.456812
vt 0.265150 0.394732
vt 0.257945 0.412305
vt 0.210054 0.475830
vt 0.212220 0.493528
vt 0.285666 0.363709
vt 0.272354 0.377159
vt 0.908677 0.823983
vt 0.910624 0.851182
vt 0.333763 0.335702
vt 0.298978 0.350260
vt 0.911677 0.886489
vt 0.371415 0.335703
vt 0.911677 0.924529
vt 0.406201 0.350262
vt 0.910624 0.959511
vt 0.432824 0.377162
vt 0.908677 0.986109
vt 0.447233 0.412309
vt 0.916698 0.307888
vt 0.917753 0.307568
vt 0.444579 0.449818
vt 0.430574 0.483979
vt 0.769473 0.091021
vt 0.769473 0.054051
vt 0.404697 0.510124
vt 0.773684 0.125424
vt 0.370887 0.524273
vt 0.909701 0.770154
vt 0.911593 0.796590
vt 0.334291 0.524273
vt 0.908677 0.735837
vt 0.300481 0.510122
vt 0.908677 0.698864
vt 0.274604 0.483976
vt 0.909701 0.664863
vt 0.271103 0.475435
vt 0.910174 0.658400
vt 0.260599 0.449814
vt 0.260599 0.431327
vt 0.219786 0.335314
vt 0.224504 0.349047
vt 0.225534 0.348656
vt 0.220840 0.334991
vt 0.260599 0.412839
vt 0.267601 0.395758
vt 0.212561 0.304159
vt 0.215068 0.321582
vt 0.274604 0.378678
vt 0.287542 0.365605
vt 0.210140 0.268275
vt 0.210054 0.286736
vt 0.300481 0.352533
vt 0.334291 0.338383
vt 0.215556 0.216439
vt 0.210225 0.249815
vt 0.370887 0.338384
vt 0.956338 0.890640
vt 0.956914 0.856020
vt 0.404697 0.352535
vt 0.956135 0.927594
vt 0.430575 0.378681
vt 0.956338 0.961255
vt 0.444579 0.412843
vt 0.956914 0.986500
vt 0.773684 0.020144
vt 0.804180 0.455562
vt 0.809393 0.417813
vt 0.809855 0.417844
vt 0.804748 0.382061
vt 0.805201 0.382017
vt 0.790954 0.353747
vt 0.791378 0.353643
vt 0.770110 0.337182
vt 0.955458 0.697529
vt 0.955935 0.661812
vt 0.745390 0.334888
vt 0.955374 0.735652
vt 0.720556 0.347214
vt 0.955697 0.770377
vt 0.228685 0.383222
vt 0.230681 0.376631
vt 0.230426 0.376217
vt 0.228419 0.382840
vt 0.229973 0.376047
vt 0.227962 0.382684
vt 0.220534 0.420393
vt 0.222695 0.402992
vt 0.222399 0.402711
vt 0.220227 0.420201
vt 0.218373 0.456767
vt 0.218373 0.437794
vt 0.218055 0.437690
vt 0.218055 0.456760
vt 0.220534 0.493396
vt 0.218373 0.475740
vt 0.218055 0.475829
vt 0.220227 0.493575
vt 0.230681 0.538355
vt 0.222695 0.511053
vt 0.222399 0.511321
vt 0.230426 0.538763
vt 0.221930 0.511434
vt 0.229973 0.538933
vt 0.698341 0.508096
vt 0.719185 0.524661
vt 0.920143 0.886433
vt 0.919086 0.851031
vt 0.743905 0.526955
vt 0.920143 0.924576
vt 0.768738 0.514628
vt 0.919086 0.959652
vt 0.789904 0.489559
vt 0.769115 0.514862
vt 0.902356 0.278553
vt 0.883382 0.466724
vt 0.883382 0.430200
vt 0.882808 0.430274
vt 0.882808 0.466669
vt 0.887542 0.500712
vt 0.886953 0.500538
vt 0.917443 0.795642
vt 0.918157 0.795369
vt 0.916294 0.769344
vt 0.894613 0.526725
vt 0.915286 0.735561
vt 0.915286 0.699162
vt 0.916294 0.665690
vt 0.916041 0.659119
vt 0.916760 0.659327
vt 0.917507 0.659257
vt 0.230870 0.347764
vt 0.226225 0.334245
vt 0.771008 0.196201
vt 0.775535 0.179186
vt 0.221581 0.320726
vt 0.219113 0.303574
vt 0.766480 0.231402
vt 0.766480 0.213217
vt 0.216645 0.286422
vt 0.216729 0.268248
vt 0.217307 0.286426
vt 0.217391 0.268230
vt 0.216814 0.250074
vt 0.222061 0.217217
vt 0.217476 0.250035
vt 0.222730 0.217139
vt 0.951120 0.856585
vt 0.950424 0.856754
vt 0.949856 0.890836
vt 0.949657 0.927215
vt 0.950551 0.960550
vt 0.949857 0.960354
vt 0.951120 0.985490
vt 0.950424 0.985206
vt 0.886953 0.396894
vt 0.894613 0.371611
vt 0.887542 0.396703
vt 0.880768 0.430215
vt 0.880768 0.466740
vt 0.473973 0.416838
vt 0.473973 0.453366
vt 0.884928 0.500730
vt 0.487811 0.383098
vt 0.919203 0.795594
vt 0.920175 0.795643
vt 0.918305 0.769525
vt 0.513380 0.357281
vt 0.917294 0.735621
vt 0.919095 0.769138
vt 0.918091 0.735490
vt 0.917294 0.699092
vt 0.918091 0.699237
vt 0.918305 0.665499
vt 0.919095 0.665898
vt 0.917802 0.659154
vt 0.918773 0.659114
vt 0.622746 0.363790
vt 0.616354 0.357330
vt 0.773818 0.178954
vt 0.769274 0.196030
vt 0.846728 0.513351
vt 0.851285 0.526955
vt 0.838939 0.482504
vt 0.841282 0.499725
vt 0.842171 0.499748
vt 0.839826 0.482516
vt 0.836819 0.447058
vt 0.836595 0.465283
vt 0.837481 0.465284
vt 0.837705 0.447046
vt 0.842557 0.395921
vt 0.837043 0.428832
vt 0.837929 0.428808
vt 0.843447 0.395876
vt 0.948382 0.856565
vt 0.947812 0.890769
vt 0.853195 0.371499
vt 0.854028 0.372101
vt 0.947612 0.927278
vt 0.947081 0.890878
vt 0.946883 0.927112
vt 0.947812 0.960535
vt 0.513380 0.512960
vt 0.546787 0.526955
vt 0.949359 0.985430
vt 0.948382 0.985476
vt 0.487811 0.487119
vt 0.884928 0.396715
vt 0.984220 0.117048
vt 0.984086 0.111190
vt 0.982415 0.111179
vt 0.982549 0.117037
vt 0.492527 0.483951
vt 0.653354 0.435153
vt 0.653354 0.417389
vt 0.650314 0.418004
vt 0.650314 0.435163
vt 0.492527 0.386224
vt 0.646624 0.469327
vt 0.653354 0.452918
vt 0.650314 0.452321
vt 0.643814 0.468171
vt 0.516549 0.361969
vt 0.639895 0.485736
vt 0.637314 0.484020
vt 0.613292 0.508274
vt 0.547935 0.348852
vt 0.581906 0.521392
vt 0.581906 0.348868
vt 0.547935 0.521376
vt 0.613292 0.362015
vt 0.516549 0.508228
vt 0.619297 0.368085
vt 0.646624 0.400973
vt 0.639895 0.384558
vt 0.637314 0.386293
vt 0.643814 0.402148
vt 0.212520 0.072127
vt 0.210054 0.106307
vt 0.211606 0.106388
vt 0.214071 0.072208
vt 0.983390 0.161623
vt 0.981633 0.185619
vt 0.983301 0.185618
vt 0.985057 0.161622
vt 0.478871 0.036445
vt 0.480825 0.020709
vt 0.479231 0.020718
vt 0.477277 0.036454
vt 0.476917 0.069338
vt 0.476917 0.052181
vt 0.475322 0.052190
vt 0.475322 0.069348
vt 0.490736 0.219082
vt 0.487879 0.234468
vt 0.488659 0.234463
vt 0.491481 0.219262
vt 0.219541 0.041559
vt 0.221093 0.041639
vt 0.478871 0.102462
vt 0.476917 0.086496
vt 0.475322 0.086505
vt 0.477277 0.102472
vt 0.401981 0.081419
vt 0.403199 0.114620
vt 0.404417 0.114288
vt 0.403199 0.081086
vt 0.981633 0.283350
vt 0.983390 0.307888
vt 0.985057 0.307886
vt 0.983301 0.283349
vt 0.984086 0.045645
vt 0.984622 0.013511
vt 0.982951 0.013500
vt 0.982415 0.045634
vt 0.980683 0.251497
vt 0.982350 0.251496
vt 0.983899 0.079945
vt 0.982228 0.079934
vt 0.980683 0.217179
vt 0.982350 0.217177
vt 0.214071 0.138976
vt 0.215678 0.138821
vt 0.213225 0.106407
vt 0.217173 0.138248
vt 0.214757 0.106309
vt 0.473995 0.248062
vt 0.486759 0.279128
vt 0.488191 0.278166
vt 0.475686 0.247731
vt 0.215678 0.072409
vt 0.217173 0.072810
vt 0.473973 0.214437
vt 0.475665 0.214790
vt 0.222662 0.042004
vt 0.224055 0.042851
vt 0.486697 0.183371
vt 0.488131 0.184356
vt 0.981402 0.013737
vt 0.980870 0.045700
vt 0.509553 0.158498
vt 0.485669 0.182629
vt 0.510230 0.159594
vt 0.511185 0.161062
vt 0.980683 0.079817
vt 0.540770 0.145438
vt 0.540990 0.146726
vt 0.541319 0.148456
vt 0.980870 0.110895
vt 0.574568 0.145438
vt 0.574292 0.146726
vt 0.573944 0.148456
vt 0.981003 0.116721
vt 0.582376 0.148703
vt 0.581986 0.149943
vt 0.581482 0.151608
vt 0.477861 0.020994
vt 0.475917 0.036646
vt 0.617759 0.170563
vt 0.605801 0.158498
vt 0.605068 0.159594
vt 0.616849 0.171483
vt 0.604094 0.161062
vt 0.615636 0.172709
vt 0.473973 0.052298
vt 0.473973 0.069364
vt 0.636193 0.198393
vt 0.629716 0.182629
vt 0.628631 0.183371
vt 0.635013 0.198904
vt 0.627178 0.184356
vt 0.633431 0.199573
vt 0.473973 0.086430
vt 0.475917 0.102311
vt 0.642681 0.231220
vt 0.642670 0.214157
vt 0.641396 0.214437
vt 0.641406 0.231250
vt 0.639683 0.214790
vt 0.639694 0.231261
vt 0.986630 0.307498
vt 0.984883 0.283091
vt 0.629778 0.279811
vt 0.642692 0.248283
vt 0.641417 0.248062
vt 0.628693 0.279128
vt 0.639704 0.247731
vt 0.627239 0.278166
vt 0.983938 0.251408
vt 0.605895 0.303942
vt 0.605160 0.302905
vt 0.604184 0.301459
vt 0.983938 0.217273
vt 0.574678 0.317001
vt 0.574401 0.315773
vt 0.574050 0.314065
vt 0.984883 0.185882
vt 0.540880 0.317001
vt 0.541098 0.315773
vt 0.541425 0.314065
vt 0.986630 0.162014
vt 0.509646 0.303942
vt 0.510323 0.302905
vt 0.511275 0.301459
vt 0.221093 0.165011
vt 0.222662 0.164717
vt 0.224055 0.163764
vt 0.212520 0.138895
vt 0.049285 0.473877
vt 0.093597 0.468141
vt 0.140430 0.469156
vt 0.182655 0.476768
vt 0.881361 0.607813
vt 0.837433 0.607354
vt 0.790548 0.607398
vt 0.747843 0.607939
vt 0.739127 0.614651
vt 0.739837 0.608178
vt 0.653393 0.617489
vt 0.652735 0.611567
vt 0.631225 0.608843
vt 0.609716 0.606120
vt 0.586264 0.606120
vt 0.540630 0.614741
vt 0.562811 0.606120
vt 0.540987 0.608843
vt 0.458787 0.606766
vt 0.425245 0.609186
vt 0.381705 0.610475
vt 0.334795 0.610436
vt 0.291658 0.609075
vt 0.258860 0.606601
vt 0.013370 0.479204
vt 0.014242 0.485490
vt 0.061138 0.522764
vt 0.096428 0.518196
vt 0.133726 0.519004
vt 0.167354 0.525066
vt 0.869516 0.563908
vt 0.834532 0.563542
vt 0.797192 0.563578
vt 0.763182 0.564009
vt 0.756806 0.564199
vt 0.638308 0.575610
vt 0.621178 0.573441
vt 0.604048 0.571272
vt 0.585371 0.571272
vt 0.566693 0.571272
vt 0.549312 0.573441
vt 0.437538 0.561374
vt 0.410825 0.563301
vt 0.376150 0.564327
vt 0.338791 0.564296
vt 0.304436 0.563213
vt 0.278316 0.561242
vt 0.033229 0.532013
vt 0.416075 0.170767
vt 0.413995 0.169584
vt 0.409590 0.205055
vt 0.424042 0.144467
vt 0.422134 0.142717
vt 0.971246 0.526955
vt 0.970643 0.500546
vt 0.972335 0.499336
vt 0.972127 0.464865
vt 0.970431 0.465331
vt 0.972335 0.427022
vt 0.970643 0.426673
vt 0.347837 0.128089
vt 0.324605 0.114400
vt 0.971246 0.390456
vt 0.365617 0.154576
vt 0.932046 0.387908
vt 0.924132 0.422360
vt 0.367961 0.173000
vt 0.375240 0.189827
vt 0.370429 0.172201
vt 0.922742 0.441621
vt 0.921353 0.460883
vt 0.375240 0.228476
vt 0.375240 0.209152
vt 0.922742 0.479247
vt 0.924132 0.497612
vt 0.365618 0.264639
vt 0.370429 0.246558
vt 0.928089 0.512283
vt 0.932046 0.526955
vt 0.350197 0.284170
vt 0.347837 0.292811
vt 0.352282 0.285768
vt 0.947545 0.163323
vt 0.947050 0.170084
vt 0.324605 0.308702
vt 0.945979 0.205653
vt 0.944493 0.206086
vt 0.944493 0.243948
vt 0.945979 0.244332
vt 0.945542 0.279091
vt 0.947050 0.280232
vt 0.424042 0.305820
vt 0.413995 0.279720
vt 0.422134 0.307548
vt 0.949029 0.307888
vt 0.409590 0.243729
vt 0.426138 0.182356
vt 0.160606 0.692831
vt 0.124920 0.712576
vt 0.161953 0.695562
vt 0.189905 0.668118
vt 0.191495 0.670644
vt 0.903191 0.063801
vt 0.908061 0.026531
vt 0.209047 0.641614
vt 0.872999 0.980193
vt 0.834869 0.979794
vt 0.794172 0.979833
vt 0.757104 0.980303
vt 0.666293 0.980383
vt 0.673305 0.982549
vt 0.674010 0.979255
vt 0.666939 0.977071
vt 0.675741 0.976310
vt 0.668529 0.974083
vt 0.645255 0.973885
vt 0.645727 0.970519
vt 0.627056 0.968155
vt 0.608386 0.965791
vt 0.588029 0.965791
vt 0.549055 0.971541
vt 0.567672 0.965791
vt 0.548728 0.968155
vt 0.547967 0.964990
vt 0.501214 0.982549
vt 0.529784 0.970519
vt 0.500489 0.979255
vt 0.416577 0.979357
vt 0.378784 0.980475
vt 0.338066 0.980441
vt 0.300622 0.979261
vt 0.299450 0.976674
vt 0.050776 0.711241
vt 0.051211 0.714125
vt 0.086032 0.719094
vt 0.512824 0.285289
vt 0.528069 0.295141
vt 0.528364 0.294405
vt 0.513303 0.284672
vt 0.499833 0.270299
vt 0.500469 0.269862
vt 0.571369 0.263903
vt 0.568666 0.268593
vt 0.571504 0.267904
vt 0.574222 0.263184
vt 0.543246 0.298354
vt 0.543359 0.297580
vt 0.540377 0.301411
vt 0.530250 0.299266
vt 0.945315 0.074481
vt 0.945315 0.061089
vt 0.944493 0.060851
vt 0.944493 0.074081
vt 0.591993 0.244973
vt 0.579364 0.255944
vt 0.582260 0.255289
vt 0.594464 0.244936
vt 0.908730 0.583160
vt 0.908677 0.595070
vt 0.909643 0.594986
vt 0.909696 0.583219
vt 0.909572 0.574428
vt 0.910520 0.574674
vt 0.527701 0.206749
vt 0.533027 0.206020
vt 0.534778 0.203637
vt 0.529418 0.204368
vt 0.542795 0.202832
vt 0.557736 0.195281
vt 0.558238 0.194013
vt 0.543368 0.201603
vt 0.491074 0.252453
vt 0.491815 0.252231
vt 0.983613 0.720393
vt 0.984188 0.707559
vt 0.983312 0.707851
vt 0.982744 0.720531
vt 0.984217 0.694130
vt 0.983341 0.694584
vt 0.983696 0.682150
vt 0.982826 0.682748
vt 0.600595 0.065568
vt 0.600587 0.081757
vt 0.601418 0.081271
vt 0.601425 0.065457
vt 0.539256 0.969337
vt 0.923437 0.431991
vt 0.925918 0.432148
vt 0.368023 0.163389
vt 0.540621 0.574525
vt 0.540851 0.572232
vt 0.540100 0.576472
vt 0.530074 0.610205
vt 0.531228 0.605132
vt 0.641412 0.239656
vt 0.639699 0.239496
vt 0.642687 0.239751
vt 0.478254 0.110455
vt 0.476889 0.110252
vt 0.479848 0.110446
vt 0.643260 0.477531
vt 0.640564 0.476095
vt 0.837817 0.437927
vt 0.838765 0.438028
vt 0.836931 0.437945
vt 0.216771 0.259161
vt 0.217434 0.259133
vt 0.216000 0.259123
vt 0.221313 0.502448
vt 0.220841 0.502543
vt 0.221615 0.502224
vt 0.210182 0.259045
vt 0.211284 0.259099
vt 0.293328 0.358207
vt 0.294012 0.359069
vt 0.292322 0.356984
vt 0.293035 0.357846
vt 0.214140 0.502582
vt 0.213303 0.502377
vt 0.772639 0.274501
vt 0.772318 0.274572
vt 0.215105 0.259034
vt 0.840927 0.438294
vt 0.684363 0.470094
vt 0.683560 0.470618
vt 0.351984 0.181070
vt 0.928451 0.432470
vt 0.540039 0.975653
vt 0.540917 0.976925
vt 0.044255 0.608263
vt 0.045354 0.609861
vt 0.048986 0.600681
vt 0.543661 0.949410
vt 0.542508 0.941740
vt 0.540893 0.567765
vt 0.559218 0.191727
vt 0.545076 0.199154
vt 0.659868 0.974887
vt 0.659280 0.978217
vt 0.949029 0.143039
vt 0.948040 0.156561
vt 0.950646 0.156688
vt 0.951634 0.143191
vt 0.356727 0.278725
vt 0.737678 0.564769
vt 0.750430 0.564389
vt 0.750818 0.561846
vt 0.738139 0.562224
vt 0.736670 0.567120
vt 0.749580 0.566735
vt 0.715820 0.608894
vt 0.731832 0.608417
vt 0.733722 0.602421
vt 0.718062 0.602888
vt 0.589680 0.153160
vt 0.589019 0.154759
vt 0.590185 0.151968
vt 0.982951 0.134611
vt 0.982683 0.122895
vt 0.981136 0.122548
vt 0.981402 0.134201
vt 0.627460 0.371991
vt 0.625303 0.374154
vt 0.984622 0.134622
vt 0.984354 0.122906
vt 0.641923 0.383171
vt 0.629138 0.370251
vt 0.628678 0.370730
vt 0.641365 0.383553
vt 0.919203 0.640010
vt 0.918269 0.652772
vt 0.919240 0.652729
vt 0.920175 0.639958
vt 0.918157 0.640239
vt 0.917226 0.652965
vt 0.917973 0.652886
vt 0.918905 0.640146
vt 0.917443 0.639964
vt 0.916508 0.652734
vt 0.226413 0.389464
vt 0.225951 0.389322
vt 0.226688 0.389812
vt 0.911593 0.639011
vt 0.910647 0.651937
vt 0.911672 0.652265
vt 0.912614 0.639402
vt 0.266603 0.467319
vt 0.267601 0.466895
vt 0.265150 0.467921
vt 0.266178 0.467497
vt 0.948912 0.796568
vt 0.948571 0.783520
vt 0.947576 0.783182
vt 0.947916 0.796167
vt 0.783282 0.165836
vt 0.782979 0.165718
vt 0.680727 0.106654
vt 0.680727 0.088259
vt 0.680094 0.088269
vt 0.680094 0.106532
vt 0.915773 0.652261
vt 0.916714 0.639399
vt 0.710468 0.361018
vt 0.710014 0.360085
vt 0.955935 0.796590
vt 0.955594 0.783543
vt 0.337951 0.268892
vt 0.952967 0.157553
vt 0.953943 0.144224
vt 0.658728 0.981114
vt 0.659285 0.979111
vt 0.657362 0.982283
vt 0.152237 0.571109
vt 0.152446 0.573013
vt 0.161757 0.569531
vt 0.677282 0.959488
vt 0.750713 0.983828
vt 0.750713 0.984765
vt 0.679931 0.952105
vt 0.739127 0.957362
vt 0.750926 0.557126
vt 0.738266 0.557504
vt 0.614795 0.192713
vt 0.621463 0.205337
vt 0.764730 0.213107
vt 0.047646 0.115315
vt 0.044622 0.116020
vt 0.624003 0.214895
vt 0.637663 0.220311
vt 0.766480 0.249587
vt 0.688151 0.954644
vt 0.685275 0.961957
vt 0.532210 0.573310
vt 0.532265 0.568842
vt 0.215229 0.511473
vt 0.520556 0.606464
vt 0.531302 0.577569
vt 0.214386 0.511226
vt 0.480825 0.118429
vt 0.479231 0.118438
vt 0.477861 0.118193
vt 0.519162 0.611567
vt 0.531931 0.575610
vt 0.707467 0.086760
vt 0.708917 0.101951
vt 0.709824 0.102190
vt 0.708391 0.087182
vt 0.909643 0.605839
vt 0.911085 0.612011
vt 0.912009 0.611665
vt 0.910598 0.605625
vt 0.618184 0.205889
vt 0.620467 0.214515
vt 0.621909 0.214540
vt 0.619529 0.205556
vt 0.614944 0.226063
vt 0.603024 0.235611
vt 0.604411 0.235666
vt 0.616372 0.226082
vt 0.983541 0.725547
vt 0.982675 0.725581
vt 0.512190 0.287596
vt 0.605786 0.181670
vt 0.498177 0.271426
vt 0.488727 0.252175
vt 0.600612 0.097018
vt 0.600624 0.111938
vt 0.601453 0.111002
vt 0.601442 0.096530
vt 0.484943 0.230869
vt 0.568467 0.284264
vt 0.486850 0.220602
vt 0.708917 0.076371
vt 0.709824 0.076918
vt 0.983772 0.753750
vt 0.983601 0.736900
vt 0.982733 0.736939
vt 0.982901 0.753393
vt 0.499332 0.205216
vt 0.559233 0.295646
vt 0.513280 0.200951
vt 0.527187 0.207937
vt 0.532426 0.207207
vt 0.490049 0.252473
vt 0.499059 0.270828
vt 0.486665 0.233416
vt 0.489259 0.219445
vt 0.499210 0.208637
vt 0.498953 0.207496
vt 0.512009 0.204724
vt 0.512159 0.203458
vt 0.596996 0.179081
vt 0.604021 0.184506
vt 0.604845 0.183387
vt 0.597530 0.177735
vt 0.598006 0.175649
vt 0.598267 0.160837
vt 0.612160 0.194483
vt 0.613284 0.193731
vt 0.590636 0.244948
vt 0.578014 0.256001
vt 0.606967 0.235671
vt 0.618423 0.226429
vt 0.583309 0.258203
vt 0.567376 0.268610
vt 0.564520 0.283996
vt 0.565741 0.284348
vt 0.556046 0.294441
vt 0.556998 0.295125
vt 0.542355 0.299602
vt 0.528573 0.296684
vt 0.512421 0.286245
vt 0.606955 0.240064
vt 0.568451 0.181935
vt 0.542809 0.197063
vt 0.571017 0.187293
vt 0.584313 0.179820
vt 0.584847 0.178489
vt 0.571503 0.185986
vt 0.570047 0.264002
vt 0.585315 0.176448
vt 0.572477 0.183603
vt 0.592021 0.174128
vt 0.623109 0.221059
vt 0.591547 0.176203
vt 0.591012 0.177546
vt 0.621026 0.220706
vt 0.619587 0.220683
vt 0.983101 0.796248
vt 0.983972 0.796590
vt 0.984217 0.791636
vt 0.983337 0.790832
vt 0.984217 0.784518
vt 0.983337 0.783714
vt 0.600593 0.118438
vt 0.601423 0.117966
vt 0.912009 0.568737
vt 0.911061 0.568490
vt 0.527821 0.216299
vt 0.515451 0.213971
vt 0.515486 0.214194
vt 0.527782 0.216517
vt 0.540403 0.201598
vt 0.578238 0.258715
vt 0.574030 0.259484
vt 0.575365 0.259404
vt 0.538084 0.205218
vt 0.538672 0.204011
vt 0.983546 0.731586
vt 0.982679 0.731622
vt 0.601428 0.060351
vt 0.600598 0.060460
vt 0.601453 0.054817
vt 0.600622 0.054924
vt 0.708675 0.106522
vt 0.709580 0.106654
vt 0.600660 0.240508
vt 0.565638 0.187638
vt 0.564193 0.191277
vt 0.564679 0.189982
vt 0.598145 0.240505
vt 0.596768 0.240455
vt 0.983025 0.760968
vt 0.983897 0.761322
vt 0.983140 0.768874
vt 0.984012 0.769229
vt 0.600602 0.089259
vt 0.601433 0.088771
vt 0.736564 0.096684
vt 0.736792 0.106654
vt 0.737042 0.106592
vt 0.736814 0.096684
vt 0.497804 0.225882
vt 0.495959 0.235838
vt 0.496118 0.235932
vt 0.497947 0.226032
vt 0.573847 0.118438
vt 0.572003 0.102648
vt 0.571807 0.102599
vt 0.573642 0.118302
vt 0.564376 0.283394
vt 0.558090 0.277642
vt 0.550784 0.286422
vt 0.556005 0.293713
vt 0.572003 0.071954
vt 0.573847 0.058525
vt 0.573642 0.058720
vt 0.571807 0.072077
vt 0.573805 0.259164
vt 0.557293 0.257082
vt 0.569829 0.263693
vt 0.563549 0.243681
vt 0.549137 0.252023
vt 0.571356 0.086887
vt 0.571163 0.086926
vt 0.541021 0.244458
vt 0.540852 0.244571
vt 0.548927 0.252100
vt 0.736792 0.085572
vt 0.737042 0.085640
vt 0.354402 0.079233
vt 0.354482 0.068148
vt 0.354253 0.068218
vt 0.354172 0.079236
vt 0.508063 0.067202
vt 0.508401 0.074962
vt 0.508698 0.075004
vt 0.508360 0.067287
vt 0.354482 0.087399
vt 0.354249 0.087353
vt 0.512669 0.111495
vt 0.513993 0.117965
vt 0.514257 0.117769
vt 0.512942 0.111333
vt 0.548427 0.220852
vt 0.555932 0.232181
vt 0.560288 0.229259
vt 0.553222 0.218592
vt 0.510633 0.080441
vt 0.510914 0.080454
vt 0.567458 0.240084
vt 0.573774 0.220212
vt 0.567155 0.210221
vt 0.580471 0.230323
vt 0.580080 0.215981
vt 0.573525 0.206086
vt 0.586632 0.211586
vt 0.580187 0.201857
vt 0.586702 0.225979
vt 0.593131 0.221398
vt 0.594734 0.206186
vt 0.588226 0.196361
vt 0.601266 0.216047
vt 0.611775 0.194736
vt 0.617726 0.206004
vt 0.603733 0.184879
vt 0.596859 0.179570
vt 0.590489 0.178296
vt 0.619960 0.214445
vt 0.619080 0.220613
vt 0.513207 0.102186
vt 0.513474 0.102079
vt 0.614051 0.226255
vt 0.602498 0.235538
vt 0.596243 0.240382
vt 0.590117 0.244885
vt 0.577781 0.255668
vt 0.570876 0.187800
vt 0.583789 0.180570
vt 0.564052 0.191785
vt 0.557588 0.195778
vt 0.543003 0.203166
vt 0.538284 0.205539
vt 0.512655 0.088587
vt 0.512921 0.088548
vt 0.541193 0.242120
vt 0.513035 0.091825
vt 0.513301 0.091786
vt 0.560765 0.264862
vt 0.567199 0.268193
vt 0.512498 0.205077
vt 0.515150 0.212823
vt 0.527871 0.215227
vt 0.527493 0.208252
vt 0.505414 0.266288
vt 0.516107 0.278478
vt 0.495061 0.235543
vt 0.497011 0.225051
vt 0.529606 0.287693
vt 0.504317 0.216272
vt 0.499853 0.208943
vt 0.512611 0.091910
vt 0.512785 0.102378
vt 0.539956 0.289882
vt 0.533651 0.221421
vt 0.535207 0.231140
vt 0.532618 0.207518
vt 0.498339 0.251654
vt 0.510446 0.055118
vt 0.510722 0.055271
vt 0.557580 0.277212
vt 0.550374 0.285872
vt 0.557122 0.276880
vt 0.550014 0.285426
vt 0.560214 0.264616
vt 0.509978 0.054722
vt 0.507565 0.066969
vt 0.539693 0.289285
vt 0.539475 0.288791
vt 0.529665 0.287162
vt 0.529655 0.286708
vt 0.556812 0.256993
vt 0.507909 0.074850
vt 0.516299 0.278035
vt 0.505771 0.266032
vt 0.516439 0.277678
vt 0.506052 0.265833
vt 0.512397 0.091996
vt 0.512571 0.102516
vt 0.512005 0.112303
vt 0.512236 0.111873
vt 0.498804 0.251624
vt 0.499176 0.251617
vt 0.527870 0.215794
vt 0.533544 0.221875
vt 0.513579 0.118438
vt 0.495556 0.235668
vt 0.515332 0.213434
vt 0.497444 0.225503
vt 0.504649 0.216843
vt 0.504912 0.217337
vt 0.538981 0.241387
vt 0.510188 0.080445
vt 0.512231 0.088672
vt 0.514005 0.047309
vt 0.514257 0.047507
vt 0.539851 0.243024
vt 0.512487 0.090204
vt 0.512273 0.090290
vt 0.539681 0.243138
vt 0.512912 0.090119
vt 0.513177 0.090080
vt 0.556929 0.276760
vt 0.539390 0.288598
vt 0.549867 0.285256
vt 0.559501 0.264402
vt 0.529628 0.286521
vt 0.516489 0.277538
vt 0.556168 0.256939
vt 0.548497 0.252172
vt 0.506161 0.265757
vt 0.540558 0.244764
vt 0.539388 0.243330
vt 0.499322 0.251622
vt 0.538518 0.241693
vt 0.534819 0.231667
vt 0.533341 0.222478
vt 0.505009 0.217536
vt 0.176317 0.058591
vt 0.177218 0.058611
vt 0.177166 0.054577
vt 0.176265 0.054557
vt 0.945651 0.101484
vt 0.944748 0.101481
vt 0.944695 0.107956
vt 0.945598 0.107960
vt 0.828123 0.086160
vt 0.823863 0.102736
vt 0.828123 0.103260
vt 0.821121 0.101280
vt 0.819133 0.098010
vt 0.818399 0.093746
vt 0.818399 0.093280
vt 0.819133 0.089197
vt 0.821121 0.086416
vt 0.823863 0.085635
vt 0.075409 0.063160
vt 0.074549 0.063217
vt 0.074901 0.067669
vt 0.075760 0.067612
vt 0.075409 0.062620
vt 0.074549 0.062677
vt 0.944691 0.112405
vt 0.945594 0.112408
vt 0.075861 0.071378
vt 0.076721 0.071321
vt 0.944749 0.116036
vt 0.945652 0.116039
vt 0.075760 0.058618
vt 0.074901 0.058675
vt 0.078732 0.099722
vt 0.089341 0.098600
vt 0.082887 0.098598
vt 0.089341 0.115798
vt 0.075721 0.102764
vt 0.074608 0.106961
vt 0.074608 0.107430
vt 0.075721 0.111627
vt 0.078732 0.114671
vt 0.082887 0.115797
vt 0.076115 0.067490
vt 0.075774 0.063162
vt 0.075627 0.063153
vt 0.075976 0.067569
vt 0.075522 0.102650
vt 0.074386 0.106932
vt 0.074386 0.063236
vt 0.074735 0.067651
vt 0.077040 0.071060
vt 0.076926 0.071237
vt 0.078616 0.099524
vt 0.075685 0.071319
vt 0.821109 0.101462
vt 0.823907 0.102947
vt 0.176072 0.054524
vt 0.176124 0.058525
vt 0.082855 0.098378
vt 0.177425 0.058554
vt 0.177373 0.054553
vt 0.074386 0.107459
vt 0.075522 0.111743
vt 0.074735 0.058750
vt 0.074386 0.062720
vt 0.075774 0.062703
vt 0.076115 0.058813
vt 0.075976 0.058667
vt 0.075627 0.062637
vt 0.078616 0.114870
vt 0.944493 0.112371
vt 0.944550 0.115961
vt 0.077040 0.056425
vt 0.076926 0.056214
vt 0.945854 0.115966
vt 0.945797 0.112376
vt 0.082855 0.116019
vt 0.944497 0.107958
vt 0.823907 0.085407
vt 0.821109 0.086204
vt 0.945801 0.107963
vt 0.176317 0.048107
vt 0.176124 0.048086
vt 0.828186 0.103474
vt 0.945854 0.101500
vt 0.828186 0.085934
vt 0.089338 0.098380
vt 0.177425 0.048115
vt 0.177218 0.048127
vt 0.944550 0.101495
vt 0.089338 0.116020
vt 0.736564 0.058572
vt 0.737569 0.058338
vt 0.737569 0.056175
vt 0.736564 0.056409
vt 0.865422 0.336965
vt 0.866690 0.337030
vt 0.867147 0.335040
vt 0.865879 0.334974
vt 0.820187 0.050522
vt 0.818822 0.050513
vt 0.818787 0.052605
vt 0.820153 0.052614
vt 0.818775 0.054838
vt 0.820140 0.054847
vt 0.818787 0.056873
vt 0.820153 0.056882
vt 0.818822 0.058398
vt 0.820187 0.058407
vt 0.433026 0.049970
vt 0.431724 0.049977
vt 0.431469 0.052027
vt 0.432772 0.052019
vt 0.431469 0.054261
vt 0.432772 0.054253
vt 0.431724 0.056340
vt 0.433026 0.056332
vt 0.836771 0.344499
vt 0.838134 0.344498
vt 0.838019 0.342900
vt 0.836657 0.342901
vt 0.837957 0.340826
vt 0.836595 0.340827
vt 0.837957 0.338592
vt 0.836595 0.338593
vt 0.838019 0.336537
vt 0.836657 0.336538
vt 0.838134 0.334974
vt 0.836771 0.334975
vt 0.865422 0.341312
vt 0.866690 0.341378
vt 0.866529 0.339256
vt 0.865261 0.339190
vt 0.867104 0.341309
vt 0.866949 0.339253
vt 0.288161 0.078874
vt 0.287341 0.080874
vt 0.287752 0.080958
vt 0.288509 0.079112
vt 0.867104 0.337097
vt 0.289677 0.077342
vt 0.289907 0.077699
vt 0.867547 0.335168
vt 0.291656 0.076514
vt 0.291734 0.076935
vt 0.818444 0.050604
vt 0.818410 0.052631
vt 0.293800 0.076514
vt 0.293711 0.076935
vt 0.818399 0.054795
vt 0.295779 0.077343
vt 0.295538 0.077699
vt 0.818410 0.056767
vt 0.297295 0.078874
vt 0.296936 0.079112
vt 0.818444 0.058245
vt 0.298115 0.080874
vt 0.297693 0.080958
vt 0.431404 0.050081
vt 0.431157 0.052066
vt 0.298115 0.083039
vt 0.297693 0.082956
vt 0.431157 0.054231
vt 0.297295 0.085040
vt 0.296936 0.084802
vt 0.431404 0.056246
vt 0.295779 0.086571
vt 0.295538 0.086214
vt 0.838521 0.344351
vt 0.838410 0.342803
vt 0.293800 0.087399
vt 0.293711 0.086979
vt 0.838350 0.340793
vt 0.291656 0.087399
vt 0.291734 0.086979
vt 0.838350 0.338628
vt 0.289677 0.086571
vt 0.289907 0.086214
vt 0.838410 0.336637
vt 0.288161 0.085040
vt 0.288509 0.084801
vt 0.838521 0.335123
vt 0.287341 0.083039
vt 0.287752 0.082956
vt 0.867147 0.343073
vt 0.867547 0.342951
vt 0.179206 0.115977
vt 0.180675 0.115933
vt 0.180372 0.114697
vt 0.178903 0.114741
vt 0.542740 0.059012
vt 0.541160 0.059013
vt 0.540997 0.092794
vt 0.542577 0.092793
vt 0.015400 0.087906
vt 0.013892 0.087934
vt 0.013370 0.099020
vt 0.014877 0.098992
vt 0.630999 0.113153
vt 0.629981 0.113197
vt 0.630704 0.117161
vt 0.631721 0.117118
vt 0.013552 0.107843
vt 0.015059 0.107815
vt 0.014867 0.116020
vt 0.016374 0.115993
vt 0.949383 0.634675
vt 0.950960 0.634680
vt 0.950541 0.627312
vt 0.948965 0.627307
vt 0.950340 0.617874
vt 0.948763 0.617868
vt 0.950068 0.583853
vt 0.948491 0.583848
vt 0.258723 0.073132
vt 0.259788 0.073140
vt 0.259888 0.069435
vt 0.258823 0.069427
vt 0.871787 0.279662
vt 0.865005 0.274628
vt 0.865733 0.287526
vt 0.869577 0.290463
vt 0.540997 0.102759
vt 0.542577 0.102758
vt 0.541090 0.111764
vt 0.542670 0.111763
vt 0.541263 0.118438
vt 0.542843 0.118437
vt 0.016374 0.079902
vt 0.014867 0.079930
vt 0.179009 0.105401
vt 0.177540 0.105444
vt 0.179115 0.095187
vt 0.177647 0.095231
vt 0.180675 0.085611
vt 0.179206 0.085655
vt 0.178576 0.089522
vt 0.180045 0.089478
vt 0.542843 0.048706
vt 0.541263 0.048706
vt 0.950118 0.572819
vt 0.948541 0.572814
vt 0.950431 0.562770
vt 0.948854 0.562765
vt 0.948668 0.568756
vt 0.950244 0.568761
vt 0.950960 0.555237
vt 0.949383 0.555232
vt 0.844081 0.130474
vt 0.844369 0.131643
vt 0.853719 0.131643
vt 0.853430 0.130474
vt 0.148181 0.093295
vt 0.148568 0.087727
vt 0.147550 0.087764
vt 0.147163 0.093331
vt 0.147958 0.100828
vt 0.146940 0.100865
vt 0.146990 0.106731
vt 0.148008 0.106694
vt 0.825552 0.157949
vt 0.824506 0.174810
vt 0.828419 0.162493
vt 0.818787 0.155626
vt 0.823192 0.177847
vt 0.818399 0.178643
vt 0.923284 0.360399
vt 0.923199 0.356802
vt 0.922131 0.356807
vt 0.922217 0.360403
vt 0.148490 0.111883
vt 0.147473 0.111920
vt 0.148314 0.115643
vt 0.149332 0.115606
vt 0.149332 0.083387
vt 0.148314 0.083424
vt 0.855784 0.082442
vt 0.856849 0.082451
vt 0.857110 0.078376
vt 0.856045 0.078367
vt 0.923174 0.353006
vt 0.922106 0.353010
vt 0.848721 0.256453
vt 0.846922 0.260884
vt 0.853246 0.261675
vt 0.855304 0.255810
vt 0.630733 0.092669
vt 0.629715 0.092713
vt 0.629524 0.101075
vt 0.630542 0.101031
vt 0.116997 0.097628
vt 0.117981 0.097759
vt 0.118279 0.091397
vt 0.117295 0.091265
vt 0.837614 0.186894
vt 0.831529 0.186521
vt 0.831724 0.187311
vt 0.837809 0.187684
vt 0.629567 0.107548
vt 0.630585 0.107504
vt 0.258731 0.084096
vt 0.259796 0.084104
vt 0.326756 0.067042
vt 0.325689 0.067046
vt 0.325640 0.070185
vt 0.326707 0.070181
vt 0.325610 0.080910
vt 0.326677 0.080906
vt 0.923199 0.340425
vt 0.922132 0.340429
vt 0.326704 0.084191
vt 0.325637 0.084195
vt 0.851255 0.219508
vt 0.852608 0.223820
vt 0.859559 0.226030
vt 0.859775 0.221469
vt 0.118098 0.086162
vt 0.119082 0.086293
vt 0.117328 0.105237
vt 0.118313 0.105368
vt 0.118235 0.104412
vt 0.117251 0.104281
vt 0.631065 0.086449
vt 0.630048 0.086492
vt 0.118102 0.111257
vt 0.119086 0.111389
vt 0.818399 0.245275
vt 0.823277 0.245366
vt 0.824064 0.234712
vt 0.819800 0.235414
vt 0.177435 0.114785
vt 0.177738 0.116020
vt 0.544158 0.092792
vt 0.544320 0.059011
vt 0.016385 0.098965
vt 0.016907 0.087879
vt 0.829906 0.171111
vt 0.832072 0.164123
vt 0.016566 0.107787
vt 0.017881 0.115965
vt 0.947389 0.627302
vt 0.947807 0.634670
vt 0.947187 0.617863
vt 0.946915 0.583842
vt 0.819965 0.184986
vt 0.824650 0.189848
vt 0.826671 0.187814
vt 0.824170 0.184810
vt 0.824583 0.149486
vt 0.820747 0.148114
vt 0.544157 0.102757
vt 0.544251 0.111763
vt 0.544423 0.118437
vt 0.017881 0.079875
vt 0.176072 0.105488
vt 0.176178 0.095274
vt 0.177738 0.085699
vt 0.177108 0.089566
vt 0.544423 0.048705
vt 0.946965 0.572808
vt 0.947278 0.562760
vt 0.947091 0.568750
vt 0.947807 0.555227
vt 0.844658 0.132812
vt 0.854007 0.132812
vt 0.847259 0.138750
vt 0.853721 0.138313
vt 0.843254 0.133027
vt 0.833988 0.135884
vt 0.834592 0.141248
vt 0.841021 0.139707
vt 0.865542 0.138772
vt 0.862148 0.135648
vt 0.859520 0.139116
vt 0.863028 0.140916
vt 0.826085 0.141181
vt 0.822902 0.145314
vt 0.825519 0.146671
vt 0.828891 0.143815
vt 0.867842 0.140888
vt 0.864120 0.143420
vt 0.854474 0.166074
vt 0.860101 0.166478
vt 0.857548 0.160214
vt 0.852340 0.162486
vt 0.841917 0.167572
vt 0.847991 0.166640
vt 0.846138 0.163966
vt 0.843598 0.164355
vt 0.851190 0.190814
vt 0.859528 0.188226
vt 0.859227 0.185226
vt 0.852437 0.187744
vt 0.831739 0.192489
vt 0.840153 0.192508
vt 0.838738 0.189846
vt 0.831862 0.189425
vt 0.835459 0.168992
vt 0.837366 0.164784
vt 0.866400 0.183442
vt 0.870760 0.177192
vt 0.866583 0.178302
vt 0.864278 0.182044
vt 0.871944 0.170427
vt 0.867147 0.171102
vt 0.870221 0.147734
vt 0.863651 0.152103
vt 0.865668 0.168494
vt 0.861073 0.157483
vt 0.843357 0.189439
vt 0.847836 0.188752
vt 0.826247 0.274628
vt 0.819463 0.279661
vt 0.821667 0.290463
vt 0.825513 0.287526
vt 0.855714 0.099478
vt 0.856779 0.099487
vt 0.856762 0.086702
vt 0.855696 0.086693
vt 0.837631 0.161783
vt 0.832139 0.161098
vt 0.832334 0.161888
vt 0.837826 0.162573
vt 0.432414 0.092203
vt 0.433401 0.092313
vt 0.434316 0.087331
vt 0.433329 0.087221
vt 0.432453 0.105120
vt 0.433439 0.105230
vt 0.433351 0.104371
vt 0.432365 0.104261
vt 0.432076 0.098186
vt 0.433062 0.098296
vt 0.855804 0.102930
vt 0.856869 0.102938
vt 0.433334 0.110441
vt 0.434320 0.110551
vt 0.864701 0.291528
vt 0.867310 0.294162
vt 0.923243 0.336680
vt 0.922175 0.336684
vt 0.861200 0.295031
vt 0.863963 0.299621
vt 0.855350 0.297565
vt 0.855801 0.305739
vt 0.848793 0.298396
vt 0.846332 0.307888
vt 0.842447 0.298396
vt 0.844903 0.307888
vt 0.835891 0.297565
vt 0.835436 0.305739
vt 0.830041 0.295031
vt 0.827276 0.299621
vt 0.826543 0.291528
vt 0.823933 0.294162
vt 0.826510 0.229637
vt 0.824403 0.227055
vt 0.824696 0.249613
vt 0.829019 0.267162
vt 0.832671 0.263881
vt 0.830274 0.253913
vt 0.838013 0.261675
vt 0.835959 0.255810
vt 0.844338 0.260884
vt 0.842542 0.256453
vt 0.631721 0.081519
vt 0.630704 0.081563
vt 0.858587 0.263881
vt 0.860990 0.253913
vt 0.862238 0.267162
vt 0.866570 0.249613
vt 0.867991 0.245366
vt 0.872870 0.245275
vt 0.871473 0.235414
vt 0.867210 0.234712
vt 0.866875 0.227055
vt 0.864767 0.229637
vt 0.326799 0.087395
vt 0.325732 0.087399
vt 0.847918 0.223368
vt 0.843362 0.223368
vt 0.840027 0.219508
vt 0.838672 0.223820
vt 0.831506 0.221469
vt 0.831720 0.226030
vt 0.260180 0.065771
vt 0.259115 0.065764
vt 0.824569 0.245379
vt 0.825373 0.234485
vt 0.257945 0.073315
vt 0.257953 0.084180
vt 0.825729 0.248852
vt 0.258060 0.087380
vt 0.258827 0.087001
vt 0.827267 0.230556
vt 0.258060 0.069101
vt 0.835264 0.253820
vt 0.829814 0.252002
vt 0.834971 0.252974
vt 0.829619 0.251188
vt 0.826153 0.248516
vt 0.831784 0.227430
vt 0.258371 0.065189
vt 0.119284 0.115818
vt 0.117156 0.111286
vt 0.118383 0.116020
vt 0.838169 0.225399
vt 0.844589 0.224781
vt 0.116460 0.105870
vt 0.846685 0.224781
vt 0.116309 0.104009
vt 0.856277 0.252974
vt 0.849855 0.253601
vt 0.849526 0.254452
vt 0.855995 0.253820
vt 0.853105 0.225399
vt 0.859489 0.227430
vt 0.116390 0.091418
vt 0.116081 0.098024
vt 0.861446 0.252002
vt 0.861630 0.251188
vt 0.117247 0.085969
vt 0.864005 0.230556
vt 0.865098 0.248516
vt 0.865532 0.248852
vt 0.327432 0.084424
vt 0.327402 0.080806
vt 0.866695 0.245379
vt 0.865896 0.234485
vt 0.327432 0.070178
vt 0.118597 0.082479
vt 0.119284 0.083094
vt 0.863862 0.273770
vt 0.864588 0.286642
vt 0.923900 0.353282
vt 0.923926 0.340691
vt 0.855035 0.081813
vt 0.854926 0.087120
vt 0.827386 0.273770
vt 0.829259 0.268727
vt 0.833023 0.265344
vt 0.855292 0.077788
vt 0.434681 0.084000
vt 0.434083 0.083340
vt 0.432396 0.087362
vt 0.861992 0.268727
vt 0.434681 0.114280
vt 0.432453 0.110822
vt 0.433785 0.114620
vt 0.838507 0.263080
vt 0.844906 0.262280
vt 0.431576 0.105527
vt 0.852747 0.263080
vt 0.858230 0.265344
vt 0.431492 0.092283
vt 0.431157 0.098203
vt 0.846349 0.262280
vt 0.431445 0.104248
vt 0.841733 0.254452
vt 0.841393 0.253601
vt 0.826653 0.286642
vt 0.854943 0.099916
vt 0.827626 0.290422
vt 0.855035 0.103453
vt 0.863158 0.289942
vt 0.860034 0.293068
vt 0.860379 0.293658
vt 0.863613 0.290422
vt 0.923926 0.357174
vt 0.830859 0.293659
vt 0.831193 0.293068
vt 0.828070 0.289942
vt 0.855211 0.295157
vt 0.855255 0.295878
vt 0.835982 0.295878
vt 0.836015 0.295157
vt 0.849425 0.295891
vt 0.849243 0.296640
vt 0.841993 0.296640
vt 0.841801 0.295891
vt 0.260495 0.084199
vt 0.260487 0.073334
vt 0.825407 0.184529
vt 0.824408 0.177409
vt 0.259892 0.087009
vt 0.260601 0.087399
vt 0.825482 0.174925
vt 0.260601 0.069120
vt 0.827344 0.186854
vt 0.628623 0.107129
vt 0.629044 0.112881
vt 0.829437 0.172216
vt 0.834759 0.170185
vt 0.629896 0.117553
vt 0.628193 0.112059
vt 0.629356 0.118438
vt 0.827510 0.186003
vt 0.831844 0.188251
vt 0.838160 0.188638
vt 0.844837 0.187064
vt 0.844482 0.188080
vt 0.845895 0.186902
vt 0.846543 0.187764
vt 0.848767 0.167614
vt 0.855139 0.167058
vt 0.629090 0.086642
vt 0.628755 0.092907
vt 0.858905 0.183141
vt 0.852897 0.185369
vt 0.852841 0.186385
vt 0.859079 0.184072
vt 0.629758 0.081622
vt 0.860531 0.167445
vt 0.863457 0.181313
vt 0.863005 0.180557
vt 0.864609 0.168922
vt 0.630794 0.078219
vt 0.631583 0.078675
vt 0.865818 0.171055
vt 0.324855 0.080815
vt 0.324885 0.084434
vt 0.324885 0.070188
vt 0.865241 0.178417
vt 0.324940 0.066617
vt 0.921379 0.340701
vt 0.921353 0.353293
vt 0.862957 0.143946
vt 0.862490 0.152611
vt 0.828571 0.161182
vt 0.826634 0.158113
vt 0.857467 0.087141
vt 0.857576 0.081833
vt 0.828522 0.160186
vt 0.832336 0.162863
vt 0.860749 0.156245
vt 0.921433 0.336026
vt 0.837770 0.163541
vt 0.844162 0.162137
vt 0.844076 0.163108
vt 0.856823 0.158130
vt 0.851420 0.160487
vt 0.851768 0.161393
vt 0.857114 0.159061
vt 0.860502 0.155279
vt 0.845115 0.161991
vt 0.845494 0.162890
vt 0.628579 0.100609
vt 0.841106 0.168789
vt 0.857484 0.099936
vt 0.825667 0.149668
vt 0.857576 0.103474
vt 0.826551 0.147008
vt 0.858685 0.139917
vt 0.861927 0.141580
vt 0.921379 0.357184
vt 0.921467 0.360908
vt 0.146589 0.112167
vt 0.147460 0.116020
vt 0.829667 0.144369
vt 0.853606 0.139215
vt 0.147450 0.083000
vt 0.146639 0.087610
vt 0.146076 0.106653
vt 0.834660 0.142121
vt 0.847681 0.139615
vt 0.146236 0.093395
vt 0.146025 0.100558
vt 0.840555 0.140708
s 1
usemtl None.011
f 1/1/1 2/2/2 3/3/3
f 1/1/1 3/3/3 4/4/4
f 5/5/5 6/6/6 7/7/7
f 5/5/5 7/7/7 8/8/8
f 9/9/9 5/5/5 8/8/8
f 9/9/9 8/8/8 10/10/10
f 11/11/11 9/9/9 10/10/10
f 11/11/11 10/10/10 12/12/12
f 13/13/13 14/14/14 15/15/15
f 13/13/13 15/15/15 16/16/16
f 17/17/17 18/18/18 19/19/19
f 17/17/17 19/19/19 20/20/20
f 21/21/21 22/22/22 23/23/23
f 21/21/21 23/23/23 24/24/24
f 25/25/25 26/26/26 27/27/27
f 25/25/25 27/27/27 28/28/28
f 29/29/29 25/25/25 28/28/28
f 29/29/29 28/28/28 30/30/30
f 31/31/31 29/29/29 30/30/30
f 31/31/31 30/30/30 32/32/32
f 33/33/33 31/31/31 32/32/32
f 33/33/33 32/32/32 34/34/34
f 35/35/35 33/33/33 34/34/34
f 35/35/35 34/34/34 36/36/36
f 37/37/37 38/38/38 39/39/39
f 37/37/37 39/39/39 40/40/40
f 41/41/41 42/42/42 43/43/43
f 41/41/41 43/43/43 44/44/44
f 6/6/6 45/45/45 46/46/46
f 6/6/6 46/46/46 7/7/7
f 47/47/47 48/48/48 49/49/49
f 47/47/47 49/49/49 50/50/46
f 51/51/50 52/52/51 53/53/52
f 51/51/50 53/53/52 54/54/53
f 55/55/54 56/56/55 57/57/56
f 55/55/54 57/57/56 58/58/57
f 59/59/58 60/60/59 61/61/60
f 59/59/58 61/61/60 62/62/61
f 4/4/4 3/3/3 63/63/62
f 4/4/4 63/63/62 64/64/63
f 65/65/64 66/66/65 67/67/66
f 65/65/64 67/67/66 68/68/67
f 69/69/68 70/70/69 71/71/70
f 69/69/68 71/71/70 72/72/71
f 40/40/40 39/39/39 73/73/72
f 40/40/40 73/73/72 74/74/73
f 75/75/74 76/76/75 77/77/76
f 75/75/74 77/77/76 78/78/77
f 62/62/61 61/61/60 79/79/78
f 62/62/61 79/79/78 80/80/79
f 64/64/63 63/63/62 81/81/38
f 64/64/63 81/81/38 82/82/37
f 83/83/80 84/84/81 85/85/82
f 83/83/80 85/85/82 86/86/83
f 72/72/71 71/71/70 60/60/59
f 72/72/71 60/60/59 59/59/58
f 87/87/79 88/88/78 89/89/2
f 87/87/79 89/89/2 90/90/1
f 74/74/73 73/73/72 91/91/84
f 74/74/73 91/91/84 92/92/85
f 93/93/77 94/94/86 70/70/69
f 93/93/77 70/70/69 69/69/68
f 48/48/48 95/95/87 96/96/88
f 48/48/48 96/96/88 49/49/49
f 97/97/89 98/98/90 99/99/91
f 97/97/89 99/99/91 100/100/92
f 101/101/93 102/102/94 103/103/95
f 101/101/93 103/103/95 104/104/96
f 105/105/97 106/106/98 107/107/99
f 105/105/97 107/107/99 108/108/100
f 109/109/101 110/110/102 111/111/53
f 109/109/101 111/111/53 112/112/103
f 113/113/104 114/114/105 115/115/106
f 113/113/104 115/115/106 116/116/107
f 117/117/108 118/118/109 119/119/110
f 117/117/108 119/119/110 120/120/111
f 121/121/112 122/122/113 123/123/114
f 121/121/112 123/123/114 124/124/115
f 125/125/116 105/105/97 108/108/100
f 125/125/116 108/108/100 126/126/117
f 127/127/118 128/128/119 129/129/120
f 127/127/118 129/129/120 130/130/121
f 131/131/122 132/132/116 133/133/123
f 131/131/122 133/133/123 134/134/124
f 135/135/125 127/127/118 130/130/121
f 135/135/125 130/130/121 136/136/126
f 137/137/127 131/131/122 134/134/124
f 137/137/127 134/134/124 138/138/128
f 139/139/129 135/135/125 136/136/126
f 139/139/129 136/136/126 140/140/130
f 141/141/131 137/137/127 138/138/128
f 141/141/131 138/138/128 142/142/132
f 52/52/51 139/139/129 140/140/130
f 52/52/51 140/140/130 53/53/52
f 143/143/133 141/141/131 142/142/132
f 143/143/133 142/142/132 144/144/134
f 90/90/1 145/145/4 146/146/135
f 90/90/1 146/146/135 147/147/136
f 148/148/137 149/149/138 150/150/139
f 148/148/137 150/150/139 151/151/140
f 145/145/4 152/152/63 153/153/141
f 145/145/4 153/153/141 146/146/135
f 149/149/138 154/154/142 155/155/143
f 149/149/138 155/155/143 150/150/139
f 152/152/63 156/156/37 157/157/144
f 152/152/63 157/157/144 153/153/141
f 154/154/142 158/158/145 159/159/146
f 154/154/142 159/159/146 155/155/143
f 37/37/37 40/40/40 160/160/147
f 37/37/37 160/160/147 161/161/148
f 162/162/149 163/163/150 164/164/151
f 162/162/149 164/164/151 165/165/146
f 40/40/40 74/74/73 166/166/152
f 40/40/40 166/166/152 160/160/147
f 163/163/150 167/167/153 168/168/154
f 163/163/150 168/168/154 164/164/151
f 74/74/73 92/92/85 169/169/155
f 74/74/73 169/169/155 166/166/152
f 167/167/153 170/170/156 171/171/157
f 167/167/153 171/171/157 168/168/154
f 172/172/158 173/173/159 174/174/160
f 172/172/158 174/174/160 175/175/161
f 176/176/162 177/177/163 178/178/164
f 176/176/162 178/178/164 179/179/165
f 83/83/80 86/86/83 180/180/166
f 83/83/80 180/180/166 181/181/167
f 182/182/168 183/183/169 184/184/170
f 182/182/168 184/184/170 185/185/171
f 55/55/54 58/58/57 186/186/172
f 55/55/54 186/186/172 187/187/173
f 188/188/174 189/189/175 190/190/176
f 188/188/174 190/190/176 191/191/177
f 75/75/74 78/78/77 192/192/178
f 75/75/74 192/192/178 193/193/179
f 194/194/180 195/195/181 196/196/182
f 194/194/180 196/196/182 197/197/183
f 78/78/77 198/198/68 199/199/184
f 78/78/77 199/199/184 192/192/178
f 200/200/185 201/201/186 202/202/187
f 200/200/185 202/202/187 203/203/182
f 69/69/68 72/72/71 204/204/188
f 69/69/68 204/204/188 205/205/184
f 201/201/186 206/206/189 207/207/190
f 201/201/186 207/207/190 202/202/187
f 72/72/71 59/59/58 208/208/191
f 72/72/71 208/208/191 204/204/188
f 206/206/189 209/209/192 210/210/193
f 206/206/189 210/210/193 207/207/190
f 59/59/58 62/62/61 211/211/194
f 59/59/58 211/211/194 208/208/191
f 209/209/192 212/212/195 213/213/196
f 209/209/192 213/213/196 210/210/193
f 214/214/61 87/87/79 215/215/197
f 214/214/61 215/215/197 216/216/194
f 212/212/195 217/217/198 218/218/199
f 212/212/195 218/218/199 213/213/196
f 87/87/79 90/90/1 147/147/136
f 87/87/79 147/147/136 215/215/197
f 219/219/200 220/220/201 221/221/140
f 219/219/200 221/221/140 222/222/199
f 223/223/202 224/224/203 225/225/204
f 223/223/202 225/225/204 226/226/205
f 227/227/206 228/228/207 229/229/208
f 227/227/206 229/229/208 230/230/209
f 205/205/184 204/204/188 231/231/210
f 205/205/184 231/231/210 232/232/211
f 153/153/141 157/157/144 233/233/212
f 153/153/141 233/233/212 234/234/213
f 42/42/42 235/235/214 236/236/215
f 42/42/42 236/236/215 43/43/43
f 237/237/216 238/238/217 239/239/218
f 237/237/216 239/239/218 240/240/219
f 241/241/220 242/242/221 243/243/222
f 241/241/220 243/243/222 244/244/223
f 245/245/224 246/246/225 247/247/226
f 245/245/224 247/247/226 248/248/227
f 147/147/136 146/146/135 249/249/228
f 147/147/136 249/249/228 250/250/229
f 251/251/230 241/241/220 244/244/223
f 251/251/230 244/244/223 252/252/231
f 253/253/232 237/237/216 240/240/219
f 253/253/232 240/240/219 254/254/233
f 255/255/234 256/256/235 257/257/236
f 255/255/234 257/257/236 258/258/237
f 259/259/238 216/216/194 260/260/239
f 259/259/238 260/260/239 261/261/240
f 238/238/217 262/262/241 263/263/242
f 238/238/217 263/263/242 239/239/218
f 242/242/221 255/255/234 258/258/237
f 242/242/221 258/258/237 243/243/222
f 264/264/243 265/265/244 266/266/245
f 264/264/243 266/266/245 267/267/246
f 166/166/152 169/169/155 268/268/247
f 166/166/152 268/268/247 269/269/248
f 270/270/249 271/271/250 272/272/251
f 270/270/249 272/272/251 273/273/252
f 274/274/253 275/275/254 276/276/255
f 274/274/253 276/276/255 277/277/256
f 216/216/194 215/215/197 278/278/257
f 216/216/194 278/278/257 260/260/239
f 279/279/258 280/280/259 281/281/260
f 279/279/258 281/281/260 282/282/261
f 146/146/135 153/153/141 234/234/213
f 146/146/135 234/234/213 249/249/228
f 161/161/148 160/160/147 283/283/262
f 161/161/148 283/283/262 284/284/212
f 285/285/263 286/286/264 287/287/265
f 285/285/263 287/287/265 288/288/266
f 289/289/267 290/290/268 291/291/269
f 289/289/267 291/291/269 292/292/270
f 204/204/188 208/208/191 293/293/240
f 204/204/188 293/293/240 231/231/210
f 265/265/244 294/294/41 295/295/44
f 265/265/244 295/295/44 266/266/245
f 175/175/161 174/174/160 296/296/271
f 175/175/161 296/296/271 297/297/272
f 298/298/273 299/299/274 300/300/275
f 298/298/273 300/300/275 301/301/276
f 275/275/254 302/302/277 303/303/278
f 275/275/254 303/303/278 276/276/255
f 304/304/279 305/305/280 306/306/281
f 304/304/279 306/306/281 307/307/282
f 262/262/241 308/308/283 309/309/284
f 262/262/241 309/309/284 263/263/242
f 193/193/179 192/192/178 310/310/285
f 193/193/179 310/310/285 311/311/286
f 312/312/287 313/313/288 314/314/289
f 312/312/287 314/314/289 315/315/290
f 181/181/167 180/180/166 316/316/291
f 181/181/167 316/316/291 317/317/292
f 318/318/293 319/319/294 320/320/295
f 318/318/293 320/320/295 321/321/296
f 322/322/297 323/323/298 324/324/299
f 322/322/297 324/324/299 325/325/300
f 187/187/173 186/186/172 326/326/301
f 187/187/173 326/326/301 327/327/302
f 160/160/147 166/166/152 269/269/248
f 160/160/147 269/269/248 283/283/262
f 319/319/294 251/251/230 252/252/231
f 319/319/294 252/252/231 320/320/295
f 235/235/214 285/285/263 288/288/266
f 235/235/214 288/288/266 236/236/215
f 328/328/303 329/329/304 330/330/305
f 328/328/303 330/330/305 331/331/306
f 228/228/207 253/253/232 254/254/233
f 228/228/207 254/254/233 229/229/208
f 192/192/178 199/199/184 332/332/211
f 192/192/178 332/332/211 310/310/285
f 256/256/235 227/227/206 230/230/209
f 256/256/235 230/230/209 257/257/236
f 333/307/307 334/306/308 335/333/308
f 333/307/307 335/333/308 336/334/307
f 337/334/309 338/333/310 339/335/311
f 337/334/309 339/335/311 340/336/209
f 334/306/308 341/337/312 342/338/312
f 334/306/308 342/338/312 335/333/308
f 338/333/310 343/338/313 344/339/314
f 338/333/310 344/339/314 339/335/311
f 345/340/315 346/341/316 347/342/316
f 345/340/315 347/342/316 348/343/315
f 349/344/313 350/345/317 243/243/222
f 349/344/313 243/243/222 258/258/237
f 346/341/316 351/346/318 352/347/318
f 346/341/316 352/347/318 347/342/316
f 350/345/317 353/348/319 244/244/223
f 350/345/317 244/244/223 243/243/222
f 351/346/318 354/349/320 355/350/320
f 351/346/318 355/350/320 352/347/318
f 353/348/319 356/351/321 252/252/231
f 353/348/319 252/252/231 244/244/223
f 357/352/322 358/353/323 359/354/323
f 357/352/322 359/354/323 360/351/322
f 356/351/321 361/354/324 320/320/295
f 356/351/321 320/320/295 252/252/231
f 362/355/325 363/356/326 364/357/326
f 362/355/325 364/357/326 365/358/325
f 366/358/327 367/357/328 225/225/204
f 366/358/327 225/225/204 368/359/296
f 369/360/329 370/361/330 371/362/330
f 369/360/329 371/362/330 372/363/329
f 373/363/331 374/362/332 330/330/305
f 373/363/331 330/330/305 226/226/205
f 375/364/333 376/365/334 377/366/335
f 375/364/333 377/366/335 378/367/336
f 378/367/336 377/366/335 324/324/299
f 378/367/336 324/324/299 331/331/306
f 379/368/337 380/369/338 381/370/339
f 379/368/337 381/370/339 382/371/337
f 383/371/340 381/370/339 309/309/284
f 383/371/340 309/309/284 384/372/300
f 385/373/341 386/374/342 387/375/343
f 385/373/341 387/375/343 388/376/339
f 381/370/339 389/377/344 263/263/242
f 381/370/339 263/263/242 309/309/284
f 386/374/342 390/248/345 391/378/345
f 386/374/342 391/378/345 387/375/343
f 389/377/344 392/379/346 239/239/218
f 389/377/344 239/239/218 263/263/242
f 390/248/345 393/247/347 394/380/347
f 390/248/345 394/380/347 391/378/345
f 392/379/346 395/381/348 240/240/219
f 392/379/346 240/240/219 239/239/218
f 396/382/349 397/383/350 398/384/350
f 396/382/349 398/384/350 399/385/349
f 400/385/348 401/384/351 402/386/352
f 400/385/348 402/386/352 403/387/353
f 397/383/350 404/388/354 405/389/354
f 397/383/350 405/389/354 398/384/350
f 401/384/351 406/389/355 407/390/356
f 401/384/351 407/390/356 402/386/352
f 404/388/354 333/307/307 336/334/307
f 404/388/354 336/334/307 405/389/354
f 406/389/355 337/334/309 340/336/209
f 406/389/355 340/336/209 407/390/356
f 228/228/207 227/227/206 408/391/332
f 228/228/207 408/391/332 409/392/328
f 410/392/357 411/391/330 221/221/140
f 410/392/357 221/221/140 412/393/139
f 253/253/232 228/228/207 409/392/328
f 253/253/232 409/392/328 413/394/324
f 414/394/358 410/392/357 412/393/139
f 414/394/358 412/393/139 415/395/359
f 237/237/216 253/253/232 413/394/324
f 237/237/216 413/394/324 416/396/321
f 417/396/360 414/394/358 415/395/359
f 417/396/360 415/395/359 418/397/146
f 238/238/217 237/237/216 416/396/321
f 238/238/217 416/396/321 419/398/319
f 420/399/318 421/400/361 165/165/146
f 420/399/318 165/165/146 164/164/151
f 262/262/241 238/238/217 419/398/319
f 262/262/241 419/398/319 422/401/317
f 423/402/362 420/399/318 164/164/151
f 423/402/362 164/164/151 168/168/154
f 308/308/283 262/262/241 422/401/317
f 308/308/283 422/401/317 424/403/313
f 425/404/363 423/402/362 168/168/154
f 425/404/363 168/168/154 171/171/157
f 426/405/297 427/406/283 428/407/313
f 426/405/297 428/407/313 429/408/364
f 430/408/365 431/407/363 432/409/157
f 430/408/365 432/409/157 433/410/366
f 434/411/367 435/412/298 436/413/310
f 434/411/367 436/413/310 437/414/368
f 438/414/369 439/413/308 440/415/370
f 438/414/369 440/415/370 185/185/171
f 441/416/371 442/417/304 443/418/309
f 441/416/371 443/418/309 444/419/372
f 445/419/373 446/418/307 184/184/170
f 445/419/373 184/184/170 191/191/177
f 447/420/293 448/421/374 449/422/375
f 447/420/293 449/422/375 450/423/376
f 451/423/377 452/422/378 190/190/176
f 451/423/377 190/190/176 453/424/183
f 454/425/230 455/426/294 456/427/351
f 454/425/230 456/427/351 457/428/348
f 458/428/379 459/427/350 196/196/182
f 458/428/379 196/196/182 460/429/380
f 241/241/220 251/251/230 461/430/348
f 241/241/220 461/430/348 462/431/346
f 463/432/345 464/433/381 202/202/187
f 463/432/345 202/202/187 207/207/190
f 242/242/221 241/241/220 462/431/346
f 242/242/221 462/431/346 465/434/382
f 466/435/383 463/432/345 207/207/190
f 466/435/383 207/207/190 210/210/193
f 255/255/234 242/242/221 465/434/382
f 255/255/234 465/434/382 467/436/384
f 468/437/385 466/435/383 210/210/193
f 468/437/385 210/210/193 213/213/196
f 256/256/235 255/255/234 467/436/384
f 256/256/235 467/436/384 469/438/386
f 470/438/334 471/436/385 472/439/196
f 470/438/334 472/439/196 222/222/199
f 227/227/206 256/256/235 469/438/386
f 227/227/206 469/438/386 408/391/332
f 411/391/330 470/438/334 222/222/199
f 411/391/330 222/222/199 221/221/140
f 302/302/277 312/312/287 315/315/290
f 302/302/277 315/315/290 303/303/278
f 303/303/278 315/315/290 473/440/387
f 303/303/278 473/440/387 474/441/388
f 475/442/389 476/443/390 477/444/391
f 475/442/389 477/444/391 478/445/392
f 479/446/393 480/447/394 481/448/395
f 479/446/393 481/448/395 482/449/396
f 483/450/397 484/451/398 485/346/399
f 483/450/397 485/346/399 486/341/400
f 246/246/225 487/452/401 488/453/402
f 246/246/225 488/453/402 247/247/226
f 484/451/398 489/454/403 490/349/404
f 484/451/398 490/349/404 485/346/399
f 491/455/405 492/456/406 493/388/407
f 491/455/405 493/388/407 494/383/408
f 495/457/409 496/458/410 497/373/411
f 495/457/409 497/373/411 498/459/412
f 499/460/413 500/461/414 501/340/415
f 499/460/413 501/340/415 502/462/281
f 496/458/410 503/463/416 504/374/417
f 496/458/410 504/374/417 497/373/411
f 505/464/418 506/465/419 507/466/420
f 505/464/418 507/466/420 508/467/404
f 492/456/406 304/304/279 307/307/282
f 492/456/406 307/307/282 493/388/407
f 509/468/421 510/469/422 511/470/423
f 509/468/421 511/470/423 512/471/424
f 313/313/288 279/279/258 282/282/261
f 313/313/288 282/282/261 314/314/289
f 503/463/416 245/245/224 248/248/227
f 503/463/416 248/248/227 504/374/417
f 500/461/414 483/450/397 486/341/400
f 500/461/414 486/341/400 501/340/415
f 530/472/425 474/441/388 473/440/387
f 474/441/388 530/472/425 531/473/426
f 474/441/388 531/473/426 529/474/427
f 529/474/427 531/473/426 532/475/428
f 529/474/427 532/475/428 528/476/429
f 528/476/429 532/475/428 527/477/429
f 527/477/429 532/475/428 526/478/430
f 526/478/430 532/475/428 513/479/431
f 526/478/430 513/479/431 525/480/432
f 525/480/432 513/479/431 524/481/433
f 524/481/433 513/479/431 514/482/434
f 524/481/433 514/482/434 523/483/435
f 523/483/435 514/482/434 522/484/436
f 522/484/436 514/482/434 515/485/437
f 522/484/436 515/485/437 521/486/438
f 521/486/438 515/485/437 520/487/438
f 520/487/438 515/485/437 519/488/439
f 519/488/439 515/485/437 516/489/440
f 519/488/439 516/489/440 518/490/441
f 518/490/441 516/489/440 517/491/442
f 43/43/43 236/236/215 517/491/442
f 43/43/43 517/491/442 516/489/440
f 276/276/255 303/303/278 474/441/388
f 276/276/255 474/441/388 529/474/427
f 44/44/44 43/43/43 516/489/440
f 44/44/44 516/489/440 515/485/437
f 277/277/256 276/276/255 529/474/427
f 277/277/256 529/474/427 528/476/429
f 533/492/245 44/44/44 515/485/437
f 533/492/245 515/485/437 514/482/434
f 292/292/270 291/291/269 526/478/430
f 292/292/270 526/478/430 525/480/432
f 281/281/260 534/493/443 513/479/431
f 281/281/260 513/479/431 532/475/428
f 534/493/443 533/492/245 514/482/434
f 534/493/443 514/482/434 513/479/431
f 301/301/276 300/300/275 524/481/433
f 301/301/276 524/481/433 523/483/435
f 282/282/261 281/281/260 532/475/428
f 282/282/261 532/475/428 531/473/426
f 273/273/252 272/272/251 522/484/436
f 273/273/252 522/484/436 521/486/438
f 314/314/289 282/282/261 531/473/426
f 314/314/289 531/473/426 530/472/425
f 288/288/266 287/287/265 519/488/439
f 288/288/266 519/488/439 518/490/441
f 315/315/290 314/314/289 530/472/425
f 315/315/290 530/472/425 473/440/387
f 236/236/215 288/288/266 518/490/441
f 236/236/215 518/490/441 517/491/442
f 535/494/444 536/495/445 537/496/446
f 535/494/444 537/496/446 538/497/447
f 539/498/448 540/499/448 541/500/449
f 539/498/448 541/500/449 542/501/450
f 543/502/451 544/503/452 545/504/453
f 543/502/451 545/504/453 546/505/454
f 547/506/455 548/507/456 549/508/457
f 547/506/455 549/508/457 550/509/458
f 551/510/459 543/502/451 546/505/454
f 551/510/459 546/505/454 552/511/460
f 553/512/461 547/506/455 550/509/458
f 553/512/461 550/509/458 554/513/462
f 555/514/463 551/510/459 552/511/460
f 555/514/463 552/511/460 556/515/464
f 557/516/465 553/512/461 554/513/462
f 557/516/465 554/513/462 558/517/466
f 559/518/467 555/514/463 556/515/464
f 559/518/467 556/515/464 560/519/468
f 561/520/469 557/516/465 558/517/466
f 561/520/469 558/517/466 562/521/470
f 563/522/471 559/518/467 560/519/468
f 563/522/471 560/519/468 564/523/472
f 565/524/473 566/525/474 567/526/475
f 565/524/473 567/526/475 568/527/476
f 569/528/477 570/529/478 571/530/479
f 569/528/477 571/530/479 572/531/480
f 573/532/481 574/533/482 575/534/483
f 573/532/481 575/534/483 576/535/484
f 577/536/456 573/532/481 576/535/484
f 577/536/456 576/535/484 578/537/485
f 579/538/486 580/539/487 581/540/488
f 579/538/486 581/540/488 582/541/489
f 583/542/490 535/494/444 538/497/447
f 583/542/490 538/497/447 584/543/491
f 585/544/492 586/545/493 587/546/494
f 585/544/492 587/546/494 588/547/495
f 589/548/448 539/498/448 542/501/450
f 589/548/448 542/501/450 590/549/496
f 591/550/497 592/551/498 593/552/499
f 591/550/497 593/552/499 594/553/500
f 595/554/501 583/542/490 584/543/491
f 595/554/501 584/543/491 596/555/502
f 597/556/503 591/550/497 594/553/500
f 597/556/503 594/553/500 598/557/504
f 599/558/505 595/554/501 596/555/502
f 599/558/505 596/555/502 600/559/506
f 601/560/507 597/556/503 598/557/504
f 601/560/507 598/557/504 602/561/508
f 603/562/448 604/563/448 605/564/509
f 603/562/448 605/564/509 606/565/510
f 607/566/511 601/560/507 602/561/508
f 607/566/511 602/561/508 608/567/512
f 580/539/487 599/558/505 600/559/506
f 580/539/487 600/559/506 581/540/488
f 609/568/513 607/566/511 608/567/512
f 609/568/513 608/567/512 610/569/514
f 611/570/515 612/571/516 613/572/517
f 611/570/515 613/572/517 614/573/518
f 615/574/519 616/575/520 617/576/521
f 615/574/519 617/576/521 618/577/522
f 619/578/523 620/579/524 621/580/525
f 619/578/523 621/580/525 622/581/526
f 623/582/527 624/583/528 625/584/529
f 623/582/527 625/584/529 626/585/530
f 627/586/448 628/587/448 629/588/531
f 627/586/448 629/588/531 630/589/532
f 631/590/448 603/562/448 606/565/510
f 631/590/448 606/565/510 632/591/533
f 633/592/448 627/586/448 630/589/532
f 633/592/448 630/589/532 634/593/534
f 635/594/448 636/595/448 637/596/535
f 635/594/448 637/596/535 638/597/536
f 639/598/537 640/599/471 641/600/538
f 639/598/537 641/600/538 642/601/539
f 540/499/448 633/592/448 634/593/534
f 540/499/448 634/593/534 541/500/449
f 643/602/448 644/603/448 645/604/540
f 643/602/448 645/604/540 646/605/541
f 647/606/542 609/568/513 610/569/514
f 647/606/542 610/569/514 648/607/543
f 649/608/448 650/609/448 651/610/544
f 649/608/448 651/610/544 652/611/545
f 653/612/448 589/548/448 590/549/496
f 653/612/448 590/549/496 654/613/546
f 655/614/448 656/615/448 657/616/547
f 655/614/448 657/616/547 658/617/548
f 659/618/448 653/612/448 654/613/546
f 659/618/448 654/613/546 660/619/549
f 661/620/448 655/614/448 658/617/548
f 661/620/448 658/617/548 662/621/550
f 604/563/448 659/618/448 660/619/549
f 604/563/448 660/619/549 605/564/509
f 628/587/448 661/620/448 662/621/550
f 628/587/448 662/621/550 629/588/531
f 663/622/551 664/623/552 665/624/553
f 663/622/551 665/624/553 666/625/554
f 667/626/555 668/627/556 669/628/557
f 667/626/555 669/628/557 670/629/558
f 671/630/559 623/582/527 626/585/530
f 671/630/559 626/585/530 672/631/560
f 673/632/561 667/626/555 670/629/558
f 673/632/561 670/629/558 674/633/562
f 675/634/563 671/630/559 672/631/560
f 675/634/563 672/631/560 676/635/564
f 677/636/565 673/632/561 674/633/562
f 677/636/565 674/633/562 678/637/566
f 679/638/567 675/634/563 676/635/564
f 679/638/567 676/635/564 680/639/568
f 681/640/569 682/641/570 683/642/571
f 681/640/569 683/642/571 684/643/572
f 685/644/573 686/645/574 687/646/575
f 685/644/573 687/646/575 688/647/576
f 689/648/577 615/574/519 618/577/522
f 689/648/577 618/577/522 690/649/578
f 691/650/579 692/651/580 693/652/578
f 691/650/579 693/652/578 694/653/581
f 695/654/582 696/655/583 697/656/584
f 695/654/582 697/656/584 698/657/585
f 616/575/520 699/658/567 700/659/568
f 616/575/520 700/659/568 617/576/521
f 701/660/586 702/661/587 703/662/588
f 701/660/586 703/662/588 704/663/529
f 668/627/556 691/650/579 694/653/581
f 668/627/556 694/653/581 669/628/557
f 705/664/589 706/665/590 707/666/591
f 705/664/589 707/666/591 708/667/592
f 709/668/593 710/669/594 711/670/595
f 709/668/593 711/670/595 712/671/596
f 713/672/597 714/673/589 715/674/592
f 713/672/597 715/674/592 716/675/598
f 717/676/599 663/622/551 666/625/554
f 717/676/599 666/625/554 718/677/600
f 719/678/601 713/672/597 716/675/598
f 719/678/601 716/675/598 720/679/602
f 721/680/603 717/676/599 718/677/600
f 721/680/603 718/677/600 722/681/604
f 723/682/605 719/678/601 720/679/602
f 723/682/605 720/679/602 724/683/606
f 725/684/607 721/680/603 722/681/604
f 725/684/607 722/681/604 726/685/608
f 727/686/609 728/687/560 729/688/610
f 727/686/609 729/688/610 730/689/611
f 731/690/612 732/691/613 733/692/614
f 731/690/612 733/692/614 734/693/615
f 735/694/616 723/682/605 724/683/606
f 735/694/616 724/683/606 736/695/617
f 737/696/618 738/697/619 739/698/620
f 737/696/618 739/698/620 740/699/621
f 741/700/622 742/701/623 743/702/624
f 741/700/622 743/702/624 744/703/625
f 745/704/626 746/705/627 747/706/628
f 745/704/626 747/706/628 748/707/629
f 749/708/630 750/709/631 751/710/632
f 749/708/630 751/710/632 752/711/633
f 753/712/634 754/713/562 755/714/635
f 753/712/634 755/714/635 756/715/636
f 757/716/568 727/686/609 730/689/611
f 757/716/568 730/689/611 758/717/637
f 759/718/638 760/719/571 761/720/639
f 759/718/638 761/720/639 762/721/640
f 763/722/578 709/668/593 712/671/596
f 763/722/578 712/671/596 764/723/641
f 710/669/594 757/716/568 758/717/637
f 710/669/594 758/717/637 711/670/595
f 688/647/576 687/646/575 765/724/642
f 688/647/576 765/724/642 766/725/643
f 664/623/552 745/704/626 748/707/629
f 664/623/552 748/707/629 665/624/553
f 698/657/585 697/656/584 767/726/644
f 698/657/585 767/726/644 768/727/645
f 769/728/581 763/722/578 764/723/641
f 769/728/581 764/723/641 770/729/646
f 704/663/529 703/662/588 771/730/647
f 704/663/529 771/730/647 772/731/648
f 669/628/557 694/653/581 773/732/649
f 669/628/557 773/732/649 774/733/650
f 775/734/530 704/663/529 772/731/648
f 775/734/530 772/731/648 776/735/651
f 670/629/558 669/628/557 774/733/650
f 670/629/558 774/733/650 777/736/652
f 672/631/560 626/585/530 778/737/651
f 672/631/560 778/737/651 779/738/653
f 674/633/562 670/629/558 777/736/652
f 674/633/562 777/736/652 780/739/654
f 781/706/655 782/740/656 783/741/656
f 781/706/655 783/741/656 784/742/655
f 785/743/657 786/744/658 787/745/659
f 785/743/657 787/745/659 788/746/660
f 789/747/661 749/708/630 752/711/633
f 789/747/661 752/711/633 790/748/662
f 791/749/663 785/743/657 788/746/660
f 791/749/663 788/746/660 792/750/664
f 793/751/665 789/747/661 790/748/662
f 793/751/665 790/748/662 794/752/666
f 795/753/667 791/749/663 792/750/664
f 795/753/667 792/750/664 796/754/668
f 797/755/669 798/756/665 799/757/670
f 797/755/669 799/757/670 800/758/671
f 801/759/672 802/760/673 803/761/668
f 801/759/672 803/761/668 804/762/674
f 805/763/675 806/764/676 807/765/677
f 805/763/675 807/765/677 808/766/678
f 809/767/679 810/768/680 811/769/681
f 809/767/679 811/769/681 812/770/682
f 813/771/683 801/759/672 804/762/674
f 813/771/683 804/762/674 814/772/684
f 815/773/685 816/774/686 817/775/687
f 815/773/685 817/775/687 818/776/688
f 819/777/689 735/694/616 736/695/617
f 819/777/689 736/695/617 820/740/690
f 821/778/691 822/779/692 823/780/693
f 821/778/691 823/780/693 824/781/694
f 825/782/695 809/767/679 812/770/682
f 825/782/695 812/770/682 826/783/696
f 827/784/658 828/785/697 829/786/698
f 827/784/658 829/786/698 830/787/699
f 575/534/483 831/788/700 832/789/701
f 575/534/483 832/789/701 833/790/702
f 834/791/702 835/792/701 647/606/542
f 834/791/702 647/606/542 536/495/445
f 576/535/484 575/534/483 833/790/702
f 576/535/484 833/790/702 836/793/703
f 837/794/703 834/791/702 536/495/445
f 837/794/703 536/495/445 535/494/444
f 578/537/485 576/535/484 836/793/703
f 578/537/485 836/793/703 838/795/704
f 839/796/704 837/794/703 535/494/444
f 839/796/704 535/494/444 583/542/490
f 550/509/458 549/508/457 840/797/704
f 550/509/458 840/797/704 841/798/705
f 842/799/705 839/796/704 583/542/490
f 842/799/705 583/542/490 595/554/501
f 554/513/462 550/509/458 841/798/705
f 554/513/462 841/798/705 843/800/706
f 844/801/706 842/799/705 595/554/501
f 844/801/706 595/554/501 599/558/505
f 558/517/466 554/513/462 843/800/706
f 558/517/466 843/800/706 845/802/707
f 846/803/707 844/801/706 599/558/505
f 846/803/707 599/558/505 580/539/487
f 562/521/470 558/517/466 845/802/707
f 562/521/470 845/802/707 847/804/708
f 848/805/709 846/803/707 580/539/487
f 848/805/709 580/539/487 579/538/486
f 568/527/476 567/526/475 849/806/710
f 568/527/476 849/806/710 850/807/711
f 851/808/712 852/809/713 612/571/516
f 851/808/712 612/571/516 611/570/515
f 572/531/480 571/530/479 853/810/714
f 572/531/480 853/810/714 854/811/715
f 855/812/716 856/813/714 620/579/524
f 855/812/716 620/579/524 619/578/523
f 100/100/92 99/99/91 857/814/717
f 100/100/92 857/814/717 858/815/718
f 859/816/718 860/817/717 586/545/493
f 859/816/718 586/545/493 585/544/492
f 546/505/454 545/504/453 861/818/719
f 546/505/454 861/818/719 862/819/720
f 863/820/720 864/821/719 592/551/498
f 863/820/720 592/551/498 591/550/497
f 552/511/460 546/505/454 862/819/720
f 552/511/460 862/819/720 865/822/721
f 866/823/721 863/820/720 591/550/497
f 866/823/721 591/550/497 597/556/503
f 556/515/464 552/511/460 865/822/721
f 556/515/464 865/822/721 867/824/722
f 868/825/722 866/823/721 597/556/503
f 868/825/722 597/556/503 601/560/507
f 560/519/468 556/515/464 867/824/722
f 560/519/468 867/824/722 869/826/723
f 870/827/723 868/825/722 601/560/507
f 870/827/723 601/560/507 607/566/511
f 564/523/472 560/519/468 869/826/723
f 564/523/472 869/826/723 871/828/724
f 872/829/725 870/827/723 607/566/511
f 872/829/725 607/566/511 609/568/513
f 831/788/700 873/830/726 874/831/725
f 831/788/700 874/831/725 832/789/701
f 835/792/701 872/829/725 609/568/513
f 835/792/701 609/568/513 647/606/542
f 537/496/446 648/607/543 875/832/727
f 537/496/446 875/832/727 876/833/728
f 877/834/729 878/835/730 616/575/520
f 877/834/729 616/575/520 615/574/519
f 538/497/447 537/496/446 876/833/728
f 538/497/447 876/833/728 879/836/731
f 880/837/731 877/834/729 615/574/519
f 880/837/731 615/574/519 689/648/577
f 584/543/491 538/497/447 879/836/731
f 584/543/491 879/836/731 881/838/732
f 882/839/733 883/840/731 692/651/580
f 882/839/733 692/651/580 691/650/579
f 596/555/502 584/543/491 881/838/732
f 596/555/502 881/838/732 884/841/734
f 885/842/734 882/839/733 691/650/579
f 885/842/734 691/650/579 668/627/556
f 600/559/506 596/555/502 884/841/734
f 600/559/506 884/841/734 886/843/735
f 887/844/736 885/842/734 668/627/556
f 887/844/736 668/627/556 667/626/555
f 581/540/488 600/559/506 886/843/735
f 581/540/488 886/843/735 888/845/737
f 889/846/738 887/844/736 667/626/555
f 889/846/738 667/626/555 673/632/561
f 582/541/489 581/540/488 888/845/737
f 582/541/489 888/845/737 890/847/739
f 891/848/740 889/846/738 673/632/561
f 891/848/740 673/632/561 677/636/565
f 614/573/518 613/572/517 892/849/741
f 614/573/518 892/849/741 893/850/742
f 894/851/742 895/852/743 896/853/570
f 894/851/742 896/853/570 897/854/569
f 622/581/526 621/580/525 898/855/744
f 622/581/526 898/855/744 899/856/745
f 900/857/746 901/858/747 686/645/574
f 900/857/746 686/645/574 685/644/573
f 588/547/495 587/546/494 902/859/748
f 588/547/495 902/859/748 903/860/749
f 904/861/749 905/862/750 696/655/583
f 904/861/749 696/655/583 695/654/582
f 594/553/500 593/552/499 906/863/751
f 594/553/500 906/863/751 907/864/752
f 908/865/753 909/866/754 702/661/587
f 908/865/753 702/661/587 701/660/586
f 598/557/504 594/553/500 907/864/752
f 598/557/504 907/864/752 910/867/755
f 911/868/755 912/869/753 624/583/528
f 911/868/755 624/583/528 623/582/527
f 602/561/508 598/557/504 910/867/755
f 602/561/508 910/867/755 913/870/756
f 914/871/757 911/868/755 623/582/527
f 914/871/757 623/582/527 671/630/559
f 608/567/512 602/561/508 913/870/756
f 608/567/512 913/870/756 915/872/758
f 916/873/759 914/871/757 671/630/559
f 916/873/759 671/630/559 675/634/563
f 610/569/514 608/567/512 915/872/758
f 610/569/514 915/872/758 917/874/760
f 918/875/761 916/873/759 675/634/563
f 918/875/761 675/634/563 679/638/567
f 648/607/543 610/569/514 917/874/760
f 648/607/543 917/874/760 875/832/727
f 878/835/730 919/876/761 699/658/567
f 878/835/730 699/658/567 616/575/520
f 536/495/445 647/606/542 648/607/543
f 536/495/445 648/607/543 537/496/446
f 542/501/450 541/500/449 920/877/762
f 542/501/450 920/877/762 921/878/763
f 921/878/763 920/877/762 639/598/537
f 921/878/763 639/598/537 922/879/764
f 590/549/496 542/501/450 921/878/763
f 590/549/496 921/878/763 923/880/765
f 923/880/765 921/878/763 922/879/764
f 923/880/765 922/879/764 924/881/766
f 654/613/546 590/549/496 923/880/765
f 654/613/546 923/880/765 925/882/767
f 925/882/767 923/880/765 924/881/766
f 925/882/767 924/881/766 926/883/456
f 660/619/549 654/613/546 925/882/767
f 660/619/549 925/882/767 927/884/768
f 928/885/768 929/886/767 548/507/456
f 928/885/768 548/507/456 547/506/455
f 605/564/509 660/619/549 927/884/768
f 605/564/509 927/884/768 930/887/769
f 931/888/770 928/885/768 547/506/455
f 931/888/770 547/506/455 553/512/461
f 606/565/510 605/564/509 930/887/769
f 606/565/510 930/887/769 932/889/771
f 933/890/772 931/888/770 553/512/461
f 933/890/772 553/512/461 557/516/465
f 934/891/533 935/892/773 936/893/774
f 934/891/533 936/893/774 937/894/775
f 937/894/775 936/893/774 938/895/776
f 937/894/775 938/895/776 939/896/777
f 940/897/778 941/898/779 942/899/780
f 940/897/778 942/899/780 943/900/781
f 943/900/781 942/899/780 566/525/474
f 943/900/781 566/525/474 565/524/473
f 944/901/782 945/902/783 946/903/784
f 944/901/782 946/903/784 947/904/785
f 947/904/785 946/903/784 570/529/478
f 947/904/785 570/529/478 569/528/477
f 948/905/786 949/906/787 950/907/788
f 948/905/786 950/907/788 951/908/789
f 951/908/789 950/907/788 98/98/90
f 951/908/789 98/98/90 97/97/89
f 952/909/790 953/910/791 954/911/792
f 952/909/790 954/911/792 955/912/793
f 955/912/793 954/911/792 956/913/794
f 955/912/793 956/913/794 957/914/795
f 662/621/550 658/617/548 958/915/793
f 662/621/550 958/915/793 959/916/796
f 960/917/796 961/918/797 543/502/451
f 960/917/796 543/502/451 551/510/459
f 629/588/531 662/621/550 959/916/796
f 629/588/531 959/916/796 962/919/798
f 963/920/798 960/917/796 551/510/459
f 963/920/798 551/510/459 555/514/463
f 630/589/532 629/588/531 962/919/798
f 630/589/532 962/919/798 964/921/799
f 965/922/800 963/920/798 555/514/463
f 965/922/800 555/514/463 559/518/467
f 634/593/534 630/589/532 964/921/799
f 634/593/534 964/921/799 966/923/801
f 966/923/801 964/921/799 967/924/467
f 966/923/801 967/924/467 640/599/471
f 541/500/449 634/593/534 966/923/801
f 541/500/449 966/923/801 920/877/762
f 920/877/762 966/923/801 640/599/471
f 920/877/762 640/599/471 639/598/537
f 574/533/482 968/925/802 831/788/700
f 574/533/482 831/788/700 575/534/483
f 969/926/803 970/927/595 971/928/804
f 969/926/803 971/928/804 972/929/805
f 972/929/805 971/928/804 813/771/683
f 972/929/805 813/771/683 810/768/680
f 973/930/806 969/926/803 972/929/805
f 973/930/806 972/929/805 974/931/807
f 974/931/807 972/929/805 810/768/680
f 974/931/807 810/768/680 809/767/679
f 773/732/649 975/932/808 976/933/807
f 773/732/649 976/933/807 977/934/809
f 978/935/809 974/931/807 809/767/679
f 978/935/809 809/767/679 825/782/695
f 774/733/650 773/732/649 977/934/809
f 774/733/650 977/934/809 979/936/810
f 979/936/810 977/934/809 750/709/631
f 979/936/810 750/709/631 749/708/630
f 777/736/652 774/733/650 979/936/810
f 777/736/652 979/936/810 980/937/811
f 980/937/811 979/936/810 749/708/630
f 980/937/811 749/708/630 789/747/661
f 780/739/654 777/736/652 980/937/811
f 780/739/654 980/937/811 981/938/812
f 981/938/812 980/937/811 789/747/661
f 981/938/812 789/747/661 793/751/665
f 982/939/813 780/739/654 981/938/812
f 982/939/813 981/938/812 983/940/814
f 983/940/814 981/938/812 793/751/665
f 983/940/814 793/751/665 984/941/815
f 762/721/640 761/720/639 985/942/816
f 762/721/640 985/942/816 986/943/817
f 987/944/818 988/945/816 806/764/676
f 987/944/818 806/764/676 805/763/675
f 766/725/643 765/724/642 989/946/819
f 766/725/643 989/946/819 990/947/820
f 991/948/821 992/949/822 816/774/686
f 991/948/821 816/774/686 815/773/685
f 768/727/645 767/726/644 993/950/823
f 768/727/645 993/950/823 994/951/824
f 994/951/824 993/950/823 995/952/825
f 994/951/824 995/952/825 996/953/691
f 772/731/648 771/730/647 997/954/826
f 772/731/648 997/954/826 998/955/827
f 998/955/827 997/954/826 999/956/828
f 998/955/827 999/956/828 1000/957/658
f 778/737/651 1001/958/829 1002/959/830
f 778/737/651 1002/959/830 1003/960/831
f 1003/960/831 1002/959/830 786/744/658
f 1003/960/831 786/744/658 785/743/657
f 779/738/653 778/737/651 1003/960/831
f 779/738/653 1003/960/831 1004/961/832
f 1004/961/832 1003/960/831 785/743/657
f 1004/961/832 785/743/657 791/749/663
f 1005/962/833 779/738/653 1004/961/832
f 1005/962/833 1004/961/832 1006/963/834
f 1006/963/834 1004/961/832 791/749/663
f 1006/963/834 791/749/663 795/753/667
f 1007/964/835 1005/962/833 1006/963/834
f 1007/964/835 1006/963/834 1008/965/836
f 1009/966/836 1010/967/837 802/760/673
f 1009/966/836 802/760/673 801/759/672
f 970/927/595 1011/968/838 1009/966/836
f 970/927/595 1009/966/836 971/928/804
f 971/928/804 1009/966/836 801/759/672
f 971/928/804 801/759/672 813/771/683
f 746/705/627 819/777/689 820/740/690
f 746/705/627 820/740/690 747/706/628
f 811/769/681 814/772/684 1012/969/839
f 811/769/681 1012/969/839 1013/970/840
f 1014/971/841 1015/972/842 819/777/689
f 1014/971/841 819/777/689 746/705/627
f 812/770/682 811/769/681 1013/970/840
f 812/770/682 1013/970/840 1016/973/843
f 1017/974/844 1014/971/841 746/705/627
f 1017/974/844 746/705/627 745/704/626
f 751/710/632 1018/975/845 1019/976/846
f 751/710/632 1019/976/846 1020/977/847
f 1021/978/848 1017/974/844 745/704/626
f 1021/978/848 745/704/626 664/623/552
f 752/711/633 751/710/632 1020/977/847
f 752/711/633 1020/977/847 1022/979/849
f 1023/979/850 1024/977/848 1025/980/552
f 1023/979/850 1025/980/552 1026/981/851
f 790/748/662 752/711/633 1022/979/849
f 790/748/662 1022/979/849 1027/982/852
f 1028/982/853 1023/979/850 1026/981/851
f 1028/982/853 1026/981/851 1029/983/599
f 794/752/666 790/748/662 1027/982/852
f 794/752/666 1027/982/852 1030/984/854
f 1031/984/855 1028/982/853 1029/983/599
f 1031/984/855 1029/983/599 1032/985/856
f 1033/986/857 794/752/666 1030/984/854
f 1033/986/857 1030/984/854 1034/987/858
f 1035/988/859 1036/989/855 721/680/603
f 1035/988/859 721/680/603 725/684/607
f 808/766/678 807/765/677 1037/990/860
f 808/766/678 1037/990/860 1038/991/861
f 1039/992/862 1040/993/863 732/691/613
f 1039/992/862 732/691/613 731/690/612
f 1041/994/864 1042/995/865 1043/996/866
f 1041/994/864 1043/996/866 1044/997/867
f 1045/997/868 1046/996/869 738/697/619
f 1045/997/868 738/697/619 737/696/618
f 1047/998/870 1048/999/871 1049/1000/872
f 1047/998/870 1049/1000/872 1050/1001/873
f 1051/1001/874 1052/1000/875 742/701/623
f 1051/1001/874 742/701/623 741/700/622
f 1053/1002/876 1054/1003/877 1055/1004/878
f 1053/1002/876 1055/1004/878 1056/1005/879
f 1057/1005/880 1058/1004/881 706/665/590
f 1057/1005/880 706/665/590 705/664/589
f 788/746/660 787/745/659 1059/1006/882
f 788/746/660 1059/1006/882 1060/1007/883
f 1061/1008/884 1057/1005/880 705/664/589
f 1061/1008/884 705/664/589 1062/1009/597
f 792/750/664 788/746/660 1060/1007/883
f 792/750/664 1060/1007/883 1063/1010/885
f 1064/1010/886 1065/1007/887 1066/1011/597
f 1064/1010/886 1066/1011/597 1067/1012/601
f 796/754/668 792/750/664 1063/1010/885
f 796/754/668 1063/1010/885 1068/1013/888
f 1069/1014/889 1070/1015/890 719/678/601
f 1069/1014/889 719/678/601 723/682/605
f 1071/1016/674 796/754/668 1068/1013/888
f 1071/1016/674 1068/1013/888 1072/1017/891
f 1073/1018/892 1069/1014/889 723/682/605
f 1073/1018/892 723/682/605 735/694/616
f 814/772/684 804/762/674 1074/1019/893
f 814/772/684 1074/1019/893 1012/969/839
f 1015/972/842 1073/1018/892 735/694/616
f 1015/972/842 735/694/616 819/777/689
f 810/768/680 813/771/683 814/772/684
f 810/768/680 814/772/684 811/769/681
f 1075/1020/894 1076/1021/895 1077/1022/896
f 1075/1020/894 1077/1022/896 1078/1023/897
f 782/740/656 1079/695/898 1080/1024/898
f 782/740/656 1080/1024/898 783/741/656
f 1081/1025/899 1082/1026/900 1083/1027/900
f 1081/1025/899 1083/1027/900 1084/1028/899
f 1085/707/901 781/706/655 784/742/655
f 1085/707/901 784/742/655 1086/1029/901
f 1087/1030/902 1089/1031/903 1090/1032/903
f 1087/1030/902 1090/1032/903 1091/1033/902
f 1093/624/904 1085/707/901 1086/1029/901
f 1093/624/904 1086/1029/901 1094/1034/904
f 1095/674/905 1096/1035/906 1097/1036/907
f 1095/674/905 1097/1036/907 1098/1037/905
f 1099/625/908 1093/624/904 1094/1034/904
f 1099/625/908 1094/1034/904 1100/1038/908
f 1101/675/909 1095/674/905 1098/1037/905
f 1101/675/909 1098/1037/905 1102/1039/909
f 1103/677/910 1099/625/908 1100/1038/908
f 1103/677/910 1100/1038/908 1104/1040/910
f 1105/679/911 1101/675/909 1102/1039/909
f 1105/679/911 1102/1039/909 1106/1041/911
f 1107/681/912 1103/677/910 1104/1040/910
f 1107/681/912 1104/1040/910 1108/1042/912
f 1109/683/913 1105/679/911 1106/1041/911
f 1109/683/913 1106/1041/911 1110/1043/913
f 1111/685/914 1107/681/912 1108/1042/912
f 1111/685/914 1108/1042/912 1112/1044/914
f 1079/695/898 1109/683/913 1110/1043/913
f 1079/695/898 1110/1043/913 1080/1024/898
f 1113/1045/915 1114/1046/916 1115/1047/916
f 1113/1045/915 1115/1047/916 1116/1048/915
f 1117/1049/917 1118/1050/918 1119/1051/919
f 1117/1049/917 1119/1051/919 1120/1052/920
f 1121/1053/921 1122/1054/922 1123/1055/923
f 1121/1053/921 1123/1055/923 1124/1056/924
f 1125/1057/925 1126/1058/926 1127/1059/927
f 1125/1057/925 1127/1059/927 1128/1060/928
f 1129/1061/929 1130/1062/930 1131/1063/931
f 1129/1061/929 1131/1063/931 1132/1064/932
f 1133/1065/933 1134/1066/934 1135/1067/935
f 1133/1065/933 1135/1067/935 1136/1068/936
f 1137/1069/937 1117/1049/917 1120/1052/920
f 1137/1069/937 1120/1052/920 1138/1070/938
f 1139/1071/939 1140/1072/940 1141/1073/941
f 1139/1071/939 1141/1073/941 1142/1074/942
f 1143/1075/943 1144/1076/944 1145/1077/924
f 1143/1075/943 1145/1077/924 1146/1078/945
f 1147/1079/946 1148/1080/947 1149/1081/948
f 1147/1079/946 1149/1081/948 1150/1082/949
f 1151/1083/950 1152/1084/951 1153/1085/938
f 1151/1083/950 1153/1085/938 1154/1086/952
f 1155/1087/953 1147/1079/946 1150/1082/949
f 1155/1087/953 1150/1082/949 1156/1088/954
f 1157/1089/955 1151/1083/950 1154/1086/952
f 1157/1089/955 1154/1086/952 1158/1090/956
f 1159/1091/957 1155/1087/953 1156/1088/954
f 1159/1091/957 1156/1088/954 1160/1092/958
f 1076/1021/895 1157/1089/955 1158/1090/956
f 1076/1021/895 1158/1090/956 1077/1022/896
f 1122/1054/922 1159/1091/957 1160/1092/958
f 1122/1054/922 1160/1092/958 1123/1055/923
f 1119/1051/919 1161/1093/959 1162/1094/960
f 1119/1051/919 1162/1094/960 1163/1095/961
f 1163/1095/961 1162/1094/960 1164/1096/962
f 1163/1095/961 1164/1096/962 1165/1097/963
f 1166/1098/964 1167/1099/965 1168/1100/966
f 1166/1098/964 1168/1100/966 1169/1101/967
f 1120/1052/920 1119/1051/919 1163/1095/961
f 1120/1052/920 1163/1095/961 1170/1102/968
f 1170/1102/968 1163/1095/961 1165/1097/963
f 1170/1102/968 1165/1097/963 1171/1103/969
f 1172/1104/969 1166/1098/964 1169/1101/967
f 1172/1104/969 1169/1101/967 1173/1105/970
f 1138/1070/938 1120/1052/920 1170/1102/968
f 1138/1070/938 1170/1102/968 1174/1106/971
f 1174/1106/971 1170/1102/968 1171/1103/969
f 1174/1106/971 1171/1103/969 1175/1107/972
f 1176/1108/973 1172/1104/969 1173/1105/970
f 1176/1108/973 1173/1105/970 1177/1109/974
f 1154/1086/952 1153/1085/938 1178/1110/975
f 1154/1086/952 1178/1110/975 1179/1111/976
f 1180/1112/976 1181/1113/977 1176/1108/973
f 1180/1112/976 1176/1108/973 1182/1114/978
f 1182/1114/978 1176/1108/973 1177/1109/974
f 1182/1114/978 1177/1109/974 1183/1115/979
f 1158/1090/956 1154/1086/952 1179/1111/976
f 1158/1090/956 1179/1111/976 1184/1116/980
f 1185/1117/981 1180/1112/976 1182/1114/978
f 1185/1117/981 1182/1114/978 1186/1118/982
f 1186/1118/982 1182/1114/978 1183/1115/979
f 1186/1118/982 1183/1115/979 1187/1119/983
f 1077/1022/896 1158/1090/956 1184/1116/980
f 1077/1022/896 1184/1116/980 1188/1120/984
f 1189/1121/985 1185/1117/981 1186/1118/982
f 1189/1121/985 1186/1118/982 1190/1122/986
f 1190/1122/986 1186/1118/982 1187/1119/983
f 1190/1122/986 1187/1119/983 1191/1123/987
f 1078/1023/897 1077/1022/896 1188/1120/984
f 1078/1023/897 1188/1120/984 1192/1124/988
f 1193/1125/989 1189/1121/985 1190/1122/986
f 1193/1125/989 1190/1122/986 1194/1126/990
f 1194/1126/990 1190/1122/986 1191/1123/987
f 1194/1126/990 1191/1123/987 1195/1127/991
f 1128/1060/928 1127/1059/927 1196/1128/992
f 1128/1060/928 1196/1128/992 1197/1129/993
f 1198/1130/993 1199/1131/994 1200/1132/995
f 1198/1130/993 1200/1132/995 1201/1133/996
f 1201/1133/996 1200/1132/995 1202/1134/997
f 1201/1133/996 1202/1134/997 1203/1135/998
f 1132/1064/932 1131/1063/931 1204/1136/999
f 1132/1064/932 1204/1136/999 1205/1137/1000
f 1206/1138/1001 1207/1139/1002 1208/1140/1003
f 1206/1138/1001 1208/1140/1003 1209/1141/1004
f 1209/1141/1004 1208/1140/1003 1210/1142/1005
f 1209/1141/1004 1210/1142/1005 1211/1143/1006
f 1142/1074/942 1141/1073/941 1212/1144/1007
f 1142/1074/942 1212/1144/1007 1213/1145/1008
f 1214/1146/1009 1215/1147/1007 1216/1148/1010
f 1214/1146/1009 1216/1148/1010 1217/1149/1011
f 1217/1149/1011 1216/1148/1010 1218/1150/1012
f 1217/1149/1011 1218/1150/1012 1219/1151/1013
f 1150/1082/949 1149/1081/948 1220/1152/1014
f 1150/1082/949 1220/1152/1014 1221/1153/1015
f 1222/1154/1016 1223/1155/1014 1224/1156/1017
f 1222/1154/1016 1224/1156/1017 1225/1157/1018
f 1225/1157/1018 1224/1156/1017 1226/1158/1019
f 1225/1157/1018 1226/1158/1019 1227/1159/1020
f 1156/1088/954 1150/1082/949 1221/1153/1015
f 1156/1088/954 1221/1153/1015 1228/1160/1021
f 1229/1161/1021 1222/1154/1016 1225/1157/1018
f 1229/1161/1021 1225/1157/1018 1230/1162/1022
f 1230/1162/1022 1225/1157/1018 1227/1159/1020
f 1230/1162/1022 1227/1159/1020 1231/1163/1023
f 1160/1092/958 1156/1088/954 1228/1160/1021
f 1160/1092/958 1228/1160/1021 1232/1164/1024
f 1233/1165/1024 1229/1161/1021 1230/1162/1022
f 1233/1165/1024 1230/1162/1022 1234/1166/1025
f 1234/1166/1025 1230/1162/1022 1231/1163/1023
f 1234/1166/1025 1231/1163/1023 1235/1167/1026
f 1123/1055/923 1160/1092/958 1232/1164/1024
f 1123/1055/923 1232/1164/1024 1236/1168/1027
f 1237/1169/1028 1233/1165/1024 1234/1166/1025
f 1237/1169/1028 1234/1166/1025 1238/1170/1029
f 1238/1170/1029 1234/1166/1025 1235/1167/1026
f 1238/1170/1029 1235/1167/1026 1239/1171/1030
f 1124/1056/924 1123/1055/923 1236/1168/1027
f 1124/1056/924 1236/1168/1027 1240/1172/1031
f 1241/1173/1032 1237/1169/1028 1238/1170/1029
f 1241/1173/1032 1238/1170/1029 1242/1174/1033
f 1242/1174/1033 1238/1170/1029 1239/1171/1030
f 1242/1174/1033 1239/1171/1030 1243/1175/1034
f 1161/1093/959 1244/1176/924 1245/1177/1035
f 1161/1093/959 1245/1177/1035 1162/1094/960
f 1162/1094/960 1245/1177/1035 1246/1178/1036
f 1162/1094/960 1246/1178/1036 1164/1096/962
f 1167/1099/965 1242/1174/1033 1243/1175/1034
f 1167/1099/965 1243/1175/1034 1168/1100/966
f 1118/1050/918 1247/1179/943 1161/1093/959
f 1118/1050/918 1161/1093/959 1119/1051/919
f 3/3/3 2/2/2 1248/1180/1037
f 3/3/3 1248/1180/1037 1249/1181/1038
f 1249/1181/1038 1248/1180/1037 109/109/101
f 1249/1181/1038 109/109/101 106/106/98
f 63/63/62 3/3/3 1249/1181/1038
f 63/63/62 1249/1181/1038 1250/1182/1039
f 1250/1182/1039 1249/1181/1038 106/106/98
f 1250/1182/1039 106/106/98 105/105/97
f 81/81/38 63/63/62 1250/1182/1039
f 81/81/38 1250/1182/1039 1251/1183/1040
f 1251/1183/1040 1250/1182/1039 105/105/97
f 1251/1183/1040 105/105/97 125/125/116
f 39/39/39 38/38/38 1252/1184/1041
f 39/39/39 1252/1184/1041 1253/1185/1042
f 1253/1185/1042 1252/1184/1041 132/132/116
f 1253/1185/1042 132/132/116 131/131/122
f 73/73/72 39/39/39 1253/1185/1042
f 73/73/72 1253/1185/1042 1254/1186/1043
f 1254/1186/1043 1253/1185/1042 131/131/122
f 1254/1186/1043 131/131/122 137/137/127
f 91/91/84 73/73/72 1254/1186/1043
f 91/91/84 1254/1186/1043 1255/1187/1044
f 1255/1187/1044 1254/1186/1043 137/137/127
f 1255/1187/1044 137/137/127 141/141/131
f 1256/1188/65 91/91/84 1255/1187/1044
f 1256/1188/65 1255/1187/1044 1257/1189/1045
f 1257/1189/1045 1255/1187/1044 141/141/131
f 1257/1189/1045 141/141/131 143/143/133
f 84/84/81 1258/1190/66 1259/1191/1046
f 84/84/81 1259/1191/1046 1260/1192/1047
f 1260/1192/1047 1259/1191/1046 102/102/94
f 1260/1192/1047 102/102/94 101/101/93
f 56/56/55 85/85/82 1261/1193/1048
f 56/56/55 1261/1193/1048 1262/1194/1049
f 1262/1194/1049 1261/1193/1048 114/114/105
f 1262/1194/1049 114/114/105 113/113/104
f 1263/1195/75 57/57/56 1264/1196/1050
f 1263/1195/75 1264/1196/1050 1265/1197/1051
f 1265/1197/1051 1264/1196/1050 122/122/113
f 1265/1197/1051 122/122/113 121/121/112
f 70/70/69 94/94/86 1266/1198/1052
f 70/70/69 1266/1198/1052 1267/1199/1053
f 1267/1199/1053 1266/1198/1052 128/128/119
f 1267/1199/1053 128/128/119 127/127/118
f 71/71/70 70/70/69 1267/1199/1053
f 71/71/70 1267/1199/1053 1268/1200/1054
f 1268/1200/1054 1267/1199/1053 127/127/118
f 1268/1200/1054 127/127/118 135/135/125
f 60/60/59 71/71/70 1268/1200/1054
f 60/60/59 1268/1200/1054 1269/1201/1055
f 1269/1201/1055 1268/1200/1054 135/135/125
f 1269/1201/1055 135/135/125 139/139/129
f 61/61/60 60/60/59 1269/1201/1055
f 61/61/60 1269/1201/1055 1270/1202/1056
f 1270/1202/1056 1269/1201/1055 139/139/129
f 1270/1202/1056 139/139/129 52/52/51
f 79/79/78 61/61/60 1270/1202/1056
f 79/79/78 1270/1202/1056 1271/1203/1057
f 1271/1203/1057 1270/1202/1056 52/52/51
f 1271/1203/1057 52/52/51 51/51/50
f 2/2/2 1272/1204/1058 1273/1205/1059
f 2/2/2 1273/1205/1059 1248/1180/1037
f 1248/1180/1037 1273/1205/1059 110/110/102
f 1248/1180/1037 110/110/102 109/109/101
f 95/95/87 117/117/108 120/120/111
f 95/95/87 120/120/111 96/96/88
f 107/107/99 112/112/103 1274/1206/1060
f 107/107/99 1274/1206/1060 1275/1207/1061
f 1275/1207/1061 1274/1206/1060 117/117/108
f 1275/1207/1061 117/117/108 95/95/87
f 108/108/100 107/107/99 1275/1207/1061
f 108/108/100 1275/1207/1061 1276/1208/1062
f 1276/1208/1062 1275/1207/1061 95/95/87
f 1276/1208/1062 95/95/87 48/48/48
f 126/126/117 108/108/100 1276/1208/1062
f 126/126/117 1276/1208/1062 1277/1209/1063
f 1277/1209/1063 1276/1208/1062 48/48/48
f 1277/1209/1063 48/48/48 47/47/47
f 134/134/124 133/133/123 1278/1210/1064
f 134/134/124 1278/1210/1064 1279/1211/1065
f 1279/1211/1065 1278/1210/1064 45/45/45
f 1279/1211/1065 45/45/45 6/6/6
f 138/138/128 134/134/124 1279/1211/1065
f 138/138/128 1279/1211/1065 1280/1212/1066
f 1280/1212/1066 1279/1211/1065 6/6/6
f 1280/1212/1066 6/6/6 5/5/5
f 142/142/132 138/138/128 1280/1212/1066
f 142/142/132 1280/1212/1066 1281/1213/1067
f 1281/1213/1067 1280/1212/1066 5/5/5
f 1281/1213/1067 5/5/5 9/9/9
f 144/144/134 142/142/132 1281/1213/1067
f 144/144/134 1281/1213/1067 1282/1214/1068
f 1282/1214/1068 1281/1213/1067 9/9/9
f 1282/1214/1068 9/9/9 11/11/11
f 104/104/96 103/103/95 1283/1215/1069
f 104/104/96 1283/1215/1069 1284/1216/1070
f 1284/1216/1070 1283/1215/1069 14/14/14
f 1284/1216/1070 14/14/14 13/13/13
f 116/116/107 115/115/106 1285/1217/1071
f 116/116/107 1285/1217/1071 1286/1218/1072
f 1286/1218/1072 1285/1217/1071 18/18/18
f 1286/1218/1072 18/18/18 17/17/17
f 124/124/115 123/123/114 1287/1219/1073
f 124/124/115 1287/1219/1073 1288/1220/1074
f 1288/1220/1074 1287/1219/1073 22/22/22
f 1288/1220/1074 22/22/22 21/21/21
f 130/130/121 129/129/120 1289/1221/1075
f 130/130/121 1289/1221/1075 1290/1222/1076
f 1290/1222/1076 1289/1221/1075 26/26/26
f 1290/1222/1076 26/26/26 25/25/25
f 136/136/126 130/130/121 1290/1222/1076
f 136/136/126 1290/1222/1076 1291/1223/1077
f 1291/1223/1077 1290/1222/1076 25/25/25
f 1291/1223/1077 25/25/25 29/29/29
f 140/140/130 136/136/126 1291/1223/1077
f 140/140/130 1291/1223/1077 1292/1224/1078
f 1292/1224/1078 1291/1223/1077 29/29/29
f 1292/1224/1078 29/29/29 31/31/31
f 53/53/52 140/140/130 1292/1224/1078
f 53/53/52 1292/1224/1078 1293/1225/1079
f 1293/1225/1079 1292/1224/1078 31/31/31
f 1293/1225/1079 31/31/31 33/33/33
f 54/54/53 53/53/52 1293/1225/1079
f 54/54/53 1293/1225/1079 1294/1226/1080
f 1294/1226/1080 1293/1225/1079 33/33/33
f 1294/1226/1080 33/33/33 35/35/35
f 112/112/103 111/111/53 1295/1227/1081
f 112/112/103 1295/1227/1081 1274/1206/1060
f 1274/1206/1060 1295/1227/1081 118/118/109
f 1274/1206/1060 118/118/109 117/117/108
f 106/106/98 109/109/101 112/112/103
f 106/106/98 112/112/103 107/107/99
f 264/264/243 1296/1228/259 1297/1229/1082
f 264/264/243 1297/1229/1082 1298/1230/1083
f 1299/1230/1084 1300/1229/1085 305/305/280
f 1299/1230/1084 305/305/280 304/304/279
f 1296/1228/259 1301/1231/1086 1302/1232/1087
f 1296/1228/259 1302/1232/1087 1297/1229/1082
f 1303/1233/1088 1304/1234/1089 500/461/414
f 1303/1233/1088 500/461/414 499/460/413
f 1305/1235/1090 1306/1236/288 1307/1237/1091
f 1305/1235/1090 1307/1237/1091 1308/1234/1092
f 1304/1234/1089 1309/1237/1093 483/450/397
f 1304/1234/1089 483/450/397 500/461/414
f 1306/1236/288 1310/1238/287 1311/1239/1094
f 1306/1236/288 1311/1239/1094 1307/1237/1091
f 1309/1237/1093 1312/1239/1095 484/451/398
f 1309/1237/1093 484/451/398 483/450/397
f 312/312/287 302/302/277 1313/1240/1096
f 312/312/287 1313/1240/1096 1314/1241/1094
f 1312/1239/1095 1315/1242/1097 489/454/403
f 1312/1239/1095 489/454/403 484/451/398
f 302/302/277 275/275/254 1316/1243/1098
f 302/302/277 1316/1243/1098 1313/1240/1096
f 1317/1244/1099 1318/1245/1100 506/465/419
f 1317/1244/1099 506/465/419 505/464/418
f 1319/1246/253 290/290/268 1320/1247/1101
f 1319/1246/253 1320/1247/1101 1321/1248/1102
f 1322/1249/1103 1323/1250/1104 510/469/422
f 1322/1249/1103 510/469/422 509/468/421
f 289/289/267 299/299/274 1324/1251/1105
f 289/289/267 1324/1251/1105 1325/1252/1106
f 1326/1253/1107 1327/1254/1108 476/443/390
f 1326/1253/1107 476/443/390 475/442/389
f 298/298/273 271/271/250 1328/1255/1109
f 298/298/273 1328/1255/1109 1329/1256/1110
f 1330/1257/1111 1331/1258/1112 480/447/394
f 1330/1257/1111 480/447/394 479/446/393
f 1332/1259/249 286/286/264 1333/1260/1113
f 1332/1259/249 1333/1260/1113 1334/1261/1114
f 1335/1262/1115 1336/1263/1116 496/458/410
f 1335/1262/1115 496/458/410 495/457/409
f 286/286/264 285/285/263 1337/1264/1117
f 286/286/264 1337/1264/1117 1333/1260/1113
f 1336/1263/1116 1338/1265/1118 503/463/416
f 1336/1263/1116 503/463/416 496/458/410
f 1339/1266/263 1340/1267/214 1341/1268/1119
f 1339/1266/263 1341/1268/1119 1342/1265/1117
f 1338/1265/1118 1343/1268/1120 245/245/224
f 1338/1265/1118 245/245/224 503/463/416
f 1340/1267/214 1344/1269/42 1345/1270/1121
f 1340/1267/214 1345/1270/1121 1341/1268/1119
f 1343/1268/1120 1346/1270/1122 246/246/225
f 1343/1268/1120 246/246/225 245/245/224
f 1347/1271/42 294/294/41 1348/1272/1123
f 1347/1271/42 1348/1272/1123 1349/1273/1121
f 1346/1270/1122 1350/1274/1124 487/452/401
f 1346/1270/1122 487/452/401 246/246/225
f 294/294/41 265/265/244 1351/1275/1125
f 294/294/41 1351/1275/1125 1348/1272/1123
f 1352/1272/1126 1353/1275/1127 492/456/406
f 1352/1272/1126 492/456/406 491/455/405
f 265/265/244 264/264/243 1298/1230/1083
f 265/265/244 1298/1230/1083 1351/1275/1125
f 1353/1275/1127 1299/1230/1084 304/304/279
f 1353/1275/1127 304/304/279 492/456/406
f 1296/1228/259 264/264/243 267/267/246
f 1296/1228/259 267/267/246 1354/1276/260
f 1355/1277/138 220/220/201 1356/1278/1128
f 1355/1277/138 1356/1278/1128 1357/1279/1129
f 1357/1279/1129 1356/1278/1128 250/250/229
f 1357/1279/1129 250/250/229 249/249/228
f 1358/1280/1130 1355/1277/138 1357/1279/1129
f 1358/1280/1130 1357/1279/1129 1359/1281/1131
f 1359/1281/1131 1357/1279/1129 249/249/228
f 1359/1281/1131 249/249/228 234/234/213
f 158/158/145 154/154/142 1360/1282/1131
f 158/158/145 1360/1282/1131 1361/1283/1132
f 1362/1284/1133 1359/1281/1131 234/234/213
f 1362/1284/1133 234/234/213 233/233/212
f 163/163/150 162/162/149 1363/1285/1132
f 163/163/150 1363/1285/1132 1364/1286/1134
f 1364/1286/1134 1363/1285/1132 284/284/212
f 1364/1286/1134 284/284/212 283/283/262
f 167/167/153 163/163/150 1364/1286/1134
f 167/167/153 1364/1286/1134 1365/1287/1135
f 1365/1287/1135 1364/1286/1134 283/283/262
f 1365/1287/1135 283/283/262 269/269/248
f 170/170/156 167/167/153 1365/1287/1135
f 170/170/156 1365/1287/1135 1366/1288/1136
f 1366/1288/1136 1365/1287/1135 269/269/248
f 1366/1288/1136 269/269/248 268/268/247
f 1367/1289/1137 1368/1290/156 1369/1291/1136
f 1367/1289/1137 1369/1291/1136 1370/1292/1138
f 1370/1292/1138 1369/1291/1136 1371/1293/1139
f 1370/1292/1138 1371/1293/1139 1372/1294/1140
f 182/182/168 1373/1295/1141 1374/1296/1142
f 182/182/168 1374/1296/1142 1375/1297/1143
f 1375/1297/1143 1374/1296/1142 296/296/271
f 1375/1297/1143 296/296/271 317/317/292
f 188/188/174 183/183/169 1376/1298/1144
f 188/188/174 1376/1298/1144 1377/1299/1145
f 1377/1299/1145 1376/1298/1144 316/316/291
f 1377/1299/1145 316/316/291 327/327/302
f 1378/1300/1146 189/189/175 1379/1301/1147
f 1378/1300/1146 1379/1301/1147 1380/1302/1148
f 1380/1302/1148 1379/1301/1147 326/326/301
f 1380/1302/1148 326/326/301 1381/1303/286
f 1382/1304/186 195/195/181 1383/1305/1149
f 1382/1304/186 1383/1305/1149 1384/1306/1150
f 1384/1306/1150 1383/1305/1149 310/310/285
f 1384/1306/1150 310/310/285 332/332/211
f 206/206/189 201/201/186 1385/1307/1151
f 206/206/189 1385/1307/1151 1386/1308/1152
f 1386/1308/1152 1385/1307/1151 232/232/211
f 1386/1308/1152 232/232/211 231/231/210
f 209/209/192 206/206/189 1386/1308/1152
f 209/209/192 1386/1308/1152 1387/1309/1153
f 1387/1309/1153 1386/1308/1152 231/231/210
f 1387/1309/1153 231/231/210 293/293/240
f 212/212/195 209/209/192 1387/1309/1153
f 212/212/195 1387/1309/1153 1388/1310/1154
f 1388/1310/1154 1387/1309/1153 293/293/240
f 1388/1310/1154 293/293/240 1389/1311/239
f 219/219/200 1390/1312/195 1391/1313/1155
f 219/219/200 1391/1313/1155 1392/1314/1156
f 1392/1314/1156 1391/1313/1155 260/260/239
f 1392/1314/1156 260/260/239 278/278/257
f 220/220/201 219/219/200 1392/1314/1156
f 220/220/201 1392/1314/1156 1356/1278/1128
f 1356/1278/1128 1392/1314/1156 278/278/257
f 1356/1278/1128 278/278/257 250/250/229
f 215/215/197 147/147/136 250/250/229
f 215/215/197 250/250/229 278/278/257
f 1393/1315/1157 1394/1316/1158 1395/1317/1159
f 1393/1315/1157 1395/1317/1159 1396/1318/1160
f 1397/1319/1161 1393/1315/1157 1396/1318/1160
f 1397/1319/1161 1396/1318/1160 1398/1320/1162
f 1399/1321/1163 1400/1322/1164 1401/1323/1165
f 1399/1321/1163 1401/1323/1165 1402/1324/1166
f 1394/1316/1158 1403/1325/1167 1404/1326/1168
f 1394/1316/1158 1404/1326/1168 1395/1317/1159
f 1239/1171/1030 1235/1167/1026 1405/1327/1169
f 1239/1171/1030 1405/1327/1169 1406/1328/1170
f 1407/1329/1171 1408/1330/1172 1409/1331/1173
f 1407/1329/1171 1409/1331/1173 1410/1332/1174
f 1411/1333/1175 1412/1334/1176 1413/1335/1177
f 1411/1333/1175 1413/1335/1177 1414/1336/1178
f 1415/1337/1179 1416/1338/1180 1417/1339/1181
f 1415/1337/1179 1417/1339/1181 1418/1340/1182
f 1419/1341/1183 1415/1337/1179 1418/1340/1182
f 1419/1341/1183 1418/1340/1182 1420/1342/1184
f 1421/1343/1185 1422/1344/1186 1423/1345/1187
f 1421/1343/1185 1423/1345/1187 1424/1346/1188
f 1425/1347/1189 1426/1348/1190 1427/1349/1191
f 1425/1347/1189 1427/1349/1191 1428/1350/1192
f 1134/1066/934 1429/1351/1193 1430/1352/1194
f 1134/1066/934 1430/1352/1194 1135/1067/935
f 1431/1353/1195 1432/1354/1196 1433/1355/1197
f 1431/1353/1195 1433/1355/1197 1434/1356/1198
f 1432/1354/1196 1435/1357/1199 1436/1358/1200
f 1432/1354/1196 1436/1358/1200 1433/1355/1197
f 1435/1357/1199 1437/1359/1201 1438/1360/936
f 1435/1357/1199 1438/1360/936 1436/1358/1200
f 1439/1361/1202 1440/1362/1203 1441/1363/1204
f 1439/1361/1202 1441/1363/1204 1442/1364/1205
f 1443/1365/1148 1380/1302/1148 1381/1303/286
f 1443/1365/1148 1381/1303/286 311/311/286
f 194/194/180 1378/1300/1146 1380/1302/1148
f 194/194/180 1380/1302/1148 1443/1365/1148
f 1444/1366/1103 1322/1249/1103 509/468/421
f 1444/1366/1103 509/468/421 1445/1367/421
f 274/274/253 1319/1246/253 1321/1248/1102
f 274/274/253 1321/1248/1102 1446/1368/1102
f 1447/1369/1074 1288/1220/1074 21/21/21
f 1447/1369/1074 21/21/21 1448/1370/21
f 1449/1371/115 124/124/115 1288/1220/1074
f 1449/1371/115 1288/1220/1074 1447/1369/1074
f 1450/1372/1051 1265/1197/1051 121/121/112
f 1450/1372/1051 121/121/112 1451/1373/112
f 76/76/75 1263/1195/75 1265/1197/1051
f 76/76/75 1265/1197/1051 1450/1372/1051
f 1452/1374/1206 1217/1149/1011 1219/1151/1013
f 1452/1374/1206 1219/1151/1013 1453/1375/1013
f 1454/1376/1009 1214/1146/1009 1217/1149/1011
f 1454/1376/1009 1217/1149/1011 1452/1374/1206
f 1455/1377/942 1142/1074/942 1213/1145/1008
f 1455/1377/942 1213/1145/1008 1456/1378/1207
f 1457/1379/939 1139/1071/939 1142/1074/942
f 1457/1379/939 1142/1074/942 1455/1377/942
s 0
f 1458/1380/1208 1088/1030/1208 1092/1033/1208
f 1458/1380/1208 1092/1033/1208 1459/1381/1208
s 1
f 1460/1382/874 1051/1001/874 741/700/622
f 1460/1382/874 741/700/622 1461/1383/622
f 1462/1384/694 1047/998/870 1050/1001/873
f 1462/1384/694 1050/1001/873 1463/1382/1209
f 1464/1385/1210 994/951/824 996/953/691
f 1464/1385/1210 996/953/691 1465/1386/691
f 1466/1387/1211 768/727/645 994/951/824
f 1466/1387/1211 994/951/824 1464/1385/1210
f 1467/1388/1212 951/908/789 97/97/89
f 1467/1388/1212 97/97/89 1468/1389/89
f 1469/1390/545 948/905/786 951/908/789
f 1469/1390/545 951/908/789 1467/1388/1212
f 1470/1391/1213 904/861/749 695/654/582
f 1470/1391/1213 695/654/582 1471/1392/582
f 1472/1393/1214 588/547/495 903/860/749
f 1472/1393/1214 903/860/749 1473/1394/1215
f 1474/1395/718 859/816/718 585/544/492
f 1474/1395/718 585/544/492 1475/1396/492
f 1476/1397/92 100/100/92 858/815/718
f 1476/1397/92 858/815/718 1477/1398/718
f 1478/1399/691 821/778/691 824/781/694
f 1478/1399/691 824/781/694 1479/1400/694
f 1480/1401/585 698/657/585 768/727/645
f 1480/1401/585 768/727/645 1466/1387/1211
f 1461/1383/622 741/700/622 744/703/625
f 1461/1383/622 744/703/625 1481/1402/625
f 1471/1392/582 695/654/582 698/657/585
f 1471/1392/582 698/657/585 1480/1401/585
f 1482/1403/448 649/608/448 652/611/545
f 1482/1403/448 652/611/545 1483/1404/545
f 1475/1396/492 585/544/492 588/547/495
f 1475/1396/492 588/547/495 1472/1393/1214
f 291/291/269 1484/1405/256 527/477/429
f 291/291/269 527/477/429 526/478/430
f 1445/1367/421 509/468/421 512/471/424
f 1445/1367/421 512/471/424 1485/1406/424
f 1486/1407/377 451/423/377 453/424/183
f 1486/1407/377 453/424/183 197/197/183
f 1487/1408/1216 447/420/293 450/423/376
f 1487/1408/1216 450/423/376 1488/1407/376
f 1489/1409/327 366/358/327 368/359/296
f 1489/1409/327 368/359/296 321/321/296
s 0
f 1490/1410/325 362/355/325 365/358/325
f 1490/1410/325 365/358/325 1491/1409/325
s 1
f 224/224/203 1492/1411/293 368/359/296
f 224/224/203 368/359/296 225/225/204
f 186/186/172 1493/1412/1217 1381/1303/286
f 186/186/172 1381/1303/286 326/326/301
f 290/290/268 1319/1246/253 1484/1405/256
f 290/290/268 1484/1405/256 291/291/269
f 189/189/175 1378/1300/1146 453/424/183
f 189/189/175 453/424/183 190/190/176
f 58/58/57 1494/1413/74 1493/1412/1217
f 58/58/57 1493/1412/1217 186/186/172
f 1451/1373/112 121/121/112 124/124/115
f 1451/1373/112 124/124/115 1449/1371/115
f 1468/1389/89 97/97/89 100/100/92
f 1468/1389/89 100/100/92 1476/1397/92
f 58/58/57 57/57/56 1263/1195/75
f 58/58/57 1263/1195/75 1494/1413/74
f 1448/1370/21 21/21/21 24/24/24
f 1448/1370/21 24/24/24 1495/1414/24
f 1428/1350/1192 1427/1349/1191 1496/1415/1218
f 1428/1350/1192 1496/1415/1218 1497/1416/1219
f 1374/1296/1142 1498/1417/1138 297/297/272
f 1374/1296/1142 297/297/272 296/296/271
f 1373/1295/1141 1499/1418/1137 1498/1417/1138
f 1373/1295/1141 1498/1417/1138 1374/1296/1142
f 1500/1419/1220 1501/1420/1115 1502/1421/409
f 1500/1419/1220 1502/1421/409 1503/1422/394
f 271/271/250 270/270/249 1504/1423/1221
f 271/271/250 1504/1423/1221 1328/1255/1109
f 1505/1424/1222 1506/1425/1068 1507/1426/11
f 1505/1424/1222 1507/1426/11 1508/1427/1223
f 1509/1428/1224 1510/1429/134 1506/1425/1068
f 1509/1428/1224 1506/1425/1068 1505/1424/1222
f 1511/1430/1225 1512/1431/1226 1513/1432/133
f 1511/1430/1225 1513/1432/133 1514/1433/1227
f 67/67/66 66/66/65 1512/1431/1226
f 67/67/66 1512/1431/1226 1511/1430/1225
f 1200/1132/995 1515/1434/990 1516/1435/991
f 1200/1132/995 1516/1435/991 1202/1134/997
f 1199/1131/994 1517/1436/1228 1515/1434/990
f 1199/1131/994 1515/1434/990 1200/1132/995
f 1518/1437/927 1519/1438/1229 1520/1439/1230
f 1518/1437/927 1520/1439/1230 1521/1440/1231
f 1114/1046/916 1522/1441/914 1523/1442/914
f 1114/1046/916 1523/1442/914 1115/1047/916
f 1524/1443/1232 1525/1444/894 1519/1438/1229
f 1524/1443/1232 1519/1438/1229 1518/1437/927
f 1526/1445/1233 1527/1446/1234 1528/1447/607
f 1526/1445/1233 1528/1447/607 1529/1448/1235
f 1530/1449/677 1531/1450/1236 1532/1451/858
f 1530/1449/677 1532/1451/858 1533/1452/1237
f 1534/1453/816 1535/1454/814 1536/1455/1238
f 1534/1453/816 1536/1455/1238 1537/1456/676
f 1538/1457/1239 1539/1458/813 1535/1454/814
f 1538/1457/1239 1535/1454/814 1534/1453/816
f 942/899/780 1540/1459/775 1541/1460/469
f 942/899/780 1541/1460/469 566/525/474
f 941/898/779 1542/1461/1240 1540/1459/775
f 941/898/779 1540/1459/775 942/899/780
f 1543/1462/743 1544/1463/1241 1545/1464/565
f 1543/1462/743 1545/1464/565 1546/1465/570
f 613/572/517 1547/1466/489 1548/1467/1241
f 613/572/517 1548/1467/1241 892/849/741
f 852/809/713 1549/1468/709 1550/1469/1242
f 852/809/713 1550/1469/1242 612/571/516
f 1551/1470/475 1552/1471/470 1553/1472/1243
f 1551/1470/475 1553/1472/1243 1554/1473/713
f 806/764/676 1555/1474/669 1556/1475/1236
f 806/764/676 1556/1475/1236 807/765/677
f 1557/1476/571 1558/1477/1244 1559/1478/1245
f 1557/1476/571 1559/1478/1245 1560/1479/1246
f 1529/1448/1235 1528/1447/607 1561/1441/608
f 1529/1448/1235 1561/1441/608 1562/1046/614
f 1546/1465/570 1545/1464/565 1563/1480/1247
f 1546/1465/570 1563/1480/1247 1564/1481/571
f 636/595/448 1565/1482/448 1566/1483/533
f 636/595/448 1566/1483/533 637/596/535
f 612/571/516 1550/1469/1242 1547/1466/489
f 612/571/516 1547/1466/489 613/572/517
f 1567/1484/474 1568/1485/469 1552/1471/470
f 1567/1484/474 1552/1471/470 1551/1470/475
f 1569/1486/252 273/273/252 521/486/438
f 1569/1486/252 521/486/438 520/487/438
f 1503/1422/394 1502/1421/409 1570/1487/412
f 1503/1422/394 1570/1487/412 1571/1488/395
f 439/413/308 1572/1489/365 1573/1490/1248
f 439/413/308 1573/1490/1248 440/415/370
f 435/412/298 1574/1491/1249 1575/1489/364
f 435/412/298 1575/1489/364 436/413/310
f 377/366/335 1576/1492/340 325/325/300
f 377/366/335 325/325/300 324/324/299
f 376/365/334 1577/1493/337 1578/1492/337
f 376/365/334 1578/1492/337 377/366/335
f 1579/1494/297 322/322/297 325/325/300
f 1579/1494/297 325/325/300 384/372/300
f 1580/1495/1250 175/175/161 297/297/272
f 1580/1495/1250 297/297/272 1372/1294/1140
f 1332/1259/249 270/270/249 273/273/252
f 1332/1259/249 273/273/252 1569/1486/252
f 1581/1496/162 176/176/162 179/179/165
f 1581/1496/162 179/179/165 1582/1497/165
f 1583/1498/1251 172/172/158 175/175/161
f 1583/1498/1251 175/175/161 1580/1495/1250
f 1514/1433/1227 1513/1432/133 1510/1429/134
f 1514/1433/1227 1510/1429/134 1509/1428/1224
f 1584/1499/64 1256/1188/65 66/66/65
f 1584/1499/64 66/66/65 65/65/64
f 1508/1427/1223 1507/1426/11 1585/1500/12
f 1508/1427/1223 1585/1500/12 1586/1501/15
f 1211/1143/1006 1210/1142/1005 1587/1502/1252
f 1211/1143/1006 1587/1502/1252 1588/1503/1253
f 1376/1298/1144 1375/1297/1143 317/317/292
f 1376/1298/1144 317/317/292 316/316/291
f 183/183/169 182/182/168 1375/1297/1143
f 183/183/169 1375/1297/1143 1376/1298/1144
f 1327/1254/1108 1330/1257/1111 479/446/393
f 1327/1254/1108 479/446/393 476/443/390
f 299/299/274 298/298/273 1329/1256/1110
f 299/299/274 1329/1256/1110 1324/1251/1105
f 1285/1217/1071 1284/1216/1070 13/13/13
f 1285/1217/1071 13/13/13 18/18/18
f 115/115/106 104/104/96 1284/1216/1070
f 115/115/106 1284/1216/1070 1285/1217/1071
f 1261/1193/1048 1260/1192/1047 101/101/93
f 1261/1193/1048 101/101/93 114/114/105
f 85/85/82 84/84/81 1260/1192/1047
f 85/85/82 1260/1192/1047 1261/1193/1048
f 1208/1140/1003 1201/1133/996 1203/1135/998
f 1208/1140/1003 1203/1135/998 1210/1142/1005
f 1207/1139/1002 1198/1130/993 1201/1133/996
f 1207/1139/1002 1201/1133/996 1208/1140/1003
f 1131/1063/931 1128/1060/928 1197/1129/993
f 1131/1063/931 1197/1129/993 1204/1136/999
f 1130/1062/930 1125/1057/925 1128/1060/928
f 1130/1062/930 1128/1060/928 1131/1063/931
f 1082/1026/900 1113/1045/915 1116/1048/915
f 1082/1026/900 1116/1048/915 1083/1027/900
f 1046/996/869 1039/992/862 731/690/612
f 1046/996/869 731/690/612 738/697/619
f 817/775/687 808/766/678 1038/991/861
f 817/775/687 1038/991/861 1589/1504/1254
f 992/949/822 987/944/818 805/763/675
f 992/949/822 805/763/675 816/774/686
f 765/724/642 762/721/640 986/943/817
f 765/724/642 986/943/817 989/946/819
f 946/903/784 943/900/781 565/524/473
f 946/903/784 565/524/473 570/529/478
f 945/902/783 940/897/778 943/900/781
f 945/902/783 943/900/781 946/903/784
f 901/858/747 894/851/742 897/854/569
f 901/858/747 897/854/569 686/645/574
f 621/580/525 614/573/518 893/850/742
f 621/580/525 893/850/742 898/855/744
f 856/813/714 851/808/712 611/570/515
f 856/813/714 611/570/515 620/579/524
f 571/530/479 568/527/476 850/807/711
f 571/530/479 850/807/711 853/810/714
f 816/774/686 805/763/675 808/766/678
f 816/774/686 808/766/678 817/775/687
f 687/646/575 759/718/638 762/721/640
f 687/646/575 762/721/640 765/724/642
f 738/697/619 731/690/612 734/693/615
f 738/697/619 734/693/615 739/698/620
f 1590/1505/574 681/640/569 684/643/572
f 1590/1505/574 684/643/572 1591/1506/575
f 644/603/448 635/594/448 638/597/536
f 644/603/448 638/597/536 645/604/540
f 620/579/524 611/570/515 614/573/518
f 620/579/524 614/573/518 621/580/525
f 570/529/478 565/524/473 568/527/476
f 570/529/478 568/527/476 571/530/479
f 272/272/251 301/301/276 523/483/435
f 272/272/251 523/483/435 522/484/436
f 476/443/390 479/446/393 482/449/396
f 476/443/390 482/449/396 477/444/391
f 446/418/307 438/414/369 185/185/171
f 446/418/307 185/185/171 184/184/170
f 442/417/304 434/411/367 437/414/368
f 442/417/304 437/414/368 443/418/309
f 374/362/332 378/367/336 331/331/306
f 374/362/332 331/331/306 330/330/305
f 370/361/330 375/364/333 378/367/336
f 370/361/330 378/367/336 371/362/330
f 323/323/298 328/328/303 331/331/306
f 323/323/298 331/331/306 324/324/299
f 174/174/160 181/181/167 317/317/292
f 174/174/160 317/317/292 296/296/271
f 271/271/250 298/298/273 301/301/276
f 271/271/250 301/301/276 272/272/251
f 1373/1295/1141 182/182/168 185/185/171
f 1373/1295/1141 185/185/171 440/415/370
f 173/173/159 83/83/80 181/181/167
f 173/173/159 181/181/167 174/174/160
f 114/114/105 101/101/93 104/104/96
f 114/114/105 104/104/96 115/115/106
f 173/173/159 1258/1190/66 84/84/81
f 173/173/159 84/84/81 83/83/80
f 18/18/18 13/13/13 16/16/16
f 18/18/18 16/16/16 19/19/19
f 1218/1150/1012 1592/1507/1255 1593/1508/1256
f 1592/1507/1255 1218/1150/1012 1211/1143/1006
f 1592/1507/1255 1211/1143/1006 1588/1503/1253
f 1379/1301/1147 1377/1299/1145 327/327/302
f 1379/1301/1147 327/327/302 326/326/301
f 189/189/175 188/188/174 1377/1299/1145
f 189/189/175 1377/1299/1145 1379/1301/1147
f 1323/1250/1104 1326/1253/1107 475/442/389
f 1323/1250/1104 475/442/389 510/469/422
f 290/290/268 289/289/267 1325/1252/1106
f 290/290/268 1325/1252/1106 1320/1247/1101
f 1287/1219/1073 1286/1218/1072 17/17/17
f 1287/1219/1073 17/17/17 22/22/22
f 123/123/114 116/116/107 1286/1218/1072
f 123/123/114 1286/1218/1072 1287/1219/1073
f 1264/1196/1050 1262/1194/1049 113/113/104
f 1264/1196/1050 113/113/104 122/122/113
f 57/57/56 56/56/55 1262/1194/1049
f 57/57/56 1262/1194/1049 1264/1196/1050
f 1216/1148/1010 1209/1141/1004 1211/1143/1006
f 1216/1148/1010 1211/1143/1006 1218/1150/1012
f 1215/1147/1007 1206/1138/1001 1209/1141/1004
f 1215/1147/1007 1209/1141/1004 1216/1148/1010
f 1141/1073/941 1132/1064/932 1205/1137/1000
f 1141/1073/941 1205/1137/1000 1212/1144/1007
f 1140/1072/940 1129/1061/929 1132/1064/932
f 1140/1072/940 1132/1064/932 1141/1073/941
f 1089/1031/903 1081/1025/899 1084/1028/899
f 1089/1031/903 1084/1028/899 1090/1032/903
f 1052/1000/875 1045/997/868 737/696/618
f 1052/1000/875 737/696/618 742/701/623
f 1048/999/871 1041/994/864 1044/997/867
f 1048/999/871 1044/997/867 1049/1000/872
f 1594/1509/823 991/948/821 815/773/685
f 1594/1509/823 815/773/685 822/779/692
f 767/726/644 766/725/643 990/947/820
f 767/726/644 990/947/820 993/950/823
f 950/907/788 947/904/785 569/528/477
f 950/907/788 569/528/477 98/98/90
f 949/906/787 944/901/782 947/904/785
f 949/906/787 947/904/785 950/907/788
f 905/862/750 900/857/746 685/644/573
f 905/862/750 685/644/573 696/655/583
f 587/546/494 622/581/526 899/856/745
f 587/546/494 899/856/745 902/859/748
f 860/817/717 855/812/716 619/578/523
f 860/817/717 619/578/523 586/545/493
f 99/99/91 572/531/480 854/811/715
f 99/99/91 854/811/715 857/814/717
f 822/779/692 815/773/685 818/776/688
f 822/779/692 818/776/688 823/780/693
f 697/656/584 688/647/576 766/725/643
f 697/656/584 766/725/643 767/726/644
f 742/701/623 737/696/618 740/699/621
f 742/701/623 740/699/621 743/702/624
f 696/655/583 685/644/573 688/647/576
f 696/655/583 688/647/576 697/656/584
f 650/609/448 643/602/448 646/605/541
f 650/609/448 646/605/541 651/610/544
f 586/545/493 619/578/523 622/581/526
f 586/545/493 622/581/526 587/546/494
f 98/98/90 569/528/477 572/531/480
f 98/98/90 572/531/480 99/99/91
f 300/300/275 292/292/270 525/480/432
f 300/300/275 525/480/432 524/481/433
f 510/469/422 475/442/389 478/445/392
f 510/469/422 478/445/392 511/470/423
f 452/422/378 445/419/373 191/191/177
f 452/422/378 191/191/177 190/190/176
f 448/421/374 441/416/371 444/419/372
f 448/421/374 444/419/372 449/422/375
f 367/357/328 373/363/331 226/226/205
f 367/357/328 226/226/205 225/225/204
f 363/356/326 369/360/329 372/363/329
f 363/356/326 372/363/329 364/357/326
f 180/180/166 187/187/173 327/327/302
f 180/180/166 327/327/302 316/316/291
f 299/299/274 289/289/267 292/292/270
f 299/299/274 292/292/270 300/300/275
f 329/329/304 223/223/202 226/226/205
f 329/329/304 226/226/205 330/330/305
f 183/183/169 188/188/174 191/191/177
f 183/183/169 191/191/177 184/184/170
f 86/86/83 55/55/54 187/187/173
f 86/86/83 187/187/173 180/180/166
f 122/122/113 113/113/104 116/116/107
f 122/122/113 116/116/107 123/123/114
f 86/86/83 85/85/82 56/56/55
f 86/86/83 56/56/55 55/55/54
f 22/22/22 17/17/17 20/20/20
f 22/22/22 20/20/20 23/23/23
f 92/92/85 91/91/84 1256/1188/65
f 92/92/85 1256/1188/65 1584/1499/64
f 1595/1510/85 1583/1498/1251 1580/1495/1250
f 1595/1510/85 1580/1495/1250 1596/1511/155
f 170/170/156 1581/1496/162 1582/1497/165
f 170/170/156 1582/1497/165 171/171/157
f 286/286/264 1332/1259/249 1569/1486/252
f 286/286/264 1569/1486/252 287/287/265
f 1596/1511/155 1580/1495/1250 1372/1294/1140
f 1596/1511/155 1372/1294/1140 1371/1293/1139
f 308/308/283 1579/1494/297 384/372/300
f 308/308/283 384/372/300 309/309/284
f 287/287/265 1569/1486/252 520/487/438
f 287/287/265 520/487/438 519/488/439
f 1498/1417/1138 1370/1292/1138 1372/1294/1140
f 1498/1417/1138 1372/1294/1140 297/297/272
f 1499/1418/1137 1367/1289/1137 1370/1292/1138
f 1499/1418/1137 1370/1292/1138 1498/1417/1138
f 1501/1420/1115 1335/1262/1115 495/457/409
f 1501/1420/1115 495/457/409 1502/1421/409
f 270/270/249 1332/1259/249 1334/1261/1114
f 270/270/249 1334/1261/1114 1504/1423/1221
f 1506/1425/1068 1282/1214/1068 11/11/11
f 1506/1425/1068 11/11/11 1507/1426/11
f 1510/1429/134 144/144/134 1282/1214/1068
f 1510/1429/134 1282/1214/1068 1506/1425/1068
f 1512/1431/1226 1257/1189/1045 143/143/133
f 1512/1431/1226 143/143/133 1513/1432/133
f 66/66/65 1256/1188/65 1257/1189/1045
f 66/66/65 1257/1189/1045 1512/1431/1226
f 1515/1434/990 1194/1126/990 1195/1127/991
f 1515/1434/990 1195/1127/991 1516/1435/991
f 1517/1436/1228 1193/1125/989 1194/1126/990
f 1517/1436/1228 1194/1126/990 1515/1434/990
f 1519/1438/1229 1078/1023/897 1192/1124/988
f 1519/1438/1229 1192/1124/988 1520/1439/1230
s 0
f 1522/1441/914 1111/685/914 1112/1044/914
f 1522/1441/914 1112/1044/914 1523/1442/914
s 1
f 1525/1444/894 1075/1020/894 1078/1023/897
f 1525/1444/894 1078/1023/897 1519/1438/1229
f 1527/1446/1234 1035/988/859 725/684/607
f 1527/1446/1234 725/684/607 1528/1447/607
f 1531/1450/1236 1033/986/857 1034/987/858
f 1531/1450/1236 1034/987/858 1532/1451/858
f 1535/1454/814 983/940/814 984/941/815
f 1535/1454/814 984/941/815 1536/1455/1238
f 1539/1458/813 982/939/813 983/940/814
f 1539/1458/813 983/940/814 1535/1454/814
f 1540/1459/775 937/894/775 939/896/777
f 1540/1459/775 939/896/777 1541/1460/469
f 1542/1461/1240 934/891/533 937/894/775
f 1542/1461/1240 937/894/775 1540/1459/775
f 1544/1463/1241 891/848/740 677/636/565
f 1544/1463/1241 677/636/565 1545/1464/565
f 1547/1466/489 582/541/489 890/847/739
f 1547/1466/489 890/847/739 1548/1467/1241
f 1549/1468/709 848/805/709 579/538/486
f 1549/1468/709 579/538/486 1550/1469/1242
f 1552/1471/470 562/521/470 847/804/708
f 1552/1471/470 847/804/708 1553/1472/1243
f 1555/1474/669 797/755/669 800/758/671
f 1555/1474/669 800/758/671 1556/1475/1236
f 1558/1477/1244 753/712/634 756/715/636
f 1558/1477/1244 756/715/636 1559/1478/1245
f 1528/1447/607 725/684/607 726/685/608
f 1528/1447/607 726/685/608 1561/1441/608
f 1545/1464/565 677/636/565 678/637/566
f 1545/1464/565 678/637/566 1563/1480/1247
f 1565/1482/448 631/590/448 632/591/533
f 1565/1482/448 632/591/533 1566/1483/533
f 1550/1469/1242 579/538/486 582/541/489
f 1550/1469/1242 582/541/489 1547/1466/489
f 1568/1485/469 561/520/469 562/521/470
f 1568/1485/469 562/521/470 1552/1471/470
f 1502/1421/409 495/457/409 498/459/412
f 1502/1421/409 498/459/412 1570/1487/412
f 1572/1489/365 430/408/365 433/410/366
f 1572/1489/365 433/410/366 1573/1490/1248
f 1574/1491/1249 426/405/297 429/408/364
f 1574/1491/1249 429/408/364 1575/1489/364
f 1576/1492/340 383/371/340 384/372/300
f 1576/1492/340 384/372/300 325/325/300
s 0
f 1577/1493/337 379/368/337 382/371/337
f 1577/1493/337 382/371/337 1578/1492/337
s 1
f 1513/1432/133 143/143/133 144/144/134
f 1513/1432/133 144/144/134 1510/1429/134
f 1507/1426/11 11/11/11 12/12/12
f 1507/1426/11 12/12/12 1585/1500/12
f 1597/1512/1257 1448/1370/21 1495/1414/24
f 1597/1512/1257 1495/1414/24 1598/1513/1258
f 956/913/794 1468/1389/89 1476/1397/92
f 956/913/794 1476/1397/92 1599/1514/1259
f 1600/1515/1260 1451/1373/112 1449/1371/115
f 1600/1515/1260 1449/1371/115 1601/1516/1261
f 358/353/323 1490/1410/325 1491/1409/325
f 358/353/323 1491/1409/325 359/354/323
f 361/354/324 1489/1409/327 321/321/296
f 361/354/324 321/321/296 320/320/295
f 455/426/294 1487/1408/1216 1488/1407/376
f 455/426/294 1488/1407/376 456/427/351
f 459/427/350 1486/1407/377 197/197/183
f 459/427/350 197/197/183 196/196/182
f 506/465/419 1445/1367/421 1485/1406/424
f 506/465/419 1485/1406/424 507/466/420
f 592/551/498 1475/1396/492 1472/1393/1214
f 592/551/498 1472/1393/1214 593/552/499
f 656/615/448 1482/1403/448 1483/1404/545
f 656/615/448 1483/1404/545 657/616/547
f 702/661/587 1471/1392/582 1480/1401/585
f 702/661/587 1480/1401/585 703/662/588
f 706/665/590 1461/1383/622 1481/1402/625
f 706/665/590 1481/1402/625 707/666/591
f 703/662/588 1480/1401/585 1466/1387/1211
f 703/662/588 1466/1387/1211 771/730/647
f 828/785/697 1478/1399/691 1479/1400/694
f 828/785/697 1479/1400/694 829/786/698
f 1599/1514/1259 1476/1397/92 1477/1398/718
f 1599/1514/1259 1477/1398/718 1602/1517/719
f 864/821/719 1474/1395/718 1475/1396/492
f 864/821/719 1475/1396/492 592/551/498
f 593/552/499 1472/1393/1214 1473/1394/1215
f 593/552/499 1473/1394/1215 906/863/751
f 909/866/754 1470/1391/1213 1471/1392/582
f 909/866/754 1471/1392/582 702/661/587
f 953/910/791 1469/1390/545 1467/1388/1212
f 953/910/791 1467/1388/1212 954/911/792
f 954/911/792 1467/1388/1212 1468/1389/89
f 954/911/792 1468/1389/89 956/913/794
f 771/730/647 1466/1387/1211 1464/1385/1210
f 771/730/647 1464/1385/1210 997/954/826
f 997/954/826 1464/1385/1210 1465/1386/691
f 997/954/826 1465/1386/691 999/956/828
f 1054/1003/877 1462/1384/694 1463/1382/1209
f 1054/1003/877 1463/1382/1209 1055/1004/878
f 1058/1004/881 1460/1382/874 1461/1383/622
f 1058/1004/881 1461/1383/622 706/665/590
f 1096/1035/906 1458/1380/1208 1459/1381/1208
f 1096/1035/906 1459/1381/1208 1097/1036/907
f 1603/1518/947 1457/1379/939 1455/1377/942
f 1603/1518/947 1455/1377/942 1604/1519/1262
f 1604/1519/1262 1455/1377/942 1456/1378/1207
f 1604/1519/1262 1456/1378/1207 1605/1520/1263
f 1223/1155/1014 1454/1376/1009 1452/1374/1206
f 1223/1155/1014 1452/1374/1206 1224/1156/1017
f 1224/1156/1017 1452/1374/1206 1453/1375/1013
f 1224/1156/1017 1453/1375/1013 1226/1158/1019
f 77/77/76 76/76/75 1450/1372/1051
f 77/77/76 1450/1372/1051 1606/1521/1264
f 1606/1521/1264 1450/1372/1051 1451/1373/112
f 1606/1521/1264 1451/1373/112 1600/1515/1260
f 1601/1516/1261 1449/1371/115 1447/1369/1074
f 1601/1516/1261 1447/1369/1074 1607/1522/1265
f 1607/1522/1265 1447/1369/1074 1448/1370/21
f 1607/1522/1265 1448/1370/21 1597/1512/1257
f 275/275/254 274/274/253 1446/1368/1102
f 275/275/254 1446/1368/1102 1316/1243/1098
f 1318/1245/1100 1444/1366/1103 1445/1367/421
f 1318/1245/1100 1445/1367/421 506/465/419
f 195/195/181 194/194/180 1443/1365/1148
f 195/195/181 1443/1365/1148 1383/1305/1149
f 1383/1305/1149 1443/1365/1148 311/311/286
f 1383/1305/1149 311/311/286 310/310/285
f 1608/1523/1266 1609/1524/1267 1610/1525/1268
f 1608/1523/1266 1610/1525/1268 1611/1526/1269
f 1484/1405/256 277/277/256 528/476/429
f 1484/1405/256 528/476/429 527/477/429
f 1492/1411/293 318/318/293 321/321/296
f 1492/1411/293 321/321/296 368/359/296
f 1493/1412/1217 193/193/179 311/311/286
f 1493/1412/1217 311/311/286 1381/1303/286
f 1319/1246/253 274/274/253 277/277/256
f 1319/1246/253 277/277/256 1484/1405/256
f 1378/1300/1146 194/194/180 197/197/183
f 1378/1300/1146 197/197/183 453/424/183
f 1494/1413/74 75/75/74 193/193/179
f 1494/1413/74 193/193/179 1493/1412/1217
f 1494/1413/74 1263/1195/75 76/76/75
f 1494/1413/74 76/76/75 75/75/74
f 1612/1527/1270 1613/1528/1271 1614/1529/1272
f 1612/1527/1270 1614/1529/1272 1615/1530/1273
f 1616/1531/1274 1617/1532/1275 1618/1533/1276
f 1616/1531/1274 1618/1533/1276 1619/1534/1277
f 1620/1535/1278 1621/1536/1279 1622/1537/1280
f 1620/1535/1278 1622/1537/1280 1623/1538/1281
f 1624/1539/1282 1431/1353/1195 1434/1356/1198
f 1624/1539/1282 1434/1356/1198 1625/1540/1283
f 1243/1175/1034 1239/1171/1030 1406/1328/1170
f 1243/1175/1034 1406/1328/1170 1626/1541/1284
f 1210/1142/1005 1203/1135/998 1627/1542/1285
f 1210/1142/1005 1627/1542/1285 1587/1502/1252
f 1169/1101/967 1168/1100/966 1628/1543/1286
f 1169/1101/967 1628/1543/1286 1629/1544/1287
f 1168/1100/966 1243/1175/1034 1626/1541/1284
f 1168/1100/966 1626/1541/1284 1628/1543/1286
f 1630/1545/1279 1631/1546/1288 1632/1547/1289
f 1630/1545/1279 1632/1547/1289 1633/1548/1290
f 1173/1105/970 1169/1101/967 1629/1544/1287
f 1173/1105/970 1629/1544/1287 1634/1549/1291
f 1227/1159/1020 1226/1158/1019 1401/1323/1165
f 1227/1159/1020 1401/1323/1165 1635/1550/1292
f 1177/1109/974 1173/1105/970 1634/1549/1291
f 1177/1109/974 1634/1549/1291 1636/1551/1293
f 1637/1552/1294 1608/1523/1266 1611/1526/1269
f 1637/1552/1294 1611/1526/1269 1638/1553/1295
f 1639/1554/1296 1640/1555/1297 1641/1556/1298
f 1639/1554/1296 1641/1556/1298 1642/1557/1299
f 1183/1115/979 1177/1109/974 1636/1551/1293
f 1183/1115/979 1636/1551/1293 1643/1558/1300
f 1231/1163/1023 1227/1159/1020 1635/1550/1292
f 1231/1163/1023 1635/1550/1292 1644/1559/1301
f 1416/1338/1180 1612/1527/1270 1615/1530/1273
f 1416/1338/1180 1615/1530/1273 1417/1339/1181
f 1187/1119/983 1183/1115/979 1643/1558/1300
f 1187/1119/983 1643/1558/1300 1645/1560/1302
f 1235/1167/1026 1231/1163/1023 1644/1559/1301
f 1235/1167/1026 1644/1559/1301 1405/1327/1169
f 1191/1123/987 1187/1119/983 1645/1560/1302
f 1191/1123/987 1645/1560/1302 1424/1346/1188
f 1646/1561/1303 1647/1562/1304 1422/1344/1186
f 1646/1561/1303 1422/1344/1186 1421/1343/1185
f 1397/1319/1161 1429/1351/1193 1648/1563/1305
f 1397/1319/1161 1648/1563/1305 1649/1564/1306
f 1649/1564/1306 1648/1563/1305 1629/1544/1287
f 1649/1564/1306 1629/1544/1287 1628/1543/1286
f 1429/1351/1193 1134/1066/934 1650/1565/1307
f 1429/1351/1193 1650/1565/1307 1648/1563/1305
f 1648/1563/1305 1650/1565/1307 1634/1549/1291
f 1648/1563/1305 1634/1549/1291 1629/1544/1287
f 1134/1066/934 1133/1065/933 1651/1566/1308
f 1134/1066/934 1651/1566/1308 1650/1565/1307
f 1650/1565/1307 1651/1566/1308 1636/1551/1293
f 1650/1565/1307 1636/1551/1293 1634/1549/1291
f 1133/1065/933 1652/1567/1309 1653/1568/1310
f 1133/1065/933 1653/1568/1310 1651/1566/1308
f 1651/1566/1308 1653/1568/1310 1643/1558/1300
f 1651/1566/1308 1643/1558/1300 1636/1551/1293
f 1652/1567/1309 1654/1569/1311 1655/1570/1312
f 1652/1567/1309 1655/1570/1312 1653/1568/1310
f 1653/1568/1310 1655/1570/1312 1645/1560/1302
f 1653/1568/1310 1645/1560/1302 1643/1558/1300
f 1654/1569/1311 1646/1561/1303 1421/1343/1185
f 1654/1569/1311 1421/1343/1185 1655/1570/1312
f 1655/1570/1312 1421/1343/1185 1424/1346/1188
f 1655/1570/1312 1424/1346/1188 1645/1560/1302
f 1656/1571/1313 1657/1572/1314 1658/1573/1315
f 1656/1571/1313 1658/1573/1315 1659/1574/1316
f 1203/1135/998 1661/1575/1317 1627/1542/1285
f 1661/1575/1317 1203/1135/998 1202/1134/997
f 1661/1575/1317 1202/1134/997 1660/1576/1256
f 1657/1572/1314 1662/1577/1318 1663/1578/1319
f 1657/1572/1314 1663/1578/1319 1658/1573/1315
f 1658/1573/1315 1663/1578/1319 1587/1502/1252
f 1658/1573/1315 1587/1502/1252 1627/1542/1285
f 1664/1579/1320 1665/1580/1321 1412/1334/1176
f 1664/1579/1320 1412/1334/1176 1411/1333/1175
f 1623/1538/1281 1622/1537/1280 1666/1581/1322
f 1623/1538/1281 1666/1581/1322 1667/1582/1323
f 1453/1375/1013 1401/1323/1165 1226/1158/1019
f 1401/1323/1165 1453/1375/1013 1668/1583/1256
f 1401/1323/1165 1668/1583/1256 1402/1324/1166
f 1669/1584/1267 1670/1585/1324 1671/1586/1325
f 1669/1584/1267 1671/1586/1325 1400/1322/1164
f 1400/1322/1164 1671/1586/1325 1635/1550/1292
f 1400/1322/1164 1635/1550/1292 1401/1323/1165
f 1670/1585/1324 1672/1587/1326 1673/1588/1327
f 1670/1585/1324 1673/1588/1327 1671/1586/1325
f 1671/1586/1325 1673/1588/1327 1644/1559/1301
f 1671/1586/1325 1644/1559/1301 1635/1550/1292
f 1672/1587/1326 1403/1325/1167 1674/1589/1328
f 1672/1587/1326 1674/1589/1328 1673/1588/1327
f 1673/1588/1327 1674/1589/1328 1405/1327/1169
f 1673/1588/1327 1405/1327/1169 1644/1559/1301
f 1403/1325/1167 1394/1316/1158 1675/1590/1329
f 1403/1325/1167 1675/1590/1329 1674/1589/1328
f 1674/1589/1328 1675/1590/1329 1406/1328/1170
f 1674/1589/1328 1406/1328/1170 1405/1327/1169
f 1394/1316/1158 1393/1315/1157 1676/1591/1330
f 1394/1316/1158 1676/1591/1330 1675/1590/1329
f 1675/1590/1329 1676/1591/1330 1626/1541/1284
f 1675/1590/1329 1626/1541/1284 1406/1328/1170
f 1393/1315/1157 1397/1319/1161 1649/1564/1306
f 1393/1315/1157 1649/1564/1306 1676/1591/1330
f 1676/1591/1330 1649/1564/1306 1628/1543/1286
f 1676/1591/1330 1628/1543/1286 1626/1541/1284
f 1219/1151/1013 1668/1583/1256 1453/1375/1013
f 1668/1583/1256 1219/1151/1013 1677/1592/1256
f 1668/1583/1256 1677/1592/1256 1413/1335/1177
f 1413/1335/1177 1677/1592/1256 1414/1336/1178
f 1619/1534/1277 1618/1533/1276 1592/1507/1255
f 1619/1534/1277 1592/1507/1255 1588/1503/1253
f 1593/1508/1256 1677/1592/1256 1219/1151/1013
f 1677/1592/1256 1593/1508/1256 1667/1582/1323
f 1677/1592/1256 1667/1582/1323 1666/1581/1322
f 1202/1134/997 1516/1435/991 1660/1576/1256
f 1659/1574/1316 1658/1573/1315 1627/1542/1285
f 1659/1574/1316 1627/1542/1285 1661/1575/1317
f 1679/1593/1256 1497/1416/1219 1496/1415/1218
f 1497/1416/1219 1679/1593/1256 1678/1594/1256
f 1678/1594/1256 1679/1593/1256 1516/1435/991
f 1678/1594/1256 1516/1435/991 1195/1127/991
f 1662/1577/1318 1616/1531/1274 1619/1534/1277
f 1662/1577/1318 1619/1534/1277 1663/1578/1319
f 1663/1578/1319 1619/1534/1277 1588/1503/1253
f 1663/1578/1319 1588/1503/1253 1587/1502/1252
f 1680/1595/1331 1681/1596/1332 1682/1597/1333
f 1680/1595/1331 1682/1597/1333 1683/1598/1334
f 1678/1594/1256 1424/1346/1188 1423/1345/1187
f 1424/1346/1188 1678/1594/1256 1195/1127/991
f 1424/1346/1188 1195/1127/991 1191/1123/987
f 1684/1599/1335 1669/1584/1267 1400/1322/1164
f 1684/1599/1335 1400/1322/1164 1399/1321/1163
f 1683/1598/1334 1682/1597/1333 1685/1600/1336
f 1683/1598/1334 1685/1600/1336 1686/1601/1337
f 1429/1351/1193 1397/1319/1161 1398/1320/1162
f 1429/1351/1193 1398/1320/1162 1430/1352/1194
f 1685/1600/1336 1687/1602/1338 1660/1576/1256
f 1687/1602/1338 1661/1575/1317 1660/1576/1256
f 1592/1507/1255 1688/1603/1339 1593/1508/1256
f 1688/1603/1339 1667/1582/1323 1593/1508/1256
f 1656/1571/1313 1659/1574/1316 1689/1604/1340
f 1656/1571/1313 1689/1604/1340 1690/1605/1341
f 1690/1605/1341 1689/1604/1340 1682/1597/1333
f 1690/1605/1341 1682/1597/1333 1681/1596/1332
f 1659/1574/1316 1661/1575/1317 1687/1602/1338
f 1659/1574/1316 1687/1602/1338 1689/1604/1340
f 1689/1604/1340 1687/1602/1338 1685/1600/1336
f 1689/1604/1340 1685/1600/1336 1682/1597/1333
f 1620/1535/1278 1623/1538/1281 1691/1606/1342
f 1620/1535/1278 1691/1606/1342 1692/1607/1343
f 1692/1607/1343 1691/1606/1342 1618/1533/1276
f 1692/1607/1343 1618/1533/1276 1617/1532/1275
f 1623/1538/1281 1667/1582/1323 1688/1603/1339
f 1623/1538/1281 1688/1603/1339 1691/1606/1342
f 1691/1606/1342 1688/1603/1339 1592/1507/1255
f 1691/1606/1342 1592/1507/1255 1618/1533/1276
f 1693/1608/1344 1694/1609/1345 1695/1610/1346
f 1693/1608/1344 1695/1610/1346 1696/1611/1347
f 1696/1611/1347 1695/1610/1346 1697/1612/1348
f 1696/1611/1347 1697/1612/1348 1698/1613/1349
f 1632/1547/1289 1631/1546/1288 1699/1614/1350
f 1632/1547/1289 1699/1614/1350 1700/1615/1351
f 1701/1616/1352 1702/1617/1350 1419/1341/1183
f 1701/1616/1352 1419/1341/1183 1420/1342/1184
f 1703/1618/1353 1704/1619/1354 1705/1620/1355
f 1703/1618/1353 1705/1620/1355 1706/1621/1356
f 1423/1345/1187 1707/1622/1357 1678/1594/1256
f 1707/1622/1357 1497/1416/1219 1678/1594/1256
f 1413/1335/1177 1708/1623/1358 1668/1583/1256
f 1708/1623/1358 1402/1324/1166 1668/1583/1256
f 1412/1334/1176 1665/1580/1321 1709/1624/1359
f 1412/1334/1176 1709/1624/1359 1710/1625/1360
f 1710/1625/1360 1709/1624/1359 1684/1599/1335
f 1710/1625/1360 1684/1599/1335 1399/1321/1163
f 1413/1335/1177 1412/1334/1176 1710/1625/1360
f 1413/1335/1177 1710/1625/1360 1708/1623/1358
f 1708/1623/1358 1710/1625/1360 1399/1321/1163
f 1708/1623/1358 1399/1321/1163 1402/1324/1166
f 1422/1344/1186 1647/1562/1304 1711/1626/1361
f 1422/1344/1186 1711/1626/1361 1712/1627/1362
f 1712/1627/1362 1711/1626/1361 1425/1347/1189
f 1712/1627/1362 1425/1347/1189 1428/1350/1192
f 1423/1345/1187 1422/1344/1186 1712/1627/1362
f 1423/1345/1187 1712/1627/1362 1707/1622/1357
f 1707/1622/1357 1712/1627/1362 1428/1350/1192
f 1707/1622/1357 1428/1350/1192 1497/1416/1219
f 1641/1556/1298 1640/1555/1297 1713/1628/1363
f 1641/1556/1298 1713/1628/1363 1714/1629/1364
f 1714/1629/1364 1713/1628/1363 1624/1539/1282
f 1714/1629/1364 1624/1539/1282 1625/1540/1283
f 1439/1361/1202 1442/1364/1205 1715/1630/1365
f 1439/1361/1202 1715/1630/1365 1716/1631/1366
f 1716/1631/1366 1715/1630/1365 1717/1632/1367
f 1716/1631/1366 1717/1632/1367 1718/1633/1368
f 1609/1524/1267 1719/1634/1369 1720/1635/1367
f 1609/1524/1267 1720/1635/1367 1610/1525/1268
f 1666/1581/1322 1721/1636/1370 1677/1592/1256
f 1721/1636/1370 1414/1336/1178 1677/1592/1256
f 1496/1415/1218 1722/1637/1371 1679/1593/1256
f 1722/1637/1371 1686/1601/1337 1679/1593/1256
f 1427/1349/1191 1426/1348/1190 1723/1638/1372
f 1427/1349/1191 1723/1638/1372 1724/1639/1373
f 1724/1639/1373 1723/1638/1372 1680/1595/1331
f 1724/1639/1373 1680/1595/1331 1683/1598/1334
f 1496/1415/1218 1427/1349/1191 1724/1639/1373
f 1496/1415/1218 1724/1639/1373 1722/1637/1371
f 1722/1637/1371 1724/1639/1373 1683/1598/1334
f 1722/1637/1371 1683/1598/1334 1686/1601/1337
f 1664/1579/1320 1411/1333/1175 1725/1640/1374
f 1664/1579/1320 1725/1640/1374 1726/1641/1375
f 1726/1641/1375 1725/1640/1374 1622/1537/1280
f 1726/1641/1375 1622/1537/1280 1621/1536/1279
f 1411/1333/1175 1414/1336/1178 1721/1636/1370
f 1411/1333/1175 1721/1636/1370 1725/1640/1374
f 1725/1640/1374 1721/1636/1370 1666/1581/1322
f 1725/1640/1374 1666/1581/1322 1622/1537/1280
f 1639/1554/1296 1642/1557/1299 1727/1642/1376
f 1639/1554/1296 1727/1642/1376 1728/1643/1377
f 1728/1643/1377 1727/1642/1376 1729/1644/1378
f 1728/1643/1377 1729/1644/1378 1730/1645/1331
f 1441/1363/1204 1440/1362/1203 1731/1646/1379
f 1441/1363/1204 1731/1646/1379 1732/1647/1380
f 1732/1647/1380 1731/1646/1379 1630/1545/1279
f 1732/1647/1380 1630/1545/1279 1633/1548/1290
f 1697/1612/1348 1730/1645/1331 1729/1644/1378
f 1697/1612/1348 1729/1644/1378 1698/1613/1349
f 1733/1648/1381 1734/1649/1382 1735/1650/1383
f 1733/1648/1381 1735/1650/1383 1736/1651/1384
f 1737/1652/1385 1738/1653/1386 1739/1654/1387
f 1737/1652/1385 1739/1654/1387 1740/1655/1388
f 1741/1656/1386 1742/1657/1389 1743/1658/1390
f 1741/1656/1386 1743/1658/1390 1744/1659/1391
f 1745/1660/1256 1746/1661/1392 1747/1662/1393
f 1745/1660/1256 1747/1662/1393 1748/1663/1256
f 1749/1664/1394 1750/1665/1395 1751/1666/1396
f 1749/1664/1394 1751/1666/1396 1752/1667/1397
f 1753/1668/1256 1756/1669/1398 1757/1670/1256
f 1756/1669/1398 1753/1668/1256 1754/1671/1256
f 1756/1669/1398 1754/1671/1256 1755/1672/1399
f 1742/1657/1389 1758/1673/1400 1759/1674/1401
f 1742/1657/1389 1759/1674/1401 1743/1658/1390
f 1755/1672/1399 1760/1675/1402 1761/1676/1403
f 1755/1672/1399 1761/1676/1403 1762/1677/1404
f 1763/1678/1405 1733/1648/1381 1736/1651/1384
f 1763/1678/1405 1736/1651/1384 1764/1679/1355
f 1765/1680/1406 1766/1681/1407 1767/1682/1408
f 1765/1680/1406 1767/1682/1408 1768/1683/1409
f 1769/1684/1410 1770/1685/1411 1771/1686/1412
f 1769/1684/1410 1771/1686/1412 1772/1687/1413
f 1773/1688/1414 1765/1680/1406 1768/1683/1409
f 1773/1688/1414 1768/1683/1409 1774/1689/1415
f 1775/1690/1416 1776/1691/1353 1777/1692/1417
f 1775/1690/1416 1777/1692/1417 1778/1693/1418
s 0
f 1779/1694/1256 1780/1695/1256 1781/1696/1256
f 1779/1694/1256 1781/1696/1256 1782/1697/1256
s 1
f 1770/1685/1411 1783/1698/1419 1784/1699/1420
f 1770/1685/1411 1784/1699/1420 1771/1686/1412
s 0
f 1785/1700/1256 1781/1696/1256 1780/1695/1256
f 1785/1700/1256 1780/1695/1256 1754/1671/1256
f 1782/1697/1256 1781/1696/1256 1786/1701/1256
f 1782/1697/1256 1786/1701/1256 1787/1702/1256
f 1788/1703/1256 1786/1701/1256 1781/1696/1256
f 1788/1703/1256 1781/1696/1256 1785/1700/1256
f 1787/1702/1256 1786/1701/1256 1789/1704/1256
f 1787/1702/1256 1789/1704/1256 1790/1705/1256
f 1790/1705/1256 1789/1704/1256 1791/1706/1256
f 1790/1705/1256 1791/1706/1256 1792/1707/1256
f 1793/1708/1256 1789/1704/1256 1786/1701/1256
f 1793/1708/1256 1786/1701/1256 1788/1703/1256
f 1794/1709/1256 1791/1706/1256 1789/1704/1256
f 1794/1709/1256 1789/1704/1256 1793/1708/1256
f 1792/1707/1256 1791/1706/1256 1795/1710/1256
f 1792/1707/1256 1795/1710/1256 1796/1711/1256
f 1797/1712/1256 1795/1710/1256 1791/1706/1256
f 1797/1712/1256 1791/1706/1256 1794/1709/1256
f 1798/1713/1256 1795/1710/1256 1799/1714/1256
f 1800/1715/1256 1801/1716/1256 1795/1710/1256
f 1795/1710/1256 1802/1717/1256 1796/1711/1256
f 1795/1710/1256 1801/1716/1256 1802/1717/1256
f 1795/1710/1256 1798/1713/1256 1800/1715/1256
f 1799/1714/1256 1795/1710/1256 1803/1718/1256
f 1803/1718/1256 1795/1710/1256 1804/1719/1256
f 1804/1719/1256 1795/1710/1256 1797/1712/1256
s 1
f 1805/1720/1421 1775/1690/1416 1778/1693/1418
f 1805/1720/1421 1778/1693/1418 1806/1721/1422
s 0
f 1807/1722/1256 1797/1712/1256 1794/1709/1256
f 1807/1722/1256 1794/1709/1256 1808/1723/1256
f 1808/1723/1256 1794/1709/1256 1793/1708/1256
f 1808/1723/1256 1793/1708/1256 1809/1724/1256
f 1809/1724/1256 1793/1708/1256 1788/1703/1256
f 1809/1724/1256 1788/1703/1256 1810/1725/1256
f 1810/1725/1256 1788/1703/1256 1785/1700/1256
f 1810/1725/1256 1785/1700/1256 1811/1726/1256
f 1811/1726/1256 1785/1700/1256 1754/1671/1256
f 1811/1726/1256 1754/1671/1256 1753/1668/1256
f 1812/1727/1256 1792/1707/1256 1796/1711/1256
f 1812/1727/1256 1796/1711/1256 1813/1728/1256
f 1814/1729/1256 1790/1705/1256 1792/1707/1256
f 1814/1729/1256 1792/1707/1256 1812/1727/1256
f 1815/1730/1256 1787/1702/1256 1790/1705/1256
f 1815/1730/1256 1790/1705/1256 1814/1729/1256
f 1816/1731/1256 1782/1697/1256 1787/1702/1256
f 1816/1731/1256 1787/1702/1256 1815/1730/1256
f 1817/1732/1256 1779/1694/1256 1782/1697/1256
f 1817/1732/1256 1782/1697/1256 1816/1731/1256
s 1
f 1783/1698/1419 1818/1733/1423 1819/1734/1424
f 1783/1698/1419 1819/1734/1424 1784/1699/1420
f 1780/1695/1256 1755/1672/1399 1754/1671/1256
f 1755/1672/1399 1780/1695/1256 1760/1675/1402
f 1760/1675/1402 1780/1695/1256 1820/1735/1256
f 1821/1736/1425 1805/1720/1421 1806/1721/1422
f 1821/1736/1425 1806/1721/1422 1822/1737/1426
f 1757/1670/1256 1756/1669/1398 1823/1738/1427
f 1757/1670/1256 1823/1738/1427 1824/1739/1256
f 1825/1740/1256 1826/1741/1428 1827/1742/1429
f 1825/1740/1256 1827/1742/1429 1828/1743/1256
f 1829/1744/1430 1830/1320/1256 1831/1318/1256
f 1829/1744/1430 1831/1318/1256 1832/1745/1431
f 1833/1067/1256 1834/1746/1432 1835/1747/1433
f 1833/1067/1256 1835/1747/1433 1836/1068/1256
f 1758/1673/1400 1749/1664/1394 1752/1667/1397
f 1758/1673/1400 1752/1667/1397 1759/1674/1401
f 1832/1745/1431 1831/1318/1256 1837/1317/1256
f 1832/1745/1431 1837/1317/1256 1838/1748/1434
f 1836/1068/1256 1835/1747/1433 1839/1749/1435
f 1836/1068/1256 1839/1749/1435 1840/1750/1256
f 1841/1751/1436 1842/1752/1437 1805/1720/1421
f 1841/1751/1436 1805/1720/1421 1821/1736/1425
f 1843/1753/1438 1844/1326/1256 1748/1663/1256
f 1843/1753/1438 1748/1663/1256 1747/1662/1393
f 1840/1750/1256 1839/1749/1435 1826/1741/1428
f 1840/1750/1256 1826/1741/1428 1825/1740/1256
f 1779/1694/1256 1846/1754/1439 1847/1755/1440
f 1846/1754/1439 1779/1694/1256 1817/1732/1256
f 1846/1754/1439 1817/1732/1256 1845/1756/1256
f 1824/1739/1256 1823/1738/1427 1746/1661/1392
f 1824/1739/1256 1746/1661/1392 1745/1660/1256
f 1848/1757/1441 1849/1352/1256 1830/1320/1256
f 1848/1757/1441 1830/1320/1256 1829/1744/1430
f 1850/1758/1442 1769/1684/1410 1772/1687/1413
f 1850/1758/1442 1772/1687/1413 1851/1759/1443
f 1828/1743/1256 1827/1742/1429 1846/1754/1439
f 1828/1743/1256 1846/1754/1439 1845/1756/1256
f 1838/1748/1434 1837/1317/1256 1844/1326/1256
f 1838/1748/1434 1844/1326/1256 1843/1753/1438
f 1849/1352/1256 1848/1757/1441 1834/1746/1432
f 1849/1352/1256 1834/1746/1432 1833/1067/1256
f 1747/1662/1393 1746/1661/1392 1852/1760/1444
f 1747/1662/1393 1852/1760/1444 1853/1761/1445
f 1853/1761/1445 1852/1760/1444 1854/1762/1442
f 1853/1761/1445 1854/1762/1442 1855/1763/1446
f 1746/1661/1392 1823/1738/1427 1856/1764/1447
f 1746/1661/1392 1856/1764/1447 1852/1760/1444
f 1857/1765/1444 1858/1766/1447 1769/1684/1410
f 1857/1765/1444 1769/1684/1410 1850/1758/1442
f 1843/1753/1438 1747/1662/1393 1853/1761/1445
f 1843/1753/1438 1853/1761/1445 1859/1767/1448
f 1859/1767/1448 1853/1761/1445 1855/1763/1446
f 1859/1767/1448 1855/1763/1446 1860/1768/1406
f 1838/1748/1434 1843/1753/1438 1859/1767/1448
f 1838/1748/1434 1859/1767/1448 1861/1769/1449
f 1861/1769/1449 1859/1767/1448 1860/1768/1406
f 1861/1769/1449 1860/1768/1406 1862/1770/1395
f 1823/1738/1427 1756/1669/1398 1863/1771/1450
f 1823/1738/1427 1863/1771/1450 1856/1764/1447
f 1858/1766/1447 1864/1772/1451 1770/1685/1411
f 1858/1766/1447 1770/1685/1411 1769/1684/1410
f 1829/1744/1430 1832/1745/1431 1865/1773/1452
f 1829/1744/1430 1865/1773/1452 1866/1774/1453
f 1866/1774/1453 1865/1773/1452 1867/1775/1394
f 1866/1774/1453 1867/1775/1394 1868/1776/1454
f 1832/1745/1431 1838/1748/1434 1861/1769/1449
f 1832/1745/1431 1861/1769/1449 1865/1773/1452
f 1865/1773/1452 1861/1769/1449 1862/1770/1395
f 1865/1773/1452 1862/1770/1395 1867/1775/1394
f 1869/1777/1455 1870/1778/1440 1842/1752/1437
f 1869/1777/1455 1842/1752/1437 1841/1751/1436
f 1870/1778/1440 1871/1779/1439 1872/1780/1456
f 1870/1778/1440 1872/1780/1456 1842/1752/1437
f 1842/1752/1437 1872/1780/1456 1775/1690/1416
f 1842/1752/1437 1775/1690/1416 1805/1720/1421
f 1848/1757/1441 1829/1744/1430 1866/1774/1453
f 1848/1757/1441 1866/1774/1453 1873/1781/1457
f 1873/1781/1457 1866/1774/1453 1868/1776/1454
f 1873/1781/1457 1868/1776/1454 1874/1782/1389
f 1846/1754/1439 1827/1742/1429 1875/1783/1458
f 1846/1754/1439 1875/1783/1458 1876/1784/1459
f 1872/1780/1456 1877/1785/1460 1776/1691/1353
f 1872/1780/1456 1776/1691/1353 1775/1690/1416
f 1834/1746/1432 1848/1757/1441 1873/1781/1457
f 1834/1746/1432 1873/1781/1457 1878/1786/1461
f 1878/1786/1461 1873/1781/1457 1874/1782/1389
f 1878/1786/1461 1874/1782/1389 1738/1653/1386
f 1827/1742/1429 1826/1741/1428 1879/1787/1462
f 1827/1742/1429 1879/1787/1462 1875/1783/1458
f 1875/1783/1458 1879/1787/1462 1704/1619/1354
f 1875/1783/1458 1704/1619/1354 1703/1618/1353
f 1835/1747/1433 1834/1746/1432 1878/1786/1461
f 1835/1747/1433 1878/1786/1461 1880/1788/1463
f 1880/1788/1463 1878/1786/1461 1738/1653/1386
f 1880/1788/1463 1738/1653/1386 1737/1652/1385
f 1839/1749/1435 1835/1747/1433 1880/1788/1463
f 1839/1749/1435 1880/1788/1463 1881/1789/1464
f 1881/1789/1464 1880/1788/1463 1737/1652/1385
f 1881/1789/1464 1737/1652/1385 1882/1790/1381
f 1826/1741/1428 1839/1749/1435 1881/1789/1464
f 1826/1741/1428 1881/1789/1464 1879/1787/1462
f 1879/1787/1462 1881/1789/1464 1882/1790/1381
f 1879/1787/1462 1882/1790/1381 1704/1619/1354
s 0
f 1779/1694/1256 1820/1735/1256 1780/1695/1256
s 1
f 1820/1735/1256 1779/1694/1256 1883/1791/1465
f 1883/1791/1465 1779/1694/1256 1847/1755/1440
f 1884/1792/1466 1885/1793/1467 1818/1733/1423
f 1884/1792/1466 1818/1733/1423 1783/1698/1419
f 1756/1669/1398 1755/1672/1399 1762/1677/1404
f 1756/1669/1398 1762/1677/1404 1863/1771/1450
f 1864/1772/1451 1884/1792/1466 1783/1698/1419
f 1864/1772/1451 1783/1698/1419 1770/1685/1411
f 1886/1794/1468 1850/1758/1442 1851/1759/1443
f 1886/1794/1468 1851/1759/1443 1887/1795/1469
f 1883/1791/1465 1888/1796/1470 1820/1735/1256
f 1888/1796/1470 1760/1675/1402 1820/1735/1256
f 1869/1777/1455 1841/1751/1436 1889/1797/1471
f 1869/1777/1455 1889/1797/1471 1890/1798/1472
f 1888/1796/1470 1891/1799/1471 1761/1676/1403
f 1888/1796/1470 1761/1676/1403 1760/1675/1402
f 1841/1751/1436 1821/1736/1425 1892/1800/1473
f 1841/1751/1436 1892/1800/1473 1889/1797/1471
f 1889/1797/1471 1892/1800/1473 1818/1733/1423
f 1889/1797/1471 1818/1733/1423 1885/1793/1467
f 1821/1736/1425 1822/1737/1426 1893/1801/1474
f 1821/1736/1425 1893/1801/1474 1892/1800/1473
f 1892/1800/1473 1893/1801/1474 1819/1734/1424
f 1892/1800/1473 1819/1734/1424 1818/1733/1423
s 0
f 1895/1802/1256 1913/1803/1256 1894/1804/1256
f 1913/1803/1256 1895/1802/1256 1896/1805/1256
f 1913/1803/1256 1896/1805/1256 1912/1806/1256
f 1912/1806/1256 1896/1805/1256 1911/1807/1256
f 1911/1807/1256 1896/1805/1256 1897/1808/1256
f 1911/1807/1256 1897/1808/1256 1898/1809/1256
f 1911/1807/1256 1898/1809/1256 1910/1810/1256
f 1910/1810/1256 1898/1809/1256 1899/1811/1256
f 1910/1810/1256 1899/1811/1256 1900/1812/1256
f 1910/1810/1256 1900/1812/1256 1909/1813/1256
f 1909/1813/1256 1900/1812/1256 1901/1814/1256
f 1909/1813/1256 1901/1814/1256 1902/1815/1256
f 1909/1813/1256 1902/1815/1256 1903/1816/1256
f 1909/1813/1256 1903/1816/1256 1908/1654/1256
f 1908/1654/1256 1903/1816/1256 1904/1621/1256
f 1908/1654/1256 1904/1621/1256 1905/1620/1256
f 1908/1654/1256 1905/1620/1256 1907/1655/1256
f 1907/1655/1256 1905/1620/1256 1906/1817/1256
f 1797/1712/1256 1807/1722/1256 1804/1719/1256
f 1796/1711/1256 1802/1717/1256 1813/1728/1256
s 1
f 1914/1818/1475 1915/1819/1476 1916/1820/1477
f 1914/1818/1475 1916/1820/1477 1917/1821/1478
f 1918/1822/1479 1919/1823/1480 1920/1824/1481
f 1918/1822/1479 1920/1824/1481 1921/1825/1482
f 1923/1826/1483 1931/1827/1484 1922/1828/1485
f 1931/1827/1484 1923/1826/1483 1930/1829/1486
f 1930/1829/1486 1923/1826/1483 1929/1830/1487
f 1929/1830/1487 1923/1826/1483 1928/1831/1488
f 1928/1831/1488 1923/1826/1483 1927/1832/1489
f 1927/1832/1489 1923/1826/1483 1926/1833/1490
f 1926/1833/1490 1923/1826/1483 1925/1834/1491
f 1925/1834/1491 1923/1826/1483 1924/1835/1492
f 1932/1836/1493 1933/1837/1494 1934/1838/1495
f 1932/1836/1493 1934/1838/1495 1935/1839/1496
f 1936/1840/1497 1937/1841/1498 1933/1837/1494
f 1936/1840/1497 1933/1837/1494 1932/1836/1493
f 1938/1842/1499 1939/1843/1500 1921/1825/1482
f 1938/1842/1499 1921/1825/1482 1920/1824/1481
f 1935/1839/1496 1934/1838/1495 1940/1844/1501
f 1935/1839/1496 1940/1844/1501 1941/1845/1502
f 1942/1846/1503 1943/1847/1504 1939/1843/1500
f 1942/1846/1503 1939/1843/1500 1938/1842/1499
f 1937/1841/1498 1936/1840/1497 1944/1848/1504
f 1937/1841/1498 1944/1848/1504 1945/1849/1505
f 1949/1850/1506 1947/1851/1507 1948/1852/1508
f 1947/1851/1507 1949/1850/1506 1946/1853/1509
f 1946/1853/1509 1949/1850/1506 1950/1854/1510
f 1946/1853/1509 1950/1854/1510 1951/1855/1511
f 1946/1853/1509 1951/1855/1511 1952/1856/1512
f 1946/1853/1509 1952/1856/1512 1953/1857/1513
f 1946/1853/1509 1953/1857/1513 1954/1858/1514
f 1946/1853/1509 1954/1858/1514 1955/1859/1515
f 1956/1860/1487 1957/1861/1516 1958/1862/1517
f 1956/1860/1487 1958/1862/1517 1959/1863/1518
f 1959/1863/1518 1958/1862/1517 1932/1836/1493
f 1959/1863/1518 1932/1836/1493 1935/1839/1496
f 1951/1855/1511 1950/1854/1510 1960/1864/1519
f 1951/1855/1511 1960/1864/1519 1961/1865/1520
f 1962/1866/1520 1963/1867/1521 1934/1838/1495
f 1962/1866/1520 1934/1838/1495 1933/1837/1494
f 1964/1868/1522 1956/1860/1487 1959/1863/1518
f 1964/1868/1522 1959/1863/1518 1965/1869/1523
f 1965/1869/1523 1959/1863/1518 1935/1839/1496
f 1965/1869/1523 1935/1839/1496 1941/1845/1502
f 1950/1854/1510 1949/1850/1506 1966/1870/1524
f 1950/1854/1510 1966/1870/1524 1960/1864/1519
f 1963/1867/1521 1967/1871/1525 1940/1844/1501
f 1963/1867/1521 1940/1844/1501 1934/1838/1495
f 1931/1827/1484 1930/1829/1486 1968/1872/1526
f 1931/1827/1484 1968/1872/1526 1969/1873/1527
f 1970/1874/1528 1971/1875/1523 1914/1818/1475
f 1970/1874/1528 1914/1818/1475 1917/1821/1478
f 1949/1850/1506 1948/1852/1508 1972/1876/1529
f 1949/1850/1506 1972/1876/1529 1966/1870/1524
f 1973/1877/1530 1974/1878/1529 1916/1820/1477
f 1973/1877/1530 1916/1820/1477 1915/1819/1476
f 1953/1857/1513 1952/1856/1512 1975/1879/1531
f 1953/1857/1513 1975/1879/1531 1976/1880/1532
f 1977/1881/1533 1978/1882/1534 1937/1841/1498
f 1977/1881/1533 1937/1841/1498 1945/1849/1505
f 1979/1883/1535 1980/1884/1490 1981/1885/1536
f 1979/1883/1535 1981/1885/1536 1982/1886/1537
f 1982/1886/1537 1981/1885/1536 1944/1848/1504
f 1982/1886/1537 1944/1848/1504 1936/1840/1497
f 1954/1858/1514 1953/1857/1513 1976/1880/1532
f 1954/1858/1514 1976/1880/1532 1983/1887/1538
f 1984/1888/1538 1985/1889/1539 1942/1846/1503
f 1984/1888/1538 1942/1846/1503 1938/1842/1499
f 1980/1884/1490 1986/1890/1540 1987/1891/1541
f 1980/1884/1490 1987/1891/1541 1981/1885/1536
f 1988/1892/1536 1989/1893/1542 1939/1843/1500
f 1988/1892/1536 1939/1843/1500 1943/1847/1504
f 1955/1859/1515 1954/1858/1514 1983/1887/1538
f 1955/1859/1515 1983/1887/1538 1990/1894/1543
f 1991/1895/1543 1984/1888/1538 1938/1842/1499
f 1991/1895/1543 1938/1842/1499 1920/1824/1481
f 1925/1834/1491 1924/1835/1492 1992/1896/1544
f 1925/1834/1491 1992/1896/1544 1993/1897/1545
f 1989/1893/1542 1994/1898/1546 1921/1825/1482
f 1989/1893/1542 1921/1825/1482 1939/1843/1500
f 1917/1821/1478 1995/1899/1547 1996/1900/1548
f 1917/1821/1478 1996/1900/1548 1970/1874/1528
f 1969/1873/1527 1997/1901/1549 1922/1828/1485
f 1969/1873/1527 1922/1828/1485 1931/1827/1484
f 1918/1822/1479 1921/1825/1482 1994/1898/1546
f 1918/1822/1479 1994/1898/1546 1998/1902/1550
f 1999/1903/1551 1992/1896/1544 1924/1835/1492
f 1999/1903/1551 1924/1835/1492 1923/1826/1483
f 1936/1840/1497 1932/1836/1493 1958/1862/1517
f 1936/1840/1497 1958/1862/1517 1982/1886/1537
f 1982/1886/1537 1958/1862/1517 1957/1861/1516
f 1982/1886/1537 1957/1861/1516 1979/1883/1535
f 1948/1852/1508 1947/1851/1507 2000/1904/1552
f 1948/1852/1508 2000/1904/1552 1972/1876/1529
f 1974/1878/1529 2001/1905/1552 2002/1906/1553
f 1974/1878/1529 2002/1906/1553 1916/1820/1477
f 1952/1856/1512 1951/1855/1511 1961/1865/1520
f 1952/1856/1512 1961/1865/1520 1975/1879/1531
f 1978/1882/1534 1962/1866/1520 1933/1837/1494
f 1978/1882/1534 1933/1837/1494 1937/1841/1498
f 1920/1824/1481 1919/1823/1480 2003/1907/1554
f 1920/1824/1481 2003/1907/1554 1991/1895/1543
f 1990/1894/1543 2004/1908/1554 1946/1853/1509
f 1990/1894/1543 1946/1853/1509 1955/1859/1515
f 1917/1821/1478 1916/1820/1477 2002/1906/1553
f 1917/1821/1478 2002/1906/1553 1995/1899/1547
f 2005/1909/921 2006/1910/538 2007/1911/700
f 2005/1909/921 2007/1911/700 2008/1912/1555
f 2009/1913/917 2010/1914/484 2011/1915/1556
f 2009/1913/917 2011/1915/1556 2012/1916/937
f 2013/1917/951 2014/1918/1557 2015/1919/1558
f 2013/1917/951 2015/1919/1558 2016/1920/950
f 2016/1920/950 2015/1919/1558 2017/1921/1559
f 2016/1920/950 2017/1921/1559 2018/1922/955
f 2018/1922/955 2017/1921/1559 2019/1923/466
f 2018/1922/955 2019/1923/466 2020/1924/895
f 2020/1924/895 2019/1923/466 2021/1925/475
f 2020/1924/895 2021/1925/475 2022/1926/1232
f 2023/1927/1560 2024/1928/1561 2025/1929/479
f 2023/1927/1560 2025/1929/479 2026/1930/930
f 2026/1930/930 2025/1929/479 2027/1931/91
f 2026/1930/930 2027/1931/91 2028/1932/940
f 2028/1932/940 2027/1931/91 2029/1933/1562
f 2028/1932/940 2029/1933/1562 2030/1934/1563
f 2031/1935/947 2032/1936/1564 2033/1937/1565
f 2031/1935/947 2033/1937/1565 2034/1938/946
f 2034/1938/946 2033/1937/1565 2035/1939/460
f 2034/1938/946 2035/1939/460 2036/1940/953
f 2036/1940/953 2035/1939/460 2037/1941/1566
f 2036/1940/953 2037/1941/1566 2038/1942/957
f 2038/1942/957 2037/1941/1566 2039/1943/468
f 2038/1942/957 2039/1943/468 2040/1944/922
f 2040/1944/922 2039/1943/468 2041/1945/538
f 2040/1944/922 2041/1945/538 2042/1946/921
f 2043/1947/943 2044/1948/700 2045/1949/483
f 2043/1947/943 2045/1949/483 2046/1950/918
f 2046/1950/918 2045/1949/483 2010/1914/484
f 2046/1950/918 2010/1914/484 2009/1913/917
f 2045/1949/483 2044/1948/700 2047/1951/701
f 2045/1949/483 2047/1951/701 2048/1952/702
f 2049/1953/702 2050/1954/701 2051/1955/1567
f 2049/1953/702 2051/1955/1567 2052/1956/1568
f 2010/1914/484 2045/1949/483 2048/1952/702
f 2010/1914/484 2048/1952/702 2053/1957/703
f 2054/1958/703 2049/1953/702 2052/1956/1568
f 2054/1958/703 2052/1956/1568 2055/1959/1569
f 2011/1915/1556 2010/1914/484 2053/1957/703
f 2011/1915/1556 2053/1957/703 2056/1960/1570
f 2057/1961/704 2054/1958/703 2055/1959/1569
f 2057/1961/704 2055/1959/1569 2058/1962/1571
f 2015/1919/1558 2014/1918/1557 2059/1963/704
f 2015/1919/1558 2059/1963/704 2060/1964/705
f 2061/1965/705 2057/1961/704 2058/1962/1571
f 2061/1965/705 2058/1962/1571 2062/1966/1572
f 2017/1921/1559 2015/1919/1558 2060/1964/705
f 2017/1921/1559 2060/1964/705 2063/1967/706
f 2064/1968/706 2061/1965/705 2062/1966/1572
f 2064/1968/706 2062/1966/1572 2065/1969/1573
f 2019/1923/466 2017/1921/1559 2063/1967/706
f 2019/1923/466 2063/1967/706 2066/1970/707
f 2067/1971/707 2064/1968/706 2065/1969/1573
f 2067/1971/707 2065/1969/1573 2068/1972/1574
f 2021/1925/475 2019/1923/466 2066/1970/707
f 2021/1925/475 2066/1970/707 2069/1973/713
f 2070/1974/1575 2067/1971/707 2068/1972/1574
f 2070/1974/1575 2068/1972/1574 2071/1975/1576
f 2025/1929/479 2024/1928/1561 2072/1976/713
f 2025/1929/479 2072/1976/713 2073/1977/714
f 2074/1978/714 2070/1974/1575 2071/1975/1576
f 2074/1978/714 2071/1975/1576 2075/1979/1577
f 2027/1931/91 2025/1929/479 2073/1977/714
f 2027/1931/91 2073/1977/714 2076/1980/717
f 2077/1981/717 2074/1978/714 2075/1979/1577
f 2077/1981/717 2075/1979/1577 2078/1982/1578
f 2029/1933/1562 2027/1931/91 2076/1980/717
f 2029/1933/1562 2076/1980/717 2079/1983/719
f 2080/1984/719 2077/1981/717 2078/1982/1578
f 2080/1984/719 2078/1982/1578 2081/1985/1579
f 2033/1937/1565 2032/1936/1564 2082/1986/1580
f 2033/1937/1565 2082/1986/1580 2083/1987/720
f 2084/1988/720 2080/1984/719 2081/1985/1579
f 2084/1988/720 2081/1985/1579 2085/1989/1581
f 2035/1939/460 2033/1937/1565 2083/1987/720
f 2035/1939/460 2083/1987/720 2086/1990/721
f 2087/1991/721 2084/1988/720 2085/1989/1581
f 2087/1991/721 2085/1989/1581 2088/1992/1582
f 2037/1941/1566 2035/1939/460 2086/1990/721
f 2037/1941/1566 2086/1990/721 2089/1993/722
f 2090/1994/722 2087/1991/721 2088/1992/1582
f 2090/1994/722 2088/1992/1582 2091/1995/1583
f 2039/1943/468 2037/1941/1566 2089/1993/722
f 2039/1943/468 2089/1993/722 2092/1996/723
f 2093/1997/723 2090/1994/722 2091/1995/1583
f 2093/1997/723 2091/1995/1583 2094/1998/1584
f 2041/1945/538 2039/1943/468 2092/1996/723
f 2041/1945/538 2092/1996/723 2095/1999/1585
f 2096/2000/1586 2093/1997/723 2094/1998/1584
f 2096/2000/1586 2094/1998/1584 2097/2001/1587
f 2044/1948/700 2098/2002/1588 2099/2003/1589
f 2044/1948/700 2099/2003/1589 2047/1951/701
f 2050/1954/701 2096/2000/1586 2097/2001/1587
f 2050/1954/701 2097/2001/1587 2051/1955/1567
f 2085/1989/1581 2091/1995/1583 2088/1992/1582
f 2091/1995/1583 2085/1989/1581 2081/1985/1579
f 2091/1995/1583 2081/1985/1579 2094/1998/1584
f 2094/1998/1584 2081/1985/1579 2078/1982/1578
f 2094/1998/1584 2078/1982/1578 2097/2001/1587
f 2097/2001/1587 2078/1982/1578 2075/1979/1577
f 2097/2001/1587 2075/1979/1577 2051/1955/1567
f 2051/1955/1567 2075/1979/1577 2071/1975/1576
f 2051/1955/1567 2071/1975/1576 2052/1956/1568
f 2052/1956/1568 2071/1975/1576 2068/1972/1574
f 2052/1956/1568 2068/1972/1574 2055/1959/1569
f 2055/1959/1569 2068/1972/1574 2065/1969/1573
f 2055/1959/1569 2065/1969/1573 2058/1962/1571
f 2058/1962/1571 2065/1969/1573 2062/1966/1572
f 2100/2004/1590 2101/2005/1590 2102/2006/1591
f 2100/2004/1590 2102/2006/1591 2103/2007/1591
f 2104/2008/1592 2105/2009/1592 2106/2010/1593
f 2104/2008/1592 2106/2010/1593 2107/2011/1593
f 2108/2012/1594 2109/2013/1594 2110/2014/1595
f 2108/2012/1594 2110/2014/1595 2111/2015/1595
f 2112/2016/1596 2113/2017/1597 2114/2018/1598
f 2112/2016/1596 2114/2018/1598 2115/2019/1599
f 2111/2015/1595 2110/2014/1595 2116/2020/1600
f 2111/2015/1595 2116/2020/1600 2117/2021/1600
f 2117/2021/1600 2116/2020/1600 2118/2022/1601
f 2117/2021/1600 2118/2022/1601 2119/2023/1602
f 2120/2024/1601 2121/2025/1603 2122/2026/1604
f 2120/2024/1601 2122/2026/1604 2123/2027/1604
f 2123/2027/1604 2122/2026/1604 2124/2028/1605
f 2123/2027/1604 2124/2028/1605 2125/2029/1605
f 2125/2029/1605 2124/2028/1605 2126/2030/1606
f 2125/2029/1605 2126/2030/1606 2127/2031/1607
f 2128/2032/1608 2129/2033/1609 2130/2034/1610
f 2128/2032/1608 2130/2034/1610 2131/2035/1611
f 2132/2036/1256 2133/2037/1612 2134/2038/1613
f 2132/2036/1256 2134/2038/1613 2135/2039/1256
f 2136/2040/1614 2137/2041/1614 2107/2011/1593
f 2136/2040/1614 2107/2011/1593 2106/2010/1593
f 2138/2042/1615 2139/2043/1615 2137/2041/1614
f 2138/2042/1615 2137/2041/1614 2136/2040/1614
f 2140/2044/1616 2141/2045/1616 2139/2043/1615
f 2140/2044/1616 2139/2043/1615 2138/2042/1615
f 2109/2013/1594 2108/2012/1594 2142/2046/1616
f 2109/2013/1594 2142/2046/1616 2143/2047/1616
f 2144/2048/1617 2145/2049/1618 2103/2007/1591
f 2144/2048/1617 2103/2007/1591 2102/2006/1591
f 2146/2050/1619 2147/2051/1619 2145/2049/1618
f 2146/2050/1619 2145/2049/1618 2144/2048/1617
f 2148/2052/1620 2149/2053/1620 2150/2054/1621
f 2148/2052/1620 2150/2054/1621 2151/2055/1621
f 2105/2009/1592 2104/2008/1592 2152/2056/1622
f 2105/2009/1592 2152/2056/1622 2153/2057/1623
f 2154/2058/1624 2155/2059/1624 2127/2031/1607
f 2154/2058/1624 2127/2031/1607 2126/2030/1606
f 2156/2060/1625 2157/2061/1625 2158/2062/1626
f 2156/2060/1625 2158/2062/1626 2159/2063/1626
f 2160/2064/1627 2161/2065/1627 2157/2061/1625
f 2160/2064/1627 2157/2061/1625 2156/2060/1625
f 2162/2066/1590 2163/2067/1590 2164/2068/1627
f 2162/2066/1590 2164/2068/1627 2165/2069/1628
f 2166/2070/1629 2167/2071/1630 2168/2072/1631
f 2166/2070/1629 2168/2072/1631 2169/2073/1632
f 2170/2074/1633 2171/2075/1634 2172/2076/1635
f 2170/2074/1633 2172/2076/1635 2173/2077/1636
f 2179/2078/1637 2177/2079/1638 2178/2080/1639
f 2177/2079/1638 2179/2078/1637 2174/2081/448
f 2177/2079/1638 2174/2081/448 2176/2082/1640
f 2176/2082/1640 2174/2081/448 2175/2083/448
f 2180/2084/1641 2181/2085/1642 2182/2086/1643
f 2180/2084/1641 2182/2086/1643 2183/2087/1644
f 2184/2088/1645 2185/2089/1646 2186/2090/1647
f 2184/2088/1645 2186/2090/1647 2187/2091/1648
f 2167/2071/1630 2188/2092/1641 2189/2093/1644
f 2167/2071/1630 2189/2093/1644 2168/2072/1631
f 2173/2077/1636 2172/2076/1635 2185/2089/1646
f 2173/2077/1636 2185/2089/1646 2184/2088/1645
f 2166/2070/1629 2169/2073/1632 2171/2075/1634
f 2166/2070/1629 2171/2075/1634 2170/2074/1633
f 2190/2094/1649 2191/2095/1650 2192/2096/1651
f 2190/2094/1649 2192/2096/1651 2193/2097/1652
f 2181/2085/1642 2194/2098/1653 2195/2099/1654
f 2181/2085/1642 2195/2099/1654 2182/2086/1643
f 2196/2100/1655 2197/2101/1656 2198/2102/1657
f 2196/2100/1655 2198/2102/1657 2199/2103/1658
f 2200/2104/1659 2201/2105/1659 2202/2106/1660
f 2200/2104/1659 2202/2106/1660 2203/2107/1660
f 2204/2108/1661 2205/2109/1662 2206/2110/1663
f 2204/2108/1661 2206/2110/1663 2207/2111/1664
f 2208/2112/1665 2209/2113/1666 2210/2114/1667
f 2208/2112/1665 2210/2114/1667 2211/2115/1668
f 2203/2107/1660 2202/2106/1660 2212/2116/1669
f 2203/2107/1660 2212/2116/1669 2213/2117/1670
f 2214/2118/1671 2215/2119/1672 2129/2033/1609
f 2214/2118/1671 2129/2033/1609 2128/2032/1608
f 2216/2120/1673 2217/2121/1674 2218/2122/1675
f 2216/2120/1673 2218/2122/1675 2219/2123/1676
f 2219/2123/1676 2218/2122/1675 2220/2124/1677
f 2219/2123/1676 2220/2124/1677 2221/2125/1678
f 2222/2126/1679 2223/2127/1680 2195/2099/1654
f 2222/2126/1679 2195/2099/1654 2194/2098/1653
f 2224/2128/1681 2221/2125/1678 2220/2124/1677
f 2224/2128/1681 2220/2124/1677 2225/2129/1682
f 2226/2130/1256 2227/2131/1683 2228/2132/1684
f 2226/2130/1256 2228/2132/1684 2229/2133/1256
f 2230/2134/1673 2207/2111/1664 2206/2110/1663
f 2230/2134/1673 2206/2110/1663 2231/2135/1685
f 2232/2136/1686 2233/2137/1687 2234/2138/1688
f 2232/2136/1686 2234/2138/1688 2235/2139/1689
f 2235/2139/1689 2234/2138/1688 2205/2109/1662
f 2235/2139/1689 2205/2109/1662 2204/2108/1661
f 2200/2104/1659 2236/2140/1690 2237/2141/1691
f 2200/2104/1659 2237/2141/1691 2201/2105/1659
f 2238/2142/1665 2239/2143/1692 2233/2137/1687
f 2238/2142/1665 2233/2137/1687 2232/2136/1686
f 2213/2117/1670 2212/2116/1669 2113/2017/1597
f 2213/2117/1670 2113/2017/1597 2112/2016/1596
f 2240/2144/1256 2241/2145/1693 2242/2146/1694
f 2240/2144/1256 2242/2146/1694 2243/2147/1256
f 2151/2055/1621 2150/2054/1621 2147/2051/1619
f 2151/2055/1621 2147/2051/1619 2146/2050/1619
f 2159/2063/1626 2158/2062/1626 2155/2059/1624
f 2159/2063/1626 2155/2059/1624 2154/2058/1624
f 2100/2004/1590 2103/2007/1591 2244/2148/1591
f 2100/2004/1590 2244/2148/1591 2245/2149/1590
f 2104/2008/1592 2107/2011/1593 2246/2150/1593
f 2104/2008/1592 2246/2150/1593 2247/2151/1592
f 2108/2012/1594 2111/2015/1595 2248/2152/1595
f 2108/2012/1594 2248/2152/1595 2249/2153/1594
f 2177/2079/1638 2250/2154/1695 2251/2155/1696
f 2177/2079/1638 2251/2155/1696 2178/2080/1639
f 2111/2015/1595 2117/2021/1600 2252/2156/1600
f 2111/2015/1595 2252/2156/1600 2248/2152/1595
f 2117/2021/1600 2119/2023/1602 2253/2157/1697
f 2117/2021/1600 2253/2157/1697 2252/2156/1600
f 2120/2024/1601 2123/2027/1604 2254/2158/1604
f 2120/2024/1601 2254/2158/1604 2255/2159/1601
f 2123/2027/1604 2125/2029/1605 2256/2160/1605
f 2123/2027/1604 2256/2160/1605 2254/2158/1604
f 2125/2029/1605 2127/2031/1607 2257/2161/1607
f 2125/2029/1605 2257/2161/1607 2256/2160/1605
f 2258/2162/448 2259/2163/448 2260/2164/1698
f 2258/2162/448 2260/2164/1698 2261/2165/1699
f 2179/2078/1637 2262/2166/1700 2263/2167/448
f 2179/2078/1637 2263/2167/448 2174/2081/448
f 2264/2168/1614 2246/2150/1593 2107/2011/1593
f 2264/2168/1614 2107/2011/1593 2137/2041/1614
f 2265/2169/1615 2264/2168/1614 2137/2041/1614
f 2265/2169/1615 2137/2041/1614 2139/2043/1615
f 2266/2170/1616 2265/2169/1615 2139/2043/1615
f 2266/2170/1616 2139/2043/1615 2141/2045/1616
f 2249/2153/1594 2267/2171/1616 2142/2046/1616
f 2249/2153/1594 2142/2046/1616 2108/2012/1594
f 2268/2172/1618 2244/2148/1591 2103/2007/1591
f 2268/2172/1618 2103/2007/1591 2145/2049/1618
f 2269/2173/1619 2268/2172/1618 2145/2049/1618
f 2269/2173/1619 2145/2049/1618 2147/2051/1619
f 2270/2174/1620 2271/2175/1621 2150/2054/1621
f 2270/2174/1620 2150/2054/1621 2149/2053/1620
f 2247/2151/1592 2272/2176/1622 2152/2056/1622
f 2247/2151/1592 2152/2056/1622 2104/2008/1592
f 2273/2177/1624 2257/2161/1607 2127/2031/1607
f 2273/2177/1624 2127/2031/1607 2155/2059/1624
f 2274/2178/1625 2275/2179/1626 2158/2062/1626
f 2274/2178/1625 2158/2062/1626 2157/2061/1625
f 2276/2180/1627 2274/2178/1625 2157/2061/1625
f 2276/2180/1627 2157/2061/1625 2161/2065/1627
f 2277/2181/1590 2278/2182/1627 2164/2068/1627
f 2277/2181/1590 2164/2068/1627 2163/2067/1590
f 2279/2182/448 2280/2181/448 2281/2183/1701
f 2279/2182/448 2281/2183/1701 2282/2184/1702
f 2283/2185/448 2284/2186/448 2285/2187/1703
f 2283/2185/448 2285/2187/1703 2286/2188/1704
f 2287/2189/448 2288/2190/448 2289/2191/1705
f 2287/2189/448 2289/2191/1705 2290/2192/1706
f 2291/2193/448 2292/2194/448 2293/2195/1707
f 2291/2193/448 2293/2195/1707 2294/2196/1708
f 2288/2190/448 2279/2182/448 2282/2184/1702
f 2288/2190/448 2282/2184/1702 2289/2191/1705
f 2284/2186/448 2291/2193/448 2294/2196/1708
f 2284/2186/448 2294/2196/1708 2285/2187/1703
f 2280/2181/448 2283/2185/448 2286/2188/1704
f 2280/2181/448 2286/2188/1704 2281/2183/1701
f 2292/2194/448 2263/2167/448 2262/2166/1700
f 2292/2194/448 2262/2166/1700 2293/2195/1707
f 2295/2197/448 2287/2189/448 2290/2192/1706
f 2295/2197/448 2290/2192/1706 2296/2198/1709
f 2297/2199/1710 2298/2200/1711 2299/2201/1712
f 2297/2199/1710 2299/2201/1712 2300/2202/1713
f 2301/2203/1714 2302/2204/1715 2303/2205/1716
f 2301/2203/1714 2303/2205/1716 2304/2206/1717
f 2305/2207/448 2306/2208/448 2307/2209/1718
f 2305/2207/448 2307/2209/1718 2308/2210/1719
f 2309/2211/448 2310/2212/448 2311/2213/1720
f 2309/2211/448 2311/2213/1720 2312/2214/1721
f 2313/2215/1722 2301/2203/1714 2304/2206/1717
f 2313/2215/1722 2304/2206/1717 2314/2216/1723
f 2175/2083/448 2258/2162/448 2261/2165/1699
f 2175/2083/448 2261/2165/1699 2176/2082/1640
f 2315/2217/448 2316/2218/448 2317/2219/1724
f 2315/2217/448 2317/2219/1724 2318/2220/1725
f 2316/2218/448 2319/2221/448 2320/2222/1726
f 2316/2218/448 2320/2222/1726 2317/2219/1724
f 2321/2223/448 2295/2197/448 2296/2198/1709
f 2321/2223/448 2296/2198/1709 2322/2224/1727
f 2321/2223/448 2320/2222/1726 2319/2221/448
f 2320/2222/1726 2321/2223/448 2322/2224/1727
f 2320/2222/1726 2322/2224/1727 2323/2225/1728
f 2323/2225/1728 2322/2224/1727 2324/2226/1729
f 2298/2200/1711 2323/2225/1728 2324/2226/1729
f 2298/2200/1711 2324/2226/1729 2299/2201/1712
f 2306/2208/448 2315/2217/448 2318/2220/1725
f 2306/2208/448 2318/2220/1725 2307/2209/1718
f 2325/2227/1730 2310/2212/448 2305/2207/448
f 2325/2227/1730 2305/2207/448 2326/2228/1731
f 2305/2207/448 2308/2210/1719 2326/2228/1731
f 2302/2204/1715 2297/2199/1710 2300/2202/1713
f 2302/2204/1715 2300/2202/1713 2303/2205/1716
f 2310/2212/448 2325/2227/1730 2311/2213/1720
f 2250/2154/1695 2313/2215/1722 2314/2216/1723
f 2250/2154/1695 2314/2216/1723 2251/2155/1696
f 2259/2163/448 2309/2211/448 2312/2214/1721
f 2259/2163/448 2312/2214/1721 2260/2164/1698
f 2271/2175/1621 2269/2173/1619 2147/2051/1619
f 2271/2175/1621 2147/2051/1619 2150/2054/1621
f 2275/2179/1626 2273/2177/1624 2155/2059/1624
f 2275/2179/1626 2155/2059/1624 2158/2062/1626
f 2327/2229/1732 2328/2230/1256 2329/2231/1256
f 2327/2229/1732 2329/2231/1256 2330/2232/1733
f 2331/2233/1734 2332/2234/1735 2333/2235/1736
f 2331/2233/1734 2333/2235/1736 2334/2236/1737
f 2335/2237/1738 2336/2238/1652 2337/2239/1739
f 2335/2237/1738 2337/2239/1739 2338/2240/1740
f 2339/2241/1741 2340/2242/1742 2341/2243/1743
f 2339/2241/1741 2341/2243/1743 2342/2244/1744
f 2343/2245/1745 2344/2246/1746 2345/2247/1747
f 2343/2245/1745 2345/2247/1747 2346/2248/1748
f 2347/2249/1749 2348/2250/1750 2340/2242/1742
f 2347/2249/1749 2340/2242/1742 2339/2241/1741
f 2349/2251/1751 2350/2252/1752 2332/2234/1735
f 2349/2251/1751 2332/2234/1735 2331/2233/1734
f 2346/2248/1748 2345/2247/1747 2348/2250/1750
f 2346/2248/1748 2348/2250/1750 2347/2249/1749
f 2351/2253/1738 2352/2254/1753 2344/2246/1746
f 2351/2253/1738 2344/2246/1746 2343/2245/1745
f 2190/2094/1649 2334/2236/1737 2333/2235/1736
f 2190/2094/1649 2333/2235/1736 2191/2095/1650
f 2135/2039/1256 2134/2038/1613 2353/2255/1754
f 2135/2039/1256 2353/2255/1754 2354/2256/1256
f 2222/2126/1679 2355/2257/1755 2356/2258/1756
f 2222/2126/1679 2356/2258/1756 2223/2127/1680
f 2354/2256/1256 2353/2255/1754 2357/2259/1757
f 2354/2256/1256 2357/2259/1757 2358/2260/1256
f 2358/2260/1256 2357/2259/1757 2359/2261/1758
f 2358/2260/1256 2359/2261/1758 2360/2262/1256
f 2360/2262/1256 2359/2261/1758 2361/2263/1759
f 2360/2262/1256 2361/2263/1759 2362/2264/1256
f 2362/2264/1256 2361/2263/1759 2363/2265/1760
f 2362/2264/1256 2363/2265/1760 2364/2266/1256
f 2364/2266/1256 2363/2265/1760 2365/2267/1761
f 2364/2266/1256 2365/2267/1761 2366/2268/1256
f 2366/2268/1256 2365/2267/1761 2367/2269/1762
f 2366/2268/1256 2367/2269/1762 2368/2270/1256
f 2368/2270/1256 2367/2269/1762 2369/2271/1763
f 2368/2270/1256 2369/2271/1763 2370/2272/1256
f 2370/2272/1256 2369/2271/1763 2330/2232/1733
f 2370/2272/1256 2330/2232/1733 2329/2231/1256
f 2243/2147/1256 2242/2146/1694 2371/2273/1764
f 2243/2147/1256 2371/2273/1764 2372/2274/1256
f 2374/2275/1765 2327/2229/1732 2373/2276/1766
f 2327/2229/1732 2374/2275/1765 2328/2230/1256
f 2328/2230/1256 2374/2275/1765 2241/2145/1693
f 2328/2230/1256 2241/2145/1693 2240/2144/1256
f 2374/2275/1765 2373/2276/1766 2375/2277/1767
f 2374/2275/1765 2375/2277/1767 2376/2278/1768
f 2376/2278/1768 2375/2277/1767 2377/2279/1769
f 2376/2278/1768 2377/2279/1769 2378/2280/1770
f 2378/2280/1770 2377/2279/1769 2379/2281/1771
f 2378/2280/1770 2379/2281/1771 2380/2282/1772
f 2381/2283/1773 2382/2284/1774 2237/2141/1691
f 2381/2283/1773 2237/2141/1691 2236/2140/1690
f 2380/2282/1772 2379/2281/1771 2197/2101/1656
f 2380/2282/1772 2197/2101/1656 2196/2100/1655
f 2199/2103/1658 2198/2102/1657 2383/2285/1775
f 2199/2103/1658 2383/2285/1775 2384/2286/1776
f 2384/2286/1776 2383/2285/1775 2385/2287/1777
f 2384/2286/1776 2385/2287/1777 2386/2288/1778
f 2388/2289/1779 2132/2036/1256 2387/2290/1256
f 2132/2036/1256 2388/2289/1779 2133/2037/1612
f 2133/2037/1612 2388/2289/1779 2386/2288/1778
f 2133/2037/1612 2386/2288/1778 2385/2287/1777
f 2389/2291/1256 2390/2292/1780 2388/2289/1779
f 2389/2291/1256 2388/2289/1779 2387/2290/1256
f 2391/2293/1256 2392/2294/1781 2390/2292/1780
f 2391/2293/1256 2390/2292/1780 2389/2291/1256
f 2393/2295/1773 2224/2128/1681 2225/2129/1682
f 2393/2295/1773 2225/2129/1682 2394/2296/1774
f 2229/2133/1256 2228/2132/1684 2392/2294/1781
f 2229/2133/1256 2392/2294/1781 2391/2293/1256
f 2226/2130/1256 2395/2297/1782 2227/2131/1683
f 2396/2298/1783 2395/2297/1782 2226/2130/1256
f 2396/2298/1783 2226/2130/1256 2397/2299/1256
f 2397/2299/1256 2398/2300/1784 2396/2298/1783
f 2399/2301/1256 2400/2302/1785 2398/2300/1784
f 2399/2301/1256 2398/2300/1784 2397/2299/1256
f 2372/2274/1256 2371/2273/1764 2400/2302/1785
f 2372/2274/1256 2400/2302/1785 2399/2301/1256
f 2131/2035/1611 2130/2034/1610 2401/2303/1667
f 2131/2035/1611 2401/2303/1667 2402/2304/1786
f 2242/2146/1694 2241/2145/1693 2403/2305/1787
f 2242/2146/1694 2403/2305/1787 2404/2306/1788
f 2405/2307/1789 2406/2308/1787 2214/2118/1671
f 2405/2307/1789 2214/2118/1671 2128/2032/1608
f 2241/2145/1693 2374/2275/1765 2407/2309/1790
f 2241/2145/1693 2407/2309/1790 2403/2305/1787
f 2406/2308/1787 2408/2310/1791 2409/2311/1792
f 2406/2308/1787 2409/2311/1792 2214/2118/1671
f 2371/2273/1764 2242/2146/1694 2404/2306/1788
f 2371/2273/1764 2404/2306/1788 2410/2312/1793
f 2411/2313/1793 2405/2307/1789 2128/2032/1608
f 2411/2313/1793 2128/2032/1608 2131/2035/1611
f 2376/2278/1768 2378/2280/1770 2412/2314/1794
f 2376/2278/1768 2412/2314/1794 2413/2315/1795
f 2413/2315/1795 2412/2314/1794 2414/2316/1796
f 2413/2315/1795 2414/2316/1796 2415/2317/1797
f 2374/2275/1765 2376/2278/1768 2413/2315/1795
f 2374/2275/1765 2413/2315/1795 2407/2309/1790
f 2407/2309/1790 2413/2315/1795 2415/2317/1797
f 2407/2309/1790 2415/2317/1797 2416/2318/1798
f 2400/2302/1785 2371/2273/1764 2410/2312/1793
f 2400/2302/1785 2410/2312/1793 2417/2319/1799
f 2418/2320/1800 2411/2313/1793 2131/2035/1611
f 2418/2320/1800 2131/2035/1611 2402/2304/1786
f 2419/2321/1801 2238/2142/1665 2420/2322/1802
f 2419/2321/1801 2420/2322/1802 2421/2323/1803
f 2417/2319/1799 2422/2324/1804 2398/2300/1784
f 2417/2319/1799 2398/2300/1784 2400/2302/1785
f 2396/2298/1783 2398/2300/1784 2422/2324/1804
f 2396/2298/1783 2422/2324/1804 2423/2325/1805
f 2424/2326/1806 2420/2322/1802 2238/2142/1665
f 2424/2326/1806 2238/2142/1665 2232/2136/1686
f 2395/2297/1782 2396/2298/1783 2423/2325/1805
f 2395/2297/1782 2423/2325/1805 2425/2327/1807
f 2426/2328/1808 2424/2326/1806 2232/2136/1686
f 2426/2328/1808 2232/2136/1686 2235/2139/1689
f 2427/2329/1809 2428/2330/1810 2429/2331/1811
f 2427/2329/1809 2429/2331/1811 2430/2332/1812
f 2430/2332/1812 2429/2331/1811 2196/2100/1655
f 2430/2332/1812 2196/2100/1655 2199/2103/1658
f 2228/2132/1684 2227/2131/1683 2431/2333/1813
f 2228/2132/1684 2431/2333/1813 2432/2334/1814
f 2433/2335/1815 2434/2336/1813 2204/2108/1661
f 2433/2335/1815 2204/2108/1661 2207/2111/1664
f 2227/2131/1683 2395/2297/1782 2425/2327/1807
f 2227/2131/1683 2425/2327/1807 2431/2333/1813
f 2434/2336/1813 2426/2328/1808 2235/2139/1689
f 2434/2336/1813 2235/2139/1689 2204/2108/1661
f 2199/2103/1658 2384/2286/1776 2435/2337/1816
f 2199/2103/1658 2435/2337/1816 2430/2332/1812
f 2430/2332/1812 2435/2337/1816 2436/2338/1817
f 2430/2332/1812 2436/2338/1817 2427/2329/1809
f 2207/2111/1664 2230/2134/1673 2437/2339/1818
f 2207/2111/1664 2437/2339/1818 2433/2335/1815
f 2432/2334/1814 2438/2340/1819 2392/2294/1781
f 2432/2334/1814 2392/2294/1781 2228/2132/1684
f 2439/2341/1820 2436/2338/1817 2435/2337/1816
f 2439/2341/1820 2435/2337/1816 2440/2342/1821
f 2440/2342/1821 2435/2337/1816 2384/2286/1776
f 2440/2342/1821 2384/2286/1776 2386/2288/1778
f 2221/2125/1678 2224/2128/1681 2441/2343/1822
f 2221/2125/1678 2441/2343/1822 2442/2344/1823
f 2443/2345/1823 2440/2342/1821 2386/2288/1778
f 2443/2345/1823 2386/2288/1778 2388/2289/1779
f 2388/2289/1779 2390/2292/1780 2444/2346/1824
f 2388/2289/1779 2444/2346/1824 2443/2345/1823
f 2442/2344/1823 2445/2347/1825 2219/2123/1676
f 2442/2344/1823 2219/2123/1676 2221/2125/1678
f 2390/2292/1780 2392/2294/1781 2438/2340/1819
f 2390/2292/1780 2438/2340/1819 2444/2346/1824
f 2446/2348/1824 2437/2339/1818 2230/2134/1673
f 2446/2348/1824 2230/2134/1673 2447/2349/1676
f 2134/2038/1613 2133/2037/1612 2448/2350/1826
f 2134/2038/1613 2448/2350/1826 2449/2351/1827
f 2450/2352/1828 2451/2353/1826 2222/2126/1679
f 2450/2352/1828 2222/2126/1679 2194/2098/1653
f 2334/2236/1737 2190/2094/1649 2452/2354/1829
f 2334/2236/1737 2452/2354/1829 2453/2355/1830
f 2454/2356/1831 2455/2357/1832 2373/2276/1766
f 2454/2356/1831 2373/2276/1766 2327/2229/1732
f 2375/2277/1767 2373/2276/1766 2455/2357/1832
f 2375/2277/1767 2455/2357/1832 2456/2358/1833
f 2457/2359/1833 2452/2354/1829 2190/2094/1649
f 2457/2359/1833 2190/2094/1649 2193/2097/1652
f 2342/2244/1744 2458/2360/1834 2459/2361/1826
f 2342/2244/1744 2459/2361/1826 2460/2362/1835
f 2461/2363/1836 2448/2350/1826 2133/2037/1612
f 2461/2363/1836 2133/2037/1612 2385/2287/1777
f 2462/2364/1652 2351/2253/1738 2463/2365/1837
f 2462/2364/1652 2463/2365/1837 2464/2366/1833
f 2456/2358/1833 2465/2367/1838 2377/2279/1769
f 2456/2358/1833 2377/2279/1769 2375/2277/1767
f 2379/2281/1771 2377/2279/1769 2465/2367/1838
f 2379/2281/1771 2465/2367/1838 2466/2368/1839
f 2467/2369/1840 2463/2365/1837 2351/2253/1738
f 2467/2369/1840 2351/2253/1738 2343/2245/1745
f 2383/2285/1775 2198/2102/1657 2468/2370/1841
f 2383/2285/1775 2468/2370/1841 2469/2371/1842
f 2470/2372/1842 2471/2373/1843 2347/2249/1749
f 2470/2372/1842 2347/2249/1749 2339/2241/1741
f 2385/2287/1777 2383/2285/1775 2469/2371/1842
f 2385/2287/1777 2469/2371/1842 2461/2363/1836
f 2460/2362/1835 2470/2372/1842 2339/2241/1741
f 2460/2362/1835 2339/2241/1741 2342/2244/1744
f 2198/2102/1657 2197/2101/1656 2472/2374/1844
f 2198/2102/1657 2472/2374/1844 2468/2370/1841
f 2471/2373/1843 2473/2375/1845 2346/2248/1748
f 2471/2373/1843 2346/2248/1748 2347/2249/1749
f 2197/2101/1656 2379/2281/1771 2466/2368/1839
f 2197/2101/1656 2466/2368/1839 2472/2374/1844
f 2473/2375/1845 2467/2369/1840 2343/2245/1745
f 2473/2375/1845 2343/2245/1745 2346/2248/1748
f 2380/2282/1772 2196/2100/1655 2429/2331/1811
f 2380/2282/1772 2429/2331/1811 2474/2376/1846
f 2474/2376/1846 2429/2331/1811 2428/2330/1810
f 2474/2376/1846 2428/2330/1810 2475/2377/1847
f 2378/2280/1770 2380/2282/1772 2474/2376/1846
f 2378/2280/1770 2474/2376/1846 2412/2314/1794
f 2412/2314/1794 2474/2376/1846 2475/2377/1847
f 2412/2314/1794 2475/2377/1847 2414/2316/1796
f 2327/2229/1732 2330/2232/1733 2476/2378/1848
f 2327/2229/1732 2476/2378/1848 2454/2356/1831
f 2453/2355/1830 2477/2379/1849 2331/2233/1734
f 2453/2355/1830 2331/2233/1734 2334/2236/1737
f 2330/2232/1733 2369/2271/1763 2478/2380/1850
f 2330/2232/1733 2478/2380/1850 2476/2378/1848
f 2477/2379/1849 2479/2381/1850 2349/2251/1751
f 2477/2379/1849 2349/2251/1751 2331/2233/1734
f 2480/2382/1851 2481/2383/1641 2482/2384/1852
f 2480/2382/1851 2482/2384/1852 2483/2385/1853
f 2483/2385/1853 2482/2384/1852 2357/2259/1757
f 2483/2385/1853 2357/2259/1757 2353/2255/1754
f 2194/2098/1653 2181/2085/1642 2484/2386/1853
f 2194/2098/1653 2484/2386/1853 2450/2352/1828
f 2449/2351/1827 2483/2385/1853 2353/2255/1754
f 2449/2351/1827 2353/2255/1754 2134/2038/1613
f 2369/2271/1763 2367/2269/1762 2485/2387/1854
f 2369/2271/1763 2485/2387/1854 2478/2380/1850
f 2478/2380/1850 2485/2387/1854 2486/2388/1645
f 2478/2380/1850 2486/2388/1645 2487/2389/1648
f 2481/2383/1641 2488/2390/1855 2489/2391/1856
f 2481/2383/1641 2489/2391/1856 2482/2384/1852
f 2482/2384/1852 2489/2391/1856 2359/2261/1758
f 2482/2384/1852 2359/2261/1758 2357/2259/1757
f 2367/2269/1762 2365/2267/1761 2490/2392/1857
f 2367/2269/1762 2490/2392/1857 2485/2387/1854
f 2485/2387/1854 2490/2392/1857 2491/2393/1858
f 2485/2387/1854 2491/2393/1858 2486/2388/1645
f 2488/2390/1855 2492/2394/1629 2493/2395/1859
f 2488/2390/1855 2493/2395/1859 2489/2391/1856
f 2489/2391/1856 2493/2395/1859 2361/2263/1759
f 2489/2391/1856 2361/2263/1759 2359/2261/1758
f 2365/2267/1761 2363/2265/1760 2494/2396/1860
f 2365/2267/1761 2494/2396/1860 2490/2392/1857
f 2490/2392/1857 2494/2396/1860 2495/2397/1861
f 2490/2392/1857 2495/2397/1861 2491/2393/1858
f 2363/2265/1760 2361/2263/1759 2493/2395/1859
f 2363/2265/1760 2493/2395/1859 2494/2396/1860
f 2494/2396/1860 2493/2395/1859 2492/2394/1629
f 2494/2396/1860 2492/2394/1629 2495/2397/1861
f 2129/2033/1609 2215/2119/1672 2496/2398/1862
f 2129/2033/1609 2496/2398/1862 2497/2399/1863
f 2498/2400/1864 2499/2401/1862 2176/2082/1640
f 2498/2400/1864 2176/2082/1640 2261/2165/1699
f 2215/2119/1672 2500/2402/1598 2501/2403/1865
f 2215/2119/1672 2501/2403/1865 2496/2398/1862
f 2499/2401/1862 2502/2404/1866 2177/2079/1638
f 2499/2401/1862 2177/2079/1638 2176/2082/1640
f 2130/2034/1610 2129/2033/1609 2497/2399/1863
f 2130/2034/1610 2497/2399/1863 2503/2405/1867
f 2504/2406/1868 2498/2400/1864 2261/2165/1699
f 2504/2406/1868 2261/2165/1699 2260/2164/1698
f 2113/2017/1597 2212/2116/1669 2505/2407/1869
f 2113/2017/1597 2505/2407/1869 2506/2408/1870
f 2507/2409/1870 2508/2410/1871 2313/2215/1722
f 2507/2409/1870 2313/2215/1722 2250/2154/1695
f 2114/2018/1598 2113/2017/1597 2506/2408/1870
f 2114/2018/1598 2506/2408/1870 2509/2411/1872
f 2509/2411/1872 2506/2408/1870 2510/2412/1695
f 2509/2411/1872 2510/2412/1695 2511/2413/1638
f 2210/2114/1667 2512/2414/1610 2504/2406/1868
f 2210/2114/1667 2504/2406/1868 2513/2415/1873
f 2513/2415/1873 2504/2406/1868 2260/2164/1698
f 2513/2415/1873 2260/2164/1698 2312/2214/1721
f 2312/2214/1721 2311/2213/1720 2514/2416/1874
f 2312/2214/1721 2514/2416/1874 2513/2415/1873
f 2513/2415/1873 2514/2416/1874 2211/2115/1668
f 2513/2415/1873 2211/2115/1668 2210/2114/1667
f 2515/2417/1875 2211/2115/1668 2514/2416/1874
f 2515/2417/1875 2514/2416/1874 2516/2418/1876
f 2516/2418/1876 2514/2416/1874 2311/2213/1720
f 2516/2418/1876 2311/2213/1720 2325/2227/1730
f 2517/2419/1877 2515/2417/1875 2516/2418/1876
f 2517/2419/1877 2516/2418/1876 2518/2420/1878
f 2518/2420/1878 2516/2418/1876 2325/2227/1730
f 2518/2420/1878 2325/2227/1730 2326/2228/1731
f 2297/2199/1710 2302/2204/1715 2519/2421/1879
f 2297/2199/1710 2519/2421/1879 2520/2422/1880
f 2521/2423/1881 2522/2424/1879 2523/2105/1882
f 2521/2423/1881 2523/2105/1882 2237/2141/1691
f 2524/2425/1883 2525/2426/1884 2526/2427/1885
f 2524/2425/1883 2526/2427/1885 2527/2428/1886
f 2527/2428/1886 2526/2427/1885 2308/2210/1719
f 2527/2428/1886 2308/2210/1719 2307/2209/1718
f 2525/2426/1884 2517/2419/1877 2518/2420/1878
f 2525/2426/1884 2518/2420/1878 2526/2427/1885
f 2526/2427/1885 2518/2420/1878 2326/2228/1731
f 2526/2427/1885 2326/2228/1731 2308/2210/1719
f 2237/2141/1691 2382/2284/1774 2528/2429/1887
f 2237/2141/1691 2528/2429/1887 2521/2423/1881
f 2520/2422/1880 2529/2430/1887 2298/2200/1711
f 2520/2422/1880 2298/2200/1711 2297/2199/1710
f 2307/2209/1718 2318/2220/1725 2530/2431/1888
f 2307/2209/1718 2530/2431/1888 2527/2428/1886
f 2527/2428/1886 2530/2431/1888 2531/2432/1889
f 2527/2428/1886 2531/2432/1889 2524/2425/1883
f 2323/2225/1728 2298/2200/1711 2529/2430/1887
f 2323/2225/1728 2529/2430/1887 2532/2433/1890
f 2533/2434/1891 2528/2429/1887 2382/2284/1774
f 2533/2434/1891 2382/2284/1774 2534/2435/1682
f 2320/2222/1726 2323/2225/1728 2532/2433/1890
f 2320/2222/1726 2532/2433/1890 2535/2436/1892
f 2536/2437/1892 2537/2438/1891 2225/2129/1682
f 2536/2437/1892 2225/2129/1682 2220/2124/1677
f 2220/2124/1677 2218/2122/1675 2538/2439/1893
f 2220/2124/1677 2538/2439/1893 2536/2437/1892
f 2535/2436/1892 2539/2440/1894 2317/2219/1724
f 2535/2436/1892 2317/2219/1724 2320/2222/1726
f 2218/2122/1675 2217/2121/1674 2540/2441/1895
f 2218/2122/1675 2540/2441/1895 2538/2439/1893
f 2539/2440/1894 2530/2431/1888 2318/2220/1725
f 2539/2440/1894 2318/2220/1725 2317/2219/1724
f 2195/2099/1654 2223/2127/1680 2541/2442/1896
f 2195/2099/1654 2541/2442/1896 2542/2443/1897
f 2543/2444/1898 2544/2445/1896 2322/2224/1727
f 2543/2444/1898 2322/2224/1727 2296/2198/1709
f 2179/2078/1637 2178/2080/1639 2545/2446/1899
f 2179/2078/1637 2545/2446/1899 2546/2447/1900
f 2547/2448/1900 2548/2449/1899 2191/2095/1650
f 2547/2448/1900 2191/2095/1650 2333/2235/1736
f 2337/2239/1739 2549/2450/1901 2545/2446/1899
f 2337/2239/1739 2545/2446/1899 2550/2451/1902
f 2550/2451/1902 2545/2446/1899 2178/2080/1639
f 2550/2451/1902 2178/2080/1639 2251/2155/1696
f 2324/2226/1729 2322/2224/1727 2544/2445/1896
f 2324/2226/1729 2544/2445/1896 2551/2452/1903
f 2552/2453/1904 2541/2442/1896 2223/2127/1680
f 2552/2453/1904 2223/2127/1680 2356/2258/1756
f 2251/2155/1696 2314/2216/1723 2553/2454/1905
f 2251/2155/1696 2553/2454/1905 2550/2451/1902
f 2550/2451/1902 2553/2454/1905 2338/2240/1740
f 2550/2451/1902 2338/2240/1740 2337/2239/1739
f 2554/2455/1906 2338/2240/1740 2553/2454/1905
f 2554/2455/1906 2553/2454/1905 2555/2456/1907
f 2555/2456/1907 2553/2454/1905 2314/2216/1723
f 2555/2456/1907 2314/2216/1723 2304/2206/1717
f 2556/2457/1908 2557/2458/1750 2558/2459/1909
f 2556/2457/1908 2558/2459/1909 2559/2460/1910
f 2559/2460/1910 2558/2459/1909 2300/2202/1713
f 2559/2460/1910 2300/2202/1713 2299/2201/1712
f 2560/2461/1911 2556/2457/1908 2559/2460/1910
f 2560/2461/1911 2559/2460/1910 2551/2452/1903
f 2551/2452/1903 2559/2460/1910 2299/2201/1712
f 2551/2452/1903 2299/2201/1712 2324/2226/1729
f 2557/2458/1750 2561/2462/1912 2562/2463/1913
f 2557/2458/1750 2562/2463/1913 2558/2459/1909
f 2558/2459/1909 2562/2463/1913 2303/2205/1716
f 2558/2459/1909 2303/2205/1716 2300/2202/1713
f 2561/2462/1912 2554/2455/1906 2555/2456/1907
f 2561/2462/1912 2555/2456/1907 2562/2463/1913
f 2562/2463/1913 2555/2456/1907 2304/2206/1717
f 2562/2463/1913 2304/2206/1717 2303/2205/1716
f 2563/2106/1914 2523/2105/1882 2522/2424/1879
f 2563/2106/1914 2522/2424/1879 2564/2464/1915
f 2565/2465/1916 2519/2421/1879 2302/2204/1715
f 2565/2465/1916 2302/2204/1715 2301/2203/1714
f 2212/2116/1669 2563/2106/1914 2564/2464/1915
f 2212/2116/1669 2564/2464/1915 2505/2407/1869
f 2508/2410/1871 2565/2465/1916 2301/2203/1714
f 2508/2410/1871 2301/2203/1714 2313/2215/1722
f 2333/2235/1736 2332/2234/1735 2566/2466/1917
f 2333/2235/1736 2566/2466/1917 2547/2448/1900
f 2546/2447/1900 2567/2467/1918 2262/2166/1700
f 2546/2447/1900 2262/2166/1700 2179/2078/1637
f 2332/2234/1735 2350/2252/1752 2568/2468/1919
f 2332/2234/1735 2568/2468/1919 2566/2466/1917
f 2567/2467/1918 2569/2469/1920 2293/2195/1707
f 2567/2467/1918 2293/2195/1707 2262/2166/1700
f 2290/2192/1706 2289/2191/1705 2570/2470/1921
f 2290/2192/1706 2570/2470/1921 2571/2471/1922
f 2572/2472/1922 2573/2473/1921 2183/2087/1644
f 2572/2472/1922 2183/2087/1644 2182/2086/1643
f 2296/2198/1709 2290/2192/1706 2571/2471/1922
f 2296/2198/1709 2571/2471/1922 2543/2444/1898
f 2542/2443/1897 2572/2472/1922 2182/2086/1643
f 2542/2443/1897 2182/2086/1643 2195/2099/1654
f 2186/2090/1647 2185/2089/1646 2574/2474/1923
f 2186/2090/1647 2574/2474/1923 2575/2475/1924
f 2569/2469/1920 2576/2476/1923 2294/2196/1708
f 2569/2469/1920 2294/2196/1708 2293/2195/1707
f 2289/2191/1705 2282/2184/1702 2577/2477/1925
f 2289/2191/1705 2577/2477/1925 2570/2470/1921
f 2578/2478/1921 2579/2479/1926 2168/2072/1631
f 2578/2478/1921 2168/2072/1631 2189/2093/1644
f 2185/2089/1646 2172/2076/1635 2580/2480/1927
f 2185/2089/1646 2580/2480/1927 2574/2474/1923
f 2576/2476/1923 2581/2481/1927 2285/2187/1703
f 2576/2476/1923 2285/2187/1703 2294/2196/1708
f 2282/2184/1702 2281/2183/1701 2582/2482/1928
f 2282/2184/1702 2582/2482/1928 2577/2477/1925
f 2579/2479/1926 2583/2483/1929 2169/2073/1632
f 2579/2479/1926 2169/2073/1632 2168/2072/1631
f 2172/2076/1635 2171/2075/1634 2584/2484/1930
f 2172/2076/1635 2584/2484/1930 2580/2480/1927
f 2581/2481/1927 2585/2485/1931 2286/2188/1704
f 2581/2481/1927 2286/2188/1704 2285/2187/1703
f 2171/2075/1634 2169/2073/1632 2583/2483/1929
f 2171/2075/1634 2583/2483/1929 2584/2484/1930
f 2585/2485/1931 2582/2482/1928 2281/2183/1701
f 2585/2485/1931 2281/2183/1701 2286/2188/1704
f 2409/2311/1792 2500/2402/1598 2215/2119/1672
f 2409/2311/1792 2215/2119/1672 2214/2118/1671
f 1660/1576/1256 1686/1601/1337 1685/1600/1336
f 1686/1601/1337 1660/1576/1256 1679/1593/1256
f 1679/1593/1256 1660/1576/1256 1516/1435/991
f 1593/1508/1256 1219/1151/1013 1218/1150/1012
