# Blender 4.5.0
# www.blender.org
mtllib ssips_juice_box.mtl
o pCube1_lambert1_0
v -0.013768 0.000211 0.010678
v -0.013549 0.000168 0.010783
v -0.013574 0.000300 0.010975
v -0.013862 0.000311 0.010783
v -0.012848 0.000136 0.010860
v -0.012854 0.000282 0.011072
v -0.012864 0.001176 0.011178
v -0.013613 0.001180 0.011072
v -0.013933 0.001183 0.010860
v -0.011383 0.000125 0.010886
v -0.011383 0.000276 0.011104
v -0.008877 0.000125 0.010886
v -0.008877 0.000276 0.011104
v -0.008877 0.001175 0.011214
v -0.011383 0.001175 0.011214
v -0.011383 0.003507 0.011250
v -0.012867 0.003507 0.011214
v -0.008877 0.003507 0.011250
v -0.008877 0.007961 0.011250
v -0.011383 0.007961 0.011250
v -0.012867 0.007961 0.011214
v -0.013626 0.003507 0.011104
v -0.013956 0.003507 0.010886
v -0.013626 0.007961 0.011104
v -0.013956 0.007961 0.010886
v -0.014913 0.056318 0.010573
v -0.014351 0.056541 0.010761
v -0.014438 0.056633 0.010401
v -0.015021 0.056391 0.010219
v -0.013369 0.056688 0.010855
v -0.013432 0.056798 0.010491
v -0.013472 0.056864 0.009935
v -0.014494 0.056690 0.009850
v -0.015092 0.056439 0.009680
v -0.011689 0.056778 0.010886
v -0.011727 0.056902 0.010522
v -0.009030 0.056830 0.010886
v -0.009049 0.056964 0.010522
v -0.009062 0.057045 0.009961
v -0.011753 0.056977 0.009962
v -0.011776 0.057035 0.009159
v -0.013511 0.056918 0.009137
v -0.009074 0.057108 0.009155
v -0.009091 0.057188 0.008051
v -0.011811 0.057111 0.008060
v -0.013567 0.056989 0.008050
v -0.014549 0.056740 0.009063
v -0.015162 0.056486 0.008911
v -0.014629 0.056809 0.007993
v -0.015267 0.056555 0.007867
v -0.013956 0.007961 -0.010676
v -0.013626 0.007961 -0.011020
v -0.013626 0.003507 -0.011020
v -0.013956 0.003507 -0.010676
v -0.012867 0.007961 -0.011193
v -0.012867 0.003507 -0.011193
v -0.012864 0.001176 -0.011137
v -0.013613 0.001180 -0.010969
v -0.013933 0.001183 -0.010635
v -0.011383 0.007961 -0.011250
v -0.011383 0.003507 -0.011250
v -0.008877 0.007961 -0.011250
v -0.008877 0.003507 -0.011250
v -0.008877 0.001175 -0.011193
v -0.011383 0.001175 -0.011193
v -0.011383 0.000276 -0.011020
v -0.012854 0.000282 -0.010969
v -0.008877 0.000276 -0.011020
v -0.008877 0.000125 -0.010676
v -0.011383 0.000125 -0.010676
v -0.012848 0.000136 -0.010635
v -0.013574 0.000300 -0.010816
v -0.013862 0.000311 -0.010513
v -0.013549 0.000168 -0.010513
v -0.013768 0.000211 -0.010348
v -0.013956 0.000125 0.007941
v -0.013626 0.000034 0.007941
v -0.013626 0.000034 0.009111
v -0.013956 0.000125 0.009111
v -0.012867 -0.000011 0.007941
v -0.012867 -0.000011 0.009111
v -0.012864 0.000004 0.009947
v -0.013613 0.000048 0.009936
v -0.013933 0.000136 0.009929
v -0.011383 -0.000026 0.007941
v -0.011383 -0.000026 0.009111
v -0.008877 -0.000026 0.007941
v -0.008877 -0.000026 0.009111
v -0.008877 -0.000011 0.009951
v -0.011383 -0.000011 0.009951
v -0.011383 0.000034 0.010522
v -0.012854 0.000048 0.010508
v -0.008877 0.000034 0.010522
v -0.013574 0.000088 0.010465
v -0.013862 0.000168 0.010437
v 0.013490 0.000211 0.010678
v 0.013636 0.000168 0.010437
v 0.013904 0.000300 0.010465
v 0.013636 0.000311 0.010783
v 0.013744 0.000136 0.009929
v 0.014040 0.000282 0.009936
v 0.014188 0.001176 0.009947
v 0.014040 0.001180 0.010508
v 0.013744 0.001183 0.010860
v 0.013780 0.000125 0.009111
v 0.014085 0.000276 0.009111
v 0.013780 0.000125 0.007941
v 0.014085 0.000276 0.007941
v 0.014238 0.001175 0.007941
v 0.014238 0.001175 0.009111
v 0.014289 0.003507 0.009111
v 0.014238 0.003507 0.009951
v 0.014289 0.003507 0.007941
v 0.014289 0.007961 0.007941
v 0.014289 0.007961 0.009111
v 0.014238 0.007961 0.009951
v 0.014085 0.003507 0.010522
v 0.013780 0.003507 0.010886
v 0.014085 0.007961 0.010522
v 0.013780 0.007961 0.010886
v -0.013956 0.000125 0.007941
v -0.013956 0.000125 0.009111
v -0.014154 0.000276 0.009111
v -0.014154 0.000276 0.007941
v -0.013933 0.000136 0.009929
v -0.014125 0.000282 0.009936
v -0.014221 0.001176 0.009947
v -0.014253 0.001175 0.009111
v -0.014253 0.001175 0.007941
v -0.013862 0.000168 0.010437
v -0.014037 0.000300 0.010465
v -0.014125 0.001180 0.010508
v -0.014154 0.003507 0.010522
v -0.014253 0.003507 0.009951
v -0.014154 0.007961 0.010522
v -0.014253 0.007961 0.009951
v -0.014286 0.003507 0.009111
v -0.014286 0.003507 0.007941
v -0.014286 0.007961 0.009111
v -0.014286 0.007961 0.007941
v -0.005114 0.056861 0.010886
v -0.005122 0.057002 0.010522
v -0.000563 0.056875 0.010886
v -0.000564 0.057019 0.010522
v -0.000564 0.057105 0.009961
v -0.005127 0.057086 0.009961
v 0.004003 0.056875 0.010886
v 0.004008 0.057019 0.010522
v 0.007963 0.056866 0.010886
v 0.007976 0.057008 0.010522
v 0.007985 0.057092 0.009962
v 0.004012 0.057105 0.009961
v 0.004016 0.057171 0.009153
v -0.000564 0.057171 0.009152
v 0.007995 0.057156 0.009155
v 0.008010 0.057236 0.008053
v 0.004022 0.057254 0.008046
v -0.000564 0.057255 0.008043
v -0.005132 0.057151 0.009152
v -0.005139 0.057235 0.008045
v -0.005053 0.000276 -0.011020
v -0.005053 0.000125 -0.010676
v -0.005053 0.001175 -0.011193
v -0.000552 0.001175 -0.011193
v -0.000552 0.000276 -0.011020
v -0.000552 0.000125 -0.010676
v -0.005053 0.003507 -0.011250
v -0.005053 0.007961 -0.011250
v -0.000552 0.007961 -0.011250
v -0.000552 0.003507 -0.011250
v 0.003984 0.003507 -0.011250
v 0.003984 0.001175 -0.011193
v 0.003984 0.007961 -0.011250
v 0.007915 0.007961 -0.011250
v 0.007915 0.003507 -0.011250
v 0.007915 0.001175 -0.011193
v 0.003984 0.000276 -0.011020
v 0.003984 0.000125 -0.010676
v 0.007915 0.000276 -0.011020
v 0.007915 0.000125 -0.010676
v -0.005053 0.000034 0.010522
v -0.005053 0.000125 0.010886
v -0.005053 -0.000011 0.009951
v -0.000552 -0.000011 0.009951
v -0.000552 0.000034 0.010522
v -0.000552 0.000125 0.010886
v -0.005053 -0.000026 0.009111
v -0.005053 -0.000026 0.007941
v -0.000552 -0.000026 0.007941
v -0.000552 -0.000026 0.009111
v 0.003984 -0.000026 0.009111
v 0.003984 -0.000011 0.009951
v 0.003984 -0.000026 0.007941
v 0.007915 -0.000026 0.007941
v 0.007915 -0.000026 0.009111
v 0.007915 -0.000011 0.009951
v 0.003984 0.000034 0.010522
v 0.003984 0.000125 0.010886
v 0.007915 0.000034 0.010522
v 0.007915 0.000125 0.010886
v -0.005053 0.003507 0.011250
v -0.005053 0.007961 0.011250
v -0.005053 0.001175 0.011214
v -0.000552 0.001175 0.011214
v -0.000552 0.003507 0.011250
v -0.000552 0.007961 0.011250
v -0.005053 0.000276 0.011104
v -0.000552 0.000276 0.011104
v 0.003984 0.000276 0.011104
v 0.003984 0.001175 0.011214
v 0.007915 0.000276 0.011104
v 0.007915 0.001175 0.011214
v 0.003984 0.003507 0.011250
v 0.003984 0.007961 0.011250
v 0.007915 0.003507 0.011250
v 0.007915 0.007961 0.011250
v 0.010695 0.056851 0.010886
v 0.010721 0.056988 0.010522
v 0.012472 0.056797 0.010865
v 0.012514 0.056928 0.010502
v 0.012544 0.057005 0.009945
v 0.010739 0.057070 0.009963
v 0.013565 0.056672 0.010803
v 0.013627 0.056792 0.010442
v 0.014248 0.056443 0.010679
v 0.014328 0.056546 0.010322
v 0.014383 0.056608 0.009777
v 0.013669 0.056862 0.009890
v 0.013714 0.056914 0.009101
v 0.012576 0.057062 0.009148
v 0.014441 0.056654 0.009000
v 0.014531 0.056714 0.007946
v 0.013784 0.056979 0.008029
v 0.012625 0.057133 0.008062
v 0.010759 0.057131 0.009160
v 0.010789 0.057207 0.008064
v 0.010599 0.000276 -0.011020
v 0.010599 0.000125 -0.010676
v 0.010599 0.001175 -0.011193
v 0.012293 0.001176 -0.011137
v 0.012278 0.000282 -0.010969
v 0.012268 0.000136 -0.010635
v 0.010599 0.003507 -0.011250
v 0.010599 0.007961 -0.011250
v 0.012298 0.007961 -0.011193
v 0.012298 0.003507 -0.011193
v 0.013271 0.003507 -0.011020
v 0.013251 0.001180 -0.010969
v 0.013271 0.007961 -0.011020
v 0.013780 0.007961 -0.010676
v 0.013780 0.003507 -0.010676
v 0.013744 0.001183 -0.010635
v 0.013192 0.000300 -0.010816
v 0.013152 0.000168 -0.010513
v 0.013636 0.000311 -0.010513
v 0.013490 0.000211 -0.010348
v 0.010599 0.000034 0.010522
v 0.010599 0.000125 0.010886
v 0.010599 -0.000011 0.009951
v 0.012293 0.000004 0.009947
v 0.012278 0.000048 0.010508
v 0.012268 0.000136 0.010860
v 0.010599 -0.000026 0.009111
v 0.010599 -0.000026 0.007941
v 0.012298 -0.000011 0.007941
v 0.012298 -0.000011 0.009111
v 0.013271 0.000034 0.009111
v 0.013251 0.000048 0.009936
v 0.013271 0.000034 0.007941
v 0.013780 0.000125 0.007941
v 0.013780 0.000125 0.009111
v 0.013744 0.000136 0.009929
v 0.013192 0.000088 0.010465
v 0.013152 0.000168 0.010783
v 0.013636 0.000168 0.010437
v 0.010599 0.003507 0.011250
v 0.010599 0.007961 0.011250
v 0.010599 0.001175 0.011214
v 0.012293 0.001176 0.011178
v 0.012298 0.003507 0.011214
v 0.012298 0.007961 0.011214
v 0.010599 0.000276 0.011104
v 0.012278 0.000282 0.011072
v 0.013192 0.000300 0.010975
v 0.013251 0.001180 0.011072
v 0.013271 0.003507 0.011104
v 0.013271 0.007961 0.011104
v -0.014265 0.041074 0.007941
v -0.014265 0.041074 0.009111
v -0.014244 0.046788 0.009111
v -0.014244 0.046788 0.007941
v -0.014232 0.041073 0.009951
v -0.014211 0.046786 0.009951
v -0.014198 0.050623 0.009925
v -0.014228 0.050617 0.009085
v -0.014228 0.050617 0.007919
v -0.014134 0.041071 0.010522
v -0.014114 0.046782 0.010522
v -0.013938 0.041067 0.010886
v -0.013920 0.046773 0.010886
v -0.013923 0.050647 0.010877
v -0.014110 0.050640 0.010504
v -0.014144 0.053099 0.010450
v -0.014211 0.053009 0.009848
v -0.013973 0.053163 0.010850
v -0.014143 0.054847 0.010786
v -0.014230 0.054482 0.010292
v -0.014262 0.054342 0.009683
v -0.014233 0.052980 0.009006
v -0.014233 0.052980 0.007851
v -0.014272 0.054295 0.008850
v -0.014272 0.054295 0.007715
v -0.014143 0.054847 -0.010646
v -0.013727 0.054636 -0.011035
v -0.013639 0.053117 -0.011022
v -0.013973 0.053163 -0.010664
v -0.012922 0.054539 -0.011196
v -0.012867 0.053034 -0.011193
v -0.012844 0.050582 -0.011193
v -0.013598 0.050621 -0.011021
v -0.013923 0.050647 -0.010673
v -0.011411 0.054491 -0.011250
v -0.011379 0.052987 -0.011250
v -0.008891 0.054470 -0.011250
v -0.008875 0.052962 -0.011250
v -0.008870 0.050531 -0.011250
v -0.011368 0.050552 -0.011250
v -0.011369 0.046725 -0.011250
v -0.012845 0.046742 -0.011193
v -0.008870 0.046710 -0.011250
v -0.008874 0.041035 -0.011250
v -0.011376 0.041042 -0.011250
v -0.012856 0.041051 -0.011193
v -0.013596 0.046759 -0.011020
v -0.013920 0.046773 -0.010676
v -0.013611 0.041060 -0.011020
v -0.013938 0.041067 -0.010676
v 0.007904 0.041031 -0.011250
v 0.003980 0.041029 -0.011250
v 0.003975 0.046698 -0.011250
v 0.007893 0.046703 -0.011250
v -0.000553 0.041029 -0.011250
v -0.000554 0.046698 -0.011250
v -0.000555 0.050513 -0.011250
v 0.003971 0.050514 -0.011250
v 0.007883 0.050520 -0.011250
v -0.005052 0.041031 -0.011250
v -0.005051 0.046701 -0.011250
v -0.005050 0.050518 -0.011250
v -0.005053 0.052948 -0.011250
v -0.000556 0.052942 -0.011250
v -0.005059 0.054457 -0.011250
v -0.000558 0.054452 -0.011250
v 0.003969 0.052943 -0.011250
v 0.007876 0.052950 -0.011250
v 0.003969 0.054454 -0.011250
v 0.007878 0.054461 -0.011250
v 0.013721 0.041046 -0.010676
v 0.013223 0.041043 -0.011020
v 0.013176 0.046726 -0.011020
v 0.013663 0.046733 -0.010676
v 0.012263 0.041039 -0.011193
v 0.012228 0.046718 -0.011193
v 0.012196 0.050546 -0.011194
v 0.013137 0.050570 -0.011024
v 0.013617 0.050583 -0.010679
v 0.010578 0.041035 -0.011250
v 0.010556 0.046709 -0.011250
v 0.010534 0.050530 -0.011250
v 0.010521 0.052963 -0.011250
v 0.012182 0.052993 -0.011196
v 0.010526 0.054472 -0.011250
v 0.012195 0.054505 -0.011203
v 0.013135 0.053053 -0.011035
v 0.013622 0.053077 -0.010689
v 0.013171 0.054577 -0.011061
v 0.013760 0.054748 -0.010718
v 0.013721 0.041046 0.010886
v 0.014020 0.041048 0.010522
v 0.013955 0.046737 0.010522
v 0.013663 0.046733 0.010886
v 0.014170 0.041049 0.009951
v 0.014101 0.046739 0.009951
v 0.014034 0.050545 0.009934
v 0.013898 0.050568 0.010512
v 0.013617 0.050583 0.010883
v 0.014219 0.041050 0.009111
v 0.014150 0.046739 0.009111
v 0.014219 0.041050 0.007941
v 0.014150 0.046739 0.007941
v 0.014079 0.050538 0.007927
v 0.014079 0.050538 0.009094
v 0.014033 0.052868 0.009042
v 0.013995 0.052900 0.009885
v 0.014033 0.052868 0.007882
v 0.014038 0.054151 0.007792
v 0.014038 0.054151 0.008939
v 0.014014 0.054201 0.009777
v 0.013884 0.052998 0.010483
v 0.013622 0.053077 0.010876
v 0.013942 0.054353 0.010384
v 0.013760 0.054748 0.010859
v 0.007878 0.054461 0.011250
v 0.007876 0.052950 0.011250
v 0.010521 0.052963 0.011250
v 0.010526 0.054472 0.011250
v 0.007883 0.050520 0.011250
v 0.010534 0.050530 0.011250
v 0.012196 0.050546 0.011214
v 0.012182 0.052993 0.011213
v 0.012195 0.054505 0.011215
v 0.007893 0.046703 0.011250
v 0.010556 0.046709 0.011250
v 0.007904 0.041031 0.011250
v 0.010578 0.041035 0.011250
v 0.012263 0.041039 0.011214
v 0.012228 0.046718 0.011214
v 0.013176 0.046726 0.011104
v 0.013137 0.050570 0.011104
v 0.013223 0.041043 0.011104
v 0.013135 0.053053 0.011104
v 0.013171 0.054577 0.011111
v -0.008891 0.054470 0.011250
v -0.008875 0.052962 0.011250
v -0.005053 0.052948 0.011250
v -0.005059 0.054457 0.011250
v -0.008870 0.050531 0.011250
v -0.005050 0.050518 0.011250
v -0.000555 0.050513 0.011250
v -0.000556 0.052942 0.011250
v -0.000558 0.054452 0.011250
v -0.008870 0.046710 0.011250
v -0.005051 0.046701 0.011250
v -0.008874 0.041035 0.011250
v -0.005052 0.041031 0.011250
v -0.000553 0.041029 0.011250
v -0.000554 0.046698 0.011250
v 0.003975 0.046698 0.011250
v 0.003971 0.050514 0.011250
v 0.003980 0.041029 0.011250
v 0.003969 0.052943 0.011250
v 0.003969 0.054454 0.011250
v -0.013611 0.041060 0.011104
v -0.013596 0.046759 0.011104
v -0.012856 0.041051 0.011214
v -0.012845 0.046742 0.011214
v -0.012844 0.050582 0.011213
v -0.013598 0.050621 0.011101
v -0.011376 0.041042 0.011250
v -0.011369 0.046725 0.011250
v -0.011368 0.050552 0.011250
v -0.011379 0.052987 0.011250
v -0.012867 0.053034 0.011210
v -0.011411 0.054491 0.011250
v -0.012922 0.054539 0.011209
v -0.013639 0.053117 0.011090
v -0.013727 0.054636 0.011085
v -0.014286 0.015222 0.009111
v -0.014286 0.015222 0.007941
v -0.014286 0.015222 0.007941
v -0.014286 0.015222 0.007941
v -0.014253 0.015222 0.009951
v -0.014251 0.024013 0.009951
v -0.014284 0.024013 0.009111
v -0.014284 0.024013 0.007941
v -0.014154 0.015222 0.010522
v -0.013956 0.015222 0.010886
v -0.013954 0.024013 0.010886
v -0.014152 0.024013 0.010522
v -0.014146 0.033055 0.010522
v -0.014245 0.033056 0.009951
v -0.013949 0.033054 0.010886
v -0.014278 0.033057 0.009111
v -0.014278 0.033057 0.007941
v -0.013620 0.033051 -0.011020
v -0.013949 0.033054 -0.010676
v -0.012863 0.033047 -0.011193
v -0.012866 0.024011 -0.011193
v -0.013624 0.024012 -0.011020
v -0.013954 0.024013 -0.010676
v -0.011380 0.033044 -0.011250
v -0.008876 0.033041 -0.011250
v -0.008877 0.024009 -0.011250
v -0.011382 0.024010 -0.011250
v -0.011383 0.015222 -0.011250
v -0.012867 0.015222 -0.011193
v -0.008877 0.015222 -0.011250
v -0.013626 0.015222 -0.011020
v -0.013956 0.015222 -0.010676
v 0.003984 0.015222 -0.011250
v 0.007915 0.015222 -0.011250
v -0.000552 0.015222 -0.011250
v -0.000552 0.024009 -0.011250
v 0.003984 0.024009 -0.011250
v 0.007914 0.024009 -0.011250
v -0.005053 0.015222 -0.011250
v -0.005053 0.024009 -0.011250
v -0.005053 0.033039 -0.011250
v -0.000553 0.033039 -0.011250
v 0.003982 0.033039 -0.011250
v 0.007911 0.033039 -0.011250
v 0.013271 0.015222 -0.011020
v 0.013780 0.015222 -0.010676
v 0.012298 0.015222 -0.011193
v 0.012294 0.024010 -0.011193
v 0.013266 0.024010 -0.011020
v 0.013774 0.024010 -0.010676
v 0.010599 0.015222 -0.011250
v 0.010597 0.024009 -0.011250
v 0.010591 0.033041 -0.011250
v 0.012284 0.033042 -0.011193
v 0.013252 0.033044 -0.011020
v 0.013756 0.033045 -0.010676
v 0.014085 0.015222 0.010522
v 0.013780 0.015222 0.010886
v 0.014238 0.015222 0.009951
v 0.014231 0.024011 0.009951
v 0.014079 0.024011 0.010522
v 0.013774 0.024010 0.010886
v 0.014289 0.015222 0.009111
v 0.014289 0.015222 0.007941
v 0.014282 0.024011 0.007941
v 0.014282 0.024011 0.009111
v 0.014261 0.033047 0.009111
v 0.014211 0.033047 0.009951
v 0.014261 0.033047 0.007941
v 0.014059 0.033046 0.010522
v 0.013756 0.033045 0.010886
v 0.007911 0.033039 0.011250
v 0.010591 0.033041 0.011250
v 0.007914 0.024009 0.011250
v 0.010597 0.024009 0.011250
v 0.012294 0.024010 0.011214
v 0.012284 0.033042 0.011214
v 0.007915 0.015222 0.011250
v 0.010599 0.015222 0.011250
v 0.012298 0.015222 0.011214
v 0.013271 0.015222 0.011104
v 0.013266 0.024010 0.011104
v 0.013252 0.033044 0.011104
v -0.008876 0.033041 0.011250
v -0.005053 0.033039 0.011250
v -0.008877 0.024009 0.011250
v -0.005053 0.024009 0.011250
v -0.000552 0.024009 0.011250
v -0.000553 0.033039 0.011250
v -0.008877 0.015222 0.011250
v -0.005053 0.015222 0.011250
v -0.000552 0.015222 0.011250
v 0.003984 0.015222 0.011250
v 0.003984 0.024009 0.011250
v 0.003982 0.033039 0.011250
v -0.013626 0.015222 0.011104
v -0.012867 0.015222 0.011214
v -0.012866 0.024011 0.011214
v -0.013624 0.024012 0.011104
v -0.011383 0.015222 0.011250
v -0.011382 0.024010 0.011250
v -0.011380 0.033044 0.011250
v -0.012863 0.033047 0.011214
v -0.013620 0.033051 0.011104
v -0.014265 0.041074 0.001663
v -0.014265 0.041074 0.003010
v -0.014244 0.046788 0.003010
v -0.014244 0.046788 0.001663
v -0.014265 0.041074 0.004660
v -0.014244 0.046788 0.004660
v -0.014228 0.050617 0.004647
v -0.014228 0.050617 0.003002
v -0.014228 0.050617 0.001659
v -0.014265 0.041074 0.006381
v -0.014244 0.046788 0.006381
v -0.014228 0.050617 0.006363
v -0.014233 0.052980 0.006309
v -0.014233 0.052980 0.004608
v -0.014272 0.054295 0.006200
v -0.014272 0.054295 0.004531
v -0.014233 0.052980 0.002978
v -0.014233 0.052980 0.001647
v -0.014272 0.054295 0.002930
v -0.014272 0.054295 0.001623
v -0.014286 0.007961 0.001663
v -0.014286 0.007961 0.003010
v -0.014286 0.015222 0.003010
v -0.014286 0.015222 0.003010
v -0.014286 0.015222 0.003010
v -0.014286 0.015222 0.001663
v -0.014286 0.015222 0.001663
v -0.014286 0.015222 0.001663
v -0.014286 0.007961 0.004660
v -0.014286 0.015222 0.004660
v -0.014286 0.015222 0.004660
v -0.014284 0.024013 0.004660
v -0.014284 0.024013 0.004660
v -0.014284 0.024013 0.004660
v -0.014284 0.024013 0.003010
v -0.014284 0.024013 0.003010
v -0.014284 0.024013 0.003010
v -0.014284 0.024013 0.003010
v -0.014284 0.024013 0.001663
v -0.014284 0.024013 0.001663
v -0.014284 0.024013 0.001663
v -0.014286 0.007961 0.006381
v -0.014286 0.015222 0.006381
v -0.014286 0.015222 0.006381
v -0.014286 0.015222 0.006381
v -0.014284 0.024013 0.006381
v -0.014284 0.024013 0.006381
v -0.014278 0.033057 0.006381
v -0.014278 0.033057 0.004660
v -0.014278 0.033057 0.003010
v -0.014278 0.033057 0.001663
v -0.013956 0.000125 0.001663
v -0.013956 0.000125 0.003010
v -0.014154 0.000276 0.003010
v -0.014154 0.000276 0.001663
v -0.013956 0.000125 0.004660
v -0.014154 0.000276 0.004660
v -0.014253 0.001175 0.004660
v -0.014253 0.001175 0.003010
v -0.014253 0.001175 0.001663
v -0.013956 0.000125 0.006381
v -0.014154 0.000276 0.006381
v -0.014253 0.001175 0.006381
v -0.014286 0.003507 0.006381
v -0.014286 0.003507 0.004660
v -0.014286 0.003507 0.003010
v -0.014286 0.003507 0.001663
v -0.013956 0.000125 0.001663
v -0.013626 0.000034 0.001663
v -0.013626 0.000034 0.003010
v -0.013956 0.000125 0.003010
v -0.012867 -0.000011 0.001663
v -0.012867 -0.000011 0.003010
v -0.012867 -0.000011 0.004660
v -0.013626 0.000034 0.004660
v -0.013956 0.000125 0.004660
v -0.011383 -0.000026 0.001663
v -0.011383 -0.000026 0.003010
v -0.008877 -0.000026 0.001663
v -0.008877 -0.000026 0.003010
v -0.008877 -0.000026 0.004660
v -0.011383 -0.000026 0.004660
v -0.011383 -0.000026 0.006381
v -0.012867 -0.000011 0.006381
v -0.008877 -0.000026 0.006381
v -0.013626 0.000034 0.006381
v -0.013956 0.000125 0.006381
v 0.003984 -0.000026 0.006381
v 0.007915 -0.000026 0.006381
v -0.000552 -0.000026 0.006381
v -0.000552 -0.000026 0.004660
v 0.003984 -0.000026 0.004660
v 0.007915 -0.000026 0.004660
v -0.005053 -0.000026 0.006381
v -0.005053 -0.000026 0.004660
v -0.005053 -0.000026 0.003010
v -0.000552 -0.000026 0.003010
v -0.005053 -0.000026 0.001663
v -0.000552 -0.000026 0.001663
v 0.003984 -0.000026 0.003010
v 0.007915 -0.000026 0.003010
v 0.003984 -0.000026 0.001663
v 0.007915 -0.000026 0.001663
v 0.013271 0.000034 0.006381
v 0.013780 0.000125 0.006381
v 0.012298 -0.000011 0.006381
v 0.012298 -0.000011 0.004660
v 0.013271 0.000034 0.004660
v 0.013780 0.000125 0.004660
v 0.010599 -0.000026 0.006381
v 0.010599 -0.000026 0.004660
v 0.010599 -0.000026 0.003010
v 0.012298 -0.000011 0.003010
v 0.010599 -0.000026 0.001663
v 0.012298 -0.000011 0.001663
v 0.013271 0.000034 0.003010
v 0.013780 0.000125 0.003010
v 0.013271 0.000034 0.001663
v 0.013780 0.000125 0.001663
v 0.014289 0.003507 0.006381
v 0.014289 0.007961 0.006381
v 0.014238 0.001175 0.006381
v 0.014238 0.001175 0.004660
v 0.014289 0.003507 0.004660
v 0.014289 0.007961 0.004660
v 0.014085 0.000276 0.006381
v 0.013780 0.000125 0.006381
v 0.013780 0.000125 0.004660
v 0.014085 0.000276 0.004660
v 0.014085 0.000276 0.003010
v 0.014238 0.001175 0.003010
v 0.013780 0.000125 0.003010
v 0.013780 0.000125 0.001663
v 0.014085 0.000276 0.001663
v 0.014238 0.001175 0.001663
v 0.014289 0.003507 0.003010
v 0.014289 0.007961 0.003010
v 0.014289 0.003507 0.001663
v 0.014289 0.007961 0.001663
v 0.014261 0.033047 0.006381
v 0.014219 0.041050 0.006381
v 0.014282 0.024011 0.006381
v 0.014282 0.024011 0.004660
v 0.014261 0.033047 0.004660
v 0.014219 0.041050 0.004660
v 0.014289 0.015222 0.006381
v 0.014289 0.015222 0.004660
v 0.014289 0.015222 0.003010
v 0.014282 0.024011 0.003010
v 0.014289 0.015222 0.001663
v 0.014282 0.024011 0.001663
v 0.014261 0.033047 0.003010
v 0.014219 0.041050 0.003010
v 0.014261 0.033047 0.001663
v 0.014219 0.041050 0.001663
v 0.014033 0.052868 0.006333
v 0.014038 0.054151 0.006262
v 0.014079 0.050538 0.006369
v 0.014079 0.050538 0.004652
v 0.014033 0.052868 0.004626
v 0.014038 0.054151 0.004575
v 0.014150 0.046739 0.006381
v 0.014150 0.046739 0.004660
v 0.014150 0.046739 0.003010
v 0.014079 0.050538 0.003005
v 0.014150 0.046739 0.001663
v 0.014079 0.050538 0.001661
v 0.014033 0.052868 0.002989
v 0.014038 0.054151 0.002958
v 0.014033 0.052868 0.001653
v 0.014038 0.054151 0.001637
v 0.010839 0.057334 0.006626
v 0.008035 0.057371 0.006603
v 0.012707 0.057251 0.006641
v 0.012839 0.057396 0.005055
v 0.010935 0.057488 0.005023
v 0.008097 0.057531 0.004985
v 0.013900 0.057088 0.006628
v 0.014680 0.056812 0.006570
v 0.014882 0.056938 0.005032
v 0.014069 0.057223 0.005064
v 0.014296 0.057369 0.003503
v 0.013039 0.057546 0.003477
v 0.015131 0.057077 0.003491
v 0.015419 0.057218 0.002108
v 0.014588 0.057509 0.002111
v 0.013324 0.057683 0.002079
v 0.011101 0.057642 0.003430
v 0.008223 0.057688 0.003379
v 0.011363 0.057773 0.002025
v 0.008439 0.057814 0.001963
v -0.005150 0.057373 0.006587
v -0.009120 0.057322 0.006599
v -0.000565 0.057395 0.006584
v -0.000555 0.057560 0.004950
v -0.005167 0.057537 0.004953
v -0.009165 0.057482 0.004969
v 0.004032 0.057393 0.006589
v 0.004066 0.057557 0.004961
v 0.004145 0.057715 0.003341
v -0.000527 0.057720 0.003319
v 0.004288 0.057838 0.001907
v -0.000470 0.057841 0.001866
v -0.005188 0.057696 0.003315
v -0.009233 0.057639 0.003331
v -0.005216 0.057818 0.001846
v -0.009329 0.057765 0.001853
v -0.014764 0.056923 0.006594
v -0.015442 0.056671 0.006506
v -0.013661 0.057108 0.006624
v -0.013783 0.057254 0.005024
v -0.014929 0.057065 0.005024
v -0.015652 0.056817 0.004980
v -0.011868 0.057238 0.006619
v -0.011949 0.057390 0.005000
v -0.012057 0.057544 0.003370
v -0.013925 0.057406 0.003413
v -0.012190 0.057675 0.001895
v -0.014077 0.057544 0.001953
v -0.015104 0.057219 0.003443
v -0.015861 0.056978 0.003442
v -0.015267 0.057367 0.002010
v -0.016035 0.057137 0.002047
v -0.013938 0.041067 -0.010676
v -0.014134 0.041071 -0.010101
v -0.014114 0.046782 -0.010101
v -0.013920 0.046773 -0.010676
v -0.014232 0.041073 -0.009300
v -0.014211 0.046786 -0.009300
v -0.014198 0.050623 -0.009277
v -0.014110 0.050640 -0.010088
v -0.013923 0.050647 -0.010673
v -0.014265 0.041074 -0.008276
v -0.014244 0.046788 -0.008276
v -0.014265 0.041074 -0.007031
v -0.014244 0.046788 -0.007031
v -0.014228 0.050617 -0.007011
v -0.014228 0.050617 -0.008252
v -0.014233 0.052980 -0.008181
v -0.014211 0.053009 -0.009209
v -0.014233 0.052980 -0.006951
v -0.014272 0.054295 -0.006831
v -0.014272 0.054295 -0.008038
v -0.014262 0.054342 -0.009057
v -0.014144 0.053099 -0.010049
v -0.013973 0.053163 -0.010664
v -0.014230 0.054482 -0.009906
v -0.014143 0.054847 -0.010646
v -0.013956 0.007961 -0.010676
v -0.014154 0.007961 -0.010101
v -0.014154 0.015222 -0.010101
v -0.013956 0.015222 -0.010676
v -0.014253 0.007961 -0.009300
v -0.014253 0.015222 -0.009300
v -0.014251 0.024013 -0.009300
v -0.014152 0.024013 -0.010101
v -0.013954 0.024013 -0.010676
v -0.014286 0.007961 -0.008276
v -0.014286 0.015222 -0.008276
v -0.014286 0.007961 -0.007031
v -0.014286 0.015222 -0.007031
v -0.014286 0.015222 -0.007031
v -0.014286 0.015222 -0.007031
v -0.014284 0.024013 -0.007031
v -0.014284 0.024013 -0.007031
v -0.014284 0.024013 -0.008276
v -0.014278 0.033057 -0.008276
v -0.014245 0.033056 -0.009300
v -0.014278 0.033057 -0.007031
v -0.014146 0.033055 -0.010101
v -0.013949 0.033054 -0.010676
v -0.013768 0.000211 -0.010348
v -0.013862 0.000168 -0.009967
v -0.014037 0.000300 -0.010012
v -0.013862 0.000311 -0.010513
v -0.013933 0.000136 -0.009267
v -0.014125 0.000282 -0.009278
v -0.014221 0.001176 -0.009295
v -0.014125 0.001180 -0.010079
v -0.013933 0.001183 -0.010635
v -0.013956 0.000125 -0.008276
v -0.014154 0.000276 -0.008276
v -0.013956 0.000125 -0.007031
v -0.014154 0.000276 -0.007031
v -0.014253 0.001175 -0.007031
v -0.014253 0.001175 -0.008276
v -0.014286 0.003507 -0.008276
v -0.014253 0.003507 -0.009300
v -0.014286 0.003507 -0.007031
v -0.014154 0.003507 -0.010101
v -0.013956 0.003507 -0.010676
v -0.013574 0.000088 -0.010012
v -0.013862 0.000168 -0.009967
v -0.012854 0.000048 -0.010079
v -0.012864 0.000004 -0.009295
v -0.013613 0.000048 -0.009278
v -0.013933 0.000136 -0.009267
v -0.011383 0.000034 -0.010101
v -0.008877 0.000034 -0.010101
v -0.008877 -0.000011 -0.009300
v -0.011383 -0.000011 -0.009300
v -0.011383 -0.000026 -0.008276
v -0.012867 -0.000011 -0.008276
v -0.008877 -0.000026 -0.008276
v -0.008877 -0.000026 -0.007031
v -0.011383 -0.000026 -0.007031
v -0.012867 -0.000011 -0.007031
v -0.013626 0.000034 -0.008276
v -0.013956 0.000125 -0.008276
v -0.013626 0.000034 -0.007031
v -0.013956 0.000125 -0.007031
v 0.007915 -0.000026 -0.007031
v 0.003984 -0.000026 -0.007031
v 0.003984 -0.000026 -0.008276
v 0.007915 -0.000026 -0.008276
v -0.000552 -0.000026 -0.007031
v -0.000552 -0.000026 -0.008276
v -0.000552 -0.000011 -0.009300
v 0.003984 -0.000011 -0.009300
v 0.007915 -0.000011 -0.009300
v -0.005053 -0.000026 -0.007031
v -0.005053 -0.000026 -0.008276
v -0.005053 -0.000011 -0.009300
v -0.005053 0.000034 -0.010101
v -0.000552 0.000034 -0.010101
v 0.003984 0.000034 -0.010101
v 0.007915 0.000034 -0.010101
v 0.013780 0.000125 -0.007031
v 0.013271 0.000034 -0.007031
v 0.013271 0.000034 -0.008276
v 0.013780 0.000125 -0.008276
v 0.012298 -0.000011 -0.007031
v 0.012298 -0.000011 -0.008276
v 0.012293 0.000004 -0.009295
v 0.013251 0.000048 -0.009278
v 0.013744 0.000136 -0.009267
v 0.010599 -0.000026 -0.007031
v 0.010599 -0.000026 -0.008276
v 0.010599 -0.000011 -0.009300
v 0.010599 0.000034 -0.010101
v 0.012278 0.000048 -0.010079
v 0.013192 0.000088 -0.010012
v 0.013636 0.000168 -0.009967
v 0.014289 0.007961 -0.007031
v 0.014289 0.003507 -0.007031
v 0.014289 0.003507 -0.008276
v 0.014289 0.007961 -0.008276
v 0.014238 0.001175 -0.007031
v 0.014238 0.001175 -0.008276
v 0.014188 0.001176 -0.009295
v 0.014238 0.003507 -0.009300
v 0.014238 0.007961 -0.009300
v 0.014085 0.000276 -0.007031
v 0.014085 0.000276 -0.008276
v 0.013780 0.000125 -0.007031
v 0.013780 0.000125 -0.008276
v 0.013744 0.000136 -0.009267
v 0.014040 0.000282 -0.009278
v 0.013904 0.000300 -0.010012
v 0.014040 0.001180 -0.010079
v 0.013636 0.000168 -0.009967
v 0.013490 0.000211 -0.010348
v 0.013636 0.000311 -0.010513
v 0.013744 0.001183 -0.010635
v 0.014085 0.003507 -0.010101
v 0.014085 0.007961 -0.010101
v 0.013780 0.003507 -0.010676
v 0.013780 0.007961 -0.010676
v 0.014219 0.041050 -0.007031
v 0.014261 0.033047 -0.007031
v 0.014261 0.033047 -0.008276
v 0.014219 0.041050 -0.008276
v 0.014282 0.024011 -0.007031
v 0.014282 0.024011 -0.008276
v 0.014231 0.024011 -0.009300
v 0.014211 0.033047 -0.009300
v 0.014170 0.041049 -0.009300
v 0.014289 0.015222 -0.007031
v 0.014289 0.015222 -0.008276
v 0.014238 0.015222 -0.009300
v 0.014085 0.015222 -0.010101
v 0.014079 0.024011 -0.010101
v 0.013780 0.015222 -0.010676
v 0.013774 0.024010 -0.010676
v 0.014059 0.033046 -0.010101
v 0.014020 0.041048 -0.010101
v 0.013756 0.033045 -0.010676
v 0.013721 0.041046 -0.010676
v 0.014038 0.054151 -0.006899
v 0.014033 0.052868 -0.006978
v 0.014033 0.052868 -0.008213
v 0.014038 0.054151 -0.008119
v 0.014079 0.050538 -0.007018
v 0.014079 0.050538 -0.008260
v 0.014034 0.050545 -0.009286
v 0.013995 0.052900 -0.009244
v 0.014014 0.054201 -0.009145
v 0.014150 0.046739 -0.007031
v 0.014150 0.046739 -0.008276
v 0.014101 0.046739 -0.009300
v 0.013955 0.046737 -0.010101
v 0.013898 0.050568 -0.010096
v 0.013663 0.046733 -0.010676
v 0.013617 0.050583 -0.010679
v 0.013884 0.052998 -0.010081
v 0.013942 0.054353 -0.009994
v 0.013622 0.053077 -0.010689
v 0.013760 0.054748 -0.010718
v 0.007995 0.057140 -0.006852
v 0.010760 0.057121 -0.006842
v 0.010747 0.057097 -0.008200
v 0.007989 0.057117 -0.008204
v 0.012578 0.057060 -0.006818
v 0.012557 0.057033 -0.008180
v 0.012539 0.056997 -0.009263
v 0.010736 0.057061 -0.009281
v 0.007984 0.057082 -0.009282
v 0.013719 0.056920 -0.006766
v 0.013688 0.056891 -0.008128
v 0.014450 0.056665 -0.006677
v 0.014409 0.056635 -0.008030
v 0.014375 0.056603 -0.009102
v 0.013662 0.056856 -0.009208
v 0.013627 0.056792 -0.010025
v 0.012514 0.056928 -0.010082
v 0.014328 0.056546 -0.009910
v 0.014248 0.056443 -0.010473
v 0.013565 0.056672 -0.010595
v 0.012472 0.056797 -0.010655
v 0.010721 0.056988 -0.010101
v 0.007976 0.057008 -0.010101
v 0.010695 0.056851 -0.010676
v 0.007963 0.056866 -0.010676
v -0.009080 0.057083 -0.006845
v -0.005134 0.057128 -0.006855
v -0.005130 0.057109 -0.008205
v -0.009069 0.057066 -0.008201
v -0.000565 0.057148 -0.006859
v -0.000564 0.057128 -0.008207
v -0.000564 0.057094 -0.009283
v -0.005127 0.057076 -0.009283
v -0.009061 0.057035 -0.009282
v 0.004016 0.057150 -0.006857
v 0.004014 0.057129 -0.008206
v 0.004012 0.057095 -0.009283
v 0.004008 0.057019 -0.010101
v -0.000564 0.057019 -0.010101
v 0.004003 0.056875 -0.010676
v -0.000563 0.056875 -0.010676
v -0.005122 0.057002 -0.010101
v -0.009049 0.056964 -0.010101
v -0.005114 0.056861 -0.010676
v -0.009030 0.056830 -0.010676
v -0.015206 0.056461 -0.006573
v -0.014579 0.056711 -0.006710
v -0.014529 0.056701 -0.008084
v -0.015138 0.056448 -0.007935
v -0.013531 0.056889 -0.006789
v -0.013496 0.056878 -0.008163
v -0.013469 0.056854 -0.009251
v -0.014489 0.056681 -0.009169
v -0.015086 0.056429 -0.009007
v -0.011788 0.057008 -0.006829
v -0.011767 0.056994 -0.008195
v -0.011750 0.056966 -0.009280
v -0.011727 0.056902 -0.010101
v -0.013432 0.056798 -0.010072
v -0.011689 0.056778 -0.010676
v -0.013369 0.056688 -0.010645
v -0.014438 0.056633 -0.009985
v -0.015021 0.056391 -0.009811
v -0.014351 0.056541 -0.010553
v -0.014913 0.056318 -0.010369
v -0.014251 0.046174 0.001696
v -0.014251 0.046174 0.001916
v -0.014405 0.045191 0.001302
v -0.014405 0.045191 0.001164
v -0.014279 0.046286 0.002164
v -0.014427 0.045332 0.001517
v -0.014405 0.045191 0.001302
v -0.014427 0.045332 0.001517
v -0.014680 0.044996 0.001302
v -0.014668 0.044846 0.001099
v -0.014405 0.045191 0.001164
v -0.014670 0.044847 0.000989
v -0.014361 0.046621 0.002536
v -0.014495 0.045757 0.001923
v -0.014472 0.047074 0.002946
v -0.014590 0.046600 0.002629
v -0.014495 0.045757 0.001923
v -0.014590 0.046600 0.002629
v -0.014803 0.046352 0.002470
v -0.014721 0.045449 0.001720
v -0.014999 0.045711 0.001923
v -0.014990 0.045283 0.001518
v -0.015057 0.046558 0.002629
v -0.015259 0.047003 0.002946
v -0.015287 0.046537 0.002536
v -0.015312 0.046195 0.002167
v -0.014992 0.045143 0.001306
v -0.015004 0.045150 0.001174
v -0.015333 0.046089 0.001926
v -0.015362 0.046107 0.001722
v -0.014251 0.046174 0.000560
v -0.014251 0.046174 0.000804
v -0.014405 0.045191 0.000616
v -0.014405 0.045191 0.000466
v -0.014251 0.046174 0.001101
v -0.014405 0.045191 0.000798
v -0.014405 0.045191 0.000616
v -0.014405 0.045191 0.000798
v -0.014683 0.044846 0.000703
v -0.014693 0.044826 0.000557
v -0.014405 0.045191 0.000466
v -0.014699 0.044791 0.000436
v -0.014251 0.046174 0.001412
v -0.014405 0.045191 0.000988
v -0.014405 0.045191 0.000988
v -0.014675 0.044850 0.000852
v -0.015024 0.045162 0.001009
v -0.015053 0.045145 0.000824
v -0.015411 0.046137 0.001464
v -0.015480 0.046126 0.001171
v -0.015093 0.045064 0.000632
v -0.015117 0.044924 0.000470
v -0.015571 0.046020 0.000865
v -0.015709 0.045688 0.000548
v -0.014472 0.047074 -0.002877
v -0.014361 0.046621 -0.002440
v -0.014495 0.045757 -0.001858
v -0.014590 0.046600 -0.002585
v -0.014279 0.046286 -0.002028
v -0.014427 0.045332 -0.001425
v -0.014495 0.045757 -0.001858
v -0.014427 0.045332 -0.001425
v -0.014680 0.044996 -0.001225
v -0.014721 0.045449 -0.001667
v -0.014590 0.046600 -0.002585
v -0.014803 0.046352 -0.002438
v -0.014251 0.046174 -0.001746
v -0.014405 0.045191 -0.001190
v -0.014251 0.046174 -0.001518
v -0.014405 0.045191 -0.001048
v -0.014405 0.045191 -0.001190
v -0.014405 0.045191 -0.001048
v -0.014669 0.044846 -0.000887
v -0.014667 0.044845 -0.001002
v -0.014991 0.045141 -0.001183
v -0.014990 0.045282 -0.001424
v -0.015000 0.045144 -0.001031
v -0.015351 0.046092 -0.001475
v -0.015329 0.046083 -0.001729
v -0.015311 0.046193 -0.002023
v -0.014999 0.045711 -0.001858
v -0.015057 0.046558 -0.002585
v -0.015287 0.046537 -0.002440
v -0.015259 0.047003 -0.002877
v -0.014207 0.056387 -0.010893
v -0.014733 0.056196 -0.010703
v -0.013266 0.056506 -0.010989
v -0.013142 0.056155 -0.011157
v -0.014035 0.056090 -0.011052
v -0.014519 0.055967 -0.010846
v -0.011624 0.056572 -0.011020
v -0.008998 0.056605 -0.011020
v -0.008959 0.056199 -0.011193
v -0.011547 0.056186 -0.011193
v -0.011472 0.055525 -0.011250
v -0.013021 0.055539 -0.011206
v -0.008922 0.055518 -0.011250
v -0.013867 0.055566 -0.011072
v -0.014308 0.055574 -0.010828
v 0.003975 0.055513 -0.011250
v 0.007893 0.055518 -0.011250
v -0.000559 0.055512 -0.011250
v -0.000561 0.056210 -0.011193
v 0.003985 0.056211 -0.011193
v 0.007916 0.056211 -0.011193
v -0.005071 0.055513 -0.011250
v -0.005086 0.056206 -0.011193
v -0.005101 0.056625 -0.011020
v -0.000562 0.056635 -0.011020
v 0.003995 0.056635 -0.011020
v 0.007941 0.056631 -0.011020
v 0.013247 0.055545 -0.011108
v 0.013828 0.055527 -0.010924
v 0.012246 0.055534 -0.011214
v 0.012319 0.056188 -0.011168
v 0.013348 0.056122 -0.011093
v 0.013963 0.055982 -0.010952
v 0.010556 0.055524 -0.011250
v 0.010602 0.056211 -0.011193
v 0.010652 0.056622 -0.011020
v 0.012401 0.056580 -0.010999
v 0.013464 0.056473 -0.010937
v 0.014115 0.056271 -0.010811
v 0.015273 0.045093 -0.001444
v 0.014940 0.044062 -0.000965
v 0.014930 0.044061 -0.001178
v 0.015255 0.045090 -0.001770
v 0.014616 0.043734 -0.000828
v 0.014611 0.043733 -0.000989
v 0.014621 0.043898 -0.001246
v 0.014928 0.044216 -0.001460
v 0.015238 0.045213 -0.002112
v 0.014348 0.044103 -0.001028
v 0.014345 0.044103 -0.001203
v 0.014348 0.044103 -0.001028
v 0.014181 0.045167 -0.001563
v 0.014180 0.045167 -0.001818
v 0.014345 0.044103 -0.001203
v 0.014206 0.045289 -0.002124
v 0.014365 0.044258 -0.001467
v 0.014365 0.044258 -0.001467
v 0.014427 0.044720 -0.001936
v 0.014657 0.044392 -0.001728
v 0.014285 0.045656 -0.002569
v 0.014427 0.044720 -0.001936
v 0.014391 0.046151 -0.003041
v 0.014514 0.045639 -0.002722
v 0.014514 0.045639 -0.002722
v 0.014730 0.045375 -0.002561
v 0.014932 0.044683 -0.001936
v 0.015211 0.045587 -0.002569
v 0.014982 0.045604 -0.002722
v 0.015179 0.046093 -0.003041
v 0.015337 0.045099 0.001882
v 0.014990 0.044065 0.001284
v 0.015056 0.044069 0.001190
v 0.015431 0.045110 0.001690
v 0.014651 0.043734 0.001067
v 0.014694 0.043735 0.000989
v 0.014749 0.043728 0.000911
v 0.015146 0.044042 0.001093
v 0.015562 0.045075 0.001477
v 0.014369 0.044103 0.001235
v 0.014394 0.044103 0.001094
v 0.014369 0.044103 0.001235
v 0.014192 0.045167 0.001794
v 0.014205 0.045167 0.001514
v 0.014394 0.044103 0.001094
v 0.014220 0.045167 0.001210
v 0.014425 0.044103 0.000945
v 0.014425 0.044103 0.000945
v 0.014455 0.044103 0.000806
v 0.014808 0.043705 0.000837
v 0.014235 0.045167 0.000921
v 0.014455 0.044103 0.000806
v 0.014247 0.045167 0.000683
v 0.014480 0.044103 0.000691
v 0.014480 0.044103 0.000691
v 0.014856 0.043667 0.000775
v 0.015258 0.043948 0.000991
v 0.015729 0.044941 0.001251
v 0.015345 0.043796 0.000901
v 0.015967 0.044576 0.000992
v 0.014391 0.046151 0.003114
v 0.014285 0.045656 0.002670
v 0.014427 0.044720 0.002003
v 0.014514 0.045639 0.002767
v 0.014207 0.045289 0.002271
v 0.014367 0.044258 0.001570
v 0.014427 0.044720 0.002003
v 0.014367 0.044258 0.001570
v 0.014624 0.043898 0.001338
v 0.014657 0.044392 0.001782
v 0.014514 0.045639 0.002767
v 0.014730 0.045375 0.002594
v 0.014184 0.045167 0.002013
v 0.014354 0.044103 0.001354
v 0.014354 0.044103 0.001354
v 0.014625 0.043734 0.001142
v 0.014950 0.044062 0.001373
v 0.014933 0.044216 0.001575
v 0.015281 0.045093 0.002048
v 0.015245 0.045214 0.002280
v 0.014932 0.044683 0.002003
v 0.014982 0.045604 0.002767
v 0.015211 0.045587 0.002670
v 0.015179 0.046093 0.003114
v 0.007941 0.056631 0.011104
v 0.010652 0.056622 0.011104
v 0.007916 0.056211 0.011214
v 0.010602 0.056211 0.011214
v 0.012319 0.056188 0.011190
v 0.012401 0.056580 0.011083
v 0.007893 0.055518 0.011250
v 0.010556 0.055524 0.011250
v 0.012246 0.055534 0.011221
v 0.013247 0.055545 0.011134
v 0.013348 0.056122 0.011121
v 0.013828 0.055527 0.010974
v 0.013963 0.055982 0.010985
v 0.013464 0.056473 0.011020
v 0.014115 0.056271 0.010894
v -0.008998 0.056605 0.011104
v -0.005101 0.056625 0.011104
v -0.008959 0.056199 0.011214
v -0.005086 0.056206 0.011214
v -0.000561 0.056210 0.011214
v -0.000562 0.056635 0.011104
v -0.008922 0.055518 0.011250
v -0.005071 0.055513 0.011250
v -0.000559 0.055512 0.011250
v 0.003975 0.055513 0.011250
v 0.003985 0.056211 0.011214
v 0.003995 0.056635 0.011104
v -0.013867 0.055566 0.011098
v -0.014308 0.055574 0.010877
v -0.013021 0.055539 0.011212
v -0.013142 0.056155 0.011180
v -0.014035 0.056090 0.011079
v -0.014519 0.055967 0.010879
v -0.011472 0.055525 0.011250
v -0.011547 0.056186 0.011214
v -0.011624 0.056572 0.011104
v -0.013266 0.056506 0.011072
v -0.014207 0.056387 0.010977
v -0.014733 0.056196 0.010785
v -0.014272 0.054295 0.007715
v -0.014272 0.054295 0.008850
v -0.014361 0.054982 0.008588
v -0.014361 0.054982 0.007488
v -0.014262 0.054342 0.009683
v -0.014366 0.055015 0.009391
v -0.014480 0.055065 0.008926
v -0.014462 0.055053 0.008172
v -0.014462 0.055053 0.007127
v -0.014230 0.054482 0.010292
v -0.014381 0.055116 0.009965
v -0.014143 0.054847 0.010786
v -0.014456 0.055286 0.010333
v -0.014655 0.055162 0.009780
v -0.014534 0.055100 0.009447
v -0.014629 0.054532 0.008717
v -0.014560 0.054524 0.008244
v -0.014768 0.054546 0.009018
v -0.014787 0.053402 0.007971
v -0.014645 0.053402 0.007704
v -0.014574 0.053401 0.007287
v -0.014537 0.054522 0.007552
v -0.014537 0.054522 0.006588
v -0.014551 0.053401 0.006677
v -0.014551 0.053401 0.005829
v -0.014308 0.055574 0.010877
v -0.014642 0.055529 0.010514
v -0.014308 0.055574 0.010877
v -0.014519 0.055967 0.010879
v -0.014884 0.055765 0.010546
v -0.014642 0.055529 0.010514
v -0.015135 0.055352 0.010026
v -0.014871 0.055255 0.009970
v -0.014871 0.055255 0.009970
v -0.014733 0.056196 0.010785
v -0.015129 0.055914 0.010466
v -0.014913 0.056318 0.010573
v -0.015333 0.056001 0.010260
v -0.015621 0.055483 0.009762
v -0.015400 0.055428 0.009957
v -0.015552 0.054630 0.009199
v -0.015275 0.054600 0.009260
v -0.015782 0.054654 0.009018
v -0.015825 0.053408 0.007971
v -0.015589 0.053407 0.008131
v -0.015306 0.053405 0.008184
v -0.014998 0.054571 0.009199
v -0.014998 0.054571 0.009199
v -0.015023 0.053404 0.008131
v -0.015023 0.053404 0.008131
v -0.015021 0.056391 0.010219
v -0.015456 0.056054 0.009916
v -0.015092 0.056439 0.009680
v -0.015539 0.056093 0.009394
v -0.015843 0.055546 0.008939
v -0.015753 0.055515 0.009435
v -0.015162 0.056486 0.008911
v -0.015623 0.056140 0.008652
v -0.015267 0.056555 0.007867
v -0.015750 0.056216 0.007647
v -0.016082 0.055677 0.007287
v -0.015938 0.055593 0.008236
v -0.016114 0.054739 0.007613
v -0.016015 0.054691 0.008260
v -0.016265 0.054828 0.006742
v -0.016305 0.053556 0.005968
v -0.016159 0.053468 0.006732
v -0.016062 0.053424 0.007301
v -0.015921 0.054669 0.008717
v -0.015967 0.053409 0.007704
v -0.014272 0.054295 0.001623
v -0.014272 0.054295 0.002930
v -0.014361 0.054982 0.002850
v -0.014361 0.054982 0.001583
v -0.014272 0.054295 0.004531
v -0.014361 0.054982 0.004401
v -0.014462 0.055053 0.004196
v -0.014462 0.055053 0.002723
v -0.014462 0.055053 0.001519
v -0.014272 0.054295 0.006200
v -0.014361 0.054982 0.006020
v -0.014462 0.055053 0.005732
v -0.014537 0.054522 0.005304
v -0.014537 0.054522 0.003889
v -0.014551 0.053401 0.004700
v -0.014551 0.053401 0.003456
v -0.014537 0.054522 0.002532
v -0.014537 0.054522 0.001424
v -0.014551 0.053401 0.002264
v -0.014551 0.053401 0.001290
v -0.015442 0.056671 0.006506
v -0.015963 0.056342 0.006338
v -0.015652 0.056817 0.004980
v -0.016215 0.056502 0.004871
v -0.016608 0.055993 0.004670
v -0.016322 0.055817 0.006053
v -0.015861 0.056978 0.003442
v -0.016462 0.056677 0.003392
v -0.016035 0.057137 0.002047
v -0.016660 0.056850 0.002045
v -0.017117 0.056366 0.001996
v -0.016889 0.056182 0.003272
v -0.017124 0.055360 0.003064
v -0.016821 0.055162 0.004346
v -0.017377 0.055546 0.001888
v -0.017417 0.054251 0.001713
v -0.017149 0.054074 0.002745
v -0.016844 0.053884 0.003869
v -0.016518 0.054977 0.005612
v -0.016548 0.053703 0.004978
v -0.014143 0.054847 -0.010646
v -0.014230 0.054482 -0.009906
v -0.014381 0.055116 -0.009584
v -0.014456 0.055286 -0.010157
v -0.014262 0.054342 -0.009057
v -0.014366 0.055015 -0.008781
v -0.014480 0.055065 -0.008344
v -0.014534 0.055100 -0.009074
v -0.014655 0.055162 -0.009597
v -0.014272 0.054295 -0.008038
v -0.014361 0.054982 -0.007801
v -0.014272 0.054295 -0.006831
v -0.014361 0.054982 -0.006630
v -0.014462 0.055053 -0.006312
v -0.014462 0.055053 -0.007424
v -0.014537 0.054522 -0.006861
v -0.014560 0.054524 -0.007706
v -0.014537 0.054522 -0.005836
v -0.014551 0.053401 -0.005166
v -0.014551 0.053401 -0.006067
v -0.014574 0.053401 -0.006811
v -0.014629 0.054532 -0.008368
v -0.014768 0.054546 -0.008844
v -0.014645 0.053402 -0.007396
v -0.014787 0.053402 -0.007817
v -0.015206 0.056461 -0.006573
v -0.015138 0.056448 -0.007935
v -0.015596 0.056102 -0.007694
v -0.015682 0.056122 -0.006362
v -0.015086 0.056429 -0.009007
v -0.015532 0.056083 -0.008739
v -0.015836 0.055537 -0.008313
v -0.015909 0.055557 -0.007316
v -0.016011 0.055586 -0.006042
v -0.015021 0.056391 -0.009811
v -0.015456 0.056054 -0.009520
v -0.014913 0.056318 -0.010369
v -0.015333 0.056001 -0.010061
v -0.015621 0.055483 -0.009573
v -0.015753 0.055515 -0.009058
v -0.015921 0.054669 -0.008368
v -0.016008 0.054683 -0.007680
v -0.015782 0.054654 -0.008844
v -0.015825 0.053408 -0.007817
v -0.015967 0.053409 -0.007396
v -0.016056 0.053416 -0.006788
v -0.016087 0.054704 -0.006757
v -0.016197 0.054741 -0.005578
v -0.016134 0.053437 -0.005973
v -0.016243 0.053478 -0.004933
v -0.014733 0.056196 -0.010703
v -0.015129 0.055914 -0.010386
v -0.014519 0.055967 -0.010846
v -0.014884 0.055765 -0.010511
v -0.015135 0.055352 -0.009989
v -0.015400 0.055428 -0.009882
v -0.014308 0.055574 -0.010828
v -0.014642 0.055529 -0.010450
v -0.014308 0.055574 -0.010828
v -0.014642 0.055529 -0.010450
v -0.014871 0.055255 -0.009898
v -0.014871 0.055255 -0.009898
v -0.014998 0.054571 -0.009130
v -0.015275 0.054600 -0.009225
v -0.014998 0.054571 -0.009130
v -0.015023 0.053404 -0.008069
v -0.015023 0.053404 -0.008069
v -0.015306 0.053405 -0.008153
v -0.015552 0.054630 -0.009130
v -0.015589 0.053407 -0.008069
v 0.014038 0.054151 -0.006899
v 0.014038 0.054151 -0.008119
v 0.014120 0.054809 -0.007963
v 0.014120 0.054809 -0.006767
v 0.014014 0.054201 -0.009145
v 0.014116 0.054847 -0.008962
v 0.014248 0.054857 -0.008626
v 0.014235 0.054842 -0.007674
v 0.014235 0.054842 -0.006523
v 0.013942 0.054353 -0.009994
v 0.014104 0.054960 -0.009774
v 0.013760 0.054748 -0.010718
v 0.014135 0.055157 -0.010355
v 0.014386 0.054987 -0.009918
v 0.014290 0.054903 -0.009379
v 0.014421 0.054269 -0.008764
v 0.014358 0.054254 -0.008070
v 0.014547 0.054299 -0.009263
v 0.014609 0.053045 -0.008277
v 0.014474 0.053035 -0.007832
v 0.014406 0.053031 -0.007212
v 0.014337 0.054249 -0.007184
v 0.014337 0.054249 -0.006109
v 0.014384 0.053029 -0.006422
v 0.014384 0.053029 -0.005466
v 0.013828 0.055527 -0.010924
v 0.014262 0.055447 -0.010658
v 0.013828 0.055527 -0.010924
v 0.013963 0.055982 -0.010952
v 0.014441 0.055739 -0.010727
v 0.014262 0.055447 -0.010658
v 0.014787 0.055259 -0.010327
v 0.014565 0.055117 -0.010231
v 0.014565 0.055117 -0.010231
v 0.014115 0.056271 -0.010811
v 0.014631 0.055944 -0.010602
v 0.014248 0.056443 -0.010473
v 0.014793 0.056077 -0.010271
v 0.015200 0.055470 -0.009897
v 0.015012 0.055379 -0.010217
v 0.015260 0.054468 -0.009562
v 0.015008 0.054408 -0.009661
v 0.015470 0.054518 -0.009263
v 0.015602 0.053115 -0.008277
v 0.015377 0.053099 -0.008544
v 0.015106 0.053080 -0.008633
v 0.014757 0.054348 -0.009562
v 0.014757 0.054348 -0.009562
v 0.014835 0.053061 -0.008544
v 0.014835 0.053061 -0.008544
v 0.014328 0.056546 -0.009910
v 0.014891 0.056158 -0.009718
v 0.014375 0.056603 -0.009102
v 0.014948 0.056202 -0.008925
v 0.015379 0.055557 -0.008599
v 0.015313 0.055525 -0.009365
v 0.014409 0.056635 -0.008030
v 0.014989 0.056230 -0.007871
v 0.014450 0.056665 -0.006677
v 0.015040 0.056259 -0.006537
v 0.015486 0.055606 -0.006289
v 0.015427 0.055579 -0.007581
v 0.015721 0.054583 -0.007091
v 0.015669 0.054566 -0.008047
v 0.015784 0.054606 -0.005876
v 0.015932 0.053162 -0.005240
v 0.015870 0.053143 -0.006332
v 0.015816 0.053132 -0.007189
v 0.015595 0.054547 -0.008764
v 0.015738 0.053124 -0.007832
v 0.014038 0.054151 0.007792
v 0.014038 0.054151 0.006262
v 0.014120 0.054809 0.006143
v 0.014120 0.054809 0.007642
v 0.014038 0.054151 0.004575
v 0.014120 0.054809 0.004490
v 0.014235 0.054842 0.004332
v 0.014235 0.054842 0.005923
v 0.014235 0.054842 0.007366
v 0.014038 0.054151 0.002958
v 0.014120 0.054809 0.002905
v 0.014038 0.054151 0.001637
v 0.014120 0.054809 0.001610
v 0.014235 0.054842 0.001562
v 0.014235 0.054842 0.002807
v 0.014337 0.054249 0.002642
v 0.014337 0.054249 0.004065
v 0.014337 0.054249 0.001479
v 0.014384 0.053029 0.001350
v 0.014384 0.053029 0.002384
v 0.014384 0.053029 0.003650
v 0.014337 0.054249 0.005550
v 0.014337 0.054249 0.006897
v 0.014384 0.053029 0.004970
v 0.014384 0.053029 0.006169
v 0.015419 0.057218 0.002108
v 0.015131 0.057077 0.003491
v 0.015803 0.056640 0.003424
v 0.016082 0.056777 0.002053
v 0.014882 0.056938 0.005032
v 0.015539 0.056508 0.004940
v 0.016031 0.055833 0.004761
v 0.016303 0.055955 0.003293
v 0.016571 0.056083 0.001957
v 0.014680 0.056812 0.006570
v 0.015310 0.056392 0.006448
v 0.014531 0.056714 0.007946
v 0.015133 0.056301 0.007795
v 0.015586 0.055644 0.007513
v 0.015783 0.055726 0.006216
v 0.016094 0.054715 0.005826
v 0.016352 0.054810 0.004467
v 0.015887 0.054641 0.007035
v 0.016033 0.053194 0.006299
v 0.016239 0.053257 0.005232
v 0.016492 0.053339 0.004029
v 0.016625 0.054920 0.003090
v 0.016881 0.055034 0.001826
v 0.016760 0.053432 0.002804
v 0.017009 0.053529 0.001669
v 0.013760 0.054748 0.010859
v 0.013942 0.054353 0.010384
v 0.014104 0.054960 0.010164
v 0.014135 0.055157 0.010535
v 0.014014 0.054201 0.009777
v 0.014116 0.054847 0.009584
v 0.014248 0.054857 0.009228
v 0.014290 0.054903 0.009765
v 0.014386 0.054987 0.010108
v 0.014038 0.054151 0.008939
v 0.014120 0.054809 0.008766
v 0.014235 0.054842 0.008448
v 0.014337 0.054249 0.007908
v 0.014358 0.054254 0.008634
v 0.014384 0.053029 0.007069
v 0.014406 0.053031 0.007716
v 0.014421 0.054269 0.009129
v 0.014547 0.054299 0.009445
v 0.014474 0.053035 0.008158
v 0.014609 0.053045 0.008440
v 0.014441 0.056654 0.009000
v 0.015026 0.056247 0.008827
v 0.014383 0.056608 0.009777
v 0.014957 0.056207 0.009589
v 0.015389 0.055560 0.009240
v 0.015467 0.055594 0.008507
v 0.014328 0.056546 0.010322
v 0.014891 0.056158 0.010123
v 0.014248 0.056443 0.010679
v 0.014793 0.056077 0.010473
v 0.015200 0.055470 0.010092
v 0.015313 0.055525 0.009755
v 0.015595 0.054547 0.009129
v 0.015679 0.054570 0.008648
v 0.015470 0.054518 0.009445
v 0.015602 0.053115 0.008440
v 0.015738 0.053124 0.008158
v 0.015826 0.053135 0.007729
v 0.015762 0.054597 0.007963
v 0.015910 0.053156 0.007121
v 0.014115 0.056271 0.010894
v 0.014631 0.055944 0.010683
v 0.013963 0.055982 0.010985
v 0.014441 0.055739 0.010764
v 0.014787 0.055259 0.010365
v 0.015012 0.055379 0.010295
v 0.013828 0.055527 0.010974
v 0.014262 0.055447 0.010724
v 0.013828 0.055527 0.010974
v 0.014262 0.055447 0.010724
v 0.014565 0.055117 0.010305
v 0.014565 0.055117 0.010305
v 0.014757 0.054348 0.009635
v 0.015008 0.054408 0.009698
v 0.014757 0.054348 0.009635
v 0.014835 0.053061 0.008609
v 0.014835 0.053061 0.008609
v 0.015106 0.053080 0.008666
v 0.015260 0.054468 0.009635
v 0.015377 0.053099 0.008609
v 0.016503 0.057085 -0.001131
v 0.016600 0.057218 -0.001093
v 0.016929 0.056759 -0.001227
v 0.016819 0.056617 -0.001259
v 0.016655 0.057350 -0.001034
v 0.017000 0.056902 -0.001170
v 0.017219 0.056182 -0.001293
v 0.017138 0.056035 -0.001347
v 0.017021 0.055890 -0.001371
v 0.016645 0.057459 -0.000912
v 0.017016 0.057022 -0.001044
v 0.016548 0.057521 -0.000686
v 0.016961 0.057091 -0.000806
v 0.017233 0.056380 -0.000920
v 0.017254 0.056306 -0.001165
v 0.017398 0.055219 -0.001234
v 0.017353 0.055097 -0.001361
v 0.017397 0.055293 -0.000987
v 0.017489 0.053737 -0.000969
v 0.017488 0.053667 -0.001208
v 0.017446 0.053556 -0.001331
v 0.017269 0.054954 -0.001412
v 0.017151 0.054815 -0.001430
v 0.017366 0.053427 -0.001381
v 0.017252 0.053302 -0.001398
v 0.009853 0.057860 -0.000632
v 0.012943 0.057884 -0.000563
v 0.013139 0.057845 -0.000754
v 0.010036 0.057827 -0.000822
v 0.014869 0.057868 -0.000555
v 0.015047 0.057822 -0.000755
v 0.015114 0.057748 -0.000864
v 0.013222 0.057790 -0.000858
v 0.010120 0.057787 -0.000925
v 0.015961 0.057764 -0.000599
v 0.016103 0.057709 -0.000812
v 0.016548 0.057521 -0.000686
v 0.016645 0.057459 -0.000912
v 0.016655 0.057350 -0.001034
v 0.016142 0.057617 -0.000927
v 0.016108 0.057503 -0.000986
v 0.015102 0.057657 -0.000920
v 0.016600 0.057218 -0.001093
v 0.016503 0.057085 -0.001131
v 0.016030 0.057386 -0.001027
v 0.015045 0.057558 -0.000962
v 0.013229 0.057720 -0.000913
v 0.010137 0.057736 -0.000978
v 0.013194 0.057640 -0.000953
v 0.010120 0.057671 -0.001017
v -0.009849 0.057833 -0.001181
v -0.005343 0.057835 -0.001087
v -0.005359 0.057813 -0.001321
v -0.009915 0.057819 -0.001430
v -0.000051 0.057838 -0.000935
v 0.000006 0.057812 -0.001152
v 0.000034 0.057786 -0.001269
v -0.005366 0.057790 -0.001446
v -0.009946 0.057799 -0.001561
v 0.005268 0.057845 -0.000770
v 0.005398 0.057816 -0.000970
v 0.005460 0.057785 -0.001078
v 0.005476 0.057745 -0.001133
v 0.000042 0.057752 -0.001325
v 0.005469 0.057690 -0.001170
v 0.000042 0.057700 -0.001361
v -0.005366 0.057758 -0.001505
v -0.009952 0.057767 -0.001621
v -0.005363 0.057707 -0.001539
v -0.009943 0.057714 -0.001652
v -0.016197 0.057564 -0.000908
v -0.015602 0.057721 -0.001007
v -0.015626 0.057748 -0.001258
v -0.016190 0.057600 -0.001156
v -0.014599 0.057802 -0.001107
v -0.014654 0.057814 -0.001362
v -0.014676 0.057807 -0.001494
v -0.015628 0.057746 -0.001387
v -0.016176 0.057602 -0.001282
v -0.012808 0.057831 -0.001177
v -0.012882 0.057829 -0.001431
v -0.012915 0.057815 -0.001565
v -0.012918 0.057783 -0.001622
v -0.014669 0.057775 -0.001548
v -0.012901 0.057727 -0.001649
v -0.014641 0.057715 -0.001569
v -0.015611 0.057714 -0.001437
v -0.016148 0.057570 -0.001328
v -0.015572 0.057650 -0.001452
v -0.016101 0.057502 -0.001338
v -0.017839 0.054609 -0.000606
v -0.017628 0.055959 -0.000722
v -0.017622 0.055988 -0.000950
v -0.017858 0.054632 -0.000811
v -0.017254 0.056814 -0.000793
v -0.017234 0.056849 -0.001033
v -0.017212 0.056851 -0.001154
v -0.017607 0.055987 -0.001066
v -0.017857 0.054629 -0.000917
v -0.016762 0.057306 -0.000846
v -0.016742 0.057343 -0.001091
v -0.016197 0.057564 -0.000908
v -0.016190 0.057600 -0.001156
v -0.016176 0.057602 -0.001282
v -0.016719 0.057346 -0.001215
v -0.016686 0.057313 -0.001260
v -0.017178 0.056817 -0.001198
v -0.016148 0.057570 -0.001328
v -0.016101 0.057502 -0.001338
v -0.016634 0.057244 -0.001267
v -0.017124 0.056747 -0.001205
v -0.017577 0.055955 -0.001110
v -0.017833 0.054599 -0.000962
v -0.017524 0.055888 -0.001120
v -0.017786 0.054539 -0.000980
v -0.014251 0.046174 0.000179
v -0.014251 0.046174 0.000250
v -0.014405 0.045191 0.000250
v -0.014405 0.045191 0.000179
v -0.014251 0.046174 0.000316
v -0.014405 0.045191 0.000306
v -0.014405 0.045191 0.000250
v -0.014405 0.045191 0.000306
v -0.014686 0.044699 0.000304
v -0.014683 0.044685 0.000252
v -0.014405 0.045191 0.000179
v -0.014683 0.044685 0.000180
v -0.014251 0.046174 0.000408
v -0.014405 0.045191 0.000370
v -0.014405 0.045191 0.000370
v -0.014694 0.044742 0.000359
v -0.015097 0.044727 0.000373
v -0.015064 0.044559 0.000311
v -0.015566 0.044915 0.000387
v -0.015506 0.044594 0.000321
v -0.015053 0.044502 0.000255
v -0.015053 0.044502 0.000183
v -0.015486 0.044487 0.000263
v -0.015486 0.044487 0.000189
v -0.014272 0.054295 0.000179
v -0.014272 0.054295 0.000250
v -0.014361 0.054982 0.000250
v -0.014361 0.054982 0.000179
v -0.014272 0.054295 0.000422
v -0.014361 0.054982 0.000418
v -0.014462 0.055053 0.000412
v -0.014462 0.055053 0.000250
v -0.014462 0.055053 0.000179
v -0.014272 0.054295 0.000833
v -0.014361 0.054982 0.000817
v -0.014462 0.055053 0.000792
v -0.014537 0.054522 0.000754
v -0.014537 0.054522 0.000402
v -0.014551 0.053401 0.000700
v -0.014551 0.053401 0.000389
v -0.014537 0.054522 0.000250
v -0.014537 0.054522 0.000179
v -0.014551 0.053401 0.000250
v -0.014551 0.053401 0.000179
v -0.014265 0.041074 0.000179
v -0.014265 0.041074 0.000250
v -0.014244 0.046788 0.000250
v -0.014244 0.046788 0.000179
v -0.014265 0.041074 0.000426
v -0.014244 0.046788 0.000426
v -0.014228 0.050617 0.000426
v -0.014228 0.050617 0.000250
v -0.014228 0.050617 0.000179
v -0.014265 0.041074 0.000849
v -0.014244 0.046788 0.000849
v -0.014228 0.050617 0.000848
v -0.014233 0.052980 0.000843
v -0.014233 0.052980 0.000425
v -0.014272 0.054295 0.000833
v -0.014272 0.054295 0.000422
v -0.014233 0.052980 0.000250
v -0.014233 0.052980 0.000179
v -0.014272 0.054295 0.000250
v -0.014272 0.054295 0.000179
v -0.014286 0.007961 0.000179
v -0.014286 0.007961 0.000250
v -0.014286 0.015222 0.000250
v -0.014286 0.015222 0.000250
v -0.014286 0.015222 0.000250
v -0.014286 0.015222 0.000179
v -0.014286 0.015222 0.000179
v -0.014286 0.007961 0.000426
v -0.014286 0.015222 0.000426
v -0.014286 0.015222 0.000426
v -0.014286 0.015222 0.000426
v -0.014286 0.015222 0.000426
v -0.014284 0.024013 0.000426
v -0.014284 0.024013 0.000426
v -0.014284 0.024013 0.000426
v -0.014284 0.024013 0.000250
v -0.014284 0.024013 0.000250
v -0.014284 0.024013 0.000179
v -0.014284 0.024013 0.000179
v -0.014286 0.007961 0.000849
v -0.014286 0.015222 0.000849
v -0.014286 0.015222 0.000849
v -0.014286 0.015222 0.000849
v -0.014286 0.015222 0.000849
v -0.014284 0.024013 0.000849
v -0.014284 0.024013 0.000849
v -0.014278 0.033057 0.000849
v -0.014278 0.033057 0.000426
v -0.014278 0.033057 0.000250
v -0.014278 0.033057 0.000179
v -0.013956 0.000125 0.000179
v -0.013956 0.000125 0.000250
v -0.014154 0.000276 0.000250
v -0.014154 0.000276 0.000179
v -0.013956 0.000125 0.000426
v -0.014154 0.000276 0.000426
v -0.014253 0.001175 0.000426
v -0.014253 0.001175 0.000250
v -0.014253 0.001175 0.000179
v -0.013956 0.000125 0.000849
v -0.014154 0.000276 0.000849
v -0.014253 0.001175 0.000849
v -0.014286 0.003507 0.000849
v -0.014286 0.003507 0.000426
v -0.014286 0.003507 0.000250
v -0.014286 0.003507 0.000179
v -0.013956 0.000125 0.000179
v -0.013626 0.000034 0.000179
v -0.013626 0.000034 0.000250
v -0.013956 0.000125 0.000250
v -0.012867 -0.000011 0.000179
v -0.012867 -0.000011 0.000250
v -0.012867 -0.000011 0.000426
v -0.013626 0.000034 0.000426
v -0.013956 0.000125 0.000426
v -0.011383 -0.000026 0.000179
v -0.011383 -0.000026 0.000250
v -0.008877 -0.000026 0.000179
v -0.008877 -0.000026 0.000250
v -0.008877 -0.000026 0.000426
v -0.011383 -0.000026 0.000426
v -0.011383 -0.000026 0.000849
v -0.012867 -0.000011 0.000849
v -0.008877 -0.000026 0.000849
v -0.013626 0.000034 0.000849
v -0.013956 0.000125 0.000849
v 0.003984 -0.000026 0.000849
v 0.007915 -0.000026 0.000849
v -0.000552 -0.000026 0.000849
v -0.000552 -0.000026 0.000426
v 0.003984 -0.000026 0.000426
v 0.007915 -0.000026 0.000426
v -0.005053 -0.000026 0.000849
v -0.005053 -0.000026 0.000426
v -0.005053 -0.000026 0.000250
v -0.000552 -0.000026 0.000250
v -0.005053 -0.000026 0.000179
v -0.000552 -0.000026 0.000179
v 0.003984 -0.000026 0.000250
v 0.007915 -0.000026 0.000250
v 0.003984 -0.000026 0.000179
v 0.007915 -0.000026 0.000179
v 0.013271 0.000034 0.000849
v 0.013780 0.000125 0.000849
v 0.012298 -0.000011 0.000849
v 0.012298 -0.000011 0.000426
v 0.013271 0.000034 0.000426
v 0.013780 0.000125 0.000426
v 0.010599 -0.000026 0.000849
v 0.010599 -0.000026 0.000426
v 0.010599 -0.000026 0.000250
v 0.012298 -0.000011 0.000250
v 0.010599 -0.000026 0.000179
v 0.012298 -0.000011 0.000179
v 0.013271 0.000034 0.000250
v 0.013780 0.000125 0.000250
v 0.013271 0.000034 0.000179
v 0.013780 0.000125 0.000179
v 0.014289 0.003507 0.000849
v 0.014289 0.007961 0.000849
v 0.014238 0.001175 0.000849
v 0.014238 0.001175 0.000426
v 0.014289 0.003507 0.000426
v 0.014289 0.007961 0.000426
v 0.014085 0.000276 0.000849
v 0.013780 0.000125 0.000849
v 0.013780 0.000125 0.000426
v 0.014085 0.000276 0.000426
v 0.014085 0.000276 0.000250
v 0.014238 0.001175 0.000250
v 0.013780 0.000125 0.000250
v 0.013780 0.000125 0.000179
v 0.014085 0.000276 0.000179
v 0.014238 0.001175 0.000179
v 0.014289 0.003507 0.000250
v 0.014289 0.007961 0.000250
v 0.014289 0.003507 0.000179
v 0.014289 0.007961 0.000179
v 0.014261 0.033047 0.000849
v 0.014219 0.041050 0.000849
v 0.014282 0.024011 0.000849
v 0.014282 0.024011 0.000426
v 0.014261 0.033047 0.000426
v 0.014219 0.041050 0.000426
v 0.014289 0.015222 0.000849
v 0.014289 0.015222 0.000426
v 0.014289 0.015222 0.000250
v 0.014282 0.024011 0.000250
v 0.014289 0.015222 0.000179
v 0.014282 0.024011 0.000179
v 0.014261 0.033047 0.000250
v 0.014219 0.041050 0.000250
v 0.014261 0.033047 0.000179
v 0.014219 0.041050 0.000179
v 0.014033 0.052868 0.000845
v 0.014038 0.054151 0.000839
v 0.014079 0.050538 0.000848
v 0.014079 0.050538 0.000426
v 0.014033 0.052868 0.000425
v 0.014038 0.054151 0.000423
v 0.014150 0.046739 0.000849
v 0.014150 0.046739 0.000426
v 0.014150 0.046739 0.000250
v 0.014079 0.050538 0.000250
v 0.014150 0.046739 0.000179
v 0.014079 0.050538 0.000179
v 0.014033 0.052868 0.000250
v 0.014038 0.054151 0.000250
v 0.014033 0.052868 0.000179
v 0.014038 0.054151 0.000179
v 0.014337 0.054249 0.000776
v 0.014384 0.053029 0.000724
v 0.014235 0.054842 0.000809
v 0.014235 0.054842 0.000416
v 0.014337 0.054249 0.000408
v 0.014384 0.053029 0.000395
v 0.014120 0.054809 0.000828
v 0.014038 0.054151 0.000839
v 0.014038 0.054151 0.000423
v 0.014120 0.054809 0.000421
v 0.014120 0.054809 0.000250
v 0.014235 0.054842 0.000250
v 0.014038 0.054151 0.000250
v 0.014038 0.054151 0.000179
v 0.014120 0.054809 0.000179
v 0.014235 0.054842 0.000179
v 0.014337 0.054249 0.000250
v 0.014384 0.053029 0.000250
v 0.014337 0.054249 0.000179
v 0.014384 0.053029 0.000179
v 0.015362 0.043591 0.000841
v 0.015894 0.043777 0.000856
v 0.014875 0.043616 0.000733
v 0.014874 0.043573 0.000696
v 0.015344 0.043418 0.000795
v 0.015856 0.043447 0.000804
v 0.014493 0.044103 0.000617
v 0.014254 0.045167 0.000536
v 0.014493 0.044103 0.000617
v 0.014256 0.045167 0.000446
v 0.014497 0.044103 0.000565
v 0.014497 0.044103 0.000565
v 0.014492 0.044103 0.000515
v 0.014864 0.043558 0.000653
v 0.014254 0.045167 0.000382
v 0.014492 0.044103 0.000515
v 0.014247 0.045167 0.000313
v 0.014479 0.044103 0.000448
v 0.014479 0.044103 0.000448
v 0.014843 0.043558 0.000588
v 0.015323 0.043360 0.000749
v 0.015825 0.043337 0.000757
v 0.015294 0.043360 0.000686
v 0.015788 0.043337 0.000694
v 0.014518 0.056715 -0.005021
v 0.015124 0.056308 -0.004903
v 0.014617 0.056771 -0.003310
v 0.015236 0.056361 -0.003215
v 0.015705 0.055698 -0.003069
v 0.015583 0.055650 -0.004705
v 0.014752 0.056821 -0.001788
v 0.015369 0.056407 -0.001717
v 0.014925 0.056850 -0.000701
v 0.015517 0.056430 -0.000656
v 0.015964 0.055751 -0.000605
v 0.015837 0.055736 -0.001622
v 0.016146 0.054715 -0.001486
v 0.016016 0.054685 -0.002844
v 0.016259 0.054722 -0.000541
v 0.016397 0.053248 -0.000454
v 0.016287 0.053248 -0.001291
v 0.016160 0.053226 -0.002509
v 0.015889 0.054644 -0.004384
v 0.016035 0.053194 -0.003895
v 0.008350 0.057293 -0.000896
v 0.011186 0.057287 -0.000847
v 0.010966 0.057255 -0.001958
v 0.008155 0.057263 -0.001999
v 0.013040 0.057238 -0.000797
v 0.012821 0.057206 -0.001909
v 0.012687 0.057158 -0.003443
v 0.010841 0.057211 -0.003485
v 0.008050 0.057221 -0.003515
v 0.014192 0.057106 -0.000749
v 0.013993 0.057074 -0.001852
v 0.014925 0.056850 -0.000701
v 0.014752 0.056821 -0.001788
v 0.014617 0.056771 -0.003310
v 0.013857 0.057024 -0.003385
v 0.013770 0.056968 -0.005104
v 0.012614 0.057105 -0.005159
v 0.014518 0.056715 -0.005021
v 0.010782 0.057163 -0.005192
v 0.008006 0.057177 -0.005211
v -0.009265 0.057214 -0.000956
v -0.005190 0.057265 -0.000985
v -0.005168 0.057235 -0.002041
v -0.009182 0.057183 -0.002008
v -0.000473 0.057290 -0.000977
v -0.000529 0.057260 -0.002046
v -0.000557 0.057222 -0.003541
v -0.005152 0.057198 -0.003532
v -0.009129 0.057147 -0.003503
v 0.004252 0.057296 -0.000943
v 0.004118 0.057267 -0.002030
v 0.004047 0.057228 -0.003535
v 0.004021 0.057186 -0.005222
v -0.000565 0.057182 -0.005224
v -0.005141 0.057160 -0.005217
v -0.009097 0.057112 -0.005197
v -0.015687 0.056609 -0.000530
v -0.014983 0.056833 -0.000647
v -0.014879 0.056788 -0.001739
v -0.015585 0.056554 -0.001622
v -0.013871 0.057005 -0.000769
v -0.013761 0.056966 -0.001848
v -0.013666 0.056934 -0.003379
v -0.014768 0.056753 -0.003283
v -0.015454 0.056512 -0.003163
v -0.012062 0.057130 -0.000878
v -0.011954 0.057095 -0.001940
v -0.011876 0.057062 -0.003452
v -0.011822 0.057032 -0.005165
v -0.013588 0.056908 -0.005110
v -0.014664 0.056728 -0.005024
v -0.015320 0.056482 -0.004898
v -0.017070 0.053809 -0.000310
v -0.016991 0.055055 -0.000323
v -0.016817 0.054970 -0.001267
v -0.016873 0.053723 -0.001136
v -0.016717 0.055850 -0.000366
v -0.016572 0.055772 -0.001390
v -0.016381 0.055699 -0.002838
v -0.016601 0.054883 -0.002608
v -0.016647 0.053632 -0.002315
v -0.016274 0.056324 -0.000435
v -0.016155 0.056258 -0.001507
v -0.015687 0.056609 -0.000530
v -0.015585 0.056554 -0.001622
v -0.015454 0.056512 -0.003163
v -0.015995 0.056201 -0.003019
v -0.015826 0.056156 -0.004721
v -0.016181 0.055635 -0.004469
v -0.015320 0.056482 -0.004898
v -0.016382 0.054804 -0.004120
v -0.016426 0.053547 -0.003647
v -0.014251 0.046174 -0.001266
v -0.014405 0.045191 -0.000899
v -0.014251 0.046174 -0.001013
v -0.014405 0.045191 -0.000753
v -0.014405 0.045191 -0.000899
v -0.014405 0.045191 -0.000753
v -0.014679 0.044842 -0.000654
v -0.014673 0.044847 -0.000768
v -0.014251 0.046174 -0.000783
v -0.014405 0.045191 -0.000623
v -0.014251 0.046174 -0.000600
v -0.014405 0.045191 -0.000520
v -0.014405 0.045191 -0.000623
v -0.014405 0.045191 -0.000520
v -0.014695 0.044786 -0.000479
v -0.014689 0.044821 -0.000555
v -0.015078 0.045044 -0.000562
v -0.015039 0.045128 -0.000702
v -0.015103 0.044905 -0.000463
v -0.015665 0.045632 -0.000435
v -0.015527 0.045964 -0.000626
v -0.015446 0.046081 -0.000883
v -0.015015 0.045151 -0.000864
v -0.015389 0.046108 -0.001179
v -0.014272 0.054295 -0.005413
v -0.014361 0.054982 -0.005256
v -0.014272 0.054295 -0.003945
v -0.014361 0.054982 -0.003835
v -0.014462 0.055053 -0.003659
v -0.014462 0.055053 -0.005008
v -0.014272 0.054295 -0.002588
v -0.014361 0.054982 -0.002520
v -0.014272 0.054295 -0.001502
v -0.014361 0.054982 -0.001468
v -0.014462 0.055053 -0.001414
v -0.014462 0.055053 -0.002412
v -0.014537 0.054522 -0.002250
v -0.014537 0.054522 -0.003396
v -0.014537 0.054522 -0.001333
v -0.014551 0.053401 -0.001219
v -0.014551 0.053401 -0.002022
v -0.014551 0.053401 -0.003026
v -0.014537 0.054522 -0.004636
v -0.014551 0.053401 -0.004113
v -0.014265 0.041074 -0.005569
v -0.014244 0.046788 -0.005569
v -0.014265 0.041074 -0.004056
v -0.014244 0.046788 -0.004056
v -0.014228 0.050617 -0.004045
v -0.014228 0.050617 -0.005553
v -0.014265 0.041074 -0.002656
v -0.014244 0.046788 -0.002656
v -0.014265 0.041074 -0.001536
v -0.014244 0.046788 -0.001536
v -0.014228 0.050617 -0.001533
v -0.014228 0.050617 -0.002649
v -0.014233 0.052980 -0.002629
v -0.014233 0.052980 -0.004011
v -0.014233 0.052980 -0.001523
v -0.014272 0.054295 -0.001502
v -0.014272 0.054295 -0.002588
v -0.014272 0.054295 -0.003945
v -0.014233 0.052980 -0.005507
v -0.014272 0.054295 -0.005413
v -0.014286 0.007961 -0.005569
v -0.014286 0.015222 -0.005569
v -0.014286 0.015222 -0.005569
v -0.014286 0.007961 -0.004056
v -0.014286 0.015222 -0.004056
v -0.014286 0.015222 -0.004056
v -0.014284 0.024013 -0.004056
v -0.014284 0.024013 -0.004056
v -0.014284 0.024013 -0.004056
v -0.014284 0.024013 -0.005569
v -0.014284 0.024013 -0.005569
v -0.014284 0.024013 -0.005569
v -0.014284 0.024013 -0.005569
v -0.014286 0.007961 -0.002656
v -0.014286 0.015222 -0.002656
v -0.014286 0.015222 -0.002656
v -0.014286 0.015222 -0.002656
v -0.014286 0.007961 -0.001536
v -0.014286 0.015222 -0.001536
v -0.014286 0.015222 -0.001536
v -0.014286 0.015222 -0.001536
v -0.014284 0.024013 -0.001536
v -0.014284 0.024013 -0.001536
v -0.014284 0.024013 -0.002656
v -0.014284 0.024013 -0.002656
v -0.014278 0.033057 -0.002656
v -0.014278 0.033057 -0.004056
v -0.014278 0.033057 -0.001536
v -0.014278 0.033057 -0.005569
v -0.013956 0.000125 -0.005569
v -0.014154 0.000276 -0.005569
v -0.013956 0.000125 -0.004056
v -0.014154 0.000276 -0.004056
v -0.014253 0.001175 -0.004056
v -0.014253 0.001175 -0.005569
v -0.013956 0.000125 -0.002656
v -0.014154 0.000276 -0.002656
v -0.013956 0.000125 -0.001536
v -0.014154 0.000276 -0.001536
v -0.014253 0.001175 -0.001536
v -0.014253 0.001175 -0.002656
v -0.014286 0.003507 -0.002656
v -0.014286 0.003507 -0.004056
v -0.014286 0.003507 -0.001536
v -0.014286 0.003507 -0.005569
v -0.013626 0.000034 -0.005569
v -0.013956 0.000125 -0.005569
v -0.012867 -0.000011 -0.005569
v -0.012867 -0.000011 -0.004056
v -0.013626 0.000034 -0.004056
v -0.013956 0.000125 -0.004056
v -0.011383 -0.000026 -0.005569
v -0.008877 -0.000026 -0.005569
v -0.008877 -0.000026 -0.004056
v -0.011383 -0.000026 -0.004056
v -0.011383 -0.000026 -0.002656
v -0.012867 -0.000011 -0.002656
v -0.008877 -0.000026 -0.002656
v -0.008877 -0.000026 -0.001536
v -0.011383 -0.000026 -0.001536
v -0.012867 -0.000011 -0.001536
v -0.013626 0.000034 -0.002656
v -0.013956 0.000125 -0.002656
v -0.013626 0.000034 -0.001536
v -0.013956 0.000125 -0.001536
v 0.007915 -0.000026 -0.001536
v 0.003984 -0.000026 -0.001536
v 0.003984 -0.000026 -0.002656
v 0.007915 -0.000026 -0.002656
v -0.000552 -0.000026 -0.001536
v -0.000552 -0.000026 -0.002656
v -0.000552 -0.000026 -0.004056
v 0.003984 -0.000026 -0.004056
v 0.007915 -0.000026 -0.004056
v -0.005053 -0.000026 -0.001536
v -0.005053 -0.000026 -0.002656
v -0.005053 -0.000026 -0.004056
v -0.005053 -0.000026 -0.005569
v -0.000552 -0.000026 -0.005569
v 0.003984 -0.000026 -0.005569
v 0.007915 -0.000026 -0.005569
v 0.013780 0.000125 -0.001536
v 0.013271 0.000034 -0.001536
v 0.013271 0.000034 -0.002656
v 0.013780 0.000125 -0.002656
v 0.012298 -0.000011 -0.001536
v 0.012298 -0.000011 -0.002656
v 0.012298 -0.000011 -0.004056
v 0.013271 0.000034 -0.004056
v 0.013780 0.000125 -0.004056
v 0.010599 -0.000026 -0.001536
v 0.010599 -0.000026 -0.002656
v 0.010599 -0.000026 -0.004056
v 0.010599 -0.000026 -0.005569
v 0.012298 -0.000011 -0.005569
v 0.013271 0.000034 -0.005569
v 0.013780 0.000125 -0.005569
v 0.014289 0.007961 -0.001536
v 0.014289 0.003507 -0.001536
v 0.014289 0.003507 -0.002656
v 0.014289 0.007961 -0.002656
v 0.014238 0.001175 -0.001536
v 0.014238 0.001175 -0.002656
v 0.014238 0.001175 -0.004056
v 0.014289 0.003507 -0.004056
v 0.014289 0.007961 -0.004056
v 0.014085 0.000276 -0.001536
v 0.014085 0.000276 -0.002656
v 0.013780 0.000125 -0.001536
v 0.013780 0.000125 -0.002656
v 0.013780 0.000125 -0.004056
v 0.014085 0.000276 -0.004056
v 0.014085 0.000276 -0.005569
v 0.014238 0.001175 -0.005569
v 0.013780 0.000125 -0.005569
v 0.014289 0.003507 -0.005569
v 0.014289 0.007961 -0.005569
v 0.014219 0.041050 -0.001536
v 0.014261 0.033047 -0.001536
v 0.014261 0.033047 -0.002656
v 0.014219 0.041050 -0.002656
v 0.014282 0.024011 -0.001536
v 0.014282 0.024011 -0.002656
v 0.014282 0.024011 -0.004056
v 0.014261 0.033047 -0.004056
v 0.014219 0.041050 -0.004056
v 0.014289 0.015222 -0.001536
v 0.014289 0.015222 -0.002656
v 0.014289 0.015222 -0.004056
v 0.014289 0.015222 -0.005569
v 0.014282 0.024011 -0.005569
v 0.014261 0.033047 -0.005569
v 0.014219 0.041050 -0.005569
v 0.014038 0.054151 -0.001514
v 0.014033 0.052868 -0.001527
v 0.014033 0.052868 -0.002638
v 0.014038 0.054151 -0.002611
v 0.014079 0.050538 -0.001534
v 0.014079 0.050538 -0.002652
v 0.014079 0.050538 -0.004048
v 0.014033 0.052868 -0.004027
v 0.014038 0.054151 -0.003983
v 0.014150 0.046739 -0.001536
v 0.014150 0.046739 -0.002656
v 0.014150 0.046739 -0.004056
v 0.014150 0.046739 -0.005569
v 0.014079 0.050538 -0.005559
v 0.014033 0.052868 -0.005528
v 0.014038 0.054151 -0.005466
v 0.014384 0.053029 -0.001270
v 0.014337 0.054249 -0.001380
v 0.014337 0.054249 -0.002343
v 0.014384 0.053029 -0.002124
v 0.014235 0.054842 -0.001450
v 0.014235 0.054842 -0.002484
v 0.014235 0.054842 -0.003775
v 0.014337 0.054249 -0.003547
v 0.014384 0.053029 -0.003192
v 0.014120 0.054809 -0.001491
v 0.014120 0.054809 -0.002566
v 0.014038 0.054151 -0.001514
v 0.014038 0.054151 -0.002611
v 0.014038 0.054151 -0.003983
v 0.014120 0.054809 -0.003910
v 0.014120 0.054809 -0.005363
v 0.014235 0.054842 -0.005173
v 0.014038 0.054151 -0.005466
v 0.014337 0.054249 -0.004850
v 0.014384 0.053029 -0.004348
v 0.015576 0.044540 0.000102
v 0.015066 0.043786 0.000044
v 0.015030 0.043938 -0.000155
v 0.015429 0.044913 -0.000207
v 0.014667 0.043665 -0.000084
v 0.014653 0.043703 -0.000236
v 0.014637 0.043727 -0.000427
v 0.014984 0.044034 -0.000418
v 0.015352 0.045055 -0.000602
v 0.014366 0.044103 -0.000268
v 0.014362 0.044103 -0.000424
v 0.014366 0.044103 -0.000268
v 0.014191 0.045167 -0.000483
v 0.014188 0.045167 -0.000702
v 0.014362 0.044103 -0.000424
v 0.014186 0.045167 -0.000975
v 0.014356 0.044103 -0.000616
v 0.014356 0.044103 -0.000616
v 0.014352 0.044103 -0.000825
v 0.014624 0.043734 -0.000632
v 0.014183 0.045167 -0.001272
v 0.014352 0.044103 -0.000825
v 0.014956 0.044064 -0.000700
v 0.015302 0.045098 -0.001034
v 0.015910 0.051173 0.005904
v 0.016022 0.051203 0.005241
v 0.015830 0.051159 0.006399
v 0.015717 0.048968 0.004896
v 0.015787 0.048960 0.004517
v 0.015883 0.048982 0.004036
v 0.015741 0.051155 0.006751
v 0.015599 0.051158 0.006985
v 0.015498 0.049062 0.005401
v 0.015635 0.049019 0.005198
v 0.015452 0.047098 0.003787
v 0.015514 0.046892 0.003455
v 0.015335 0.047243 0.004010
v 0.015569 0.046829 0.003164
v 0.015645 0.046843 0.002858
v 0.016700 0.051390 0.002428
v 0.016948 0.051466 0.001494
v 0.016445 0.051317 0.003420
v 0.016249 0.049055 0.002731
v 0.016484 0.049081 0.002012
v 0.016736 0.049117 0.001316
v 0.016210 0.051253 0.004385
v 0.016043 0.049017 0.003423
v 0.015772 0.046865 0.002479
v 0.015942 0.046860 0.002053
v 0.016149 0.046792 0.001606
v 0.016411 0.046756 0.001150
v 0.017471 0.051361 -0.001213
v 0.017368 0.051259 -0.001237
v 0.017538 0.051467 -0.001162
v 0.017594 0.049167 -0.000895
v 0.017543 0.049071 -0.000945
v 0.017454 0.048997 -0.000981
v 0.017563 0.051558 -0.001046
v 0.017540 0.051617 -0.000825
v 0.017540 0.049369 -0.000606
v 0.017596 0.049288 -0.000796
v 0.017558 0.047254 -0.000504
v 0.017578 0.046994 -0.000569
v 0.017475 0.047428 -0.000363
v 0.017384 0.046199 -0.000166
v 0.017432 0.045654 -0.000191
v 0.017456 0.045238 -0.000218
v 0.017544 0.046873 -0.000614
v 0.017468 0.046827 -0.000663
v 0.017431 0.045082 -0.000256
v 0.017369 0.045059 -0.000316
v 0.016016 0.051201 -0.003194
v 0.015925 0.051177 -0.004322
v 0.016130 0.051226 -0.002033
v 0.015960 0.048988 -0.001501
v 0.015865 0.048980 -0.002403
v 0.015794 0.048963 -0.003279
v 0.016252 0.051240 -0.001020
v 0.016370 0.051236 -0.000337
v 0.016210 0.048951 -0.000202
v 0.016075 0.048973 -0.000716
v 0.015789 0.046727 -0.000419
v 0.015689 0.046819 -0.000993
v 0.015947 0.046657 -0.000059
v 0.015616 0.046841 -0.001643
v 0.015567 0.046831 -0.002268
v 0.015741 0.051155 -0.006481
v 0.015599 0.051158 -0.006850
v 0.015820 0.051156 -0.005949
v 0.015708 0.048966 -0.004546
v 0.015635 0.049019 -0.004991
v 0.015498 0.049062 -0.005296
v 0.015871 0.051163 -0.005234
v 0.015752 0.048953 -0.003984
v 0.015538 0.046825 -0.002768
v 0.015506 0.046891 -0.003204
v 0.015452 0.047098 -0.003637
v 0.015335 0.047243 -0.003928
v 0.014799 0.051173 -0.007071
v 0.014564 0.051177 -0.006850
v 0.015082 0.051167 -0.007145
v 0.014799 0.051173 -0.007071
v 0.014981 0.049025 -0.005468
v 0.014705 0.049075 -0.005438
v 0.014705 0.049075 -0.005438
v 0.014475 0.049123 -0.005296
v 0.015364 0.051162 -0.007071
v 0.015263 0.049042 -0.005438
v 0.015114 0.047123 -0.003939
v 0.014851 0.047006 -0.003874
v 0.014608 0.047161 -0.003939
v 0.014408 0.047312 -0.003928
v 0.014608 0.047161 -0.003939
v 0.014328 0.051181 -0.005320
v 0.014328 0.051181 -0.004535
v 0.014352 0.051181 -0.005970
v 0.014259 0.049051 -0.004565
v 0.014234 0.049036 -0.004061
v 0.014234 0.049036 -0.003471
v 0.014423 0.051180 -0.006481
v 0.014333 0.049098 -0.004991
v 0.014270 0.047186 -0.003637
v 0.014190 0.046987 -0.003220
v 0.014164 0.046921 -0.002832
v 0.014165 0.046921 -0.002429
v 0.014168 0.046921 -0.000705
v 0.014167 0.046921 -0.001054
v 0.014235 0.049036 -0.000919
v 0.014235 0.049036 -0.001437
v 0.014235 0.049036 -0.002084
v 0.014166 0.046921 -0.001490
v 0.014328 0.051181 -0.001112
v 0.014328 0.051181 -0.001808
v 0.014328 0.051181 -0.002678
v 0.014328 0.051181 -0.003621
v 0.014235 0.049036 -0.002787
v 0.014165 0.046921 -0.001965
v 0.014191 0.046921 0.000788
v 0.014194 0.046921 0.000531
v 0.014241 0.049036 0.000962
v 0.014242 0.049036 0.000577
v 0.014242 0.049036 0.000368
v 0.014195 0.046921 0.000386
v 0.014328 0.051181 0.001164
v 0.014328 0.051181 0.000650
v 0.014328 0.051181 0.000376
v 0.014328 0.051181 0.000250
v 0.014242 0.049036 0.000264
v 0.014328 0.051181 0.000179
v 0.014241 0.049036 0.000193
v 0.014194 0.046921 0.000303
v 0.014191 0.046921 0.000233
v 0.014328 0.051181 0.004131
v 0.014328 0.051181 0.005114
v 0.014328 0.051181 0.003049
v 0.014238 0.049036 0.002370
v 0.014237 0.049036 0.003178
v 0.014236 0.049036 0.003913
v 0.014328 0.051181 0.002012
v 0.014240 0.049036 0.001596
v 0.014186 0.046921 0.001208
v 0.014180 0.046921 0.001721
v 0.014174 0.046921 0.002257
v 0.014169 0.046921 0.002747
v 0.014423 0.051180 0.006751
v 0.014564 0.051177 0.006985
v 0.014352 0.051181 0.006387
v 0.014259 0.049051 0.004884
v 0.014333 0.049098 0.005198
v 0.014475 0.049123 0.005401
v 0.014328 0.051181 0.005853
v 0.014235 0.049036 0.004469
v 0.014166 0.046921 0.003120
v 0.014191 0.046987 0.003444
v 0.014270 0.047186 0.003787
v 0.014408 0.047312 0.004010
v 0.015364 0.051162 0.007125
v 0.015082 0.051167 0.007172
v 0.014981 0.049025 0.005491
v 0.015263 0.049042 0.005481
v 0.014799 0.051173 0.007125
v 0.014799 0.051173 0.007125
v 0.014705 0.049075 0.005481
v 0.014705 0.049075 0.005481
v 0.014608 0.047161 0.003978
v 0.014851 0.047006 0.003898
v 0.014608 0.047161 0.003978
v 0.015114 0.047123 0.003978
v -0.014944 0.051678 0.006690
v -0.014705 0.051691 0.006558
v -0.015231 0.051663 0.006734
v -0.014944 0.051678 0.006690
v -0.015095 0.049703 0.005149
v -0.014818 0.049756 0.005140
v -0.014818 0.049756 0.005140
v -0.014587 0.049807 0.005064
v -0.015518 0.051648 0.006690
v -0.015758 0.051635 0.006558
v -0.015613 0.049723 0.005064
v -0.015377 0.049711 0.005140
v -0.015203 0.047953 0.003744
v -0.014940 0.047851 0.003670
v -0.015425 0.048058 0.003772
v -0.014699 0.047999 0.003744
v -0.014500 0.048142 0.003772
v -0.014699 0.047999 0.003744
v -0.014466 0.051704 0.005497
v -0.014466 0.051704 0.004805
v -0.014490 0.051703 0.005997
v -0.014370 0.049746 0.004580
v -0.014345 0.049732 0.004192
v -0.014345 0.049732 0.003672
v -0.014561 0.051699 0.006339
v -0.014444 0.049787 0.004874
v -0.014361 0.048029 0.003564
v -0.014279 0.047848 0.003244
v -0.014252 0.047788 0.002938
v -0.014252 0.047788 0.002584
v -0.014466 0.051704 0.001902
v -0.014466 0.051704 0.001109
v -0.014466 0.051704 0.002873
v -0.014345 0.049732 0.002227
v -0.014345 0.049732 0.001502
v -0.014345 0.049732 0.000909
v -0.014466 0.051704 0.003885
v -0.014345 0.049732 0.002983
v -0.014252 0.047788 0.002118
v -0.014252 0.047788 0.001607
v -0.014252 0.047788 0.001118
v -0.014252 0.047788 0.000717
v -0.014466 0.051704 0.000250
v -0.014466 0.051704 0.000179
v -0.014466 0.051704 0.000371
v -0.014345 0.049732 0.000351
v -0.014345 0.049732 0.000250
v -0.014345 0.049732 0.000179
v -0.014466 0.051704 0.000628
v -0.014345 0.049732 0.000548
v -0.014252 0.047788 0.000471
v -0.014252 0.047788 0.000331
v -0.014252 0.047788 0.000250
v -0.014252 0.047788 0.000179
v -0.014466 0.051704 -0.003408
v -0.014466 0.051704 -0.004262
v -0.014466 0.051704 -0.002527
v -0.014345 0.049732 -0.001975
v -0.014345 0.049732 -0.002627
v -0.014345 0.049732 -0.003262
v -0.014466 0.051704 -0.001715
v -0.014466 0.051704 -0.001066
v -0.014345 0.049732 -0.000896
v -0.014345 0.049732 -0.001375
v -0.014252 0.047788 -0.001049
v -0.014252 0.047788 -0.001445
v -0.014252 0.047788 -0.000733
v -0.014252 0.047788 -0.001877
v -0.014252 0.047788 -0.002302
v -0.014561 0.051699 -0.006085
v -0.014705 0.051691 -0.006432
v -0.014490 0.051703 -0.005606
v -0.014370 0.049746 -0.004282
v -0.014444 0.049787 -0.004680
v -0.014587 0.049807 -0.004965
v -0.014466 0.051704 -0.004996
v -0.014345 0.049732 -0.003812
v -0.014252 0.047788 -0.002674
v -0.014279 0.047848 -0.003035
v -0.014361 0.048029 -0.003422
v -0.014500 0.048142 -0.003694
v -0.015518 0.051648 -0.006639
v -0.015758 0.051635 -0.006432
v -0.015231 0.051663 -0.006708
v -0.015095 0.049703 -0.005128
v -0.015377 0.049711 -0.005099
v -0.015613 0.049723 -0.004965
v -0.014944 0.051678 -0.006639
v -0.014944 0.051678 -0.006639
v -0.014818 0.049756 -0.005099
v -0.014818 0.049756 -0.005099
v -0.014699 0.047999 -0.003706
v -0.014940 0.047851 -0.003648
v -0.014699 0.047999 -0.003706
v -0.015203 0.047953 -0.003706
v -0.015425 0.048058 -0.003694
v -0.016060 0.051648 -0.004920
v -0.016154 0.051685 -0.004072
v -0.015989 0.051630 -0.005586
v -0.015828 0.049633 -0.004268
v -0.015886 0.049630 -0.003756
v -0.015956 0.049659 -0.003123
v -0.015901 0.051628 -0.006085
v -0.015751 0.049680 -0.004680
v -0.015541 0.047922 -0.003422
v -0.015596 0.047732 -0.003026
v -0.015634 0.047677 -0.002640
v -0.015679 0.047696 -0.002215
v -0.016193 0.047661 -0.000409
v -0.015992 0.047684 -0.000726
v -0.016617 0.049843 -0.000364
v -0.016410 0.049800 -0.000853
v -0.016229 0.049760 -0.001554
v -0.015859 0.047735 -0.001183
v -0.016927 0.051982 -0.000327
v -0.016720 0.051906 -0.000994
v -0.016507 0.051825 -0.001948
v -0.016311 0.051748 -0.003027
v -0.016074 0.049708 -0.002350
v -0.015754 0.047727 -0.001704
v -0.017249 0.047370 0.000101
v -0.017464 0.048582 -0.000021
v -0.017557 0.048450 -0.000082
v -0.017256 0.046853 0.000115
v -0.017698 0.050476 -0.000205
v -0.017781 0.050454 -0.000323
v -0.017813 0.050400 -0.000389
v -0.017586 0.048237 -0.000111
v -0.017263 0.046467 0.000116
v -0.017842 0.052634 -0.000417
v -0.017896 0.052651 -0.000584
v -0.017914 0.052649 -0.000675
v -0.017902 0.052624 -0.000720
v -0.017810 0.050364 -0.000434
v -0.017863 0.052575 -0.000752
v -0.017782 0.050329 -0.000481
v -0.017587 0.048156 -0.000151
v -0.017262 0.046333 0.000080
v -0.017569 0.048133 -0.000214
v -0.017253 0.046322 0.000006
v -0.016410 0.051875 0.004113
v -0.016204 0.051749 0.004919
v -0.016668 0.052030 0.003210
v -0.016346 0.049908 0.002472
v -0.016147 0.049800 0.003149
v -0.015993 0.049705 0.003755
v -0.016946 0.052193 0.002297
v -0.017211 0.052342 0.001460
v -0.016822 0.050102 0.001162
v -0.016573 0.050006 0.001787
v -0.016089 0.047808 0.001279
v -0.015931 0.047827 0.001756
v -0.016314 0.047816 0.000854
v -0.015800 0.047785 0.002222
v -0.015702 0.047725 0.002636
v -0.015901 0.051628 0.006339
v -0.015994 0.051636 0.006008
v -0.015832 0.049638 0.004588
v -0.015751 0.049680 0.004874
v -0.016080 0.051673 0.005543
v -0.015900 0.049648 0.004225
v -0.015644 0.047689 0.002959
v -0.015599 0.047735 0.003249
v -0.015541 0.047922 0.003564
v 0.016358 0.056908 0.000981
v 0.015741 0.057347 0.001041
v 0.016806 0.056208 0.000896
v 0.017000 0.056312 0.000082
v 0.016611 0.057016 0.000171
v 0.016060 0.057451 0.000248
v 0.017087 0.055147 0.000807
v 0.017204 0.053623 0.000735
v 0.017348 0.053700 -0.000009
v 0.017241 0.055239 0.000012
v 0.017345 0.055294 -0.000579
v 0.017145 0.056375 -0.000513
v 0.017443 0.053742 -0.000573
v 0.016819 0.057083 -0.000413
v 0.016341 0.057513 -0.000313
v 0.016337 0.054692 -0.000238
v 0.016469 0.053214 -0.000209
v 0.016072 0.055729 -0.000259
v 0.016162 0.055683 -0.000375
v 0.016386 0.054640 -0.000376
v 0.016512 0.053160 -0.000366
v 0.015674 0.056416 -0.000276
v 0.015141 0.056845 -0.000294
v 0.015372 0.056818 -0.000359
v 0.015828 0.056380 -0.000368
v 0.015965 0.056334 -0.000719
v 0.016233 0.055629 -0.000743
v 0.015591 0.056782 -0.000686
v 0.015769 0.056748 -0.001068
v 0.016075 0.056293 -0.001119
v 0.016285 0.055581 -0.001155
v 0.016415 0.054580 -0.000753
v 0.016536 0.053100 -0.000739
v 0.016433 0.054528 -0.001165
v 0.016549 0.053048 -0.001140
v 0.011744 0.057855 0.000983
v 0.008771 0.057880 0.000915
v 0.013712 0.057783 0.001033
v 0.014140 0.057848 0.000282
v 0.012179 0.057896 0.000245
v 0.009159 0.057900 0.000175
v 0.014951 0.057627 0.001055
v 0.015741 0.057347 0.001041
v 0.016060 0.057451 0.000248
v 0.015335 0.057714 0.000284
v 0.015688 0.057762 -0.000251
v 0.014546 0.057877 -0.000228
v 0.016341 0.057513 -0.000313
v 0.012601 0.057903 -0.000251
v 0.009540 0.057889 -0.000320
v 0.014471 0.057107 -0.000317
v 0.015141 0.056845 -0.000294
v 0.013366 0.057244 -0.000347
v 0.014471 0.057107 -0.000317
v 0.013366 0.057244 -0.000347
v 0.013742 0.057231 -0.000359
v 0.014783 0.057089 -0.000353
v 0.015141 0.056845 -0.000294
v 0.015372 0.056818 -0.000359
v 0.011529 0.057295 -0.000387
v 0.008664 0.057302 -0.000440
v 0.011529 0.057295 -0.000387
v 0.008664 0.057302 -0.000440
v 0.009035 0.057299 -0.000438
v 0.011932 0.057288 -0.000384
v 0.012332 0.057273 -0.000642
v 0.014112 0.057211 -0.000633
v 0.009405 0.057288 -0.000694
v 0.009713 0.057277 -0.001015
v 0.012663 0.057258 -0.000964
v 0.014419 0.057190 -0.000970
v 0.015086 0.057061 -0.000653
v 0.015591 0.056782 -0.000686
v 0.015335 0.057034 -0.001011
v 0.015769 0.056748 -0.001068
v -0.005249 0.057875 0.000718
v -0.009458 0.057832 0.000705
v -0.000375 0.057895 0.000768
v -0.000260 0.057899 -0.000029
v -0.005284 0.057884 -0.000114
v -0.009601 0.057855 -0.000156
v 0.004515 0.057894 0.000838
v 0.004783 0.057903 0.000075
v 0.005049 0.057880 -0.000441
v -0.000146 0.057873 -0.000579
v -0.005317 0.057865 -0.000700
v -0.009738 0.057850 -0.000770
v 0.004472 0.057307 -0.000508
v -0.000378 0.057302 -0.000570
v 0.004472 0.057307 -0.000508
v -0.000378 0.057302 -0.000570
v -0.000265 0.057303 -0.000622
v 0.004734 0.057305 -0.000527
v -0.005219 0.057280 -0.000605
v -0.009384 0.057236 -0.000594
v -0.005219 0.057280 -0.000605
v -0.009384 0.057236 -0.000594
v -0.009520 0.057250 -0.000706
v -0.005252 0.057286 -0.000692
v -0.005283 0.057286 -0.001038
v -0.000151 0.057297 -0.000933
v -0.009652 0.057260 -0.001079
v -0.009761 0.057266 -0.001497
v -0.005308 0.057284 -0.001432
v -0.000056 0.057291 -0.001298
v 0.004995 0.057297 -0.000805
v 0.005212 0.057288 -0.001142
v -0.015394 0.057492 0.000884
v -0.016138 0.057279 0.000947
v -0.014232 0.057649 0.000808
v -0.014377 0.057723 -0.000059
v -0.015490 0.057593 0.000029
v -0.016188 0.057400 0.000110
v -0.012353 0.057759 0.000741
v -0.012523 0.057806 -0.000129
v -0.012681 0.057826 -0.000755
v -0.014503 0.057773 -0.000685
v -0.015558 0.057670 -0.000589
v -0.016202 0.057497 -0.000497
v -0.012204 0.057162 -0.000516
v -0.013994 0.057050 -0.000396
v -0.012204 0.057162 -0.000516
v -0.013994 0.057050 -0.000396
v -0.014117 0.057096 -0.000509
v -0.012360 0.057191 -0.000634
v -0.015067 0.056891 -0.000262
v -0.015737 0.056677 -0.000139
v -0.015067 0.056891 -0.000262
v -0.015737 0.056677 -0.000139
v -0.015749 0.056750 -0.000233
v -0.015132 0.056953 -0.000364
v -0.015181 0.057012 -0.000735
v -0.014229 0.057139 -0.000888
v -0.015739 0.056820 -0.000595
v -0.015722 0.056878 -0.001008
v -0.015216 0.057062 -0.001156
v -0.014318 0.057175 -0.001315
v -0.012510 0.057216 -0.001016
v -0.012632 0.057236 -0.001444
v -0.017530 0.055697 0.000942
v -0.017605 0.054389 0.000877
v -0.017239 0.056522 0.000975
v -0.017284 0.056649 0.000186
v -0.017606 0.055815 0.000204
v -0.017728 0.054492 0.000223
v -0.016764 0.057003 0.000977
v -0.016138 0.057279 0.000947
v -0.016188 0.057400 0.000110
v -0.016799 0.057132 0.000159
v -0.016790 0.057234 -0.000439
v -0.017280 0.056747 -0.000395
v -0.016202 0.057497 -0.000497
v -0.017631 0.055902 -0.000344
v -0.017800 0.054564 -0.000267
v -0.016318 0.056399 -0.000054
v -0.015737 0.056677 -0.000139
v -0.016778 0.055927 -0.000008
v -0.016780 0.056000 -0.000109
v -0.016311 0.056475 -0.000149
v -0.015749 0.056750 -0.000233
v -0.017084 0.055131 -0.000001
v -0.017204 0.053879 -0.000034
v -0.017289 0.053934 -0.000137
v -0.017118 0.055196 -0.000106
v -0.017117 0.055249 -0.000446
v -0.016749 0.056064 -0.000463
v -0.017338 0.053976 -0.000447
v -0.017364 0.054007 -0.000791
v -0.017101 0.055290 -0.000827
v -0.016710 0.056114 -0.000863
v -0.016276 0.056546 -0.000508
v -0.015739 0.056820 -0.000595
v -0.016235 0.056603 -0.000917
v -0.015722 0.056878 -0.001008
v 0.017161 0.051538 0.000701
v 0.016996 0.049181 0.000693
v 0.017233 0.049261 0.000155
v 0.017334 0.051595 0.000049
v 0.016749 0.046846 0.000697
v 0.016520 0.044952 0.000702
v 0.016934 0.045232 0.000376
v 0.017079 0.047034 0.000275
v 0.017318 0.047291 -0.000091
v 0.017416 0.049342 -0.000284
v 0.017226 0.045674 0.000063
v 0.017462 0.051625 -0.000460
v 0.016409 0.043920 0.000692
v 0.016361 0.043469 0.000668
v 0.016821 0.043658 0.000427
v 0.016859 0.044173 0.000424
v 0.016325 0.043319 0.000629
v 0.016282 0.043319 0.000565
v 0.016736 0.043482 0.000332
v 0.016784 0.043484 0.000396
v 0.017166 0.044012 0.000091
v 0.017194 0.044186 0.000122
v 0.017112 0.044002 0.000027
v 0.017200 0.044690 0.000124
v 0.016196 0.046698 -0.000050
v 0.016032 0.044881 0.000003
v 0.016370 0.048940 -0.000112
v 0.016527 0.048940 -0.000303
v 0.016455 0.046830 -0.000259
v 0.016381 0.045124 -0.000221
v 0.016470 0.051204 -0.000166
v 0.016553 0.051155 -0.000341
v 0.016618 0.051102 -0.000696
v 0.016655 0.048956 -0.000631
v 0.016667 0.051056 -0.001068
v 0.016752 0.048953 -0.000959
v 0.016641 0.047032 -0.000550
v 0.016621 0.045518 -0.000489
v 0.016772 0.047141 -0.000823
v 0.016744 0.046000 -0.000694
v -0.016646 0.047936 0.000543
v -0.016252 0.046082 0.000435
v -0.017087 0.050204 0.000668
v -0.017339 0.050309 0.000286
v -0.016994 0.048146 0.000309
v -0.016684 0.046381 0.000323
v -0.017432 0.052456 0.000783
v -0.017611 0.052540 0.000253
v -0.017747 0.052598 -0.000142
v -0.017546 0.050414 -0.000004
v -0.017272 0.048420 0.000115
v -0.017026 0.046836 0.000202
v -0.017105 0.052041 -0.000108
v -0.016851 0.049904 -0.000205
v -0.017078 0.049978 -0.000273
v -0.017253 0.052086 -0.000197
v -0.016502 0.047753 -0.000305
v -0.016185 0.045997 -0.000386
v -0.016598 0.046272 -0.000414
v -0.016829 0.047936 -0.000350
v -0.017087 0.048185 -0.000479
v -0.017269 0.050061 -0.000464
v -0.016916 0.046695 -0.000495
v -0.017112 0.047195 -0.000572
v -0.017268 0.048332 -0.000618
v -0.017411 0.050113 -0.000674
v -0.017370 0.052119 -0.000453
v -0.017456 0.052143 -0.000736
v -0.015949 0.044486 0.000276
v -0.015949 0.044486 0.000198
v -0.015975 0.044633 0.000328
v -0.016441 0.044843 0.000311
v -0.016417 0.044675 0.000267
v -0.016416 0.044674 0.000187
v -0.016052 0.045073 0.000372
v -0.016515 0.045346 0.000327
v -0.016913 0.045879 0.000246
v -0.016877 0.045395 0.000248
v -0.016863 0.045232 0.000211
v -0.016859 0.045227 0.000131
v -0.015513 0.057551 -0.001475
v -0.016028 0.057398 -0.001354
v -0.014598 0.057622 -0.001601
v -0.014547 0.057513 -0.001638
v -0.015443 0.057434 -0.001502
v -0.015943 0.057276 -0.001372
v -0.012874 0.057640 -0.001690
v -0.009930 0.057633 -0.001701
v -0.009914 0.057538 -0.001758
v -0.012842 0.057539 -0.001738
v -0.012811 0.057438 -0.001786
v -0.014497 0.057405 -0.001676
v -0.009898 0.057443 -0.001814
v -0.009885 0.057363 -0.001862
v -0.012784 0.057353 -0.001826
v -0.014455 0.057314 -0.001707
v -0.015374 0.057319 -0.001529
v -0.015858 0.057154 -0.001389
v -0.015316 0.057222 -0.001551
v -0.015787 0.057052 -0.001405
v -0.017443 0.055785 -0.001137
v -0.017713 0.054447 -0.001009
v -0.017041 0.056640 -0.001216
v -0.016943 0.056514 -0.001228
v -0.017348 0.055665 -0.001155
v -0.017628 0.054338 -0.001042
v -0.016553 0.057136 -0.001278
v -0.016028 0.057398 -0.001354
v -0.015943 0.057276 -0.001372
v -0.016458 0.057010 -0.001290
v -0.016364 0.056885 -0.001303
v -0.016845 0.056389 -0.001240
v -0.015858 0.057154 -0.001389
v -0.015787 0.057052 -0.001405
v -0.016285 0.056780 -0.001313
v -0.016763 0.056284 -0.001251
v -0.017254 0.055545 -0.001174
v -0.017543 0.054231 -0.001075
v -0.017175 0.055445 -0.001190
v -0.017472 0.054140 -0.001103
v -0.017542 0.048099 -0.000310
v -0.017239 0.046305 -0.000109
v -0.017739 0.050274 -0.000555
v -0.017688 0.050210 -0.000641
v -0.017511 0.048059 -0.000423
v -0.017224 0.046285 -0.000243
v -0.017804 0.052500 -0.000801
v -0.017734 0.052412 -0.000859
v -0.017665 0.052324 -0.000916
v -0.017638 0.050146 -0.000726
v -0.017607 0.052250 -0.000964
v -0.017596 0.050092 -0.000798
v -0.017479 0.048019 -0.000536
v -0.017208 0.046265 -0.000376
v -0.017453 0.047986 -0.000630
v -0.017195 0.046248 -0.000488
v -0.015486 0.044487 -0.000305
v -0.015486 0.044487 -0.000193
v -0.015949 0.044486 -0.000199
v -0.015949 0.044486 -0.000316
v -0.015486 0.044487 -0.000060
v -0.015949 0.044486 -0.000060
v -0.016413 0.044670 -0.000079
v -0.016411 0.044668 -0.000222
v -0.016410 0.044667 -0.000342
v -0.015486 0.044487 0.000074
v -0.015949 0.044486 0.000079
v -0.016414 0.044672 0.000065
v -0.016854 0.045220 0.000009
v -0.016848 0.045212 -0.000134
v -0.016841 0.045204 -0.000276
v -0.016836 0.045198 -0.000395
v -0.014251 0.046174 -0.000294
v -0.014251 0.046174 -0.000187
v -0.014405 0.045191 -0.000187
v -0.014405 0.045191 -0.000294
v -0.014251 0.046174 -0.000059
v -0.014405 0.045191 -0.000059
v -0.014405 0.045191 -0.000187
v -0.014405 0.045191 -0.000059
v -0.014683 0.044685 -0.000059
v -0.014683 0.044685 -0.000188
v -0.014405 0.045191 -0.000294
v -0.014683 0.044685 -0.000296
v -0.014251 0.046174 0.000069
v -0.014405 0.045191 0.000069
v -0.014405 0.045191 0.000069
v -0.014683 0.044685 0.000070
v -0.015053 0.044502 0.000071
v -0.015053 0.044502 -0.000059
v -0.015053 0.044502 -0.000189
v -0.015053 0.044502 -0.000299
v -0.014551 0.053401 -0.000294
v -0.014551 0.053401 -0.000187
v -0.014466 0.051704 -0.000187
v -0.014466 0.051704 -0.000294
v -0.014551 0.053401 -0.000059
v -0.014466 0.051704 -0.000059
v -0.014345 0.049732 -0.000059
v -0.014345 0.049732 -0.000187
v -0.014345 0.049732 -0.000294
v -0.014551 0.053401 0.000069
v -0.014466 0.051704 0.000069
v -0.014345 0.049732 0.000069
v -0.014252 0.047788 0.000069
v -0.014252 0.047788 -0.000059
v -0.014252 0.047788 -0.000187
v -0.014252 0.047788 -0.000294
v -0.014272 0.054295 -0.000294
v -0.014272 0.054295 -0.000187
v -0.014361 0.054982 -0.000187
v -0.014361 0.054982 -0.000294
v -0.014272 0.054295 -0.000059
v -0.014361 0.054982 -0.000059
v -0.014462 0.055053 -0.000059
v -0.014462 0.055053 -0.000187
v -0.014462 0.055053 -0.000294
v -0.014272 0.054295 0.000069
v -0.014361 0.054982 0.000069
v -0.014462 0.055053 0.000069
v -0.014537 0.054522 0.000069
v -0.014537 0.054522 -0.000059
v -0.014537 0.054522 -0.000187
v -0.014537 0.054522 -0.000294
v -0.014265 0.041074 -0.000294
v -0.014265 0.041074 -0.000187
v -0.014244 0.046788 -0.000187
v -0.014244 0.046788 -0.000294
v -0.014265 0.041074 -0.000059
v -0.014244 0.046788 -0.000059
v -0.014228 0.050617 -0.000059
v -0.014228 0.050617 -0.000187
v -0.014228 0.050617 -0.000294
v -0.014265 0.041074 0.000069
v -0.014244 0.046788 0.000069
v -0.014228 0.050617 0.000069
v -0.014233 0.052980 0.000069
v -0.014233 0.052980 -0.000059
v -0.014272 0.054295 0.000069
v -0.014272 0.054295 -0.000059
v -0.014233 0.052980 -0.000187
v -0.014233 0.052980 -0.000294
v -0.014272 0.054295 -0.000187
v -0.014272 0.054295 -0.000294
v -0.014286 0.007961 -0.000294
v -0.014286 0.007961 -0.000187
v -0.014286 0.015222 -0.000187
v -0.014286 0.015222 -0.000187
v -0.014286 0.015222 -0.000294
v -0.014286 0.015222 -0.000294
v -0.014286 0.015222 -0.000294
v -0.014286 0.007961 -0.000059
v -0.014286 0.015222 -0.000059
v -0.014286 0.015222 -0.000059
v -0.014284 0.024013 -0.000059
v -0.014284 0.024013 -0.000059
v -0.014284 0.024013 -0.000059
v -0.014284 0.024013 -0.000187
v -0.014284 0.024013 -0.000187
v -0.014284 0.024013 -0.000187
v -0.014284 0.024013 -0.000294
v -0.014284 0.024013 -0.000294
v -0.014284 0.024013 -0.000294
v -0.014286 0.007961 0.000069
v -0.014286 0.015222 0.000069
v -0.014286 0.015222 0.000069
v -0.014284 0.024013 0.000069
v -0.014284 0.024013 0.000069
v -0.014284 0.024013 0.000069
v -0.014278 0.033057 0.000069
v -0.014278 0.033057 -0.000059
v -0.014278 0.033057 -0.000187
v -0.014278 0.033057 -0.000294
v -0.013956 0.000125 -0.000294
v -0.013956 0.000125 -0.000187
v -0.014154 0.000276 -0.000187
v -0.014154 0.000276 -0.000294
v -0.013956 0.000125 -0.000059
v -0.014154 0.000276 -0.000059
v -0.014253 0.001175 -0.000059
v -0.014253 0.001175 -0.000187
v -0.014253 0.001175 -0.000294
v -0.013956 0.000125 0.000069
v -0.014154 0.000276 0.000069
v -0.014253 0.001175 0.000069
v -0.014286 0.003507 0.000069
v -0.014286 0.003507 -0.000059
v -0.014286 0.003507 -0.000187
v -0.014286 0.003507 -0.000294
v -0.013956 0.000125 -0.000294
v -0.013626 0.000034 -0.000294
v -0.013626 0.000034 -0.000187
v -0.013956 0.000125 -0.000187
v -0.012867 -0.000011 -0.000294
v -0.012867 -0.000011 -0.000187
v -0.012867 -0.000011 -0.000059
v -0.013626 0.000034 -0.000059
v -0.013956 0.000125 -0.000059
v -0.011383 -0.000026 -0.000294
v -0.011383 -0.000026 -0.000187
v -0.008877 -0.000026 -0.000294
v -0.008877 -0.000026 -0.000187
v -0.008877 -0.000026 -0.000059
v -0.011383 -0.000026 -0.000059
v -0.012867 -0.000011 -0.000059
v -0.011383 -0.000026 -0.000059
v -0.011383 -0.000026 0.000069
v -0.012867 -0.000011 0.000069
v -0.008877 -0.000026 -0.000059
v -0.008877 -0.000026 0.000069
v -0.013956 0.000125 -0.000059
v -0.013626 0.000034 -0.000059
v -0.013626 0.000034 0.000069
v -0.013956 0.000125 0.000069
v 0.003984 -0.000026 0.000069
v 0.007915 -0.000026 0.000069
v -0.000552 -0.000026 0.000069
v -0.000552 -0.000026 -0.000059
v 0.003984 -0.000026 -0.000059
v 0.007915 -0.000026 -0.000059
v -0.005053 -0.000026 0.000069
v -0.005053 -0.000026 -0.000059
v -0.000552 -0.000026 -0.000059
v -0.005053 -0.000026 -0.000059
v -0.005053 -0.000026 -0.000187
v -0.000552 -0.000026 -0.000187
v -0.005053 -0.000026 -0.000294
v -0.000552 -0.000026 -0.000294
v 0.007915 -0.000026 -0.000059
v 0.003984 -0.000026 -0.000059
v 0.003984 -0.000026 -0.000187
v 0.007915 -0.000026 -0.000187
v 0.003984 -0.000026 -0.000294
v 0.007915 -0.000026 -0.000294
v 0.013271 0.000034 0.000069
v 0.013780 0.000125 0.000069
v 0.012298 -0.000011 0.000069
v 0.012298 -0.000011 -0.000059
v 0.013271 0.000034 -0.000059
v 0.013780 0.000125 -0.000059
v 0.010599 -0.000026 0.000069
v 0.010599 -0.000026 -0.000059
v 0.012298 -0.000011 -0.000059
v 0.010599 -0.000026 -0.000059
v 0.010599 -0.000026 -0.000187
v 0.012298 -0.000011 -0.000187
v 0.010599 -0.000026 -0.000294
v 0.012298 -0.000011 -0.000294
v 0.013780 0.000125 -0.000059
v 0.013271 0.000034 -0.000059
v 0.013271 0.000034 -0.000187
v 0.013780 0.000125 -0.000187
v 0.013271 0.000034 -0.000294
v 0.013780 0.000125 -0.000294
v 0.014289 0.003507 0.000069
v 0.014289 0.007961 0.000069
v 0.014238 0.001175 0.000069
v 0.014238 0.001175 -0.000059
v 0.014289 0.003507 -0.000059
v 0.014289 0.007961 -0.000059
v 0.014085 0.000276 0.000069
v 0.013780 0.000125 0.000069
v 0.013780 0.000125 -0.000059
v 0.014085 0.000276 -0.000059
v 0.014085 0.000276 -0.000187
v 0.014238 0.001175 -0.000187
v 0.013780 0.000125 -0.000187
v 0.013780 0.000125 -0.000294
v 0.014085 0.000276 -0.000294
v 0.014238 0.001175 -0.000294
v 0.014289 0.003507 -0.000187
v 0.014289 0.007961 -0.000187
v 0.014289 0.003507 -0.000294
v 0.014289 0.007961 -0.000294
v 0.014261 0.033047 0.000069
v 0.014219 0.041050 0.000069
v 0.014282 0.024011 0.000069
v 0.014282 0.024011 -0.000059
v 0.014261 0.033047 -0.000059
v 0.014219 0.041050 -0.000059
v 0.014289 0.015222 0.000069
v 0.014289 0.015222 -0.000059
v 0.014289 0.015222 -0.000187
v 0.014282 0.024011 -0.000187
v 0.014289 0.015222 -0.000294
v 0.014282 0.024011 -0.000294
v 0.014261 0.033047 -0.000187
v 0.014219 0.041050 -0.000187
v 0.014261 0.033047 -0.000294
v 0.014219 0.041050 -0.000294
v 0.014033 0.052868 0.000069
v 0.014038 0.054151 0.000069
v 0.014079 0.050538 0.000069
v 0.014079 0.050538 -0.000059
v 0.014033 0.052868 -0.000059
v 0.014038 0.054151 -0.000059
v 0.014150 0.046739 0.000069
v 0.014150 0.046739 -0.000059
v 0.014150 0.046739 -0.000187
v 0.014079 0.050538 -0.000187
v 0.014150 0.046739 -0.000294
v 0.014079 0.050538 -0.000294
v 0.014033 0.052868 -0.000187
v 0.014038 0.054151 -0.000187
v 0.014033 0.052868 -0.000294
v 0.014038 0.054151 -0.000294
v 0.014337 0.054249 0.000069
v 0.014384 0.053029 0.000069
v 0.014235 0.054842 0.000069
v 0.014235 0.054842 -0.000059
v 0.014337 0.054249 -0.000059
v 0.014384 0.053029 -0.000059
v 0.014120 0.054809 0.000069
v 0.014038 0.054151 0.000069
v 0.014038 0.054151 -0.000059
v 0.014120 0.054809 -0.000059
v 0.014120 0.054809 -0.000187
v 0.014235 0.054842 -0.000187
v 0.014038 0.054151 -0.000187
v 0.014038 0.054151 -0.000294
v 0.014120 0.054809 -0.000294
v 0.014235 0.054842 -0.000294
v 0.014337 0.054249 -0.000187
v 0.014384 0.053029 -0.000187
v 0.014337 0.054249 -0.000294
v 0.014384 0.053029 -0.000294
v 0.014187 0.046921 0.000124
v 0.014237 0.045167 0.000207
v 0.014240 0.049036 0.000083
v 0.014239 0.049036 -0.000045
v 0.014182 0.046921 -0.000003
v 0.014226 0.045167 0.000082
v 0.014328 0.051181 0.000069
v 0.014328 0.051181 -0.000059
v 0.014328 0.051181 -0.000187
v 0.014238 0.049036 -0.000173
v 0.014328 0.051181 -0.000294
v 0.014237 0.049036 -0.000280
v 0.014178 0.046921 -0.000129
v 0.014214 0.045167 -0.000042
v 0.014174 0.046921 -0.000235
v 0.014204 0.045167 -0.000146
v 0.015249 0.043360 0.000589
v 0.015732 0.043337 0.000598
v 0.014810 0.043558 0.000488
v 0.014773 0.043558 0.000371
v 0.015196 0.043360 0.000475
v 0.015665 0.043337 0.000486
v 0.014459 0.044103 0.000344
v 0.014459 0.044103 0.000344
v 0.014436 0.044103 0.000223
v 0.014436 0.044103 0.000223
v 0.014412 0.044103 0.000103
v 0.014735 0.043558 0.000255
v 0.014412 0.044103 0.000103
v 0.014393 0.044103 0.000002
v 0.014393 0.044103 0.000002
v 0.014703 0.043558 0.000157
v 0.015143 0.043360 0.000362
v 0.015599 0.043337 0.000374
v 0.015099 0.043360 0.000267
v 0.015543 0.043337 0.000280
v 0.017031 0.043995 -0.000071
v 0.017278 0.045040 -0.000407
v 0.016663 0.043480 0.000232
v 0.016578 0.043478 0.000115
v 0.016937 0.043990 -0.000187
v 0.017174 0.045027 -0.000514
v 0.016217 0.043319 0.000467
v 0.016140 0.043319 0.000352
v 0.016064 0.043319 0.000238
v 0.016493 0.043477 -0.000001
v 0.015999 0.043319 0.000142
v 0.016422 0.043477 -0.000099
v 0.016844 0.043986 -0.000301
v 0.017073 0.045017 -0.000620
v 0.016767 0.043983 -0.000398
v 0.016988 0.045010 -0.000709
v 0.016696 0.053038 -0.001511
v 0.016815 0.053075 -0.001485
v 0.016956 0.051074 -0.001361
v 0.016843 0.051044 -0.001398
v 0.016959 0.053129 -0.001455
v 0.017092 0.051118 -0.001318
v 0.017205 0.048895 -0.001101
v 0.017079 0.048863 -0.001165
v 0.016975 0.048841 -0.001220
v 0.017111 0.053204 -0.001424
v 0.017236 0.051179 -0.001274
v 0.017335 0.048939 -0.001036
v 0.017364 0.046791 -0.000738
v 0.017248 0.046763 -0.000826
v 0.017134 0.046743 -0.000913
v 0.017040 0.046729 -0.000986
v 0.016053 0.056770 -0.001385
v 0.016147 0.056819 -0.001327
v 0.016414 0.056349 -0.001419
v 0.016306 0.056303 -0.001466
v 0.016263 0.056887 -0.001259
v 0.016546 0.056414 -0.001363
v 0.016728 0.055690 -0.001449
v 0.016586 0.055626 -0.001491
v 0.016469 0.055582 -0.001527
v 0.016386 0.056975 -0.001190
v 0.016686 0.056503 -0.001307
v 0.016878 0.055776 -0.001407
v 0.017006 0.054707 -0.001457
v 0.016851 0.054624 -0.001489
v 0.016705 0.054564 -0.001521
v 0.016586 0.054523 -0.001548
v 0.013152 0.057551 -0.001014
v 0.010099 0.057589 -0.001075
v 0.014978 0.057462 -0.001025
v 0.014907 0.057373 -0.001100
v 0.013107 0.057462 -0.001087
v 0.010077 0.057500 -0.001144
v 0.015936 0.057282 -0.001090
v 0.016386 0.056975 -0.001190
v 0.016263 0.056887 -0.001259
v 0.015838 0.057193 -0.001164
v 0.015745 0.057122 -0.001238
v 0.014840 0.057297 -0.001174
v 0.016147 0.056819 -0.001327
v 0.016053 0.056770 -0.001385
v 0.015670 0.057068 -0.001300
v 0.014786 0.057237 -0.001236
v 0.013066 0.057381 -0.001158
v 0.010056 0.057415 -0.001213
v 0.013033 0.057317 -0.001219
v 0.010039 0.057345 -0.001271
v -0.005357 0.057629 -0.001592
v 0.000041 0.057623 -0.001417
v 0.000040 0.057533 -0.001482
v -0.005351 0.057537 -0.001654
v 0.005461 0.057611 -0.001227
v 0.005452 0.057522 -0.001294
v 0.005444 0.057435 -0.001361
v 0.000040 0.057444 -0.001547
v 0.005437 0.057362 -0.001417
v 0.000039 0.057370 -0.001601
v -0.005345 0.057446 -0.001716
v -0.005339 0.057369 -0.001768
v -0.015280 0.057161 -0.001565
v -0.015742 0.056988 -0.001414
v -0.014428 0.057257 -0.001727
v -0.014405 0.057222 -0.001694
v -0.015257 0.057123 -0.001531
v -0.015719 0.056947 -0.001378
v -0.012768 0.057300 -0.001851
v -0.009877 0.057313 -0.001892
v -0.009862 0.057285 -0.001866
v -0.012746 0.057269 -0.001822
v -0.012706 0.057251 -0.001699
v -0.014373 0.057199 -0.001571
v -0.009827 0.057272 -0.001747
v -0.015238 0.057094 -0.001408
v -0.015714 0.056916 -0.001256
v -0.017125 0.055382 -0.001200
v -0.017427 0.054084 -0.001120
v -0.016712 0.056218 -0.001257
v -0.016688 0.056178 -0.001221
v -0.017100 0.055343 -0.001167
v -0.017400 0.054050 -0.001095
v -0.016235 0.056714 -0.001320
v -0.015742 0.056988 -0.001414
v -0.015719 0.056947 -0.001378
v -0.016212 0.056672 -0.001283
v -0.016213 0.056640 -0.001162
v -0.016688 0.056148 -0.001102
v -0.015714 0.056916 -0.001256
v -0.017094 0.055317 -0.001055
v -0.017382 0.054028 -0.000996
v -0.017436 0.047965 -0.000690
v -0.017186 0.046237 -0.000558
v -0.017569 0.050059 -0.000843
v -0.017541 0.050055 -0.000847
v -0.017413 0.048018 -0.000711
v -0.017173 0.046352 -0.000591
v -0.017571 0.052204 -0.000994
v -0.017542 0.052176 -0.000982
v -0.017509 0.052159 -0.000904
v -0.017496 0.050092 -0.000796
v -0.017367 0.048209 -0.000691
v -0.017143 0.046710 -0.000594
v -0.015549 0.044894 -0.000420
v -0.016027 0.045041 -0.000424
v -0.015502 0.044589 -0.000411
v -0.015968 0.044625 -0.000423
v -0.016425 0.044823 -0.000452
v -0.016476 0.045296 -0.000449
v -0.015486 0.044487 -0.000375
v -0.015949 0.044486 -0.000389
v -0.016409 0.044666 -0.000417
v -0.016833 0.045194 -0.000470
v -0.016835 0.045343 -0.000506
v -0.016847 0.045795 -0.000509
v -0.014251 0.046174 -0.000487
v -0.014405 0.045191 -0.000455
v -0.014251 0.046174 -0.000417
v -0.014405 0.045191 -0.000409
v -0.014405 0.045191 -0.000455
v -0.014405 0.045191 -0.000409
v -0.014685 0.044699 -0.000405
v -0.014691 0.044739 -0.000437
v -0.014251 0.046174 -0.000362
v -0.014405 0.045191 -0.000362
v -0.014405 0.045191 -0.000362
v -0.014683 0.044685 -0.000363
v -0.015053 0.044502 -0.000367
v -0.015062 0.044556 -0.000406
v -0.015088 0.044716 -0.000424
v -0.014551 0.053401 -0.000735
v -0.014466 0.051704 -0.000673
v -0.014551 0.053401 -0.000479
v -0.014466 0.051704 -0.000463
v -0.014345 0.049732 -0.000446
v -0.014345 0.049732 -0.000605
v -0.014551 0.053401 -0.000362
v -0.014466 0.051704 -0.000362
v -0.014345 0.049732 -0.000362
v -0.014252 0.047788 -0.000362
v -0.014252 0.047788 -0.000430
v -0.014252 0.047788 -0.000540
v -0.014272 0.054295 -0.000848
v -0.014361 0.054982 -0.000834
v -0.014272 0.054295 -0.000507
v -0.014361 0.054982 -0.000504
v -0.014462 0.055053 -0.000498
v -0.014462 0.055053 -0.000813
v -0.014272 0.054295 -0.000362
v -0.014361 0.054982 -0.000362
v -0.014462 0.055053 -0.000362
v -0.014537 0.054522 -0.000362
v -0.014537 0.054522 -0.000490
v -0.014537 0.054522 -0.000780
v -0.014265 0.041074 -0.000861
v -0.014244 0.046788 -0.000861
v -0.014265 0.041074 -0.000510
v -0.014244 0.046788 -0.000510
v -0.014228 0.050617 -0.000510
v -0.014228 0.050617 -0.000860
v -0.014265 0.041074 -0.000362
v -0.014244 0.046788 -0.000362
v -0.014228 0.050617 -0.000362
v -0.014233 0.052980 -0.000362
v -0.014233 0.052980 -0.000509
v -0.014272 0.054295 -0.000362
v -0.014272 0.054295 -0.000507
v -0.014233 0.052980 -0.000856
v -0.014272 0.054295 -0.000848
v -0.014286 0.007961 -0.000861
v -0.014286 0.015222 -0.000861
v -0.014286 0.015222 -0.000861
v -0.014286 0.007961 -0.000510
v -0.014286 0.015222 -0.000510
v -0.014286 0.015222 -0.000510
v -0.014284 0.024013 -0.000510
v -0.014284 0.024013 -0.000510
v -0.014284 0.024013 -0.000510
v -0.014284 0.024013 -0.000861
v -0.014284 0.024013 -0.000861
v -0.014286 0.007961 -0.000362
v -0.014286 0.015222 -0.000362
v -0.014286 0.015222 -0.000362
v -0.014286 0.015222 -0.000362
v -0.014286 0.015222 -0.000362
v -0.014286 0.015222 -0.000362
v -0.014284 0.024013 -0.000362
v -0.014284 0.024013 -0.000362
v -0.014284 0.024013 -0.000362
v -0.014278 0.033057 -0.000362
v -0.014278 0.033057 -0.000510
v -0.014278 0.033057 -0.000861
v -0.013956 0.000125 -0.000861
v -0.014154 0.000276 -0.000861
v -0.013956 0.000125 -0.000510
v -0.014154 0.000276 -0.000510
v -0.014253 0.001175 -0.000510
v -0.014253 0.001175 -0.000861
v -0.013956 0.000125 -0.000362
v -0.014154 0.000276 -0.000362
v -0.014253 0.001175 -0.000362
v -0.014286 0.003507 -0.000362
v -0.014286 0.003507 -0.000510
v -0.014286 0.003507 -0.000861
v -0.013626 0.000034 -0.000861
v -0.013956 0.000125 -0.000861
v -0.012867 -0.000011 -0.000861
v -0.012867 -0.000011 -0.000510
v -0.013626 0.000034 -0.000510
v -0.013956 0.000125 -0.000510
v -0.011383 -0.000026 -0.000861
v -0.008877 -0.000026 -0.000861
v -0.008877 -0.000026 -0.000510
v -0.011383 -0.000026 -0.000510
v -0.011383 -0.000026 -0.000362
v -0.012867 -0.000011 -0.000362
v -0.008877 -0.000026 -0.000362
v -0.013626 0.000034 -0.000362
v -0.013956 0.000125 -0.000362
v 0.003984 -0.000026 -0.000362
v 0.007915 -0.000026 -0.000362
v -0.000552 -0.000026 -0.000362
v -0.000552 -0.000026 -0.000510
v 0.003984 -0.000026 -0.000510
v 0.007915 -0.000026 -0.000510
v -0.005053 -0.000026 -0.000362
v -0.005053 -0.000026 -0.000510
v -0.005053 -0.000026 -0.000861
v -0.000552 -0.000026 -0.000861
v 0.003984 -0.000026 -0.000861
v 0.007915 -0.000026 -0.000861
v 0.013271 0.000034 -0.000362
v 0.013780 0.000125 -0.000362
v 0.012298 -0.000011 -0.000362
v 0.012298 -0.000011 -0.000510
v 0.013271 0.000034 -0.000510
v 0.013780 0.000125 -0.000510
v 0.010599 -0.000026 -0.000362
v 0.010599 -0.000026 -0.000510
v 0.010599 -0.000026 -0.000861
v 0.012298 -0.000011 -0.000861
v 0.013271 0.000034 -0.000861
v 0.013780 0.000125 -0.000861
v 0.014289 0.003507 -0.000362
v 0.014289 0.007961 -0.000362
v 0.014238 0.001175 -0.000362
v 0.014238 0.001175 -0.000510
v 0.014289 0.003507 -0.000510
v 0.014289 0.007961 -0.000510
v 0.014085 0.000276 -0.000362
v 0.013780 0.000125 -0.000362
v 0.013780 0.000125 -0.000510
v 0.014085 0.000276 -0.000510
v 0.014085 0.000276 -0.000861
v 0.014238 0.001175 -0.000861
v 0.013780 0.000125 -0.000861
v 0.014289 0.003507 -0.000861
v 0.014289 0.007961 -0.000861
v 0.014261 0.033047 -0.000362
v 0.014219 0.041050 -0.000362
v 0.014282 0.024011 -0.000362
v 0.014282 0.024011 -0.000510
v 0.014261 0.033047 -0.000510
v 0.014219 0.041050 -0.000510
v 0.014289 0.015222 -0.000362
v 0.014289 0.015222 -0.000510
v 0.014289 0.015222 -0.000861
v 0.014282 0.024011 -0.000861
v 0.014261 0.033047 -0.000861
v 0.014219 0.041050 -0.000861
v 0.014033 0.052868 -0.000362
v 0.014038 0.054151 -0.000362
v 0.014079 0.050538 -0.000362
v 0.014079 0.050538 -0.000510
v 0.014033 0.052868 -0.000510
v 0.014038 0.054151 -0.000508
v 0.014150 0.046739 -0.000362
v 0.014150 0.046739 -0.000510
v 0.014150 0.046739 -0.000861
v 0.014079 0.050538 -0.000861
v 0.014033 0.052868 -0.000858
v 0.014038 0.054151 -0.000853
v 0.014337 0.054249 -0.000362
v 0.014384 0.053029 -0.000362
v 0.014235 0.054842 -0.000362
v 0.014235 0.054842 -0.000502
v 0.014337 0.054249 -0.000495
v 0.014384 0.053029 -0.000484
v 0.014120 0.054809 -0.000362
v 0.014038 0.054151 -0.000362
v 0.014038 0.054151 -0.000508
v 0.014120 0.054809 -0.000506
v 0.014120 0.054809 -0.000844
v 0.014235 0.054842 -0.000827
v 0.014038 0.054151 -0.000853
v 0.014337 0.054249 -0.000799
v 0.014384 0.053029 -0.000755
v 0.014171 0.046921 -0.000302
v 0.014198 0.045167 -0.000212
v 0.014236 0.049036 -0.000347
v 0.014236 0.049036 -0.000435
v 0.014170 0.046921 -0.000373
v 0.014194 0.045167 -0.000269
v 0.014328 0.051181 -0.000362
v 0.014328 0.051181 -0.000468
v 0.014328 0.051181 -0.000692
v 0.014236 0.049036 -0.000605
v 0.014169 0.046921 -0.000492
v 0.014192 0.045167 -0.000349
v 0.015071 0.043360 0.000208
v 0.015508 0.043337 0.000221
v 0.014684 0.043558 0.000096
v 0.014673 0.043572 0.000051
v 0.015061 0.043416 0.000168
v 0.015497 0.043444 0.000185
v 0.014381 0.044103 -0.000061
v 0.014381 0.044103 -0.000061
v 0.014373 0.044103 -0.000111
v 0.014373 0.044103 -0.000111
v 0.014369 0.044103 -0.000172
v 0.014671 0.043614 0.000001
v 0.014369 0.044103 -0.000172
v 0.015068 0.043585 0.000132
v 0.015513 0.043762 0.000162
v 0.016718 0.043981 -0.000458
v 0.016935 0.045006 -0.000765
v 0.016378 0.043476 -0.000160
v 0.016356 0.043638 -0.000193
v 0.016682 0.044135 -0.000485
v 0.016887 0.045127 -0.000781
v 0.015959 0.043319 0.000082
v 0.015945 0.043462 0.000048
v 0.015958 0.043893 0.000028
v 0.016353 0.044124 -0.000206
v 0.016643 0.044600 -0.000481
v 0.016817 0.045498 -0.000752
v 0.016560 0.053018 -0.001379
v 0.016699 0.051029 -0.001290
v 0.016581 0.053008 -0.001496
v 0.016729 0.051020 -0.001396
v 0.016863 0.048840 -0.001240
v 0.016816 0.048898 -0.001152
v 0.016622 0.053015 -0.001527
v 0.016773 0.051025 -0.001421
v 0.016910 0.048827 -0.001254
v 0.016981 0.046721 -0.001032
v 0.016931 0.046786 -0.001034
v 0.016865 0.046992 -0.000974
v 0.015878 0.056729 -0.001296
v 0.016143 0.056269 -0.001358
v 0.015944 0.056726 -0.001402
v 0.016191 0.056263 -0.001472
v 0.016352 0.055545 -0.001520
v 0.016320 0.055553 -0.001401
v 0.015994 0.056739 -0.001421
v 0.016238 0.056274 -0.001496
v 0.016397 0.055555 -0.001549
v 0.016511 0.054497 -0.001564
v 0.016468 0.054488 -0.001532
v 0.016446 0.054498 -0.001412
v 0.013012 0.057276 -0.001256
v 0.010029 0.057301 -0.001307
v 0.014752 0.057200 -0.001276
v 0.014703 0.057182 -0.001263
v 0.012967 0.057255 -0.001245
v 0.009992 0.057279 -0.001294
v 0.015623 0.057035 -0.001339
v 0.015994 0.056739 -0.001421
v 0.015944 0.056726 -0.001402
v 0.015572 0.057019 -0.001324
v 0.015487 0.057020 -0.001225
v 0.014604 0.057180 -0.001171
v 0.015878 0.056729 -0.001296
v 0.012863 0.057251 -0.001156
v 0.009898 0.057272 -0.001206
v -0.005336 0.057321 -0.001801
v 0.000039 0.057323 -0.001635
v 0.000030 0.057298 -0.001617
v -0.005332 0.057295 -0.001779
v 0.005433 0.057317 -0.001452
v 0.005409 0.057293 -0.001437
v 0.005343 0.057285 -0.001344
v 0.000001 0.057289 -0.001515
v -0.005323 0.057285 -0.001668
vn -0.3878 -0.8567 0.3401
vn -0.1369 -0.9150 0.3795
vn -0.2711 -0.2585 0.9272
vn -0.7286 -0.2132 0.6509
vn -0.0348 -0.9219 0.3860
vn -0.0603 -0.2856 0.9564
vn -0.0633 -0.0436 0.9970
vn -0.2840 -0.0422 0.9579
vn -0.7387 -0.0408 0.6728
vn -0.0049 -0.9232 0.3843
vn -0.0084 -0.2957 0.9553
vn -0.0000 -0.9236 0.3834
vn -0.0000 -0.2980 0.9546
vn -0.0000 -0.0451 0.9990
vn -0.0089 -0.0448 0.9990
vn -0.0091 -0.0054 0.9999
vn -0.0646 -0.0052 0.9979
vn -0.0000 -0.0054 1.0000
vn -0.0000 -0.0000 1.0000
vn -0.0091 -0.0000 1.0000
vn -0.0648 -0.0000 0.9979
vn -0.2874 -0.0052 0.9578
vn -0.7403 -0.0050 0.6723
vn -0.2882 -0.0000 0.9576
vn -0.7407 -0.0000 0.6718
vn -0.5989 0.6004 0.5300
vn -0.2884 0.8310 0.4756
vn -0.2715 0.9409 0.2026
vn -0.5524 0.8018 0.2279
vn -0.1016 0.8782 0.4673
vn -0.1051 0.9741 0.2003
vn -0.1061 0.9897 0.0957
vn -0.2623 0.9597 0.1010
vn -0.5212 0.8449 0.1201
vn -0.0322 0.8689 0.4940
vn -0.0384 0.9763 0.2129
vn -0.0107 0.8529 0.5219
vn -0.0147 0.9739 0.2266
vn -0.0163 0.9944 0.1045
vn -0.0412 0.9942 0.0991
vn -0.0428 0.9965 0.0722
vn -0.1071 0.9916 0.0722
vn -0.0180 0.9970 0.0750
vn -0.0197 0.9964 0.0826
vn -0.0445 0.9957 0.0817
vn -0.1074 0.9908 0.0827
vn -0.2572 0.9629 0.0812
vn -0.5041 0.8573 0.1043
vn -0.2507 0.9635 0.0943
vn -0.4825 0.8672 0.1232
vn -0.8668 -0.0000 -0.4986
vn -0.4289 -0.0000 -0.9034
vn -0.4270 -0.0077 -0.9042
vn -0.8661 -0.0059 -0.4998
vn -0.1019 -0.0000 -0.9948
vn -0.1014 -0.0082 -0.9948
vn -0.0991 -0.0681 -0.9927
vn -0.4196 -0.0627 -0.9055
vn -0.8632 -0.0480 -0.5025
vn -0.0144 -0.0000 -0.9999
vn -0.0143 -0.0084 -0.9999
vn -0.0000 -0.0000 -1.0000
vn -0.0000 -0.0085 -1.0000
vn -0.0000 -0.0710 -0.9975
vn -0.0140 -0.0704 -0.9974
vn -0.0126 -0.4376 -0.8991
vn -0.0908 -0.4209 -0.9025
vn -0.0000 -0.4418 -0.8971
vn -0.0000 -0.9670 -0.2547
vn -0.0051 -0.9668 -0.2556
vn -0.0367 -0.9656 -0.2575
vn -0.4006 -0.3726 -0.8371
vn -0.8495 -0.2481 -0.4656
vn -0.1445 -0.9575 -0.2496
vn -0.4061 -0.8879 -0.2163
vn -0.4162 -0.9093 -0.0000
vn -0.1241 -0.9923 -0.0000
vn -0.1239 -0.9923 0.0076
vn -0.4171 -0.9088 0.0097
vn -0.0270 -0.9996 -0.0000
vn -0.0267 -0.9996 0.0074
vn -0.0266 -0.9987 0.0424
vn -0.1228 -0.9915 0.0437
vn -0.4182 -0.9066 0.0556
vn -0.0051 -1.0000 -0.0000
vn -0.0042 -1.0000 0.0081
vn -0.0000 -1.0000 -0.0000
vn -0.0000 -1.0000 0.0078
vn -0.0000 -0.9991 0.0429
vn -0.0038 -0.9991 0.0430
vn -0.0038 -0.9896 0.1439
vn -0.0275 -0.9892 0.1439
vn -0.0000 -0.9896 0.1441
vn -0.1191 -0.9826 0.1422
vn -0.4118 -0.8967 0.1626
vn 0.2578 -0.8950 0.3639
vn 0.2806 -0.9440 0.1738
vn 0.8501 -0.3297 0.4106
vn 0.5609 -0.2535 0.7882
vn 0.2875 -0.9560 0.0590
vn 0.9162 -0.3790 0.1300
vn 0.9883 -0.0604 0.1401
vn 0.8977 -0.0564 0.4370
vn 0.5818 -0.0491 0.8119
vn 0.2860 -0.9582 0.0101
vn 0.9183 -0.3953 0.0226
vn 0.2849 -0.9585 -0.0000
vn 0.9165 -0.4000 -0.0000
vn 0.9980 -0.0629 -0.0000
vn 0.9977 -0.0624 0.0247
vn 0.9997 -0.0075 0.0253
vn 0.9898 -0.0073 0.1424
vn 1.0000 -0.0075 -0.0000
vn 1.0000 -0.0000 -0.0000
vn 0.9997 -0.0000 0.0254
vn 0.9897 -0.0000 0.1428
vn 0.8983 -0.0069 0.4394
vn 0.5820 -0.0061 0.8131
vn 0.8981 -0.0000 0.4397
vn 0.5819 -0.0000 0.8133
vn -0.4164 -0.9092 -0.0000
vn -0.4174 -0.9087 0.0097
vn -0.9627 -0.2700 0.0154
vn -0.9621 -0.2726 -0.0001
vn -0.4183 -0.9066 0.0556
vn -0.9616 -0.2601 0.0882
vn -0.9950 -0.0396 0.0916
vn -0.9990 -0.0406 0.0160
vn -0.9992 -0.0409 -0.0000
vn -0.4119 -0.8966 0.1626
vn -0.9289 -0.2339 0.2871
vn -0.9524 -0.0391 0.3022
vn -0.9530 -0.0048 0.3029
vn -0.9957 -0.0047 0.0929
vn -0.9531 -0.0000 0.3028
vn -0.9956 -0.0000 0.0933
vn -0.9999 -0.0049 0.0164
vn -1.0000 -0.0049 -0.0000
vn -0.9999 -0.0000 0.0165
vn -1.0000 -0.0000 -0.0000
vn -0.0045 0.8415 0.5402
vn -0.0062 0.9718 0.2359
vn -0.0014 0.8364 0.5481
vn -0.0018 0.9708 0.2400
vn -0.0020 0.9939 0.1102
vn -0.0070 0.9941 0.1085
vn 0.0014 0.8364 0.5481
vn 0.0012 0.9707 0.2401
vn 0.0029 0.8407 0.5415
vn 0.0045 0.9716 0.2366
vn 0.0052 0.9942 0.1077
vn 0.0016 0.9940 0.1095
vn 0.0019 0.9970 0.0779
vn -0.0020 0.9969 0.0785
vn 0.0064 0.9971 0.0759
vn 0.0074 0.9966 0.0826
vn 0.0022 0.9963 0.0857
vn -0.0020 0.9963 0.0857
vn -0.0075 0.9970 0.0776
vn -0.0079 0.9964 0.0849
vn -0.0000 -0.9670 -0.2546
vn -0.0000 -0.9236 0.3835
vn -0.0000 -0.2981 0.9545
vn 0.0155 0.8478 0.5300
vn 0.0182 0.9728 0.2309
vn 0.0688 0.8528 0.5177
vn 0.0717 0.9718 0.2247
vn 0.0725 0.9921 0.1022
vn 0.0195 0.9943 0.1047
vn 0.2199 0.8282 0.5154
vn 0.2198 0.9495 0.2241
vn 0.4799 0.7038 0.5237
vn 0.4767 0.8485 0.2298
vn 0.4649 0.8781 0.1132
vn 0.2160 0.9708 0.1043
vn 0.2156 0.9735 0.0757
vn 0.0740 0.9947 0.0716
vn 0.4594 0.8838 0.0889
vn 0.4546 0.8848 0.1027
vn 0.2166 0.9725 0.0855
vn 0.0766 0.9939 0.0799
vn 0.0210 0.9971 0.0730
vn 0.0226 0.9965 0.0810
vn 0.0115 -0.4376 -0.8991
vn 0.0047 -0.9668 -0.2556
vn 0.0128 -0.0704 -0.9974
vn 0.0837 -0.0683 -0.9942
vn 0.0762 -0.4218 -0.9035
vn 0.0311 -0.9659 -0.2571
vn 0.0131 -0.0084 -0.9999
vn 0.0132 -0.0000 -0.9999
vn 0.0857 -0.0000 -0.9963
vn 0.0853 -0.0083 -0.9963
vn 0.3285 -0.0081 -0.9445
vn 0.3248 -0.0656 -0.9435
vn 0.3294 -0.0000 -0.9442
vn 0.7484 -0.0000 -0.6632
vn 0.7478 -0.0078 -0.6639
vn 0.7449 -0.0629 -0.6642
vn 0.3023 -0.3817 -0.8735
vn 0.1088 -0.9615 -0.2525
vn 0.7177 -0.3195 -0.6187
vn 0.2741 -0.9328 -0.2341
vn 0.0036 -0.9896 0.1440
vn 0.0045 -0.9232 0.3843
vn 0.0034 -0.9991 0.0427
vn 0.0224 -0.9988 0.0424
vn 0.0232 -0.9893 0.1437
vn 0.0293 -0.9221 0.3858
vn 0.0040 -1.0000 0.0084
vn 0.0038 -1.0000 -0.0000
vn 0.0230 -0.9997 -0.0000
vn 0.0226 -0.9997 0.0074
vn 0.0915 -0.9958 0.0076
vn 0.0914 -0.9948 0.0443
vn 0.0915 -0.9958 -0.0000
vn 0.2847 -0.9586 -0.0000
vn 0.2858 -0.9582 0.0101
vn 0.2874 -0.9560 0.0590
vn 0.0893 -0.9856 0.1433
vn 0.1025 -0.9183 0.3823
vn 0.2805 -0.9440 0.1738
vn 0.0083 -0.0053 1.0000
vn 0.0084 -0.0000 1.0000
vn 0.0081 -0.0447 0.9990
vn 0.0534 -0.0436 0.9976
vn 0.0542 -0.0052 0.9985
vn 0.0545 -0.0000 0.9985
vn 0.0077 -0.2957 0.9553
vn 0.0508 -0.2855 0.9570
vn 0.2013 -0.2607 0.9442
vn 0.2145 -0.0434 0.9758
vn 0.2157 -0.0053 0.9764
vn 0.2159 -0.0000 0.9764
vn -1.0000 0.0027 -0.0000
vn -0.9999 0.0024 0.0162
vn -0.9999 0.0038 0.0162
vn -1.0000 0.0039 -0.0000
vn -0.9957 0.0024 0.0922
vn -0.9959 0.0036 0.0903
vn -0.9966 0.0006 0.0826
vn -0.9999 0.0016 0.0149
vn -1.0000 0.0015 -0.0000
vn -0.9540 0.0022 0.2999
vn -0.9555 0.0030 0.2949
vn -0.7444 0.0015 0.6677
vn -0.7488 0.0020 0.6628
vn -0.7599 -0.0019 0.6500
vn -0.9607 -0.0013 0.2775
vn -0.9712 -0.0238 0.2369
vn -0.9977 -0.0151 0.0663
vn -0.7840 -0.0233 0.6203
vn -0.7923 -0.1370 0.5945
vn -0.9793 -0.1066 0.1720
vn -0.9964 -0.0731 0.0425
vn -0.9999 -0.0122 0.0118
vn -0.9999 -0.0118 -0.0000
vn -0.9980 -0.0630 0.0070
vn -0.9981 -0.0613 -0.0000
vn -0.8684 -0.1677 -0.4667
vn -0.4033 -0.0596 -0.9131
vn -0.4328 -0.0172 -0.9013
vn -0.8858 -0.0359 -0.4626
vn -0.0903 -0.0116 -0.9958
vn -0.0997 -0.0033 -0.9950
vn -0.1022 -0.0005 -0.9948
vn -0.4339 -0.0028 -0.9010
vn -0.8768 -0.0052 -0.4808
vn -0.0129 -0.0015 -0.9999
vn -0.0141 -0.0004 -0.9999
vn -0.1026 0.0001 -0.9947
vn -0.0145 -0.0000 -0.9999
vn -0.1025 0.0002 -0.9947
vn -0.4333 0.0006 -0.9013
vn -0.8716 0.0018 -0.4902
vn -0.4316 0.0007 -0.9021
vn -0.8692 0.0018 -0.4944
vn 0.7559 0.0052 -0.6546
vn 0.3347 0.0019 -0.9423
vn 0.3380 0.0029 -0.9412
vn 0.7625 0.0084 -0.6469
vn 0.0867 0.0004 -0.9962
vn 0.0870 0.0006 -0.9962
vn 0.0859 -0.0002 -0.9963
vn 0.3381 0.0005 -0.9411
vn 0.7717 0.0052 -0.6360
vn 0.0123 -0.0004 -0.9999
vn 0.0814 -0.0030 -0.9967
vn 0.0107 -0.0015 -0.9999
vn 0.0701 -0.0106 -0.9975
vn 0.3298 -0.0121 -0.9440
vn 0.7809 -0.0221 -0.6242
vn 0.2905 -0.0471 -0.9557
vn 0.7383 -0.1428 -0.6592
vn 0.5908 0.0040 0.8068
vn 0.9020 0.0068 0.4317
vn 0.9062 0.0121 0.4227
vn 0.5989 0.0070 0.8008
vn 0.9902 0.0079 0.1397
vn 0.9906 0.0142 0.1358
vn 0.9919 0.0175 0.1259
vn 0.9156 0.0131 0.4019
vn 0.6123 0.0063 0.7906
vn 0.9997 0.0081 0.0248
vn 0.9996 0.0148 0.0242
vn 1.0000 0.0083 -0.0000
vn 0.9999 0.0149 -0.0000
vn 0.9998 0.0189 -0.0000
vn 0.9996 0.0189 0.0225
vn 0.9998 0.0110 0.0191
vn 0.9942 0.0072 0.1070
vn 0.9999 0.0116 -0.0000
vn 0.9991 -0.0427 -0.0000
vn 0.9989 -0.0443 0.0138
vn 0.9952 -0.0556 0.0800
vn 0.9324 -0.0043 0.3615
vn 0.6308 -0.0103 0.7759
vn 0.9494 -0.0905 0.3009
vn 0.6129 -0.0991 0.7840
vn 0.0084 -0.0001 1.0000
vn 0.0078 -0.0007 1.0000
vn 0.0558 0.0004 0.9984
vn 0.0552 -0.0007 0.9985
vn 0.0509 -0.0050 0.9987
vn 0.0085 -0.0000 1.0000
vn 0.0083 -0.0000 1.0000
vn 0.0551 0.0002 0.9985
vn 0.0555 0.0004 0.9985
vn 0.2224 0.0021 0.9749
vn 0.2252 0.0016 0.9743
vn 0.2196 0.0013 0.9756
vn 0.2276 -0.0038 0.9738
vn 0.2133 -0.0244 0.9767
vn -0.2903 0.0005 0.9569
vn -0.2925 0.0008 0.9563
vn -0.0651 0.0001 0.9979
vn -0.0655 0.0002 0.9978
vn -0.0671 0.0004 0.9977
vn -0.2980 -0.0000 0.9546
vn -0.0092 -0.0000 1.0000
vn -0.0095 0.0001 1.0000
vn -0.0098 -0.0000 1.0000
vn -0.0694 -0.0004 0.9976
vn -0.0098 -0.0006 1.0000
vn -0.0683 -0.0054 0.9976
vn -0.3117 -0.0064 0.9502
vn -0.3124 -0.0333 0.9494
vn -0.9999 0.0001 0.0164
vn -1.0000 0.0001 -0.0000
vn -0.9956 0.0001 0.0932
vn -0.9957 0.0004 0.0931
vn -0.9999 0.0005 0.0164
vn -1.0000 0.0005 -0.0000
vn -0.9530 0.0001 0.3028
vn -0.7409 0.0001 0.6717
vn -0.7412 0.0003 0.6713
vn -0.9532 0.0004 0.3025
vn -0.9534 0.0010 0.3016
vn -0.9957 0.0011 0.0928
vn -0.7423 0.0007 0.6700
vn -0.9999 0.0011 0.0164
vn -1.0000 0.0012 -0.0000
vn -0.4300 0.0003 -0.9028
vn -0.8679 0.0008 -0.4968
vn -0.1021 0.0001 -0.9948
vn -0.1020 -0.0000 -0.9948
vn -0.4293 0.0002 -0.9032
vn -0.8672 0.0003 -0.4980
vn -0.4290 -0.0000 -0.9033
vn -0.8669 0.0001 -0.4985
vn 0.3296 0.0001 -0.9441
vn 0.7486 0.0003 -0.6630
vn 0.0859 0.0001 -0.9963
vn 0.3302 0.0004 -0.9439
vn 0.7496 0.0010 -0.6619
vn 0.0862 0.0002 -0.9963
vn 0.3318 0.0009 -0.9434
vn 0.7518 0.0023 -0.6593
vn 0.8982 0.0004 0.4396
vn 0.5823 0.0002 0.8130
vn 0.9898 0.0004 0.1427
vn 0.9898 0.0015 0.1423
vn 0.8987 0.0013 0.4386
vn 0.5832 0.0008 0.8123
vn 0.9997 0.0004 0.0253
vn 1.0000 0.0004 -0.0000
vn 1.0000 0.0015 -0.0000
vn 0.9997 0.0015 0.0252
vn 0.9997 0.0036 0.0250
vn 0.9899 0.0035 0.1414
vn 1.0000 0.0038 -0.0000
vn 0.8999 0.0031 0.4361
vn 0.5860 0.0018 0.8103
vn 0.0547 0.0001 0.9985
vn 0.2161 0.0001 0.9764
vn 0.2165 0.0003 0.9763
vn 0.2176 0.0006 0.9760
vn -0.2883 -0.0000 0.9576
vn -0.2885 0.0001 0.9575
vn -0.0650 -0.0000 0.9979
vn -0.2891 0.0002 0.9573
vn -0.9999 -0.0119 -0.0000
vn -0.9999 -0.0120 -0.0000
vn -0.9980 -0.0627 -0.0000
vn -0.9980 -0.0634 -0.0000
vn -0.9980 -0.0638 -0.0000
vn -0.9980 -0.0639 -0.0000
vn -1.0000 0.0002 -0.0000
vn -1.0000 0.0006 -0.0000
vn -1.0000 0.0004 -0.0000
vn -0.4163 -0.9092 -0.0000
vn -0.9621 -0.2725 -0.0000
vn -0.9621 -0.2725 0.0001
vn -0.9992 -0.0408 -0.0000
vn -0.9621 -0.2726 -0.0000
vn -0.1239 -0.9923 -0.0000
vn -0.0041 -1.0000 -0.0000
vn -0.0039 -1.0000 -0.0000
vn 0.0916 -0.9958 -0.0000
vn 0.2846 -0.9586 -0.0000
vn 0.0228 -0.9997 -0.0000
vn 0.0226 -0.9997 -0.0000
vn 0.0035 -1.0000 -0.0000
vn 0.0033 -1.0000 -0.0000
vn 0.0045 -1.0000 -0.0000
vn 0.9166 -0.3999 -0.0000
vn 0.9999 0.0115 -0.0000
vn 0.9990 -0.0439 -0.0000
vn 0.9998 0.0193 -0.0000
vn 0.9999 0.0114 -0.0000
vn 0.9990 -0.0445 -0.0000
vn 0.9999 0.0148 -0.0000
vn 0.9999 0.0150 -0.0000
vn 0.9990 -0.0448 -0.0000
vn 0.9990 -0.0449 -0.0000
vn 0.0246 0.9953 0.0934
vn 0.0077 0.9954 0.0956
vn 0.0794 0.9925 0.0934
vn 0.0813 0.9915 0.1017
vn 0.0263 0.9948 0.0981
vn 0.0088 0.9951 0.0982
vn 0.2175 0.9707 0.1018
vn 0.4487 0.8852 0.1231
vn 0.4416 0.8860 0.1413
vn 0.2168 0.9694 0.1153
vn 0.2146 0.9679 0.1310
vn 0.0806 0.9909 0.1082
vn 0.4373 0.8842 0.1642
vn 0.4393 0.8752 0.2025
vn 0.2104 0.9653 0.1547
vn 0.0760 0.9906 0.1142
vn 0.0261 0.9948 0.0981
vn 0.0095 0.9955 0.0943
vn 0.0235 0.9956 0.0911
vn 0.0077 0.9969 0.0781
vn -0.0085 0.9952 0.0972
vn -0.0190 0.9953 0.0954
vn -0.0020 0.9952 0.0981
vn -0.0022 0.9951 0.0988
vn -0.0090 0.9951 0.0980
vn -0.0214 0.9950 0.0971
vn 0.0028 0.9952 0.0975
vn 0.0031 0.9951 0.0990
vn 0.0029 0.9958 0.0918
vn -0.0024 0.9959 0.0903
vn 0.0022 0.9974 0.0713
vn -0.0026 0.9976 0.0690
vn -0.0094 0.9959 0.0899
vn -0.0206 0.9956 0.0916
vn -0.0086 0.9976 0.0694
vn -0.0197 0.9970 0.0748
vn -0.2411 0.9643 0.1092
vn -0.4518 0.8808 0.1418
vn -0.1075 0.9896 0.0955
vn -0.1061 0.9892 0.1015
vn -0.2273 0.9668 0.1168
vn -0.4121 0.8990 0.1483
vn -0.0465 0.9945 0.0935
vn -0.0474 0.9942 0.0971
vn -0.0469 0.9944 0.0951
vn -0.1020 0.9894 0.1035
vn -0.0437 0.9954 0.0855
vn -0.0943 0.9903 0.1021
vn -0.2121 0.9697 0.1213
vn -0.3745 0.9149 0.1505
vn -0.1967 0.9725 0.1245
vn -0.3455 0.9262 0.1511
vn -0.8693 0.0018 -0.4942
vn -0.9779 0.0023 -0.2091
vn -0.9787 0.0028 -0.2054
vn -0.8717 0.0018 -0.4900
vn -0.9974 0.0024 -0.0714
vn -0.9975 0.0035 -0.0700
vn -0.9980 0.0001 -0.0638
vn -0.9812 -0.0029 -0.1931
vn -0.8769 -0.0052 -0.4806
vn -0.9999 0.0025 -0.0149
vn -0.9999 0.0038 -0.0141
vn -0.9999 0.0016 -0.0129
vn -0.9999 -0.0125 -0.0104
vn -0.9986 -0.0168 -0.0511
vn -0.9981 -0.0623 -0.0000
vn -0.9979 -0.0645 -0.0063
vn -0.9965 -0.0774 -0.0329
vn -0.9858 -0.0290 -0.1653
vn -0.8860 -0.0359 -0.4623
vn -0.9853 -0.1199 -0.1217
vn -0.8685 -0.1676 -0.4665
vn -0.8670 -0.0000 -0.4984
vn -0.9774 -0.0000 -0.2113
vn -0.9774 0.0001 -0.2112
vn -0.8671 0.0001 -0.4981
vn -0.9974 -0.0000 -0.0722
vn -0.9974 0.0001 -0.0722
vn -0.9974 0.0004 -0.0721
vn -0.9775 0.0004 -0.2109
vn -0.8673 0.0003 -0.4977
vn -0.9999 -0.0000 -0.0145
vn -0.9999 0.0001 -0.0145
vn -0.9999 0.0005 -0.0146
vn -0.9999 0.0011 -0.0147
vn -0.9974 0.0011 -0.0718
vn -0.9776 0.0010 -0.2103
vn -0.8680 0.0008 -0.4965
vn -0.4062 -0.8878 -0.2163
vn -0.4156 -0.9026 -0.1117
vn -0.9507 -0.2384 -0.1984
vn -0.8496 -0.2481 -0.4654
vn -0.4182 -0.9073 -0.0431
vn -0.9630 -0.2604 -0.0686
vn -0.9967 -0.0397 -0.0712
vn -0.9764 -0.0404 -0.2121
vn -0.8634 -0.0480 -0.5022
vn -0.4172 -0.9088 -0.0085
vn -0.9628 -0.2698 -0.0136
vn -0.9622 -0.2725 -0.0000
vn -0.9991 -0.0406 -0.0141
vn -0.9999 -0.0048 -0.0145
vn -0.9974 -0.0048 -0.0721
vn -0.9774 -0.0049 -0.2116
vn -0.8662 -0.0059 -0.4996
vn -0.1199 -0.9879 -0.0984
vn -0.4155 -0.9027 -0.1117
vn -0.0278 -0.9947 -0.0988
vn -0.0266 -0.9991 -0.0328
vn -0.1227 -0.9919 -0.0341
vn -0.4180 -0.9074 -0.0431
vn -0.0040 -0.9951 -0.0987
vn -0.0000 -0.9952 -0.0983
vn -0.0000 -0.9994 -0.0337
vn -0.0038 -0.9995 -0.0329
vn -0.0042 -1.0000 -0.0069
vn -0.0268 -0.9996 -0.0066
vn -0.0000 -1.0000 -0.0074
vn -0.0044 -1.0000 -0.0000
vn -0.1236 -0.9923 -0.0068
vn -0.4169 -0.9089 -0.0085
vn -0.0000 -0.9994 -0.0332
vn -0.0000 -0.9951 -0.0984
vn 0.0915 -0.9958 -0.0068
vn 0.2857 -0.9583 -0.0091
vn 0.0227 -0.9997 -0.0066
vn 0.0224 -0.9992 -0.0330
vn 0.0913 -0.9952 -0.0344
vn 0.2870 -0.9568 -0.0460
vn 0.0035 -1.0000 -0.0066
vn 0.0034 -0.9994 -0.0332
vn 0.0036 -0.9951 -0.0986
vn 0.0235 -0.9948 -0.0989
vn 0.0901 -0.9910 -0.0994
vn 0.2835 -0.9514 -0.1201
vn 0.9997 -0.0075 -0.0224
vn 0.9997 -0.0000 -0.0227
vn 0.9978 -0.0623 -0.0218
vn 0.9922 -0.0607 -0.1092
vn 0.9939 -0.0073 -0.1105
vn 0.9938 -0.0000 -0.1109
vn 0.9183 -0.3953 -0.0200
vn 0.2858 -0.9582 -0.0091
vn 0.2871 -0.9568 -0.0460
vn 0.9192 -0.3807 -0.1010
vn 0.8928 -0.3452 -0.2895
vn 0.9469 -0.0600 -0.3158
vn 0.7450 -0.0629 -0.6641
vn 0.9487 -0.0074 -0.3162
vn 0.9488 -0.0000 -0.3159
vn 0.7480 -0.0078 -0.6637
vn 0.7486 -0.0000 -0.6631
vn 0.9997 0.0036 -0.0222
vn 0.9997 0.0081 -0.0220
vn 0.9997 0.0015 -0.0225
vn 0.9939 0.0015 -0.1105
vn 0.9940 0.0036 -0.1097
vn 0.9941 0.0079 -0.1084
vn 0.9997 0.0004 -0.0227
vn 0.9938 0.0004 -0.1108
vn 0.9488 0.0004 -0.3158
vn 0.9491 0.0014 -0.3149
vn 0.7488 0.0003 -0.6628
vn 0.7498 0.0010 -0.6617
vn 0.9497 0.0032 -0.3130
vn 0.9509 0.0072 -0.3096
vn 0.7520 0.0023 -0.6592
vn 0.7560 0.0052 -0.6545
vn 0.9991 -0.0435 -0.0000
vn 0.9998 0.0107 -0.0168
vn 0.9989 -0.0460 -0.0122
vn 0.9996 0.0189 -0.0199
vn 0.9951 0.0169 -0.0974
vn 0.9966 0.0054 -0.0823
vn 0.9962 -0.0610 -0.0618
vn 0.9997 0.0147 -0.0213
vn 0.9943 0.0142 -0.1054
vn 0.9531 0.0124 -0.3023
vn 0.9582 0.0121 -0.2858
vn 0.7627 0.0084 -0.6467
vn 0.7717 0.0052 -0.6359
vn 0.9666 -0.0099 -0.2561
vn 0.9708 -0.1096 -0.2133
vn 0.7812 -0.0221 -0.6239
vn 0.7383 -0.1429 -0.6591
vn 0.0047 0.9998 -0.0199
vn 0.0174 0.9996 -0.0221
vn 0.0186 0.9995 -0.0249
vn 0.0052 0.9997 -0.0245
vn 0.0681 0.9974 -0.0251
vn 0.0698 0.9972 -0.0266
vn 0.0706 0.9959 -0.0567
vn 0.0186 0.9982 -0.0571
vn 0.0048 0.9983 -0.0578
vn 0.2069 0.9779 -0.0307
vn 0.2101 0.9772 -0.0305
vn 0.4482 0.8930 -0.0398
vn 0.4536 0.8904 -0.0369
vn 0.4585 0.8865 -0.0623
vn 0.2126 0.9754 -0.0583
vn 0.2148 0.9659 -0.1447
vn 0.0702 0.9869 -0.1455
vn 0.4669 0.8720 -0.1473
vn 0.4784 0.8001 -0.3619
vn 0.2171 0.9089 -0.3562
vn 0.0684 0.9308 -0.3591
vn 0.0178 0.9886 -0.1492
vn 0.0044 0.9882 -0.1529
vn 0.0160 0.9291 -0.3694
vn 0.0039 0.9256 -0.3785
vn -0.0197 0.9997 -0.0150
vn -0.0081 0.9998 -0.0168
vn -0.0076 0.9997 -0.0224
vn -0.0173 0.9997 -0.0198
vn -0.0025 0.9998 -0.0179
vn -0.0023 0.9997 -0.0234
vn -0.0020 0.9984 -0.0573
vn -0.0070 0.9984 -0.0559
vn -0.0166 0.9984 -0.0536
vn 0.0012 0.9998 -0.0188
vn 0.0014 0.9997 -0.0240
vn 0.0014 0.9983 -0.0579
vn 0.0012 0.9879 -0.1548
vn -0.0020 0.9879 -0.1548
vn 0.0011 0.9235 -0.3836
vn -0.0016 0.9235 -0.3836
vn -0.0063 0.9884 -0.1517
vn -0.0149 0.9893 -0.1453
vn -0.0049 0.9262 -0.3769
vn -0.0117 0.9320 -0.3623
vn -0.4734 0.8800 -0.0387
vn -0.2475 0.9687 -0.0203
vn -0.2531 0.9672 -0.0223
vn -0.4918 0.8700 -0.0361
vn -0.1062 0.9943 -0.0137
vn -0.1055 0.9943 -0.0175
vn -0.1047 0.9934 -0.0465
vn -0.2569 0.9652 -0.0487
vn -0.5069 0.8599 -0.0599
vn -0.0440 0.9989 -0.0137
vn -0.0426 0.9989 -0.0180
vn -0.0411 0.9979 -0.0495
vn -0.0385 0.9900 -0.1356
vn -0.1029 0.9866 -0.1266
vn -0.0332 0.9398 -0.3400
vn -0.0991 0.9427 -0.3186
vn -0.2620 0.9567 -0.1267
vn -0.5297 0.8363 -0.1413
vn -0.2737 0.9068 -0.3208
vn -0.5761 0.7342 -0.3594
vn 0.9993 -0.0376 -0.0000
vn 0.9934 -0.0885 0.0724
vn 0.9173 -0.3613 0.1674
vn 0.9670 -0.2546 -0.0033
vn 0.9088 -0.2606 0.3258
vn 0.6420 -0.5401 0.5442
vn 0.9173 -0.3613 0.1675
vn 0.6417 -0.5402 0.5444
vn 0.0701 -0.7589 0.6474
vn 0.0916 -0.9618 0.2580
vn 0.9670 -0.2547 -0.0033
vn 0.0718 -0.9974 -0.0008
vn 0.6735 -0.4450 0.5902
vn 0.3473 -0.5985 0.7219
vn 0.4081 -0.5506 0.7282
vn 0.2086 -0.6049 0.7685
vn 0.3470 -0.5984 0.7221
vn 0.0578 -0.6301 0.7743
vn 0.0605 -0.6624 0.7467
vn -0.2290 -0.6512 0.7236
vn -0.5105 -0.6520 0.5605
vn -0.0950 -0.6325 0.7687
vn -0.3014 -0.6153 0.7284
vn -0.5668 -0.5644 0.6001
vn -0.8080 -0.4525 0.3774
vn -0.7995 -0.5563 0.2265
vn -0.8710 -0.4842 0.0838
vn -0.9242 -0.3385 0.1769
vn -0.9378 -0.3170 0.1417
vn 0.9990 -0.0443 -0.0000
vn 0.9990 -0.0436 -0.0000
vn 0.9610 -0.2763 0.0084
vn 0.9606 -0.2766 0.0291
vn 0.9991 -0.0424 -0.0000
vn 0.9626 -0.2708 -0.0000
vn 0.9610 -0.2764 0.0084
vn 0.1244 -0.9767 0.1749
vn 0.2100 -0.9242 0.3190
vn 0.9605 -0.2767 0.0291
vn 0.3126 -0.7911 0.5257
vn 0.9992 -0.0406 -0.0000
vn 0.9648 -0.2631 -0.0033
vn 0.9648 -0.2631 -0.0034
vn 0.0764 -0.9956 0.0539
vn -0.8413 -0.5180 0.1542
vn -0.7712 -0.5574 0.3076
vn -0.9190 -0.3431 0.1941
vn -0.8817 -0.3684 0.2948
vn -0.6143 -0.5622 0.5536
vn -0.3375 -0.4512 0.8261
vn -0.7960 -0.3694 0.4796
vn -0.5334 -0.2887 0.7950
vn 0.5611 -0.4924 -0.6654
vn 0.7922 -0.3624 -0.4910
vn 0.4541 -0.5760 -0.6797
vn 0.2911 -0.5927 -0.7510
vn 0.9397 -0.2133 -0.2673
vn 0.7143 -0.5053 -0.4841
vn 0.4539 -0.5760 -0.6798
vn 0.7141 -0.5055 -0.4843
vn 0.0649 -0.7823 -0.6195
vn 0.0607 -0.6798 -0.7309
vn 0.2908 -0.5927 -0.7511
vn 0.0586 -0.6377 -0.7681
vn 0.9943 -0.0841 -0.0660
vn 0.9207 -0.3572 -0.1570
vn 0.9992 -0.0398 -0.0000
vn 0.9654 -0.2607 0.0025
vn 0.9207 -0.3573 -0.1571
vn 0.9654 -0.2608 0.0025
vn 0.0452 -0.9990 -0.0066
vn 0.0720 -0.9636 -0.2573
vn -0.8273 -0.5297 -0.1870
vn -0.6117 -0.6252 -0.4848
vn -0.8823 -0.4658 -0.0678
vn -0.9542 -0.2817 -0.1010
vn -0.9456 -0.2996 -0.1268
vn -0.8755 -0.3899 -0.2853
vn -0.3444 -0.6483 -0.6790
vn -0.1779 -0.6354 -0.7514
vn -0.7129 -0.5000 -0.4917
vn -0.4621 -0.5860 -0.6656
vn -0.2762 0.6343 -0.7220
vn -0.5783 0.3645 -0.7299
vn -0.0869 0.6824 -0.7258
vn -0.0673 0.2129 -0.9747
vn -0.2374 0.1412 -0.9611
vn -0.4894 -0.1183 -0.8640
vn -0.0220 0.6621 -0.7491
vn -0.0056 0.6381 -0.7700
vn -0.0009 0.2097 -0.9778
vn -0.0116 0.2176 -0.9760
vn -0.0110 0.0323 -0.9994
vn -0.0745 0.0146 -0.9971
vn -0.0000 0.0338 -0.9994
vn -0.3006 -0.0754 -0.9508
vn -0.6120 -0.3045 -0.7299
vn -0.0000 0.0328 -0.9995
vn -0.0000 0.0331 -0.9995
vn -0.0000 0.0327 -0.9995
vn -0.0002 0.2012 -0.9795
vn -0.0000 0.2014 -0.9795
vn 0.0001 0.2039 -0.9790
vn -0.0000 0.0330 -0.9995
vn -0.0003 0.2035 -0.9791
vn -0.0024 0.6224 -0.7827
vn -0.0007 0.6158 -0.7879
vn 0.0003 0.6160 -0.7878
vn 0.0014 0.6220 -0.7830
vn 0.2006 -0.0486 -0.9785
vn 0.4200 -0.2013 -0.8849
vn 0.0542 0.0153 -0.9984
vn 0.0450 0.1995 -0.9789
vn 0.1511 0.1612 -0.9753
vn 0.3266 0.0437 -0.9442
vn 0.0084 0.0310 -0.9995
vn 0.0073 0.2064 -0.9784
vn 0.0112 0.6324 -0.7745
vn 0.0578 0.6430 -0.7637
vn 0.1948 0.6270 -0.7542
vn 0.4355 0.5134 -0.7394
vn 0.9704 -0.2330 -0.0632
vn 0.9067 -0.4186 -0.0519
vn 0.8672 -0.4742 -0.1518
vn 0.9629 -0.2531 -0.0940
vn -0.0003 -1.0000 -0.0081
vn -0.0293 -0.9757 -0.2172
vn -0.0391 -0.7968 -0.6029
vn 0.6743 -0.5878 -0.4469
vn 0.9045 -0.3454 -0.2501
vn -0.9664 -0.2567 0.0139
vn -0.9303 -0.3419 -0.1330
vn -0.9664 -0.2566 0.0139
vn -0.9989 -0.0465 0.0051
vn -0.9946 -0.0865 -0.0574
vn -0.9303 -0.3418 -0.1329
vn -0.9454 -0.2092 -0.2500
vn -0.7364 -0.4942 -0.4620
vn -0.7362 -0.4944 -0.4622
vn -0.4661 -0.5736 -0.6736
vn -0.0463 -0.6818 -0.7301
vn -0.8056 -0.3565 -0.4731
vn -0.4663 -0.5736 -0.6735
vn -0.5752 -0.4900 -0.6551
vn -0.2930 -0.5933 -0.7497
vn -0.2928 -0.5934 -0.7498
vn -0.0477 -0.6374 -0.7690
vn 0.3868 -0.6350 -0.6688
vn 0.7509 -0.4676 -0.4663
vn 0.2012 -0.6301 -0.7500
vn 0.4959 -0.5698 -0.6553
vn 0.8779 -0.3601 0.3157
vn 0.7529 -0.5512 0.3596
vn 0.6599 -0.5614 0.4993
vn 0.8304 -0.3730 0.4140
vn -0.2056 -0.9782 0.0287
vn -0.2119 -0.9704 0.1156
vn -0.2522 -0.9293 0.2699
vn 0.5135 -0.5374 0.6690
vn 0.7626 -0.3613 0.5366
vn -0.9740 -0.1996 -0.1073
vn -0.9666 -0.2221 -0.1280
vn -0.9989 -0.0313 -0.0340
vn -0.9983 -0.0400 -0.0414
vn -0.9976 -0.0528 -0.0449
vn -0.9569 -0.2576 -0.1338
vn -0.9481 -0.2923 -0.1256
vn -0.3118 -0.8458 0.4329
vn -0.9968 -0.0658 -0.0460
vn -0.9481 -0.2922 -0.1255
vn -0.9962 -0.0756 -0.0438
vn -0.9453 -0.3133 -0.0908
vn -0.3830 -0.6724 0.6334
vn 0.3480 -0.4604 0.8167
vn 0.6804 -0.3047 0.6664
vn 0.1619 -0.3252 0.9317
vn 0.5772 -0.1991 0.7920
vn -0.4175 -0.5505 0.7229
vn -0.6872 -0.4413 0.5770
vn -0.3478 -0.5983 0.7218
vn -0.2064 -0.6061 0.7682
vn -0.9167 -0.2550 0.3076
vn -0.6488 -0.5348 0.5414
vn -0.3476 -0.5984 0.7219
vn -0.6486 -0.5349 0.5415
vn -0.0765 -0.7345 0.6743
vn -0.0525 -0.6575 0.7517
vn -0.0471 -0.6301 0.7750
vn -0.9955 -0.0815 0.0478
vn -0.9367 -0.3292 0.1190
vn -0.1750 -0.9294 0.3249
vn 0.6876 -0.5970 0.4133
vn 0.4547 -0.6418 0.6175
vn 0.8789 -0.3732 0.2969
vn 0.7764 -0.4587 0.4321
vn 0.2356 -0.6423 0.7293
vn 0.1142 -0.6298 0.7683
vn 0.5750 -0.5515 0.6043
vn 0.3313 -0.6062 0.7230
vn 0.0010 0.4503 0.8929
vn 0.0097 0.4609 0.8874
vn 0.0001 0.1310 0.9914
vn 0.0063 0.1329 0.9911
vn 0.0388 0.1288 0.9909
vn 0.0519 0.4716 0.8803
vn -0.0000 0.0210 0.9998
vn 0.0067 0.0199 0.9998
vn 0.0430 0.0109 0.9990
vn 0.1633 -0.0289 0.9862
vn 0.1341 0.1001 0.9859
vn 0.3747 -0.1440 0.9159
vn 0.3024 -0.0013 0.9532
vn 0.1766 0.4543 0.8732
vn 0.3914 0.3386 0.8557
vn -0.0041 0.4659 0.8848
vn -0.0017 0.4502 0.8929
vn -0.0006 0.1349 0.9909
vn -0.0002 0.1306 0.9914
vn -0.0001 0.1291 0.9916
vn -0.0006 0.4440 0.8960
vn -0.0000 0.0214 0.9998
vn -0.0000 0.0209 0.9998
vn -0.0000 0.0208 0.9998
vn -0.0000 0.1293 0.9916
vn 0.0002 0.4442 0.8959
vn -0.2575 -0.0532 0.9648
vn -0.5826 -0.2596 0.7702
vn -0.0619 0.0101 0.9980
vn -0.0595 0.1365 0.9889
vn -0.2179 0.0728 0.9733
vn -0.4648 -0.1716 0.8686
vn -0.0091 0.0207 0.9997
vn -0.0099 0.1404 0.9900
vn -0.0187 0.4907 0.8711
vn -0.0808 0.5107 0.8559
vn -0.2637 0.4499 0.8532
vn -0.5305 0.1531 0.8338
vn -0.9981 -0.0615 -0.0000
vn -0.9732 -0.2299 0.0039
vn -0.9753 -0.2209 -0.0000
vn -0.9964 -0.0732 0.0425
vn -0.9607 -0.2759 0.0294
vn 0.7676 -0.6280 0.1284
vn 0.8761 -0.4813 0.0283
vn 0.9000 -0.4358 -0.0000
vn -0.9793 -0.1067 0.1720
vn -0.9163 -0.3822 0.1197
vn -0.7924 -0.1370 0.5944
vn -0.8028 -0.4998 0.3251
vn 0.0851 -0.8685 0.4883
vn 0.4516 -0.8322 0.3216
vn 0.8903 -0.3541 0.2863
vn 0.9835 -0.1549 0.0937
vn 0.5622 -0.6146 0.5533
vn 0.6245 -0.5046 0.5961
vn 0.9177 -0.2455 0.3123
vn 0.9928 -0.0624 0.1019
vn 0.9966 -0.0797 0.0182
vn 0.9980 -0.0631 -0.0000
vn 0.9998 0.0053 0.0191
vn 0.9998 0.0199 -0.0000
vn -0.5828 -0.2596 0.7701
vn -0.5943 -0.5624 0.5749
vn -0.5827 -0.2597 0.7701
vn -0.4649 -0.1716 0.8686
vn -0.4789 -0.4849 0.7318
vn -0.5942 -0.5624 0.5750
vn -0.2831 -0.6621 0.6939
vn -0.1301 -0.7828 0.6085
vn -0.5304 0.1531 0.8338
vn -0.6058 -0.2351 0.7601
vn -0.5990 0.6003 0.5299
vn -0.8078 0.1774 0.5621
vn -0.8130 -0.1989 0.5473
vn -0.5130 -0.4941 0.7019
vn -0.3984 -0.5880 0.7039
vn -0.1022 -0.6785 0.7274
vn -0.7344 -0.3901 0.5554
vn -0.6470 -0.4803 0.5921
vn -0.3031 -0.6133 0.7294
vn -0.0135 -0.6520 0.7581
vn 0.1907 -0.7032 0.6849
vn 0.1905 -0.7031 0.6851
vn 0.2752 -0.6288 0.7272
vn 0.2754 -0.6288 0.7272
vn -0.5526 0.8017 0.2279
vn -0.8292 0.4917 0.2658
vn -0.5212 0.8449 0.1203
vn -0.7973 0.5850 0.1485
vn -0.9612 0.2201 0.1664
vn -0.9532 0.1030 0.2844
vn -0.5043 0.8572 0.1043
vn -0.7790 0.6122 0.1358
vn -0.4826 0.8671 0.1234
vn -0.7567 0.6330 0.1638
vn -0.9470 0.2595 0.1893
vn -0.9560 0.2486 0.1556
vn -0.9869 0.0038 0.1615
vn -0.9842 -0.0191 0.1758
vn -0.9810 -0.0004 0.1942
vn -0.9726 -0.1263 0.1951
vn -0.9794 -0.1152 0.1656
vn -0.9722 -0.1388 0.1886
vn -0.9443 -0.1344 0.3005
vn -0.9073 -0.2573 0.3324
vn -0.9980 -0.0640 -0.0000
vn -0.9693 -0.2460 -0.0000
vn -0.9682 -0.2501 -0.0000
vn -0.9980 -0.0635 -0.0000
vn -0.9707 -0.2401 -0.0000
vn 0.9304 -0.3665 -0.0000
vn 0.9375 -0.3480 -0.0000
vn 0.9421 -0.3355 -0.0000
vn -0.9726 -0.2325 -0.0000
vn 0.9200 -0.3919 -0.0000
vn 0.9983 -0.0589 -0.0000
vn 0.9984 -0.0563 -0.0000
vn 0.9998 0.0220 -0.0000
vn 0.9997 0.0232 -0.0000
vn 0.9985 -0.0546 -0.0000
vn 0.9986 -0.0538 -0.0000
vn 0.9997 0.0239 -0.0000
vn 0.9997 0.0242 -0.0000
vn -0.4519 0.8807 0.1419
vn -0.7242 0.6628 0.1903
vn -0.4122 0.8989 0.1486
vn -0.6756 0.7103 0.1975
vn -0.9148 0.3307 0.2319
vn -0.9338 0.2814 0.2210
vn -0.6249 0.7560 0.1947
vn -0.5853 0.7899 0.1829
vn -0.8716 0.4452 0.2050
vn -0.8923 0.3896 0.2282
vn -0.9703 0.0664 0.2324
vn -0.9715 0.0288 0.2354
vn -0.9715 0.1113 0.2095
vn -0.9703 -0.0759 0.2297
vn -0.9652 -0.1059 0.2390
vn -0.9636 -0.1252 0.2363
vn -0.9745 0.0033 0.2244
vn -0.9654 -0.1337 0.2239
vn -0.8685 -0.1677 -0.4664
vn -0.9102 -0.4041 -0.0909
vn -0.8009 -0.5398 -0.2593
vn -0.9569 -0.2894 -0.0239
vn 0.8296 -0.5503 -0.0941
vn 0.6349 -0.7354 -0.2367
vn 0.2935 -0.8579 -0.4217
vn -0.9979 -0.0646 -0.0063
vn -0.9710 -0.2392 -0.0037
vn -0.9735 -0.2287 -0.0000
vn 0.9141 -0.4054 0.0001
vn 0.8976 -0.4402 -0.0233
vn 0.9972 -0.0735 -0.0157
vn 0.9893 -0.1272 -0.0713
vn 0.9982 -0.0602 -0.0000
vn 0.9998 0.0214 -0.0000
vn 0.9998 0.0095 -0.0165
vn 0.9962 -0.0385 -0.0783
vn 0.9438 -0.2624 -0.2010
vn 0.7408 -0.5070 -0.4407
vn 0.9618 -0.1607 -0.2216
vn 0.7864 -0.3918 -0.4775
vn -0.4736 0.8799 -0.0387
vn -0.4921 0.8698 -0.0361
vn -0.7616 0.6454 -0.0583
vn -0.7413 0.6677 -0.0681
vn -0.7794 0.6215 -0.0791
vn -0.9566 0.2754 -0.0955
vn -0.9498 0.3029 -0.0787
vn -0.9425 0.3201 -0.0962
vn -0.5299 0.8362 -0.1416
vn -0.8093 0.5629 -0.1679
vn -0.5764 0.7339 -0.3594
vn -0.8390 0.3633 -0.4052
vn -0.9096 -0.0362 -0.4139
vn -0.9633 0.1935 -0.1859
vn -0.9786 -0.0448 -0.2010
vn -0.9935 0.0391 -0.1066
vn -0.8646 -0.2598 -0.4300
vn -0.8000 -0.3729 -0.4700
vn -0.9593 -0.1688 -0.2266
vn -0.9896 -0.0811 -0.1185
vn -0.9940 0.0613 -0.0901
vn -0.9917 0.0651 -0.1108
vn -0.9934 -0.0604 -0.0975
vn -0.9909 -0.0644 -0.1184
vn -0.5785 0.3646 -0.7297
vn -0.7138 -0.0506 -0.6985
vn -0.4894 -0.1184 -0.8640
vn -0.5104 -0.4466 -0.7349
vn -0.3102 -0.6511 -0.6927
vn -0.6528 -0.3803 -0.6552
vn -0.6120 -0.3045 -0.7298
vn -0.5918 -0.6048 -0.5328
vn -0.6121 -0.3046 -0.7297
vn -0.5918 -0.6050 -0.5327
vn -0.0268 -0.8132 -0.5813
vn -0.0270 -0.8132 -0.5814
vn 0.3343 -0.6831 -0.6493
vn -0.1135 -0.6768 -0.7274
vn 0.3345 -0.6831 -0.6492
vn 0.4151 -0.5923 -0.6905
vn 0.4148 -0.5923 -0.6907
vn -0.0178 -0.6508 -0.7591
vn -0.5435 -0.5207 -0.6583
vn -0.4451 -0.5725 -0.6886
vn 0.9989 -0.0461 -0.0121
vn 0.9628 -0.2699 -0.0088
vn 0.9659 -0.2591 -0.0000
vn 0.9962 -0.0611 -0.0617
vn 0.9437 -0.3268 -0.0512
vn -0.8638 -0.4979 -0.0763
vn -0.9076 -0.4195 -0.0174
vn -0.9184 -0.3955 -0.0000
vn 0.9708 -0.1098 -0.2133
vn 0.8761 -0.4490 -0.1755
vn 0.7383 -0.1429 -0.6592
vn 0.7149 -0.5451 -0.4379
vn -0.4164 -0.7832 -0.4618
vn -0.7283 -0.6504 -0.2157
vn -0.9514 -0.2493 -0.1808
vn -0.9880 -0.1410 -0.0628
vn -0.7800 -0.4581 -0.4264
vn -0.8089 -0.3668 -0.4595
vn -0.9660 -0.1585 -0.2044
vn -0.9960 -0.0529 -0.0716
vn -0.9950 -0.0985 -0.0138
vn -0.9961 -0.0877 -0.0000
vn -0.9998 -0.0115 -0.0152
vn -1.0000 -0.0011 -0.0000
vn 0.4201 -0.2014 -0.8848
vn 0.4630 -0.4684 -0.7525
vn 0.4201 -0.2013 -0.8849
vn 0.3266 0.0436 -0.9442
vn 0.4427 -0.1667 -0.8810
vn 0.4629 -0.4683 -0.7526
vn 0.3781 -0.4428 -0.8130
vn -0.0122 -0.7104 -0.7037
vn -0.0122 -0.7106 -0.7035
vn 0.4357 0.5133 -0.7394
vn 0.6610 0.2437 -0.7097
vn 0.4785 0.8000 -0.3619
vn 0.7555 0.5366 -0.3759
vn 0.9089 0.1718 -0.3799
vn 0.7320 -0.1102 -0.6723
vn 0.6520 -0.3573 -0.6687
vn 0.1876 -0.5756 -0.7959
vn 0.9111 -0.1019 -0.3995
vn 0.8523 -0.2757 -0.4445
vn 0.5287 -0.4908 -0.6925
vn 0.0631 -0.6067 -0.7924
vn -0.3583 -0.6248 -0.6937
vn -0.3581 -0.6248 -0.6938
vn -0.4303 -0.5626 -0.7059
vn -0.4306 -0.5626 -0.7057
vn 0.4671 0.8719 -0.1473
vn 0.7429 0.6511 -0.1555
vn 0.4587 0.8864 -0.0626
vn 0.7283 0.6818 -0.0690
vn 0.9214 0.3813 -0.0748
vn 0.9305 0.3282 -0.1630
vn 0.4538 0.8903 -0.0369
vn 0.7213 0.6911 -0.0448
vn 0.4485 0.8929 -0.0398
vn 0.7165 0.6957 -0.0503
vn 0.9140 0.4015 -0.0586
vn 0.9163 0.3971 -0.0512
vn 0.9854 0.1612 -0.0557
vn 0.9866 0.1416 -0.0815
vn 0.9846 0.1631 -0.0636
vn 0.9976 0.0186 -0.0668
vn 0.9980 0.0187 -0.0600
vn 0.9957 -0.0050 -0.0920
vn 0.9815 0.0736 -0.1769
vn 0.9753 -0.0868 -0.2032
vn 0.9990 -0.0440 -0.0000
vn 0.9646 -0.2638 -0.0000
vn 0.9684 -0.2495 -0.0000
vn 0.9990 -0.0446 -0.0000
vn 0.9621 -0.2727 -0.0000
vn -0.9300 -0.3676 -0.0000
vn -0.9226 -0.3857 -0.0000
vn -0.9087 -0.4173 -0.0000
vn 0.9603 -0.2789 -0.0000
vn 0.9990 -0.0450 -0.0000
vn 0.9592 -0.2826 -0.0000
vn -0.9372 -0.3487 -0.0001
vn -0.9347 -0.3555 -0.0000
vn -0.9966 -0.0826 -0.0000
vn -0.9965 -0.0840 -0.0000
vn -0.9966 -0.0819 -0.0000
vn -1.0000 0.0017 -0.0000
vn -1.0000 0.0014 -0.0000
vn -1.0000 0.0007 -0.0000
vn -0.9963 -0.0865 -0.0000
vn -0.9959 -0.0905 -0.0000
vn -1.0000 -0.0005 -0.0000
vn -1.0000 -0.0026 -0.0000
vn 0.4395 0.8751 0.2025
vn 0.4374 0.8842 0.1642
vn 0.6977 0.6893 0.1952
vn 0.7031 0.6722 0.2321
vn 0.4417 0.8860 0.1413
vn 0.7030 0.6901 0.1718
vn 0.9042 0.3815 0.1922
vn 0.8987 0.3856 0.2091
vn 0.8983 0.3744 0.2301
vn 0.4490 0.8850 0.1231
vn 0.7133 0.6842 0.1518
vn 0.4546 0.8847 0.1027
vn 0.7211 0.6812 0.1267
vn 0.9173 0.3705 0.1461
vn 0.9117 0.3722 0.1738
vn 0.9760 0.1153 0.1849
vn 0.9718 0.1248 0.2000
vn 0.9806 0.1167 0.1573
vn 0.9850 -0.0380 0.1681
vn 0.9796 -0.0414 0.1964
vn 0.9770 -0.0320 0.2109
vn 0.9685 0.1348 0.2095
vn 0.9667 0.1388 0.2151
vn 0.9758 -0.0172 0.2182
vn 0.9756 -0.0009 0.2195
vn 0.6129 -0.0991 0.7839
vn 0.9493 -0.0905 0.3009
vn 0.8852 -0.4018 0.2346
vn 0.7026 -0.4543 0.5477
vn 0.9505 -0.3042 0.0635
vn -0.8280 -0.5509 0.1047
vn -0.5969 -0.7374 0.3161
vn -0.1851 -0.7931 0.5803
vn 0.9989 -0.0444 0.0138
vn 0.9662 -0.2575 0.0095
vn -0.8937 -0.4481 0.0211
vn -0.9945 -0.1039 0.0160
vn -0.9832 -0.1627 0.0828
vn -0.9997 -0.0154 0.0179
vn -0.9929 -0.0735 0.0932
vn -0.9094 -0.3222 0.2629
vn -0.6092 -0.5581 0.5634
vn -0.9278 -0.2325 0.2917
vn -0.6515 -0.4752 0.5913
vn 0.4596 0.8837 0.0889
vn 0.7281 0.6770 0.1072
vn 0.7362 0.6647 0.1271
vn 0.9265 0.3498 0.1389
vn 0.9218 0.3679 0.1223
vn 0.4767 0.8485 0.2300
vn 0.7528 0.6118 0.2430
vn 0.4800 0.7038 0.5237
vn 0.7370 0.4156 0.5330
vn 0.8508 0.0470 0.5234
vn 0.9287 0.2713 0.2528
vn 0.9625 0.0047 0.2711
vn 0.9837 0.0982 0.1505
vn 0.8148 -0.2201 0.5363
vn 0.7207 -0.3848 0.5767
vn 0.9370 -0.1657 0.3074
vn 0.9841 -0.0577 0.1679
vn 0.9841 0.1187 0.1320
vn 0.9892 -0.0331 0.1426
vn 0.3916 0.3385 0.8556
vn 0.5777 0.0829 0.8121
vn 0.3026 -0.0014 0.9531
vn 0.4182 -0.2090 0.8840
vn 0.3479 -0.4661 0.8135
vn 0.6101 -0.2359 0.7564
vn 0.3748 -0.1441 0.9158
vn 0.4649 -0.3855 0.7970
vn 0.4649 -0.3856 0.7970
vn 0.1260 -0.6558 0.7443
vn 0.1261 -0.6558 0.7443
vn -0.1877 -0.6397 0.7454
vn 0.1719 -0.5824 0.7945
vn -0.1879 -0.6397 0.7453
vn -0.2750 -0.5987 0.7523
vn -0.2748 -0.5987 0.7523
vn 0.0569 -0.6098 0.7905
vn 0.5078 -0.4438 0.7383
vn 0.3803 -0.5455 0.7468
vn 0.0378 0.3226 -0.9458
vn 0.0258 0.3345 -0.9421
vn 0.0995 0.2448 -0.9644
vn 0.0667 0.2228 -0.9726
vn 0.2745 0.5617 -0.7804
vn 0.5121 0.3914 -0.7646
vn 0.6807 0.2010 -0.7044
vn 0.2056 0.1326 -0.9696
vn 0.1122 0.1126 -0.9873
vn 0.5804 0.7885 -0.2037
vn 0.8678 0.4728 -0.1531
vn 0.5893 0.7785 0.2160
vn 0.8595 0.4654 0.2114
vn 0.9653 0.2230 0.1356
vn 0.9637 0.2196 -0.1519
vn 0.9838 0.0923 -0.1538
vn 0.7622 0.0769 -0.6428
vn 0.9919 0.0973 0.0813
vn 0.9949 0.0431 0.0916
vn 0.9926 0.0398 -0.1149
vn 0.8196 0.0132 -0.5728
vn 0.2961 0.0369 -0.9544
vn 0.1583 0.0229 -0.9871
vn 0.3809 -0.0283 -0.9242
vn 0.2238 -0.0393 -0.9739
vn -0.0010 0.9928 -0.1202
vn 0.0030 0.9938 -0.1112
vn 0.0064 0.9545 -0.2981
vn 0.0029 0.9706 -0.2405
vn 0.0483 0.9968 -0.0644
vn 0.0441 0.9417 -0.3334
vn 0.0281 0.7166 -0.6969
vn 0.0129 0.7882 -0.6152
vn 0.0127 0.8624 -0.5061
vn 0.2292 0.9714 0.0624
vn 0.2086 0.9295 -0.3040
vn 0.5891 0.7787 0.2157
vn 0.5800 0.7887 -0.2038
vn 0.2745 0.5617 -0.7805
vn 0.0997 0.6569 -0.7474
vn 0.0067 0.4040 -0.9147
vn 0.0084 0.4646 -0.8855
vn 0.0378 0.3227 -0.9457
vn 0.0241 0.3979 -0.9171
vn 0.0184 0.4602 -0.8876
vn 0.0159 0.5347 -0.8449
vn 0.0229 0.6145 -0.7886
vn 0.0208 0.5083 -0.8609
vn 0.0266 0.5450 -0.8380
vn -0.0008 0.9989 -0.0472
vn 0.0012 0.9967 -0.0808
vn 0.0040 0.9924 -0.1226
vn 0.0030 0.9960 -0.0896
vn 0.0020 0.9946 -0.1034
vn 0.0046 0.9880 -0.1541
vn 0.0116 0.9427 -0.3334
vn 0.0096 0.9565 -0.2916
vn 0.0072 0.9637 -0.2669
vn 0.0016 0.9933 -0.1154
vn 0.0047 0.9817 -0.1904
vn 0.0134 0.9146 -0.4042
vn 0.0258 0.6830 -0.7300
vn 0.0243 0.7265 -0.6867
vn 0.0297 0.5684 -0.8222
vn 0.0287 0.5741 -0.8183
vn 0.0209 0.7388 -0.6736
vn 0.0121 0.7253 -0.6883
vn 0.0248 0.5566 -0.8304
vn 0.0130 0.5117 -0.8591
vn -0.3138 0.9396 0.1364
vn -0.1326 0.9844 0.1159
vn -0.1301 0.9896 0.0605
vn -0.3252 0.9428 0.0734
vn -0.0379 0.9975 0.0601
vn -0.0312 0.9995 0.0091
vn -0.0414 0.9764 -0.2122
vn -0.1606 0.9667 -0.1991
vn -0.3585 0.9021 -0.2403
vn -0.0084 1.0000 0.0018
vn -0.0028 0.9990 -0.0452
vn -0.0029 0.9706 -0.2405
vn -0.0135 0.6901 -0.7236
vn -0.0769 0.6274 -0.7749
vn -0.0184 0.4275 -0.9038
vn -0.0839 0.2981 -0.9508
vn -0.1949 0.5039 -0.8415
vn -0.2533 0.3361 -0.9071
vn -0.1779 0.1280 -0.9757
vn -0.1756 0.0265 -0.9841
vn -0.9869 0.0797 0.1404
vn -0.9634 0.2644 0.0441
vn -0.9608 0.2767 -0.0171
vn -0.9916 0.0970 0.0860
vn -0.8342 0.5498 0.0414
vn -0.8343 0.5505 -0.0298
vn -0.7952 0.4954 -0.3497
vn -0.9237 0.2480 -0.2921
vn -0.9842 0.0807 -0.1575
vn -0.5614 0.8216 0.0987
vn -0.5739 0.8185 0.0255
vn -0.3140 0.9396 0.1364
vn -0.3253 0.9428 0.0734
vn -0.3585 0.9020 -0.2405
vn -0.5728 0.7557 -0.3176
vn -0.2806 0.2565 -0.9249
vn -0.3850 0.1657 -0.9079
vn -0.2532 0.3360 -0.9072
vn -0.1756 0.0266 -0.9841
vn -0.1330 0.0089 -0.9911
vn -0.1553 -0.0068 -0.9878
vn -0.5329 0.0724 -0.8431
vn -0.7054 -0.0113 -0.7087
vn -0.2549 -0.0254 -0.9666
vn -0.4579 -0.0550 -0.8873
vn 0.9983 -0.0587 -0.0000
vn 0.9985 -0.0554 -0.0000
vn 0.9612 -0.2756 0.0131
vn 0.9604 -0.2786 -0.0000
vn 0.9988 -0.0480 -0.0000
vn 0.9618 -0.2686 0.0530
vn 0.9612 -0.2757 0.0131
vn 0.9617 -0.2688 0.0531
vn 0.5701 -0.6143 0.5456
vn 0.7132 -0.6869 0.1395
vn 0.9603 -0.2788 -0.0000
vn 0.7270 -0.6866 -0.0000
vn 0.9990 -0.0444 -0.0000
vn 0.9611 -0.2696 0.0598
vn 0.9611 -0.2696 0.0600
vn 0.4120 -0.6107 0.6762
vn -0.0824 -0.3403 0.9367
vn 0.0549 -0.4537 0.8895
vn -0.1395 -0.2073 0.9683
vn -0.0267 -0.2794 0.9598
vn 0.2058 -0.8897 0.4074
vn 0.2370 -0.9715 -0.0000
vn 0.0103 -0.7922 0.6102
vn 0.0188 -0.9998 -0.0000
vn -0.9980 -0.0636 -0.0000
vn -0.9708 -0.2399 -0.0000
vn -0.9703 -0.2421 0.0001
vn -0.9706 -0.2408 -0.0000
vn 0.9313 -0.3642 -0.0000
vn 0.9307 -0.3657 -0.0000
vn 0.9338 -0.3577 -0.0000
vn -0.9695 -0.2450 -0.0000
vn 0.9363 -0.3511 0.0002
vn 0.9985 -0.0553 -0.0000
vn 0.9984 -0.0561 -0.0000
vn 0.9997 0.0236 -0.0000
vn 0.9997 0.0234 -0.0000
vn 0.9985 -0.0555 -0.0000
vn 0.9985 -0.0540 -0.0000
vn 0.9997 0.0254 -0.0000
vn -0.0271 -0.9996 -0.0000
vn -0.0037 -1.0000 -0.0000
vn 0.0044 -1.0000 -0.0000
vn 0.2850 -0.9585 -0.0000
vn -0.9965 -0.0831 -0.0000
vn -1.0000 0.0011 -0.0000
vn -0.9332 -0.3592 -0.0000
vn -0.9302 -0.3670 -0.0000
vn -0.9965 -0.0839 -0.0000
vn -1.0000 0.0010 -0.0000
vn 0.9609 -0.2770 -0.0001
vn 0.9990 -0.0447 -0.0000
vn 0.9621 -0.2728 -0.0000
vn 0.9623 -0.2721 -0.0000
vn 0.9617 -0.2741 -0.0000
vn -0.9320 -0.3623 -0.0000
vn -0.9965 -0.0833 -0.0000
vn -1.0000 0.0030 -0.0000
vn -0.0022 -0.2320 0.9727
vn 0.2688 -0.1501 0.9514
vn -0.4445 -0.4833 0.7543
vn -0.5552 -0.5363 0.6357
vn -0.0937 -0.3373 0.9367
vn 0.1737 -0.2185 0.9602
vn -0.9468 -0.3214 -0.0154
vn -0.9961 -0.0821 -0.0321
vn -0.9469 -0.3213 -0.0154
vn -0.9961 -0.0880 0.0051
vn -0.9432 -0.3246 0.0713
vn -0.9431 -0.3247 0.0713
vn -0.9347 -0.3251 0.1439
vn -0.6647 -0.6881 0.2911
vn -0.9933 -0.0935 0.0677
vn -0.9347 -0.3249 0.1438
vn -0.9912 -0.0929 0.0944
vn -0.9328 -0.3169 0.1717
vn -0.9327 -0.3171 0.1717
vn -0.6844 -0.7001 0.2034
vn -0.2063 -0.8241 0.5276
vn 0.0810 -0.7052 0.7043
vn -0.2261 -0.9697 0.0924
vn -0.0385 -0.9990 0.0224
vn 0.4434 0.8949 -0.0504
vn 0.7133 0.6979 -0.0637
vn 0.4399 0.8960 -0.0609
vn 0.7104 0.6997 -0.0764
vn 0.9108 0.4035 -0.0868
vn 0.9131 0.4013 -0.0729
vn 0.4437 0.8928 -0.0783
vn 0.7138 0.6936 -0.0968
vn 0.4567 0.8801 -0.1302
vn 0.7237 0.6721 -0.1568
vn 0.9096 0.3840 -0.1585
vn 0.9105 0.3997 -0.1055
vn 0.9808 0.1621 -0.1086
vn 0.9826 0.1614 -0.0918
vn 0.9751 0.1588 -0.1548
vn 0.9835 0.0206 -0.1799
vn 0.9929 0.0162 -0.1182
vn 0.9952 0.0131 -0.0971
vn 0.9839 0.1600 -0.0791
vn 0.9965 0.0133 -0.0828
vn 0.0019 0.9997 -0.0253
vn 0.0126 0.9995 -0.0289
vn 0.0130 0.9995 -0.0302
vn 0.0023 0.9996 -0.0277
vn 0.0611 0.9972 -0.0434
vn 0.0611 0.9974 -0.0378
vn 0.0631 0.9974 -0.0345
vn 0.0144 0.9995 -0.0292
vn 0.0030 0.9996 -0.0269
vn 0.2036 0.9757 -0.0805
vn 0.1993 0.9784 -0.0547
vn 0.4566 0.8801 -0.1302
vn 0.4434 0.8929 -0.0783
vn 0.4398 0.8960 -0.0609
vn 0.1996 0.9788 -0.0450
vn 0.2029 0.9785 -0.0382
vn 0.0657 0.9974 -0.0307
vn 0.4432 0.8950 -0.0504
vn 0.0163 0.9995 -0.0269
vn 0.0039 0.9997 -0.0246
vn -0.0202 0.9990 -0.0401
vn -0.0086 0.9994 -0.0325
vn -0.0092 0.9996 -0.0269
vn -0.0209 0.9994 -0.0275
vn -0.0031 0.9996 -0.0284
vn -0.0033 0.9996 -0.0263
vn -0.0032 0.9997 -0.0246
vn -0.0092 0.9997 -0.0239
vn -0.0204 0.9995 -0.0226
vn -0.0000 0.9997 -0.0259
vn 0.0001 0.9996 -0.0266
vn 0.0003 0.9997 -0.0255
vn 0.0008 0.9997 -0.0232
vn -0.0029 0.9997 -0.0222
vn -0.0087 0.9997 -0.0210
vn -0.0210 0.9996 -0.0192
vn -0.3931 0.9116 -0.1198
vn -0.2316 0.9681 -0.0957
vn -0.2290 0.9722 -0.0488
vn -0.4006 0.9135 -0.0713
vn -0.1085 0.9915 -0.0722
vn -0.1073 0.9936 -0.0357
vn -0.1073 0.9939 -0.0243
vn -0.2343 0.9716 -0.0341
vn -0.4232 0.9043 -0.0561
vn -0.0477 0.9974 -0.0532
vn -0.0478 0.9984 -0.0299
vn -0.0475 0.9986 -0.0221
vn -0.0461 0.9988 -0.0175
vn -0.1069 0.9941 -0.0180
vn -0.2417 0.9700 -0.0263
vn -0.4506 0.8915 -0.0477
vn -0.9535 -0.0189 -0.3007
vn -0.9597 0.1536 -0.2355
vn -0.9763 0.1218 -0.1788
vn -0.9778 -0.0450 -0.2046
vn -0.8709 0.4523 -0.1923
vn -0.8938 0.4222 -0.1511
vn -0.9154 0.3795 -0.1343
vn -0.9835 0.0920 -0.1557
vn -0.9836 -0.0614 -0.1698
vn -0.6211 0.7688 -0.1521
vn -0.6429 0.7582 -0.1087
vn -0.4232 0.9043 -0.0564
vn -0.6788 0.7282 -0.0944
vn -0.7157 0.6933 -0.0839
vn -0.9325 0.3410 -0.1189
vn -0.4507 0.8914 -0.0477
vn -0.9881 0.0711 -0.1364
vn -0.9870 -0.0683 -0.1456
vn 0.9992 -0.0407 -0.0000
vn 0.9648 -0.2629 0.0026
vn 0.9991 -0.0413 -0.0000
vn 0.9641 -0.2655 -0.0011
vn 0.9648 -0.2630 0.0026
vn 0.1066 -0.9682 -0.2263
vn 0.0525 -0.9963 -0.0681
vn 0.9991 -0.0417 -0.0000
vn 0.9636 -0.2670 -0.0113
vn 0.9991 -0.0420 -0.0000
vn 0.9635 -0.2649 -0.0380
vn 0.9636 -0.2671 -0.0115
vn 0.9635 -0.2651 -0.0381
vn 0.2419 -0.6583 -0.7128
vn 0.1829 -0.8780 -0.4424
vn -0.5999 -0.4437 -0.6658
vn -0.7926 -0.5047 -0.3421
vn -0.2681 -0.2380 -0.9335
vn -0.3724 -0.1174 -0.9206
vn -0.7889 -0.2766 -0.5488
vn -0.9066 -0.3115 -0.2847
vn -0.8598 -0.4887 -0.1479
vn -0.9406 -0.3002 -0.1586
vn -0.9980 -0.0631 -0.0000
vn -0.9717 -0.2362 -0.0000
vn -0.9704 -0.2416 -0.0000
vn 0.9323 -0.3618 -0.0000
vn 0.9251 -0.3796 -0.0000
vn -0.9980 -0.0637 -0.0000
vn -0.9693 -0.2459 -0.0000
vn -0.9686 -0.2486 -0.0000
vn 0.9404 -0.3402 -0.0000
vn 0.9374 -0.3483 -0.0000
vn 0.9985 -0.0548 -0.0000
vn 0.9984 -0.0559 -0.0000
vn 0.9985 -0.0543 -0.0000
vn 0.9997 0.0240 -0.0000
vn 0.9997 0.0238 -0.0000
vn 0.9997 0.0233 -0.0000
vn 0.9983 -0.0577 -0.0000
vn 0.9997 0.0226 -0.0000
vn 0.9990 -0.0442 -0.0000
vn -0.9966 -0.0823 -0.0000
vn -0.9966 -0.0827 -0.0000
vn -1.0000 0.0013 -0.0000
vn -0.9360 -0.3519 -0.0000
vn -0.9345 -0.3561 -0.0000
vn -0.9312 -0.3644 0.0001
vn -0.9965 -0.0837 -0.0000
vn -1.0000 0.0008 -0.0000
vn 0.9598 -0.2808 -0.0000
vn 0.9617 -0.2742 -0.0000
vn 0.9634 -0.2680 -0.0000
vn -0.9262 -0.3769 -0.0000
vn -0.9964 -0.0853 -0.0000
vn 0.3323 -0.1701 -0.9277
vn 0.4959 -0.3548 -0.7925
vn 0.7521 -0.4640 -0.4680
vn 0.8722 -0.2606 -0.4139
vn -0.1047 -0.8594 -0.5005
vn -0.0745 -0.9565 -0.2822
vn -0.0256 -0.9893 -0.1437
vn 0.8563 -0.4622 -0.2304
vn 0.9458 -0.2618 -0.1923
vn -0.9559 -0.2938 -0.0007
vn -0.9586 -0.2844 0.0127
vn -0.9559 -0.2937 -0.0007
vn -0.9983 -0.0578 0.0100
vn -0.9985 -0.0549 0.0088
vn -0.9586 -0.2843 0.0128
vn -0.9986 -0.0521 0.0078
vn -0.9612 -0.2753 0.0169
vn -0.9612 -0.2755 0.0169
vn -0.9638 -0.2662 0.0169
vn 0.0030 -0.9988 -0.0485
vn -0.9988 -0.0492 0.0066
vn -0.9638 -0.2662 0.0171
vn 0.8920 -0.4396 -0.1052
vn 0.9634 -0.2478 -0.1020
vn 0.9802 -0.1196 0.1576
vn 0.9746 -0.1261 0.1848
vn 0.9705 -0.1482 0.1899
vn 0.9493 -0.2195 0.2251
vn 0.9663 -0.1832 0.1811
vn 0.9588 -0.1899 0.2112
vn 0.8984 -0.2676 0.3483
vn 0.6249 -0.4754 0.6193
vn 0.5246 -0.5341 0.6630
vn 0.8461 -0.3484 0.4034
vn 0.7734 -0.4276 0.4680
vn 0.9037 -0.3110 0.2942
vn 0.4284 -0.5749 0.6971
vn 0.9410 -0.2556 0.2217
vn 0.9321 -0.2589 0.2534
vn 0.9633 -0.1018 0.2482
vn 0.9625 -0.0770 0.2601
vn 0.9647 -0.1202 0.2345
vn 0.9410 -0.1848 0.2835
vn 0.9345 -0.1618 0.3171
vn 0.9251 -0.1264 0.3580
vn 0.9677 -0.1300 0.2159
vn 0.9482 -0.1951 0.2508
vn 0.9116 -0.2668 0.3127
vn 0.8895 -0.2563 0.3784
vn 0.8593 -0.2242 0.4598
vn 0.8168 -0.1661 0.5525
vn 0.4768 -0.0666 -0.8765
vn 0.3227 -0.0756 -0.9435
vn 0.8811 -0.0154 -0.4727
vn 0.9511 -0.0308 -0.3075
vn 0.6015 -0.0947 -0.7932
vn 0.4569 -0.1036 -0.8834
vn 0.9997 0.0228 -0.0131
vn 0.9842 0.0244 0.1753
vn 0.9504 0.0180 0.3105
vn 0.9885 0.0178 0.1501
vn 0.9430 0.0180 0.3322
vn 0.9984 -0.0415 -0.0379
vn 0.8949 0.0175 0.4458
vn 0.8327 0.0216 0.5533
vn 0.8484 0.0159 0.5292
vn 0.9550 -0.0605 0.2904
vn 0.7490 -0.1353 -0.6487
vn 0.5954 -0.1466 -0.7899
vn 0.8801 -0.2354 -0.4123
vn 0.6900 -0.2554 -0.6773
vn 0.9941 -0.0663 -0.0863
vn 0.9958 -0.0599 -0.0691
vn 0.9920 -0.0682 -0.1061
vn 0.9850 -0.1223 -0.1217
vn 0.9890 -0.1179 -0.0898
vn 0.9915 -0.1100 -0.0699
vn 0.9877 -0.0650 -0.1422
vn 0.9625 -0.0584 -0.2648
vn 0.8808 -0.1117 -0.4601
vn 0.9739 -0.1207 -0.1920
vn 0.9411 -0.1776 -0.2878
vn 0.9729 -0.1764 -0.1492
vn 0.6278 -0.1441 -0.7649
vn 0.9812 -0.1683 -0.0946
vn 0.9851 -0.1581 -0.0682
vn 0.9557 -0.1800 -0.2330
vn 0.7836 -0.3773 -0.4936
vn 0.9909 -0.0863 -0.1034
vn 0.9820 -0.1452 -0.1205
vn 0.9280 -0.2522 -0.2741
vn 0.7014 -0.4522 -0.5509
vn 0.9962 -0.0590 -0.0638
vn 0.9916 -0.1102 -0.0677
vn 0.9838 -0.1632 -0.0748
vn 0.9634 -0.2167 -0.1576
vn 0.8873 -0.3265 -0.3258
vn 0.6094 -0.5135 -0.6041
vn -0.4219 -0.5483 -0.7221
vn -0.7910 -0.3539 -0.4991
vn 0.0007 -0.6128 -0.7903
vn -0.4216 -0.5484 -0.7222
vn -0.0313 -0.6148 -0.7880
vn -0.3751 -0.5578 -0.7404
vn -0.3754 -0.5577 -0.7403
vn -0.7410 -0.3843 -0.5507
vn 0.4197 -0.5549 -0.7183
vn 0.3169 -0.5903 -0.7424
vn 0.2227 -0.6137 -0.7574
vn -0.0444 -0.6203 -0.7831
vn -0.3079 -0.5780 -0.7558
vn -0.6723 -0.4307 -0.6021
vn -0.3078 -0.5780 -0.7558
vn -0.9995 0.0252 -0.0173
vn -0.9993 0.0363 -0.0000
vn -0.9963 -0.0206 -0.0830
vn -0.9942 -0.0292 -0.1033
vn -0.9994 0.0264 -0.0214
vn -0.9992 0.0396 0.0004
vn -0.9629 -0.1360 -0.2332
vn -0.9474 -0.1600 -0.2771
vn -0.9196 -0.2112 -0.3314
vn -0.9865 -0.0763 -0.1447
vn -0.9995 -0.0000 -0.0302
vn -0.9998 0.0194 0.0015
vn -0.9999 0.0157 0.0030
vn -0.9999 0.0166 0.0027
vn -0.9993 0.0384 0.0008
vn -0.9993 0.0386 0.0006
vn -0.9992 0.0390 0.0005
vn -0.9998 0.0175 0.0024
vn -0.9993 0.0366 -0.0000
vn -0.9993 0.0367 -0.0000
vn -0.9992 0.0393 0.0005
vn -0.9998 0.0185 0.0020
vn -0.9999 0.0056 -0.0126
vn -0.9999 0.0034 -0.0097
vn -0.9994 0.0338 -0.0029
vn -0.9994 0.0332 -0.0023
vn -0.9995 0.0327 0.0003
vn -1.0000 0.0017 0.0014
vn -0.9994 0.0352 -0.0000
vn -0.9994 0.0351 -0.0001
vn -0.9994 0.0351 -0.0000
vn -0.9994 0.0352 0.0011
vn -0.9994 0.0324 0.0078
vn -0.9994 0.0357 0.0024
vn -0.9994 0.0327 0.0137
vn -0.9996 0.0001 0.0269
vn -0.9991 0.0003 0.0421
vn -0.9993 0.0362 -0.0001
vn -0.9994 0.0360 -0.0002
vn -0.9994 0.0359 -0.0007
vn -0.9993 0.0370 -0.0028
vn -0.9993 0.0386 -0.0025
vn -0.9992 0.0399 -0.0020
vn -0.9994 0.0355 -0.0001
vn -0.9994 0.0353 -0.0029
vn -0.9999 0.0093 -0.0131
vn -0.9998 0.0141 -0.0127
vn -0.9998 0.0189 -0.0116
vn -0.9997 0.0225 -0.0094
vn -0.9207 -0.2142 0.3262
vn -0.6298 -0.4629 0.6238
vn -0.9934 -0.0416 0.1067
vn -0.9899 -0.0535 0.1313
vn -0.8927 -0.2449 0.3782
vn -0.5727 -0.4844 0.6613
vn -0.9996 0.0225 0.0195
vn -0.9994 0.0242 0.0228
vn -0.9996 -0.0005 0.0286
vn -0.9775 -0.1074 0.1813
vn -0.8477 -0.3000 0.4374
vn -0.5015 -0.5155 0.6948
vn 0.2781 -0.5886 0.7591
vn -0.0016 -0.6148 0.7887
vn -0.0321 -0.6160 0.7871
vn 0.1934 -0.6087 0.7695
vn -0.2812 -0.5862 0.7598
vn -0.2813 -0.5862 0.7598
vn -0.2549 -0.5883 0.7674
vn -0.2547 -0.5883 0.7675
vn -0.2117 -0.5977 0.7732
vn -0.0444 -0.6192 0.7840
vn 0.1255 -0.6202 0.7743
vn 0.2800 -0.5991 0.7501
vn 0.6089 -0.4784 0.6328
vn 0.0267 -0.6322 0.7744
vn 0.2798 -0.5992 0.7501
vn 0.0473 -0.6228 0.7809
vn 0.2544 -0.5934 0.7636
vn 0.2546 -0.5934 0.7636
vn 0.5551 -0.4926 0.6702
vn -0.2292 -0.6188 0.7514
vn -0.5678 -0.5275 0.6320
vn -0.4788 -0.5644 0.6725
vn -0.1626 -0.6224 0.7656
vn -0.1051 -0.6255 0.7731
vn 0.0559 -0.6203 0.7824
vn -0.3906 -0.5926 0.7045
vn 0.2143 -0.5982 0.7722
vn 0.4873 -0.5192 0.7021
vn 0.2142 -0.5982 0.7722
vn 0.9990 0.0401 0.0210
vn 0.9985 0.0549 -0.0000
vn 0.9929 -0.0313 0.1151
vn 0.9890 -0.0454 0.1409
vn 0.9989 0.0386 0.0258
vn 0.9984 0.0560 -0.0000
vn 0.9118 -0.2212 0.3460
vn 0.8827 -0.2501 0.3978
vn 0.8355 -0.3050 0.4570
vn 0.9753 -0.1044 0.1948
vn 0.9993 0.0078 0.0372
vn 0.9995 0.0329 -0.0000
vn 0.9985 0.0556 -0.0000
vn 0.9985 0.0555 -0.0000
vn 0.9985 0.0553 -0.0000
vn 0.9985 0.0552 -0.0000
vn 0.9995 0.0317 -0.0000
vn 0.9995 0.0310 -0.0000
vn 0.9995 0.0306 -0.0000
vn 0.9995 0.0303 -0.0000
vn 0.9984 0.0559 -0.0000
vn 0.9985 0.0546 -0.0000
vn 0.9985 0.0543 -0.0000
vn 0.9995 0.0305 -0.0000
vn 0.9996 0.0298 -0.0000
vn 0.9996 0.0276 -0.0000
vn 0.9997 0.0263 -0.0000
vn 0.9985 0.0554 -0.0000
vn 0.9984 0.0558 -0.0000
vn 0.9995 0.0309 -0.0000
vn 0.9995 0.0311 -0.0000
vn 0.9995 0.0308 -0.0000
vn 0.9995 0.0315 -0.0000
vn 0.9995 0.0320 -0.0000
vn 0.9588 -0.1357 -0.2497
vn 0.7725 -0.3682 -0.5173
vn 0.9959 -0.0079 -0.0897
vn 0.9937 -0.0190 -0.1107
vn 0.9423 -0.1600 -0.2941
vn 0.7235 -0.3933 -0.5673
vn 0.9989 0.0431 -0.0187
vn 0.9989 0.0414 -0.0232
vn 0.9994 0.0109 -0.0335
vn 0.9854 -0.0706 -0.1549
vn 0.9124 -0.2131 -0.3495
vn 0.6556 -0.4364 -0.6163
vn -0.3629 -0.5937 -0.7182
vn -0.7382 -0.4359 -0.5148
vn 0.0251 -0.6307 -0.7756
vn 0.0470 -0.6220 -0.7816
vn -0.2785 -0.6092 -0.7425
vn -0.6601 -0.4908 -0.5686
vn 0.4093 -0.5621 -0.7187
vn 0.4096 -0.5621 -0.7186
vn 0.3668 -0.5635 -0.7402
vn 0.3666 -0.5635 -0.7403
vn 0.3047 -0.5788 -0.7564
vn 0.0559 -0.6217 -0.7813
vn -0.1967 -0.6220 -0.7579
vn -0.5709 -0.5398 -0.6187
vn -0.9874 -0.1203 -0.1029
vn -0.9843 -0.1272 -0.1224
vn -0.9811 -0.1424 -0.1313
vn -0.9699 -0.1919 -0.1497
vn -0.9810 -0.1622 -0.1066
vn -0.9781 -0.1685 -0.1223
vn -0.9372 -0.2365 -0.2562
vn -0.9069 -0.2972 -0.2987
vn -0.8614 -0.3655 -0.3527
vn -0.9473 -0.2592 -0.1881
vn -0.9714 -0.2099 -0.1110
vn -0.9706 -0.2109 -0.1164
vn -0.6234 -0.1246 -0.7719
vn -0.8900 -0.2169 -0.4011
vn -0.8214 -0.1288 -0.5555
vn -0.9393 -0.1742 -0.2957
vn -0.9618 -0.1841 -0.2026
vn -0.9442 -0.2326 -0.2331
vn -0.9117 -0.0980 -0.3990
vn -0.9629 -0.1259 -0.2387
vn -0.9735 -0.1361 -0.1838
vn -0.9790 -0.1360 -0.1518
vn -0.9713 -0.1801 -0.1557
vn -0.9614 -0.2254 -0.1579
vn -0.4920 -0.0065 0.8706
vn -0.6642 -0.0224 0.7472
vn -0.6860 -0.0054 0.7276
vn -0.4533 0.0037 0.8914
vn -0.8333 -0.0252 0.5522
vn -0.8653 -0.0089 0.5011
vn -0.9639 -0.0376 0.2637
vn -0.8309 -0.0497 0.5542
vn -0.6352 -0.0671 0.7694
vn -0.9479 -0.0029 0.3185
vn -0.9648 0.0142 0.2625
vn -0.9996 -0.0032 0.0278
vn -0.8616 -0.0661 -0.5032
vn -0.9622 -0.1009 -0.2530
vn -0.7059 -0.0858 -0.7031
vn -0.8871 -0.1145 -0.4471
vn -0.9894 -0.1440 -0.0207
vn -0.9530 -0.2352 0.1909
vn -0.9598 -0.1576 -0.2325
vn -0.9626 -0.2522 -0.0993
vn -0.9544 -0.1976 0.2236
vn -0.9632 -0.1852 0.1949
vn -0.9498 -0.1983 0.2418
vn -0.9362 -0.2450 0.2519
vn -0.9459 -0.2379 0.2206
vn -0.9565 -0.2221 0.1891
vn -0.9474 -0.1888 0.2583
vn -0.9456 -0.1668 0.2792
vn -0.8988 -0.2207 0.3787
vn -0.9238 -0.2415 0.2973
vn -0.8806 -0.2940 0.3717
vn -0.9180 -0.2918 0.2685
vn -0.7799 -0.2608 0.5690
vn -0.9372 -0.2773 0.2117
vn -0.9506 -0.2575 0.1734
vn -0.8703 -0.3258 0.3693
vn -0.9584 -0.1999 0.2039
vn -0.9414 -0.2506 0.2257
vn -0.8208 -0.3880 0.4192
vn -0.9705 -0.1723 0.1689
vn -0.9626 -0.2113 0.1696
vn -0.9521 -0.2549 0.1687
vn -0.9076 -0.3210 0.2705
vn -0.7543 -0.4527 0.4755
vn 0.7226 0.6321 0.2798
vn 0.4528 0.8542 0.2557
vn 0.9046 0.3442 0.2513
vn 0.9183 0.2997 0.2585
vn 0.7571 0.5720 0.3157
vn 0.4813 0.8225 0.3029
vn 0.9672 0.1345 0.2153
vn 0.9766 0.0149 0.2146
vn 0.9791 0.0280 0.2012
vn 0.9712 0.1224 0.2042
vn 0.9794 0.1080 0.1707
vn 0.9382 0.2533 0.2359
vn 0.9848 0.0377 0.1696
vn 0.8029 0.5049 0.3170
vn 0.5280 0.7867 0.3200
vn 0.7638 0.1169 -0.6348
vn 0.4815 -0.0137 -0.8763
vn 0.7479 0.2888 -0.5977
vn -0.9296 -0.2766 -0.2438
vn -0.9807 -0.1307 -0.1457
vn -0.9852 -0.0511 -0.1638
vn 0.6386 0.5083 -0.5777
vn 0.4656 0.7444 -0.4786
vn -0.5178 -0.7262 -0.4523
vn -0.7764 -0.4988 -0.3853
vn -0.8608 -0.4605 -0.2167
vn -0.9626 -0.2419 -0.1223
vn -0.6329 -0.7281 -0.2633
vn -0.7032 -0.6643 -0.2534
vn -0.8994 -0.3896 -0.1983
vn -0.9737 -0.2009 -0.1079
vn -0.9912 -0.1188 -0.0587
vn -0.9957 -0.0595 -0.0714
vn -0.9931 -0.1064 -0.0488
vn -0.9961 -0.0675 -0.0576
vn 0.0177 0.9971 0.0735
vn 0.0042 0.9989 0.0476
vn 0.0683 0.9908 0.1165
vn 0.0589 0.9929 0.1030
vn 0.0108 0.9991 0.0411
vn 0.0014 1.0000 0.0065
vn 0.2068 0.9608 0.1846
vn 0.4525 0.8543 0.2557
vn 0.4812 0.8226 0.3029
vn 0.2067 0.9570 0.2034
vn 0.2146 0.9583 0.1887
vn 0.0513 0.9971 0.0570
vn 0.5278 0.7868 0.3200
vn 0.0052 0.9999 -0.0158
vn -0.0008 0.9987 -0.0510
vn 0.2535 0.9308 -0.2635
vn 0.4656 0.7446 -0.4784
vn 0.0810 0.9939 -0.0753
vn 0.2533 0.9308 -0.2634
vn 0.0810 0.9939 -0.0752
vn -0.0553 -0.9964 -0.0639
vn -0.2193 -0.9317 -0.2894
vn 0.4654 0.7443 -0.4789
vn -0.5178 -0.7262 -0.4522
vn 0.0172 0.9997 -0.0173
vn 0.0020 0.9999 -0.0166
vn -0.0032 -0.9990 0.0450
vn -0.0100 -0.9994 0.0326
vn -0.0172 -0.9994 0.0291
vn -0.0790 -0.9967 -0.0182
vn -0.0041 -0.9994 0.0334
vn -0.0048 -0.9997 0.0253
vn -0.0202 -0.9995 0.0223
vn -0.0898 -0.9958 -0.0206
vn -0.2876 -0.9457 -0.1512
vn -0.6326 -0.7283 -0.2634
vn -0.3318 -0.9314 -0.1495
vn -0.7031 -0.6644 -0.2535
vn -0.0072 0.9994 0.0353
vn -0.0163 0.9988 0.0468
vn -0.0024 0.9995 0.0317
vn -0.0014 0.9999 -0.0131
vn -0.0048 1.0000 -0.0049
vn -0.0116 0.9998 0.0139
vn 0.0012 0.9993 0.0363
vn 0.0004 1.0000 -0.0091
vn 0.0006 0.9980 -0.0639
vn 0.0002 0.9980 -0.0631
vn -0.0018 0.9988 -0.0486
vn -0.0057 0.9998 -0.0205
vn 0.0004 0.9997 -0.0256
vn -0.0022 0.9991 -0.0433
vn 0.0004 0.9997 -0.0257
vn 0.0016 -0.9999 0.0124
vn -0.0010 -0.9995 0.0308
vn -0.0084 0.9971 -0.0760
vn -0.0251 0.9863 -0.1629
vn -0.0084 0.9971 -0.0762
vn -0.0251 0.9863 -0.1628
vn 0.0114 -0.9982 -0.0586
vn 0.0054 -0.9998 -0.0181
vn 0.0040 -1.0000 -0.0001
vn 0.0006 -0.9999 0.0172
vn 0.0100 -0.9997 -0.0240
vn 0.0069 -0.9997 -0.0221
vn 0.0026 -1.0000 -0.0004
vn 0.0001 -0.9999 0.0123
vn -0.0017 -0.9997 0.0263
vn -0.0020 -0.9998 0.0198
vn -0.1801 0.9753 0.1276
vn -0.3261 0.9331 0.1516
vn -0.0825 0.9919 0.0969
vn -0.0673 0.9938 0.0887
vn -0.1629 0.9781 0.1293
vn -0.3162 0.9364 0.1520
vn -0.0367 0.9970 0.0684
vn -0.0270 0.9985 0.0472
vn -0.0170 0.9996 0.0234
vn -0.0514 0.9957 0.0767
vn -0.1462 0.9810 0.1273
vn -0.3129 0.9380 0.1491
vn -0.0690 0.9467 -0.3147
vn -0.1540 0.8796 -0.4501
vn -0.0688 0.9467 -0.3145
vn -0.1540 0.8796 -0.4500
vn 0.0615 -0.9789 -0.1947
vn 0.0252 -0.9926 -0.1192
vn -0.2844 0.8233 -0.4912
vn -0.4018 0.7884 -0.4658
vn -0.2845 0.8232 -0.4913
vn -0.4016 0.7883 -0.4662
vn 0.3236 -0.9012 -0.2883
vn 0.1596 -0.9502 -0.2678
vn 0.1781 -0.9735 -0.1435
vn 0.0642 -0.9923 -0.1055
vn 0.3634 -0.9213 -0.1383
vn 0.3756 -0.9194 -0.1165
vn 0.1742 -0.9768 -0.1245
vn 0.0575 -0.9941 -0.0920
vn 0.0235 -0.9979 -0.0606
vn 0.0190 -0.9984 -0.0535
vn -0.9725 0.1608 0.1684
vn -0.9770 -0.0356 0.2104
vn -0.8548 0.4924 0.1641
vn -0.8445 0.5219 0.1205
vn -0.9711 0.2041 0.1235
vn -0.9820 0.0077 0.1886
vn -0.5611 0.8112 0.1646
vn -0.3163 0.9364 0.1520
vn -0.5534 0.8201 0.1454
vn -0.5559 0.8221 0.1232
vn -0.8388 0.5391 0.0762
vn -0.9679 0.2387 0.0781
vn -0.9853 0.0479 0.1639
vn -0.5696 0.6752 -0.4687
vn -0.7534 0.4094 -0.5145
vn 0.8383 -0.5283 -0.1349
vn 0.5703 -0.7924 -0.2164
vn 0.3237 -0.9012 -0.2883
vn -0.7367 0.1425 -0.6610
vn -0.5351 0.0186 -0.8446
vn 0.9342 -0.0466 -0.3537
vn 0.9542 -0.2437 -0.1735
vn 0.9609 -0.2743 -0.0372
vn 0.8377 -0.5457 -0.0213
vn 0.9842 -0.0841 -0.1557
vn 0.9862 -0.1146 -0.1192
vn 0.9542 -0.2987 -0.0182
vn 0.8308 -0.5565 -0.0083
vn 0.5901 -0.8032 -0.0814
vn 0.3635 -0.9213 -0.1383
vn 0.5949 -0.8013 -0.0634
vn 0.3758 -0.9193 -0.1164
vn 0.9622 -0.0466 0.2683
vn 0.9166 -0.0809 0.3915
vn 0.9201 -0.0368 0.3900
vn 0.9644 -0.0162 0.2641
vn 0.8051 -0.0981 0.5849
vn 0.6436 -0.0979 0.7591
vn 0.7091 -0.0315 0.7044
vn 0.8313 -0.0410 0.5543
vn 0.8683 -0.0064 0.4960
vn 0.9319 -0.0033 0.3626
vn 0.7797 0.0022 0.6261
vn 0.9705 0.0087 0.2408
vn 0.4763 -0.0858 0.8751
vn 0.4070 -0.1569 0.8998
vn 0.6094 -0.1159 0.7843
vn 0.6123 -0.0319 0.7900
vn 0.3615 -0.6409 0.6772
vn 0.1243 -0.9889 -0.0816
vn 0.4673 -0.8223 -0.3249
vn 0.7013 -0.5763 0.4195
vn 0.9082 -0.4178 -0.0255
vn 0.8011 -0.0879 0.5921
vn 0.6821 -0.4977 -0.5357
vn 0.7291 -0.0007 0.6844
vn -0.3338 -0.0149 -0.9425
vn -0.3407 -0.0136 -0.9401
vn -0.2907 -0.0256 -0.9565
vn -0.8727 0.0064 -0.4882
vn -0.7552 0.0130 -0.6554
vn -0.6519 0.0089 -0.7582
vn -0.0654 -0.0451 -0.9968
vn -0.9546 -0.0130 -0.2976
vn -0.9855 -0.0326 -0.1665
vn -0.9489 -0.0159 -0.3152
vn -0.9887 -0.0518 -0.1410
vn -0.9602 -0.0403 -0.2763
vn -0.8836 -0.0057 -0.4683
vn -0.7939 -0.0081 -0.6080
vn -0.9108 -0.0323 -0.4115
vn -0.8531 -0.0305 -0.5208
vn -0.6716 -0.1843 0.7176
vn -0.4194 -0.1627 0.8931
vn -0.8624 -0.1742 0.4753
vn -0.8418 -0.1165 0.5271
vn -0.6457 -0.1121 0.7553
vn -0.3942 -0.0776 0.9157
vn -0.9438 -0.1292 0.3043
vn -0.9434 -0.0829 0.3211
vn -0.9442 -0.0380 0.3272
vn -0.8344 -0.0649 0.5473
vn -0.6644 -0.0639 0.7447
vn -0.4462 -0.0348 0.8943
vn -0.3451 -0.0050 -0.9386
vn -0.2023 0.0035 -0.9793
vn 0.5567 0.0798 -0.8269
vn 0.7922 0.0502 -0.6082
vn -0.1109 0.0128 -0.9938
vn -0.0497 0.0171 -0.9986
vn 0.2015 0.0610 -0.9776
vn 0.3381 0.0761 -0.9380
vn 0.6073 0.0753 -0.7909
vn 0.7972 0.0603 -0.6007
vn 0.4057 0.0622 -0.9119
vn 0.5282 0.0456 -0.8479
vn 0.6899 0.0461 -0.7224
vn 0.8479 0.0275 -0.5294
vn 0.9334 0.0153 -0.3586
vn 0.9541 -0.0174 -0.2988
vn -0.1350 -0.6911 0.7100
vn -0.1999 -0.9798 0.0025
vn -0.0757 -0.1881 0.9792
vn -0.2016 -0.1359 0.9700
vn -0.4780 -0.5813 0.6585
vn -0.6308 -0.7759 0.0021
vn -0.1692 -0.1228 0.9779
vn -0.2111 -0.0552 0.9759
vn -0.3028 -0.0155 0.9529
vn -0.3993 -0.0992 0.9114
vn -0.8040 -0.4021 0.4381
vn -0.8879 -0.4594 -0.0245
vn -0.1880 0.1257 -0.9741
vn -0.1884 0.0199 -0.9819
vn -0.0895 0.2988 -0.9501
vn -0.0978 0.2972 -0.9498
vn -0.2020 0.1194 -0.9721
vn -0.2029 0.0110 -0.9791
vn -0.0216 0.4282 -0.9034
vn 0.0112 0.5119 -0.8589
vn 0.0093 0.5120 -0.8589
vn -0.0259 0.4281 -0.9033
vn -0.0302 0.4280 -0.9033
vn -0.1059 0.2957 -0.9494
vn 0.0074 0.5120 -0.8590
vn 0.0057 0.5123 -0.8588
vn -0.0331 0.4290 -0.9027
vn -0.1108 0.2969 -0.9485
vn -0.2162 0.1131 -0.9698
vn -0.2181 0.0016 -0.9759
vn -0.2265 0.1107 -0.9677
vn -0.2333 -0.0067 -0.9724
vn -0.2479 -0.0196 -0.9686
vn -0.4512 -0.0466 -0.8912
vn -0.1520 -0.0046 -0.9884
vn -0.1488 -0.0022 -0.9889
vn -0.2394 -0.0127 -0.9708
vn -0.4416 -0.0361 -0.8965
vn -0.1366 0.0070 -0.9906
vn -0.1883 0.0199 -0.9819
vn -0.1412 0.0040 -0.9900
vn -0.1461 0.0008 -0.9893
vn -0.1457 -0.0000 -0.9893
vn -0.2181 0.0017 -0.9759
vn -0.2332 -0.0066 -0.9724
vn -0.1512 -0.0023 -0.9885
vn -0.1431 0.0018 -0.9897
vn -0.2308 -0.0057 -0.9730
vn -0.4317 -0.0254 -0.9017
vn -0.2234 0.0002 -0.9747
vn -0.4240 -0.0164 -0.9055
vn -0.9600 -0.1503 -0.2361
vn -0.9639 -0.2464 -0.1012
vn -0.8855 -0.1058 -0.4525
vn -0.8834 -0.0951 -0.4589
vn -0.9604 -0.1417 -0.2400
vn -0.9653 -0.2399 -0.1030
vn -0.7017 -0.0762 -0.7084
vn -0.6953 -0.0643 -0.7158
vn -0.6888 -0.0523 -0.7231
vn -0.8812 -0.0841 -0.4652
vn -0.6845 -0.0421 -0.7278
vn -0.8797 -0.0749 -0.4696
vn -0.9607 -0.1328 -0.2438
vn -0.9667 -0.2334 -0.1046
vn -0.9610 -0.1253 -0.2466
vn -0.9679 -0.2276 -0.1063
vn -0.1957 -0.9807 0.0025
vn -0.1953 -0.9807 0.0025
vn -0.1969 -0.9804 0.0025
vn -0.6303 -0.7764 0.0021
vn -0.6298 -0.7767 0.0021
vn -0.6304 -0.7763 0.0021
vn -0.1984 -0.9801 0.0025
vn -0.8897 -0.4559 -0.0251
vn -0.8913 -0.4528 -0.0255
vn -0.8928 -0.4497 -0.0259
vn -0.8945 -0.4462 -0.0265
vn 0.9604 -0.2788 -0.0000
vn 0.7271 -0.6865 -0.0000
vn 0.7272 -0.6864 -0.0000
vn 0.7270 -0.6867 -0.0000
vn 0.2372 -0.9715 -0.0000
vn 0.2374 -0.9714 -0.0000
vn 0.2369 -0.9715 -0.0000
vn 0.9984 0.0561 -0.0000
vn -0.9703 -0.2421 -0.0000
vn 0.9338 -0.3578 -0.0000
vn -1.0000 0.0016 -0.0000
vn -0.9321 -0.3623 -0.0000
vn -1.0000 0.0029 -0.0000
vn -0.9991 0.0027 0.0420
vn -0.9919 -0.0861 0.0938
vn -0.9993 0.0335 0.0137
vn -0.9993 0.0346 0.0137
vn -0.9991 0.0053 0.0420
vn -0.9925 -0.0790 0.0934
vn -0.9994 0.0359 0.0023
vn -0.9993 0.0362 0.0024
vn -0.9993 0.0365 0.0024
vn -0.9993 0.0356 0.0136
vn -0.9993 0.0367 0.0024
vn -0.9992 0.0364 0.0136
vn -0.9991 0.0080 0.0419
vn -0.9930 -0.0719 0.0932
vn -0.9991 0.0103 0.0417
vn -0.9936 -0.0654 0.0924
vn -0.2402 -0.9658 0.0980
vn -0.0395 -0.9990 0.0230
vn -0.7047 -0.6784 0.2076
vn -0.7237 -0.6567 0.2122
vn -0.2529 -0.9620 0.1029
vn -0.0405 -0.9989 0.0236
vn -0.9384 -0.3004 0.1711
vn -0.9384 -0.3002 0.1710
vn -0.9437 -0.2832 0.1710
vn -0.9436 -0.2834 0.1710
vn -0.9486 -0.2665 0.1707
vn -0.7427 -0.6336 0.2165
vn -0.9486 -0.2664 0.1707
vn -0.9534 -0.2495 0.1696
vn -0.9534 -0.2497 0.1696
vn -0.7633 -0.6072 0.2204
vn -0.2667 -0.9577 0.1084
vn -0.0410 -0.9989 0.0237
vn -0.2844 -0.9517 0.1153
vn -0.0417 -0.9988 0.0238
vn 0.6790 -0.4919 -0.5450
vn 0.6910 -0.2466 -0.6795
vn 0.4650 -0.8203 -0.3330
vn 0.4657 -0.8180 -0.3378
vn 0.6795 -0.4848 -0.5506
vn 0.6924 -0.2364 -0.6817
vn 0.1225 -0.9890 -0.0831
vn 0.1223 -0.9890 -0.0838
vn 0.1229 -0.9888 -0.0849
vn 0.4683 -0.8147 -0.3420
vn 0.1237 -0.9886 -0.0856
vn 0.4726 -0.8103 -0.3464
vn 0.6814 -0.4770 -0.5551
vn 0.6938 -0.2258 -0.6839
vn 0.6842 -0.4679 -0.5594
vn 0.6944 -0.2156 -0.6865
vn 0.2470 -0.0237 -0.9687
vn 0.2461 -0.0268 -0.9689
vn 0.3359 -0.0511 -0.9405
vn 0.3354 -0.0443 -0.9411
vn 0.2425 -0.0308 -0.9697
vn 0.3341 -0.0595 -0.9406
vn 0.4701 -0.0833 -0.8787
vn 0.4720 -0.0728 -0.8786
vn 0.4717 -0.0642 -0.8794
vn 0.2359 -0.0351 -0.9711
vn 0.3305 -0.0680 -0.9413
vn 0.4659 -0.0940 -0.8798
vn 0.6021 -0.1367 -0.7867
vn 0.6055 -0.1254 -0.7859
vn 0.6073 -0.1143 -0.7862
vn 0.6070 -0.1049 -0.7877
vn 0.2779 0.4349 -0.8565
vn 0.2549 0.4340 -0.8641
vn 0.2776 0.2383 -0.9306
vn 0.2989 0.2276 -0.9267
vn 0.2087 0.4214 -0.8825
vn 0.2358 0.2462 -0.9401
vn 0.2231 0.1076 -0.9688
vn 0.2482 0.0984 -0.9637
vn 0.2604 0.0895 -0.9613
vn 0.1391 0.3897 -0.9104
vn 0.1700 0.2446 -0.9546
vn 0.1818 0.1138 -0.9767
vn 0.1914 0.0229 -0.9812
vn 0.2104 0.0209 -0.9774
vn 0.2216 0.0180 -0.9750
vn 0.2267 0.0152 -0.9738
vn 0.0236 0.5920 -0.8056
vn 0.0266 0.5933 -0.8045
vn 0.0338 0.5759 -0.8168
vn 0.0417 0.6406 -0.7667
vn 0.0239 0.6353 -0.7719
vn 0.0258 0.6165 -0.7869
vn 0.0777 0.5135 -0.8546
vn 0.1389 0.3897 -0.9104
vn 0.2085 0.4215 -0.8825
vn 0.1131 0.5820 -0.8053
vn 0.1341 0.6232 -0.7705
vn 0.0444 0.6781 -0.7336
vn 0.2548 0.4340 -0.8641
vn 0.2779 0.4350 -0.8565
vn 0.1409 0.6430 -0.7528
vn 0.0430 0.6940 -0.7187
vn 0.0230 0.6590 -0.7518
vn 0.0250 0.6289 -0.7771
vn 0.0213 0.6680 -0.7439
vn 0.0244 0.6334 -0.7734
vn 0.0241 0.5579 -0.8295
vn 0.0283 0.5818 -0.8128
vn 0.0279 0.5851 -0.8105
vn 0.0232 0.5587 -0.8291
vn 0.0293 0.5911 -0.8061
vn 0.0288 0.6021 -0.7979
vn 0.0282 0.6070 -0.7942
vn 0.0273 0.5869 -0.8092
vn 0.0277 0.6087 -0.7929
vn 0.0269 0.5878 -0.8086
vn 0.0223 0.5589 -0.8289
vn 0.0215 0.5591 -0.8288
vn -0.1572 -0.2136 -0.9642
vn -0.1073 -0.3101 -0.9446
vn -0.0905 -0.0941 -0.9914
vn 0.0132 -0.9311 -0.3645
vn 0.0821 -0.9100 -0.4065
vn 0.2797 -0.8606 -0.4256
vn -0.0324 0.0019 -0.9995
vn 0.0062 0.0854 -0.9963
vn 0.0060 -0.9558 -0.2941
vn 0.0027 -0.9458 -0.3249
vn 0.0136 -0.9960 -0.0886
vn 0.0464 -0.9906 -0.1286
vn 0.0054 -0.9984 -0.0569
vn 0.1584 -0.9734 -0.1653
vn 0.3718 -0.9138 -0.1636
vn 0.0831 -0.1008 -0.9914
vn -0.0811 -0.0693 -0.9943
vn 0.1050 -0.1607 -0.9814
vn 0.7414 -0.5486 -0.3864
vn 0.8694 -0.3244 -0.3727
vn 0.8828 -0.1585 -0.4423
vn 0.0314 -0.2374 -0.9709
vn -0.1072 -0.3101 -0.9446
vn 0.5044 -0.7531 -0.4224
vn 0.5917 -0.7976 -0.1173
vn 0.8230 -0.5644 -0.0641
vn 0.3720 -0.9137 -0.1636
vn 0.9456 -0.3180 -0.0688
vn 0.9766 -0.1391 -0.1641
vn -0.8670 -0.1317 -0.4806
vn -0.8762 -0.2372 -0.4195
vn -0.7051 -0.0814 -0.7044
vn 0.5344 -0.0413 -0.8442
vn 0.1334 -0.0489 -0.9899
vn -0.0256 -0.0680 -0.9974
vn -0.3744 -0.0634 -0.9251
vn 0.7950 -0.0719 -0.6023
vn 0.9398 -0.0442 -0.3389
vn 0.8151 -0.0023 -0.5794
vn 0.5987 0.0104 -0.8009
vn 0.3660 0.0102 -0.9306
vn -0.0426 -0.0291 -0.9987
vn 0.0177 0.0152 -0.9997
vn 0.0043 -0.1183 -0.9930
vn 0.0201 -0.0732 -0.9971
vn 0.0271 -0.0628 -0.9977
vn 0.1303 0.0363 -0.9908
vn 0.0164 -0.7454 -0.6664
vn -0.0976 -0.6591 -0.7457
vn -0.4025 -0.5890 -0.7007
vn -0.7339 -0.4222 -0.5321
vn 0.0072 -0.0681 -0.9976
vn 0.2519 0.0280 -0.9674
vn 0.9631 -0.2576 -0.0778
vn 0.9989 -0.0473 -0.0000
vn 0.9629 -0.2625 -0.0632
vn 0.9631 -0.2577 -0.0776
vn 0.9628 -0.2626 -0.0632
vn 0.5210 -0.5225 -0.6749
vn 0.3051 -0.4284 -0.8506
vn 0.9613 -0.2750 -0.0134
vn 0.9613 -0.2751 -0.0134
vn 0.7165 -0.6815 -0.1488
vn 0.2080 -0.8698 -0.4473
vn 0.0395 -0.2667 -0.9630
vn -0.0532 -0.1184 -0.9915
vn 0.9997 0.0235 -0.0000
vn 0.9997 0.0243 -0.0000
vn 0.9985 0.0547 -0.0000
vn 0.9995 0.0300 -0.0000
vn -0.9698 -0.2439 -0.0000
vn -0.9707 -0.2403 -0.0000
vn 0.9350 -0.3547 -0.0002
vn -0.9708 -0.2400 -0.0000
vn 0.9308 -0.3654 -0.0000
vn 0.9985 -0.0556 -0.0000
vn 0.0913 -0.9958 -0.0000
vn -0.9300 -0.3674 -0.0000
vn -0.9299 -0.3679 -0.0000
vn 0.9622 -0.2724 -0.0000
vn 0.9612 -0.2759 -0.0000
vn -0.9324 -0.3614 -0.0000
vn -0.9965 -0.0835 -0.0000
vn -1.0000 0.0009 -0.0000
vn -0.9994 0.0124 0.0314
vn -0.9952 -0.0622 0.0757
vn -0.9993 0.0374 0.0091
vn -0.9993 0.0380 0.0032
vn -0.9998 0.0144 0.0128
vn -0.9975 -0.0600 0.0369
vn -0.9993 0.0366 0.0013
vn -0.9993 0.0364 0.0004
vn -0.9993 0.0365 -0.0000
vn -0.9993 0.0383 0.0011
vn -0.9999 0.0153 0.0048
vn -0.9982 -0.0587 0.0153
vn -0.2099 -0.8658 -0.4543
vn -0.1418 -0.7463 -0.6504
vn -0.7538 -0.6571 0.0091
vn -0.4235 -0.6372 -0.6439
vn 0.0635 -0.3202 -0.9452
vn -0.1386 -0.1562 -0.9780
vn -0.9588 -0.2510 0.1334
vn -0.9588 -0.2508 0.1335
vn -0.9621 -0.2715 0.0274
vn -0.9620 -0.2716 0.0274
vn -0.9572 -0.2888 -0.0186
vn -0.1745 -0.6619 -0.7290
vn -0.9572 -0.2887 -0.0186
vn 0.2056 -0.2200 -0.9536
vn -0.0646 -0.0861 -0.9942
vn 0.2193 -0.4188 -0.8812
vn 0.3821 -0.2279 -0.8956
vn -0.0528 -0.5763 -0.8155
vn -0.5141 -0.0968 -0.8523
vn -0.5595 -0.1096 -0.8216
vn -0.5426 -0.1105 -0.8327
vn -0.2065 -0.6581 -0.7241
vn -0.3834 -0.1026 -0.9179
vn -0.3810 -0.0199 -0.9243
vn -0.5904 -0.0093 -0.8070
vn -0.7124 -0.0299 -0.7011
vn -0.7796 -0.0547 -0.6239
vn -0.9911 -0.0751 -0.1096
vn -0.9787 -0.0692 -0.1935
vn -0.9039 -0.0839 -0.4195
vn -0.8586 -0.0884 -0.5049
vn -0.7548 -0.0908 -0.6497
vn -0.9389 -0.0634 -0.3383
vn -0.0845 -0.0475 -0.9953
vn 0.0198 -0.0643 -0.9977
vn 0.1886 -0.0806 -0.9787
vn 0.3491 -0.1198 -0.9294
vn -0.6069 -0.0975 -0.7888
vn -0.8654 -0.0602 -0.4974
vn -0.7462 -0.5791 -0.3283
vn -0.9113 -0.3185 -0.2608
vn -0.6796 -0.3802 -0.6274
vn -0.8023 -0.2042 -0.5610
vn -0.8739 -0.1188 -0.4714
vn -0.9725 -0.1650 -0.1646
vn 0.0369 0.2773 -0.9601
vn 0.0143 0.1326 -0.9911
vn -0.0518 0.0359 -0.9980
vn -0.1014 -0.0168 -0.9947
vn -0.9073 -0.0863 -0.4115
vn -0.9900 -0.0965 -0.1024
vn 0.0113 0.4399 -0.8980
vn 0.0250 0.3703 -0.9286
vn -0.0003 0.4957 -0.8685
vn -0.1135 -0.9145 -0.3883
vn -0.0204 -0.9454 -0.3253
vn 0.0036 -0.9504 -0.3109
vn 0.0127 0.4685 -0.8834
vn -0.6796 -0.3802 -0.6273
vn -0.3970 -0.7186 -0.5710
vn -0.3702 -0.9028 -0.2189
vn -0.0984 -0.9930 -0.0659
vn -0.7462 -0.5792 -0.3283
vn -0.0214 -0.9996 -0.0178
vn -0.0042 -0.9999 -0.0137
vn 0.0253 0.1469 -0.9888
vn 0.0318 0.2166 -0.9757
vn 0.0084 -0.9632 -0.2686
vn 0.0083 -0.9626 -0.2706
vn 0.0320 0.2875 -0.9572
vn 0.0074 -0.9590 -0.2834
vn -0.0012 -0.9999 -0.0170
vn 0.0008 -0.9997 -0.0234
vn 0.0028 -0.9994 -0.0355
vt 0.239903 0.704646
vt 0.241582 0.703854
vt 0.241333 0.702335
vt 0.238975 0.703432
vt 0.246570 0.703230
vt 0.246448 0.701394
vt 0.245494 0.694652
vt 0.239441 0.695797
vt 0.236306 0.696592
vt 0.257842 0.702781
vt 0.257795 0.700676
vt 0.278539 0.702528
vt 0.278533 0.700284
vt 0.278453 0.692600
vt 0.257442 0.693401
vt 0.255902 0.673662
vt 0.242817 0.674937
vt 0.277895 0.672450
vt 0.276469 0.632315
vt 0.253238 0.633259
vt 0.239325 0.634043
vt 0.235967 0.675784
vt 0.232389 0.676278
vt 0.232077 0.634506
vt 0.228315 0.634760
vt 0.239158 0.157652
vt 0.244642 0.158187
vt 0.243878 0.155109
vt 0.238107 0.154163
vt 0.252617 0.158673
vt 0.252305 0.155577
vt 0.252146 0.150937
vt 0.243308 0.150345
vt 0.237446 0.149091
vt 0.266518 0.159849
vt 0.266498 0.156582
vt 0.289455 0.161823
vt 0.289578 0.158427
vt 0.289864 0.153494
vt 0.266662 0.151806
vt 0.266929 0.144941
vt 0.252057 0.144138
vt 0.290288 0.146461
vt 0.290815 0.136853
vt 0.267231 0.135478
vt 0.251984 0.134704
vt 0.242909 0.143430
vt 0.237010 0.142127
vt 0.242554 0.133975
vt 0.236506 0.132822
vt 0.723616 0.381559
vt 0.728287 0.381689
vt 0.729908 0.338102
vt 0.725241 0.337817
vt 0.735889 0.381902
vt 0.737459 0.338512
vt 0.738786 0.316348
vt 0.731616 0.315685
vt 0.727171 0.315040
vt 0.750357 0.382304
vt 0.751758 0.339155
vt 0.774679 0.382938
vt 0.775814 0.339937
vt 0.776361 0.317612
vt 0.752600 0.317021
vt 0.752792 0.308493
vt 0.739274 0.308142
vt 0.776521 0.308876
vt 0.776578 0.305281
vt 0.752801 0.304983
vt 0.739178 0.304879
vt 0.732784 0.307510
vt 0.729042 0.306169
vt 0.732480 0.304576
vt 0.729796 0.303512
vt 0.236033 0.724541
vt 0.238844 0.724871
vt 0.239875 0.715504
vt 0.237175 0.715086
vt 0.245052 0.725530
vt 0.245829 0.716213
vt 0.246306 0.709883
vt 0.240755 0.709298
vt 0.238334 0.708809
vt 0.257188 0.726465
vt 0.257642 0.716980
vt 0.278088 0.727397
vt 0.278372 0.717562
vt 0.278494 0.710514
vt 0.257833 0.710284
vt 0.257869 0.705748
vt 0.246531 0.705825
vt 0.278534 0.705692
vt 0.241396 0.705825
vt 0.239511 0.705449
vt 0.472806 0.712013
vt 0.475692 0.714827
vt 0.478009 0.712318
vt 0.474271 0.710632
vt 0.481466 0.718093
vt 0.483210 0.714708
vt 0.486363 0.706009
vt 0.481082 0.704395
vt 0.477041 0.703249
vt 0.490535 0.721424
vt 0.491708 0.717714
vt 0.503369 0.724671
vt 0.504178 0.720922
vt 0.506303 0.711175
vt 0.494433 0.708313
vt 0.499376 0.685494
vt 0.491330 0.684073
vt 0.510845 0.687461
vt 0.516614 0.643433
vt 0.505157 0.642227
vt 0.496991 0.641373
vt 0.485780 0.683107
vt 0.481374 0.682371
vt 0.491288 0.640786
vt 0.486725 0.640324
vt 0.210482 0.716575
vt 0.223153 0.713580
vt 0.222377 0.710868
vt 0.209940 0.713845
vt 0.232018 0.710507
vt 0.230910 0.707943
vt 0.227838 0.699257
vt 0.219828 0.701516
vt 0.208004 0.704194
vt 0.237491 0.707469
vt 0.236021 0.705337
vt 0.232917 0.697639
vt 0.228606 0.676830
vt 0.223240 0.677658
vt 0.224362 0.635034
vt 0.218808 0.635431
vt 0.215291 0.678903
vt 0.203909 0.680623
vt 0.210701 0.636031
vt 0.199300 0.636895
vt 0.324045 0.164312
vt 0.324201 0.160855
vt 0.364496 0.166456
vt 0.364642 0.162991
vt 0.364860 0.157975
vt 0.324472 0.155849
vt 0.404864 0.167762
vt 0.404991 0.164343
vt 0.439261 0.168277
vt 0.439384 0.164948
vt 0.439509 0.160137
vt 0.405152 0.159400
vt 0.405392 0.152343
vt 0.365180 0.150830
vt 0.439712 0.153282
vt 0.440087 0.143926
vt 0.405764 0.142713
vt 0.365628 0.141065
vt 0.324871 0.148707
vt 0.325401 0.138963
vt 0.813231 0.309577
vt 0.813299 0.305955
vt 0.813060 0.318377
vt 0.856387 0.319273
vt 0.856569 0.310471
vt 0.856646 0.306848
vt 0.812599 0.340822
vt 0.811686 0.383780
vt 0.855161 0.384620
vt 0.855940 0.341719
vt 0.899525 0.342547
vt 0.899953 0.320209
vt 0.898900 0.385313
vt 0.936740 0.385734
vt 0.937082 0.343122
vt 0.937416 0.321013
vt 0.900147 0.311451
vt 0.900231 0.307847
vt 0.937615 0.312361
vt 0.937710 0.308799
vt 0.311449 0.706000
vt 0.311505 0.702733
vt 0.311352 0.710989
vt 0.350851 0.712032
vt 0.351015 0.706975
vt 0.351119 0.703665
vt 0.311182 0.718281
vt 0.310896 0.728416
vt 0.350248 0.729698
vt 0.350605 0.719426
vt 0.390592 0.720981
vt 0.390919 0.713593
vt 0.390152 0.731252
vt 0.424545 0.732790
vt 0.425034 0.722648
vt 0.425423 0.715363
vt 0.391146 0.708537
vt 0.391298 0.705224
vt 0.425709 0.710377
vt 0.425906 0.707107
vt 0.311754 0.671941
vt 0.311641 0.631740
vt 0.311642 0.692513
vt 0.351433 0.693306
vt 0.352011 0.672523
vt 0.352972 0.632145
vt 0.311542 0.700417
vt 0.351192 0.701317
vt 0.391406 0.702876
vt 0.391779 0.694858
vt 0.426050 0.704789
vt 0.426571 0.696875
vt 0.392781 0.674048
vt 0.394722 0.633540
vt 0.428082 0.676220
vt 0.431075 0.635577
vt 0.462140 0.168208
vt 0.462331 0.165054
vt 0.476217 0.168191
vt 0.476586 0.165239
vt 0.476995 0.160886
vt 0.462515 0.160474
vt 0.484525 0.168509
vt 0.485214 0.165655
vt 0.490290 0.169115
vt 0.491316 0.165960
vt 0.492273 0.161332
vt 0.485973 0.161325
vt 0.486881 0.154999
vt 0.477585 0.154560
vt 0.493289 0.154898
vt 0.494634 0.146282
vt 0.488071 0.146282
vt 0.478482 0.145771
vt 0.462820 0.153928
vt 0.463382 0.144916
vt 0.962750 0.313036
vt 0.962879 0.309572
vt 0.962590 0.321462
vt 0.978158 0.321406
vt 0.977993 0.313301
vt 0.978148 0.310076
vt 0.962555 0.343271
vt 0.962584 0.385873
vt 0.978984 0.385888
vt 0.978661 0.343121
vt 0.988085 0.342909
vt 0.987066 0.320996
vt 0.988547 0.385875
vt 0.994506 0.385861
vt 0.993992 0.342724
vt 0.992665 0.320455
vt 0.986138 0.312993
vt 0.986284 0.310082
vt 0.990995 0.311899
vt 0.989928 0.309433
vt 0.448820 0.711909
vt 0.449040 0.708745
vt 0.448521 0.716734
vt 0.462685 0.717461
vt 0.462782 0.712930
vt 0.462889 0.710024
vt 0.448150 0.723826
vt 0.447723 0.733780
vt 0.462246 0.734184
vt 0.462498 0.724338
vt 0.470666 0.724359
vt 0.470529 0.717607
vt 0.470579 0.734272
vt 0.475024 0.734276
vt 0.475024 0.724266
vt 0.474585 0.717428
vt 0.470149 0.713521
vt 0.469959 0.711047
vt 0.473616 0.713485
vt 0.452122 0.678406
vt 0.456112 0.637475
vt 0.449922 0.698823
vt 0.464314 0.700649
vt 0.467389 0.680271
vt 0.472119 0.638898
vt 0.449213 0.706508
vt 0.463145 0.707974
vt 0.470414 0.709290
vt 0.472442 0.702164
vt 0.476286 0.681566
vt 0.481429 0.639794
vt 0.198233 0.307363
vt 0.210016 0.307909
vt 0.213572 0.250268
vt 0.201668 0.249344
vt 0.218446 0.308319
vt 0.222058 0.250962
vt 0.225711 0.212184
vt 0.217125 0.211190
vt 0.205053 0.209808
vt 0.224242 0.308621
vt 0.227873 0.251476
vt 0.228368 0.308858
vt 0.231994 0.251894
vt 0.235823 0.213219
vt 0.231638 0.212754
vt 0.234844 0.187964
vt 0.228561 0.187711
vt 0.239254 0.188218
vt 0.241906 0.172249
vt 0.236347 0.174056
vt 0.229790 0.173532
vt 0.219752 0.186493
vt 0.207419 0.184648
vt 0.220619 0.171953
vt 0.207937 0.169905
vt 0.716033 0.839228
vt 0.721695 0.837047
vt 0.722201 0.821977
vt 0.717381 0.822383
vt 0.729687 0.835781
vt 0.729950 0.821125
vt 0.730172 0.797249
vt 0.722639 0.797584
vt 0.718003 0.797803
vt 0.744159 0.835018
vt 0.744377 0.820591
vt 0.768192 0.834872
vt 0.768461 0.820434
vt 0.768705 0.797003
vt 0.744527 0.797033
vt 0.744799 0.759884
vt 0.730437 0.759910
vt 0.769064 0.760002
vt 0.769673 0.704868
vt 0.745327 0.704637
vt 0.730909 0.704548
vt 0.722941 0.760005
vt 0.718340 0.760102
vt 0.723369 0.704544
vt 0.718742 0.704562
vt 0.932956 0.707279
vt 0.894704 0.706641
vt 0.893739 0.761825
vt 0.931909 0.762607
vt 0.850585 0.705944
vt 0.849729 0.761029
vt 0.849083 0.798007
vt 0.892967 0.798899
vt 0.931010 0.799836
vt 0.806838 0.705322
vt 0.806109 0.760387
vt 0.805602 0.797328
vt 0.805235 0.820761
vt 0.848627 0.821496
vt 0.804938 0.835281
vt 0.848320 0.836082
vt 0.892422 0.822454
vt 0.930339 0.823485
vt 0.892090 0.837078
vt 0.929947 0.838129
vt 0.990976 0.708333
vt 0.985056 0.708206
vt 0.983741 0.763815
vt 0.989591 0.763989
vt 0.975523 0.708022
vt 0.974305 0.763569
vt 0.973241 0.801159
vt 0.982661 0.801608
vt 0.988499 0.801860
vt 0.959051 0.707728
vt 0.957923 0.763183
vt 0.956917 0.800591
vt 0.956102 0.824405
vt 0.972417 0.825294
vt 0.955598 0.839109
vt 0.971874 0.840230
vt 0.982001 0.826239
vt 0.987969 0.826636
vt 0.981625 0.841560
vt 0.988435 0.843643
vt 0.498440 0.315242
vt 0.503099 0.315185
vt 0.501454 0.258916
vt 0.496847 0.259142
vt 0.508951 0.315113
vt 0.507297 0.258630
vt 0.504706 0.220746
vt 0.498802 0.221094
vt 0.494219 0.221365
vt 0.517314 0.315012
vt 0.515686 0.258225
vt 0.528995 0.314880
vt 0.527455 0.257679
vt 0.525105 0.218919
vt 0.513172 0.219997
vt 0.510790 0.196054
vt 0.502098 0.197123
vt 0.523054 0.194414
vt 0.522298 0.180194
vt 0.509533 0.182118
vt 0.500382 0.183684
vt 0.495925 0.197244
vt 0.491270 0.197276
vt 0.493937 0.184182
vt 0.488583 0.182487
vt 0.438791 0.189903
vt 0.439118 0.203243
vt 0.462722 0.201981
vt 0.461762 0.188849
vt 0.439822 0.225268
vt 0.464374 0.224152
vt 0.480015 0.222929
vt 0.477583 0.200231
vt 0.475872 0.187182
vt 0.440683 0.260989
vt 0.466109 0.260390
vt 0.441043 0.315482
vt 0.467049 0.315475
vt 0.483560 0.315391
vt 0.482288 0.259811
vt 0.491601 0.259404
vt 0.489087 0.221951
vt 0.493073 0.315306
vt 0.486272 0.198391
vt 0.483839 0.185203
vt 0.288505 0.183719
vt 0.287230 0.197369
vt 0.322132 0.200373
vt 0.323009 0.186700
vt 0.285067 0.219896
vt 0.320688 0.222706
vt 0.362245 0.224764
vt 0.363055 0.202562
vt 0.363585 0.188932
vt 0.282145 0.256293
vt 0.318624 0.258548
vt 0.279082 0.311468
vt 0.316232 0.312986
vt 0.359592 0.314338
vt 0.361089 0.260305
vt 0.403689 0.261125
vt 0.403878 0.225630
vt 0.403164 0.315182
vt 0.404016 0.203544
vt 0.404173 0.190014
vt 0.232283 0.309115
vt 0.235876 0.252347
vt 0.239862 0.309551
vt 0.243393 0.253114
vt 0.247155 0.215300
vt 0.239704 0.213981
vt 0.254510 0.310308
vt 0.257907 0.254412
vt 0.261407 0.217285
vt 0.264269 0.194374
vt 0.250479 0.191704
vt 0.266014 0.180775
vt 0.252743 0.177972
vt 0.243168 0.189484
vt 0.245835 0.175400
vt 0.207406 0.565151
vt 0.195889 0.565474
vt 0.215645 0.564933
vt 0.214727 0.478303
vt 0.206399 0.478299
vt 0.194781 0.478306
vt 0.221313 0.564790
vt 0.225358 0.564693
vt 0.224555 0.478321
vt 0.220461 0.478311
vt 0.221539 0.388561
vt 0.215765 0.388424
vt 0.225659 0.388669
vt 0.207380 0.388239
vt 0.195679 0.387993
vt 0.724224 0.626518
vt 0.719580 0.626486
vt 0.731794 0.626585
vt 0.732968 0.538486
vt 0.725382 0.538379
vt 0.720728 0.538316
vt 0.746251 0.626745
vt 0.770646 0.627049
vt 0.771855 0.539066
vt 0.747443 0.538699
vt 0.748822 0.453034
vt 0.734341 0.452758
vt 0.773222 0.453496
vt 0.726746 0.452613
vt 0.722086 0.452525
vt 0.898041 0.455502
vt 0.936151 0.455932
vt 0.854062 0.454885
vt 0.852871 0.540264
vt 0.896995 0.540868
vt 0.935241 0.541352
vt 0.810387 0.454169
vt 0.809083 0.539626
vt 0.807873 0.627550
vt 0.851681 0.628165
vt 0.895844 0.628795
vt 0.934125 0.629340
vt 0.988314 0.456355
vt 0.994292 0.456393
vt 0.978704 0.456290
vt 0.977911 0.541849
vt 0.987533 0.541958
vt 0.993516 0.542027
vt 0.962197 0.456165
vt 0.961367 0.541661
vt 0.960259 0.629711
vt 0.976787 0.629949
vt 0.986383 0.630092
vt 0.992347 0.630186
vt 0.496752 0.570247
vt 0.492111 0.569968
vt 0.502538 0.570595
vt 0.506525 0.484037
vt 0.500690 0.483835
vt 0.496009 0.483671
vt 0.510795 0.571100
vt 0.522321 0.571807
vt 0.526431 0.484744
vt 0.514841 0.484328
vt 0.517081 0.394657
vt 0.508730 0.394536
vt 0.528720 0.394831
vt 0.502875 0.394452
vt 0.498189 0.394385
vt 0.440207 0.393438
vt 0.466472 0.393889
vt 0.438114 0.481776
vt 0.464312 0.482601
vt 0.480952 0.483151
vt 0.483139 0.394158
vt 0.434945 0.566895
vt 0.460752 0.568192
vt 0.477191 0.569099
vt 0.486712 0.569648
vt 0.490566 0.483481
vt 0.492754 0.394306
vt 0.276527 0.389949
vt 0.313958 0.390833
vt 0.275132 0.478591
vt 0.312361 0.478989
vt 0.355985 0.479711
vt 0.357787 0.391817
vt 0.275124 0.563820
vt 0.311611 0.563706
vt 0.354347 0.564202
vt 0.397429 0.565369
vt 0.399922 0.480711
vt 0.401892 0.392729
vt 0.229215 0.564603
vt 0.236667 0.564437
vt 0.236015 0.478364
vt 0.228461 0.478337
vt 0.251032 0.564155
vt 0.250605 0.478430
vt 0.251851 0.389353
vt 0.237175 0.388987
vt 0.229583 0.388785
vt 0.134099 0.304888
vt 0.147969 0.305344
vt 0.150531 0.246091
vt 0.136375 0.245415
vt 0.164878 0.305959
vt 0.167775 0.247045
vt 0.170438 0.206624
vt 0.152811 0.205408
vt 0.138361 0.204596
vt 0.182420 0.306668
vt 0.185629 0.248187
vt 0.188694 0.208166
vt 0.190673 0.182660
vt 0.172074 0.180945
vt 0.191005 0.167928
vt 0.172394 0.166261
vt 0.154198 0.179661
vt 0.139591 0.178821
vt 0.154589 0.165044
vt 0.140081 0.164253
vt 0.136100 0.641228
vt 0.149892 0.640405
vt 0.146693 0.566914
vt 0.133088 0.567285
vt 0.166631 0.639298
vt 0.163261 0.566437
vt 0.161997 0.478381
vt 0.145416 0.478444
vt 0.131826 0.478505
vt 0.183879 0.638059
vt 0.180428 0.565928
vt 0.179222 0.478332
vt 0.180011 0.387685
vt 0.162664 0.387372
vt 0.145969 0.387104
vt 0.132289 0.386910
vt 0.142381 0.725286
vt 0.157044 0.723961
vt 0.156773 0.721230
vt 0.142147 0.722559
vt 0.174957 0.722026
vt 0.174629 0.719295
vt 0.173452 0.709486
vt 0.155801 0.711406
vt 0.141310 0.712722
vt 0.193607 0.719525
vt 0.193193 0.716793
vt 0.191709 0.707028
vt 0.188270 0.682750
vt 0.170618 0.684813
vt 0.153434 0.686499
vt 0.139268 0.687678
vt 0.231393 0.777740
vt 0.234328 0.777981
vt 0.235255 0.766437
vt 0.232326 0.766196
vt 0.240851 0.778513
vt 0.241756 0.766963
vt 0.242845 0.752906
vt 0.236390 0.752363
vt 0.233479 0.752109
vt 0.253622 0.779522
vt 0.254461 0.767953
vt 0.275296 0.781056
vt 0.276003 0.769412
vt 0.276808 0.755251
vt 0.255443 0.753889
vt 0.256409 0.739392
vt 0.243993 0.738415
vt 0.277548 0.740584
vt 0.237626 0.737822
vt 0.234752 0.737540
vt 0.389588 0.744928
vt 0.423964 0.746331
vt 0.349746 0.743377
vt 0.349163 0.758441
vt 0.388991 0.759992
vt 0.423387 0.761289
vt 0.310431 0.741920
vt 0.309825 0.756839
vt 0.309173 0.771170
vt 0.348580 0.772882
vt 0.308601 0.782928
vt 0.348090 0.784695
vt 0.388437 0.774440
vt 0.422878 0.775666
vt 0.387995 0.786252
vt 0.422487 0.787421
vt 0.470336 0.747736
vt 0.474826 0.747807
vt 0.461902 0.747573
vt 0.461483 0.762478
vt 0.469956 0.762704
vt 0.474460 0.762817
vt 0.447234 0.747187
vt 0.446738 0.762074
vt 0.446282 0.776393
vt 0.461054 0.776808
vt 0.445931 0.788109
vt 0.460705 0.788512
vt 0.469525 0.777060
vt 0.474022 0.777201
vt 0.469156 0.788755
vt 0.473635 0.788902
vt 0.526562 0.689922
vt 0.532090 0.645037
vt 0.522648 0.714288
vt 0.540930 0.717064
vt 0.544251 0.692352
vt 0.549372 0.646748
vt 0.520985 0.724142
vt 0.520359 0.727881
vt 0.539062 0.730691
vt 0.539572 0.726958
vt 0.557411 0.729191
vt 0.558563 0.719285
vt 0.556980 0.732918
vt 0.571607 0.734484
vt 0.571987 0.730758
vt 0.573007 0.720863
vt 0.561434 0.694403
vt 0.566120 0.648303
vt 0.575575 0.695898
vt 0.579904 0.649492
vt 0.544306 0.395077
vt 0.544678 0.314727
vt 0.541949 0.485310
vt 0.559128 0.485945
vt 0.561562 0.395372
vt 0.562088 0.314604
vt 0.537786 0.572764
vt 0.554948 0.573820
vt 0.571500 0.574814
vt 0.575660 0.486564
vt 0.585087 0.575603
vt 0.589208 0.487069
vt 0.578170 0.395676
vt 0.578878 0.314542
vt 0.591781 0.395942
vt 0.592655 0.314540
vt 0.539760 0.192747
vt 0.539355 0.178505
vt 0.541325 0.217684
vt 0.559461 0.216626
vt 0.558341 0.191467
vt 0.558099 0.177261
vt 0.543335 0.257015
vt 0.561037 0.256412
vt 0.578152 0.255977
vt 0.576997 0.215894
vt 0.592212 0.255726
vt 0.591382 0.215480
vt 0.576205 0.190644
vt 0.576014 0.176477
vt 0.590807 0.190188
vt 0.590610 0.176055
vt 0.464341 0.132973
vt 0.440748 0.131613
vt 0.479828 0.134091
vt 0.481742 0.121001
vt 0.465877 0.119585
vt 0.441910 0.117833
vt 0.489753 0.134800
vt 0.496583 0.135031
vt 0.499057 0.122472
vt 0.491981 0.121958
vt 0.494800 0.109213
vt 0.484339 0.107979
vt 0.502004 0.110019
vt 0.505344 0.098975
vt 0.498209 0.097936
vt 0.487683 0.096503
vt 0.468135 0.106256
vt 0.443727 0.104137
vt 0.471220 0.094508
vt 0.446317 0.092072
vt 0.326062 0.126163
vt 0.291415 0.124188
vt 0.366235 0.128235
vt 0.367019 0.113908
vt 0.326750 0.111837
vt 0.291941 0.109961
vt 0.406338 0.130046
vt 0.407253 0.115908
vt 0.408613 0.101862
vt 0.367984 0.099642
vt 0.410495 0.089461
vt 0.369126 0.086975
vt 0.327374 0.097515
vt 0.292261 0.095672
vt 0.327845 0.084701
vt 0.292237 0.082821
vt 0.242043 0.121563
vt 0.235672 0.120691
vt 0.251854 0.122193
vt 0.251676 0.108089
vt 0.241467 0.107611
vt 0.234730 0.107025
vt 0.267522 0.122934
vt 0.267733 0.108778
vt 0.267775 0.094515
vt 0.251436 0.093855
vt 0.267536 0.081635
vt 0.251125 0.080955
vt 0.240928 0.093527
vt 0.233896 0.093249
vt 0.240545 0.080700
vt 0.233397 0.080642
vt 0.005324 0.303145
vt 0.011660 0.303095
vt 0.011664 0.242910
vt 0.005234 0.243009
vt 0.020085 0.303079
vt 0.020224 0.242870
vt 0.020500 0.201800
vt 0.011738 0.201617
vt 0.005147 0.201566
vt 0.030786 0.303101
vt 0.031101 0.242891
vt 0.043778 0.303172
vt 0.044313 0.242986
vt 0.044887 0.201974
vt 0.031531 0.201887
vt 0.032357 0.176315
vt 0.021196 0.176010
vt 0.045718 0.176363
vt 0.047111 0.161992
vt 0.033916 0.161958
vt 0.022821 0.161495
vt 0.012066 0.175081
vt 0.005149 0.174463
vt 0.013594 0.160039
vt 0.005499 0.156144
vt 0.006710 0.645206
vt 0.013111 0.645157
vt 0.012273 0.569331
vt 0.005982 0.569364
vt 0.021613 0.645069
vt 0.020626 0.569273
vt 0.020015 0.478944
vt 0.011730 0.478977
vt 0.005491 0.479004
vt 0.032403 0.644921
vt 0.031226 0.569180
vt 0.045496 0.644681
vt 0.044082 0.569040
vt 0.043291 0.478853
vt 0.030531 0.478902
vt 0.030446 0.386173
vt 0.019883 0.386176
vt 0.043263 0.386193
vt 0.011564 0.386194
vt 0.005301 0.386224
vt 0.010909 0.729514
vt 0.015355 0.729750
vt 0.015170 0.727358
vt 0.009403 0.727629
vt 0.023113 0.730011
vt 0.023111 0.727385
vt 0.022838 0.717701
vt 0.014335 0.717823
vt 0.007959 0.717967
vt 0.033951 0.730054
vt 0.033947 0.727337
vt 0.047514 0.729838
vt 0.047457 0.727116
vt 0.047244 0.717289
vt 0.033810 0.717543
vt 0.033321 0.692398
vt 0.022350 0.692583
vt 0.046638 0.692114
vt 0.013704 0.692705
vt 0.007186 0.692785
vt 0.731710 0.299592
vt 0.728601 0.299396
vt 0.738832 0.299665
vt 0.738464 0.292123
vt 0.731041 0.292232
vt 0.727705 0.292242
vt 0.752782 0.299520
vt 0.776656 0.299721
vt 0.776749 0.292034
vt 0.752738 0.291900
vt 0.752704 0.282058
vt 0.738267 0.282179
vt 0.776858 0.282189
vt 0.776991 0.270185
vt 0.752725 0.270006
vt 0.738237 0.269984
vt 0.730764 0.282271
vt 0.727359 0.282308
vt 0.730756 0.269971
vt 0.727372 0.269960
vt 0.938893 0.274049
vt 0.901162 0.272787
vt 0.900824 0.284752
vt 0.938452 0.285937
vt 0.857424 0.271639
vt 0.857151 0.283650
vt 0.856933 0.293524
vt 0.900561 0.294585
vt 0.938112 0.295684
vt 0.813939 0.270740
vt 0.813724 0.282755
vt 0.813546 0.292632
vt 0.813404 0.300358
vt 0.856765 0.301250
vt 0.900366 0.302276
vt 0.937869 0.303293
vt 0.995311 0.276950
vt 0.990288 0.276652
vt 0.989542 0.288718
vt 0.994577 0.289088
vt 0.980869 0.276090
vt 0.980150 0.288034
vt 0.979419 0.297706
vt 0.988611 0.298410
vt 0.993511 0.298782
vt 0.964569 0.275185
vt 0.963976 0.287039
vt 0.963484 0.296705
vt 0.963116 0.304192
vt 0.978679 0.305001
vt 0.987334 0.305434
vt 0.991831 0.305635
vt 0.670233 0.655465
vt 0.667784 0.702632
vt 0.681004 0.703272
vt 0.683268 0.656080
vt 0.666565 0.727633
vt 0.679874 0.728186
vt 0.690702 0.728619
vt 0.691895 0.703775
vt 0.694016 0.656556
vt 0.666150 0.737493
vt 0.679568 0.737946
vt 0.666002 0.741206
vt 0.679533 0.741640
vt 0.690386 0.741740
vt 0.690271 0.738188
vt 0.698131 0.738440
vt 0.699159 0.729019
vt 0.698263 0.741646
vt 0.702951 0.741736
vt 0.704232 0.739264
vt 0.705921 0.729483
vt 0.700560 0.704173
vt 0.702566 0.656904
vt 0.707491 0.704494
vt 0.709389 0.657167
vt 0.682446 0.315713
vt 0.680364 0.398132
vt 0.693120 0.398518
vt 0.695366 0.316040
vt 0.677417 0.490292
vt 0.690123 0.490746
vt 0.700603 0.491124
vt 0.703638 0.398847
vt 0.706015 0.316343
vt 0.673850 0.580093
vt 0.686660 0.580631
vt 0.697226 0.581049
vt 0.705631 0.581368
vt 0.708937 0.491416
vt 0.712339 0.581614
vt 0.715586 0.491649
vt 0.711999 0.399119
vt 0.714476 0.316604
vt 0.718661 0.399342
vt 0.721200 0.316815
vt 0.684169 0.176465
vt 0.684672 0.190462
vt 0.698032 0.190844
vt 0.697452 0.176866
vt 0.684496 0.215627
vt 0.697797 0.215965
vt 0.708783 0.216194
vt 0.709179 0.190848
vt 0.708607 0.176707
vt 0.683748 0.256108
vt 0.696887 0.256416
vt 0.707709 0.256709
vt 0.716298 0.256968
vt 0.717565 0.216208
vt 0.723094 0.257193
vt 0.724476 0.216234
vt 0.718314 0.190109
vt 0.717875 0.175451
vt 0.725459 0.189517
vt 0.726059 0.171567
vt 0.929604 0.900574
vt 0.956349 0.901130
vt 0.956407 0.888008
vt 0.929795 0.887509
vt 0.974006 0.901602
vt 0.973931 0.888347
vt 0.973773 0.877855
vt 0.956436 0.877605
vt 0.929953 0.877103
vt 0.985222 0.902240
vt 0.985090 0.888867
vt 0.992798 0.903196
vt 0.992666 0.889843
vt 0.992445 0.879079
vt 0.984824 0.878197
vt 0.984303 0.870123
vt 0.973497 0.869975
vt 0.991913 0.870710
vt 0.990921 0.864577
vt 0.983526 0.864472
vt 0.973096 0.864422
vt 0.956405 0.869731
vt 0.930051 0.869178
vt 0.956267 0.864102
vt 0.930060 0.863478
vt 0.764770 0.896004
vt 0.802648 0.897316
vt 0.803100 0.884330
vt 0.765392 0.883064
vt 0.846757 0.898586
vt 0.847104 0.885560
vt 0.847372 0.875169
vt 0.803439 0.873984
vt 0.765852 0.872796
vt 0.891088 0.899697
vt 0.891361 0.886649
vt 0.891577 0.876240
vt 0.891730 0.868300
vt 0.847572 0.867243
vt 0.891812 0.862580
vt 0.847714 0.861533
vt 0.803700 0.866102
vt 0.766214 0.865001
vt 0.803918 0.860433
vt 0.766548 0.859419
vt 0.705321 0.895334
vt 0.711913 0.894435
vt 0.713230 0.881204
vt 0.706726 0.882172
vt 0.722185 0.894308
vt 0.723338 0.881193
vt 0.724342 0.870908
vt 0.714428 0.870745
vt 0.707937 0.871683
vt 0.738900 0.894911
vt 0.739786 0.881940
vt 0.740478 0.871729
vt 0.741053 0.864058
vt 0.725285 0.863285
vt 0.741609 0.858630
vt 0.726221 0.858027
vt 0.715719 0.862930
vt 0.709270 0.863658
vt 0.717181 0.857621
vt 0.710984 0.857918
vt 0.956774 0.037293
vt 0.958419 0.038690
vt 0.960049 0.027330
vt 0.959011 0.026504
vt 0.959638 0.041140
vt 0.960906 0.029679
vt 0.718903 0.163834
vt 0.721631 0.163563
vt 0.718460 0.161046
vt 0.716700 0.160675
vt 0.717440 0.164066
vt 0.715986 0.160478
vt 0.960695 0.046188
vt 0.962030 0.035415
vt 0.961595 0.052477
vt 0.963177 0.046660
vt 0.726828 0.162180
vt 0.735322 0.159404
vt 0.732596 0.158316
vt 0.723473 0.160825
vt 0.725708 0.158151
vt 0.721302 0.158796
vt 0.734047 0.155859
vt 0.737779 0.153117
vt 0.732991 0.154216
vt 0.729122 0.154842
vt 0.719430 0.158717
vt 0.718638 0.158148
vt 0.727139 0.154562
vt 0.725878 0.153649
vt 0.948371 0.030087
vt 0.950152 0.031626
vt 0.954995 0.023187
vt 0.953912 0.022256
vt 0.952357 0.033503
vt 0.956311 0.024295
vt 0.712213 0.163447
vt 0.713859 0.163794
vt 0.713849 0.159720
vt 0.712660 0.159204
vt 0.710860 0.163137
vt 0.711621 0.158725
vt 0.954660 0.035478
vt 0.957707 0.025446
vt 0.715667 0.164053
vt 0.715007 0.160157
vt 0.717654 0.157410
vt 0.716457 0.156693
vt 0.724339 0.152435
vt 0.722468 0.151310
vt 0.715018 0.156128
vt 0.713531 0.155779
vt 0.720236 0.150607
vt 0.717169 0.150817
vt 0.918110 0.013865
vt 0.924227 0.014113
vt 0.933849 0.011569
vt 0.923191 0.011777
vt 0.929293 0.014733
vt 0.939493 0.011803
vt 0.691636 0.154507
vt 0.695726 0.156936
vt 0.698837 0.155702
vt 0.694707 0.154100
vt 0.684762 0.150102
vt 0.687338 0.149684
vt 0.931951 0.015774
vt 0.941972 0.012289
vt 0.933539 0.017182
vt 0.942956 0.013094
vt 0.697895 0.157890
vt 0.698928 0.158446
vt 0.701130 0.156089
vt 0.700453 0.155993
vt 0.699004 0.153474
vt 0.697216 0.153022
vt 0.699962 0.153226
vt 0.695549 0.147154
vt 0.693885 0.147651
vt 0.691706 0.147445
vt 0.693456 0.151264
vt 0.686576 0.147165
vt 0.688114 0.145984
vt 0.683874 0.143878
vt 0.718773 0.854365
vt 0.713119 0.854228
vt 0.727274 0.854575
vt 0.728308 0.851050
vt 0.720116 0.851279
vt 0.714961 0.851176
vt 0.742279 0.854927
vt 0.766934 0.855529
vt 0.767362 0.851347
vt 0.743003 0.851013
vt 0.743675 0.844807
vt 0.729156 0.845330
vt 0.767803 0.844857
vt 0.721070 0.846252
vt 0.716153 0.846937
vt 0.891906 0.847328
vt 0.929801 0.848351
vt 0.848090 0.846310
vt 0.847929 0.853064
vt 0.891833 0.854096
vt 0.929833 0.855071
vt 0.804641 0.845424
vt 0.804368 0.852092
vt 0.804132 0.856435
vt 0.847817 0.857483
vt 0.891824 0.858523
vt 0.929954 0.859450
vt 0.981523 0.851275
vt 0.987669 0.851879
vt 0.971730 0.850259
vt 0.971989 0.856552
vt 0.981828 0.856971
vt 0.988306 0.856729
vt 0.955472 0.849276
vt 0.955642 0.855886
vt 0.955964 0.860155
vt 0.972520 0.860597
vt 0.982570 0.860708
vt 0.989513 0.860374
vt 0.202478 0.965356
vt 0.197245 0.971043
vt 0.198494 0.971493
vt 0.204529 0.966103
vt 0.195848 0.973571
vt 0.196723 0.973632
vt 0.198466 0.973668
vt 0.200557 0.971277
vt 0.207011 0.966121
vt 0.197611 0.976335
vt 0.199040 0.975963
vt 0.459072 0.838188
vt 0.465192 0.847423
vt 0.467558 0.847103
vt 0.460638 0.837976
vt 0.470605 0.847820
vt 0.463232 0.838966
vt 0.201669 0.975297
vt 0.206362 0.973209
vt 0.203119 0.972586
vt 0.475516 0.850528
vt 0.468456 0.842190
vt 0.481114 0.854308
vt 0.477837 0.849181
vt 0.214092 0.969158
vt 0.211416 0.968645
vt 0.204765 0.969844
vt 0.210984 0.964882
vt 0.212464 0.966161
vt 0.215601 0.962960
vt 0.171273 0.969621
vt 0.179292 0.973536
vt 0.179725 0.972847
vt 0.172341 0.968555
vt 0.182488 0.975549
vt 0.182959 0.975153
vt 0.183447 0.974645
vt 0.180296 0.972112
vt 0.173702 0.967522
vt 0.181243 0.979223
vt 0.182706 0.979018
vt 0.437997 0.840292
vt 0.433923 0.850529
vt 0.436502 0.850332
vt 0.439270 0.840120
vt 0.439309 0.850097
vt 0.440641 0.839919
vt 0.184057 0.978578
vt 0.185153 0.978076
vt 0.183930 0.974062
vt 0.442004 0.849856
vt 0.441963 0.839720
vt 0.444232 0.849647
vt 0.443078 0.839558
vt 0.185947 0.977672
vt 0.184351 0.973539
vt 0.181154 0.971371
vt 0.175537 0.966745
vt 0.182164 0.970785
vt 0.178454 0.966575
vt 0.421103 0.859974
vt 0.425687 0.855386
vt 0.431116 0.845991
vt 0.423560 0.854349
vt 0.429554 0.851920
vt 0.435136 0.841908
vt 0.171442 0.977891
vt 0.177020 0.979100
vt 0.180324 0.976378
vt 0.174902 0.976476
vt 0.162347 0.975348
vt 0.165120 0.974248
vt 0.431911 0.850667
vt 0.436954 0.840413
vt 0.179916 0.979152
vt 0.182045 0.975808
vt 0.178846 0.974082
vt 0.177010 0.974294
vt 0.170319 0.970449
vt 0.168404 0.970753
vt 0.172341 0.973903
vt 0.163410 0.971866
vt 0.164371 0.970229
vt 0.159301 0.969205
vt 0.439078 0.171023
vt 0.461841 0.170790
vt 0.438885 0.174738
vt 0.461553 0.174285
vt 0.475324 0.173701
vt 0.475737 0.170551
vt 0.438754 0.180721
vt 0.461450 0.179981
vt 0.475245 0.178866
vt 0.483012 0.177800
vt 0.483181 0.173438
vt 0.487410 0.177375
vt 0.488043 0.173956
vt 0.483775 0.170676
vt 0.489103 0.171444
vt 0.289483 0.164586
vt 0.323968 0.167163
vt 0.289462 0.168312
vt 0.323842 0.171018
vt 0.364221 0.173218
vt 0.364378 0.169330
vt 0.289195 0.174361
vt 0.323552 0.177217
vt 0.363967 0.179442
vt 0.404366 0.180615
vt 0.404558 0.174454
vt 0.404724 0.170603
vt 0.246735 0.167508
vt 0.242821 0.166608
vt 0.253689 0.169321
vt 0.253686 0.164125
vt 0.246459 0.163065
vt 0.241947 0.162884
vt 0.266833 0.171663
vt 0.266983 0.165906
vt 0.266774 0.162434
vt 0.253192 0.161035
vt 0.245643 0.160366
vt 0.240619 0.160172
vt 0.936831 0.157201
vt 0.945126 0.166446
vt 0.949488 0.159317
vt 0.940570 0.149995
vt 0.949954 0.173630
vt 0.955591 0.167305
vt 0.953491 0.161499
vt 0.947170 0.154691
vt 0.938593 0.146155
vt 0.952892 0.179101
vt 0.959343 0.173921
vt 0.956737 0.184198
vt 0.962405 0.178390
vt 0.961863 0.170166
vt 0.958205 0.166721
vt 0.956621 0.154455
vt 0.952338 0.150605
vt 0.959915 0.156884
vt 0.959038 0.138397
vt 0.956257 0.136449
vt 0.952625 0.133392
vt 0.946354 0.145094
vt 0.938302 0.137612
vt 0.947480 0.128928
vt 0.940476 0.122739
vt 0.965264 0.186363
vt 0.966473 0.180643
vt 0.865226 0.141189
vt 0.867326 0.135997
vt 0.861268 0.133087
vt 0.860226 0.137573
vt 0.851326 0.132319
vt 0.850758 0.136342
vt 0.965678 0.171876
vt 0.867912 0.131759
vt 0.860730 0.129093
vt 0.867206 0.127539
vt 0.858771 0.125486
vt 0.848306 0.125106
vt 0.850421 0.128532
vt 0.835218 0.129683
vt 0.836073 0.133315
vt 0.833303 0.126407
vt 0.813005 0.129508
vt 0.814714 0.132411
vt 0.815613 0.135711
vt 0.963319 0.158116
vt 0.835742 0.137100
vt 0.815626 0.139131
vt 0.962016 0.139519
vt 0.865328 0.121906
vt 0.855781 0.121425
vt 0.860590 0.114187
vt 0.851084 0.115713
vt 0.840456 0.116883
vt 0.845131 0.121647
vt 0.852487 0.105258
vt 0.843883 0.108091
vt 0.841721 0.095216
vt 0.833904 0.098580
vt 0.824643 0.101511
vt 0.833782 0.110257
vt 0.820148 0.113537
vt 0.826108 0.119251
vt 0.812078 0.105860
vt 0.795209 0.112927
vt 0.801929 0.119136
vt 0.806914 0.123715
vt 0.830378 0.123340
vt 0.810509 0.126982
vt 0.889615 0.110991
vt 0.899319 0.120853
vt 0.903865 0.114890
vt 0.894438 0.105408
vt 0.911608 0.132935
vt 0.915794 0.126497
vt 0.915106 0.123987
vt 0.903797 0.112986
vt 0.894859 0.103990
vt 0.924795 0.145482
vt 0.928660 0.138615
vt 0.927275 0.135457
vt 0.927886 0.127928
vt 0.916707 0.117458
vt 0.931343 0.114525
vt 0.921547 0.105488
vt 0.906311 0.107417
vt 0.898048 0.099201
vt 0.912387 0.096824
vt 0.905061 0.089737
vt 0.828525 0.082847
vt 0.820999 0.086772
vt 0.813708 0.068689
vt 0.806232 0.073675
vt 0.798505 0.078453
vt 0.812563 0.090456
vt 0.797413 0.054075
vt 0.790164 0.060642
vt 0.780452 0.040949
vt 0.773959 0.049308
vt 0.768282 0.057006
vt 0.783300 0.066851
vt 0.775137 0.075226
vt 0.788727 0.085332
vt 0.761913 0.066750
vt 0.753708 0.080887
vt 0.764560 0.087852
vt 0.775800 0.096126
vt 0.801346 0.095978
vt 0.786300 0.104852
vt 0.794787 0.015915
vt 0.802351 0.024487
vt 0.810615 0.019265
vt 0.804881 0.012481
vt 0.810448 0.031272
vt 0.818050 0.026789
vt 0.822807 0.029373
vt 0.816984 0.022440
vt 0.813130 0.016218
vt 0.818977 0.038727
vt 0.826026 0.034939
vt 0.828087 0.047505
vt 0.834705 0.043934
vt 0.837902 0.045471
vt 0.829853 0.036942
vt 0.838072 0.037448
vt 0.832161 0.030717
vt 0.845268 0.045263
vt 0.858284 0.042427
vt 0.852082 0.035734
vt 0.847058 0.030128
vt 0.827640 0.025133
vt 0.824658 0.020640
vt 0.843149 0.025654
vt 0.840399 0.022172
vt 0.612763 0.063334
vt 0.597127 0.071036
vt 0.603587 0.076003
vt 0.618611 0.068533
vt 0.584212 0.078395
vt 0.591709 0.082741
vt 0.600694 0.086746
vt 0.611632 0.080737
vt 0.625730 0.073743
vt 0.574520 0.085828
vt 0.583050 0.088681
vt 0.568862 0.092522
vt 0.577343 0.093254
vt 0.586988 0.095309
vt 0.592626 0.091619
vt 0.605525 0.096469
vt 0.612807 0.092373
vt 0.600379 0.099638
vt 0.618467 0.106713
vt 0.622810 0.104164
vt 0.628946 0.100926
vt 0.622603 0.087210
vt 0.635297 0.081021
vt 0.637175 0.096819
vt 0.647865 0.091893
vt 0.566286 0.097345
vt 0.573637 0.096696
vt 0.565656 0.101562
vt 0.571893 0.100240
vt 0.581206 0.101757
vt 0.583203 0.098439
vt 0.566609 0.106804
vt 0.572230 0.104612
vt 0.795773 0.004327
vt 0.803246 0.005991
vt 0.811871 0.011046
vt 0.581282 0.105750
vt 0.594852 0.109548
vt 0.595065 0.105800
vt 0.823312 0.016938
vt 0.838793 0.019180
vt 0.613230 0.115567
vt 0.613733 0.112206
vt 0.596924 0.102601
vt 0.615473 0.109291
vt 0.533141 0.945801
vt 0.546064 0.944830
vt 0.544120 0.937611
vt 0.530990 0.938880
vt 0.556963 0.944997
vt 0.555985 0.937172
vt 0.551825 0.935632
vt 0.540765 0.936549
vt 0.528231 0.937911
vt 0.566343 0.946546
vt 0.566892 0.937962
vt 0.576873 0.948753
vt 0.576260 0.939142
vt 0.569533 0.934002
vt 0.561561 0.934986
vt 0.552363 0.927944
vt 0.544397 0.929233
vt 0.558346 0.926670
vt 0.544218 0.915290
vt 0.539360 0.916285
vt 0.532816 0.917411
vt 0.534576 0.930584
vt 0.523033 0.932079
vt 0.524531 0.918711
vt 0.514543 0.920163
vt 0.588059 0.943851
vt 0.583394 0.937618
vt 0.335043 0.929191
vt 0.336639 0.923960
vt 0.330218 0.922980
vt 0.329539 0.927190
vt 0.321367 0.924604
vt 0.320951 0.928226
vt 0.575025 0.932297
vt 0.337227 0.919559
vt 0.329262 0.919467
vt 0.336054 0.914031
vt 0.326676 0.915469
vt 0.316943 0.917994
vt 0.319965 0.921475
vt 0.306412 0.925333
vt 0.307819 0.928313
vt 0.303474 0.922181
vt 0.284973 0.928454
vt 0.287629 0.931119
vt 0.289036 0.933868
vt 0.562466 0.925111
vt 0.307715 0.931676
vt 0.289254 0.936959
vt 0.547710 0.914042
vt 0.331689 0.906137
vt 0.322133 0.909855
vt 0.323066 0.896908
vt 0.314541 0.902465
vt 0.304885 0.907438
vt 0.312120 0.913477
vt 0.310756 0.887455
vt 0.303469 0.893924
vt 0.295445 0.877740
vt 0.289002 0.884627
vt 0.281209 0.891541
vt 0.294701 0.900012
vt 0.282902 0.907296
vt 0.292136 0.913464
vt 0.270712 0.900078
vt 0.256833 0.911469
vt 0.267238 0.917027
vt 0.275141 0.921750
vt 0.298855 0.918406
vt 0.280943 0.925524
vt 0.377529 0.959975
vt 0.394058 0.958815
vt 0.394906 0.951613
vt 0.378599 0.952573
vt 0.412067 0.957659
vt 0.412523 0.950551
vt 0.414111 0.949178
vt 0.397189 0.950197
vt 0.381571 0.951074
vt 0.429228 0.956442
vt 0.429271 0.949391
vt 0.443190 0.955315
vt 0.442882 0.948309
vt 0.443290 0.947014
vt 0.430207 0.948056
vt 0.431484 0.941608
vt 0.416537 0.942645
vt 0.443652 0.940652
vt 0.443984 0.927873
vt 0.433261 0.928704
vt 0.420106 0.929595
vt 0.400829 0.943564
vt 0.386368 0.944272
vt 0.406320 0.930367
vt 0.393722 0.930894
vt 0.115939 0.844839
vt 0.095417 0.856343
vt 0.104161 0.865683
vt 0.123766 0.855520
vt 0.075772 0.870835
vt 0.084870 0.878681
vt 0.094421 0.886793
vt 0.112671 0.875439
vt 0.130729 0.866706
vt 0.058210 0.886018
vt 0.067423 0.892681
vt 0.043046 0.900176
vt 0.052642 0.906018
vt 0.063717 0.911441
vt 0.077726 0.899328
vt 0.090827 0.907722
vt 0.105847 0.897124
vt 0.078216 0.918056
vt 0.097095 0.927090
vt 0.107505 0.919092
vt 0.119792 0.910890
vt 0.122063 0.887696
vt 0.137733 0.880476
vt 0.132877 0.903578
vt 0.145411 0.897847
vt 0.340247 0.969207
vt 0.349235 0.967008
vt 0.346399 0.957732
vt 0.339316 0.958917
vt 0.356148 0.964025
vt 0.355063 0.955333
vt 0.359526 0.952767
vt 0.351783 0.953221
vt 0.346074 0.952968
vt 0.365040 0.961548
vt 0.365640 0.953675
vt 0.369292 0.951917
vt 0.375216 0.944698
vt 0.366919 0.944839
vt 0.384215 0.931146
vt 0.377353 0.931240
vt 0.361060 0.944759
vt 0.356994 0.944394
vt 0.372613 0.931236
vt 0.369305 0.931028
vt 0.031253 0.912229
vt 0.041759 0.917166
vt 0.023003 0.922929
vt 0.034468 0.926193
vt 0.046573 0.929034
vt 0.053568 0.921367
vt 0.018671 0.931881
vt 0.030169 0.932906
vt 0.017442 0.938417
vt 0.027796 0.937585
vt 0.039073 0.938519
vt 0.041982 0.934573
vt 0.058040 0.937544
vt 0.062511 0.932859
vt 0.055110 0.941011
vt 0.077426 0.944979
vt 0.080014 0.942174
vt 0.083879 0.938528
vt 0.069034 0.926439
vt 0.089417 0.933563
vt 0.017683 0.943314
vt 0.026418 0.941424
vt 0.019253 0.947935
vt 0.026275 0.945393
vt 0.036463 0.945665
vt 0.037220 0.942041
vt 0.022034 0.953380
vt 0.027583 0.949957
vt 0.328340 0.963723
vt 0.333140 0.956834
vt 0.341740 0.951431
vt 0.037033 0.949579
vt 0.052742 0.951663
vt 0.052406 0.947937
vt 0.353788 0.943300
vt 0.366456 0.930219
vt 0.074879 0.954754
vt 0.074827 0.951303
vt 0.053237 0.944384
vt 0.075695 0.947984
vt 0.179190 0.843048
vt 0.176434 0.842270
vt 0.177086 0.851098
vt 0.179441 0.852179
vt 0.174163 0.841295
vt 0.175193 0.849795
vt 0.176750 0.859570
vt 0.178390 0.861100
vt 0.180339 0.862502
vt 0.172108 0.839874
vt 0.173335 0.848396
vt 0.168431 0.838032
vt 0.170166 0.847112
vt 0.171741 0.857304
vt 0.174909 0.858188
vt 0.176425 0.871728
vt 0.178196 0.873004
vt 0.173368 0.871071
vt 0.175052 0.889264
vt 0.177774 0.889708
vt 0.179352 0.890735
vt 0.179609 0.874516
vt 0.181255 0.875943
vt 0.180543 0.892004
vt 0.181914 0.893220
vt 0.460090 0.070540
vt 0.486711 0.073723
vt 0.488569 0.072238
vt 0.461804 0.068991
vt 0.503007 0.075939
vt 0.504749 0.074465
vt 0.505490 0.073465
vt 0.489402 0.071308
vt 0.462612 0.068083
vt 0.512024 0.076873
vt 0.513476 0.075317
vt 0.517487 0.076761
vt 0.518595 0.074648
vt 0.519010 0.073161
vt 0.514087 0.074215
vt 0.514094 0.073118
vt 0.505558 0.072554
vt 0.518872 0.071758
vt 0.518336 0.070369
vt 0.513725 0.071949
vt 0.505252 0.071564
vt 0.489553 0.070556
vt 0.462819 0.067457
vt 0.489347 0.069741
vt 0.462726 0.066786
vt 0.289295 0.056523
vt 0.328065 0.059235
vt 0.328032 0.057192
vt 0.288844 0.054370
vt 0.374012 0.062752
vt 0.374601 0.060879
vt 0.374896 0.059853
vt 0.328026 0.056090
vt 0.288639 0.053221
vt 0.420305 0.066658
vt 0.421536 0.064969
vt 0.422135 0.064019
vt 0.422316 0.063443
vt 0.375003 0.059283
vt 0.422298 0.062858
vt 0.375031 0.058738
vt 0.328052 0.055512
vt 0.288619 0.052643
vt 0.328115 0.054984
vt 0.288727 0.052122
vt 0.235609 0.053657
vt 0.241042 0.053890
vt 0.241276 0.051827
vt 0.236258 0.051414
vt 0.249352 0.054348
vt 0.249137 0.052240
vt 0.249078 0.051160
vt 0.241462 0.050822
vt 0.236697 0.050319
vt 0.264216 0.055087
vt 0.263736 0.052919
vt 0.263533 0.051783
vt 0.263547 0.051235
vt 0.249173 0.050664
vt 0.263723 0.050725
vt 0.249418 0.050164
vt 0.241654 0.050376
vt 0.236994 0.049827
vt 0.241941 0.049850
vt 0.237350 0.049174
vt 0.728070 0.068063
vt 0.731188 0.051406
vt 0.728497 0.050334
vt 0.725744 0.067161
vt 0.733137 0.039402
vt 0.730177 0.038258
vt 0.728659 0.037786
vt 0.727074 0.049939
vt 0.724495 0.066855
vt 0.733928 0.029864
vt 0.730588 0.028965
vt 0.733502 0.020235
vt 0.729658 0.020020
vt 0.727976 0.019926
vt 0.728943 0.028578
vt 0.728079 0.028450
vt 0.727831 0.037777
vt 0.727191 0.019825
vt 0.726105 0.019768
vt 0.726896 0.028482
vt 0.726709 0.038052
vt 0.726299 0.050056
vt 0.723811 0.067022
vt 0.725330 0.050530
vt 0.723031 0.067545
vt 0.945600 0.027676
vt 0.946120 0.028118
vt 0.952350 0.020912
vt 0.951833 0.020474
vt 0.946597 0.028538
vt 0.952756 0.021258
vt 0.708855 0.162677
vt 0.709385 0.162796
vt 0.710434 0.158113
vt 0.710023 0.157988
vt 0.708176 0.162510
vt 0.709467 0.157886
vt 0.947269 0.029122
vt 0.953221 0.021658
vt 0.709984 0.162932
vt 0.710920 0.158371
vt 0.711965 0.155656
vt 0.710810 0.155503
vt 0.713005 0.152981
vt 0.711335 0.153232
vt 0.710341 0.155405
vt 0.709921 0.155322
vt 0.710723 0.153221
vt 0.710360 0.153149
vt 0.879336 0.100043
vt 0.879834 0.100569
vt 0.884817 0.095468
vt 0.884303 0.094941
vt 0.881025 0.101859
vt 0.886022 0.096714
vt 0.886856 0.095757
vt 0.885688 0.094564
vt 0.885169 0.094038
vt 0.883914 0.104994
vt 0.888885 0.099688
vt 0.889584 0.098584
vt 0.893152 0.094271
vt 0.890593 0.091697
vt 0.900685 0.085442
vt 0.898388 0.083168
vt 0.889482 0.090583
vt 0.888958 0.090058
vt 0.897368 0.082154
vt 0.896841 0.081632
vt 0.118769 0.304439
vt 0.119506 0.304460
vt 0.121481 0.244808
vt 0.120728 0.244779
vt 0.121324 0.304508
vt 0.123336 0.244877
vt 0.125070 0.203966
vt 0.123179 0.203885
vt 0.122411 0.203853
vt 0.125699 0.304635
vt 0.127802 0.245052
vt 0.129619 0.204171
vt 0.130767 0.178394
vt 0.126177 0.178193
vt 0.131319 0.163839
vt 0.126756 0.163648
vt 0.124267 0.178114
vt 0.123486 0.178080
vt 0.124852 0.163574
vt 0.124062 0.163544
vt 0.120803 0.642044
vt 0.121540 0.642008
vt 0.118758 0.567648
vt 0.118033 0.567666
vt 0.123356 0.641915
vt 0.120544 0.567605
vt 0.119313 0.478562
vt 0.117533 0.478569
vt 0.116810 0.478572
vt 0.127724 0.641688
vt 0.124842 0.567498
vt 0.123598 0.478542
vt 0.124008 0.386800
vt 0.119696 0.386747
vt 0.117904 0.386724
vt 0.117178 0.386715
vt 0.126176 0.726541
vt 0.126956 0.726486
vt 0.126756 0.723758
vt 0.125978 0.723815
vt 0.128878 0.726345
vt 0.128675 0.723618
vt 0.127952 0.713765
vt 0.126051 0.713904
vt 0.125280 0.713957
vt 0.133503 0.725996
vt 0.133289 0.723268
vt 0.132528 0.713423
vt 0.130670 0.688316
vt 0.126187 0.688629
vt 0.124324 0.688754
vt 0.123568 0.688806
vt 0.230346 0.790443
vt 0.233265 0.790702
vt 0.233319 0.790092
vt 0.230396 0.789839
vt 0.239807 0.791262
vt 0.239858 0.790647
vt 0.239985 0.789137
vt 0.233449 0.788588
vt 0.230520 0.788341
vt 0.252653 0.792343
vt 0.252700 0.791728
vt 0.274478 0.793947
vt 0.274518 0.793324
vt 0.274617 0.791793
vt 0.252817 0.790207
vt 0.253097 0.786543
vt 0.240287 0.785501
vt 0.274852 0.788114
vt 0.233755 0.784961
vt 0.230819 0.784717
vt 0.387733 0.793399
vt 0.422262 0.794544
vt 0.347789 0.791836
vt 0.347631 0.795548
vt 0.387598 0.797111
vt 0.422147 0.798251
vt 0.308242 0.790041
vt 0.308053 0.793750
vt 0.307973 0.795290
vt 0.347566 0.797093
vt 0.307941 0.795913
vt 0.347540 0.797719
vt 0.387542 0.798658
vt 0.422101 0.799788
vt 0.387519 0.799285
vt 0.422082 0.800412
vt 0.468941 0.795798
vt 0.473402 0.795937
vt 0.460506 0.795567
vt 0.460410 0.799229
vt 0.468837 0.799447
vt 0.473285 0.799578
vt 0.445734 0.795191
vt 0.445637 0.798872
vt 0.445598 0.800401
vt 0.460372 0.800751
vt 0.445582 0.801021
vt 0.460357 0.801363
vt 0.468797 0.800965
vt 0.473239 0.801084
vt 0.468781 0.801577
vt 0.473222 0.801694
vt 0.584150 0.696727
vt 0.588269 0.650175
vt 0.581743 0.721733
vt 0.586289 0.722164
vt 0.588619 0.697140
vt 0.592630 0.650519
vt 0.580785 0.731612
vt 0.580434 0.735319
vt 0.585008 0.735738
vt 0.585355 0.732041
vt 0.587252 0.732219
vt 0.588178 0.722339
vt 0.586899 0.735908
vt 0.587664 0.735982
vt 0.588022 0.732291
vt 0.588944 0.722412
vt 0.590476 0.697308
vt 0.594443 0.650659
vt 0.591229 0.697374
vt 0.595178 0.650716
vt 0.600020 0.396111
vt 0.601000 0.314563
vt 0.597409 0.487374
vt 0.601680 0.487536
vt 0.604311 0.396204
vt 0.605347 0.314581
vt 0.593321 0.576066
vt 0.597610 0.576304
vt 0.599393 0.576403
vt 0.603454 0.487602
vt 0.600116 0.576443
vt 0.604174 0.487628
vt 0.606093 0.396241
vt 0.607153 0.314590
vt 0.606816 0.396257
vt 0.607886 0.314595
vt 0.599630 0.189996
vt 0.599433 0.175851
vt 0.600087 0.215301
vt 0.604618 0.215227
vt 0.604219 0.189922
vt 0.604030 0.175786
vt 0.600732 0.255621
vt 0.605170 0.255579
vt 0.607014 0.255565
vt 0.606500 0.215199
vt 0.607762 0.255560
vt 0.607265 0.215188
vt 0.606127 0.189896
vt 0.605944 0.175767
vt 0.606905 0.189887
vt 0.606731 0.175760
vt 0.450992 0.940027
vt 0.450463 0.927325
vt 0.451174 0.946344
vt 0.455285 0.945992
vt 0.454827 0.939687
vt 0.453866 0.927023
vt 0.451078 0.947611
vt 0.451584 0.954590
vt 0.455942 0.954211
vt 0.455344 0.947248
vt 0.457128 0.947096
vt 0.457019 0.945844
vt 0.457751 0.954054
vt 0.458495 0.953990
vt 0.457873 0.947032
vt 0.457764 0.945780
vt 0.456467 0.939538
vt 0.455358 0.926888
vt 0.457209 0.939470
vt 0.456093 0.926821
vt 0.183344 0.970429
vt 0.182334 0.967963
vt 0.184690 0.973166
vt 0.185008 0.972934
vt 0.184241 0.970216
vt 0.183696 0.968100
vt 0.186439 0.977456
vt 0.445622 0.849514
vt 0.443808 0.839462
vt 0.446466 0.849434
vt 0.444323 0.839409
vt 0.186781 0.977346
vt 0.187114 0.977280
vt 0.185328 0.972878
vt 0.447065 0.849382
vt 0.444817 0.839378
vt 0.447719 0.849328
vt 0.445483 0.839349
vt 0.187572 0.977216
vt 0.185790 0.972904
vt 0.184607 0.970188
vt 0.184169 0.968133
vt 0.184930 0.970278
vt 0.184437 0.968210
vt 0.276975 0.867135
vt 0.270974 0.874512
vt 0.257201 0.856896
vt 0.251472 0.865023
vt 0.245363 0.873826
vt 0.264057 0.882272
vt 0.238053 0.848477
vt 0.232657 0.857498
vt 0.222652 0.843506
vt 0.217849 0.853132
vt 0.213820 0.864155
vt 0.227485 0.867483
vt 0.221992 0.880261
vt 0.237995 0.885147
vt 0.210261 0.877993
vt 0.206699 0.895223
vt 0.215979 0.896741
vt 0.229131 0.900177
vt 0.255065 0.892142
vt 0.243511 0.905380
vt 0.931962 0.958410
vt 0.959525 0.959313
vt 0.957551 0.948499
vt 0.930259 0.947651
vt 0.977494 0.959997
vt 0.975519 0.949236
vt 0.974477 0.934388
vt 0.956583 0.933675
vt 0.929513 0.932909
vt 0.988652 0.960501
vt 0.986866 0.949923
vt 0.995997 0.960838
vt 0.994512 0.950569
vt 0.993579 0.935941
vt 0.985854 0.935134
vt 0.985391 0.918455
vt 0.974083 0.917737
vt 0.993054 0.919353
vt 0.956298 0.917121
vt 0.929403 0.916460
vt 0.760457 0.952734
vt 0.800112 0.954133
vt 0.800701 0.943865
vt 0.761730 0.942557
vt 0.846059 0.955695
vt 0.845808 0.945263
vt 0.845950 0.930725
vt 0.801376 0.929401
vt 0.762905 0.928108
vt 0.892079 0.957168
vt 0.891007 0.946556
vt 0.890656 0.931916
vt 0.890769 0.915540
vt 0.846321 0.914400
vt 0.802052 0.913108
vt 0.763931 0.911798
vt 0.697727 0.952784
vt 0.704782 0.952320
vt 0.706428 0.941979
vt 0.699291 0.942577
vt 0.715642 0.951970
vt 0.717336 0.941648
vt 0.719084 0.926982
vt 0.708319 0.927268
vt 0.701294 0.927968
vt 0.733243 0.952033
vt 0.734849 0.941804
vt 0.736377 0.927256
vt 0.737745 0.910818
vt 0.720731 0.910390
vt 0.710211 0.910606
vt 0.703408 0.911406
vt 0.699741 0.075519
vt 0.697589 0.060296
vt 0.685506 0.063022
vt 0.689806 0.077764
vt 0.695072 0.049515
vt 0.681269 0.052712
vt 0.662838 0.058372
vt 0.669022 0.067681
vt 0.676183 0.081394
vt 0.691916 0.040880
vt 0.676818 0.044860
vt 0.687407 0.031934
vt 0.671548 0.037046
vt 0.651867 0.045071
vt 0.657369 0.051635
vt 0.637231 0.060021
vt 0.643518 0.065828
vt 0.631632 0.054352
vt 0.651468 0.074025
vt 0.661464 0.086329
vt 0.935300 0.018736
vt 0.944014 0.013948
vt 0.937071 0.020296
vt 0.945061 0.014796
vt 0.699977 0.158876
vt 0.700929 0.159236
vt 0.702795 0.156266
vt 0.701934 0.156183
vt 0.938688 0.021715
vt 0.946009 0.015564
vt 0.939993 0.022840
vt 0.946766 0.016183
vt 0.701741 0.159590
vt 0.702395 0.159924
vt 0.704332 0.156337
vt 0.703628 0.156312
vt 0.703308 0.152834
vt 0.702163 0.152765
vt 0.704413 0.153138
vt 0.703432 0.147621
vt 0.701327 0.146340
vt 0.699446 0.146172
vt 0.701039 0.152939
vt 0.697469 0.146545
vt 0.838094 0.058068
vt 0.844395 0.054316
vt 0.848452 0.069180
vt 0.854425 0.065023
vt 0.856613 0.065452
vt 0.847082 0.055307
vt 0.858235 0.079442
vt 0.863930 0.074892
vt 0.866351 0.087740
vt 0.871790 0.082841
vt 0.873117 0.082322
vt 0.865647 0.074808
vt 0.870790 0.072112
vt 0.862470 0.063553
vt 0.877616 0.078919
vt 0.886453 0.071439
vt 0.880560 0.065586
vt 0.873318 0.058228
vt 0.853675 0.054283
vt 0.865602 0.050199
vt 0.059028 0.303310
vt 0.059830 0.243175
vt 0.074799 0.303518
vt 0.075890 0.243461
vt 0.076850 0.202441
vt 0.060586 0.202157
vt 0.089359 0.303769
vt 0.090730 0.243810
vt 0.100991 0.304008
vt 0.102592 0.244153
vt 0.103942 0.203167
vt 0.091898 0.202800
vt 0.092779 0.177117
vt 0.077708 0.176786
vt 0.104859 0.177449
vt 0.105496 0.162970
vt 0.093566 0.162671
vt 0.078695 0.162370
vt 0.061427 0.176517
vt 0.062624 0.162112
vt 0.060851 0.644320
vt 0.059158 0.568832
vt 0.076714 0.643859
vt 0.074730 0.568577
vt 0.073724 0.478728
vt 0.058257 0.478791
vt 0.091341 0.643346
vt 0.089088 0.568307
vt 0.103010 0.642874
vt 0.100546 0.568069
vt 0.099396 0.478633
vt 0.087997 0.478674
vt 0.088198 0.386422
vt 0.073848 0.386320
vt 0.099661 0.386523
vt 0.058302 0.386240
vt 0.063422 0.729436
vt 0.063342 0.726715
vt 0.079890 0.728882
vt 0.079790 0.726161
vt 0.079420 0.716314
vt 0.063049 0.716874
vt 0.095129 0.728262
vt 0.095010 0.725535
vt 0.107352 0.727682
vt 0.107214 0.724950
vt 0.106696 0.715074
vt 0.094567 0.715675
vt 0.093393 0.690492
vt 0.078451 0.691126
vt 0.105332 0.689897
vt 0.062274 0.691690
vt 0.730886 0.255589
vt 0.727521 0.255547
vt 0.738339 0.255668
vt 0.738533 0.240884
vt 0.731109 0.240769
vt 0.727762 0.240712
vt 0.752828 0.255797
vt 0.777160 0.256042
vt 0.777354 0.241366
vt 0.752997 0.241072
vt 0.753181 0.227465
vt 0.738748 0.227260
vt 0.777545 0.227777
vt 0.777700 0.216889
vt 0.753330 0.216587
vt 0.738923 0.216395
vt 0.731356 0.227132
vt 0.728025 0.227067
vt 0.731560 0.216272
vt 0.728246 0.216206
vt 0.940966 0.221071
vt 0.902806 0.219656
vt 0.902457 0.230529
vt 0.940535 0.231924
vt 0.858703 0.218387
vt 0.858434 0.229277
vt 0.858104 0.242856
vt 0.902030 0.244084
vt 0.940001 0.245449
vt 0.814909 0.217458
vt 0.814707 0.228349
vt 0.814458 0.241937
vt 0.814192 0.256602
vt 0.857753 0.257513
vt 0.901580 0.258703
vt 0.939431 0.260026
vt 0.997865 0.223688
vt 0.992870 0.223454
vt 0.992369 0.234284
vt 0.997370 0.234519
vt 0.983449 0.223002
vt 0.982944 0.233836
vt 0.982314 0.247370
vt 0.991741 0.247829
vt 0.996748 0.248073
vt 0.966999 0.222218
vt 0.966511 0.233060
vt 0.965905 0.246582
vt 0.965237 0.261164
vt 0.981609 0.261994
vt 0.991036 0.262487
vt 0.996048 0.262749
vt 0.612930 0.652034
vt 0.609394 0.698909
vt 0.621281 0.699802
vt 0.624565 0.652826
vt 0.607416 0.723993
vt 0.619483 0.724895
vt 0.634559 0.725911
vt 0.636153 0.700820
vt 0.639141 0.653748
vt 0.606646 0.733898
vt 0.618785 0.734798
vt 0.606363 0.737616
vt 0.618525 0.738517
vt 0.633717 0.739528
vt 0.633945 0.735808
vt 0.650334 0.736751
vt 0.650855 0.726862
vt 0.650141 0.740467
vt 0.652245 0.701800
vt 0.654943 0.654661
vt 0.625555 0.314736
vt 0.624246 0.396653
vt 0.635652 0.396925
vt 0.637120 0.314873
vt 0.621528 0.488261
vt 0.632885 0.488679
vt 0.647104 0.489195
vt 0.649930 0.397287
vt 0.651597 0.315089
vt 0.617563 0.577379
vt 0.628991 0.577978
vt 0.643306 0.578692
vt 0.658827 0.579423
vt 0.662511 0.489753
vt 0.665400 0.397707
vt 0.667280 0.315376
vt 0.625365 0.175699
vt 0.625512 0.189763
vt 0.637597 0.189780
vt 0.637375 0.175745
vt 0.625657 0.215037
vt 0.637658 0.215034
vt 0.652651 0.215115
vt 0.652675 0.189894
vt 0.652358 0.175865
vt 0.625791 0.255483
vt 0.637586 0.255500
vt 0.652345 0.255609
vt 0.668317 0.255820
vt 0.668857 0.215315
vt 0.668961 0.190120
vt 0.668548 0.176113
vt 0.471054 0.925382
vt 0.473467 0.937926
vt 0.483536 0.936868
vt 0.479884 0.924450
vt 0.474840 0.944143
vt 0.485701 0.943001
vt 0.499255 0.941449
vt 0.496118 0.935435
vt 0.490929 0.923192
vt 0.475403 0.945352
vt 0.486709 0.944159
vt 0.476354 0.952319
vt 0.487945 0.951093
vt 0.502403 0.949426
vt 0.500815 0.942536
vt 0.516090 0.940673
vt 0.513931 0.939661
vt 0.518017 0.947538
vt 0.509751 0.933771
vt 0.502910 0.921716
vt 0.191938 0.964780
vt 0.190363 0.969893
vt 0.192006 0.969852
vt 0.194612 0.963678
vt 0.190727 0.972991
vt 0.191897 0.973126
vt 0.193280 0.973291
vt 0.193853 0.970067
vt 0.197232 0.963765
vt 0.192511 0.976520
vt 0.193457 0.976448
vt 0.452201 0.838972
vt 0.455188 0.848627
vt 0.457214 0.848405
vt 0.453606 0.838827
vt 0.459742 0.848113
vt 0.455358 0.838638
vt 0.194646 0.976445
vt 0.196061 0.976463
vt 0.194655 0.973450
vt 0.462494 0.847773
vt 0.457246 0.838418
vt 0.195652 0.970509
vt 0.199944 0.964438
vt 0.114269 0.943312
vt 0.119870 0.939004
vt 0.110144 0.946627
vt 0.134659 0.955821
vt 0.137570 0.953924
vt 0.141167 0.951383
vt 0.107198 0.949111
vt 0.105138 0.951172
vt 0.130215 0.958472
vt 0.132085 0.957156
vt 0.150922 0.964586
vt 0.154113 0.964405
vt 0.148598 0.965132
vt 0.156365 0.963552
vt 0.158400 0.962141
vt 0.145188 0.922937
vt 0.154072 0.918707
vt 0.135981 0.928070
vt 0.151190 0.944811
vt 0.156949 0.941681
vt 0.162597 0.938871
vt 0.127305 0.933654
vt 0.145811 0.948189
vt 0.160900 0.960342
vt 0.163832 0.958527
vt 0.167154 0.957057
vt 0.170445 0.955382
vt 0.181199 0.913304
vt 0.182292 0.914167
vt 0.180266 0.912411
vt 0.181237 0.932919
vt 0.181918 0.933579
vt 0.182736 0.934075
vt 0.178996 0.911716
vt 0.176764 0.911488
vt 0.178548 0.931761
vt 0.180267 0.932096
vt 0.181362 0.946902
vt 0.182171 0.948443
vt 0.180014 0.946039
vt 0.181087 0.953302
vt 0.182205 0.956114
vt 0.183009 0.958070
vt 0.182655 0.949119
vt 0.183224 0.949329
vt 0.183385 0.958731
vt 0.183757 0.958772
vt 0.229827 0.922346
vt 0.239969 0.926336
vt 0.219071 0.918988
vt 0.210030 0.937581
vt 0.217286 0.939509
vt 0.224217 0.941847
vt 0.209451 0.916797
vt 0.202834 0.915825
vt 0.199328 0.935942
vt 0.203611 0.936442
vt 0.198778 0.952742
vt 0.202807 0.953037
vt 0.196129 0.952582
vt 0.207310 0.954066
vt 0.211637 0.955433
vt 0.258585 0.935624
vt 0.261792 0.937660
vt 0.254058 0.933114
vt 0.234136 0.945679
vt 0.237785 0.946889
vt 0.240414 0.948026
vt 0.247942 0.929995
vt 0.229726 0.943968
vt 0.215122 0.956621
vt 0.218360 0.957251
vt 0.222013 0.957033
vt 0.224659 0.957209
vt 0.529266 0.897529
vt 0.526181 0.898739
vt 0.265441 0.942227
vt 0.265968 0.944974
vt 0.242843 0.952046
vt 0.243887 0.954185
vt 0.509792 0.878896
vt 0.507476 0.880435
vt 0.264050 0.939792
vt 0.241882 0.949843
vt 0.224827 0.959137
vt 0.224753 0.961382
vt 0.492234 0.861995
vt 0.491396 0.864365
vt 0.226634 0.962576
vt 0.510321 0.901362
vt 0.502329 0.902478
vt 0.516950 0.900383
vt 0.499687 0.881012
vt 0.494619 0.881555
vt 0.488726 0.882352
vt 0.522202 0.899546
vt 0.504080 0.880847
vt 0.487979 0.863835
vt 0.483517 0.862536
vt 0.479626 0.862428
vt 0.475704 0.862962
vt 0.459050 0.864970
vt 0.462415 0.864602
vt 0.463331 0.885374
vt 0.468475 0.884821
vt 0.474914 0.884084
vt 0.466624 0.864113
vt 0.467517 0.906656
vt 0.474586 0.905902
vt 0.483428 0.904891
vt 0.493020 0.903711
vt 0.481909 0.883233
vt 0.471210 0.863548
vt 0.444655 0.866347
vt 0.447139 0.866132
vt 0.444650 0.887128
vt 0.448483 0.886804
vt 0.450560 0.886620
vt 0.448537 0.866007
vt 0.444374 0.908796
vt 0.449606 0.908355
vt 0.452386 0.908108
vt 0.453666 0.907993
vt 0.451595 0.886526
vt 0.454390 0.907927
vt 0.452300 0.886462
vt 0.449335 0.865934
vt 0.450012 0.865871
vt 0.414079 0.910807
vt 0.404001 0.911271
vt 0.425150 0.910181
vt 0.430627 0.888155
vt 0.422563 0.888636
vt 0.415205 0.889007
vt 0.435730 0.909464
vt 0.438346 0.887622
vt 0.440602 0.866676
vt 0.435652 0.867039
vt 0.430473 0.867373
vt 0.425729 0.867631
vt 0.387120 0.911768
vt 0.384327 0.911555
vt 0.390936 0.911713
vt 0.405454 0.889576
vt 0.402207 0.890128
vt 0.399692 0.890185
vt 0.396417 0.911552
vt 0.409629 0.889252
vt 0.422102 0.867802
vt 0.418948 0.868576
vt 0.415518 0.870580
vt 0.412803 0.871568
vt 0.103631 0.953691
vt 0.102716 0.956623
vt 0.128876 0.963158
vt 0.129373 0.960609
vt 0.102465 0.959680
vt 0.381660 0.910700
vt 0.397547 0.888891
vt 0.128052 0.965595
vt 0.147805 0.971116
vt 0.149620 0.969517
vt 0.411826 0.869252
vt 0.149026 0.967162
vt 0.962142 0.114880
vt 0.959363 0.113925
vt 0.790490 0.140572
vt 0.790851 0.143595
vt 0.766521 0.146947
vt 0.767441 0.149394
vt 0.962794 0.088582
vt 0.960188 0.088279
vt 0.789521 0.137674
vt 0.787992 0.135218
vt 0.764963 0.142274
vt 0.765897 0.144395
vt 0.747470 0.150945
vt 0.747067 0.153335
vt 0.747743 0.148896
vt 0.963375 0.065208
vt 0.961094 0.066367
vt 0.748908 0.154959
vt 0.949958 0.106475
vt 0.944362 0.101600
vt 0.954074 0.109973
vt 0.956013 0.084321
vt 0.952987 0.081537
vt 0.948845 0.077986
vt 0.956990 0.112372
vt 0.958198 0.086716
vt 0.959511 0.063974
vt 0.958006 0.060379
vt 0.955986 0.057863
vt 0.953235 0.055500
vt 0.921629 0.081139
vt 0.915659 0.075503
vt 0.929084 0.087993
vt 0.937588 0.068102
vt 0.932095 0.063128
vt 0.927610 0.059080
vt 0.937012 0.095137
vt 0.943440 0.073283
vt 0.949651 0.052386
vt 0.945773 0.048974
vt 0.942072 0.045733
vt 0.939072 0.043088
vt 0.909260 0.069394
vt 0.908730 0.068878
vt 0.910157 0.070245
vt 0.923423 0.055261
vt 0.922683 0.054568
vt 0.922156 0.054082
vt 0.912070 0.072076
vt 0.924891 0.056612
vt 0.937246 0.041470
vt 0.936224 0.040552
vt 0.935617 0.040025
vt 0.935089 0.039562
vt 0.882782 0.043280
vt 0.876817 0.037122
vt 0.889004 0.049617
vt 0.906603 0.039312
vt 0.902006 0.034806
vt 0.897571 0.030390
vt 0.894826 0.055421
vt 0.899560 0.060030
vt 0.914318 0.046716
vt 0.910896 0.043419
vt 0.926268 0.031571
vt 0.923477 0.028963
vt 0.928510 0.033633
vt 0.920440 0.026112
vt 0.917468 0.023294
vt 0.864352 0.023862
vt 0.861983 0.021021
vt 0.867622 0.027396
vt 0.890444 0.023343
vt 0.887401 0.020763
vt 0.885190 0.018521
vt 0.871774 0.031816
vt 0.893788 0.026549
vt 0.914899 0.020798
vt 0.911986 0.018792
vt 0.908079 0.017296
vt 0.905311 0.015758
vt 0.638325 0.119207
vt 0.640792 0.117102
vt 0.636698 0.121745
vt 0.658294 0.132292
vt 0.659448 0.130037
vt 0.661079 0.128235
vt 0.635931 0.124650
vt 0.860505 0.018285
vt 0.884367 0.015973
vt 0.657082 0.134499
vt 0.673333 0.143215
vt 0.675250 0.142031
vt 0.905963 0.013442
vt 0.675383 0.139762
vt 0.675732 0.137834
vt 0.655014 0.110309
vt 0.663021 0.107021
vt 0.648810 0.113067
vt 0.667403 0.126245
vt 0.671724 0.124794
vt 0.677030 0.122955
vt 0.644156 0.115272
vt 0.663767 0.127232
vt 0.678320 0.137781
vt 0.681772 0.138197
vt 0.684765 0.137798
vt 0.687873 0.136876
vt 0.701616 0.134372
vt 0.698957 0.134752
vt 0.701454 0.116953
vt 0.696848 0.117841
vt 0.690546 0.119073
vt 0.695477 0.134990
vt 0.701129 0.096071
vt 0.693860 0.097650
vt 0.683946 0.100071
vt 0.673131 0.103337
vt 0.683609 0.120880
vt 0.691610 0.135802
vt 0.715816 0.136029
vt 0.717614 0.127915
vt 0.716437 0.128564
vt 0.714497 0.139098
vt 0.720404 0.112401
vt 0.719033 0.112226
vt 0.718220 0.112531
vt 0.715606 0.129954
vt 0.713517 0.141192
vt 0.724089 0.090672
vt 0.722284 0.089992
vt 0.721296 0.089762
vt 0.720726 0.089894
vt 0.717725 0.112742
vt 0.720080 0.090300
vt 0.717154 0.112953
vt 0.715144 0.130433
vt 0.713070 0.141829
vt 0.714640 0.130475
vt 0.712680 0.141765
vt 0.767591 0.117711
vt 0.774298 0.123442
vt 0.759760 0.111467
vt 0.744397 0.127625
vt 0.749693 0.131516
vt 0.754262 0.135105
vt 0.751431 0.105479
vt 0.743422 0.100372
vt 0.733436 0.120739
vt 0.738776 0.123976
vt 0.728236 0.139952
vt 0.731822 0.141621
vt 0.724987 0.138174
vt 0.735087 0.143711
vt 0.737877 0.145776
vt 0.785990 0.133309
vt 0.783199 0.131008
vt 0.760620 0.139738
vt 0.763121 0.141014
vt 0.779395 0.127811
vt 0.757783 0.137818
vt 0.740084 0.147329
vt 0.742379 0.148218
vt 0.745472 0.148371
vt 0.140819 0.849483
vt 0.134464 0.838260
vt 0.145930 0.861306
vt 0.157791 0.858460
vt 0.154447 0.846793
vt 0.149794 0.835817
vt 0.150705 0.875767
vt 0.155862 0.893876
vt 0.164256 0.891273
vt 0.160852 0.872930
vt 0.168314 0.871459
vt 0.166260 0.857330
vt 0.170599 0.889777
vt 0.164180 0.846364
vt 0.161202 0.836241
vt 0.206316 0.877948
vt 0.203838 0.895262
vt 0.208712 0.863953
vt 0.206661 0.864559
vt 0.204423 0.878385
vt 0.201967 0.895585
vt 0.211703 0.852776
vt 0.215644 0.843422
vt 0.212668 0.845240
vt 0.209229 0.853829
vt 0.203570 0.853997
vt 0.201392 0.864732
vt 0.207000 0.845659
vt 0.200117 0.845469
vt 0.197071 0.854074
vt 0.195565 0.864968
vt 0.199693 0.878544
vt 0.197825 0.895675
vt 0.194589 0.878733
vt 0.193457 0.895748
vt 0.475193 0.085921
vt 0.449774 0.083241
vt 0.491756 0.088048
vt 0.496016 0.082146
vt 0.479475 0.079960
vt 0.453566 0.077086
vt 0.502095 0.089518
vt 0.508902 0.090617
vt 0.512368 0.084430
vt 0.505991 0.083484
vt 0.509433 0.079406
vt 0.499936 0.078289
vt 0.515362 0.079966
vt 0.483500 0.076094
vt 0.457175 0.073046
vt 0.991274 0.964621
vt 0.998000 0.964560
vt 0.980608 0.964376
vt 0.501680 0.058447
vt 0.492225 0.057804
vt 0.495446 0.058330
vt 0.504212 0.059070
vt 0.507546 0.058146
vt 0.509306 0.058878
vt 0.962802 0.963817
vt 0.934936 0.962895
vt 0.476319 0.056086
vt 0.451415 0.053420
vt 0.454643 0.053812
vt 0.479811 0.056526
vt 0.482997 0.059231
vt 0.498363 0.060992
vt 0.457568 0.056456
vt 0.459883 0.059597
vt 0.485537 0.062414
vt 0.500750 0.064076
vt 0.506559 0.061556
vt 0.511048 0.061416
vt 0.508665 0.064448
vt 0.512665 0.063997
vt 0.328081 0.074905
vt 0.291727 0.072852
vt 0.370442 0.077452
vt 0.371789 0.070557
vt 0.328151 0.067680
vt 0.290933 0.065404
vt 0.412968 0.080281
vt 0.415666 0.073783
vt 0.418230 0.069424
vt 0.373026 0.065822
vt 0.328125 0.062597
vt 0.290056 0.060090
vt 0.894124 0.961456
vt 0.846868 0.959691
vt 0.414954 0.049438
vt 0.372724 0.044934
vt 0.373658 0.045503
vt 0.417208 0.049887
vt 0.799691 0.957829
vt 0.759136 0.956213
vt 0.330672 0.040658
vt 0.294635 0.037183
vt 0.293382 0.038078
vt 0.330315 0.041383
vt 0.329741 0.044338
vt 0.374336 0.048301
vt 0.291994 0.041222
vt 0.290788 0.044752
vt 0.329172 0.047720
vt 0.374794 0.051554
vt 0.419178 0.052570
vt 0.420702 0.055732
vt 0.240420 0.070591
vt 0.233480 0.070645
vt 0.250693 0.070868
vt 0.250213 0.063292
vt 0.240515 0.062946
vt 0.233996 0.062978
vt 0.266880 0.071609
vt 0.265983 0.064081
vt 0.265030 0.058693
vt 0.249744 0.057912
vt 0.240756 0.057476
vt 0.234776 0.057408
vt 0.731674 0.955492
vt 0.714262 0.955530
vt 0.270058 0.035192
vt 0.254146 0.034423
vt 0.253153 0.035599
vt 0.268672 0.036250
vt 0.703812 0.955984
vt 0.697132 0.956434
vt 0.244422 0.034230
vt 0.238220 0.033793
vt 0.238377 0.034812
vt 0.244068 0.035362
vt 0.244096 0.038607
vt 0.252430 0.038998
vt 0.238968 0.037972
vt 0.239673 0.041479
vt 0.244256 0.042186
vt 0.251935 0.042683
vt 0.267326 0.039581
vt 0.266238 0.043258
vt 0.750871 0.060630
vt 0.744625 0.075815
vt 0.755597 0.049831
vt 0.745550 0.044854
vt 0.742110 0.056303
vt 0.737365 0.072189
vt 0.759865 0.040936
vt 0.764884 0.031136
vt 0.751320 0.024712
vt 0.748316 0.035271
vt 0.739684 0.031811
vt 0.738128 0.041528
vt 0.740665 0.021404
vt 0.735639 0.053341
vt 0.731888 0.069683
vt 0.697468 0.039462
vt 0.693771 0.030212
vt 0.699899 0.048182
vt 0.701118 0.047081
vt 0.698692 0.038206
vt 0.695341 0.029027
vt 0.701810 0.059015
vt 0.703328 0.074353
vt 0.704916 0.073666
vt 0.703194 0.058155
vt 0.707482 0.057005
vt 0.705640 0.045070
vt 0.708681 0.073046
vt 0.712871 0.072584
vt 0.712473 0.055961
vt 0.711220 0.043041
vt 0.703380 0.035330
vt 0.700556 0.025655
vt 0.709403 0.032301
vt 0.707163 0.022061
vt 0.161726 0.915575
vt 0.167714 0.936353
vt 0.172153 0.934240
vt 0.168097 0.913383
vt 0.173454 0.952922
vt 0.179010 0.962599
vt 0.180085 0.959822
vt 0.176131 0.950232
vt 0.178257 0.947560
vt 0.175801 0.932592
vt 0.180815 0.956692
vt 0.173127 0.912040
vt 0.182292 0.965739
vt 0.183676 0.966313
vt 0.183718 0.964725
vt 0.182559 0.963593
vt 0.184113 0.966442
vt 0.184325 0.966488
vt 0.184287 0.965021
vt 0.184085 0.965017
vt 0.183880 0.963048
vt 0.183526 0.962555
vt 0.184135 0.963031
vt 0.182578 0.960904
vt 0.194695 0.951746
vt 0.190935 0.961702
vt 0.197872 0.935725
vt 0.195931 0.935304
vt 0.192906 0.950240
vt 0.189749 0.959523
vt 0.200899 0.915865
vt 0.199002 0.916011
vt 0.195525 0.915985
vt 0.193176 0.934674
vt 0.191945 0.915962
vt 0.190458 0.934295
vt 0.191067 0.948356
vt 0.188873 0.956848
vt 0.189272 0.947234
vt 0.188439 0.953828
vt 0.722465 0.135638
vt 0.716783 0.146567
vt 0.728971 0.117951
vt 0.725348 0.115590
vt 0.720393 0.132730
vt 0.715985 0.143484
vt 0.736671 0.096578
vt 0.731217 0.093813
vt 0.727041 0.091899
vt 0.722506 0.113631
vt 0.718880 0.129748
vt 0.715651 0.139912
vt 0.704042 0.095130
vt 0.703855 0.116084
vt 0.705916 0.115244
vt 0.705853 0.094553
vt 0.703720 0.133158
vt 0.705149 0.144255
vt 0.706741 0.141963
vt 0.705850 0.131431
vt 0.707785 0.129398
vt 0.708356 0.114453
vt 0.708026 0.139068
vt 0.708932 0.135717
vt 0.709456 0.128230
vt 0.710689 0.114031
vt 0.708884 0.094176
vt 0.712075 0.093970
vt 0.710912 0.151285
vt 0.710629 0.151225
vt 0.711486 0.151176
vt 0.711696 0.149292
vt 0.711212 0.149606
vt 0.710955 0.149521
vt 0.713195 0.150461
vt 0.713131 0.147953
vt 0.713464 0.144732
vt 0.712296 0.146655
vt 0.711843 0.147195
vt 0.711544 0.147092
vt 0.242389 0.049040
vt 0.237922 0.048208
vt 0.249794 0.049393
vt 0.250235 0.048473
vt 0.242922 0.048086
vt 0.238608 0.047133
vt 0.263994 0.049936
vt 0.288892 0.051320
vt 0.289086 0.050380
vt 0.264310 0.049008
vt 0.264623 0.048087
vt 0.250675 0.047555
vt 0.289278 0.049444
vt 0.289439 0.048658
vt 0.264886 0.047313
vt 0.251043 0.046785
vt 0.243457 0.047128
vt 0.239285 0.046119
vt 0.243909 0.046319
vt 0.239832 0.045311
vt 0.723812 0.051280
vt 0.721834 0.068369
vt 0.724947 0.038514
vt 0.722806 0.039116
vt 0.722020 0.052202
vt 0.720428 0.069349
vt 0.724993 0.028572
vt 0.724285 0.019629
vt 0.721925 0.019414
vt 0.722646 0.028728
vt 0.720163 0.028938
vt 0.720605 0.039789
vt 0.719321 0.019188
vt 0.716906 0.019026
vt 0.717947 0.029161
vt 0.718702 0.040418
vt 0.720218 0.053165
vt 0.719040 0.070346
vt 0.718698 0.054021
vt 0.717879 0.071198
vt 0.713879 0.130546
vt 0.712085 0.141679
vt 0.716284 0.113282
vt 0.715274 0.113674
vt 0.712993 0.130643
vt 0.711387 0.141600
vt 0.719092 0.090930
vt 0.717944 0.091675
vt 0.716812 0.092424
vt 0.714274 0.114075
vt 0.715868 0.093059
vt 0.713439 0.114419
vt 0.712126 0.130754
vt 0.710698 0.141543
vt 0.711398 0.130856
vt 0.710121 0.141515
vt 0.707999 0.152395
vt 0.708520 0.152603
vt 0.709160 0.150777
vt 0.708745 0.150613
vt 0.709152 0.152825
vt 0.709671 0.150955
vt 0.710079 0.149237
vt 0.709602 0.149092
vt 0.709207 0.148978
vt 0.709801 0.153015
vt 0.710191 0.151113
vt 0.710557 0.149389
vt 0.711083 0.146947
vt 0.710541 0.146802
vt 0.709999 0.146682
vt 0.709541 0.146604
vt 0.942187 0.024722
vt 0.942955 0.025396
vt 0.949179 0.018218
vt 0.948404 0.017563
vt 0.943873 0.026194
vt 0.950101 0.019004
vt 0.704855 0.161288
vt 0.705961 0.161777
vt 0.707681 0.157392
vt 0.706767 0.157035
vt 0.703990 0.160840
vt 0.706022 0.156690
vt 0.944802 0.026992
vt 0.951035 0.019799
vt 0.707139 0.162205
vt 0.708632 0.157687
vt 0.709274 0.155168
vt 0.708523 0.154943
vt 0.707797 0.154678
vt 0.707209 0.154428
vt 0.893327 0.078173
vt 0.894134 0.078953
vt 0.906010 0.066266
vt 0.905219 0.065497
vt 0.895078 0.079887
vt 0.906957 0.067179
vt 0.920409 0.052447
vt 0.919468 0.051573
vt 0.918676 0.050845
vt 0.896032 0.080827
vt 0.907912 0.068101
vt 0.921356 0.053325
vt 0.934289 0.038846
vt 0.933344 0.038012
vt 0.932417 0.037178
vt 0.931647 0.036475
vt 0.875850 0.096667
vt 0.876669 0.097422
vt 0.881605 0.092271
vt 0.880794 0.091486
vt 0.877621 0.098328
vt 0.882558 0.093202
vt 0.883409 0.092294
vt 0.882460 0.091360
vt 0.881652 0.090572
vt 0.878556 0.099248
vt 0.883504 0.094138
vt 0.884364 0.093230
vt 0.888144 0.089247
vt 0.887187 0.088291
vt 0.886233 0.087339
vt 0.885432 0.086538
vt 0.113866 0.304311
vt 0.114978 0.304340
vt 0.116860 0.244640
vt 0.115725 0.244598
vt 0.116302 0.304373
vt 0.118211 0.244688
vt 0.119841 0.203747
vt 0.118462 0.203693
vt 0.117304 0.203646
vt 0.117633 0.304407
vt 0.119569 0.244736
vt 0.121228 0.203803
vt 0.122283 0.178032
vt 0.120873 0.177976
vt 0.122847 0.163499
vt 0.121423 0.163448
vt 0.119473 0.177922
vt 0.118296 0.177878
vt 0.120008 0.163397
vt 0.118820 0.163357
vt 0.115901 0.642286
vt 0.117014 0.642233
vt 0.114307 0.567756
vt 0.113214 0.567781
vt 0.118337 0.642167
vt 0.115608 0.567724
vt 0.114394 0.478582
vt 0.113098 0.478586
vt 0.112008 0.478590
vt 0.119668 0.642102
vt 0.116917 0.567693
vt 0.115698 0.478577
vt 0.116059 0.386701
vt 0.114747 0.386686
vt 0.113443 0.386670
vt 0.112347 0.386657
vt 0.120976 0.726907
vt 0.122158 0.726828
vt 0.121972 0.724097
vt 0.120797 0.724174
vt 0.123563 0.726729
vt 0.123371 0.724002
vt 0.122700 0.714135
vt 0.121315 0.714226
vt 0.120152 0.714301
vt 0.124973 0.726628
vt 0.124778 0.723902
vt 0.124092 0.714041
vt 0.122404 0.688883
vt 0.121039 0.688972
vt 0.119682 0.689059
vt 0.118541 0.689130
vt 0.728480 0.204270
vt 0.731753 0.204313
vt 0.731763 0.203285
vt 0.728495 0.203250
vt 0.739081 0.204379
vt 0.739091 0.203339
vt 0.739102 0.202101
vt 0.731771 0.202060
vt 0.728506 0.202042
vt 0.753478 0.204527
vt 0.753489 0.203484
vt 0.777867 0.204804
vt 0.777881 0.203757
vt 0.777898 0.202511
vt 0.753503 0.202241
vt 0.239631 0.793318
vt 0.252491 0.794411
vt 0.252578 0.793298
vt 0.239726 0.792209
vt 0.274344 0.796028
vt 0.274416 0.794906
vt 0.230161 0.792447
vt 0.233081 0.792738
vt 0.233181 0.791642
vt 0.230265 0.791369
vt 0.387485 0.800248
vt 0.422052 0.801372
vt 0.347498 0.798686
vt 0.347450 0.799816
vt 0.387444 0.801376
vt 0.422019 0.802499
vt 0.307891 0.796875
vt 0.307833 0.798002
vt 0.859061 0.203995
vt 0.815174 0.203064
vt 0.815151 0.204311
vt 0.859030 0.205241
vt 0.815132 0.205358
vt 0.859004 0.206289
vt 0.941543 0.206713
vt 0.903273 0.205277
vt 0.903232 0.206524
vt 0.941492 0.207958
vt 0.903197 0.207570
vt 0.941450 0.209003
vt 0.468757 0.802519
vt 0.473196 0.802634
vt 0.460334 0.802315
vt 0.460308 0.803428
vt 0.468730 0.803627
vt 0.473169 0.803732
vt 0.445559 0.801980
vt 0.445531 0.803103
vt 0.984146 0.208704
vt 0.967656 0.207890
vt 0.967599 0.209131
vt 0.984084 0.209942
vt 0.967550 0.210174
vt 0.984031 0.210983
vt 0.998540 0.209468
vt 0.993570 0.209202
vt 0.993505 0.210433
vt 0.998476 0.210691
vt 0.993451 0.211468
vt 0.998424 0.211721
vt 0.592389 0.697479
vt 0.596311 0.650802
vt 0.590124 0.722520
vt 0.591508 0.722648
vt 0.593749 0.697600
vt 0.597639 0.650904
vt 0.589209 0.732402
vt 0.588847 0.736105
vt 0.590241 0.736251
vt 0.590601 0.732533
vt 0.591987 0.732662
vt 0.592883 0.722774
vt 0.591634 0.736393
vt 0.592808 0.736508
vt 0.593152 0.732770
vt 0.594039 0.722876
vt 0.595101 0.697719
vt 0.598960 0.651005
vt 0.596237 0.697818
vt 0.600070 0.651088
vt 0.607929 0.396282
vt 0.609015 0.314601
vt 0.605283 0.487669
vt 0.606582 0.487718
vt 0.609234 0.396312
vt 0.610338 0.314607
vt 0.601230 0.576504
vt 0.602535 0.576576
vt 0.603833 0.576647
vt 0.607874 0.487766
vt 0.604924 0.576706
vt 0.608959 0.487805
vt 0.610531 0.396340
vt 0.611653 0.314614
vt 0.611621 0.396364
vt 0.612758 0.314622
vt 0.608104 0.189873
vt 0.607943 0.175749
vt 0.608443 0.215173
vt 0.609823 0.215154
vt 0.609508 0.189858
vt 0.609362 0.175737
vt 0.608913 0.255550
vt 0.610264 0.255541
vt 0.611606 0.255534
vt 0.611194 0.215138
vt 0.612734 0.255526
vt 0.612347 0.215125
vt 0.610903 0.189845
vt 0.610772 0.175727
vt 0.612075 0.189835
vt 0.611956 0.175718
vt 0.458352 0.939366
vt 0.457225 0.926717
vt 0.458909 0.945680
vt 0.460249 0.945560
vt 0.459692 0.939244
vt 0.458551 0.926594
vt 0.459020 0.946931
vt 0.459643 0.953892
vt 0.460993 0.953778
vt 0.460362 0.946811
vt 0.461694 0.946690
vt 0.461580 0.945438
vt 0.462340 0.953662
vt 0.463473 0.953562
vt 0.462816 0.946586
vt 0.462701 0.945332
vt 0.461024 0.939122
vt 0.459869 0.926471
vt 0.462144 0.939018
vt 0.460976 0.926367
vt 0.451059 0.865773
vt 0.448727 0.849243
vt 0.453385 0.886361
vt 0.454656 0.886241
vt 0.452285 0.865656
vt 0.449905 0.849142
vt 0.455507 0.907825
vt 0.456816 0.907704
vt 0.458115 0.907582
vt 0.455921 0.886118
vt 0.459208 0.907479
vt 0.456982 0.886016
vt 0.453504 0.865538
vt 0.451073 0.849037
vt 0.454528 0.865436
vt 0.452052 0.848946
vt 0.185449 0.970396
vt 0.184858 0.968317
vt 0.186494 0.972923
vt 0.187311 0.972913
vt 0.186089 0.970503
vt 0.185380 0.968425
vt 0.188291 0.977118
vt 0.446495 0.839306
vt 0.447661 0.839258
vt 0.189145 0.977001
vt 0.189994 0.976881
vt 0.188121 0.972871
vt 0.448798 0.839208
vt 0.449742 0.839163
vt 0.190704 0.976780
vt 0.188806 0.972813
vt 0.186743 0.970581
vt 0.185942 0.968509
vt 0.187307 0.970627
vt 0.186453 0.968560
vt 0.184526 0.962997
vt 0.184300 0.958769
vt 0.184614 0.965024
vt 0.185015 0.965030
vt 0.184989 0.962967
vt 0.184924 0.958752
vt 0.184669 0.966551
vt 0.185098 0.966609
vt 0.185544 0.966649
vt 0.185429 0.965033
vt 0.185937 0.966667
vt 0.185788 0.965035
vt 0.185456 0.962950
vt 0.185540 0.958742
vt 0.185855 0.962948
vt 0.186060 0.958742
vt 0.188216 0.895584
vt 0.186899 0.895264
vt 0.186475 0.915577
vt 0.187602 0.915793
vt 0.185285 0.894796
vt 0.185099 0.915258
vt 0.184968 0.934665
vt 0.186088 0.934831
vt 0.187009 0.934945
vt 0.183558 0.894131
vt 0.183650 0.914801
vt 0.183800 0.934423
vt 0.184014 0.949456
vt 0.184900 0.949533
vt 0.185762 0.949584
vt 0.186482 0.949621
vt 0.190653 0.845340
vt 0.188355 0.844823
vt 0.186989 0.854044
vt 0.188950 0.854386
vt 0.185465 0.844251
vt 0.184584 0.853589
vt 0.184810 0.864261
vt 0.186918 0.864780
vt 0.188619 0.865140
vt 0.182297 0.843668
vt 0.182007 0.852979
vt 0.182536 0.863533
vt 0.183174 0.877005
vt 0.185165 0.877776
vt 0.187018 0.878322
vt 0.188522 0.878692
vt 0.489097 0.068763
vt 0.462622 0.065887
vt 0.504858 0.070488
vt 0.504429 0.069397
vt 0.488834 0.067723
vt 0.462517 0.064887
vt 0.513210 0.070763
vt 0.517599 0.069116
vt 0.516787 0.068005
vt 0.512627 0.069620
vt 0.512059 0.068588
vt 0.504018 0.068385
vt 0.516025 0.067071
vt 0.515418 0.066353
vt 0.511587 0.067755
vt 0.503675 0.067560
vt 0.488586 0.066741
vt 0.462420 0.063917
vt 0.488384 0.065936
vt 0.462342 0.063114
vt 0.328213 0.054170
vt 0.375078 0.057909
vt 0.375135 0.056946
vt 0.328327 0.053217
vt 0.422286 0.062007
vt 0.422279 0.061030
vt 0.422276 0.060069
vt 0.375192 0.055988
vt 0.422275 0.059268
vt 0.375241 0.055185
vt 0.328441 0.052270
vt 0.328536 0.051472
vt 0.244193 0.045802
vt 0.240157 0.044819
vt 0.251274 0.046298
vt 0.251438 0.045901
vt 0.244311 0.045357
vt 0.240236 0.044411
vt 0.265051 0.046823
vt 0.289540 0.048166
vt 0.289694 0.047852
vt 0.265234 0.046470
vt 0.265585 0.045427
vt 0.251631 0.044846
vt 0.290065 0.046852
vt 0.244326 0.044300
vt 0.240093 0.043473
vt 0.717750 0.054578
vt 0.717156 0.071737
vt 0.717477 0.040848
vt 0.716621 0.041244
vt 0.717089 0.054978
vt 0.716655 0.072085
vt 0.716496 0.029320
vt 0.715273 0.018953
vt 0.714045 0.019164
vt 0.715449 0.029648
vt 0.713360 0.030524
vt 0.714791 0.041877
vt 0.711590 0.020033
vt 0.715550 0.055369
vt 0.715405 0.072323
vt 0.710947 0.130925
vt 0.709761 0.141506
vt 0.712918 0.114634
vt 0.712664 0.114644
vt 0.710752 0.130524
vt 0.709608 0.140848
vt 0.715281 0.093460
vt 0.714918 0.093717
vt 0.713991 0.093861
vt 0.712047 0.114279
vt 0.710391 0.129134
vt 0.709323 0.138756
vt 0.705989 0.151020
vt 0.706904 0.148821
vt 0.707218 0.151974
vt 0.708069 0.150147
vt 0.708680 0.148430
vt 0.707883 0.146731
vt 0.707680 0.152255
vt 0.708490 0.150504
vt 0.708963 0.148909
vt 0.709251 0.146566
vt 0.709077 0.145932
vt 0.708626 0.143889
vt 0.940803 0.023533
vt 0.947241 0.016578
vt 0.941310 0.023960
vt 0.947576 0.016862
vt 0.702827 0.160160
vt 0.703147 0.160347
vt 0.705247 0.156349
vt 0.704851 0.156341
vt 0.941703 0.024306
vt 0.947918 0.017150
vt 0.703484 0.160549
vt 0.705564 0.156454
vt 0.706854 0.154263
vt 0.706494 0.154120
vt 0.705580 0.153707
vt 0.890050 0.074968
vt 0.902438 0.062807
vt 0.891957 0.076831
vt 0.903977 0.064295
vt 0.917559 0.049807
vt 0.916405 0.048715
vt 0.892836 0.077679
vt 0.904723 0.065017
vt 0.918179 0.050380
vt 0.931162 0.036037
vt 0.930671 0.035594
vt 0.929888 0.034881
vt 0.871451 0.092664
vt 0.876633 0.087516
vt 0.874170 0.095158
vt 0.879191 0.089944
vt 0.880100 0.089063
vt 0.877694 0.086741
vt 0.875325 0.096192
vt 0.880280 0.090990
vt 0.881141 0.090075
vt 0.884927 0.086038
vt 0.883964 0.085092
vt 0.881777 0.082964
vt 0.107991 0.304168
vt 0.109732 0.244388
vt 0.111630 0.304255
vt 0.113443 0.244517
vt 0.114978 0.203558
vt 0.111201 0.203418
vt 0.113169 0.304293
vt 0.115014 0.244573
vt 0.116577 0.203619
vt 0.117559 0.177851
vt 0.115947 0.177795
vt 0.118074 0.163333
vt 0.116469 0.163283
vt 0.112150 0.177670
vt 0.112705 0.163174
vt 0.110022 0.642563
vt 0.107435 0.567915
vt 0.113664 0.642393
vt 0.111014 0.567833
vt 0.109818 0.478598
vt 0.106254 0.478609
vt 0.115204 0.642319
vt 0.112528 0.567797
vt 0.111326 0.478593
vt 0.111660 0.386649
vt 0.110143 0.386632
vt 0.106558 0.386593
vt 0.114744 0.727285
vt 0.114589 0.724548
vt 0.118600 0.727055
vt 0.118432 0.724320
vt 0.117813 0.714445
vt 0.114009 0.714669
vt 0.120234 0.726955
vt 0.120059 0.724221
vt 0.119422 0.714346
vt 0.117826 0.689175
vt 0.116247 0.689273
vt 0.112515 0.689495
vt 0.731676 0.209760
vt 0.728379 0.209699
vt 0.739017 0.209863
vt 0.739059 0.206468
vt 0.731728 0.206385
vt 0.728444 0.206331
vt 0.753413 0.210034
vt 0.777792 0.210324
vt 0.777838 0.206906
vt 0.753454 0.206625
vt 0.753470 0.205182
vt 0.739074 0.205031
vt 0.777858 0.205459
vt 0.731745 0.204960
vt 0.728470 0.204912
vt 0.903176 0.208227
vt 0.941423 0.209658
vt 0.858988 0.206946
vt 0.858951 0.208394
vt 0.903129 0.209674
vt 0.941365 0.211104
vt 0.815120 0.206015
vt 0.815093 0.207464
vt 0.815030 0.210886
vt 0.858865 0.211815
vt 0.903018 0.213092
vt 0.941228 0.214517
vt 0.993418 0.212117
vt 0.998393 0.212368
vt 0.983999 0.211635
vt 0.983927 0.213073
vt 0.993346 0.213550
vt 0.998324 0.213796
vt 0.967520 0.210828
vt 0.967453 0.212270
vt 0.967297 0.215677
vt 0.983761 0.216472
vt 0.993179 0.216937
vt 0.998165 0.217176
vt 0.596950 0.697881
vt 0.600766 0.651140
vt 0.594764 0.722943
vt 0.596364 0.723081
vt 0.598522 0.698016
vt 0.602302 0.651257
vt 0.593884 0.732837
vt 0.593546 0.736576
vt 0.595173 0.736718
vt 0.595498 0.732981
vt 0.599316 0.733311
vt 0.600146 0.723403
vt 0.599012 0.737046
vt 0.602240 0.698331
vt 0.605935 0.651528
vt 0.612306 0.396378
vt 0.613452 0.314628
vt 0.609640 0.487831
vt 0.611143 0.487885
vt 0.613815 0.396413
vt 0.614981 0.314638
vt 0.605609 0.576743
vt 0.607119 0.576824
vt 0.610690 0.577015
vt 0.614695 0.488012
vt 0.617382 0.396494
vt 0.618598 0.314668
vt 0.612810 0.189829
vt 0.612699 0.175714
vt 0.613070 0.215117
vt 0.614663 0.215102
vt 0.614421 0.189816
vt 0.614312 0.175706
vt 0.613441 0.255523
vt 0.615002 0.255515
vt 0.618692 0.255499
vt 0.618425 0.215072
vt 0.618219 0.189790
vt 0.618103 0.175697
vt 0.462846 0.938953
vt 0.461672 0.926301
vt 0.463406 0.945265
vt 0.464875 0.945124
vt 0.464231 0.938823
vt 0.462930 0.926182
vt 0.463522 0.946519
vt 0.464184 0.953498
vt 0.465729 0.953356
vt 0.465036 0.946375
vt 0.468591 0.946030
vt 0.468296 0.944794
vt 0.469365 0.953011
vt 0.467402 0.938523
vt 0.465730 0.925912
vt 0.455169 0.865372
vt 0.452665 0.848888
vt 0.457651 0.885949
vt 0.458525 0.885864
vt 0.455854 0.865303
vt 0.453200 0.848835
vt 0.459892 0.907414
vt 0.460972 0.907310
vt 0.463245 0.907087
vt 0.460218 0.885694
vt 0.457005 0.865185
vt 0.453946 0.848758
vt 0.187668 0.970648
vt 0.186789 0.968582
vt 0.189240 0.972766
vt 0.189569 0.972783
vt 0.188059 0.970634
vt 0.187340 0.968438
vt 0.191148 0.976718
vt 0.450329 0.839131
vt 0.450786 0.839101
vt 0.191493 0.976664
vt 0.191898 0.976599
vt 0.190007 0.972882
vt 0.451335 0.839055
vt 0.189019 0.970315
vt 0.188823 0.967715
vt 0.186108 0.962953
vt 0.186388 0.958749
vt 0.186013 0.965035
vt 0.186405 0.964710
vt 0.186411 0.962468
vt 0.186673 0.958188
vt 0.186191 0.966668
vt 0.186711 0.966475
vt 0.188207 0.965522
vt 0.187579 0.963450
vt 0.187284 0.960868
vt 0.187399 0.956421
vt 0.190865 0.895840
vt 0.189814 0.915989
vt 0.189595 0.895867
vt 0.188772 0.915992
vt 0.187963 0.934929
vt 0.188794 0.934543
vt 0.189040 0.895788
vt 0.188303 0.915933
vt 0.187588 0.935024
vt 0.186934 0.949650
vt 0.187255 0.949257
vt 0.187982 0.948014
vt 0.195539 0.845556
vt 0.193050 0.854385
vt 0.193139 0.845735
vt 0.191059 0.854621
vt 0.190425 0.865435
vt 0.192112 0.865274
vt 0.192071 0.845726
vt 0.190182 0.854633
vt 0.189687 0.865386
vt 0.189462 0.878934
vt 0.190106 0.879012
vt 0.191576 0.878932
vt 0.488257 0.065433
vt 0.462293 0.062610
vt 0.503460 0.067041
vt 0.503061 0.066787
vt 0.487896 0.065177
vt 0.462002 0.062346
vt 0.511291 0.067225
vt 0.515056 0.065898
vt 0.514683 0.065693
vt 0.510887 0.066968
vt 0.510079 0.066166
vt 0.502242 0.065922
vt 0.513904 0.065201
vt 0.487078 0.064297
vt 0.461279 0.061470
vt 0.328595 0.050973
vt 0.375271 0.054683
vt 0.375215 0.054409
vt 0.328660 0.050684
vt 0.422274 0.058765
vt 0.422092 0.058498
vt 0.421619 0.057614
vt 0.375070 0.053494
vt 0.328830 0.049732
s 1
usemtl lambert1.001
f 1/1/1 2/2/2 3/3/3
f 1/1/1 3/3/3 4/4/4
f 2/2/2 5/5/5 6/6/6
f 2/2/2 6/6/6 3/3/3
f 3/3/3 6/6/6 7/7/7
f 3/3/3 7/7/7 8/8/8
f 4/4/4 3/3/3 8/8/8
f 4/4/4 8/8/8 9/9/9
f 5/5/5 10/10/10 11/11/11
f 5/5/5 11/11/11 6/6/6
f 10/10/10 12/12/12 13/13/13
f 10/10/10 13/13/13 11/11/11
f 11/11/11 13/13/13 14/14/14
f 11/11/11 14/14/14 15/15/15
f 6/6/6 11/11/11 15/15/15
f 6/6/6 15/15/15 7/7/7
f 7/7/7 15/15/15 16/16/16
f 7/7/7 16/16/16 17/17/17
f 15/15/15 14/14/14 18/18/18
f 15/15/15 18/18/18 16/16/16
f 16/16/16 18/18/18 19/19/19
f 16/16/16 19/19/19 20/20/20
f 17/17/17 16/16/16 20/20/20
f 17/17/17 20/20/20 21/21/21
f 9/9/9 8/8/8 22/22/22
f 9/9/9 22/22/22 23/23/23
f 8/8/8 7/7/7 17/17/17
f 8/8/8 17/17/17 22/22/22
f 22/22/22 17/17/17 21/21/21
f 22/22/22 21/21/21 24/24/24
f 23/23/23 22/22/22 24/24/24
f 23/23/23 24/24/24 25/25/25
f 26/26/26 27/27/27 28/28/28
f 26/26/26 28/28/28 29/29/29
f 27/27/27 30/30/30 31/31/31
f 27/27/27 31/31/31 28/28/28
f 28/28/28 31/31/31 32/32/32
f 28/28/28 32/32/32 33/33/33
f 29/29/29 28/28/28 33/33/33
f 29/29/29 33/33/33 34/34/34
f 30/30/30 35/35/35 36/36/36
f 30/30/30 36/36/36 31/31/31
f 35/35/35 37/37/37 38/38/38
f 35/35/35 38/38/38 36/36/36
f 36/36/36 38/38/38 39/39/39
f 36/36/36 39/39/39 40/40/40
f 31/31/31 36/36/36 40/40/40
f 31/31/31 40/40/40 32/32/32
f 32/32/32 40/40/40 41/41/41
f 32/32/32 41/41/41 42/42/42
f 40/40/40 39/39/39 43/43/43
f 40/40/40 43/43/43 41/41/41
f 41/41/41 43/43/43 44/44/44
f 41/41/41 44/44/44 45/45/45
f 42/42/42 41/41/41 45/45/45
f 42/42/42 45/45/45 46/46/46
f 34/34/34 33/33/33 47/47/47
f 34/34/34 47/47/47 48/48/48
f 33/33/33 32/32/32 42/42/42
f 33/33/33 42/42/42 47/47/47
f 47/47/47 42/42/42 46/46/46
f 47/47/47 46/46/46 49/49/49
f 48/48/48 47/47/47 49/49/49
f 48/48/48 49/49/49 50/50/50
f 51/51/51 52/52/52 53/53/53
f 51/51/51 53/53/53 54/54/54
f 52/52/52 55/55/55 56/56/56
f 52/52/52 56/56/56 53/53/53
f 53/53/53 56/56/56 57/57/57
f 53/53/53 57/57/57 58/58/58
f 54/54/54 53/53/53 58/58/58
f 54/54/54 58/58/58 59/59/59
f 55/55/55 60/60/60 61/61/61
f 55/55/55 61/61/61 56/56/56
f 60/60/60 62/62/62 63/63/63
f 60/60/60 63/63/63 61/61/61
f 61/61/61 63/63/63 64/64/64
f 61/61/61 64/64/64 65/65/65
f 56/56/56 61/61/61 65/65/65
f 56/56/56 65/65/65 57/57/57
f 57/57/57 65/65/65 66/66/66
f 57/57/57 66/66/66 67/67/67
f 65/65/65 64/64/64 68/68/68
f 65/65/65 68/68/68 66/66/66
f 66/66/66 68/68/68 69/69/69
f 66/66/66 69/69/69 70/70/70
f 67/67/67 66/66/66 70/70/70
f 67/67/67 70/70/70 71/71/71
f 59/59/59 58/58/58 72/72/72
f 59/59/59 72/72/72 73/73/73
f 58/58/58 57/57/57 67/67/67
f 58/58/58 67/67/67 72/72/72
f 72/72/72 67/67/67 71/71/71
f 72/72/72 71/71/71 74/74/74
f 73/73/73 72/72/72 74/74/74
f 73/73/73 74/74/74 75/75/75
f 76/76/76 77/77/77 78/78/78
f 76/76/76 78/78/78 79/79/79
f 77/77/77 80/80/80 81/81/81
f 77/77/77 81/81/81 78/78/78
f 78/78/78 81/81/81 82/82/82
f 78/78/78 82/82/82 83/83/83
f 79/79/79 78/78/78 83/83/83
f 79/79/79 83/83/83 84/84/84
f 80/80/80 85/85/85 86/86/86
f 80/80/80 86/86/86 81/81/81
f 85/85/85 87/87/87 88/88/88
f 85/85/85 88/88/88 86/86/86
f 86/86/86 88/88/88 89/89/89
f 86/86/86 89/89/89 90/90/90
f 81/81/81 86/86/86 90/90/90
f 81/81/81 90/90/90 82/82/82
f 82/82/82 90/90/90 91/91/91
f 82/82/82 91/91/91 92/92/92
f 90/90/90 89/89/89 93/93/93
f 90/90/90 93/93/93 91/91/91
f 91/91/91 93/93/93 12/12/12
f 91/91/91 12/12/12 10/10/10
f 92/92/92 91/91/91 10/10/10
f 92/92/92 10/10/10 5/5/5
f 84/84/84 83/83/83 94/94/94
f 84/84/84 94/94/94 95/95/95
f 83/83/83 82/82/82 92/92/92
f 83/83/83 92/92/92 94/94/94
f 94/94/94 92/92/92 5/5/5
f 94/94/94 5/5/5 2/2/2
f 95/95/95 94/94/94 2/2/2
f 95/95/95 2/2/2 1/1/1
f 96/96/96 97/97/97 98/98/98
f 96/96/96 98/98/98 99/99/99
f 97/97/97 100/100/100 101/101/101
f 97/97/97 101/101/101 98/98/98
f 98/98/98 101/101/101 102/102/102
f 98/98/98 102/102/102 103/103/103
f 99/99/99 98/98/98 103/103/103
f 99/99/99 103/103/103 104/104/104
f 100/100/100 105/105/105 106/106/106
f 100/100/100 106/106/106 101/101/101
f 105/105/105 107/107/107 108/108/108
f 105/105/105 108/108/108 106/106/106
f 106/106/106 108/108/108 109/109/109
f 106/106/106 109/109/109 110/110/110
f 101/101/101 106/106/106 110/110/110
f 101/101/101 110/110/110 102/102/102
f 102/102/102 110/110/110 111/111/111
f 102/102/102 111/111/111 112/112/112
f 110/110/110 109/109/109 113/113/113
f 110/110/110 113/113/113 111/111/111
f 111/111/111 113/113/113 114/114/114
f 111/111/111 114/114/114 115/115/115
f 112/112/112 111/111/111 115/115/115
f 112/112/112 115/115/115 116/116/116
f 104/104/104 103/103/103 117/117/117
f 104/104/104 117/117/117 118/118/118
f 103/103/103 102/102/102 112/112/112
f 103/103/103 112/112/112 117/117/117
f 117/117/117 112/112/112 116/116/116
f 117/117/117 116/116/116 119/119/119
f 118/118/118 117/117/117 119/119/119
f 118/118/118 119/119/119 120/120/120
f 121/121/121 122/122/122 123/123/123
f 121/121/121 123/123/123 124/124/124
f 122/122/122 125/125/125 126/126/126
f 122/122/122 126/126/126 123/123/123
f 123/123/123 126/126/126 127/127/127
f 123/123/123 127/127/127 128/128/128
f 124/124/124 123/123/123 128/128/128
f 124/124/124 128/128/128 129/129/129
f 125/125/125 130/130/130 131/131/131
f 125/125/125 131/131/131 126/126/126
f 130/130/130 1/1/1 4/4/4
f 130/130/130 4/4/4 131/131/131
f 131/131/131 4/4/4 9/9/9
f 131/131/131 9/9/9 132/132/132
f 126/126/126 131/131/131 132/132/132
f 126/126/126 132/132/132 127/127/127
f 127/127/127 132/132/132 133/133/133
f 127/127/127 133/133/133 134/134/134
f 132/132/132 9/9/9 23/23/23
f 132/132/132 23/23/23 133/133/133
f 133/133/133 23/23/23 25/25/25
f 133/133/133 25/25/25 135/135/135
f 134/134/134 133/133/133 135/135/135
f 134/134/134 135/135/135 136/136/136
f 129/129/129 128/128/128 137/137/137
f 129/129/129 137/137/137 138/138/138
f 128/128/128 127/127/127 134/134/134
f 128/128/128 134/134/134 137/137/137
f 137/137/137 134/134/134 136/136/136
f 137/137/137 136/136/136 139/139/139
f 138/138/138 137/137/137 139/139/139
f 138/138/138 139/139/139 140/140/140
f 37/37/37 141/141/141 142/142/142
f 37/37/37 142/142/142 38/38/38
f 141/141/141 143/143/143 144/144/144
f 141/141/141 144/144/144 142/142/142
f 142/142/142 144/144/144 145/145/145
f 142/142/142 145/145/145 146/146/146
f 38/38/38 142/142/142 146/146/146
f 38/38/38 146/146/146 39/39/39
f 143/143/143 147/147/147 148/148/148
f 143/143/143 148/148/148 144/144/144
f 147/147/147 149/149/149 150/150/150
f 147/147/147 150/150/150 148/148/148
f 148/148/148 150/150/150 151/151/151
f 148/148/148 151/151/151 152/152/152
f 144/144/144 148/148/148 152/152/152
f 144/144/144 152/152/152 145/145/145
f 145/145/145 152/152/152 153/153/153
f 145/145/145 153/153/153 154/154/154
f 152/152/152 151/151/151 155/155/155
f 152/152/152 155/155/155 153/153/153
f 153/153/153 155/155/155 156/156/156
f 153/153/153 156/156/156 157/157/157
f 154/154/154 153/153/153 157/157/157
f 154/154/154 157/157/157 158/158/158
f 39/39/39 146/146/146 159/159/159
f 39/39/39 159/159/159 43/43/43
f 146/146/146 145/145/145 154/154/154
f 146/146/146 154/154/154 159/159/159
f 159/159/159 154/154/154 158/158/158
f 159/159/159 158/158/158 160/160/160
f 43/43/43 159/159/159 160/160/160
f 43/43/43 160/160/160 44/44/44
f 69/69/69 68/68/68 161/161/68
f 69/69/69 161/161/68 162/162/161
f 68/68/68 64/64/64 163/163/64
f 68/68/68 163/163/64 161/161/68
f 161/161/68 163/163/64 164/164/64
f 161/161/68 164/164/64 165/165/68
f 162/162/161 161/161/68 165/165/68
f 162/162/161 165/165/68 166/166/161
f 64/64/64 63/63/63 167/167/63
f 64/64/64 167/167/63 163/163/64
f 63/63/63 62/62/62 168/168/62
f 63/63/63 168/168/62 167/167/63
f 167/167/63 168/168/62 169/169/62
f 167/167/63 169/169/62 170/170/63
f 163/163/64 167/167/63 170/170/63
f 163/163/64 170/170/63 164/164/64
f 164/164/64 170/170/63 171/171/63
f 164/164/64 171/171/63 172/172/64
f 170/170/63 169/169/62 173/173/62
f 170/170/63 173/173/62 171/171/63
f 171/171/63 173/173/62 174/174/62
f 171/171/63 174/174/62 175/175/63
f 172/172/64 171/171/63 175/175/63
f 172/172/64 175/175/63 176/176/64
f 166/166/161 165/165/68 177/177/68
f 166/166/161 177/177/68 178/178/161
f 165/165/68 164/164/64 172/172/64
f 165/165/68 172/172/64 177/177/68
f 177/177/68 172/172/64 176/176/64
f 177/177/68 176/176/64 179/179/68
f 178/178/161 177/177/68 179/179/68
f 178/178/161 179/179/68 180/180/161
f 12/12/12 93/93/93 181/181/93
f 12/12/12 181/181/93 182/182/12
f 93/93/93 89/89/89 183/183/89
f 93/93/93 183/183/89 181/181/93
f 181/181/93 183/183/89 184/184/89
f 181/181/93 184/184/89 185/185/93
f 182/182/12 181/181/93 185/185/93
f 182/182/12 185/185/93 186/186/12
f 89/89/89 88/88/88 187/187/88
f 89/89/89 187/187/88 183/183/89
f 88/88/88 87/87/87 188/188/87
f 88/88/88 188/188/87 187/187/88
f 187/187/88 188/188/87 189/189/87
f 187/187/88 189/189/87 190/190/88
f 183/183/89 187/187/88 190/190/88
f 183/183/89 190/190/88 184/184/89
f 184/184/89 190/190/88 191/191/88
f 184/184/89 191/191/88 192/192/89
f 190/190/88 189/189/87 193/193/87
f 190/190/88 193/193/87 191/191/88
f 191/191/88 193/193/87 194/194/87
f 191/191/88 194/194/87 195/195/88
f 192/192/89 191/191/88 195/195/88
f 192/192/89 195/195/88 196/196/89
f 186/186/12 185/185/93 197/197/93
f 186/186/12 197/197/93 198/198/12
f 185/185/93 184/184/89 192/192/89
f 185/185/93 192/192/89 197/197/93
f 197/197/93 192/192/89 196/196/89
f 197/197/93 196/196/89 199/199/93
f 198/198/12 197/197/93 199/199/93
f 198/198/12 199/199/93 200/200/162
f 19/19/19 18/18/18 201/201/18
f 19/19/19 201/201/18 202/202/19
f 18/18/18 14/14/14 203/203/14
f 18/18/18 203/203/14 201/201/18
f 201/201/18 203/203/14 204/204/14
f 201/201/18 204/204/14 205/205/18
f 202/202/19 201/201/18 205/205/18
f 202/202/19 205/205/18 206/206/19
f 14/14/14 13/13/13 207/207/163
f 14/14/14 207/207/163 203/203/14
f 13/13/13 12/12/12 182/182/12
f 13/13/13 182/182/12 207/207/163
f 207/207/163 182/182/12 186/186/12
f 207/207/163 186/186/12 208/208/163
f 203/203/14 207/207/163 208/208/163
f 203/203/14 208/208/163 204/204/14
f 204/204/14 208/208/163 209/209/163
f 204/204/14 209/209/163 210/210/14
f 208/208/163 186/186/12 198/198/12
f 208/208/163 198/198/12 209/209/163
f 209/209/163 198/198/12 200/200/162
f 209/209/163 200/200/162 211/211/163
f 210/210/14 209/209/163 211/211/163
f 210/210/14 211/211/163 212/212/14
f 206/206/19 205/205/18 213/213/18
f 206/206/19 213/213/18 214/214/19
f 205/205/18 204/204/14 210/210/14
f 205/205/18 210/210/14 213/213/18
f 213/213/18 210/210/14 212/212/14
f 213/213/18 212/212/14 215/215/18
f 214/214/19 213/213/18 215/215/18
f 214/214/19 215/215/18 216/216/19
f 149/149/149 217/217/164 218/218/165
f 149/149/149 218/218/165 150/150/150
f 217/217/164 219/219/166 220/220/167
f 217/217/164 220/220/167 218/218/165
f 218/218/165 220/220/167 221/221/168
f 218/218/165 221/221/168 222/222/169
f 150/150/150 218/218/165 222/222/169
f 150/150/150 222/222/169 151/151/151
f 219/219/166 223/223/170 224/224/171
f 219/219/166 224/224/171 220/220/167
f 223/223/170 225/225/172 226/226/173
f 223/223/170 226/226/173 224/224/171
f 224/224/171 226/226/173 227/227/174
f 224/224/171 227/227/174 228/228/175
f 220/220/167 224/224/171 228/228/175
f 220/220/167 228/228/175 221/221/168
f 221/221/168 228/228/175 229/229/176
f 221/221/168 229/229/176 230/230/177
f 228/228/175 227/227/174 231/231/178
f 228/228/175 231/231/178 229/229/176
f 229/229/176 231/231/178 232/232/179
f 229/229/176 232/232/179 233/233/180
f 230/230/177 229/229/176 233/233/180
f 230/230/177 233/233/180 234/234/181
f 151/151/151 222/222/169 235/235/182
f 151/151/151 235/235/182 155/155/155
f 222/222/169 221/221/168 230/230/177
f 222/222/169 230/230/177 235/235/182
f 235/235/182 230/230/177 234/234/181
f 235/235/182 234/234/181 236/236/183
f 155/155/155 235/235/182 236/236/183
f 155/155/155 236/236/183 156/156/156
f 180/180/161 179/179/68 237/237/184
f 180/180/161 237/237/184 238/238/185
f 179/179/68 176/176/64 239/239/186
f 179/179/68 239/239/186 237/237/184
f 237/237/184 239/239/186 240/240/187
f 237/237/184 240/240/187 241/241/188
f 238/238/185 237/237/184 241/241/188
f 238/238/185 241/241/188 242/242/189
f 176/176/64 175/175/63 243/243/190
f 176/176/64 243/243/190 239/239/186
f 175/175/63 174/174/62 244/244/191
f 175/175/63 244/244/191 243/243/190
f 243/243/190 244/244/191 245/245/192
f 243/243/190 245/245/192 246/246/193
f 239/239/186 243/243/190 246/246/193
f 239/239/186 246/246/193 240/240/187
f 240/240/187 246/246/193 247/247/194
f 240/240/187 247/247/194 248/248/195
f 246/246/193 245/245/192 249/249/196
f 246/246/193 249/249/196 247/247/194
f 247/247/194 249/249/196 250/250/197
f 247/247/194 250/250/197 251/251/198
f 248/248/195 247/247/194 251/251/198
f 248/248/195 251/251/198 252/252/199
f 242/242/189 241/241/188 253/253/200
f 242/242/189 253/253/200 254/254/201
f 241/241/188 240/240/187 248/248/195
f 241/241/188 248/248/195 253/253/200
f 253/253/200 248/248/195 252/252/199
f 253/253/200 252/252/199 255/255/202
f 254/254/201 253/253/200 255/255/202
f 254/254/201 255/255/202 256/256/203
f 200/200/162 199/199/93 257/257/204
f 200/200/162 257/257/204 258/258/205
f 199/199/93 196/196/89 259/259/206
f 199/199/93 259/259/206 257/257/204
f 257/257/204 259/259/206 260/260/207
f 257/257/204 260/260/207 261/261/208
f 258/258/205 257/257/204 261/261/208
f 258/258/205 261/261/208 262/262/209
f 196/196/89 195/195/88 263/263/210
f 196/196/89 263/263/210 259/259/206
f 195/195/88 194/194/87 264/264/211
f 195/195/88 264/264/211 263/263/210
f 263/263/210 264/264/211 265/265/212
f 263/263/210 265/265/212 266/266/213
f 259/259/206 263/263/210 266/266/213
f 259/259/206 266/266/213 260/260/207
f 260/260/207 266/266/213 267/267/214
f 260/260/207 267/267/214 268/268/215
f 266/266/213 265/265/212 269/269/216
f 266/266/213 269/269/216 267/267/214
f 267/267/214 269/269/216 270/270/217
f 267/267/214 270/270/217 271/271/218
f 268/268/215 267/267/214 271/271/218
f 268/268/215 271/271/218 272/272/219
f 262/262/209 261/261/208 273/273/220
f 262/262/209 273/273/220 274/274/221
f 261/261/208 260/260/207 268/268/215
f 261/261/208 268/268/215 273/273/220
f 273/273/220 268/268/215 272/272/219
f 273/273/220 272/272/219 275/275/222
f 274/274/221 273/273/220 275/275/222
f 274/274/221 275/275/222 96/96/96
f 216/216/19 215/215/18 276/276/223
f 216/216/19 276/276/223 277/277/224
f 215/215/18 212/212/14 278/278/225
f 215/215/18 278/278/225 276/276/223
f 276/276/223 278/278/225 279/279/226
f 276/276/223 279/279/226 280/280/227
f 277/277/224 276/276/223 280/280/227
f 277/277/224 280/280/227 281/281/228
f 212/212/14 211/211/163 282/282/229
f 212/212/14 282/282/229 278/278/225
f 211/211/163 200/200/162 258/258/205
f 211/211/163 258/258/205 282/282/229
f 282/282/229 258/258/205 262/262/209
f 282/282/229 262/262/209 283/283/230
f 278/278/225 282/282/229 283/283/230
f 278/278/225 283/283/230 279/279/226
f 279/279/226 283/283/230 284/284/231
f 279/279/226 284/284/231 285/285/232
f 283/283/230 262/262/209 274/274/221
f 283/283/230 274/274/221 284/284/231
f 284/284/231 274/274/221 96/96/96
f 284/284/231 96/96/96 99/99/99
f 285/285/232 284/284/231 99/99/99
f 285/285/232 99/99/99 104/104/104
f 281/281/228 280/280/227 286/286/233
f 281/281/228 286/286/233 287/287/234
f 280/280/227 279/279/226 285/285/232
f 280/280/227 285/285/232 286/286/233
f 286/286/233 285/285/232 104/104/104
f 286/286/233 104/104/104 118/118/118
f 287/287/234 286/286/233 118/118/118
f 287/287/234 118/118/118 120/120/120
f 288/288/235 289/289/236 290/290/237
f 288/288/235 290/290/237 291/291/238
f 289/289/236 292/292/239 293/293/240
f 289/289/236 293/293/240 290/290/237
f 290/290/237 293/293/240 294/294/241
f 290/290/237 294/294/241 295/295/242
f 291/291/238 290/290/237 295/295/242
f 291/291/238 295/295/242 296/296/243
f 292/292/239 297/297/244 298/298/245
f 292/292/239 298/298/245 293/293/240
f 297/297/244 299/299/246 300/300/247
f 297/297/244 300/300/247 298/298/245
f 298/298/245 300/300/247 301/301/248
f 298/298/245 301/301/248 302/302/249
f 293/293/240 298/298/245 302/302/249
f 293/293/240 302/302/249 294/294/241
f 294/294/241 302/302/249 303/303/250
f 294/294/241 303/303/250 304/304/251
f 302/302/249 301/301/248 305/305/252
f 302/302/249 305/305/252 303/303/250
f 303/303/250 305/305/252 306/306/253
f 303/303/250 306/306/253 307/307/254
f 304/304/251 303/303/250 307/307/254
f 304/304/251 307/307/254 308/308/255
f 296/296/243 295/295/242 309/309/256
f 296/296/243 309/309/256 310/310/257
f 295/295/242 294/294/241 304/304/251
f 295/295/242 304/304/251 309/309/256
f 309/309/256 304/304/251 308/308/255
f 309/309/256 308/308/255 311/311/258
f 310/310/257 309/309/256 311/311/258
f 310/310/257 311/311/258 312/312/259
f 313/313/260 314/314/261 315/315/262
f 313/313/260 315/315/262 316/316/263
f 314/314/261 317/317/264 318/318/265
f 314/314/261 318/318/265 315/315/262
f 315/315/262 318/318/265 319/319/266
f 315/315/262 319/319/266 320/320/267
f 316/316/263 315/315/262 320/320/267
f 316/316/263 320/320/267 321/321/268
f 317/317/264 322/322/269 323/323/270
f 317/317/264 323/323/270 318/318/265
f 322/322/269 324/324/62 325/325/62
f 322/322/269 325/325/62 323/323/270
f 323/323/270 325/325/62 326/326/62
f 323/323/270 326/326/62 327/327/60
f 318/318/265 323/323/270 327/327/60
f 318/318/265 327/327/60 319/319/266
f 319/319/266 327/327/60 328/328/60
f 319/319/266 328/328/60 329/329/271
f 327/327/60 326/326/62 330/330/62
f 327/327/60 330/330/62 328/328/60
f 328/328/60 330/330/62 331/331/62
f 328/328/60 331/331/62 332/332/272
f 329/329/271 328/328/60 332/332/272
f 329/329/271 332/332/272 333/333/273
f 321/321/268 320/320/267 334/334/274
f 321/321/268 334/334/274 335/335/275
f 320/320/267 319/319/266 329/329/271
f 320/320/267 329/329/271 334/334/274
f 334/334/274 329/329/271 333/333/273
f 334/334/274 333/333/273 336/336/276
f 335/335/275 334/334/274 336/336/276
f 335/335/275 336/336/276 337/337/277
s 0
f 338/338/62 339/339/62 340/340/62
f 338/338/62 340/340/62 341/341/62
f 339/339/62 342/342/62 343/343/62
f 339/339/62 343/343/62 340/340/62
f 340/340/62 343/343/62 344/344/62
f 340/340/62 344/344/62 345/345/62
f 341/341/62 340/340/62 345/345/62
f 341/341/62 345/345/62 346/346/62
f 342/342/62 347/347/62 348/348/62
f 342/342/62 348/348/62 343/343/62
f 347/347/62 331/331/62 330/330/62
f 347/347/62 330/330/62 348/348/62
f 348/348/62 330/330/62 326/326/62
f 348/348/62 326/326/62 349/349/62
f 343/343/62 348/348/62 349/349/62
f 343/343/62 349/349/62 344/344/62
f 344/344/62 349/349/62 350/350/62
f 344/344/62 350/350/62 351/351/62
f 349/349/62 326/326/62 325/325/62
f 349/349/62 325/325/62 350/350/62
f 350/350/62 325/325/62 324/324/62
f 350/350/62 324/324/62 352/352/62
f 351/351/62 350/350/62 352/352/62
f 351/351/62 352/352/62 353/353/62
f 346/346/62 345/345/62 354/354/62
f 346/346/62 354/354/62 355/355/62
f 345/345/62 344/344/62 351/351/62
f 345/345/62 351/351/62 354/354/62
f 354/354/62 351/351/62 353/353/62
f 354/354/62 353/353/62 356/356/62
f 355/355/62 354/354/62 356/356/62
f 355/355/62 356/356/62 357/357/62
s 1
f 358/358/278 359/359/279 360/360/280
f 358/358/278 360/360/280 361/361/281
f 359/359/279 362/362/282 363/363/283
f 359/359/279 363/363/283 360/360/280
f 360/360/280 363/363/283 364/364/284
f 360/360/280 364/364/284 365/365/285
f 361/361/281 360/360/280 365/365/285
f 361/361/281 365/365/285 366/366/286
f 362/362/282 367/367/191 368/368/191
f 362/362/282 368/368/191 363/363/283
f 367/367/191 338/338/62 341/341/62
f 367/367/191 341/341/62 368/368/191
f 368/368/191 341/341/62 346/346/62
f 368/368/191 346/346/62 369/369/191
f 363/363/283 368/368/191 369/369/191
f 363/363/283 369/369/191 364/364/284
f 364/364/284 369/369/191 370/370/287
f 364/364/284 370/370/287 371/371/288
f 369/369/191 346/346/62 355/355/62
f 369/369/191 355/355/62 370/370/287
f 370/370/287 355/355/62 357/357/62
f 370/370/287 357/357/62 372/372/289
f 371/371/288 370/370/287 372/372/289
f 371/371/288 372/372/289 373/373/290
f 366/366/286 365/365/285 374/374/291
f 366/366/286 374/374/291 375/375/292
f 365/365/285 364/364/284 371/371/288
f 365/365/285 371/371/288 374/374/291
f 374/374/291 371/371/288 373/373/290
f 374/374/291 373/373/290 376/376/293
f 375/375/292 374/374/291 376/376/293
f 375/375/292 376/376/293 377/377/294
f 378/378/295 379/379/296 380/380/297
f 378/378/295 380/380/297 381/381/298
f 379/379/296 382/382/299 383/383/300
f 379/379/296 383/383/300 380/380/297
f 380/380/297 383/383/300 384/384/301
f 380/380/297 384/384/301 385/385/302
f 381/381/298 380/380/297 385/385/302
f 381/381/298 385/385/302 386/386/303
f 382/382/299 387/387/304 388/388/305
f 382/382/299 388/388/305 383/383/300
f 387/387/304 389/389/306 390/390/307
f 387/387/304 390/390/307 388/388/305
f 388/388/305 390/390/307 391/391/308
f 388/388/305 391/391/308 392/392/309
f 383/383/300 388/388/305 392/392/309
f 383/383/300 392/392/309 384/384/301
f 384/384/301 392/392/309 393/393/310
f 384/384/301 393/393/310 394/394/311
f 392/392/309 391/391/308 395/395/312
f 392/392/309 395/395/312 393/393/310
f 393/393/310 395/395/312 396/396/313
f 393/393/310 396/396/313 397/397/314
f 394/394/311 393/393/310 397/397/314
f 394/394/311 397/397/314 398/398/315
f 386/386/303 385/385/302 399/399/316
f 386/386/303 399/399/316 400/400/317
f 385/385/302 384/384/301 394/394/311
f 385/385/302 394/394/311 399/399/316
f 399/399/316 394/394/311 398/398/315
f 399/399/316 398/398/315 401/401/318
f 400/400/317 399/399/316 401/401/318
f 400/400/317 401/401/318 402/402/319
f 403/403/19 404/404/19 405/405/320
f 403/403/19 405/405/320 406/406/321
f 404/404/19 407/407/19 408/408/224
f 404/404/19 408/408/224 405/405/320
f 405/405/320 408/408/224 409/409/322
f 405/405/320 409/409/322 410/410/323
f 406/406/321 405/405/320 410/410/323
f 406/406/321 410/410/323 411/411/324
f 407/407/19 412/412/19 413/413/325
f 407/407/19 413/413/325 408/408/224
f 412/412/19 414/414/19 415/415/326
f 412/412/19 415/415/326 413/413/325
f 413/413/325 415/415/326 416/416/327
f 413/413/325 416/416/327 417/417/328
f 408/408/224 413/413/325 417/417/328
f 408/408/224 417/417/328 409/409/322
f 409/409/322 417/417/328 418/418/329
f 409/409/322 418/418/329 419/419/330
f 417/417/328 416/416/327 420/420/331
f 417/417/328 420/420/331 418/418/329
f 418/418/329 420/420/331 378/378/295
f 418/418/329 378/378/295 381/381/298
f 419/419/330 418/418/329 381/381/298
f 419/419/330 381/381/298 386/386/303
f 411/411/324 410/410/323 421/421/332
f 411/411/324 421/421/332 422/422/333
f 410/410/323 409/409/322 419/419/330
f 410/410/323 419/419/330 421/421/332
f 421/421/332 419/419/330 386/386/303
f 421/421/332 386/386/303 400/400/317
f 422/422/333 421/421/332 400/400/317
f 422/422/333 400/400/317 402/402/319
s 0
f 423/423/19 424/424/19 425/425/19
f 423/423/19 425/425/19 426/426/19
f 424/424/19 427/427/19 428/428/19
f 424/424/19 428/428/19 425/425/19
f 425/425/19 428/428/19 429/429/19
f 425/425/19 429/429/19 430/430/19
f 426/426/19 425/425/19 430/430/19
f 426/426/19 430/430/19 431/431/19
f 427/427/19 432/432/19 433/433/19
f 427/427/19 433/433/19 428/428/19
f 432/432/19 434/434/19 435/435/19
f 432/432/19 435/435/19 433/433/19
f 433/433/19 435/435/19 436/436/19
f 433/433/19 436/436/19 437/437/19
f 428/428/19 433/433/19 437/437/19
f 428/428/19 437/437/19 429/429/19
f 429/429/19 437/437/19 438/438/19
f 429/429/19 438/438/19 439/439/19
f 437/437/19 436/436/19 440/440/19
f 437/437/19 440/440/19 438/438/19
f 438/438/19 440/440/19 414/414/19
f 438/438/19 414/414/19 412/412/19
f 439/439/19 438/438/19 412/412/19
f 439/439/19 412/412/19 407/407/19
f 431/431/19 430/430/19 441/441/19
f 431/431/19 441/441/19 442/442/19
f 430/430/19 429/429/19 439/439/19
f 430/430/19 439/439/19 441/441/19
f 441/441/19 439/439/19 407/407/19
f 441/441/19 407/407/19 404/404/19
f 442/442/19 441/441/19 404/404/19
f 442/442/19 404/404/19 403/403/19
s 1
f 299/299/246 443/443/334 444/444/335
f 299/299/246 444/444/335 300/300/247
f 443/443/334 445/445/336 446/446/337
f 443/443/334 446/446/337 444/444/335
f 444/444/335 446/446/337 447/447/338
f 444/444/335 447/447/338 448/448/339
f 300/300/247 444/444/335 448/448/339
f 300/300/247 448/448/339 301/301/248
f 445/445/336 449/449/340 450/450/340
f 445/445/336 450/450/340 446/446/337
f 449/449/340 434/434/19 432/432/19
f 449/449/340 432/432/19 450/450/340
f 450/450/340 432/432/19 427/427/19
f 450/450/340 427/427/19 451/451/341
f 446/446/337 450/450/340 451/451/341
f 446/446/337 451/451/341 447/447/338
f 447/447/338 451/451/341 452/452/342
f 447/447/338 452/452/342 453/453/343
f 451/451/341 427/427/19 424/424/19
f 451/451/341 424/424/19 452/452/342
f 452/452/342 424/424/19 423/423/19
f 452/452/342 423/423/19 454/454/344
f 453/453/343 452/452/342 454/454/344
f 453/453/343 454/454/344 455/455/345
f 301/301/248 448/448/339 456/456/346
f 301/301/248 456/456/346 305/305/252
f 448/448/339 447/447/338 453/453/343
f 448/448/339 453/453/343 456/456/346
f 456/456/346 453/453/343 455/455/345
f 456/456/346 455/455/345 457/457/347
f 305/305/252 456/456/346 457/457/347
f 305/305/252 457/457/347 306/306/253
f 140/140/140 139/139/139 458/458/348
f 140/140/140 458/458/348 461/459/349
f 139/139/139 136/136/136 462/460/350
f 139/139/139 462/460/350 458/458/348
f 458/458/348 462/460/350 463/461/351
f 458/458/348 463/461/351 464/462/352
f 461/459/349 458/458/348 464/462/352
f 461/459/349 464/462/352 465/463/353
f 136/136/136 135/135/135 466/464/354
f 136/136/136 466/464/354 462/460/350
f 135/135/135 25/25/25 467/465/355
f 135/135/135 467/465/355 466/464/354
f 466/464/354 467/465/355 468/466/356
f 466/464/354 468/466/356 469/467/357
f 462/460/350 466/464/354 469/467/357
f 462/460/350 469/467/357 463/461/351
f 463/461/351 469/467/357 470/468/358
f 463/461/351 470/468/358 471/469/359
f 469/467/357 468/466/356 472/470/360
f 469/467/357 472/470/360 470/468/358
f 470/468/358 472/470/360 299/299/246
f 470/468/358 299/299/246 297/297/244
f 471/469/359 470/468/358 297/297/244
f 471/469/359 297/297/244 292/292/239
f 465/463/353 464/462/352 473/471/361
f 465/463/353 473/471/361 474/472/362
f 464/462/352 463/461/351 471/469/359
f 464/462/352 471/469/359 473/471/361
f 473/471/361 471/469/359 292/292/239
f 473/471/361 292/292/239 289/289/236
f 474/472/362 473/471/361 289/289/236
f 474/472/362 289/289/236 288/288/235
f 337/337/277 336/336/276 475/473/363
f 337/337/277 475/473/363 476/474/364
f 336/336/276 333/333/273 477/475/365
f 336/336/276 477/475/365 475/473/363
f 475/473/363 477/475/365 478/476/366
f 475/473/363 478/476/366 479/477/367
f 476/474/364 475/473/363 479/477/367
f 476/474/364 479/477/367 480/478/368
f 333/333/273 332/332/272 481/479/60
f 333/333/273 481/479/60 477/475/365
f 332/332/272 331/331/62 482/480/62
f 332/332/272 482/480/62 481/479/60
f 481/479/60 482/480/62 483/481/62
f 481/479/60 483/481/62 484/482/60
f 477/475/365 481/479/60 484/482/60
f 477/475/365 484/482/60 478/476/366
f 478/476/366 484/482/60 485/483/60
f 478/476/366 485/483/60 486/484/55
f 484/482/60 483/481/62 487/485/62
f 484/482/60 487/485/62 485/483/60
f 485/483/60 487/485/62 62/62/62
f 485/483/60 62/62/62 60/60/60
f 486/484/55 485/483/60 60/60/60
f 486/484/55 60/60/60 55/55/55
f 480/478/368 479/477/367 488/486/369
f 480/478/368 488/486/369 489/487/370
f 479/477/367 478/476/366 486/484/55
f 479/477/367 486/484/55 488/486/369
f 488/486/369 486/484/55 55/55/55
f 488/486/369 55/55/55 52/52/52
f 489/487/370 488/486/369 52/52/52
f 489/487/370 52/52/52 51/51/51
s 0
f 174/174/62 173/173/62 490/488/62
f 174/174/62 490/488/62 491/489/62
f 173/173/62 169/169/62 492/490/62
f 173/173/62 492/490/62 490/488/62
f 490/488/62 492/490/62 493/491/62
f 490/488/62 493/491/62 494/492/62
f 491/489/62 490/488/62 494/492/62
f 491/489/62 494/492/62 495/493/62
f 169/169/62 168/168/62 496/494/62
f 169/169/62 496/494/62 492/490/62
f 168/168/62 62/62/62 487/485/62
f 168/168/62 487/485/62 496/494/62
f 496/494/62 487/485/62 483/481/62
f 496/494/62 483/481/62 497/495/62
f 492/490/62 496/494/62 497/495/62
f 492/490/62 497/495/62 493/491/62
f 493/491/62 497/495/62 498/496/62
f 493/491/62 498/496/62 499/497/62
f 497/495/62 483/481/62 482/480/62
f 497/495/62 482/480/62 498/496/62
f 498/496/62 482/480/62 331/331/62
f 498/496/62 331/331/62 347/347/62
f 499/497/62 498/496/62 347/347/62
f 499/497/62 347/347/62 342/342/62
f 495/493/62 494/492/62 500/498/62
f 495/493/62 500/498/62 501/499/62
f 494/492/62 493/491/62 499/497/62
f 494/492/62 499/497/62 500/498/62
f 500/498/62 499/497/62 342/342/62
f 500/498/62 342/342/62 339/339/62
f 501/499/62 500/498/62 339/339/62
f 501/499/62 339/339/62 338/338/62
s 1
f 250/250/197 249/249/196 502/500/371
f 250/250/197 502/500/371 503/501/372
f 249/249/196 245/245/192 504/502/192
f 249/249/196 504/502/192 502/500/371
f 502/500/371 504/502/192 505/503/373
f 502/500/371 505/503/373 506/504/374
f 503/501/372 502/500/371 506/504/374
f 503/501/372 506/504/374 507/505/375
f 245/245/192 244/244/191 508/506/191
f 245/245/192 508/506/191 504/502/192
f 244/244/191 174/174/62 491/489/62
f 244/244/191 491/489/62 508/506/191
f 508/506/191 491/489/62 495/493/62
f 508/506/191 495/493/62 509/507/191
f 504/502/192 508/506/191 509/507/191
f 504/502/192 509/507/191 505/503/373
f 505/503/373 509/507/191 510/508/191
f 505/503/373 510/508/191 511/509/376
f 509/507/191 495/493/62 501/499/62
f 509/507/191 501/499/62 510/508/191
f 510/508/191 501/499/62 338/338/62
f 510/508/191 338/338/62 367/367/191
f 511/509/376 510/508/191 367/367/191
f 511/509/376 367/367/191 362/362/282
f 507/505/375 506/504/374 512/510/377
f 507/505/375 512/510/377 513/511/378
f 506/504/374 505/503/373 511/509/376
f 506/504/374 511/509/376 512/510/377
f 512/510/377 511/509/376 362/362/282
f 512/510/377 362/362/282 359/359/279
f 513/511/378 512/510/377 359/359/279
f 513/511/378 359/359/279 358/358/278
f 120/120/120 119/119/119 514/512/379
f 120/120/120 514/512/379 515/513/380
f 119/119/119 116/116/116 516/514/381
f 119/119/119 516/514/381 514/512/379
f 514/512/379 516/514/381 517/515/382
f 514/512/379 517/515/382 518/516/383
f 515/513/380 514/512/379 518/516/383
f 515/513/380 518/516/383 519/517/384
f 116/116/116 115/115/115 520/518/385
f 116/116/116 520/518/385 516/514/381
f 115/115/115 114/114/114 521/519/386
f 115/115/115 521/519/386 520/518/385
f 520/518/385 521/519/386 522/520/387
f 520/518/385 522/520/387 523/521/388
f 516/514/381 520/518/385 523/521/388
f 516/514/381 523/521/388 517/515/382
f 517/515/382 523/521/388 524/522/389
f 517/515/382 524/522/389 525/523/390
f 523/521/388 522/520/387 526/524/391
f 523/521/388 526/524/391 524/522/389
f 524/522/389 526/524/391 389/389/306
f 524/522/389 389/389/306 387/387/304
f 525/523/390 524/522/389 387/387/304
f 525/523/390 387/387/304 382/382/299
f 519/517/384 518/516/383 527/525/392
f 519/517/384 527/525/392 528/526/393
f 518/516/383 517/515/382 525/523/390
f 518/516/383 525/523/390 527/525/392
f 527/525/392 525/523/390 382/382/299
f 527/525/392 382/382/299 379/379/296
f 528/526/393 527/525/392 379/379/296
f 528/526/393 379/379/296 378/378/295
f 414/414/19 529/527/19 530/528/326
f 414/414/19 530/528/326 415/415/326
f 529/527/19 531/529/19 532/530/326
f 529/527/19 532/530/326 530/528/326
f 530/528/326 532/530/326 533/531/228
f 530/528/326 533/531/228 534/532/394
f 415/415/326 530/528/326 534/532/394
f 415/415/326 534/532/394 416/416/327
f 531/529/19 535/533/19 536/534/326
f 531/529/19 536/534/326 532/530/326
f 535/533/19 216/216/19 277/277/224
f 535/533/19 277/277/224 536/534/326
f 536/534/326 277/277/224 281/281/228
f 536/534/326 281/281/228 537/535/228
f 532/530/326 536/534/326 537/535/228
f 532/530/326 537/535/228 533/531/228
f 533/531/228 537/535/228 538/536/395
f 533/531/228 538/536/395 539/537/396
f 537/535/228 281/281/228 287/287/234
f 537/535/228 287/287/234 538/536/395
f 538/536/395 287/287/234 120/120/120
f 538/536/395 120/120/120 515/513/380
f 539/537/396 538/536/395 515/513/380
f 539/537/396 515/513/380 519/517/384
f 416/416/327 534/532/394 540/538/397
f 416/416/327 540/538/397 420/420/331
f 534/532/394 533/531/228 539/537/396
f 534/532/394 539/537/396 540/538/397
f 540/538/397 539/537/396 519/517/384
f 540/538/397 519/517/384 528/526/393
f 420/420/331 540/538/397 528/526/393
f 420/420/331 528/526/393 378/378/295
s 0
f 434/434/19 541/539/19 542/540/19
f 434/434/19 542/540/19 435/435/19
f 541/539/19 543/541/19 544/542/19
f 541/539/19 544/542/19 542/540/19
f 542/540/19 544/542/19 545/543/19
f 542/540/19 545/543/19 546/544/19
f 435/435/19 542/540/19 546/544/19
f 435/435/19 546/544/19 436/436/19
f 543/541/19 547/545/19 548/546/19
f 543/541/19 548/546/19 544/542/19
f 547/545/19 19/19/19 202/202/19
f 547/545/19 202/202/19 548/546/19
f 548/546/19 202/202/19 206/206/19
f 548/546/19 206/206/19 549/547/19
f 544/542/19 548/546/19 549/547/19
f 544/542/19 549/547/19 545/543/19
f 545/543/19 549/547/19 550/548/19
f 545/543/19 550/548/19 551/549/19
f 549/547/19 206/206/19 214/214/19
f 549/547/19 214/214/19 550/548/19
f 550/548/19 214/214/19 216/216/19
f 550/548/19 216/216/19 535/533/19
f 551/549/19 550/548/19 535/533/19
f 551/549/19 535/533/19 531/529/19
f 436/436/19 546/544/19 552/550/19
f 436/436/19 552/550/19 440/440/19
f 546/544/19 545/543/19 551/549/19
f 546/544/19 551/549/19 552/550/19
f 552/550/19 551/549/19 531/529/19
f 552/550/19 531/529/19 529/527/19
f 440/440/19 552/550/19 529/527/19
f 440/440/19 529/527/19 414/414/19
s 1
f 25/25/25 24/24/24 553/551/398
f 25/25/25 553/551/398 467/465/355
f 24/24/24 21/21/21 554/552/21
f 24/24/24 554/552/21 553/551/398
f 553/551/398 554/552/21 555/553/21
f 553/551/398 555/553/21 556/554/399
f 467/465/355 553/551/398 556/554/399
f 467/465/355 556/554/399 468/466/356
f 21/21/21 20/20/20 557/555/20
f 21/21/21 557/555/20 554/552/21
f 20/20/20 19/19/19 547/545/19
f 20/20/20 547/545/19 557/555/20
f 557/555/20 547/545/19 543/541/19
f 557/555/20 543/541/19 558/556/20
f 554/552/21 557/555/20 558/556/20
f 554/552/21 558/556/20 555/553/21
f 555/553/21 558/556/20 559/557/20
f 555/553/21 559/557/20 560/558/400
f 558/556/20 543/541/19 541/539/19
f 558/556/20 541/539/19 559/557/20
f 559/557/20 541/539/19 434/434/19
f 559/557/20 434/434/19 449/449/340
f 560/558/400 559/557/20 449/449/340
f 560/558/400 449/449/340 445/445/336
f 468/466/356 556/554/399 561/559/401
f 468/466/356 561/559/401 472/470/360
f 556/554/399 555/553/21 560/558/400
f 556/554/399 560/558/400 561/559/401
f 561/559/401 560/558/400 445/445/336
f 561/559/401 445/445/336 443/443/334
f 472/470/360 561/559/401 443/443/334
f 472/470/360 443/443/334 299/299/246
f 562/560/235 563/561/235 564/562/238
f 562/560/235 564/562/238 565/563/238
f 563/561/235 566/564/235 567/565/238
f 563/561/235 567/565/238 564/562/238
f 564/562/238 567/565/238 568/566/243
f 564/562/238 568/566/243 569/567/243
f 565/563/238 564/562/238 569/567/243
f 565/563/238 569/567/243 570/568/243
f 566/564/235 571/569/235 572/570/238
f 566/564/235 572/570/238 567/565/238
f 571/569/235 288/288/235 291/291/238
f 571/569/235 291/291/238 572/570/238
f 572/570/238 291/291/238 296/296/243
f 572/570/238 296/296/243 573/571/243
f 567/565/238 572/570/238 573/571/243
f 567/565/238 573/571/243 568/566/243
f 568/566/243 573/571/243 574/572/402
f 568/566/243 574/572/402 575/573/403
f 573/571/243 296/296/243 310/310/257
f 573/571/243 310/310/257 574/572/402
f 574/572/402 310/310/257 312/312/259
f 574/572/402 312/312/259 576/574/404
f 575/573/403 574/572/402 576/574/404
f 575/573/403 576/574/404 577/575/405
f 570/568/243 569/567/243 578/576/403
f 570/568/243 578/576/403 579/577/403
f 569/567/243 568/566/243 575/573/403
f 569/567/243 575/573/403 578/576/403
f 578/576/403 575/573/403 577/575/405
f 578/576/403 577/575/405 580/578/406
f 579/577/403 578/576/403 580/578/406
f 579/577/403 580/578/406 581/579/407
s 0
f 582/580/140 583/581/140 585/582/140
f 582/580/140 586/582/140 589/583/140
f 583/581/140 590/584/140 592/585/140
f 583/581/140 592/585/140 585/582/140
f 584/582/408 591/585/408 595/586/408
s 1
f 584/582/408 594/586/408 596/587/353
s 0
f 587/583/408 584/582/408 599/587/408
f 587/583/408 597/587/408 600/588/408
f 590/584/140 603/589/140 605/590/140
f 590/584/140 605/590/140 592/585/140
f 603/589/140 140/140/140 460/459/140
f 603/589/140 460/459/140 605/590/140
s 1
f 604/590/408 459/459/408 465/463/353
f 606/590/408 465/463/353 607/591/409
s 0
f 591/585/408 604/590/408 608/591/408
f 591/585/408 608/591/408 595/586/408
s 1
f 593/586/353 607/591/409 609/592/362
f 593/586/353 609/592/362 610/593/362
f 607/591/409 465/463/353 474/472/362
f 607/591/409 474/472/362 609/592/362
f 609/592/362 474/472/362 288/288/235
f 609/592/362 288/288/235 571/569/235
f 610/593/362 609/592/362 571/569/235
f 610/593/362 571/569/235 566/564/235
f 601/588/409 598/587/410 611/594/362
f 601/588/409 611/594/362 612/595/362
f 598/587/410 593/586/353 610/593/362
f 598/587/410 610/593/362 611/594/362
f 611/594/362 610/593/362 566/564/235
f 611/594/362 566/564/235 563/561/235
f 612/595/362 611/594/362 563/561/235
f 612/595/362 563/561/235 562/560/235
f 613/596/411 614/597/411 615/598/412
f 613/596/411 615/598/412 616/599/413
f 614/597/411 617/600/121 618/601/412
f 614/597/411 618/601/412 615/598/412
f 615/598/412 618/601/412 619/602/414
f 615/598/412 619/602/414 620/603/129
f 616/599/413 615/598/412 620/603/129
f 616/599/413 620/603/129 621/604/129
f 617/600/121 622/605/121 623/606/415
f 617/600/121 623/606/415 618/601/412
f 622/605/121 121/121/121 124/124/124
f 622/605/121 124/124/124 623/606/415
f 623/606/415 124/124/124 129/129/129
f 623/606/415 129/129/129 624/607/129
f 618/601/412 623/606/415 624/607/129
f 618/601/412 624/607/129 619/602/414
f 619/602/414 624/607/129 625/608/138
f 619/602/414 625/608/138 626/609/138
f 624/607/129 129/129/129 138/138/138
f 624/607/129 138/138/138 625/608/138
f 625/608/138 138/138/138 140/140/140
f 625/608/138 140/140/140 603/589/140
f 626/609/138 625/608/138 603/589/140
f 626/609/138 603/589/140 590/584/140
f 621/604/129 620/603/129 627/610/138
f 621/604/129 627/610/138 628/611/138
f 620/603/129 619/602/414 626/609/138
f 620/603/129 626/609/138 627/610/138
f 627/610/138 626/609/138 590/584/140
f 627/610/138 590/584/140 583/581/140
f 628/611/138 627/610/138 583/581/140
f 628/611/138 583/581/140 582/580/140
f 629/612/76 630/613/77 631/614/77
f 629/612/76 631/614/77 632/615/76
f 630/613/77 633/616/80 634/617/80
f 630/613/77 634/617/80 631/614/77
f 631/614/77 634/617/80 635/618/80
f 631/614/77 635/618/80 636/619/416
f 632/615/76 631/614/77 636/619/416
f 632/615/76 636/619/416 637/620/76
f 633/616/80 638/621/85 639/622/417
f 633/616/80 639/622/417 634/617/80
f 638/621/85 640/623/87 641/624/87
f 638/621/85 641/624/87 639/622/417
f 639/622/417 641/624/87 642/625/87
f 639/622/417 642/625/87 643/626/418
f 634/617/80 639/622/417 643/626/418
f 634/617/80 643/626/418 635/618/80
f 635/618/80 643/626/418 644/627/85
f 635/618/80 644/627/85 645/628/80
f 643/626/418 642/625/87 646/629/87
f 643/626/418 646/629/87 644/627/85
f 644/627/85 646/629/87 87/87/87
f 644/627/85 87/87/87 85/85/85
f 645/628/80 644/627/85 85/85/85
f 645/628/80 85/85/85 80/80/80
f 637/620/76 636/619/416 647/630/77
f 637/620/76 647/630/77 648/631/76
f 636/619/416 635/618/80 645/628/80
f 636/619/416 645/628/80 647/630/77
f 647/630/77 645/628/80 80/80/80
f 647/630/77 80/80/80 77/77/77
f 648/631/76 647/630/77 77/77/77
f 648/631/76 77/77/77 76/76/76
s 0
f 194/194/87 193/193/87 649/632/87
f 194/194/87 649/632/87 650/633/87
f 193/193/87 189/189/87 651/634/87
f 193/193/87 651/634/87 649/632/87
f 649/632/87 651/634/87 652/635/87
f 649/632/87 652/635/87 653/636/87
f 650/633/87 649/632/87 653/636/87
f 650/633/87 653/636/87 654/637/87
f 189/189/87 188/188/87 655/638/87
f 189/189/87 655/638/87 651/634/87
f 188/188/87 87/87/87 646/629/87
f 188/188/87 646/629/87 655/638/87
f 655/638/87 646/629/87 642/625/87
f 655/638/87 642/625/87 656/639/87
f 651/634/87 655/638/87 656/639/87
f 651/634/87 656/639/87 652/635/87
f 652/635/87 656/639/87 657/640/87
f 652/635/87 657/640/87 658/641/87
f 656/639/87 642/625/87 641/624/87
f 656/639/87 641/624/87 657/640/87
f 657/640/87 641/624/87 640/623/87
f 657/640/87 640/623/87 659/642/87
f 658/641/87 657/640/87 659/642/87
f 658/641/87 659/642/87 660/643/87
f 654/637/87 653/636/87 661/644/87
f 654/637/87 661/644/87 662/645/87
f 653/636/87 652/635/87 658/641/87
f 653/636/87 658/641/87 661/644/87
f 661/644/87 658/641/87 660/643/87
f 661/644/87 660/643/87 663/646/87
f 662/645/87 661/644/87 663/646/87
f 662/645/87 663/646/87 664/647/87
s 1
f 270/270/217 269/269/216 665/648/419
f 270/270/217 665/648/419 666/649/420
f 269/269/216 265/265/212 667/650/421
f 269/269/216 667/650/421 665/648/419
f 665/648/419 667/650/421 668/651/422
f 665/648/419 668/651/422 669/652/419
f 666/649/420 665/648/419 669/652/419
f 666/649/420 669/652/419 670/653/420
f 265/265/212 264/264/211 671/654/423
f 265/265/212 671/654/423 667/650/421
f 264/264/211 194/194/87 650/633/87
f 264/264/211 650/633/87 671/654/423
f 671/654/423 650/633/87 654/637/87
f 671/654/423 654/637/87 672/655/424
f 667/650/421 671/654/423 672/655/424
f 667/650/421 672/655/424 668/651/422
f 668/651/422 672/655/424 673/656/425
f 668/651/422 673/656/425 674/657/421
f 672/655/424 654/637/87 662/645/87
f 672/655/424 662/645/87 673/656/425
f 673/656/425 662/645/87 664/647/87
f 673/656/425 664/647/87 675/658/425
f 674/657/421 673/656/425 675/658/425
f 674/657/421 675/658/425 676/659/422
f 670/653/420 669/652/419 677/660/419
f 670/653/420 677/660/419 678/661/420
f 669/652/419 668/651/422 674/657/421
f 669/652/419 674/657/421 677/660/419
f 677/660/419 674/657/421 676/659/422
f 677/660/419 676/659/422 679/662/216
f 678/661/420 677/660/419 679/662/216
f 678/661/420 679/662/216 680/663/420
f 114/114/114 113/113/113 681/664/113
f 114/114/114 681/664/113 682/665/114
f 113/113/113 109/109/109 683/666/109
f 113/113/113 683/666/109 681/664/113
f 681/664/113 683/666/109 684/667/109
f 681/664/113 684/667/109 685/668/113
f 682/665/114 681/664/113 685/668/113
f 682/665/114 685/668/113 686/669/114
f 109/109/109 108/108/108 687/670/108
f 109/109/109 687/670/108 683/666/109
f 108/108/108 107/107/107 688/671/107
f 108/108/108 688/671/107 687/670/108
f 687/670/108 688/671/107 689/672/107
f 687/670/108 689/672/107 690/673/426
f 683/666/109 687/670/108 690/673/426
f 683/666/109 690/673/426 684/667/109
f 684/667/109 690/673/426 691/674/426
f 684/667/109 691/674/426 692/675/109
f 690/673/426 689/672/107 693/676/107
f 690/673/426 693/676/107 691/674/426
f 691/674/426 693/676/107 694/677/107
f 691/674/426 694/677/107 695/678/108
f 692/675/109 691/674/426 695/678/108
f 692/675/109 695/678/108 696/679/109
f 686/669/114 685/668/113 697/680/113
f 686/669/114 697/680/113 698/681/114
f 685/668/113 684/667/109 692/675/109
f 685/668/113 692/675/109 697/680/113
f 697/680/113 692/675/109 696/679/109
f 697/680/113 696/679/109 699/682/113
f 698/681/114 697/680/113 699/682/113
f 698/681/114 699/682/113 700/683/114
f 389/389/306 526/524/391 701/684/391
f 389/389/306 701/684/391 702/685/306
f 526/524/391 522/520/387 703/686/387
f 526/524/391 703/686/387 701/684/391
f 701/684/391 703/686/387 704/687/387
f 701/684/391 704/687/387 705/688/391
f 702/685/306 701/684/391 705/688/391
f 702/685/306 705/688/391 706/689/306
f 522/520/387 521/519/386 707/690/386
f 522/520/387 707/690/386 703/686/387
f 521/519/386 114/114/114 682/665/114
f 521/519/386 682/665/114 707/690/386
f 707/690/386 682/665/114 686/669/114
f 707/690/386 686/669/114 708/691/386
f 703/686/387 707/690/386 708/691/386
f 703/686/387 708/691/386 704/687/387
f 704/687/387 708/691/386 709/692/386
f 704/687/387 709/692/386 710/693/387
f 708/691/386 686/669/114 698/681/114
f 708/691/386 698/681/114 709/692/386
f 709/692/386 698/681/114 700/683/114
f 709/692/386 700/683/114 711/694/386
f 710/693/387 709/692/386 711/694/386
f 710/693/387 711/694/386 712/695/387
f 706/689/306 705/688/391 713/696/391
f 706/689/306 713/696/391 714/697/306
f 705/688/391 704/687/387 710/693/387
f 705/688/391 710/693/387 713/696/391
f 713/696/391 710/693/387 712/695/387
f 713/696/391 712/695/387 715/698/391
f 714/697/306 713/696/391 715/698/391
f 714/697/306 715/698/391 716/699/306
f 396/396/313 395/395/312 717/700/427
f 396/396/313 717/700/427 718/701/428
f 395/395/312 391/391/308 719/702/429
f 395/395/312 719/702/429 717/700/427
f 717/700/427 719/702/429 720/703/429
f 717/700/427 720/703/429 721/704/430
f 718/701/428 717/700/427 721/704/430
f 718/701/428 721/704/430 722/705/431
f 391/391/308 390/390/307 723/706/432
f 391/391/308 723/706/432 719/702/429
f 390/390/307 389/389/306 702/685/306
f 390/390/307 702/685/306 723/706/432
f 723/706/432 702/685/306 706/689/306
f 723/706/432 706/689/306 724/707/307
f 719/702/429 723/706/432 724/707/307
f 719/702/429 724/707/307 720/703/429
f 720/703/429 724/707/307 725/708/307
f 720/703/429 725/708/307 726/709/429
f 724/707/307 706/689/306 714/697/306
f 724/707/307 714/697/306 725/708/307
f 725/708/307 714/697/306 716/699/306
f 725/708/307 716/699/306 727/710/433
f 726/709/429 725/708/307 727/710/433
f 726/709/429 727/710/433 728/711/429
f 722/705/431 721/704/430 729/712/430
f 722/705/431 729/712/430 730/713/434
f 721/704/430 720/703/429 726/709/429
f 721/704/430 726/709/429 729/712/430
f 729/712/430 726/709/429 728/711/429
f 729/712/430 728/711/429 731/714/430
f 730/713/434 729/712/430 731/714/430
f 730/713/434 731/714/430 732/715/435
f 156/156/156 236/236/183 733/716/436
f 156/156/156 733/716/436 734/717/437
f 236/236/183 234/234/181 735/718/438
f 236/236/183 735/718/438 733/716/436
f 733/716/436 735/718/438 736/719/439
f 733/716/436 736/719/439 737/720/440
f 734/717/437 733/716/436 737/720/440
f 734/717/437 737/720/440 738/721/441
f 234/234/181 233/233/180 739/722/442
f 234/234/181 739/722/442 735/718/438
f 233/233/180 232/232/179 740/723/443
f 233/233/180 740/723/443 739/722/442
f 739/722/442 740/723/443 741/724/444
f 739/722/442 741/724/444 742/725/445
f 735/718/438 739/722/442 742/725/445
f 735/718/438 742/725/445 736/719/439
f 736/719/439 742/725/445 743/726/446
f 736/719/439 743/726/446 744/727/447
f 742/725/445 741/724/444 745/728/448
f 742/725/445 745/728/448 743/726/446
f 743/726/446 745/728/448 746/729/449
f 743/726/446 746/729/449 747/730/450
f 744/727/447 743/726/446 747/730/450
f 744/727/447 747/730/450 748/731/451
f 738/721/441 737/720/440 749/732/452
f 738/721/441 749/732/452 750/733/453
f 737/720/440 736/719/439 744/727/447
f 737/720/440 744/727/447 749/732/452
f 749/732/452 744/727/447 748/731/451
f 749/732/452 748/731/451 751/734/454
f 750/733/453 749/732/452 751/734/454
f 750/733/453 751/734/454 752/735/455
f 44/44/44 160/160/160 753/736/456
f 44/44/44 753/736/456 754/737/457
f 160/160/160 158/158/158 755/738/458
f 160/160/160 755/738/458 753/736/456
f 753/736/456 755/738/458 756/739/459
f 753/736/456 756/739/459 757/740/460
f 754/737/457 753/736/456 757/740/460
f 754/737/457 757/740/460 758/741/461
f 158/158/158 157/157/157 759/742/462
f 158/158/158 759/742/462 755/738/458
f 157/157/157 156/156/156 734/717/437
f 157/157/157 734/717/437 759/742/462
f 759/742/462 734/717/437 738/721/441
f 759/742/462 738/721/441 760/743/463
f 755/738/458 759/742/462 760/743/463
f 755/738/458 760/743/463 756/739/459
f 756/739/459 760/743/463 761/744/464
f 756/739/459 761/744/464 762/745/465
f 760/743/463 738/721/441 750/733/453
f 760/743/463 750/733/453 761/744/464
f 761/744/464 750/733/453 752/735/455
f 761/744/464 752/735/455 763/746/466
f 762/745/465 761/744/464 763/746/466
f 762/745/465 763/746/466 764/747/467
f 758/741/461 757/740/460 765/748/468
f 758/741/461 765/748/468 766/749/469
f 757/740/460 756/739/459 762/745/465
f 757/740/460 762/745/465 765/748/468
f 765/748/468 762/745/465 764/747/467
f 765/748/468 764/747/467 767/750/470
f 766/749/469 765/748/468 767/750/470
f 766/749/469 767/750/470 768/751/471
f 50/50/50 49/49/49 769/752/472
f 50/50/50 769/752/472 770/753/473
f 49/49/49 46/46/46 771/754/474
f 49/49/49 771/754/474 769/752/472
f 769/752/472 771/754/474 772/755/475
f 769/752/472 772/755/475 773/756/476
f 770/753/473 769/752/472 773/756/476
f 770/753/473 773/756/476 774/757/477
f 46/46/46 45/45/45 775/758/478
f 46/46/46 775/758/478 771/754/474
f 45/45/45 44/44/44 754/737/457
f 45/45/45 754/737/457 775/758/478
f 775/758/478 754/737/457 758/741/461
f 775/758/478 758/741/461 776/759/479
f 771/754/474 775/758/478 776/759/479
f 771/754/474 776/759/479 772/755/475
f 772/755/475 776/759/479 777/760/480
f 772/755/475 777/760/480 778/761/481
f 776/759/479 758/741/461 766/749/469
f 776/759/479 766/749/469 777/760/480
f 777/760/480 766/749/469 768/751/471
f 777/760/480 768/751/471 779/762/482
f 778/761/481 777/760/480 779/762/482
f 778/761/481 779/762/482 780/763/483
f 774/757/477 773/756/476 781/764/484
f 774/757/477 781/764/484 782/765/485
f 773/756/476 772/755/475 778/761/481
f 773/756/476 778/761/481 781/764/484
f 781/764/484 778/761/481 780/763/483
f 781/764/484 780/763/483 783/766/486
f 782/765/485 781/764/484 783/766/486
f 782/765/485 783/766/486 784/767/487
f 785/768/488 786/769/489 787/770/490
f 785/768/488 787/770/490 788/771/491
f 786/769/489 789/772/492 790/773/493
f 786/769/489 790/773/493 787/770/490
f 787/770/490 790/773/493 791/774/494
f 787/770/490 791/774/494 792/775/495
f 788/771/491 787/770/490 792/775/495
f 788/771/491 792/775/495 793/776/496
f 789/772/492 794/777/497 795/778/498
f 789/772/492 795/778/498 790/773/493
f 794/777/497 796/779/235 797/780/238
f 794/777/497 797/780/238 795/778/498
f 795/778/498 797/780/238 798/781/243
f 795/778/498 798/781/243 799/782/499
f 790/773/493 795/778/498 799/782/499
f 790/773/493 799/782/499 791/774/494
f 791/774/494 799/782/499 800/783/500
f 791/774/494 800/783/500 801/784/501
f 799/782/499 798/781/243 802/785/257
f 799/782/499 802/785/257 800/783/500
f 800/783/500 802/785/257 803/786/502
f 800/783/500 803/786/502 804/787/503
f 801/784/501 800/783/500 804/787/503
f 801/784/501 804/787/503 805/788/504
f 793/776/496 792/775/495 806/789/505
f 793/776/496 806/789/505 807/790/506
f 792/775/495 791/774/494 801/784/501
f 792/775/495 801/784/501 806/789/505
f 806/789/505 801/784/501 805/788/504
f 806/789/505 805/788/504 808/791/507
f 807/790/506 806/789/505 808/791/507
f 807/790/506 808/791/507 809/792/508
f 810/793/509 811/794/510 812/795/511
f 810/793/509 812/795/511 813/796/512
f 811/794/510 814/797/513 815/798/514
f 811/794/510 815/798/514 812/795/511
f 812/795/511 815/798/514 816/799/515
f 812/795/511 816/799/515 817/800/516
f 813/796/512 812/795/511 817/800/516
f 813/796/512 817/800/516 818/801/517
f 814/797/513 819/802/518 820/803/519
f 814/797/513 820/803/519 815/798/514
f 819/802/518 821/804/140 824/805/349
f 819/802/518 824/805/349 820/803/519
f 820/803/519 824/805/349 825/806/409
f 820/803/519 825/806/409 827/807/520
f 815/798/514 820/803/519 827/807/520
f 815/798/514 827/807/520 816/799/515
f 816/799/515 827/807/520 828/808/521
f 816/799/515 828/808/521 829/809/522
f 827/807/520 825/806/409 830/810/362
f 827/807/520 830/810/362 828/808/521
f 828/808/521 830/810/362 796/779/235
f 828/808/521 796/779/235 794/777/497
f 829/809/522 828/808/521 794/777/497
f 829/809/522 794/777/497 789/772/492
f 818/801/517 817/800/516 831/811/523
f 818/801/517 831/811/523 832/812/524
f 817/800/516 816/799/515 829/809/522
f 817/800/516 829/809/522 831/811/523
f 831/811/523 829/809/522 789/772/492
f 831/811/523 789/772/492 786/769/489
f 832/812/524 831/811/523 786/769/489
f 832/812/524 786/769/489 785/768/488
f 833/813/525 834/814/526 835/815/527
f 833/813/525 835/815/527 836/816/528
f 834/814/526 837/817/529 838/818/530
f 834/814/526 838/818/530 835/815/527
f 835/815/527 838/818/530 839/819/531
f 835/815/527 839/819/531 840/820/532
f 836/816/528 835/815/527 840/820/532
f 836/816/528 840/820/532 841/821/533
f 837/817/529 842/822/534 843/823/535
f 837/817/529 843/823/535 838/818/530
f 842/822/534 844/824/411 845/825/536
f 842/822/534 845/825/536 843/823/535
f 843/823/535 845/825/536 846/826/414
f 843/823/535 846/826/414 847/827/537
f 838/818/530 843/823/535 847/827/537
f 838/818/530 847/827/537 839/819/531
f 839/819/531 847/827/537 848/828/538
f 839/819/531 848/828/538 849/829/539
f 847/827/537 846/826/414 850/830/138
f 847/827/537 850/830/138 848/828/538
f 848/828/538 850/830/138 821/804/140
f 848/828/538 821/804/140 819/802/518
f 849/829/539 848/828/538 819/802/518
f 849/829/539 819/802/518 814/797/513
f 841/821/533 840/820/532 851/831/540
f 841/821/533 851/831/540 852/832/541
f 840/820/532 839/819/531 849/829/539
f 840/820/532 849/829/539 851/831/540
f 851/831/540 849/829/539 814/797/513
f 851/831/540 814/797/513 811/794/510
f 852/832/541 851/831/540 811/794/510
f 852/832/541 811/794/510 810/793/509
f 75/75/75 74/74/74 853/833/542
f 75/75/75 853/833/542 854/834/543
f 74/74/74 71/71/71 855/835/544
f 74/74/74 855/835/544 853/833/542
f 853/833/542 855/835/544 856/836/545
f 853/833/542 856/836/545 857/837/546
f 854/834/543 853/833/542 857/837/546
f 854/834/543 857/837/546 858/838/547
f 71/71/71 70/70/70 859/839/548
f 71/71/71 859/839/548 855/835/544
f 70/70/70 69/69/69 860/840/549
f 70/70/70 860/840/549 859/839/548
f 859/839/548 860/840/549 861/841/550
f 859/839/548 861/841/550 862/842/551
f 855/835/544 859/839/548 862/842/551
f 855/835/544 862/842/551 856/836/545
f 856/836/545 862/842/551 863/843/552
f 856/836/545 863/843/552 864/844/553
f 862/842/551 861/841/550 865/845/554
f 862/842/551 865/845/554 863/843/552
f 863/843/552 865/845/554 866/846/87
f 863/843/552 866/846/87 867/847/555
f 864/844/553 863/843/552 867/847/555
f 864/844/553 867/847/555 868/848/80
f 858/838/547 857/837/546 869/849/556
f 858/838/547 869/849/556 870/850/557
f 857/837/546 856/836/545 864/844/553
f 857/837/546 864/844/553 869/849/556
f 869/849/556 864/844/553 868/848/80
f 869/849/556 868/848/80 871/851/77
f 870/850/557 869/849/556 871/851/77
f 870/850/557 871/851/77 872/852/76
f 873/853/87 874/854/87 875/855/554
f 873/853/87 875/855/554 876/856/554
f 874/854/87 877/857/87 878/858/554
f 874/854/87 878/858/554 875/855/554
f 875/855/554 878/858/554 879/859/558
f 875/855/554 879/859/558 880/860/550
f 876/856/554 875/855/554 880/860/550
f 876/856/554 880/860/550 881/861/550
f 877/857/87 882/862/87 883/863/554
f 877/857/87 883/863/554 878/858/554
f 882/862/87 866/846/87 865/845/554
f 882/862/87 865/845/554 883/863/554
f 883/863/554 865/845/554 861/841/550
f 883/863/554 861/841/550 884/864/550
f 878/858/554 883/863/554 884/864/550
f 878/858/554 884/864/550 879/859/558
f 879/859/558 884/864/550 885/865/549
f 879/859/558 885/865/549 886/866/549
f 884/864/550 861/841/550 860/840/549
f 884/864/550 860/840/549 885/865/549
f 885/865/549 860/840/549 69/69/69
f 885/865/549 69/69/69 162/162/161
f 886/866/549 885/865/549 162/162/161
f 886/866/549 162/162/161 166/166/161
f 881/861/550 880/860/550 887/867/559
f 881/861/550 887/867/559 888/868/549
f 880/860/550 879/859/558 886/866/549
f 880/860/550 886/866/549 887/867/559
f 887/867/559 886/866/549 166/166/161
f 887/867/559 166/166/161 178/178/161
f 888/868/549 887/867/559 178/178/161
f 888/868/549 178/178/161 180/180/161
f 889/869/217 890/870/216 891/871/560
f 889/869/217 891/871/560 892/872/561
f 890/870/216 893/873/421 894/874/562
f 890/870/216 894/874/562 891/871/560
f 891/871/560 894/874/562 895/875/563
f 891/871/560 895/875/563 896/876/564
f 892/872/561 891/871/560 896/876/564
f 892/872/561 896/876/564 897/877/565
f 893/873/421 898/878/425 899/879/566
f 893/873/421 899/879/566 894/874/562
f 898/878/425 873/853/87 876/856/554
f 898/878/425 876/856/554 899/879/566
f 899/879/566 876/856/554 881/861/550
f 899/879/566 881/861/550 900/880/567
f 894/874/562 899/879/566 900/880/567
f 894/874/562 900/880/567 895/875/563
f 895/875/563 900/880/567 901/881/568
f 895/875/563 901/881/568 902/882/569
f 900/880/567 881/861/550 888/868/549
f 900/880/567 888/868/549 901/881/568
f 901/881/568 888/868/549 180/180/161
f 901/881/568 180/180/161 238/238/185
f 902/882/569 901/881/568 238/238/185
f 902/882/569 238/238/185 242/242/189
f 897/877/565 896/876/564 903/883/570
f 897/877/565 903/883/570 904/884/571
f 896/876/564 895/875/563 902/882/569
f 896/876/564 902/882/569 903/883/570
f 903/883/570 902/882/569 242/242/189
f 903/883/570 242/242/189 254/254/201
f 904/884/571 903/883/570 254/254/201
f 904/884/571 254/254/201 256/256/203
f 905/885/114 906/886/113 907/887/572
f 905/885/114 907/887/572 908/888/573
f 906/886/113 909/889/109 910/890/574
f 906/886/113 910/890/574 907/887/572
f 907/887/572 910/890/574 911/891/575
f 907/887/572 911/891/575 912/892/576
f 908/888/573 907/887/572 912/892/576
f 908/888/573 912/892/576 913/893/577
f 909/889/109 914/894/426 915/895/578
f 909/889/109 915/895/578 910/890/574
f 914/894/426 916/896/107 917/897/579
f 914/894/426 917/897/579 915/895/578
f 915/895/578 917/897/579 918/898/580
f 915/895/578 918/898/580 919/899/581
f 910/890/574 915/895/578 919/899/581
f 910/890/574 919/899/581 911/891/575
f 911/891/575 919/899/581 920/900/582
f 911/891/575 920/900/582 921/901/583
f 919/899/581 918/898/580 922/902/571
f 919/899/581 922/902/571 920/900/582
f 920/900/582 922/902/571 923/903/203
f 920/900/582 923/903/203 924/904/202
f 921/901/583 920/900/582 924/904/202
f 921/901/583 924/904/202 925/905/584
f 913/893/577 912/892/576 926/906/585
f 913/893/577 926/906/585 927/907/586
f 912/892/576 911/891/575 921/901/583
f 912/892/576 921/901/583 926/906/585
f 926/906/585 921/901/583 925/905/584
f 926/906/585 925/905/584 928/908/587
f 927/907/586 926/906/585 928/908/587
f 927/907/586 928/908/587 929/909/588
f 930/910/306 931/911/391 932/912/589
f 930/910/306 932/912/589 933/913/590
f 931/911/391 934/914/387 935/915/591
f 931/911/391 935/915/591 932/912/589
f 932/912/589 935/915/591 936/916/592
f 932/912/589 936/916/592 937/917/593
f 933/913/590 932/912/589 937/917/593
f 933/913/590 937/917/593 938/918/594
f 934/914/387 939/919/386 940/920/595
f 934/914/387 940/920/595 935/915/591
f 939/919/386 905/885/114 908/888/573
f 939/919/386 908/888/573 940/920/595
f 940/920/595 908/888/573 913/893/577
f 940/920/595 913/893/577 941/921/596
f 935/915/591 940/920/595 941/921/596
f 935/915/591 941/921/596 936/916/592
f 936/916/592 941/921/596 942/922/597
f 936/916/592 942/922/597 943/923/598
f 941/921/596 913/893/577 927/907/586
f 941/921/596 927/907/586 942/922/597
f 942/922/597 927/907/586 929/909/588
f 942/922/597 929/909/588 944/924/599
f 943/923/598 942/922/597 944/924/599
f 943/923/598 944/924/599 945/925/600
f 938/918/594 937/917/593 946/926/601
f 938/918/594 946/926/601 947/927/602
f 937/917/593 936/916/592 943/923/598
f 937/917/593 943/923/598 946/926/601
f 946/926/601 943/923/598 945/925/600
f 946/926/601 945/925/600 948/928/603
f 947/927/602 946/926/601 948/928/603
f 947/927/602 948/928/603 949/929/604
f 950/930/605 951/931/427 952/932/606
f 950/930/605 952/932/606 953/933/607
f 951/931/427 954/934/429 955/935/608
f 951/931/427 955/935/608 952/932/606
f 952/932/606 955/935/608 956/936/609
f 952/932/606 956/936/609 957/937/610
f 953/933/607 952/932/606 957/937/610
f 953/933/607 957/937/610 958/938/611
f 954/934/429 959/939/307 960/940/612
f 954/934/429 960/940/612 955/935/608
f 959/939/307 930/910/306 933/913/590
f 959/939/307 933/913/590 960/940/612
f 960/940/612 933/913/590 938/918/594
f 960/940/612 938/918/594 961/941/613
f 955/935/608 960/940/612 961/941/613
f 955/935/608 961/941/613 956/936/609
f 956/936/609 961/941/613 962/942/614
f 956/936/609 962/942/614 963/943/615
f 961/941/613 938/918/594 947/927/602
f 961/941/613 947/927/602 962/942/614
f 962/942/614 947/927/602 949/929/604
f 962/942/614 949/929/604 964/944/616
f 963/943/615 962/942/614 964/944/616
f 963/943/615 964/944/616 965/945/617
f 958/938/611 957/937/610 966/946/618
f 958/938/611 966/946/618 967/947/619
f 957/937/610 956/936/609 963/943/615
f 957/937/610 963/943/615 966/946/618
f 966/946/618 963/943/615 965/945/617
f 966/946/618 965/945/617 968/948/620
f 967/947/619 966/946/618 968/948/620
f 967/947/619 968/948/620 969/949/621
f 970/950/622 971/951/623 972/952/624
f 970/950/622 972/952/624 973/953/625
f 971/951/623 974/954/626 975/955/627
f 971/951/623 975/955/627 972/952/624
f 972/952/624 975/955/627 976/956/628
f 972/952/624 976/956/628 977/957/629
f 973/953/625 972/952/624 977/957/629
f 973/953/625 977/957/629 978/958/630
f 974/954/626 979/959/631 980/960/632
f 974/954/626 980/960/632 975/955/627
f 979/959/631 981/961/633 982/962/634
f 979/959/631 982/962/634 980/960/632
f 980/960/632 982/962/634 983/963/635
f 980/960/632 983/963/635 984/964/636
f 975/955/627 980/960/632 984/964/636
f 975/955/627 984/964/636 976/956/628
f 976/956/628 984/964/636 985/965/637
f 976/956/628 985/965/637 986/966/638
f 984/964/636 983/963/635 987/967/639
f 984/964/636 987/967/639 985/965/637
f 985/965/637 987/967/639 988/968/640
f 985/965/637 988/968/640 989/969/641
f 986/966/638 985/965/637 989/969/641
f 986/966/638 989/969/641 990/970/642
f 978/958/630 977/957/629 991/971/643
f 978/958/630 991/971/643 992/972/644
f 977/957/629 976/956/628 986/966/638
f 977/957/629 986/966/638 991/971/643
f 991/971/643 986/966/638 990/970/642
f 991/971/643 990/970/642 993/973/645
f 992/972/644 991/971/643 993/973/645
f 992/972/644 993/973/645 994/974/646
f 995/975/647 996/976/648 997/977/649
f 995/975/647 997/977/649 998/978/650
f 996/976/648 999/979/651 1000/980/652
f 996/976/648 1000/980/652 997/977/649
f 997/977/649 1000/980/652 1001/981/653
f 997/977/649 1001/981/653 1002/982/654
f 998/978/650 997/977/649 1002/982/654
f 998/978/650 1002/982/654 1003/983/655
f 999/979/651 1004/984/656 1005/985/657
f 999/979/651 1005/985/657 1000/980/652
f 1004/984/656 970/950/622 973/953/625
f 1004/984/656 973/953/625 1005/985/657
f 1005/985/657 973/953/625 978/958/630
f 1005/985/657 978/958/630 1006/986/658
f 1000/980/652 1005/985/657 1006/986/658
f 1000/980/652 1006/986/658 1001/981/653
f 1001/981/653 1006/986/658 1007/987/659
f 1001/981/653 1007/987/659 1008/988/660
f 1006/986/658 978/958/630 992/972/644
f 1006/986/658 992/972/644 1007/987/659
f 1007/987/659 992/972/644 994/974/646
f 1007/987/659 994/974/646 1009/989/661
f 1008/988/660 1007/987/659 1009/989/661
f 1008/988/660 1009/989/661 1010/990/662
f 1003/983/655 1002/982/654 1011/991/663
f 1003/983/655 1011/991/663 1012/992/664
f 1002/982/654 1001/981/653 1008/988/660
f 1002/982/654 1008/988/660 1011/991/663
f 1011/991/663 1008/988/660 1010/990/662
f 1011/991/663 1010/990/662 1013/993/665
f 1012/992/664 1011/991/663 1013/993/665
f 1012/992/664 1013/993/665 1014/994/666
f 1015/995/667 1016/996/668 1017/997/669
f 1015/995/667 1017/997/669 1018/998/670
f 1016/996/668 1019/999/671 1020/1000/672
f 1016/996/668 1020/1000/672 1017/997/669
f 1017/997/669 1020/1000/672 1021/1001/673
f 1017/997/669 1021/1001/673 1022/1002/674
f 1018/998/670 1017/997/669 1022/1002/674
f 1018/998/670 1022/1002/674 1023/1003/675
f 1019/999/671 1024/1004/676 1025/1005/677
f 1019/999/671 1025/1005/677 1020/1000/672
f 1024/1004/676 995/975/647 998/978/650
f 1024/1004/676 998/978/650 1025/1005/677
f 1025/1005/677 998/978/650 1003/983/655
f 1025/1005/677 1003/983/655 1026/1006/678
f 1020/1000/672 1025/1005/677 1026/1006/678
f 1020/1000/672 1026/1006/678 1021/1001/673
f 1021/1001/673 1026/1006/678 1027/1007/679
f 1021/1001/673 1027/1007/679 1028/1008/680
f 1026/1006/678 1003/983/655 1012/992/664
f 1026/1006/678 1012/992/664 1027/1007/679
f 1027/1007/679 1012/992/664 1014/994/666
f 1027/1007/679 1014/994/666 1029/1009/681
f 1028/1008/680 1027/1007/679 1029/1009/681
f 1028/1008/680 1029/1009/681 1030/1010/682
f 1023/1003/675 1022/1002/674 1031/1011/683
f 1023/1003/675 1031/1011/683 1032/1012/684
f 1022/1002/674 1021/1001/673 1028/1008/680
f 1022/1002/674 1028/1008/680 1031/1011/683
f 1031/1011/683 1028/1008/680 1030/1010/682
f 1031/1011/683 1030/1010/682 1033/1013/685
f 1032/1012/684 1031/1011/683 1033/1013/685
f 1032/1012/684 1033/1013/685 1034/1014/686
f 1035/1015/687 1036/1016/688 1037/1017/689
f 1035/1015/687 1037/1017/689 1038/1018/690
f 1036/1016/688 1039/1019/691 1040/1020/692
f 1036/1016/688 1040/1020/692 1037/1017/689
f 1041/1021/693 1042/1022/694 1043/1023/695
f 1041/1021/693 1043/1023/695 1044/1024/696
f 1045/1025/697 1041/1021/693 1044/1024/696
f 1045/1025/697 1044/1024/696 1046/1026/698
f 1039/1019/691 1047/1027/699 1048/1028/700
f 1039/1019/691 1048/1028/700 1040/1020/692
f 1047/1027/699 1049/1029/701 1050/1030/702
f 1047/1027/699 1050/1030/702 1048/1028/700
f 1051/1031/703 1052/1032/702 1053/1033/704
f 1051/1031/703 1053/1033/704 1054/1034/705
f 1042/1022/694 1051/1031/703 1054/1034/705
f 1042/1022/694 1054/1034/705 1043/1023/695
f 1043/1023/695 1054/1034/705 1055/1035/706
f 1043/1023/695 1055/1035/706 1056/1036/707
f 1054/1034/705 1053/1033/704 1057/1037/708
f 1054/1034/705 1057/1037/708 1055/1035/706
f 1055/1035/706 1057/1037/708 1058/1038/709
f 1055/1035/706 1058/1038/709 1059/1039/710
f 1056/1036/707 1055/1035/706 1059/1039/710
f 1056/1036/707 1059/1039/710 1060/1040/711
f 1046/1026/698 1044/1024/696 1061/1041/712
f 1046/1026/698 1061/1041/712 1062/1042/713
f 1044/1024/696 1043/1023/695 1056/1036/707
f 1044/1024/696 1056/1036/707 1061/1041/712
f 1061/1041/712 1056/1036/707 1060/1040/711
f 1061/1041/712 1060/1040/711 1063/1043/714
f 1062/1042/713 1061/1041/712 1063/1043/714
f 1062/1042/713 1063/1043/714 1064/1044/715
f 1065/1045/716 1066/1046/717 1067/1047/718
f 1065/1045/716 1067/1047/718 1068/1048/719
f 1066/1046/717 1069/1049/720 1070/1050/721
f 1066/1046/717 1070/1050/721 1067/1047/718
f 1071/1051/722 1072/1052/721 1073/1053/723
f 1071/1051/722 1073/1053/723 1074/1054/724
f 1075/1055/725 1071/1051/722 1074/1054/724
f 1075/1055/725 1074/1054/724 1076/1056/726
f 1069/1049/720 1077/1057/727 1078/1058/728
f 1069/1049/720 1078/1058/728 1070/1050/721
f 1077/1057/727 1035/1015/687 1038/1018/690
f 1077/1057/727 1038/1018/690 1078/1058/728
f 1079/1059/729 1045/1025/697 1046/1026/698
f 1079/1059/729 1046/1026/698 1080/1060/730
f 1072/1052/721 1079/1059/729 1080/1060/730
f 1072/1052/721 1080/1060/730 1073/1053/723
f 1073/1053/723 1080/1060/730 1081/1061/731
f 1073/1053/723 1081/1061/731 1082/1062/732
f 1080/1060/730 1046/1026/698 1062/1042/713
f 1080/1060/730 1062/1042/713 1081/1061/731
f 1081/1061/731 1062/1042/713 1064/1044/715
f 1081/1061/731 1064/1044/715 1083/1063/733
f 1082/1062/732 1081/1061/731 1083/1063/733
f 1082/1062/732 1083/1063/733 1084/1064/734
f 1076/1056/726 1074/1054/724 1085/1065/735
f 1076/1056/726 1085/1065/735 1086/1066/736
f 1074/1054/724 1073/1053/723 1082/1062/732
f 1074/1054/724 1082/1062/732 1085/1065/735
f 1085/1065/735 1082/1062/732 1084/1064/734
f 1085/1065/735 1084/1064/734 1087/1067/737
f 1086/1066/736 1085/1065/735 1087/1067/737
f 1086/1066/736 1087/1067/737 1088/1068/738
f 1089/1069/739 1090/1070/740 1091/1071/741
f 1089/1069/739 1091/1071/741 1092/1072/742
f 1090/1070/740 1093/1073/743 1094/1074/744
f 1090/1070/740 1094/1074/744 1091/1071/741
f 1095/1075/745 1096/1076/746 1097/1077/747
f 1095/1075/745 1097/1077/747 1098/1078/748
f 1099/1079/749 1095/1075/745 1098/1078/748
f 1099/1079/749 1098/1078/748 1100/1080/750
f 1093/1073/743 1101/1081/751 1102/1082/752
f 1093/1073/743 1102/1082/752 1094/1074/744
f 1101/1081/751 1103/1083/753 1104/1084/754
f 1101/1081/751 1104/1084/754 1102/1082/752
f 1105/1085/755 1106/1086/756 1107/1087/757
f 1105/1085/755 1107/1087/757 1108/1088/758
f 1096/1076/746 1105/1085/755 1108/1088/758
f 1096/1076/746 1108/1088/758 1097/1077/747
f 1097/1077/747 1108/1088/758 1109/1089/759
f 1097/1077/747 1109/1089/759 1110/1090/760
f 1108/1088/758 1107/1087/757 1111/1091/761
f 1108/1088/758 1111/1091/761 1109/1089/759
f 1109/1089/759 1111/1091/761 1112/1092/762
f 1109/1089/759 1112/1092/762 1113/1093/763
f 1110/1090/760 1109/1089/759 1113/1093/763
f 1110/1090/760 1113/1093/763 1114/1094/764
f 1100/1080/750 1098/1078/748 1115/1095/765
f 1100/1080/750 1115/1095/765 1116/1096/766
f 1098/1078/748 1097/1077/747 1110/1090/760
f 1098/1078/748 1110/1090/760 1115/1095/765
f 1115/1095/765 1110/1090/760 1114/1094/764
f 1115/1095/765 1114/1094/764 1117/1097/767
f 1116/1096/766 1115/1095/765 1117/1097/767
f 1116/1096/766 1117/1097/767 1118/1098/768
f 1034/1014/686 1033/1013/685 1119/1099/769
f 1034/1014/686 1119/1099/769 1120/1100/770
f 1033/1013/685 1030/1010/682 1121/1101/771
f 1033/1013/685 1121/1101/771 1119/1099/769
f 1119/1099/769 1121/1101/771 1122/1102/772
f 1119/1099/769 1122/1102/772 1123/1103/773
f 1120/1100/770 1119/1099/769 1123/1103/773
f 1120/1100/770 1123/1103/773 1124/1104/774
f 1030/1010/682 1029/1009/681 1125/1105/775
f 1030/1010/682 1125/1105/775 1121/1101/771
f 1029/1009/681 1014/994/666 1126/1106/776
f 1029/1009/681 1126/1106/776 1125/1105/775
f 1125/1105/775 1126/1106/776 1127/1107/777
f 1125/1105/775 1127/1107/777 1128/1108/778
f 1121/1101/771 1125/1105/775 1128/1108/778
f 1121/1101/771 1128/1108/778 1122/1102/772
f 1122/1102/772 1128/1108/778 1129/1109/779
f 1122/1102/772 1129/1109/779 1130/1110/780
f 1128/1108/778 1127/1107/777 1131/1111/781
f 1128/1108/778 1131/1111/781 1129/1109/779
f 1129/1109/779 1131/1111/781 324/324/62
f 1129/1109/779 324/324/62 322/322/269
f 1130/1110/780 1129/1109/779 322/322/269
f 1130/1110/780 322/322/269 317/317/264
f 1124/1104/774 1123/1103/773 1132/1112/782
f 1124/1104/774 1132/1112/782 1133/1113/783
f 1123/1103/773 1122/1102/772 1130/1110/780
f 1123/1103/773 1130/1110/780 1132/1112/782
f 1132/1112/782 1130/1110/780 317/317/264
f 1132/1112/782 317/317/264 314/314/261
f 1133/1113/783 1132/1112/782 314/314/261
f 1133/1113/783 314/314/261 313/313/260
f 357/357/62 356/356/62 1134/1114/784
f 357/357/62 1134/1114/784 1135/1115/785
f 356/356/62 353/353/62 1136/1116/786
f 356/356/62 1136/1116/786 1134/1114/784
f 1134/1114/784 1136/1116/786 1137/1117/787
f 1134/1114/784 1137/1117/787 1138/1118/788
f 1135/1115/785 1134/1114/784 1138/1118/788
f 1135/1115/785 1138/1118/788 1139/1119/789
f 353/353/62 352/352/62 1140/1120/790
f 353/353/62 1140/1120/790 1136/1116/786
f 352/352/62 324/324/62 1131/1111/781
f 352/352/62 1131/1111/781 1140/1120/790
f 1140/1120/790 1131/1111/781 1127/1107/777
f 1140/1120/790 1127/1107/777 1141/1121/791
f 1136/1116/786 1140/1120/790 1141/1121/791
f 1136/1116/786 1141/1121/791 1137/1117/787
f 1137/1117/787 1141/1121/791 1142/1122/792
f 1137/1117/787 1142/1122/792 1143/1123/793
f 1141/1121/791 1127/1107/777 1126/1106/776
f 1141/1121/791 1126/1106/776 1142/1122/792
f 1142/1122/792 1126/1106/776 1014/994/666
f 1142/1122/792 1014/994/666 1013/993/665
f 1143/1123/793 1142/1122/792 1013/993/665
f 1143/1123/793 1013/993/665 1010/990/662
f 1139/1119/789 1138/1118/788 1144/1124/794
f 1139/1119/789 1144/1124/794 1145/1125/795
f 1138/1118/788 1137/1117/787 1143/1123/793
f 1138/1118/788 1143/1123/793 1144/1124/794
f 1144/1124/794 1143/1123/793 1010/990/662
f 1144/1124/794 1010/990/662 1009/989/661
f 1145/1125/795 1144/1124/794 1009/989/661
f 1145/1125/795 1009/989/661 994/974/646
f 377/377/294 376/376/293 1146/1126/796
f 377/377/294 1146/1126/796 1147/1127/797
f 376/376/293 373/373/290 1148/1128/798
f 376/376/293 1148/1128/798 1146/1126/796
f 1146/1126/796 1148/1128/798 1149/1129/799
f 1146/1126/796 1149/1129/799 1150/1130/800
f 1147/1127/797 1146/1126/796 1150/1130/800
f 1147/1127/797 1150/1130/800 1151/1131/801
f 373/373/290 372/372/289 1152/1132/802
f 373/373/290 1152/1132/802 1148/1128/798
f 372/372/289 357/357/62 1135/1115/785
f 372/372/289 1135/1115/785 1152/1132/802
f 1152/1132/802 1135/1115/785 1139/1119/789
f 1152/1132/802 1139/1119/789 1153/1133/803
f 1148/1128/798 1152/1132/802 1153/1133/803
f 1148/1128/798 1153/1133/803 1149/1129/799
f 1149/1129/799 1153/1133/803 1154/1134/804
f 1149/1129/799 1154/1134/804 1155/1135/805
f 1153/1133/803 1139/1119/789 1145/1125/795
f 1153/1133/803 1145/1125/795 1154/1134/804
f 1154/1134/804 1145/1125/795 994/974/646
f 1154/1134/804 994/974/646 993/973/645
f 1155/1135/805 1154/1134/804 993/973/645
f 1155/1135/805 993/973/645 990/970/642
f 1151/1131/801 1150/1130/800 1156/1136/806
f 1151/1131/801 1156/1136/806 1157/1137/807
f 1150/1130/800 1149/1129/799 1155/1135/805
f 1150/1130/800 1155/1135/805 1156/1136/806
f 1156/1136/806 1155/1135/805 990/970/642
f 1156/1136/806 990/970/642 989/969/641
f 1157/1137/807 1156/1136/806 989/969/641
f 1157/1137/807 989/969/641 988/968/640
f 1158/1138/808 1159/1139/809 1160/1140/810
f 1158/1138/808 1160/1140/810 1161/1141/811
f 1159/1139/809 1162/1142/812 1163/1143/813
f 1159/1139/809 1163/1143/813 1160/1140/810
f 1160/1140/810 1163/1143/813 1164/1144/814
f 1160/1140/810 1164/1144/814 1165/1145/815
f 1161/1141/811 1160/1140/810 1165/1145/815
f 1161/1141/811 1165/1145/815 1166/1146/816
f 1162/1142/812 1167/1147/817 1168/1148/818
f 1162/1142/812 1168/1148/818 1163/1143/813
f 1169/1149/819 1170/1150/820 1171/1151/821
f 1169/1149/819 1171/1151/821 1172/1152/822
f 1172/1152/822 1171/1151/821 1173/1153/823
f 1172/1152/822 1173/1153/823 1174/1154/824
f 1163/1143/813 1168/1148/818 1175/1155/825
f 1163/1143/813 1175/1155/825 1164/1144/814
f 1164/1144/814 1175/1155/825 1176/1156/826
f 1164/1144/814 1176/1156/826 1177/1157/827
f 1174/1154/824 1173/1153/823 1178/1158/828
f 1174/1154/824 1178/1158/828 1179/1159/829
f 1179/1159/829 1178/1158/828 1180/1160/830
f 1179/1159/829 1180/1160/830 1181/1161/831
f 1177/1157/827 1176/1156/826 1182/1162/832
f 1177/1157/827 1182/1162/832 1183/1163/833
f 1166/1146/816 1165/1145/815 1184/1164/834
f 1166/1146/816 1184/1164/834 1185/1165/835
f 1165/1145/815 1164/1144/814 1177/1157/827
f 1165/1145/815 1177/1157/827 1184/1164/834
f 1184/1164/834 1177/1157/827 1183/1163/833
f 1184/1164/834 1183/1163/833 1186/1166/836
f 1185/1165/835 1184/1164/834 1186/1166/836
f 1185/1165/835 1186/1166/836 1187/1167/837
f 1188/1168/838 1189/1169/839 1190/1170/840
f 1188/1168/838 1190/1170/840 1191/1171/841
f 1189/1169/839 1192/1172/842 1193/1173/843
f 1189/1169/839 1193/1173/843 1190/1170/840
f 1190/1170/840 1193/1173/843 1194/1174/844
f 1190/1170/840 1194/1174/844 1195/1175/845
f 1191/1171/841 1190/1170/840 1195/1175/845
f 1191/1171/841 1195/1175/845 1196/1176/846
f 1192/1172/842 1197/1177/847 1198/1178/848
f 1192/1172/842 1198/1178/848 1193/1173/843
f 1199/1179/847 1200/1180/849 1201/1181/850
f 1199/1179/847 1201/1181/850 1202/1182/848
f 1202/1182/848 1201/1181/850 1203/1183/851
f 1202/1182/848 1203/1183/851 1204/1184/852
f 1193/1173/843 1198/1178/848 1205/1185/852
f 1193/1173/843 1205/1185/852 1194/1174/844
f 1194/1174/844 1205/1185/852 1206/1186/853
f 1194/1174/844 1206/1186/853 1207/1187/854
f 1204/1184/852 1203/1183/851 1208/1188/855
f 1204/1184/852 1208/1188/855 1209/1189/856
f 1209/1189/856 1208/1188/855 1210/1190/857
f 1209/1189/856 1210/1190/857 1211/1191/858
f 1207/1187/854 1206/1186/853 1212/1192/858
f 1207/1187/854 1212/1192/858 1213/1193/859
f 1196/1176/846 1195/1175/845 1214/1194/860
f 1196/1176/846 1214/1194/860 1215/1195/861
f 1195/1175/845 1194/1174/844 1207/1187/854
f 1195/1175/845 1207/1187/854 1214/1194/860
f 1214/1194/860 1207/1187/854 1213/1193/859
f 1214/1194/860 1213/1193/859 1216/1196/862
f 1215/1195/861 1214/1194/860 1216/1196/862
f 1215/1195/861 1216/1196/862 1217/1197/863
f 1218/1198/864 1219/1199/865 1220/1200/866
f 1218/1198/864 1220/1200/866 1221/1201/867
f 1219/1199/865 1222/1202/868 1223/1203/869
f 1219/1199/865 1223/1203/869 1220/1200/866
f 1224/1204/870 1225/1205/871 1226/1206/872
f 1224/1204/870 1226/1206/872 1227/1207/873
f 1228/1208/867 1224/1204/870 1227/1207/873
f 1228/1208/867 1227/1207/873 1229/1209/874
f 1222/1202/868 1230/1210/875 1231/1211/876
f 1222/1202/868 1231/1211/876 1223/1203/869
f 1230/1210/875 1200/1180/849 1199/1179/847
f 1230/1210/875 1199/1179/847 1231/1211/876
f 1232/1212/876 1197/1177/847 1192/1172/842
f 1232/1212/876 1192/1172/842 1233/1213/877
f 1225/1205/871 1232/1212/876 1233/1213/877
f 1225/1205/871 1233/1213/877 1226/1206/872
f 1226/1206/872 1233/1213/877 1234/1214/878
f 1226/1206/872 1234/1214/878 1235/1215/879
f 1233/1213/877 1192/1172/842 1189/1169/839
f 1233/1213/877 1189/1169/839 1234/1214/878
f 1234/1214/878 1189/1169/839 1188/1168/838
f 1234/1214/878 1188/1168/838 1236/1216/880
f 1235/1215/879 1234/1214/878 1236/1216/880
f 1235/1215/879 1236/1216/880 1237/1217/881
f 1229/1209/874 1227/1207/873 1238/1218/882
f 1229/1209/874 1238/1218/882 1239/1219/883
f 1227/1207/873 1226/1206/872 1235/1215/879
f 1227/1207/873 1235/1215/879 1238/1218/882
f 1238/1218/882 1235/1215/879 1237/1217/881
f 1238/1218/882 1237/1217/881 1240/1220/884
f 1239/1219/883 1238/1218/882 1240/1220/884
f 1239/1219/883 1240/1220/884 1241/1221/885
f 149/149/149 1242/1222/886 1243/1223/887
f 149/149/149 1243/1223/887 217/217/164
f 1242/1222/886 1244/1224/888 1245/1225/889
f 1242/1222/886 1245/1225/889 1243/1223/887
f 1243/1223/887 1245/1225/889 1246/1226/890
f 1243/1223/887 1246/1226/890 1247/1227/891
f 217/217/164 1243/1223/887 1247/1227/891
f 217/217/164 1247/1227/891 219/219/166
f 1244/1224/888 1248/1228/892 1249/1229/893
f 1244/1224/888 1249/1229/893 1245/1225/889
f 1248/1228/892 403/403/19 406/406/321
f 1248/1228/892 406/406/321 1249/1229/893
f 1249/1229/893 406/406/321 411/411/324
f 1249/1229/893 411/411/324 1250/1230/894
f 1245/1225/889 1249/1229/893 1250/1230/894
f 1245/1225/889 1250/1230/894 1246/1226/890
f 1246/1226/890 1250/1230/894 1251/1231/895
f 1246/1226/890 1251/1231/895 1252/1232/896
f 1250/1230/894 411/411/324 422/422/333
f 1250/1230/894 422/422/333 1251/1231/895
f 1251/1231/895 422/422/333 402/402/319
f 1251/1231/895 402/402/319 1253/1233/897
f 1252/1232/896 1251/1231/895 1253/1233/897
f 1252/1232/896 1253/1233/897 1254/1234/898
f 219/219/166 1247/1227/891 1255/1235/899
f 219/219/166 1255/1235/899 223/223/170
f 1247/1227/891 1246/1226/890 1252/1232/896
f 1247/1227/891 1252/1232/896 1255/1235/899
f 1255/1235/899 1252/1232/896 1254/1234/898
f 1255/1235/899 1254/1234/898 1256/1236/900
f 223/223/170 1255/1235/899 1256/1236/900
f 223/223/170 1256/1236/900 225/225/172
f 37/37/37 1257/1237/901 1258/1238/902
f 37/37/37 1258/1238/902 141/141/141
f 1257/1237/901 1259/1239/903 1260/1240/904
f 1257/1237/901 1260/1240/904 1258/1238/902
f 1258/1238/902 1260/1240/904 1261/1241/905
f 1258/1238/902 1261/1241/905 1262/1242/906
f 141/141/141 1258/1238/902 1262/1242/906
f 141/141/141 1262/1242/906 143/143/143
f 1259/1239/903 1263/1243/907 1264/1244/908
f 1259/1239/903 1264/1244/908 1260/1240/904
f 1263/1243/907 423/423/19 426/426/19
f 1263/1243/907 426/426/19 1264/1244/908
f 1264/1244/908 426/426/19 431/431/19
f 1264/1244/908 431/431/19 1265/1245/909
f 1260/1240/904 1264/1244/908 1265/1245/909
f 1260/1240/904 1265/1245/909 1261/1241/905
f 1261/1241/905 1265/1245/909 1266/1246/909
f 1261/1241/905 1266/1246/909 1267/1247/910
f 1265/1245/909 431/431/19 442/442/19
f 1265/1245/909 442/442/19 1266/1246/909
f 1266/1246/909 442/442/19 403/403/19
f 1266/1246/909 403/403/19 1248/1228/892
f 1267/1247/910 1266/1246/909 1248/1228/892
f 1267/1247/910 1248/1228/892 1244/1224/888
f 143/143/143 1262/1242/906 1268/1248/911
f 143/143/143 1268/1248/911 147/147/147
f 1262/1242/906 1261/1241/905 1267/1247/910
f 1262/1242/906 1267/1247/910 1268/1248/911
f 1268/1248/911 1267/1247/910 1244/1224/888
f 1268/1248/911 1244/1224/888 1242/1222/886
f 147/147/147 1268/1248/911 1242/1222/886
f 147/147/147 1242/1222/886 149/149/149
f 306/306/253 457/457/347 1269/1249/912
f 306/306/253 1269/1249/912 1270/1250/913
f 457/457/347 455/455/345 1271/1251/914
f 457/457/347 1271/1251/914 1269/1249/912
f 1269/1249/912 1271/1251/914 1272/1252/915
f 1269/1249/912 1272/1252/915 1273/1253/916
f 1270/1250/913 1269/1249/912 1273/1253/916
f 1270/1250/913 1273/1253/916 1274/1254/917
f 455/455/345 454/454/344 1275/1255/918
f 455/455/345 1275/1255/918 1271/1251/914
f 454/454/344 423/423/19 1263/1243/907
f 454/454/344 1263/1243/907 1275/1255/918
f 1275/1255/918 1263/1243/907 1259/1239/903
f 1275/1255/918 1259/1239/903 1276/1256/919
f 1271/1251/914 1275/1255/918 1276/1256/919
f 1271/1251/914 1276/1256/919 1272/1252/915
f 1272/1252/915 1276/1256/919 1277/1257/920
f 1272/1252/915 1277/1257/920 1278/1258/921
f 1276/1256/919 1259/1239/903 1257/1237/901
f 1276/1256/919 1257/1237/901 1277/1257/920
f 1277/1257/920 1257/1237/901 37/37/37
f 1277/1257/920 37/37/37 35/35/35
f 1278/1258/921 1277/1257/920 35/35/35
f 1278/1258/921 35/35/35 30/30/30
f 1274/1254/917 1273/1253/916 1279/1259/922
f 1274/1254/917 1279/1259/922 1280/1260/923
f 1273/1253/916 1272/1252/915 1278/1258/921
f 1273/1253/916 1278/1258/921 1279/1259/922
f 1279/1259/922 1278/1258/921 30/30/30
f 1279/1259/922 30/30/30 27/27/27
f 1280/1260/923 1279/1259/922 27/27/27
f 1280/1260/923 27/27/27 26/26/26
f 1281/1261/924 1282/1262/258 1283/1263/925
f 1281/1261/924 1283/1263/925 1284/1264/926
f 1282/1262/258 1285/1265/927 1286/1266/928
f 1282/1262/258 1286/1266/928 1283/1263/925
f 1283/1263/925 1286/1266/928 1287/1267/929
f 1283/1263/925 1287/1267/929 1288/1268/930
f 1284/1264/926 1283/1263/925 1288/1268/930
f 1284/1264/926 1288/1268/930 1289/1269/931
f 1285/1265/927 1290/1270/932 1291/1271/933
f 1285/1265/927 1291/1271/933 1286/1266/928
f 1290/1270/932 1292/1272/934 1293/1273/935
f 1290/1270/932 1293/1273/935 1291/1271/933
f 1291/1271/933 1293/1273/935 1294/1274/936
f 1291/1271/933 1294/1274/936 1295/1275/937
f 1286/1266/928 1291/1271/933 1295/1275/937
f 1286/1266/928 1295/1275/937 1287/1267/929
f 1287/1267/929 1295/1275/937 1296/1276/938
f 1287/1267/929 1296/1276/938 1297/1277/939
f 1295/1275/937 1294/1274/936 1298/1278/940
f 1295/1275/937 1298/1278/940 1296/1276/938
f 1296/1276/938 1298/1278/940 1299/1279/941
f 1296/1276/938 1299/1279/941 1300/1280/942
f 1297/1277/939 1296/1276/938 1300/1280/942
f 1297/1277/939 1300/1280/942 1301/1281/943
f 1289/1269/931 1288/1268/930 1302/1282/944
f 1289/1269/931 1302/1282/944 1303/1283/945
f 1288/1268/930 1287/1267/929 1297/1277/939
f 1288/1268/930 1297/1277/939 1302/1282/944
f 1302/1282/944 1297/1277/939 1301/1281/943
f 1302/1282/944 1301/1281/943 1304/1284/946
f 1303/1283/945 1302/1282/944 1304/1284/946
f 1303/1283/945 1304/1284/946 1305/1285/947
f 1292/1272/934 1306/1286/948 1307/1287/949
f 1292/1272/934 1307/1287/949 1293/1273/935
f 1308/1288/950 1309/1289/951 1310/1290/952
f 1308/1288/950 1310/1290/952 1311/1291/953
f 1311/1291/953 1310/1290/952 1312/1292/954
f 1311/1291/953 1312/1292/954 1313/1293/955
f 1293/1273/935 1307/1287/949 1314/1294/955
f 1293/1273/935 1314/1294/955 1294/1274/936
f 1309/1289/951 1315/1295/956 1316/1296/957
f 1309/1289/951 1316/1296/957 1310/1290/952
f 1315/1295/956 1317/1297/958 1318/1298/959
f 1315/1295/956 1318/1298/959 1316/1296/957
f 1316/1296/957 1318/1298/959 1319/1299/960
f 1316/1296/957 1319/1299/960 1320/1300/961
f 1310/1290/952 1316/1296/957 1320/1300/961
f 1310/1290/952 1320/1300/961 1312/1292/954
f 1312/1292/954 1320/1300/961 1321/1301/962
f 1312/1292/954 1321/1301/962 1322/1302/963
f 1320/1300/961 1319/1299/960 1323/1303/964
f 1320/1300/961 1323/1303/964 1321/1301/962
f 1321/1301/962 1323/1303/964 1324/1304/965
f 1321/1301/962 1324/1304/965 1325/1305/966
f 1322/1302/963 1321/1301/962 1325/1305/966
f 1322/1302/963 1325/1305/966 1326/1306/967
f 1294/1274/936 1314/1294/955 1327/1307/968
f 1294/1274/936 1327/1307/968 1298/1278/940
f 1313/1293/955 1312/1292/954 1322/1302/963
f 1313/1293/955 1322/1302/963 1328/1308/969
f 1328/1308/969 1322/1302/963 1326/1306/967
f 1328/1308/969 1326/1306/967 1329/1309/970
f 1298/1278/940 1327/1307/968 1330/1310/971
f 1298/1278/940 1330/1310/971 1299/1279/941
f 1317/1297/958 1331/1311/972 1332/1312/973
f 1317/1297/958 1332/1312/973 1318/1298/959
f 1331/1311/972 1333/1313/974 1334/1314/975
f 1331/1311/972 1334/1314/975 1332/1312/973
f 1332/1312/973 1334/1314/975 1335/1315/976
f 1332/1312/973 1335/1315/976 1336/1316/977
f 1318/1298/959 1332/1312/973 1336/1316/977
f 1318/1298/959 1336/1316/977 1319/1299/960
f 1333/1313/974 1337/1317/978 1338/1318/979
f 1333/1313/974 1338/1318/979 1334/1314/975
f 1337/1317/978 1339/1319/980 1340/1320/981
f 1337/1317/978 1340/1320/981 1338/1318/979
f 1338/1318/979 1340/1320/981 1341/1321/982
f 1338/1318/979 1341/1321/982 1342/1322/983
f 1334/1314/975 1338/1318/979 1342/1322/983
f 1334/1314/975 1342/1322/983 1335/1315/976
f 1335/1315/976 1342/1322/983 1343/1323/984
f 1335/1315/976 1343/1323/984 1344/1324/985
f 1342/1322/983 1341/1321/982 1345/1325/986
f 1342/1322/983 1345/1325/986 1343/1323/984
f 1343/1323/984 1345/1325/986 1346/1326/987
f 1343/1323/984 1346/1326/987 1347/1327/988
f 1344/1324/985 1343/1323/984 1347/1327/988
f 1344/1324/985 1347/1327/988 1348/1328/989
f 1319/1299/960 1336/1316/977 1349/1329/990
f 1319/1299/960 1349/1329/990 1323/1303/964
f 1336/1316/977 1335/1315/976 1344/1324/985
f 1336/1316/977 1344/1324/985 1349/1329/990
f 1349/1329/990 1344/1324/985 1348/1328/989
f 1349/1329/990 1348/1328/989 1350/1330/991
f 1323/1303/964 1349/1329/990 1350/1330/991
f 1323/1303/964 1350/1330/991 1324/1304/965
f 1351/1331/992 1352/1332/406 1353/1333/993
f 1351/1331/992 1353/1333/993 1354/1334/994
f 1352/1332/406 1355/1335/995 1356/1336/996
f 1352/1332/406 1356/1336/996 1353/1333/993
f 1353/1333/993 1356/1336/996 1357/1337/997
f 1353/1333/993 1357/1337/997 1358/1338/998
f 1354/1334/994 1353/1333/993 1358/1338/998
f 1354/1334/994 1358/1338/998 1359/1339/999
f 1355/1335/995 1360/1340/404 1361/1341/1000
f 1355/1335/995 1361/1341/1000 1356/1336/996
f 1360/1340/404 1281/1261/924 1284/1264/926
f 1360/1340/404 1284/1264/926 1361/1341/1000
f 1361/1341/1000 1284/1264/926 1289/1269/931
f 1361/1341/1000 1289/1269/931 1362/1342/1001
f 1356/1336/996 1361/1341/1000 1362/1342/1001
f 1356/1336/996 1362/1342/1001 1357/1337/997
f 1357/1337/997 1362/1342/1001 1363/1343/1002
f 1357/1337/997 1363/1343/1002 1364/1344/1003
f 1362/1342/1001 1289/1269/931 1303/1283/945
f 1362/1342/1001 1303/1283/945 1363/1343/1002
f 1363/1343/1002 1303/1283/945 1305/1285/947
f 1363/1343/1002 1305/1285/947 1365/1345/1004
f 1364/1344/1003 1363/1343/1002 1365/1345/1004
f 1364/1344/1003 1365/1345/1004 1366/1346/1005
f 1359/1339/999 1358/1338/998 1367/1347/1006
f 1359/1339/999 1367/1347/1006 1368/1348/1007
f 1358/1338/998 1357/1337/997 1364/1344/1003
f 1358/1338/998 1364/1344/1003 1367/1347/1006
f 1367/1347/1006 1364/1344/1003 1366/1346/1005
f 1367/1347/1006 1366/1346/1005 1369/1349/1008
f 1368/1348/1007 1367/1347/1006 1369/1349/1008
f 1368/1348/1007 1369/1349/1008 1370/1350/1009
f 1339/1319/980 1371/1351/1010 1372/1352/1011
f 1339/1319/980 1372/1352/1011 1340/1320/981
f 1371/1351/1010 1373/1353/1012 1374/1354/1013
f 1371/1351/1010 1374/1354/1013 1372/1352/1011
f 1372/1352/1011 1374/1354/1013 1375/1355/1014
f 1372/1352/1011 1375/1355/1014 1376/1356/1015
f 1340/1320/981 1372/1352/1011 1376/1356/1015
f 1340/1320/981 1376/1356/1015 1341/1321/982
f 1373/1353/1012 1377/1357/485 1378/1358/1016
f 1373/1353/1012 1378/1358/1016 1374/1354/1013
f 1377/1357/485 1379/1359/487 1380/1360/1017
f 1377/1357/485 1380/1360/1017 1378/1358/1016
f 1378/1358/1016 1380/1360/1017 1381/1361/1018
f 1378/1358/1016 1381/1361/1018 1382/1362/1019
f 1374/1354/1013 1378/1358/1016 1382/1362/1019
f 1374/1354/1013 1382/1362/1019 1375/1355/1014
f 1375/1355/1014 1382/1362/1019 1383/1363/1020
f 1375/1355/1014 1383/1363/1020 1384/1364/1021
f 1382/1362/1019 1381/1361/1018 1385/1365/1022
f 1382/1362/1019 1385/1365/1022 1383/1363/1020
f 1383/1363/1020 1385/1365/1022 1386/1366/1023
f 1383/1363/1020 1386/1366/1023 1387/1367/1024
f 1384/1364/1021 1383/1363/1020 1387/1367/1024
f 1384/1364/1021 1387/1367/1024 1388/1368/1025
f 1341/1321/982 1376/1356/1015 1389/1369/1026
f 1341/1321/982 1389/1369/1026 1345/1325/986
f 1376/1356/1015 1375/1355/1014 1384/1364/1021
f 1376/1356/1015 1384/1364/1021 1389/1369/1026
f 1389/1369/1026 1384/1364/1021 1388/1368/1025
f 1389/1369/1026 1388/1368/1025 1390/1370/1027
f 1345/1325/986 1389/1369/1026 1390/1370/1027
f 1345/1325/986 1390/1370/1027 1346/1326/987
f 1391/1371/1028 1392/1372/507 1393/1373/1029
f 1391/1371/1028 1393/1373/1029 1394/1374/1030
f 1392/1372/507 1395/1375/504 1396/1376/1031
f 1392/1372/507 1396/1376/1031 1393/1373/1029
f 1393/1373/1029 1396/1376/1031 1397/1377/1032
f 1393/1373/1029 1397/1377/1032 1398/1378/1033
f 1394/1374/1030 1393/1373/1029 1398/1378/1033
f 1394/1374/1030 1398/1378/1033 1399/1379/1034
f 1395/1375/504 1400/1380/1035 1401/1381/1036
f 1395/1375/504 1401/1381/1036 1396/1376/1031
f 1400/1380/1035 1402/1382/502 1403/1383/1037
f 1400/1380/1035 1403/1383/1037 1401/1381/1036
f 1401/1381/1036 1403/1383/1037 1404/1384/1038
f 1401/1381/1036 1404/1384/1038 1405/1385/1039
f 1396/1376/1031 1401/1381/1036 1405/1385/1039
f 1396/1376/1031 1405/1385/1039 1397/1377/1032
f 1397/1377/1032 1405/1385/1039 1406/1386/1040
f 1397/1377/1032 1406/1386/1040 1407/1387/1041
f 1405/1385/1039 1404/1384/1038 1408/1388/1042
f 1405/1385/1039 1408/1388/1042 1406/1386/1040
f 1406/1386/1040 1408/1388/1042 1409/1389/1043
f 1406/1386/1040 1409/1389/1043 1410/1390/1044
f 1407/1387/1041 1406/1386/1040 1410/1390/1044
f 1407/1387/1041 1410/1390/1044 1411/1391/1045
f 1399/1379/1034 1398/1378/1033 1412/1392/1046
f 1399/1379/1034 1412/1392/1046 1413/1393/1047
f 1398/1378/1033 1397/1377/1032 1407/1387/1041
f 1398/1378/1033 1407/1387/1041 1412/1392/1046
f 1412/1392/1046 1407/1387/1041 1411/1391/1045
f 1412/1392/1046 1411/1391/1045 1414/1394/1048
f 1413/1393/1047 1412/1392/1046 1414/1394/1048
f 1413/1393/1047 1414/1394/1048 1415/1395/1049
f 1416/1396/1050 1417/1397/1051 1418/1398/1052
f 1416/1396/1050 1418/1398/1052 1419/1399/1053
f 1417/1397/1051 1420/1400/675 1421/1401/1054
f 1417/1397/1051 1421/1401/1054 1418/1398/1052
f 1418/1398/1052 1421/1401/1054 1422/1402/1055
f 1418/1398/1052 1422/1402/1055 1423/1403/1056
f 1419/1399/1053 1418/1398/1052 1423/1403/1056
f 1419/1399/1053 1423/1403/1056 1424/1404/1057
f 1420/1400/675 1425/1405/1058 1426/1406/1059
f 1420/1400/675 1426/1406/1059 1421/1401/1054
f 1425/1405/1058 1427/1407/1060 1428/1408/1061
f 1425/1405/1058 1428/1408/1061 1426/1406/1059
f 1426/1406/1059 1428/1408/1061 1429/1409/1062
f 1426/1406/1059 1429/1409/1062 1430/1410/1063
f 1421/1401/1054 1426/1406/1059 1430/1410/1063
f 1421/1401/1054 1430/1410/1063 1422/1402/1055
f 1422/1402/1055 1430/1410/1063 1431/1411/1064
f 1422/1402/1055 1431/1411/1064 1432/1412/1065
f 1430/1410/1063 1429/1409/1062 1433/1413/1066
f 1430/1410/1063 1433/1413/1066 1431/1411/1064
f 1431/1411/1064 1433/1413/1066 1434/1414/1067
f 1431/1411/1064 1434/1414/1067 1435/1415/1068
f 1432/1412/1065 1431/1411/1064 1435/1415/1068
f 1432/1412/1065 1435/1415/1068 1436/1416/1069
f 1424/1404/1057 1423/1403/1056 1437/1417/1070
f 1424/1404/1057 1437/1417/1070 1438/1418/1071
f 1423/1403/1056 1422/1402/1055 1432/1412/1065
f 1423/1403/1056 1432/1412/1065 1437/1417/1070
f 1437/1417/1070 1432/1412/1065 1436/1416/1069
f 1437/1417/1070 1436/1416/1069 1439/1419/1072
f 1438/1418/1071 1437/1417/1070 1439/1419/1072
f 1438/1418/1071 1439/1419/1072 1440/1420/1073
f 1427/1407/1060 1441/1421/1074 1442/1422/1075
f 1427/1407/1060 1442/1422/1075 1428/1408/1061
f 1441/1421/1074 1443/1423/1076 1444/1424/1077
f 1441/1421/1074 1444/1424/1077 1442/1422/1075
f 1442/1422/1075 1444/1424/1077 1445/1425/1078
f 1442/1422/1075 1445/1425/1078 1446/1426/1079
f 1428/1408/1061 1442/1422/1075 1446/1426/1079
f 1428/1408/1061 1446/1426/1079 1429/1409/1062
f 1443/1423/1076 1447/1427/1080 1448/1428/1081
f 1443/1423/1076 1448/1428/1081 1444/1424/1077
f 1449/1429/1082 1391/1371/1028 1394/1374/1030
f 1449/1429/1082 1394/1374/1030 1450/1430/1083
f 1450/1430/1083 1394/1374/1030 1399/1379/1034
f 1450/1430/1083 1399/1379/1034 1451/1431/1084
f 1444/1424/1077 1448/1428/1081 1452/1432/1085
f 1444/1424/1077 1452/1432/1085 1445/1425/1078
f 1445/1425/1078 1452/1432/1085 1453/1433/1086
f 1445/1425/1078 1453/1433/1086 1454/1434/1087
f 1451/1431/1084 1399/1379/1034 1413/1393/1047
f 1451/1431/1084 1413/1393/1047 1455/1435/1088
f 1455/1435/1088 1413/1393/1047 1415/1395/1049
f 1455/1435/1088 1415/1395/1049 1456/1436/1089
f 1454/1434/1087 1453/1433/1086 1457/1437/1090
f 1454/1434/1087 1457/1437/1090 1458/1438/1091
f 1429/1409/1062 1446/1426/1079 1459/1439/1092
f 1429/1409/1062 1459/1439/1092 1433/1413/1066
f 1446/1426/1079 1445/1425/1078 1454/1434/1087
f 1446/1426/1079 1454/1434/1087 1459/1439/1092
f 1459/1439/1092 1454/1434/1087 1458/1438/1091
f 1459/1439/1092 1458/1438/1091 1460/1440/1093
f 1433/1413/1066 1459/1439/1092 1460/1440/1093
f 1433/1413/1066 1460/1440/1093 1434/1414/1067
f 1461/1441/605 1462/1442/1094 1463/1443/1095
f 1461/1441/605 1463/1443/1095 1464/1444/1096
f 1462/1442/1094 1465/1445/1097 1466/1446/1098
f 1462/1442/1094 1466/1446/1098 1463/1443/1095
f 1463/1443/1095 1466/1446/1098 1467/1447/1099
f 1463/1443/1095 1467/1447/1099 1468/1448/1100
f 1464/1444/1096 1463/1443/1095 1468/1448/1100
f 1464/1444/1096 1468/1448/1100 1469/1449/1101
f 1465/1445/1097 1470/1450/1102 1471/1451/1103
f 1465/1445/1097 1471/1451/1103 1466/1446/1098
f 1470/1450/1102 1472/1452/1104 1473/1453/1105
f 1470/1450/1102 1473/1453/1105 1471/1451/1103
f 1471/1451/1103 1473/1453/1105 1474/1454/1106
f 1471/1451/1103 1474/1454/1106 1475/1455/1107
f 1466/1446/1098 1471/1451/1103 1475/1455/1107
f 1466/1446/1098 1475/1455/1107 1467/1447/1099
f 1467/1447/1099 1475/1455/1107 1476/1456/1108
f 1467/1447/1099 1476/1456/1108 1477/1457/1109
f 1475/1455/1107 1474/1454/1106 1478/1458/1110
f 1475/1455/1107 1478/1458/1110 1476/1456/1108
f 1476/1456/1108 1478/1458/1110 1479/1459/1111
f 1476/1456/1108 1479/1459/1111 1480/1460/1112
f 1477/1457/1109 1476/1456/1108 1480/1460/1112
f 1477/1457/1109 1480/1460/1112 1481/1461/1113
f 1469/1449/1101 1468/1448/1100 1482/1462/1114
f 1469/1449/1101 1482/1462/1114 1483/1463/1115
f 1468/1448/1100 1467/1447/1099 1477/1457/1109
f 1468/1448/1100 1477/1457/1109 1482/1462/1114
f 1482/1462/1114 1477/1457/1109 1481/1461/1113
f 1482/1462/1114 1481/1461/1113 1484/1464/1116
f 1483/1463/1115 1482/1462/1114 1484/1464/1116
f 1483/1463/1115 1484/1464/1116 1485/1465/1117
f 1472/1452/1104 1486/1466/1118 1487/1467/1119
f 1472/1452/1104 1487/1467/1119 1473/1453/1105
f 1488/1468/1120 1489/1469/1121 1490/1470/1122
f 1488/1468/1120 1490/1470/1122 1491/1471/1123
f 1491/1471/1123 1490/1470/1122 1492/1472/1124
f 1491/1471/1123 1492/1472/1124 1493/1473/1125
f 1473/1453/1105 1487/1467/1119 1494/1474/1126
f 1473/1453/1105 1494/1474/1126 1474/1454/1106
f 1489/1469/1121 1495/1475/1127 1496/1476/1128
f 1489/1469/1121 1496/1476/1128 1490/1470/1122
f 1495/1475/1127 1497/1477/1129 1498/1478/1130
f 1495/1475/1127 1498/1478/1130 1496/1476/1128
f 1496/1476/1128 1498/1478/1130 1499/1479/1131
f 1496/1476/1128 1499/1479/1131 1500/1480/1132
f 1490/1470/1122 1496/1476/1128 1500/1480/1132
f 1490/1470/1122 1500/1480/1132 1492/1472/1124
f 1492/1472/1124 1500/1480/1132 1501/1481/1133
f 1492/1472/1124 1501/1481/1133 1502/1482/1134
f 1500/1480/1132 1499/1479/1131 1503/1483/1135
f 1500/1480/1132 1503/1483/1135 1501/1481/1133
f 1501/1481/1133 1503/1483/1135 1504/1484/1136
f 1501/1481/1133 1504/1484/1136 1505/1485/1137
f 1502/1482/1134 1501/1481/1133 1505/1485/1137
f 1502/1482/1134 1505/1485/1137 1506/1486/1138
f 1474/1454/1106 1494/1474/1126 1507/1487/1139
f 1474/1454/1106 1507/1487/1139 1478/1458/1110
f 1493/1473/1125 1492/1472/1124 1502/1482/1134
f 1493/1473/1125 1502/1482/1134 1508/1488/1140
f 1508/1488/1140 1502/1482/1134 1506/1486/1138
f 1508/1488/1140 1506/1486/1138 1509/1489/1141
f 1478/1458/1110 1507/1487/1139 1510/1490/1142
f 1478/1458/1110 1510/1490/1142 1479/1459/1111
f 1497/1477/1129 1511/1491/1143 1512/1492/1144
f 1497/1477/1129 1512/1492/1144 1498/1478/1130
f 1511/1491/1143 1513/1493/1145 1514/1494/1146
f 1511/1491/1143 1514/1494/1146 1512/1492/1144
f 1512/1492/1144 1514/1494/1146 1515/1495/1147
f 1512/1492/1144 1515/1495/1147 1516/1496/1148
f 1498/1478/1130 1512/1492/1144 1516/1496/1148
f 1498/1478/1130 1516/1496/1148 1499/1479/1131
f 1513/1493/1145 1517/1497/1149 1518/1498/1150
f 1513/1493/1145 1518/1498/1150 1514/1494/1146
f 1517/1497/1149 1519/1499/1151 1520/1500/1152
f 1517/1497/1149 1520/1500/1152 1518/1498/1150
f 1518/1498/1150 1520/1500/1152 1521/1501/1153
f 1518/1498/1150 1521/1501/1153 1522/1502/1154
f 1514/1494/1146 1518/1498/1150 1522/1502/1154
f 1514/1494/1146 1522/1502/1154 1515/1495/1147
f 1515/1495/1147 1522/1502/1154 1523/1503/1155
f 1515/1495/1147 1523/1503/1155 1524/1504/1156
f 1522/1502/1154 1521/1501/1153 1525/1505/1157
f 1522/1502/1154 1525/1505/1157 1523/1503/1155
f 1523/1503/1155 1525/1505/1157 1526/1506/1158
f 1523/1503/1155 1526/1506/1158 1527/1507/1159
f 1524/1504/1156 1523/1503/1155 1527/1507/1159
f 1524/1504/1156 1527/1507/1159 1528/1508/1160
f 1499/1479/1131 1516/1496/1148 1529/1509/1161
f 1499/1479/1131 1529/1509/1161 1503/1483/1135
f 1516/1496/1148 1515/1495/1147 1524/1504/1156
f 1516/1496/1148 1524/1504/1156 1529/1509/1161
f 1529/1509/1161 1524/1504/1156 1528/1508/1160
f 1529/1509/1161 1528/1508/1160 1530/1510/1162
f 1503/1483/1135 1529/1509/1161 1530/1510/1162
f 1503/1483/1135 1530/1510/1162 1504/1484/1136
f 1531/1511/313 1532/1512/1163 1533/1513/1164
f 1531/1511/313 1533/1513/1164 1534/1514/1165
f 1532/1512/1163 1535/1515/1166 1536/1516/1167
f 1532/1512/1163 1536/1516/1167 1533/1513/1164
f 1533/1513/1164 1536/1516/1167 1537/1517/1168
f 1533/1513/1164 1537/1517/1168 1538/1518/1169
f 1534/1514/1165 1533/1513/1164 1538/1518/1169
f 1534/1514/1165 1538/1518/1169 1539/1519/1170
f 1535/1515/1166 1540/1520/434 1541/1521/1171
f 1535/1515/1166 1541/1521/1171 1536/1516/1167
f 1540/1520/434 1542/1522/1172 1543/1523/1173
f 1540/1520/434 1543/1523/1173 1541/1521/1171
f 1541/1521/1171 1543/1523/1173 1544/1524/1174
f 1541/1521/1171 1544/1524/1174 1545/1525/1175
f 1536/1516/1167 1541/1521/1171 1545/1525/1175
f 1536/1516/1167 1545/1525/1175 1537/1517/1168
f 1537/1517/1168 1545/1525/1175 1546/1526/1176
f 1537/1517/1168 1546/1526/1176 1547/1527/1177
f 1545/1525/1175 1544/1524/1174 1548/1528/1178
f 1545/1525/1175 1548/1528/1178 1546/1526/1176
f 1546/1526/1176 1548/1528/1178 1549/1529/1179
f 1546/1526/1176 1549/1529/1179 1550/1530/1180
f 1547/1527/1177 1546/1526/1176 1550/1530/1180
f 1547/1527/1177 1550/1530/1180 1551/1531/1181
f 1539/1519/1170 1538/1518/1169 1552/1532/1182
f 1539/1519/1170 1552/1532/1182 1553/1533/1183
f 1538/1518/1169 1537/1517/1168 1547/1527/1177
f 1538/1518/1169 1547/1527/1177 1552/1532/1182
f 1552/1532/1182 1547/1527/1177 1551/1531/1181
f 1552/1532/1182 1551/1531/1181 1554/1534/1184
f 1553/1533/1183 1552/1532/1182 1554/1534/1184
f 1553/1533/1183 1554/1534/1184 1555/1535/1185
f 1556/1536/1186 1557/1537/1187 1558/1538/1188
f 1556/1536/1186 1558/1538/1188 1559/1539/1189
f 1557/1537/1187 1560/1540/1190 1561/1541/1191
f 1557/1537/1187 1561/1541/1191 1558/1538/1188
f 1558/1538/1188 1561/1541/1191 1562/1542/1192
f 1558/1538/1188 1562/1542/1192 1563/1543/1193
f 1559/1539/1189 1558/1538/1188 1563/1543/1193
f 1559/1539/1189 1563/1543/1193 1564/1544/1194
f 1560/1540/1190 1565/1545/1195 1566/1546/1196
f 1560/1540/1190 1566/1546/1196 1561/1541/1191
f 1565/1545/1195 1567/1547/1197 1568/1548/1198
f 1565/1545/1195 1568/1548/1198 1566/1546/1196
f 1566/1546/1196 1568/1548/1198 1569/1549/1199
f 1566/1546/1196 1569/1549/1199 1570/1550/1200
f 1561/1541/1191 1566/1546/1196 1570/1550/1200
f 1561/1541/1191 1570/1550/1200 1562/1542/1192
f 1562/1542/1192 1570/1550/1200 1571/1551/1201
f 1562/1542/1192 1571/1551/1201 1572/1552/1202
f 1570/1550/1200 1569/1549/1199 1573/1553/1203
f 1570/1550/1200 1573/1553/1203 1571/1551/1201
f 1571/1551/1201 1573/1553/1203 1574/1554/1204
f 1571/1551/1201 1574/1554/1204 1575/1555/1205
f 1572/1552/1202 1571/1551/1201 1575/1555/1205
f 1572/1552/1202 1575/1555/1205 1576/1556/1206
f 1564/1544/1194 1563/1543/1193 1577/1557/1207
f 1564/1544/1194 1577/1557/1207 1578/1558/1208
f 1563/1543/1193 1562/1542/1192 1572/1552/1202
f 1563/1543/1193 1572/1552/1202 1577/1557/1207
f 1577/1557/1207 1572/1552/1202 1576/1556/1206
f 1577/1557/1207 1576/1556/1206 1579/1559/1209
f 1578/1558/1208 1577/1557/1207 1579/1559/1209
f 1578/1558/1208 1579/1559/1209 1580/1560/1210
f 1581/1561/1211 1582/1562/1212 1583/1563/1213
f 1581/1561/1211 1583/1563/1213 1584/1564/1214
f 1582/1562/1212 1585/1565/315 1586/1566/1215
f 1582/1562/1212 1586/1566/1215 1583/1563/1213
f 1583/1563/1213 1586/1566/1215 1587/1567/1216
f 1583/1563/1213 1587/1567/1216 1588/1568/1217
f 1584/1564/1214 1583/1563/1213 1588/1568/1217
f 1584/1564/1214 1588/1568/1217 1589/1569/1218
f 1585/1565/315 1590/1570/1219 1591/1571/1220
f 1585/1565/315 1591/1571/1220 1586/1566/1215
f 1590/1570/1219 1531/1511/313 1534/1514/1165
f 1590/1570/1219 1534/1514/1165 1591/1571/1220
f 1591/1571/1220 1534/1514/1165 1539/1519/1170
f 1591/1571/1220 1539/1519/1170 1592/1572/1221
f 1586/1566/1215 1591/1571/1220 1592/1572/1221
f 1586/1566/1215 1592/1572/1221 1587/1567/1216
f 1587/1567/1216 1592/1572/1221 1593/1573/1222
f 1587/1567/1216 1593/1573/1222 1594/1574/1223
f 1592/1572/1221 1539/1519/1170 1553/1533/1183
f 1592/1572/1221 1553/1533/1183 1593/1573/1222
f 1593/1573/1222 1553/1533/1183 1555/1535/1185
f 1593/1573/1222 1555/1535/1185 1595/1575/1224
f 1594/1574/1223 1593/1573/1222 1595/1575/1224
f 1594/1574/1223 1595/1575/1224 1596/1576/1225
f 1589/1569/1218 1588/1568/1217 1597/1577/1226
f 1589/1569/1218 1597/1577/1226 1598/1578/1227
f 1588/1568/1217 1587/1567/1216 1594/1574/1223
f 1588/1568/1217 1594/1574/1223 1597/1577/1226
f 1597/1577/1226 1594/1574/1223 1596/1576/1225
f 1597/1577/1226 1596/1576/1225 1599/1579/1228
f 1598/1578/1227 1597/1577/1226 1599/1579/1228
f 1598/1578/1227 1599/1579/1228 1600/1580/1229
f 1567/1547/1197 1601/1581/1230 1602/1582/1231
f 1567/1547/1197 1602/1582/1231 1568/1548/1198
f 1601/1581/1230 1603/1583/174 1604/1584/1232
f 1601/1581/1230 1604/1584/1232 1602/1582/1231
f 1602/1582/1231 1604/1584/1232 1605/1585/1233
f 1602/1582/1231 1605/1585/1233 1606/1586/1234
f 1568/1548/1198 1602/1582/1231 1606/1586/1234
f 1568/1548/1198 1606/1586/1234 1569/1549/1199
f 1603/1583/174 1607/1587/1235 1608/1588/1236
f 1603/1583/174 1608/1588/1236 1604/1584/1232
f 1607/1587/1235 1609/1589/1237 1610/1590/1238
f 1607/1587/1235 1610/1590/1238 1608/1588/1236
f 1608/1588/1236 1610/1590/1238 1611/1591/1239
f 1608/1588/1236 1611/1591/1239 1612/1592/1240
f 1604/1584/1232 1608/1588/1236 1612/1592/1240
f 1604/1584/1232 1612/1592/1240 1605/1585/1233
f 1605/1585/1233 1612/1592/1240 1613/1593/1241
f 1605/1585/1233 1613/1593/1241 1614/1594/1242
f 1612/1592/1240 1611/1591/1239 1615/1595/1243
f 1612/1592/1240 1615/1595/1243 1613/1593/1241
f 1613/1593/1241 1615/1595/1243 1616/1596/1244
f 1613/1593/1241 1616/1596/1244 1617/1597/1245
f 1614/1594/1242 1613/1593/1241 1617/1597/1245
f 1614/1594/1242 1617/1597/1245 1618/1598/1246
f 1569/1549/1199 1606/1586/1234 1619/1599/1247
f 1569/1549/1199 1619/1599/1247 1573/1553/1203
f 1606/1586/1234 1605/1585/1233 1614/1594/1242
f 1606/1586/1234 1614/1594/1242 1619/1599/1247
f 1619/1599/1247 1614/1594/1242 1618/1598/1246
f 1619/1599/1247 1618/1598/1246 1620/1600/1248
f 1573/1553/1203 1619/1599/1247 1620/1600/1248
f 1573/1553/1203 1620/1600/1248 1574/1554/1204
f 1609/1589/1237 1621/1601/1249 1622/1602/1250
f 1609/1589/1237 1622/1602/1250 1610/1590/1238
f 1621/1601/1249 1623/1603/1251 1624/1604/1252
f 1621/1601/1249 1624/1604/1252 1622/1602/1250
f 1622/1602/1250 1624/1604/1252 1625/1605/1253
f 1622/1602/1250 1625/1605/1253 1626/1606/1254
f 1610/1590/1238 1622/1602/1250 1626/1606/1254
f 1610/1590/1238 1626/1606/1254 1611/1591/1239
f 1623/1603/1251 1627/1607/1255 1628/1608/1256
f 1623/1603/1251 1628/1608/1256 1624/1604/1252
f 1629/1609/897 1581/1561/1211 1584/1564/1214
f 1629/1609/897 1584/1564/1214 1630/1610/1257
f 1630/1610/1257 1584/1564/1214 1589/1569/1218
f 1630/1610/1257 1589/1569/1218 1631/1611/1258
f 1624/1604/1252 1628/1608/1256 1632/1612/1259
f 1624/1604/1252 1632/1612/1259 1625/1605/1253
f 1625/1605/1253 1632/1612/1259 1633/1613/1260
f 1625/1605/1253 1633/1613/1260 1634/1614/1261
f 1631/1611/1258 1589/1569/1218 1598/1578/1227
f 1631/1611/1258 1598/1578/1227 1635/1615/1262
f 1635/1615/1262 1598/1578/1227 1600/1580/1229
f 1635/1615/1262 1600/1580/1229 1636/1616/1263
f 1634/1614/1261 1633/1613/1260 1637/1617/1264
f 1634/1614/1261 1637/1617/1264 1638/1618/1265
f 1611/1591/1239 1626/1606/1254 1639/1619/1266
f 1611/1591/1239 1639/1619/1266 1615/1595/1243
f 1626/1606/1254 1625/1605/1253 1634/1614/1261
f 1626/1606/1254 1634/1614/1261 1639/1619/1266
f 1639/1619/1266 1634/1614/1261 1638/1618/1265
f 1639/1619/1266 1638/1618/1265 1640/1620/1267
f 1615/1595/1243 1639/1619/1266 1640/1620/1267
f 1615/1595/1243 1640/1620/1267 1616/1596/1244
f 1641/1621/1268 1642/1622/1269 1643/1623/1270
f 1641/1621/1268 1643/1623/1270 1644/1624/1271
f 1642/1622/1269 1645/1625/1272 1646/1626/1273
f 1642/1622/1269 1646/1626/1273 1643/1623/1270
f 1643/1623/1270 1646/1626/1273 1647/1627/1274
f 1643/1623/1270 1647/1627/1274 1648/1628/1275
f 1644/1624/1271 1643/1623/1270 1648/1628/1275
f 1644/1624/1271 1648/1628/1275 1649/1629/1276
f 1645/1625/1272 1650/1630/1277 1651/1631/1278
f 1645/1625/1272 1651/1631/1278 1646/1626/1273
f 1650/1630/1277 1652/1632/1279 1653/1633/1280
f 1650/1630/1277 1653/1633/1280 1651/1631/1278
f 1651/1631/1278 1653/1633/1280 1654/1634/1281
f 1651/1631/1278 1654/1634/1281 1655/1635/1282
f 1646/1626/1273 1651/1631/1278 1655/1635/1282
f 1646/1626/1273 1655/1635/1282 1647/1627/1274
f 1647/1627/1274 1655/1635/1282 1656/1636/1283
f 1647/1627/1274 1656/1636/1283 1657/1637/1284
f 1655/1635/1282 1654/1634/1281 1658/1638/1285
f 1655/1635/1282 1658/1638/1285 1656/1636/1283
f 1656/1636/1283 1658/1638/1285 1659/1639/1286
f 1656/1636/1283 1659/1639/1286 1660/1640/1287
f 1657/1637/1284 1656/1636/1283 1660/1640/1287
f 1657/1637/1284 1660/1640/1287 1661/1641/1288
f 1649/1629/1276 1648/1628/1275 1662/1642/1289
f 1649/1629/1276 1662/1642/1289 1663/1643/1290
f 1648/1628/1275 1647/1627/1274 1657/1637/1284
f 1648/1628/1275 1657/1637/1284 1662/1642/1289
f 1662/1642/1289 1657/1637/1284 1661/1641/1288
f 1662/1642/1289 1661/1641/1288 1664/1644/1291
f 1663/1643/1290 1662/1642/1289 1664/1644/1291
f 1663/1643/1290 1664/1644/1291 1665/1645/1292
f 1666/1646/1293 1667/1647/1294 1668/1648/1295
f 1666/1646/1293 1668/1648/1295 1669/1649/1296
f 1667/1647/1294 1670/1650/1297 1671/1651/1298
f 1667/1647/1294 1671/1651/1298 1668/1648/1295
f 1668/1648/1295 1671/1651/1298 1672/1652/1299
f 1668/1648/1295 1672/1652/1299 1673/1653/1300
f 1669/1649/1296 1668/1648/1295 1673/1653/1300
f 1669/1649/1296 1673/1653/1300 1674/1654/1301
f 1670/1650/1297 1675/1655/1302 1676/1656/1303
f 1670/1650/1297 1676/1656/1303 1671/1651/1298
f 1675/1655/1302 1677/1657/1304 1678/1658/1305
f 1675/1655/1302 1678/1658/1305 1676/1656/1303
f 1676/1656/1303 1678/1658/1305 1679/1659/1306
f 1676/1656/1303 1679/1659/1306 1680/1660/1307
f 1671/1651/1298 1676/1656/1303 1680/1660/1307
f 1671/1651/1298 1680/1660/1307 1672/1652/1299
f 1672/1652/1299 1680/1660/1307 1681/1661/1308
f 1672/1652/1299 1681/1661/1308 1682/1662/1309
f 1680/1660/1307 1679/1659/1306 1683/1663/1269
f 1680/1660/1307 1683/1663/1269 1681/1661/1308
f 1681/1661/1308 1683/1663/1269 1684/1664/1310
f 1681/1661/1308 1684/1664/1310 1685/1665/1311
f 1682/1662/1309 1681/1661/1308 1685/1665/1311
f 1682/1662/1309 1685/1665/1311 1686/1666/1312
f 1674/1654/1301 1673/1653/1300 1687/1667/1313
f 1674/1654/1301 1687/1667/1313 1688/1668/1314
f 1673/1653/1300 1672/1652/1299 1682/1662/1309
f 1673/1653/1300 1682/1662/1309 1687/1667/1313
f 1687/1667/1313 1682/1662/1309 1686/1666/1312
f 1687/1667/1313 1686/1666/1312 1689/1669/1315
f 1688/1668/1314 1687/1667/1313 1689/1669/1315
f 1688/1668/1314 1689/1669/1315 1690/1670/1316
f 1691/1671/1317 1692/1672/1318 1693/1673/1319
f 1691/1671/1317 1693/1673/1319 1694/1674/1320
f 1692/1672/1318 1695/1675/1321 1696/1676/1322
f 1692/1672/1318 1696/1676/1322 1693/1673/1319
f 1693/1673/1319 1696/1676/1322 1697/1677/1323
f 1693/1673/1319 1697/1677/1323 1698/1678/1324
f 1694/1674/1320 1693/1673/1319 1698/1678/1324
f 1694/1674/1320 1698/1678/1324 1699/1679/1325
f 1695/1675/1321 1700/1680/1326 1701/1681/1327
f 1695/1675/1321 1701/1681/1327 1696/1676/1322
f 1700/1680/1326 1666/1646/1293 1669/1649/1296
f 1700/1680/1326 1669/1649/1296 1701/1681/1327
f 1701/1681/1327 1669/1649/1296 1674/1654/1301
f 1701/1681/1327 1674/1654/1301 1702/1682/1328
f 1696/1676/1322 1701/1681/1327 1702/1682/1328
f 1696/1676/1322 1702/1682/1328 1697/1677/1323
f 1697/1677/1323 1702/1682/1328 1703/1683/1329
f 1697/1677/1323 1703/1683/1329 1704/1684/1330
f 1702/1682/1328 1674/1654/1301 1688/1668/1314
f 1702/1682/1328 1688/1668/1314 1703/1683/1329
f 1703/1683/1329 1688/1668/1314 1690/1670/1316
f 1703/1683/1329 1690/1670/1316 1705/1685/1331
f 1704/1684/1330 1703/1683/1329 1705/1685/1331
f 1704/1684/1330 1705/1685/1331 1706/1686/1332
f 1699/1679/1325 1698/1678/1324 1707/1687/1333
f 1699/1679/1325 1707/1687/1333 1708/1688/1334
f 1698/1678/1324 1697/1677/1323 1704/1684/1330
f 1698/1678/1324 1704/1684/1330 1707/1687/1333
f 1707/1687/1333 1704/1684/1330 1706/1686/1332
f 1707/1687/1333 1706/1686/1332 1709/1689/1335
f 1708/1688/1334 1707/1687/1333 1709/1689/1335
f 1708/1688/1334 1709/1689/1335 1710/1690/1336
f 1711/1691/1337 1712/1692/1338 1713/1693/1339
f 1711/1691/1337 1713/1693/1339 1714/1694/1340
f 1712/1692/1338 1715/1695/1341 1716/1696/1342
f 1712/1692/1338 1716/1696/1342 1713/1693/1339
f 1713/1693/1339 1716/1696/1342 1717/1697/1343
f 1713/1693/1339 1717/1697/1343 1718/1698/1344
f 1714/1694/1340 1713/1693/1339 1718/1698/1344
f 1714/1694/1340 1718/1698/1344 1719/1699/1345
f 1715/1695/1341 1720/1700/1346 1721/1701/1347
f 1715/1695/1341 1721/1701/1347 1716/1696/1342
f 1720/1700/1346 1691/1671/1317 1694/1674/1320
f 1720/1700/1346 1694/1674/1320 1721/1701/1347
f 1721/1701/1347 1694/1674/1320 1699/1679/1325
f 1721/1701/1347 1699/1679/1325 1722/1702/1348
f 1716/1696/1342 1721/1701/1347 1722/1702/1348
f 1716/1696/1342 1722/1702/1348 1717/1697/1343
f 1717/1697/1343 1722/1702/1348 1723/1703/1349
f 1717/1697/1343 1723/1703/1349 1724/1704/1350
f 1722/1702/1348 1699/1679/1325 1708/1688/1334
f 1722/1702/1348 1708/1688/1334 1723/1703/1349
f 1723/1703/1349 1708/1688/1334 1710/1690/1336
f 1723/1703/1349 1710/1690/1336 1725/1705/1351
f 1724/1704/1350 1723/1703/1349 1725/1705/1351
f 1724/1704/1350 1725/1705/1351 1726/1706/1352
f 1719/1699/1345 1718/1698/1344 1727/1707/1353
f 1719/1699/1345 1727/1707/1353 1728/1708/1354
f 1718/1698/1344 1717/1697/1343 1724/1704/1350
f 1718/1698/1344 1724/1704/1350 1727/1707/1353
f 1727/1707/1353 1724/1704/1350 1726/1706/1352
f 1727/1707/1353 1726/1706/1352 1729/1709/1355
f 1728/1708/1354 1727/1707/1353 1729/1709/1355
f 1728/1708/1354 1729/1709/1355 1730/1710/1356
f 1731/1711/1357 1732/1712/1358 1733/1713/1359
f 1731/1711/1357 1733/1713/1359 1734/1714/1360
f 1732/1712/1358 1735/1715/1361 1736/1716/1362
f 1732/1712/1358 1736/1716/1362 1733/1713/1359
f 1733/1713/1359 1736/1716/1362 1737/1717/1363
f 1733/1713/1359 1737/1717/1363 1738/1718/1364
f 1734/1714/1360 1733/1713/1359 1738/1718/1364
f 1734/1714/1360 1738/1718/1364 1739/1719/1365
f 1735/1715/1361 1740/1720/1366 1741/1721/1367
f 1735/1715/1361 1741/1721/1367 1736/1716/1362
f 1740/1720/1366 1742/1722/1368 1743/1723/1369
f 1740/1720/1366 1743/1723/1369 1741/1721/1367
f 1741/1721/1367 1743/1723/1369 1744/1724/1370
f 1741/1721/1367 1744/1724/1370 1745/1725/1371
f 1736/1716/1362 1741/1721/1367 1745/1725/1371
f 1736/1716/1362 1745/1725/1371 1737/1717/1363
f 1737/1717/1363 1745/1725/1371 1746/1726/1372
f 1737/1717/1363 1746/1726/1372 1747/1727/1373
f 1745/1725/1371 1744/1724/1370 1748/1728/1374
f 1745/1725/1371 1748/1728/1374 1746/1726/1372
f 1746/1726/1372 1748/1728/1374 1749/1729/1375
f 1746/1726/1372 1749/1729/1375 1750/1730/1376
f 1747/1727/1373 1746/1726/1372 1750/1730/1376
f 1747/1727/1373 1750/1730/1376 1751/1731/1377
f 1739/1719/1365 1738/1718/1364 1752/1732/1378
f 1739/1719/1365 1752/1732/1378 1753/1733/1379
f 1738/1718/1364 1737/1717/1363 1747/1727/1373
f 1738/1718/1364 1747/1727/1373 1752/1732/1378
f 1752/1732/1378 1747/1727/1373 1751/1731/1377
f 1752/1732/1378 1751/1731/1377 1754/1734/1380
f 1753/1733/1379 1752/1732/1378 1754/1734/1380
f 1753/1733/1379 1754/1734/1380 1755/1735/1381
f 1756/1736/1382 1757/1737/1383 1758/1738/1384
f 1756/1736/1382 1758/1738/1384 1759/1739/1385
f 1757/1737/1383 1760/1740/1386 1761/1741/1387
f 1757/1737/1383 1761/1741/1387 1758/1738/1384
f 1762/1742/1388 1763/1743/1389 1764/1744/1390
f 1762/1742/1388 1764/1744/1390 1765/1745/1391
f 1766/1746/1392 1762/1742/1388 1765/1745/1391
f 1766/1746/1392 1765/1745/1391 1767/1747/1393
f 1760/1740/1386 1768/1748/1394 1769/1749/1395
f 1760/1740/1386 1769/1749/1395 1761/1741/1387
f 1768/1748/1394 1065/1045/716 1068/1048/719
f 1768/1748/1394 1068/1048/719 1769/1749/1395
f 1770/1750/1396 1075/1055/725 1076/1056/726
f 1770/1750/1396 1076/1056/726 1771/1751/1397
f 1763/1743/1389 1770/1750/1396 1771/1751/1397
f 1763/1743/1389 1771/1751/1397 1764/1744/1390
f 1764/1744/1390 1771/1751/1397 1772/1752/1398
f 1764/1744/1390 1772/1752/1398 1773/1753/1399
f 1771/1751/1397 1076/1056/726 1086/1066/736
f 1771/1751/1397 1086/1066/736 1772/1752/1398
f 1772/1752/1398 1086/1066/736 1088/1068/738
f 1772/1752/1398 1088/1068/738 1774/1754/1400
f 1773/1753/1399 1772/1752/1398 1774/1754/1400
f 1773/1753/1399 1774/1754/1400 1775/1755/1401
f 1767/1747/1393 1765/1745/1391 1776/1756/1402
f 1767/1747/1393 1776/1756/1402 1777/1757/1403
f 1765/1745/1391 1764/1744/1390 1773/1753/1399
f 1765/1745/1391 1773/1753/1399 1776/1756/1402
f 1776/1756/1402 1773/1753/1399 1775/1755/1401
f 1776/1756/1402 1775/1755/1401 1778/1758/1404
f 1777/1757/1403 1776/1756/1402 1778/1758/1404
f 1777/1757/1403 1778/1758/1404 1779/1759/1405
f 1780/1760/406 1781/1761/1406 1782/1762/1407
f 1780/1760/406 1782/1762/1407 1783/1763/1408
f 1781/1761/1406 1784/1764/995 1785/1765/1409
f 1781/1761/1406 1785/1765/1409 1782/1762/1407
f 1782/1762/1407 1785/1765/1409 1786/1766/1410
f 1782/1762/1407 1786/1766/1410 1787/1767/1411
f 1783/1763/1408 1782/1762/1407 1787/1767/1411
f 1783/1763/1408 1787/1767/1411 1788/1768/1412
f 1784/1764/995 1789/1769/1406 1790/1770/1413
f 1784/1764/995 1790/1770/1413 1785/1765/1409
f 1789/1769/1406 1351/1331/992 1354/1334/994
f 1789/1769/1406 1354/1334/994 1790/1770/1413
f 1790/1770/1413 1354/1334/994 1359/1339/999
f 1790/1770/1413 1359/1339/999 1791/1771/1414
f 1785/1765/1409 1790/1770/1413 1791/1771/1414
f 1785/1765/1409 1791/1771/1414 1786/1766/1410
f 1786/1766/1410 1791/1771/1414 1792/1772/1415
f 1786/1766/1410 1792/1772/1415 1793/1773/1416
f 1791/1771/1414 1359/1339/999 1368/1348/1007
f 1791/1771/1414 1368/1348/1007 1792/1772/1415
f 1792/1772/1415 1368/1348/1007 1370/1350/1009
f 1792/1772/1415 1370/1350/1009 1794/1774/1417
f 1793/1773/1416 1792/1772/1415 1794/1774/1417
f 1793/1773/1416 1794/1774/1417 1795/1775/1418
f 1788/1768/1412 1787/1767/1411 1796/1776/1419
f 1788/1768/1412 1796/1776/1419 1797/1777/1420
f 1787/1767/1411 1786/1766/1410 1793/1773/1416
f 1787/1767/1411 1793/1773/1416 1796/1776/1419
f 1796/1776/1419 1793/1773/1416 1795/1775/1418
f 1796/1776/1419 1795/1775/1418 1798/1778/1009
f 1797/1777/1420 1796/1776/1419 1798/1778/1009
f 1797/1777/1420 1798/1778/1009 1799/1779/1421
f 1800/1780/235 1801/1781/235 1802/1782/238
f 1800/1780/235 1802/1782/238 1803/1783/238
f 1801/1781/235 1804/1784/235 1805/1785/238
f 1801/1781/235 1805/1785/238 1802/1782/238
f 1802/1782/238 1805/1785/238 1806/1786/243
f 1802/1782/238 1806/1786/243 1807/1787/243
f 1803/1783/238 1802/1782/238 1807/1787/243
f 1803/1783/238 1807/1787/243 1808/1788/243
f 1804/1784/235 1809/1789/235 1810/1790/238
f 1804/1784/235 1810/1790/238 1805/1785/238
f 1809/1789/235 562/560/235 565/563/238
f 1809/1789/235 565/563/238 1810/1790/238
f 1810/1790/238 565/563/238 570/568/243
f 1810/1790/238 570/568/243 1811/1791/243
f 1805/1785/238 1810/1790/238 1811/1791/243
f 1805/1785/238 1811/1791/243 1806/1786/243
f 1806/1786/243 1811/1791/243 1812/1792/403
f 1806/1786/243 1812/1792/403 1813/1793/403
f 1811/1791/243 570/568/243 579/577/403
f 1811/1791/243 579/577/403 1812/1792/403
f 1812/1792/403 579/577/403 581/579/407
f 1812/1792/403 581/579/407 1814/1794/1406
f 1813/1793/403 1812/1792/403 1814/1794/1406
f 1813/1793/403 1814/1794/1406 1815/1795/405
f 1808/1788/243 1807/1787/243 1816/1796/403
f 1808/1788/243 1816/1796/403 1817/1797/403
f 1807/1787/243 1806/1786/243 1813/1793/403
f 1807/1787/243 1813/1793/403 1816/1796/403
f 1816/1796/403 1813/1793/403 1815/1795/405
f 1816/1796/403 1815/1795/405 1818/1798/995
f 1817/1797/403 1816/1796/403 1818/1798/995
f 1817/1797/403 1818/1798/995 1819/1799/406
s 0
f 1820/1800/140 1821/1801/140 1823/1802/140
f 1820/1800/140 1823/1802/140 1826/1803/140
f 1821/1801/140 1827/1804/140 1829/1805/140
f 1821/1801/140 1829/1805/140 1823/1802/140
f 1822/1802/408 1828/1805/408 1833/1806/408
f 1822/1802/408 1834/1806/408 1836/1807/408
s 1
f 1825/1803/408 1824/1802/408 1835/1807/409
f 1825/1803/408 1835/1807/409 1837/1808/409
s 0
f 1827/1804/140 1839/1809/140 1843/1810/140
f 1827/1804/140 1843/1810/140 1831/1805/140
f 1839/1809/140 582/580/140 588/583/140
f 1839/1809/140 588/583/140 1841/1810/140
f 1840/1810/408 587/583/408 602/588/408
s 1
f 1842/1810/140 601/588/409 1844/1811/353
s 0
f 1828/1805/408 1840/1810/408 1845/1811/408
s 1
f 1830/1805/140 1844/1811/353 1832/1806/409
f 1832/1806/409 1844/1811/353 1846/1812/362
f 1832/1806/409 1846/1812/362 1847/1813/362
f 1844/1811/353 601/588/409 612/595/362
f 1844/1811/353 612/595/362 1846/1812/362
f 1846/1812/362 612/595/362 562/560/235
f 1846/1812/362 562/560/235 1809/1789/235
f 1847/1813/362 1846/1812/362 1809/1789/235
f 1847/1813/362 1809/1789/235 1804/1784/235
f 1837/1808/409 1835/1807/409 1848/1814/362
f 1837/1808/409 1848/1814/362 1849/1815/362
f 1835/1807/409 1832/1806/409 1847/1813/362
f 1835/1807/409 1847/1813/362 1848/1814/362
f 1848/1814/362 1847/1813/362 1804/1784/235
f 1848/1814/362 1804/1784/235 1801/1781/235
f 1849/1815/362 1848/1814/362 1801/1781/235
f 1849/1815/362 1801/1781/235 1800/1780/235
f 1850/1816/411 1851/1817/411 1852/1818/536
f 1850/1816/411 1852/1818/536 1853/1819/412
f 1851/1817/411 1854/1820/121 1855/1821/536
f 1851/1817/411 1855/1821/536 1852/1818/536
f 1852/1818/536 1855/1821/536 1856/1822/414
f 1852/1818/536 1856/1822/414 1857/1823/129
f 1853/1819/412 1852/1818/536 1857/1823/129
f 1853/1819/412 1857/1823/129 1858/1824/129
f 1854/1820/121 1859/1825/411 1860/1826/536
f 1854/1820/121 1860/1826/536 1855/1821/536
f 1859/1825/411 613/596/411 616/599/413
f 1859/1825/411 616/599/413 1860/1826/536
f 1860/1826/536 616/599/413 621/604/129
f 1860/1826/536 621/604/129 1861/1827/129
f 1855/1821/536 1860/1826/536 1861/1827/129
f 1855/1821/536 1861/1827/129 1856/1822/414
f 1856/1822/414 1861/1827/129 1862/1828/138
f 1856/1822/414 1862/1828/138 1863/1829/138
f 1861/1827/129 621/604/129 628/611/138
f 1861/1827/129 628/611/138 1862/1828/138
f 1862/1828/138 628/611/138 582/580/140
f 1862/1828/138 582/580/140 1839/1809/140
f 1863/1829/138 1862/1828/138 1839/1809/140
f 1863/1829/138 1839/1809/140 1827/1804/140
f 1858/1824/129 1857/1823/129 1864/1830/138
f 1858/1824/129 1864/1830/138 1865/1831/138
f 1857/1823/129 1856/1822/414 1863/1829/138
f 1857/1823/129 1863/1829/138 1864/1830/138
f 1864/1830/138 1863/1829/138 1827/1804/140
f 1864/1830/138 1827/1804/140 1821/1801/140
f 1865/1831/138 1864/1830/138 1821/1801/140
f 1865/1831/138 1821/1801/140 1820/1800/140
f 1866/1832/76 1867/1833/77 1868/1834/77
f 1866/1832/76 1868/1834/77 1869/1835/76
f 1867/1833/77 1870/1836/80 1871/1837/80
f 1867/1833/77 1871/1837/80 1868/1834/77
f 1868/1834/77 1871/1837/80 1872/1838/1422
f 1868/1834/77 1872/1838/1422 1873/1839/416
f 1869/1835/76 1868/1834/77 1873/1839/416
f 1869/1835/76 1873/1839/416 1874/1840/76
f 1870/1836/80 1875/1841/1423 1876/1842/555
f 1870/1836/80 1876/1842/555 1871/1837/80
f 1875/1841/1423 1877/1843/87 1878/1844/87
f 1875/1841/1423 1878/1844/87 1876/1842/555
f 1876/1842/555 1878/1844/87 1879/1845/87
f 1876/1842/555 1879/1845/87 1880/1846/418
f 1871/1837/80 1876/1842/555 1880/1846/418
f 1871/1837/80 1880/1846/418 1872/1838/1422
f 1872/1838/1422 1880/1846/418 1881/1847/555
f 1872/1838/1422 1881/1847/555 1882/1848/80
f 1880/1846/418 1879/1845/87 1883/1849/87
f 1880/1846/418 1883/1849/87 1881/1847/555
f 1881/1847/555 1883/1849/87 640/623/87
f 1881/1847/555 640/623/87 638/621/85
f 1882/1848/80 1881/1847/555 638/621/85
f 1882/1848/80 638/621/85 633/616/80
f 1874/1840/76 1873/1839/416 1884/1850/77
f 1874/1840/76 1884/1850/77 1885/1851/76
f 1873/1839/416 1872/1838/1422 1882/1848/80
f 1873/1839/416 1882/1848/80 1884/1850/77
f 1884/1850/77 1882/1848/80 633/616/80
f 1884/1850/77 633/616/80 630/613/77
f 1885/1851/76 1884/1850/77 630/613/77
f 1885/1851/76 630/613/77 629/612/76
s 0
f 664/647/87 663/646/87 1886/1852/87
f 664/647/87 1886/1852/87 1887/1853/87
f 663/646/87 660/643/87 1888/1854/87
f 663/646/87 1888/1854/87 1886/1852/87
f 1886/1852/87 1888/1854/87 1889/1855/87
f 1886/1852/87 1889/1855/87 1890/1856/87
f 1887/1853/87 1886/1852/87 1890/1856/87
f 1887/1853/87 1890/1856/87 1891/1857/87
f 660/643/87 659/642/87 1892/1858/87
f 660/643/87 1892/1858/87 1888/1854/87
f 659/642/87 640/623/87 1883/1849/87
f 659/642/87 1883/1849/87 1892/1858/87
f 1892/1858/87 1883/1849/87 1879/1845/87
f 1892/1858/87 1879/1845/87 1893/1859/87
f 1888/1854/87 1892/1858/87 1893/1859/87
f 1888/1854/87 1893/1859/87 1889/1855/87
f 1889/1855/87 1893/1859/87 1894/1860/87
f 1889/1855/87 1894/1860/87 1895/1861/87
f 1893/1859/87 1879/1845/87 1878/1844/87
f 1893/1859/87 1878/1844/87 1894/1860/87
f 1894/1860/87 1878/1844/87 1877/1843/87
f 1894/1860/87 1877/1843/87 1896/1862/87
f 1895/1861/87 1894/1860/87 1896/1862/87
f 1895/1861/87 1896/1862/87 1897/1863/87
f 1891/1857/87 1890/1856/87 1898/1864/87
f 1891/1857/87 1898/1864/87 1899/1865/87
f 1890/1856/87 1889/1855/87 1895/1861/87
f 1890/1856/87 1895/1861/87 1898/1864/87
f 1898/1864/87 1895/1861/87 1897/1863/87
f 1898/1864/87 1897/1863/87 1900/1866/87
f 1899/1865/87 1898/1864/87 1900/1866/87
f 1899/1865/87 1900/1866/87 1901/1867/87
s 1
f 680/663/420 679/662/216 1902/1868/216
f 680/663/420 1902/1868/216 1903/1869/420
f 679/662/216 676/659/422 1904/1870/421
f 679/662/216 1904/1870/421 1902/1868/216
f 1902/1868/216 1904/1870/421 1905/1871/422
f 1902/1868/216 1905/1871/422 1906/1872/419
f 1903/1869/420 1902/1868/216 1906/1872/419
f 1903/1869/420 1906/1872/419 1907/1873/420
f 676/659/422 675/658/425 1908/1874/1424
f 676/659/422 1908/1874/1424 1904/1870/421
f 675/658/425 664/647/87 1887/1853/87
f 675/658/425 1887/1853/87 1908/1874/1424
f 1908/1874/1424 1887/1853/87 1891/1857/87
f 1908/1874/1424 1891/1857/87 1909/1875/1424
f 1904/1870/421 1908/1874/1424 1909/1875/1424
f 1904/1870/421 1909/1875/1424 1905/1871/422
f 1905/1871/422 1909/1875/1424 1910/1876/424
f 1905/1871/422 1910/1876/424 1911/1877/422
f 1909/1875/1424 1891/1857/87 1899/1865/87
f 1909/1875/1424 1899/1865/87 1910/1876/424
f 1910/1876/424 1899/1865/87 1901/1867/87
f 1910/1876/424 1901/1867/87 1912/1878/1424
f 1911/1877/422 1910/1876/424 1912/1878/1424
f 1911/1877/422 1912/1878/1424 1913/1879/422
f 1907/1873/420 1906/1872/419 1914/1880/419
f 1907/1873/420 1914/1880/419 1915/1881/217
f 1906/1872/419 1905/1871/422 1911/1877/422
f 1906/1872/419 1911/1877/422 1914/1880/419
f 1914/1880/419 1911/1877/422 1913/1879/422
f 1914/1880/419 1913/1879/422 1916/1882/419
f 1915/1881/217 1914/1880/419 1916/1882/419
f 1915/1881/217 1916/1882/419 1917/1883/217
f 700/683/114 699/682/113 1918/1884/113
f 700/683/114 1918/1884/113 1919/1885/114
f 699/682/113 696/679/109 1920/1886/109
f 699/682/113 1920/1886/109 1918/1884/113
f 1918/1884/113 1920/1886/109 1921/1887/109
f 1918/1884/113 1921/1887/109 1922/1888/113
f 1919/1885/114 1918/1884/113 1922/1888/113
f 1919/1885/114 1922/1888/113 1923/1889/114
f 696/679/109 695/678/108 1924/1890/108
f 696/679/109 1924/1890/108 1920/1886/109
f 695/678/108 694/677/107 1925/1891/107
f 695/678/108 1925/1891/107 1924/1890/108
f 1924/1890/108 1925/1891/107 1926/1892/107
f 1924/1890/108 1926/1892/107 1927/1893/108
f 1920/1886/109 1924/1890/108 1927/1893/108
f 1920/1886/109 1927/1893/108 1921/1887/109
f 1921/1887/109 1927/1893/108 1928/1894/108
f 1921/1887/109 1928/1894/108 1929/1895/109
f 1927/1893/108 1926/1892/107 1930/1896/107
f 1927/1893/108 1930/1896/107 1928/1894/108
f 1928/1894/108 1930/1896/107 1931/1897/1425
f 1928/1894/108 1931/1897/1425 1932/1898/426
f 1929/1895/109 1928/1894/108 1932/1898/426
f 1929/1895/109 1932/1898/426 1933/1899/109
f 1923/1889/114 1922/1888/113 1934/1900/113
f 1923/1889/114 1934/1900/113 1935/1901/114
f 1922/1888/113 1921/1887/109 1929/1895/109
f 1922/1888/113 1929/1895/109 1934/1900/113
f 1934/1900/113 1929/1895/109 1933/1899/109
f 1934/1900/113 1933/1899/109 1936/1902/113
f 1935/1901/114 1934/1900/113 1936/1902/113
f 1935/1901/114 1936/1902/113 1937/1903/114
f 716/699/306 715/698/391 1938/1904/391
f 716/699/306 1938/1904/391 1939/1905/306
f 715/698/391 712/695/387 1940/1906/387
f 715/698/391 1940/1906/387 1938/1904/391
f 1938/1904/391 1940/1906/387 1941/1907/387
f 1938/1904/391 1941/1907/387 1942/1908/391
f 1939/1905/306 1938/1904/391 1942/1908/391
f 1939/1905/306 1942/1908/391 1943/1909/306
f 712/695/387 711/694/386 1944/1910/386
f 712/695/387 1944/1910/386 1940/1906/387
f 711/694/386 700/683/114 1919/1885/114
f 711/694/386 1919/1885/114 1944/1910/386
f 1944/1910/386 1919/1885/114 1923/1889/114
f 1944/1910/386 1923/1889/114 1945/1911/386
f 1940/1906/387 1944/1910/386 1945/1911/386
f 1940/1906/387 1945/1911/386 1941/1907/387
f 1941/1907/387 1945/1911/386 1946/1912/386
f 1941/1907/387 1946/1912/386 1947/1913/387
f 1945/1911/386 1923/1889/114 1935/1901/114
f 1945/1911/386 1935/1901/114 1946/1912/386
f 1946/1912/386 1935/1901/114 1937/1903/114
f 1946/1912/386 1937/1903/114 1948/1914/386
f 1947/1913/387 1946/1912/386 1948/1914/386
f 1947/1913/387 1948/1914/386 1949/1915/387
f 1943/1909/306 1942/1908/391 1950/1916/391
f 1943/1909/306 1950/1916/391 1951/1917/306
f 1942/1908/391 1941/1907/387 1947/1913/387
f 1942/1908/391 1947/1913/387 1950/1916/391
f 1950/1916/391 1947/1913/387 1949/1915/387
f 1950/1916/391 1949/1915/387 1952/1918/391
f 1951/1917/306 1950/1916/391 1952/1918/391
f 1951/1917/306 1952/1918/391 1953/1919/306
f 732/715/435 731/714/430 1954/1920/430
f 732/715/435 1954/1920/430 1955/1921/1166
f 731/714/430 728/711/429 1956/1922/429
f 731/714/430 1956/1922/429 1954/1920/430
f 1954/1920/430 1956/1922/429 1957/1923/429
f 1954/1920/430 1957/1923/429 1958/1924/427
f 1955/1921/1166 1954/1920/430 1958/1924/427
f 1955/1921/1166 1958/1924/427 1959/1925/431
f 728/711/429 727/710/433 1960/1926/433
f 728/711/429 1960/1926/433 1956/1922/429
f 727/710/433 716/699/306 1939/1905/306
f 727/710/433 1939/1905/306 1960/1926/433
f 1960/1926/433 1939/1905/306 1943/1909/306
f 1960/1926/433 1943/1909/306 1961/1927/307
f 1956/1922/429 1960/1926/433 1961/1927/307
f 1956/1922/429 1961/1927/307 1957/1923/429
f 1957/1923/429 1961/1927/307 1962/1928/307
f 1957/1923/429 1962/1928/307 1963/1929/429
f 1961/1927/307 1943/1909/306 1951/1917/306
f 1961/1927/307 1951/1917/306 1962/1928/307
f 1962/1928/307 1951/1917/306 1953/1919/306
f 1962/1928/307 1953/1919/306 1964/1930/433
f 1963/1929/429 1962/1928/307 1964/1930/433
f 1963/1929/429 1964/1930/433 1965/1931/429
f 1959/1925/431 1958/1924/427 1966/1932/427
f 1959/1925/431 1966/1932/427 1967/1933/431
f 1958/1924/427 1957/1923/429 1963/1929/429
f 1958/1924/427 1963/1929/429 1966/1932/427
f 1966/1932/427 1963/1929/429 1965/1931/429
f 1966/1932/427 1965/1931/429 1968/1934/427
f 1967/1933/431 1966/1932/427 1968/1934/427
f 1967/1933/431 1968/1934/427 1969/1935/434
f 1549/1529/1179 1548/1528/1178 1970/1936/1426
f 1549/1529/1179 1970/1936/1426 1971/1937/1427
f 1548/1528/1178 1544/1524/1174 1972/1938/1428
f 1548/1528/1178 1972/1938/1428 1970/1936/1426
f 1970/1936/1426 1972/1938/1428 1973/1939/1429
f 1970/1936/1426 1973/1939/1429 1974/1940/1430
f 1971/1937/1427 1970/1936/1426 1974/1940/1430
f 1971/1937/1427 1974/1940/1430 1975/1941/1431
f 1544/1524/1174 1543/1523/1173 1976/1942/1432
f 1544/1524/1174 1976/1942/1432 1972/1938/1428
f 1543/1523/1173 1542/1522/1172 1977/1943/1433
f 1543/1523/1173 1977/1943/1433 1976/1942/1432
f 1976/1942/1432 1977/1943/1433 1978/1944/1166
f 1976/1942/1432 1978/1944/1166 1979/1945/1434
f 1972/1938/1428 1976/1942/1432 1979/1945/1434
f 1972/1938/1428 1979/1945/1434 1973/1939/1429
f 1973/1939/1429 1979/1945/1434 1980/1946/1435
f 1973/1939/1429 1980/1946/1435 1981/1947/1168
f 1979/1945/1434 1978/1944/1166 1982/1948/1166
f 1979/1945/1434 1982/1948/1166 1980/1946/1435
f 1980/1946/1435 1982/1948/1166 1983/1949/435
f 1980/1946/1435 1983/1949/435 1984/1950/1436
f 1981/1947/1168 1980/1946/1435 1984/1950/1436
f 1981/1947/1168 1984/1950/1436 1985/1951/1437
f 1975/1941/1431 1974/1940/1430 1986/1952/1438
f 1975/1941/1431 1986/1952/1438 1987/1953/1179
f 1974/1940/1430 1973/1939/1429 1981/1947/1168
f 1974/1940/1430 1981/1947/1168 1986/1952/1438
f 1986/1952/1438 1981/1947/1168 1985/1951/1437
f 1986/1952/1438 1985/1951/1437 1988/1954/1178
f 1987/1953/1179 1986/1952/1438 1988/1954/1178
f 1987/1953/1179 1988/1954/1178 1989/1955/1439
f 1217/1197/863 1216/1196/862 1990/1956/1440
f 1217/1197/863 1990/1956/1440 1991/1957/1441
f 1216/1196/862 1213/1193/859 1992/1958/1442
f 1216/1196/862 1992/1958/1442 1990/1956/1440
f 1990/1956/1440 1992/1958/1442 1993/1959/1443
f 1990/1956/1440 1993/1959/1443 1994/1960/1444
f 1991/1957/1441 1990/1956/1440 1994/1960/1444
f 1991/1957/1441 1994/1960/1444 1995/1961/1445
f 1213/1193/859 1212/1192/858 1996/1962/1446
f 1213/1193/859 1996/1962/1446 1992/1958/1442
f 1211/1191/858 1210/1190/857 1997/1963/1447
f 1211/1191/858 1997/1963/1447 1998/1964/1448
f 1998/1964/1448 1997/1963/1447 1999/1965/1449
f 1998/1964/1448 1999/1965/1449 2000/1966/1450
f 1992/1958/1442 1996/1962/1446 2001/1967/1451
f 1992/1958/1442 2001/1967/1451 1993/1959/1443
f 1993/1959/1443 2001/1967/1451 2002/1968/1452
f 1993/1959/1443 2002/1968/1452 2003/1969/1453
f 2000/1966/1450 1999/1965/1449 2004/1970/1454
f 2000/1966/1450 2004/1970/1454 2005/1971/1455
f 2005/1971/1455 2004/1970/1454 2006/1972/1456
f 2005/1971/1455 2006/1972/1456 2007/1973/1457
f 2003/1969/1453 2002/1968/1452 2008/1974/1458
f 2003/1969/1453 2008/1974/1458 2009/1975/1459
f 1995/1961/1445 1994/1960/1444 2010/1976/1460
f 1995/1961/1445 2010/1976/1460 2011/1977/1461
f 1994/1960/1444 1993/1959/1443 2003/1969/1453
f 1994/1960/1444 2003/1969/1453 2010/1976/1460
f 2010/1976/1460 2003/1969/1453 2009/1975/1459
f 2010/1976/1460 2009/1975/1459 2012/1978/1462
f 2011/1977/1461 2010/1976/1460 2012/1978/1462
f 2011/1977/1461 2012/1978/1462 2013/1979/1463
f 1519/1499/1151 2014/1980/1464 2015/1981/1465
f 1519/1499/1151 2015/1981/1465 1520/1500/1152
f 2014/1980/1464 2016/1982/1466 2017/1983/1467
f 2014/1980/1464 2017/1983/1467 2015/1981/1465
f 2015/1981/1465 2017/1983/1467 2018/1984/1468
f 2015/1981/1465 2018/1984/1468 2019/1985/1469
f 1520/1500/1152 2015/1981/1465 2019/1985/1469
f 1520/1500/1152 2019/1985/1469 1521/1501/1153
f 2016/1982/1466 2020/1986/1470 2021/1987/1471
f 2016/1982/1466 2021/1987/1471 2017/1983/1467
f 2020/1986/1470 2022/1988/1472 2023/1989/1473
f 2020/1986/1470 2023/1989/1473 2021/1987/1471
f 2021/1987/1471 2023/1989/1473 2024/1990/1474
f 2021/1987/1471 2024/1990/1474 2025/1991/1475
f 2017/1983/1467 2021/1987/1471 2025/1991/1475
f 2017/1983/1467 2025/1991/1475 2018/1984/1468
f 2018/1984/1468 2025/1991/1475 2026/1992/1476
f 2018/1984/1468 2026/1992/1476 2027/1993/1477
f 2025/1991/1475 2024/1990/1474 2028/1994/1478
f 2025/1991/1475 2028/1994/1478 2026/1992/1476
f 2026/1992/1476 2028/1994/1478 2029/1995/1479
f 2026/1992/1476 2029/1995/1479 2030/1996/1480
f 2027/1993/1477 2026/1992/1476 2030/1996/1480
f 2027/1993/1477 2030/1996/1480 2031/1997/1481
f 1521/1501/1153 2019/1985/1469 2032/1998/1482
f 1521/1501/1153 2032/1998/1482 1525/1505/1157
f 2019/1985/1469 2018/1984/1468 2027/1993/1477
f 2019/1985/1469 2027/1993/1477 2032/1998/1482
f 2032/1998/1482 2027/1993/1477 2031/1997/1481
f 2032/1998/1482 2031/1997/1481 2033/1999/1483
f 1525/1505/1157 2032/1998/1482 2033/1999/1483
f 1525/1505/1157 2033/1999/1483 1526/1506/1158
f 2034/2000/1484 2035/2001/1485 2036/2002/1486
f 2034/2000/1484 2036/2002/1486 2037/2003/1487
f 2035/2001/1485 2038/2004/1488 2039/2005/1489
f 2035/2001/1485 2039/2005/1489 2036/2002/1486
f 2036/2002/1486 2039/2005/1489 2040/2006/1490
f 2036/2002/1486 2040/2006/1490 2041/2007/1491
f 2037/2003/1487 2036/2002/1486 2041/2007/1491
f 2037/2003/1487 2041/2007/1491 2042/2008/1492
f 2038/2004/1488 2043/2009/1493 2044/2010/1494
f 2038/2004/1488 2044/2010/1494 2039/2005/1489
f 2043/2009/1493 2045/2011/1495 2046/2012/1496
f 2043/2009/1493 2046/2012/1496 2044/2010/1494
f 2044/2010/1494 2046/2012/1496 2047/2013/1497
f 2044/2010/1494 2047/2013/1497 2048/2014/1498
f 2039/2005/1489 2044/2010/1494 2048/2014/1498
f 2039/2005/1489 2048/2014/1498 2040/2006/1490
f 2040/2006/1490 2048/2014/1498 2049/2015/1499
f 2040/2006/1490 2049/2015/1499 2050/2016/1500
f 2048/2014/1498 2047/2013/1497 2051/2017/1501
f 2048/2014/1498 2051/2017/1501 2049/2015/1499
f 2049/2015/1499 2051/2017/1501 981/961/633
f 2049/2015/1499 981/961/633 979/959/631
f 2050/2016/1500 2049/2015/1499 979/959/631
f 2050/2016/1500 979/959/631 974/954/626
f 2042/2008/1492 2041/2007/1491 2052/2018/1502
f 2042/2008/1492 2052/2018/1502 2053/2019/1503
f 2041/2007/1491 2040/2006/1490 2050/2016/1500
f 2041/2007/1491 2050/2016/1500 2052/2018/1502
f 2052/2018/1502 2050/2016/1500 974/954/626
f 2052/2018/1502 974/954/626 971/951/623
f 2053/2019/1503 2052/2018/1502 971/951/623
f 2053/2019/1503 971/951/623 970/950/622
f 2054/2020/1504 2055/2021/1505 2056/2022/1506
f 2054/2020/1504 2056/2022/1506 2057/2023/1507
f 2055/2021/1505 2058/2024/1508 2059/2025/1509
f 2055/2021/1505 2059/2025/1509 2056/2022/1506
f 2056/2022/1506 2059/2025/1509 2060/2026/1510
f 2056/2022/1506 2060/2026/1510 2061/2027/1511
f 2057/2023/1507 2056/2022/1506 2061/2027/1511
f 2057/2023/1507 2061/2027/1511 2062/2028/1512
f 2058/2024/1508 2063/2029/1513 2064/2030/1514
f 2058/2024/1508 2064/2030/1514 2059/2025/1509
f 2063/2029/1513 2034/2000/1484 2037/2003/1487
f 2063/2029/1513 2037/2003/1487 2064/2030/1514
f 2064/2030/1514 2037/2003/1487 2042/2008/1492
f 2064/2030/1514 2042/2008/1492 2065/2031/1515
f 2059/2025/1509 2064/2030/1514 2065/2031/1515
f 2059/2025/1509 2065/2031/1515 2060/2026/1510
f 2060/2026/1510 2065/2031/1515 2066/2032/1516
f 2060/2026/1510 2066/2032/1516 2067/2033/1517
f 2065/2031/1515 2042/2008/1492 2053/2019/1503
f 2065/2031/1515 2053/2019/1503 2066/2032/1516
f 2066/2032/1516 2053/2019/1503 970/950/622
f 2066/2032/1516 970/950/622 1004/984/656
f 2067/2033/1517 2066/2032/1516 1004/984/656
f 2067/2033/1517 1004/984/656 999/979/651
f 2062/2028/1512 2061/2027/1511 2068/2034/1518
f 2062/2028/1512 2068/2034/1518 2069/2035/1519
f 2061/2027/1511 2060/2026/1510 2067/2033/1517
f 2061/2027/1511 2067/2033/1517 2068/2034/1518
f 2068/2034/1518 2067/2033/1517 999/979/651
f 2068/2034/1518 999/979/651 996/976/648
f 2069/2035/1519 2068/2034/1518 996/976/648
f 2069/2035/1519 996/976/648 995/975/647
f 2070/2036/1520 2071/2037/1521 2072/2038/1522
f 2070/2036/1520 2072/2038/1522 2073/2039/1523
f 2071/2037/1521 2074/2040/1524 2075/2041/1525
f 2071/2037/1521 2075/2041/1525 2072/2038/1522
f 2072/2038/1522 2075/2041/1525 2076/2042/1526
f 2072/2038/1522 2076/2042/1526 2077/2043/1527
f 2073/2039/1523 2072/2038/1522 2077/2043/1527
f 2073/2039/1523 2077/2043/1527 2078/2044/1528
f 2074/2040/1524 2079/2045/1529 2080/2046/1530
f 2074/2040/1524 2080/2046/1530 2075/2041/1525
f 2079/2045/1529 2054/2020/1504 2057/2023/1507
f 2079/2045/1529 2057/2023/1507 2080/2046/1530
f 2080/2046/1530 2057/2023/1507 2062/2028/1512
f 2080/2046/1530 2062/2028/1512 2081/2047/1531
f 2075/2041/1525 2080/2046/1530 2081/2047/1531
f 2075/2041/1525 2081/2047/1531 2076/2042/1526
f 2076/2042/1526 2081/2047/1531 2082/2048/1532
f 2076/2042/1526 2082/2048/1532 2083/2049/1533
f 2081/2047/1531 2062/2028/1512 2069/2035/1519
f 2081/2047/1531 2069/2035/1519 2082/2048/1532
f 2082/2048/1532 2069/2035/1519 995/975/647
f 2082/2048/1532 995/975/647 1024/1004/676
f 2083/2049/1533 2082/2048/1532 1024/1004/676
f 2083/2049/1533 1024/1004/676 1019/999/671
f 2078/2044/1528 2077/2043/1527 2084/2050/1534
f 2078/2044/1528 2084/2050/1534 2085/2051/1535
f 2077/2043/1527 2076/2042/1526 2083/2049/1533
f 2077/2043/1527 2083/2049/1533 2084/2050/1534
f 2084/2050/1534 2083/2049/1533 1019/999/671
f 2084/2050/1534 1019/999/671 1016/996/668
f 2085/2051/1535 2084/2050/1534 1016/996/668
f 2085/2051/1535 1016/996/668 1015/995/667
f 2086/2052/1536 2087/2053/1537 2088/2054/1538
f 2086/2052/1536 2088/2054/1538 2089/2055/1539
f 2087/2053/1537 2090/2056/1540 2091/2057/1541
f 2087/2053/1537 2091/2057/1541 2088/2054/1538
f 2088/2054/1538 2091/2057/1541 2092/2058/1542
f 2088/2054/1538 2092/2058/1542 2093/2059/1543
f 2089/2055/1539 2088/2054/1538 2093/2059/1543
f 2089/2055/1539 2093/2059/1543 2094/2060/1544
f 2090/2056/1540 2095/2061/1545 2096/2062/1546
f 2090/2056/1540 2096/2062/1546 2091/2057/1541
f 2095/2061/1545 2097/2063/1520 2098/2064/1523
f 2095/2061/1545 2098/2064/1523 2096/2062/1546
f 2096/2062/1546 2098/2064/1523 2099/2065/1547
f 2096/2062/1546 2099/2065/1547 2100/2066/1548
f 2091/2057/1541 2096/2062/1546 2100/2066/1548
f 2091/2057/1541 2100/2066/1548 2092/2058/1542
f 2092/2058/1542 2100/2066/1548 2101/2067/1549
f 2092/2058/1542 2101/2067/1549 2102/2068/1550
f 2100/2066/1548 2099/2065/1547 2103/2069/1551
f 2100/2066/1548 2103/2069/1551 2101/2067/1549
f 2101/2067/1549 2103/2069/1551 1416/1396/1050
f 2101/2067/1549 1416/1396/1050 1419/1399/1053
f 2102/2068/1550 2101/2067/1549 1419/1399/1053
f 2102/2068/1550 1419/1399/1053 1424/1404/1057
f 2094/2060/1544 2093/2059/1543 2104/2070/1552
f 2094/2060/1544 2104/2070/1552 2105/2071/1553
f 2093/2059/1543 2092/2058/1542 2102/2068/1550
f 2093/2059/1543 2102/2068/1550 2104/2070/1552
f 2104/2070/1552 2102/2068/1550 1424/1404/1057
f 2104/2070/1552 1424/1404/1057 1438/1418/1071
f 2105/2071/1553 2104/2070/1552 1438/1418/1071
f 2105/2071/1553 1438/1418/1071 1440/1420/1073
f 1103/1083/753 2106/2072/1554 2107/2073/1555
f 1103/1083/753 2107/2073/1555 1104/1084/754
f 2106/2072/1554 2108/2074/1556 2109/2075/1557
f 2106/2072/1554 2109/2075/1557 2107/2073/1555
f 2110/2076/1558 2111/2077/1557 2112/2078/1559
f 2110/2076/1558 2112/2078/1559 2113/2079/1560
f 1106/1086/756 2110/2076/1558 2113/2079/1560
f 1106/1086/756 2113/2079/1560 1107/1087/757
f 2108/2074/1556 2114/2080/1561 2115/2081/1562
f 2108/2074/1556 2115/2081/1562 2109/2075/1557
f 2114/2080/1561 2116/2082/1563 2117/2083/1564
f 2114/2080/1561 2117/2083/1564 2115/2081/1562
f 2118/2084/1565 2119/2085/1566 2120/2086/1567
f 2118/2084/1565 2120/2086/1567 2121/2087/1568
f 2111/2077/1557 2118/2084/1565 2121/2087/1568
f 2111/2077/1557 2121/2087/1568 2112/2078/1559
f 2112/2078/1559 2121/2087/1568 2122/2088/1569
f 2112/2078/1559 2122/2088/1569 2123/2089/1570
f 2121/2087/1568 2120/2086/1567 2124/2090/1571
f 2121/2087/1568 2124/2090/1571 2122/2088/1569
f 2122/2088/1569 2124/2090/1571 2125/2091/1572
f 2122/2088/1569 2125/2091/1572 2126/2092/1573
f 2123/2089/1570 2122/2088/1569 2126/2092/1573
f 2123/2089/1570 2126/2092/1573 2127/2093/1574
f 1107/1087/757 2113/2079/1560 2128/2094/1575
f 1107/1087/757 2128/2094/1575 1111/1091/761
f 2113/2079/1560 2112/2078/1559 2123/2089/1570
f 2113/2079/1560 2123/2089/1570 2128/2094/1575
f 2128/2094/1575 2123/2089/1570 2127/2093/1574
f 2128/2094/1575 2127/2093/1574 2129/2095/1576
f 1111/1091/761 2128/2094/1575 2129/2095/1576
f 1111/1091/761 2129/2095/1576 1112/1092/762
f 1402/1382/502 2130/2096/1577 2131/2097/1578
f 1402/1382/502 2131/2097/1578 1403/1383/1037
f 2130/2096/1577 2132/2098/1406 2133/2099/1579
f 2130/2096/1577 2133/2099/1579 2131/2097/1578
f 2131/2097/1578 2133/2099/1579 2134/2100/1580
f 2131/2097/1578 2134/2100/1580 2135/2101/1581
f 1403/1383/1037 2131/2097/1578 2135/2101/1581
f 1403/1383/1037 2135/2101/1581 1404/1384/1038
f 2132/2098/1406 2136/2102/1582 2137/2103/1583
f 2132/2098/1406 2137/2103/1583 2133/2099/1579
f 2136/2102/1582 2138/2104/407 2139/2105/1584
f 2136/2102/1582 2139/2105/1584 2137/2103/1583
f 2137/2103/1583 2139/2105/1584 2140/2106/1585
f 2137/2103/1583 2140/2106/1585 2141/2107/1586
f 2133/2099/1579 2137/2103/1583 2141/2107/1586
f 2133/2099/1579 2141/2107/1586 2134/2100/1580
f 2134/2100/1580 2141/2107/1586 2142/2108/1587
f 2134/2100/1580 2142/2108/1587 2143/2109/1588
f 2141/2107/1586 2140/2106/1585 2144/2110/1589
f 2141/2107/1586 2144/2110/1589 2142/2108/1587
f 2142/2108/1587 2144/2110/1589 2145/2111/1590
f 2142/2108/1587 2145/2111/1590 2146/2112/1591
f 2143/2109/1588 2142/2108/1587 2146/2112/1591
f 2143/2109/1588 2146/2112/1591 2147/2113/1592
f 1404/1384/1038 2135/2101/1581 2148/2114/1593
f 1404/1384/1038 2148/2114/1593 1408/1388/1042
f 2135/2101/1581 2134/2100/1580 2143/2109/1588
f 2135/2101/1581 2143/2109/1588 2148/2114/1593
f 2148/2114/1593 2143/2109/1588 2147/2113/1592
f 2148/2114/1593 2147/2113/1592 2149/2115/1594
f 1408/1388/1042 2148/2114/1593 2149/2115/1594
f 1408/1388/1042 2149/2115/1594 1409/1389/1043
f 796/779/235 2150/2116/235 2151/2117/238
f 796/779/235 2151/2117/238 797/780/238
f 2150/2116/235 2152/2118/235 2153/2119/238
f 2150/2116/235 2153/2119/238 2151/2117/238
f 2151/2117/238 2153/2119/238 2154/2120/243
f 2151/2117/238 2154/2120/243 2155/2121/243
f 797/780/238 2151/2117/238 2155/2121/243
f 797/780/238 2155/2121/243 798/781/243
f 2152/2118/235 2156/2122/235 2157/2123/238
f 2152/2118/235 2157/2123/238 2153/2119/238
f 2156/2122/235 2158/2124/235 2159/2125/238
f 2156/2122/235 2159/2125/238 2157/2123/238
f 2157/2123/238 2159/2125/238 2160/2126/243
f 2157/2123/238 2160/2126/243 2161/2127/243
f 2153/2119/238 2157/2123/238 2161/2127/243
f 2153/2119/238 2161/2127/243 2154/2120/243
f 2154/2120/243 2161/2127/243 2162/2128/403
f 2154/2120/243 2162/2128/403 2163/2129/403
f 2161/2127/243 2160/2126/243 2164/2130/403
f 2161/2127/243 2164/2130/403 2162/2128/403
f 2162/2128/403 2164/2130/403 2165/2131/406
f 2162/2128/403 2165/2131/406 2166/2132/1582
f 2163/2129/403 2162/2128/403 2166/2132/1582
f 2163/2129/403 2166/2132/1582 2167/2133/995
f 798/781/243 2155/2121/243 2168/2134/402
f 798/781/243 2168/2134/402 802/785/257
f 2155/2121/243 2154/2120/243 2163/2129/403
f 2155/2121/243 2163/2129/403 2168/2134/402
f 2168/2134/402 2163/2129/403 2167/2133/995
f 2168/2134/402 2167/2133/995 2169/2135/1577
f 802/785/257 2168/2134/402 2169/2135/1577
f 802/785/257 2169/2135/1577 803/786/502
s 0
f 821/804/140 2170/2136/140 2172/2137/140
f 821/804/140 2172/2137/140 823/805/140
f 2170/2136/140 2173/2138/140 2175/2139/140
f 2170/2136/140 2175/2139/140 2172/2137/140
f 2171/2137/408 2174/2139/408 2178/2140/408
f 2171/2137/408 2178/2140/408 2182/2141/408
s 1
f 822/805/408 2171/2137/408 2179/2141/353
s 0
f 822/805/408 2180/2141/408 826/806/408
f 2173/2138/140 2183/2142/140 2185/2143/140
f 2173/2138/140 2185/2143/140 2175/2139/140
f 2183/2142/140 2187/2144/140 2189/2145/140
f 2183/2142/140 2189/2145/140 2185/2143/140
s 1
f 2186/2143/349 2190/2145/349 2191/2146/353
f 2184/2143/408 2192/2146/353 2194/2147/408
s 0
f 2174/2139/408 2184/2143/408 2194/2147/408
f 2174/2139/408 2194/2147/408 2176/2140/408
s 1
f 2177/2140/353 2193/2147/1181 2195/2148/362
f 2177/2140/353 2195/2148/362 2196/2149/362
f 2193/2147/1181 2191/2146/409 2197/2150/362
f 2193/2147/1181 2197/2150/362 2195/2148/362
f 2195/2148/362 2197/2150/362 2158/2124/235
f 2195/2148/362 2158/2124/235 2156/2122/235
f 2196/2149/362 2195/2148/362 2156/2122/235
f 2196/2149/362 2156/2122/235 2152/2118/235
f 825/806/409 2181/2141/353 2198/2151/362
f 825/806/409 2198/2151/362 830/810/362
f 2181/2141/353 2177/2140/353 2196/2149/362
f 2181/2141/353 2196/2149/362 2198/2151/362
f 2198/2151/362 2196/2149/362 2152/2118/235
f 2198/2151/362 2152/2118/235 2150/2116/235
f 830/810/362 2198/2151/362 2150/2116/235
f 830/810/362 2150/2116/235 796/779/235
f 844/824/411 2199/2152/121 2200/2153/415
f 844/824/411 2200/2153/415 845/825/536
f 2199/2152/121 2201/2154/121 2202/2155/536
f 2199/2152/121 2202/2155/536 2200/2153/415
f 2200/2153/415 2202/2155/536 2203/2156/129
f 2200/2153/415 2203/2156/129 2204/2157/129
f 845/825/536 2200/2153/415 2204/2157/129
f 845/825/536 2204/2157/129 846/826/414
f 2201/2154/121 2205/2158/411 2206/2159/415
f 2201/2154/121 2206/2159/415 2202/2155/536
f 2205/2158/411 2207/2160/411 2208/2161/415
f 2205/2158/411 2208/2161/415 2206/2159/415
f 2206/2159/415 2208/2161/415 2209/2162/129
f 2206/2159/415 2209/2162/129 2210/2163/129
f 2202/2155/536 2206/2159/415 2210/2163/129
f 2202/2155/536 2210/2163/129 2203/2156/129
f 2203/2156/129 2210/2163/129 2211/2164/138
f 2203/2156/129 2211/2164/138 2212/2165/138
f 2210/2163/129 2209/2162/129 2213/2166/138
f 2210/2163/129 2213/2166/138 2211/2164/138
f 2211/2164/138 2213/2166/138 2187/2144/140
f 2211/2164/138 2187/2144/140 2183/2142/140
f 2212/2165/138 2211/2164/138 2183/2142/140
f 2212/2165/138 2183/2142/140 2173/2138/140
f 846/826/414 2204/2157/129 2214/2167/138
f 846/826/414 2214/2167/138 850/830/138
f 2204/2157/129 2203/2156/129 2212/2165/138
f 2204/2157/129 2212/2165/138 2214/2167/138
f 2214/2167/138 2212/2165/138 2173/2138/140
f 2214/2167/138 2173/2138/140 2170/2136/140
f 850/830/138 2214/2167/138 2170/2136/140
f 850/830/138 2170/2136/140 821/804/140
f 872/852/76 871/851/77 2215/2168/77
f 872/852/76 2215/2168/77 2216/2169/76
f 871/851/77 868/848/80 2217/2170/80
f 871/851/77 2217/2170/80 2215/2168/77
f 2215/2168/77 2217/2170/80 2218/2171/80
f 2215/2168/77 2218/2171/80 2219/2172/77
f 2216/2169/76 2215/2168/77 2219/2172/77
f 2216/2169/76 2219/2172/77 2220/2173/76
f 868/848/80 867/847/555 2221/2174/85
f 868/848/80 2221/2174/85 2217/2170/80
f 867/847/555 866/846/87 2222/2175/87
f 867/847/555 2222/2175/87 2221/2174/85
f 2221/2174/85 2222/2175/87 2223/2176/87
f 2221/2174/85 2223/2176/87 2224/2177/1423
f 2217/2170/80 2221/2174/85 2224/2177/1423
f 2217/2170/80 2224/2177/1423 2218/2171/80
f 2218/2171/80 2224/2177/1423 2225/2178/418
f 2218/2171/80 2225/2178/418 2226/2179/80
f 2224/2177/1423 2223/2176/87 2227/2180/87
f 2224/2177/1423 2227/2180/87 2225/2178/418
f 2225/2178/418 2227/2180/87 2228/2181/87
f 2225/2178/418 2228/2181/87 2229/2182/1423
f 2226/2179/80 2225/2178/418 2229/2182/1423
f 2226/2179/80 2229/2182/1423 2230/2183/80
f 2220/2173/76 2219/2172/77 2231/2184/77
f 2220/2173/76 2231/2184/77 2232/2185/76
f 2219/2172/77 2218/2171/80 2226/2179/80
f 2219/2172/77 2226/2179/80 2231/2184/77
f 2231/2184/77 2226/2179/80 2230/2183/80
f 2231/2184/77 2230/2183/80 2233/2186/416
f 2232/2185/76 2231/2184/77 2233/2186/416
f 2232/2185/76 2233/2186/416 2234/2187/76
s 0
f 2235/2188/87 2236/2189/87 2237/2190/87
f 2235/2188/87 2237/2190/87 2238/2191/87
f 2236/2189/87 2239/2192/87 2240/2193/87
f 2236/2189/87 2240/2193/87 2237/2190/87
f 2237/2190/87 2240/2193/87 2241/2194/87
f 2237/2190/87 2241/2194/87 2242/2195/87
f 2238/2191/87 2237/2190/87 2242/2195/87
f 2238/2191/87 2242/2195/87 2243/2196/87
f 2239/2192/87 2244/2197/87 2245/2198/87
f 2239/2192/87 2245/2198/87 2240/2193/87
f 2244/2197/87 2228/2181/87 2227/2180/87
f 2244/2197/87 2227/2180/87 2245/2198/87
f 2245/2198/87 2227/2180/87 2223/2176/87
f 2245/2198/87 2223/2176/87 2246/2199/87
f 2240/2193/87 2245/2198/87 2246/2199/87
f 2240/2193/87 2246/2199/87 2241/2194/87
f 2241/2194/87 2246/2199/87 2247/2200/87
f 2241/2194/87 2247/2200/87 2248/2201/87
f 2246/2199/87 2223/2176/87 2222/2175/87
f 2246/2199/87 2222/2175/87 2247/2200/87
f 2247/2200/87 2222/2175/87 866/846/87
f 2247/2200/87 866/846/87 882/862/87
f 2248/2201/87 2247/2200/87 882/862/87
f 2248/2201/87 882/862/87 877/857/87
f 2243/2196/87 2242/2195/87 2249/2202/87
f 2243/2196/87 2249/2202/87 2250/2203/87
f 2242/2195/87 2241/2194/87 2248/2201/87
f 2242/2195/87 2248/2201/87 2249/2202/87
f 2249/2202/87 2248/2201/87 877/857/87
f 2249/2202/87 877/857/87 874/854/87
f 2250/2203/87 2249/2202/87 874/854/87
f 2250/2203/87 874/854/87 873/853/87
s 1
f 2251/2204/420 2252/2205/216 2253/2206/216
f 2251/2204/420 2253/2206/216 2254/2207/217
f 2252/2205/216 2255/2208/212 2256/2209/422
f 2252/2205/216 2256/2209/422 2253/2206/216
f 2253/2206/216 2256/2209/422 2257/2210/422
f 2253/2206/216 2257/2210/422 2258/2211/419
f 2254/2207/217 2253/2206/216 2258/2211/419
f 2254/2207/217 2258/2211/419 2259/2212/420
f 2255/2208/212 2260/2213/423 2261/2214/425
f 2255/2208/212 2261/2214/425 2256/2209/422
f 2260/2213/423 2235/2188/87 2238/2191/87
f 2260/2213/423 2238/2191/87 2261/2214/425
f 2261/2214/425 2238/2191/87 2243/2196/87
f 2261/2214/425 2243/2196/87 2262/2215/1424
f 2256/2209/422 2261/2214/425 2262/2215/1424
f 2256/2209/422 2262/2215/1424 2257/2210/422
f 2257/2210/422 2262/2215/1424 2263/2216/1424
f 2257/2210/422 2263/2216/1424 2264/2217/422
f 2262/2215/1424 2243/2196/87 2250/2203/87
f 2262/2215/1424 2250/2203/87 2263/2216/1424
f 2263/2216/1424 2250/2203/87 873/853/87
f 2263/2216/1424 873/853/87 898/878/425
f 2264/2217/422 2263/2216/1424 898/878/425
f 2264/2217/422 898/878/425 893/873/421
f 2259/2212/420 2258/2211/419 2265/2218/419
f 2259/2212/420 2265/2218/419 2266/2219/420
f 2258/2211/419 2257/2210/422 2264/2217/422
f 2258/2211/419 2264/2217/422 2265/2218/419
f 2265/2218/419 2264/2217/422 893/873/421
f 2265/2218/419 893/873/421 890/870/216
f 2266/2219/420 2265/2218/419 890/870/216
f 2266/2219/420 890/870/216 889/869/217
f 2267/2220/114 2268/2221/113 2269/2222/113
f 2267/2220/114 2269/2222/113 2270/2223/114
f 2268/2221/113 2271/2224/109 2272/2225/109
f 2268/2221/113 2272/2225/109 2269/2222/113
f 2269/2222/113 2272/2225/109 2273/2226/109
f 2269/2222/113 2273/2226/109 2274/2227/113
f 2270/2223/114 2269/2222/113 2274/2227/113
f 2270/2223/114 2274/2227/113 2275/2228/114
f 2271/2224/109 2276/2229/108 2277/2230/426
f 2271/2224/109 2277/2230/426 2272/2225/109
f 2276/2229/108 2278/2231/107 2279/2232/107
f 2276/2229/108 2279/2232/107 2277/2230/426
f 2277/2230/426 2279/2232/107 2280/2233/107
f 2277/2230/426 2280/2233/107 2281/2234/108
f 2272/2225/109 2277/2230/426 2281/2234/108
f 2272/2225/109 2281/2234/108 2273/2226/109
f 2273/2226/109 2281/2234/108 2282/2235/108
f 2273/2226/109 2282/2235/108 2283/2236/109
f 2281/2234/108 2280/2233/107 2284/2237/107
f 2281/2234/108 2284/2237/107 2282/2235/108
f 2282/2235/108 2284/2237/107 916/896/107
f 2282/2235/108 916/896/107 914/894/426
f 2283/2236/109 2282/2235/108 914/894/426
f 2283/2236/109 914/894/426 909/889/109
f 2275/2228/114 2274/2227/113 2285/2238/113
f 2275/2228/114 2285/2238/113 2286/2239/114
f 2274/2227/113 2273/2226/109 2283/2236/109
f 2274/2227/113 2283/2236/109 2285/2238/113
f 2285/2238/113 2283/2236/109 909/889/109
f 2285/2238/113 909/889/109 906/886/113
f 2286/2239/114 2285/2238/113 906/886/113
f 2286/2239/114 906/886/113 905/885/114
f 2287/2240/306 2288/2241/391 2289/2242/391
f 2287/2240/306 2289/2242/391 2290/2243/306
f 2288/2241/391 2291/2244/387 2292/2245/387
f 2288/2241/391 2292/2245/387 2289/2242/391
f 2289/2242/391 2292/2245/387 2293/2246/387
f 2289/2242/391 2293/2246/387 2294/2247/391
f 2290/2243/306 2289/2242/391 2294/2247/391
f 2290/2243/306 2294/2247/391 2295/2248/306
f 2291/2244/387 2296/2249/386 2297/2250/386
f 2291/2244/387 2297/2250/386 2292/2245/387
f 2296/2249/386 2267/2220/114 2270/2223/114
f 2296/2249/386 2270/2223/114 2297/2250/386
f 2297/2250/386 2270/2223/114 2275/2228/114
f 2297/2250/386 2275/2228/114 2298/2251/386
f 2292/2245/387 2297/2250/386 2298/2251/386
f 2292/2245/387 2298/2251/386 2293/2246/387
f 2293/2246/387 2298/2251/386 2299/2252/386
f 2293/2246/387 2299/2252/386 2300/2253/387
f 2298/2251/386 2275/2228/114 2286/2239/114
f 2298/2251/386 2286/2239/114 2299/2252/386
f 2299/2252/386 2286/2239/114 905/885/114
f 2299/2252/386 905/885/114 939/919/386
f 2300/2253/387 2299/2252/386 939/919/386
f 2300/2253/387 939/919/386 934/914/387
f 2295/2248/306 2294/2247/391 2301/2254/391
f 2295/2248/306 2301/2254/391 2302/2255/306
f 2294/2247/391 2293/2246/387 2300/2253/387
f 2294/2247/391 2300/2253/387 2301/2254/391
f 2301/2254/391 2300/2253/387 934/914/387
f 2301/2254/391 934/914/387 931/911/391
f 2302/2255/306 2301/2254/391 931/911/391
f 2302/2255/306 931/911/391 930/910/306
f 2303/2256/434 2304/2257/430 2305/2258/430
f 2303/2256/434 2305/2258/430 2306/2259/1433
f 2304/2257/430 2307/2260/429 2308/2261/429
f 2304/2257/430 2308/2261/429 2305/2258/430
f 2305/2258/430 2308/2261/429 2309/2262/429
f 2305/2258/430 2309/2262/429 2310/2263/430
f 2306/2259/1433 2305/2258/430 2310/2263/430
f 2306/2259/1433 2310/2263/430 2311/2264/1166
f 2307/2260/429 2312/2265/433 2313/2266/433
f 2307/2260/429 2313/2266/433 2308/2261/429
f 2312/2265/433 2287/2240/306 2290/2243/306
f 2312/2265/433 2290/2243/306 2313/2266/433
f 2313/2266/433 2290/2243/306 2295/2248/306
f 2313/2266/433 2295/2248/306 2314/2267/307
f 2308/2261/429 2313/2266/433 2314/2267/307
f 2308/2261/429 2314/2267/307 2309/2262/429
f 2309/2262/429 2314/2267/307 2315/2268/432
f 2309/2262/429 2315/2268/432 2316/2269/429
f 2314/2267/307 2295/2248/306 2302/2255/306
f 2314/2267/307 2302/2255/306 2315/2268/432
f 2315/2268/432 2302/2255/306 930/910/306
f 2315/2268/432 930/910/306 959/939/307
f 2316/2269/429 2315/2268/432 959/939/307
f 2316/2269/429 959/939/307 954/934/429
f 2311/2264/1166 2310/2263/430 2317/2270/427
f 2311/2264/1166 2317/2270/427 2318/2271/1595
f 2310/2263/430 2309/2262/429 2316/2269/429
f 2310/2263/430 2316/2269/429 2317/2270/427
f 2317/2270/427 2316/2269/429 954/934/429
f 2317/2270/427 954/934/429 951/931/427
f 2318/2271/1595 2317/2270/427 951/931/427
f 2318/2271/1595 951/931/427 950/930/605
f 2319/2272/1180 2320/2273/1596 2321/2274/1597
f 2319/2272/1180 2321/2274/1597 2322/2275/1598
f 2320/2273/1596 2323/2276/1599 2324/2277/1600
f 2320/2273/1596 2324/2277/1600 2321/2274/1597
f 2321/2274/1597 2324/2277/1600 2325/2278/1601
f 2321/2274/1597 2325/2278/1601 2326/2279/1602
f 2322/2275/1598 2321/2274/1597 2326/2279/1602
f 2322/2275/1598 2326/2279/1602 2327/2280/1603
f 2323/2276/1599 2328/2281/1604 2329/2282/1385
f 2323/2276/1599 2329/2282/1385 2324/2277/1600
f 2328/2281/1604 2330/2283/435 2331/2284/434
f 2328/2281/1604 2331/2284/434 2329/2282/1385
f 2329/2282/1385 2331/2284/434 2332/2285/1166
f 2329/2282/1385 2332/2285/1166 2333/2286/1605
f 2324/2277/1600 2329/2282/1385 2333/2286/1605
f 2324/2277/1600 2333/2286/1605 2325/2278/1601
f 2325/2278/1601 2333/2286/1605 2334/2287/1606
f 2325/2278/1601 2334/2287/1606 2335/2288/1607
f 2333/2286/1605 2332/2285/1166 2336/2289/1595
f 2333/2286/1605 2336/2289/1595 2334/2287/1606
f 2334/2287/1606 2336/2289/1595 1461/1441/605
f 2334/2287/1606 1461/1441/605 1464/1444/1096
f 2335/2288/1607 2334/2287/1606 1464/1444/1096
f 2335/2288/1607 1464/1444/1096 1469/1449/1101
f 2327/2280/1603 2326/2279/1602 2337/2290/1608
f 2327/2280/1603 2337/2290/1608 2338/2291/140
f 2326/2279/1602 2325/2278/1601 2335/2288/1607
f 2326/2279/1602 2335/2288/1607 2337/2290/1608
f 2337/2290/1608 2335/2288/1607 1469/1449/1101
f 2337/2290/1608 1469/1449/1101 1483/1463/1115
f 2338/2291/140 2337/2290/1608 1483/1463/1115
f 2338/2291/140 1483/1463/1115 1485/1465/1117
f 2339/2292/1609 2340/2293/1610 2341/2294/1611
f 2339/2292/1609 2341/2294/1611 2342/2295/1612
f 2340/2293/1610 2343/2296/1613 2344/2297/1614
f 2340/2293/1610 2344/2297/1614 2341/2294/1611
f 2341/2294/1611 2344/2297/1614 2345/2298/1615
f 2341/2294/1611 2345/2298/1615 2346/2299/1616
f 2342/2295/1612 2341/2294/1611 2346/2299/1616
f 2342/2295/1612 2346/2299/1616 2347/2300/1617
f 2343/2296/1613 2348/2301/1618 2349/2302/1619
f 2343/2296/1613 2349/2302/1619 2344/2297/1614
f 2350/2303/1620 2351/2304/1621 2352/2305/1622
f 2350/2303/1620 2352/2305/1622 2353/2306/1623
f 2353/2306/1623 2352/2305/1622 2354/2307/1624
f 2353/2306/1623 2354/2307/1624 2355/2308/1625
f 2344/2297/1614 2349/2302/1619 2356/2309/1626
f 2344/2297/1614 2356/2309/1626 2345/2298/1615
f 2345/2298/1615 2356/2309/1626 2357/2310/1627
f 2345/2298/1615 2357/2310/1627 2358/2311/1628
f 2355/2308/1625 2354/2307/1624 2359/2312/1629
f 2355/2308/1625 2359/2312/1629 2360/2313/1630
f 2360/2313/1630 2359/2312/1629 1170/1150/820
f 2360/2313/1630 1170/1150/820 1169/1149/819
f 2358/2311/1628 2357/2310/1627 1167/1147/817
f 2358/2311/1628 1167/1147/817 1162/1142/812
f 2347/2300/1617 2346/2299/1616 2361/2314/1631
f 2347/2300/1617 2361/2314/1631 2362/2315/1632
f 2346/2299/1616 2345/2298/1615 2358/2311/1628
f 2346/2299/1616 2358/2311/1628 2361/2314/1631
f 2361/2314/1631 2358/2311/1628 1162/1142/812
f 2361/2314/1631 1162/1142/812 1159/1139/809
f 2362/2315/1632 2361/2314/1631 1159/1139/809
f 2362/2315/1632 1159/1139/809 1158/1138/808
f 1574/1554/1204 1620/1600/1248 2363/2316/1633
f 1574/1554/1204 2363/2316/1633 2364/2317/1634
f 1620/1600/1248 1618/1598/1246 2365/2318/1635
f 1620/1600/1248 2365/2318/1635 2363/2316/1633
f 2363/2316/1633 2365/2318/1635 2366/2319/1636
f 2363/2316/1633 2366/2319/1636 2367/2320/1637
f 2364/2317/1634 2363/2316/1633 2367/2320/1637
f 2364/2317/1634 2367/2320/1637 2368/2321/1638
f 1618/1598/1246 1617/1597/1245 2369/2322/1639
f 1618/1598/1246 2369/2322/1639 2365/2318/1635
f 1617/1597/1245 1616/1596/1244 2370/2323/1640
f 1617/1597/1245 2370/2323/1640 2369/2322/1639
f 2369/2322/1639 2370/2323/1640 2371/2324/1641
f 2369/2322/1639 2371/2324/1641 2372/2325/1642
f 2365/2318/1635 2369/2322/1639 2372/2325/1642
f 2365/2318/1635 2372/2325/1642 2366/2319/1636
f 2366/2319/1636 2372/2325/1642 2373/2326/1643
f 2366/2319/1636 2373/2326/1643 2374/2327/1644
f 2372/2325/1642 2371/2324/1641 2375/2328/1645
f 2372/2325/1642 2375/2328/1645 2373/2326/1643
f 2373/2326/1643 2375/2328/1645 1241/1221/885
f 2373/2326/1643 1241/1221/885 1240/1220/884
f 2374/2327/1644 2373/2326/1643 1240/1220/884
f 2374/2327/1644 1240/1220/884 1237/1217/881
f 2368/2321/1638 2367/2320/1637 2376/2329/1646
f 2368/2321/1638 2376/2329/1646 2377/2330/1647
f 2367/2320/1637 2366/2319/1636 2374/2327/1644
f 2367/2320/1637 2374/2327/1644 2376/2329/1646
f 2376/2329/1646 2374/2327/1644 1237/1217/881
f 2376/2329/1646 1237/1217/881 1236/1216/880
f 2377/2330/1647 2376/2329/1646 1236/1216/880
f 2377/2330/1647 1236/1216/880 1188/1168/838
f 1580/1560/1210 1579/1559/1209 2378/2331/1648
f 1580/1560/1210 2378/2331/1648 2379/2332/1649
f 1579/1559/1209 1576/1556/1206 2380/2333/1650
f 1579/1559/1209 2380/2333/1650 2378/2331/1648
f 2378/2331/1648 2380/2333/1650 2381/2334/1651
f 2378/2331/1648 2381/2334/1651 2382/2335/1652
f 2379/2332/1649 2378/2331/1648 2382/2335/1652
f 2379/2332/1649 2382/2335/1652 2383/2336/1653
f 1576/1556/1206 1575/1555/1205 2384/2337/1654
f 1576/1556/1206 2384/2337/1654 2380/2333/1650
f 1575/1555/1205 1574/1554/1204 2364/2317/1634
f 1575/1555/1205 2364/2317/1634 2384/2337/1654
f 2384/2337/1654 2364/2317/1634 2368/2321/1638
f 2384/2337/1654 2368/2321/1638 2385/2338/1655
f 2380/2333/1650 2384/2337/1654 2385/2338/1655
f 2380/2333/1650 2385/2338/1655 2381/2334/1651
f 2381/2334/1651 2385/2338/1655 2386/2339/1656
f 2381/2334/1651 2386/2339/1656 2387/2340/1657
f 2385/2338/1655 2368/2321/1638 2377/2330/1647
f 2385/2338/1655 2377/2330/1647 2386/2339/1656
f 2386/2339/1656 2377/2330/1647 1188/1168/838
f 2386/2339/1656 1188/1168/838 1191/1171/841
f 2387/2340/1657 2386/2339/1656 1191/1171/841
f 2387/2340/1657 1191/1171/841 1196/1176/846
f 2383/2336/1653 2382/2335/1652 2388/2341/1658
f 2383/2336/1653 2388/2341/1658 2389/2342/1659
f 2382/2335/1652 2381/2334/1651 2387/2340/1657
f 2382/2335/1652 2387/2340/1657 2388/2341/1658
f 2388/2341/1658 2387/2340/1657 1196/1176/846
f 2388/2341/1658 1196/1176/846 1215/1195/861
f 2389/2342/1659 2388/2341/1658 1215/1195/861
f 2389/2342/1659 1215/1195/861 1217/1197/863
f 1665/1645/1292 1664/1644/1291 2390/2343/1660
f 1665/1645/1292 2390/2343/1660 2391/2344/1661
f 1664/1644/1291 1661/1641/1288 2392/2345/1662
f 1664/1644/1291 2392/2345/1662 2390/2343/1660
f 2390/2343/1660 2392/2345/1662 2393/2346/1663
f 2390/2343/1660 2393/2346/1663 2394/2347/1664
f 2391/2344/1661 2390/2343/1660 2394/2347/1664
f 2391/2344/1661 2394/2347/1664 2395/2348/1665
f 1661/1641/1288 1660/1640/1287 2396/2349/1666
f 1661/1641/1288 2396/2349/1666 2392/2345/1662
f 1660/1640/1287 1659/1639/1286 2397/2350/1667
f 1660/1640/1287 2397/2350/1667 2396/2349/1666
f 2396/2349/1666 2397/2350/1667 2398/2351/1668
f 2396/2349/1666 2398/2351/1668 2399/2352/1669
f 2392/2345/1662 2396/2349/1666 2399/2352/1669
f 2392/2345/1662 2399/2352/1669 2393/2346/1663
f 2393/2346/1663 2399/2352/1669 2400/2353/1670
f 2393/2346/1663 2400/2353/1670 2401/2354/1671
f 2399/2352/1669 2398/2351/1668 2402/2355/1672
f 2399/2352/1669 2402/2355/1672 2400/2353/1670
f 2400/2353/1670 2402/2355/1672 2403/2356/1673
f 2400/2353/1670 2403/2356/1673 2404/2357/1674
f 2401/2354/1671 2400/2353/1670 2404/2357/1674
f 2401/2354/1671 2404/2357/1674 2405/2358/1675
f 2395/2348/1665 2394/2347/1664 2406/2359/1676
f 2395/2348/1665 2406/2359/1676 2407/2360/1677
f 2394/2347/1664 2393/2346/1663 2401/2354/1671
f 2394/2347/1664 2401/2354/1671 2406/2359/1676
f 2406/2359/1676 2401/2354/1671 2405/2358/1675
f 2406/2359/1676 2405/2358/1675 2408/2361/1678
f 2407/2360/1677 2406/2359/1676 2408/2361/1678
f 2407/2360/1677 2408/2361/1678 2409/2362/1679
f 1526/1506/1158 2033/1999/1483 2410/2363/1680
f 1526/1506/1158 2410/2363/1680 2411/2364/1681
f 2033/1999/1483 2031/1997/1481 2412/2365/1682
f 2033/1999/1483 2412/2365/1682 2410/2363/1680
f 2410/2363/1680 2412/2365/1682 2413/2366/1683
f 2410/2363/1680 2413/2366/1683 2414/2367/1684
f 2411/2364/1681 2410/2363/1680 2414/2367/1684
f 2411/2364/1681 2414/2367/1684 2415/2368/1685
f 2031/1997/1481 2030/1996/1480 2416/2369/1686
f 2031/1997/1481 2416/2369/1686 2412/2365/1682
f 2030/1996/1480 2029/1995/1479 2417/2370/1687
f 2030/1996/1480 2417/2370/1687 2416/2369/1686
f 2416/2369/1686 2417/2370/1687 2418/2371/1688
f 2416/2369/1686 2418/2371/1688 2419/2372/1689
f 2412/2365/1682 2416/2369/1686 2419/2372/1689
f 2412/2365/1682 2419/2372/1689 2413/2366/1683
f 2413/2366/1683 2419/2372/1689 2420/2373/1690
f 2413/2366/1683 2420/2373/1690 2421/2374/1691
f 2419/2372/1689 2418/2371/1688 2422/2375/1692
f 2419/2372/1689 2422/2375/1692 2420/2373/1690
f 2420/2373/1690 2422/2375/1692 2339/2292/1609
f 2420/2373/1690 2339/2292/1609 2342/2295/1612
f 2421/2374/1691 2420/2373/1690 2342/2295/1612
f 2421/2374/1691 2342/2295/1612 2347/2300/1617
f 2415/2368/1685 2414/2367/1684 2423/2376/1693
f 2415/2368/1685 2423/2376/1693 2424/2377/1694
f 2414/2367/1684 2413/2366/1683 2421/2374/1691
f 2414/2367/1684 2421/2374/1691 2423/2376/1693
f 2423/2376/1693 2421/2374/1691 2347/2300/1617
f 2423/2376/1693 2347/2300/1617 2362/2315/1632
f 2424/2377/1694 2423/2376/1693 2362/2315/1632
f 2424/2377/1694 2362/2315/1632 1158/1138/808
f 1504/1484/1136 1530/1510/1162 2425/2378/1695
f 1504/1484/1136 2425/2378/1695 2426/2379/1696
f 1530/1510/1162 1528/1508/1160 2427/2380/1697
f 1530/1510/1162 2427/2380/1697 2425/2378/1695
f 2425/2378/1695 2427/2380/1697 2428/2381/1698
f 2425/2378/1695 2428/2381/1698 2429/2382/1699
f 2426/2379/1696 2425/2378/1695 2429/2382/1699
f 2426/2379/1696 2429/2382/1699 2430/2383/1700
f 1528/1508/1160 1527/1507/1159 2431/2384/1701
f 1528/1508/1160 2431/2384/1701 2427/2380/1697
f 1527/1507/1159 1526/1506/1158 2411/2364/1681
f 1527/1507/1159 2411/2364/1681 2431/2384/1701
f 2431/2384/1701 2411/2364/1681 2415/2368/1685
f 2431/2384/1701 2415/2368/1685 2432/2385/1702
f 2427/2380/1697 2431/2384/1701 2432/2385/1702
f 2427/2380/1697 2432/2385/1702 2428/2381/1698
f 2428/2381/1698 2432/2385/1702 2433/2386/1703
f 2428/2381/1698 2433/2386/1703 2434/2387/1704
f 2432/2385/1702 2415/2368/1685 2424/2377/1694
f 2432/2385/1702 2424/2377/1694 2433/2386/1703
f 2433/2386/1703 2424/2377/1694 1158/1138/808
f 2433/2386/1703 1158/1138/808 1161/1141/811
f 2434/2387/1704 2433/2386/1703 1161/1141/811
f 2434/2387/1704 1161/1141/811 1166/1146/816
f 2430/2383/1700 2429/2382/1699 2435/2388/1705
f 2430/2383/1700 2435/2388/1705 2436/2389/1706
f 2429/2382/1699 2428/2381/1698 2434/2387/1704
f 2429/2382/1699 2434/2387/1704 2435/2388/1705
f 2435/2388/1705 2434/2387/1704 1166/1146/816
f 2435/2388/1705 1166/1146/816 1185/1165/835
f 2436/2389/1706 2435/2388/1705 1185/1165/835
f 2436/2389/1706 1185/1165/835 1187/1167/837
f 1479/1459/1111 1510/1490/1142 2437/2390/1707
f 1479/1459/1111 2437/2390/1707 2438/2391/1708
f 1509/1489/1141 1506/1486/1138 2439/2392/1709
f 1509/1489/1141 2439/2392/1709 2440/2393/1710
f 2440/2393/1710 2439/2392/1709 2441/2394/1711
f 2440/2393/1710 2441/2394/1711 2442/2395/1712
f 2438/2391/1708 2437/2390/1707 2443/2396/1713
f 2438/2391/1708 2443/2396/1713 2444/2397/1714
f 1506/1486/1138 1505/1485/1137 2445/2398/1715
f 1506/1486/1138 2445/2398/1715 2439/2392/1709
f 1505/1485/1137 1504/1484/1136 2426/2379/1696
f 1505/1485/1137 2426/2379/1696 2445/2398/1715
f 2445/2398/1715 2426/2379/1696 2430/2383/1700
f 2445/2398/1715 2430/2383/1700 2446/2399/1716
f 2439/2392/1709 2445/2398/1715 2446/2399/1716
f 2439/2392/1709 2446/2399/1716 2441/2394/1711
f 2441/2394/1711 2446/2399/1716 2447/2400/1717
f 2441/2394/1711 2447/2400/1717 2448/2401/1718
f 2446/2399/1716 2430/2383/1700 2436/2389/1706
f 2446/2399/1716 2436/2389/1706 2447/2400/1717
f 2447/2400/1717 2436/2389/1706 1187/1167/837
f 2447/2400/1717 1187/1167/837 1186/1166/836
f 2448/2401/1718 2447/2400/1717 1186/1166/836
f 2448/2401/1718 1186/1166/836 1183/1163/833
f 2444/2397/1714 2443/2396/1713 2449/2402/1719
f 2444/2397/1714 2449/2402/1719 2450/2403/1720
f 2442/2395/1712 2441/2394/1711 2448/2401/1718
f 2442/2395/1712 2448/2401/1718 2451/2404/1721
f 2451/2404/1721 2448/2401/1718 1183/1163/833
f 2451/2404/1721 1183/1163/833 1182/1162/832
f 2450/2403/1720 2449/2402/1719 1181/1161/831
f 2450/2403/1720 1181/1161/831 1180/1160/830
f 1485/1465/1117 1484/1464/1116 2452/2405/1722
f 1485/1465/1117 2452/2405/1722 2453/2406/1723
f 1484/1464/1116 1481/1461/1113 2454/2407/1724
f 1484/1464/1116 2454/2407/1724 2452/2405/1722
f 2452/2405/1722 2454/2407/1724 2455/2408/1725
f 2452/2405/1722 2455/2408/1725 2456/2409/1726
f 2453/2406/1723 2452/2405/1722 2456/2409/1726
f 2453/2406/1723 2456/2409/1726 2457/2410/1727
f 1481/1461/1113 1480/1460/1112 2458/2411/1728
f 1481/1461/1113 2458/2411/1728 2454/2407/1724
f 1480/1460/1112 1479/1459/1111 2438/2391/1708
f 1480/1460/1112 2438/2391/1708 2458/2411/1728
f 2458/2411/1728 2438/2391/1708 2444/2397/1714
f 2458/2411/1728 2444/2397/1714 2459/2412/1729
f 2454/2407/1724 2458/2411/1728 2459/2412/1729
f 2454/2407/1724 2459/2412/1729 2455/2408/1725
f 2455/2408/1725 2459/2412/1729 2460/2413/1730
f 2455/2408/1725 2460/2413/1730 2461/2414/1731
f 2459/2412/1729 2444/2397/1714 2450/2403/1720
f 2459/2412/1729 2450/2403/1720 2460/2413/1730
f 2460/2413/1730 2450/2403/1720 1180/1160/830
f 2460/2413/1730 1180/1160/830 1178/1158/828
f 2461/2414/1731 2460/2413/1730 1178/1158/828
f 2461/2414/1731 1178/1158/828 1173/1153/823
f 2457/2410/1727 2456/2409/1726 2462/2415/1732
f 2457/2410/1727 2462/2415/1732 2463/2416/1733
f 2456/2409/1726 2455/2408/1725 2461/2414/1731
f 2456/2409/1726 2461/2414/1731 2462/2415/1732
f 2462/2415/1732 2461/2414/1731 1173/1153/823
f 2462/2415/1732 1173/1153/823 1171/1151/821
f 2463/2416/1733 2462/2415/1732 1171/1151/821
f 2463/2416/1733 1171/1151/821 1170/1150/820
f 2351/2304/1621 2464/2417/1734 2465/2418/1735
f 2351/2304/1621 2465/2418/1735 2352/2305/1622
f 2464/2417/1734 2466/2419/1736 2467/2420/1737
f 2464/2417/1734 2467/2420/1737 2465/2418/1735
f 2465/2418/1735 2467/2420/1737 2468/2421/1738
f 2465/2418/1735 2468/2421/1738 2469/2422/1739
f 2352/2305/1622 2465/2418/1735 2469/2422/1739
f 2352/2305/1622 2469/2422/1739 2354/2307/1624
f 2466/2419/1736 2470/2423/1740 2471/2424/1740
f 2466/2419/1736 2471/2424/1740 2467/2420/1737
f 2470/2423/1740 2319/2272/1180 2322/2275/1598
f 2470/2423/1740 2322/2275/1598 2471/2424/1740
f 2471/2424/1740 2322/2275/1598 2327/2280/1603
f 2471/2424/1740 2327/2280/1603 2472/2425/1741
f 2467/2420/1737 2471/2424/1740 2472/2425/1741
f 2467/2420/1737 2472/2425/1741 2468/2421/1738
f 2468/2421/1738 2472/2425/1741 2473/2426/1740
f 2468/2421/1738 2473/2426/1740 2474/2427/1742
f 2472/2425/1741 2327/2280/1603 2338/2291/140
f 2472/2425/1741 2338/2291/140 2473/2426/1740
f 2473/2426/1740 2338/2291/140 1485/1465/1117
f 2473/2426/1740 1485/1465/1117 2453/2406/1723
f 2474/2427/1742 2473/2426/1740 2453/2406/1723
f 2474/2427/1742 2453/2406/1723 2457/2410/1727
f 2354/2307/1624 2469/2422/1739 2475/2428/1743
f 2354/2307/1624 2475/2428/1743 2359/2312/1629
f 2469/2422/1739 2468/2421/1738 2474/2427/1742
f 2469/2422/1739 2474/2427/1742 2475/2428/1743
f 2475/2428/1743 2474/2427/1742 2457/2410/1727
f 2475/2428/1743 2457/2410/1727 2463/2416/1733
f 2359/2312/1629 2475/2428/1743 2463/2416/1733
f 2359/2312/1629 2463/2416/1733 1170/1150/820
f 1210/1190/857 2476/2429/1744 2477/2430/1745
f 1210/1190/857 2477/2430/1745 1997/1963/1447
f 2476/2429/1744 2478/2431/1746 2479/2432/1747
f 2476/2429/1744 2479/2432/1747 2477/2430/1745
f 2477/2430/1745 2479/2432/1747 2480/2433/1748
f 2477/2430/1745 2480/2433/1748 2481/2434/1749
f 1997/1963/1447 2477/2430/1745 2481/2434/1749
f 1997/1963/1447 2481/2434/1749 1999/1965/1449
f 2478/2431/1746 2482/2435/1750 2483/2436/1751
f 2478/2431/1746 2483/2436/1751 2479/2432/1747
f 2482/2435/1750 1549/1529/1179 1971/1937/1427
f 2482/2435/1750 1971/1937/1427 2483/2436/1751
f 2483/2436/1751 1971/1937/1427 1975/1941/1431
f 2483/2436/1751 1975/1941/1431 2484/2437/1752
f 2479/2432/1747 2483/2436/1751 2484/2437/1752
f 2479/2432/1747 2484/2437/1752 2480/2433/1748
f 2480/2433/1748 2484/2437/1752 2485/2438/1753
f 2480/2433/1748 2485/2438/1753 2486/2439/1754
f 2484/2437/1752 1975/1941/1431 1987/1953/1179
f 2484/2437/1752 1987/1953/1179 2485/2438/1753
f 2485/2438/1753 1987/1953/1179 1989/1955/1439
f 2485/2438/1753 1989/1955/1439 2487/2440/1755
f 2486/2439/1754 2485/2438/1753 2487/2440/1755
f 2486/2439/1754 2487/2440/1755 2488/2441/1756
f 1999/1965/1449 2481/2434/1749 2489/2442/1757
f 1999/1965/1449 2489/2442/1757 2004/1970/1454
f 2481/2434/1749 2480/2433/1748 2486/2439/1754
f 2481/2434/1749 2486/2439/1754 2489/2442/1757
f 2489/2442/1757 2486/2439/1754 2488/2441/1756
f 2489/2442/1757 2488/2441/1756 2490/2443/1758
f 2004/1970/1454 2489/2442/1757 2490/2443/1758
f 2004/1970/1454 2490/2443/1758 2006/1972/1456
f 1555/1535/1185 1554/1534/1184 2491/2444/1759
f 1555/1535/1185 2491/2444/1759 2492/2445/1760
f 1554/1534/1184 1551/1531/1181 2493/2446/1761
f 1554/1534/1184 2493/2446/1761 2491/2444/1759
f 2491/2444/1759 2493/2446/1761 2494/2447/1762
f 2491/2444/1759 2494/2447/1762 2495/2448/1763
f 2492/2445/1760 2491/2444/1759 2495/2448/1763
f 2492/2445/1760 2495/2448/1763 2496/2449/1764
f 1551/1531/1181 1550/1530/1180 2497/2450/1765
f 1551/1531/1181 2497/2450/1765 2493/2446/1761
f 1550/1530/1180 1549/1529/1179 2482/2435/1750
f 1550/1530/1180 2482/2435/1750 2497/2450/1765
f 2497/2450/1765 2482/2435/1750 2478/2431/1746
f 2497/2450/1765 2478/2431/1746 2498/2451/1766
f 2493/2446/1761 2497/2450/1765 2498/2451/1766
f 2493/2446/1761 2498/2451/1766 2494/2447/1762
f 2494/2447/1762 2498/2451/1766 2499/2452/1767
f 2494/2447/1762 2499/2452/1767 2500/2453/1768
f 2498/2451/1766 2478/2431/1746 2476/2429/1744
f 2498/2451/1766 2476/2429/1744 2499/2452/1767
f 2499/2452/1767 2476/2429/1744 1210/1190/857
f 2499/2452/1767 1210/1190/857 1208/1188/855
f 2500/2453/1768 2499/2452/1767 1208/1188/855
f 2500/2453/1768 1208/1188/855 1203/1183/851
f 2496/2449/1764 2495/2448/1763 2501/2454/1769
f 2496/2449/1764 2501/2454/1769 2502/2455/1770
f 2495/2448/1763 2494/2447/1762 2500/2453/1768
f 2495/2448/1763 2500/2453/1768 2501/2454/1769
f 2501/2454/1769 2500/2453/1768 1203/1183/851
f 2501/2454/1769 1203/1183/851 1201/1181/850
f 2502/2455/1770 2501/2454/1769 1201/1181/850
f 2502/2455/1770 1201/1181/850 1200/1180/849
f 1600/1580/1229 1599/1579/1228 2503/2456/1771
f 1600/1580/1229 2503/2456/1771 2504/2457/1772
f 1599/1579/1228 1596/1576/1225 2505/2458/1773
f 1599/1579/1228 2505/2458/1773 2503/2456/1771
f 2503/2456/1771 2505/2458/1773 2506/2459/1774
f 2503/2456/1771 2506/2459/1774 2507/2460/1775
f 2504/2457/1772 2503/2456/1771 2507/2460/1775
f 2504/2457/1772 2507/2460/1775 2508/2461/1776
f 1596/1576/1225 1595/1575/1224 2509/2462/1777
f 1596/1576/1225 2509/2462/1777 2505/2458/1773
f 1595/1575/1224 1555/1535/1185 2492/2445/1760
f 1595/1575/1224 2492/2445/1760 2509/2462/1777
f 2509/2462/1777 2492/2445/1760 2496/2449/1764
f 2509/2462/1777 2496/2449/1764 2510/2463/1778
f 2505/2458/1773 2509/2462/1777 2510/2463/1778
f 2505/2458/1773 2510/2463/1778 2506/2459/1774
f 2506/2459/1774 2510/2463/1778 2511/2464/1779
f 2506/2459/1774 2511/2464/1779 2512/2465/1780
f 2510/2463/1778 2496/2449/1764 2502/2455/1770
f 2510/2463/1778 2502/2455/1770 2511/2464/1779
f 2511/2464/1779 2502/2455/1770 1200/1180/849
f 2511/2464/1779 1200/1180/849 1230/1210/875
f 2512/2465/1780 2511/2464/1779 1230/1210/875
f 2512/2465/1780 1230/1210/875 1222/1202/868
f 2508/2461/1776 2507/2460/1775 2513/2466/1781
f 2508/2461/1776 2513/2466/1781 2514/2467/1782
f 2507/2460/1775 2506/2459/1774 2512/2465/1780
f 2507/2460/1775 2512/2465/1780 2513/2466/1781
f 2513/2466/1781 2512/2465/1780 1222/1202/868
f 2513/2466/1781 1222/1202/868 1219/1199/865
f 2514/2467/1782 2513/2466/1781 1219/1199/865
f 2514/2467/1782 1219/1199/865 1218/1198/864
f 1616/1596/1244 1640/1620/1267 2515/2468/1783
f 1616/1596/1244 2515/2468/1783 2370/2323/1640
f 1640/1620/1267 1638/1618/1265 2516/2469/1784
f 1640/1620/1267 2516/2469/1784 2515/2468/1783
f 2515/2468/1783 2516/2469/1784 2517/2470/1785
f 2515/2468/1783 2517/2470/1785 2518/2471/1786
f 2370/2323/1640 2515/2468/1783 2518/2471/1786
f 2370/2323/1640 2518/2471/1786 2371/2324/1641
f 1638/1618/1265 1637/1617/1264 2519/2472/1787
f 1638/1618/1265 2519/2472/1787 2516/2469/1784
f 1636/1616/1263 1600/1580/1229 2504/2457/1772
f 1636/1616/1263 2504/2457/1772 2520/2473/1788
f 2520/2473/1788 2504/2457/1772 2508/2461/1776
f 2520/2473/1788 2508/2461/1776 2521/2474/1789
f 2516/2469/1784 2519/2472/1787 2522/2475/1790
f 2516/2469/1784 2522/2475/1790 2517/2470/1785
f 2517/2470/1785 2522/2475/1790 2523/2476/1791
f 2517/2470/1785 2523/2476/1791 2524/2477/1792
f 2521/2474/1789 2508/2461/1776 2514/2467/1782
f 2521/2474/1789 2514/2467/1782 2525/2478/1791
f 2525/2478/1791 2514/2467/1782 1218/1198/864
f 2525/2478/1791 1218/1198/864 1221/1201/867
f 2524/2477/1792 2523/2476/1791 1228/1208/867
f 2524/2477/1792 1228/1208/867 1229/1209/874
f 2371/2324/1641 2518/2471/1786 2526/2479/1793
f 2371/2324/1641 2526/2479/1793 2375/2328/1645
f 2518/2471/1786 2517/2470/1785 2524/2477/1792
f 2518/2471/1786 2524/2477/1792 2526/2479/1793
f 2526/2479/1793 2524/2477/1792 1229/1209/874
f 2526/2479/1793 1229/1209/874 1239/1219/883
f 2375/2328/1645 2526/2479/1793 1239/1219/883
f 2375/2328/1645 1239/1219/883 1241/1221/885
f 1299/1279/941 1330/1310/971 2527/2480/1794
f 1299/1279/941 2527/2480/1794 2528/2481/1795
f 1329/1309/970 1326/1306/967 2529/2482/1796
f 1329/1309/970 2529/2482/1796 2530/2483/1797
f 2530/2483/1797 2529/2482/1796 2531/2484/1798
f 2530/2483/1797 2531/2484/1798 2532/2485/1799
f 2528/2481/1795 2527/2480/1794 2533/2486/1800
f 2528/2481/1795 2533/2486/1800 2534/2487/1801
f 1326/1306/967 1325/1305/966 2535/2488/1802
f 1326/1306/967 2535/2488/1802 2529/2482/1796
f 1325/1305/966 1324/1304/965 2536/2489/1803
f 1325/1305/966 2536/2489/1803 2535/2488/1802
f 2535/2488/1802 2536/2489/1803 2537/2490/1804
f 2535/2488/1802 2537/2490/1804 2538/2491/1805
f 2529/2482/1796 2535/2488/1802 2538/2491/1805
f 2529/2482/1796 2538/2491/1805 2531/2484/1798
f 2531/2484/1798 2538/2491/1805 2539/2492/1806
f 2531/2484/1798 2539/2492/1806 2540/2493/1807
f 2538/2491/1805 2537/2490/1804 2541/2494/1808
f 2538/2491/1805 2541/2494/1808 2539/2492/1806
f 2539/2492/1806 2541/2494/1808 1058/1038/709
f 2539/2492/1806 1058/1038/709 1057/1037/708
f 2540/2493/1807 2539/2492/1806 1057/1037/708
f 2540/2493/1807 1057/1037/708 1053/1033/704
f 2534/2487/1801 2533/2486/1800 2542/2495/1809
f 2534/2487/1801 2542/2495/1809 2543/2496/1810
f 2532/2485/1799 2531/2484/1798 2540/2493/1807
f 2532/2485/1799 2540/2493/1807 2544/2497/1811
f 2544/2497/1811 2540/2493/1807 1053/1033/704
f 2544/2497/1811 1053/1033/704 1052/1032/702
f 2543/2496/1810 2542/2495/1809 1050/1030/702
f 2543/2496/1810 1050/1030/702 1049/1029/701
f 1305/1285/947 1304/1284/946 2545/2498/1812
f 1305/1285/947 2545/2498/1812 2546/2499/1813
f 1304/1284/946 1301/1281/943 2547/2500/1814
f 1304/1284/946 2547/2500/1814 2545/2498/1812
f 2545/2498/1812 2547/2500/1814 2548/2501/1815
f 2545/2498/1812 2548/2501/1815 2549/2502/1816
f 2546/2499/1813 2545/2498/1812 2549/2502/1816
f 2546/2499/1813 2549/2502/1816 2550/2503/1817
f 1301/1281/943 1300/1280/942 2551/2504/1818
f 1301/1281/943 2551/2504/1818 2547/2500/1814
f 1300/1280/942 1299/1279/941 2528/2481/1795
f 1300/1280/942 2528/2481/1795 2551/2504/1818
f 2551/2504/1818 2528/2481/1795 2534/2487/1801
f 2551/2504/1818 2534/2487/1801 2552/2505/1819
f 2547/2500/1814 2551/2504/1818 2552/2505/1819
f 2547/2500/1814 2552/2505/1819 2548/2501/1815
f 2548/2501/1815 2552/2505/1819 2553/2506/1820
f 2548/2501/1815 2553/2506/1820 2554/2507/1821
f 2552/2505/1819 2534/2487/1801 2543/2496/1810
f 2552/2505/1819 2543/2496/1810 2553/2506/1820
f 2553/2506/1820 2543/2496/1810 1049/1029/701
f 2553/2506/1820 1049/1029/701 1047/1027/699
f 2554/2507/1821 2553/2506/1820 1047/1027/699
f 2554/2507/1821 1047/1027/699 1039/1019/691
f 2550/2503/1817 2549/2502/1816 2555/2508/1822
f 2550/2503/1817 2555/2508/1822 2556/2509/1823
f 2549/2502/1816 2548/2501/1815 2554/2507/1821
f 2549/2502/1816 2554/2507/1821 2555/2508/1822
f 2555/2508/1822 2554/2507/1821 1039/1019/691
f 2555/2508/1822 1039/1019/691 1036/1016/688
f 2556/2509/1823 2555/2508/1822 1036/1016/688
f 2556/2509/1823 1036/1016/688 1035/1015/687
f 1370/1350/1009 1369/1349/1008 2557/2510/1824
f 1370/1350/1009 2557/2510/1824 2558/2511/1824
f 1369/1349/1008 1366/1346/1005 2559/2512/1824
f 1369/1349/1008 2559/2512/1824 2557/2510/1824
f 2557/2510/1824 2559/2512/1824 2560/2513/1825
f 2557/2510/1824 2560/2513/1825 2561/2514/1826
f 2558/2511/1824 2557/2510/1824 2561/2514/1826
f 2558/2511/1824 2561/2514/1826 2562/2515/1827
f 1366/1346/1005 1365/1345/1004 2563/2516/1826
f 1366/1346/1005 2563/2516/1826 2559/2512/1824
f 1365/1345/1004 1305/1285/947 2546/2499/1813
f 1365/1345/1004 2546/2499/1813 2563/2516/1826
f 2563/2516/1826 2546/2499/1813 2550/2503/1817
f 2563/2516/1826 2550/2503/1817 2564/2517/1824
f 2559/2512/1824 2563/2516/1826 2564/2517/1824
f 2559/2512/1824 2564/2517/1824 2560/2513/1825
f 2560/2513/1825 2564/2517/1824 2565/2518/1828
f 2560/2513/1825 2565/2518/1828 2566/2519/1829
f 2564/2517/1824 2550/2503/1817 2556/2509/1823
f 2564/2517/1824 2556/2509/1823 2565/2518/1828
f 2565/2518/1828 2556/2509/1823 1035/1015/687
f 2565/2518/1828 1035/1015/687 1077/1057/727
f 2566/2519/1829 2565/2518/1828 1077/1057/727
f 2566/2519/1829 1077/1057/727 1069/1049/720
f 2562/2515/1827 2561/2514/1826 2567/2520/1830
f 2562/2515/1827 2567/2520/1830 2568/2521/1831
f 2561/2514/1826 2560/2513/1825 2566/2519/1829
f 2561/2514/1826 2566/2519/1829 2567/2520/1830
f 2567/2520/1830 2566/2519/1829 1069/1049/720
f 2567/2520/1830 1069/1049/720 1066/1046/717
f 2568/2521/1831 2567/2520/1830 1066/1046/717
f 2568/2521/1831 1066/1046/717 1065/1045/716
f 1799/1779/1421 1798/1778/1009 2569/2522/1824
f 1799/1779/1421 2569/2522/1824 2570/2523/1832
f 1798/1778/1009 1795/1775/1418 2571/2524/1824
f 1798/1778/1009 2571/2524/1824 2569/2522/1824
f 2569/2522/1824 2571/2524/1824 2572/2525/1827
f 2569/2522/1824 2572/2525/1827 2573/2526/1833
f 2570/2523/1832 2569/2522/1824 2573/2526/1833
f 2570/2523/1832 2573/2526/1833 2574/2527/1834
f 1795/1775/1418 1794/1774/1417 2575/2528/1824
f 1795/1775/1418 2575/2528/1824 2571/2524/1824
f 1794/1774/1417 1370/1350/1009 2558/2511/1824
f 1794/1774/1417 2558/2511/1824 2575/2528/1824
f 2575/2528/1824 2558/2511/1824 2562/2515/1827
f 2575/2528/1824 2562/2515/1827 2576/2529/1826
f 2571/2524/1824 2575/2528/1824 2576/2529/1826
f 2571/2524/1824 2576/2529/1826 2572/2525/1827
f 2572/2525/1827 2576/2529/1826 2577/2530/1835
f 2572/2525/1827 2577/2530/1835 2578/2531/1836
f 2576/2529/1826 2562/2515/1827 2568/2521/1831
f 2576/2529/1826 2568/2521/1831 2577/2530/1835
f 2577/2530/1835 2568/2521/1831 1065/1045/716
f 2577/2530/1835 1065/1045/716 1768/1748/1394
f 2578/2531/1836 2577/2530/1835 1768/1748/1394
f 2578/2531/1836 1768/1748/1394 1760/1740/1386
f 2574/2527/1834 2573/2526/1833 2579/2532/1837
f 2574/2527/1834 2579/2532/1837 2580/2533/1838
f 2573/2526/1833 2572/2525/1827 2578/2531/1836
f 2573/2526/1833 2578/2531/1836 2579/2532/1837
f 2579/2532/1837 2578/2531/1836 1760/1740/1386
f 2579/2532/1837 1760/1740/1386 1757/1737/1383
f 2580/2533/1838 2579/2532/1837 1757/1737/1383
f 2580/2533/1838 1757/1737/1383 1756/1736/1382
f 1409/1389/1043 2149/2115/1594 2581/2534/1826
f 1409/1389/1043 2581/2534/1826 2582/2535/1826
f 2149/2115/1594 2147/2113/1592 2583/2536/1824
f 2149/2115/1594 2583/2536/1824 2581/2534/1826
f 2581/2534/1826 2583/2536/1824 2584/2537/1839
f 2581/2534/1826 2584/2537/1839 2585/2538/1824
f 2582/2535/1826 2581/2534/1826 2585/2538/1824
f 2582/2535/1826 2585/2538/1824 2586/2539/1840
f 2147/2113/1592 2146/2112/1591 2587/2540/1824
f 2147/2113/1592 2587/2540/1824 2583/2536/1824
f 2146/2112/1591 2145/2111/1590 2588/2541/1824
f 2146/2112/1591 2588/2541/1824 2587/2540/1824
f 2587/2540/1824 2588/2541/1824 2589/2542/1826
f 2587/2540/1824 2589/2542/1826 2590/2543/1826
f 2583/2536/1824 2587/2540/1824 2590/2543/1826
f 2583/2536/1824 2590/2543/1826 2584/2537/1839
f 2584/2537/1839 2590/2543/1826 2591/2544/1841
f 2584/2537/1839 2591/2544/1841 2592/2545/1842
f 2590/2543/1826 2589/2542/1826 2593/2546/1843
f 2590/2543/1826 2593/2546/1843 2591/2544/1841
f 2591/2544/1841 2593/2546/1843 2116/2082/1563
f 2591/2544/1841 2116/2082/1563 2114/2080/1561
f 2592/2545/1842 2591/2544/1841 2114/2080/1561
f 2592/2545/1842 2114/2080/1561 2108/2074/1556
f 2586/2539/1840 2585/2538/1824 2594/2547/1844
f 2586/2539/1840 2594/2547/1844 2595/2548/1845
f 2585/2538/1824 2584/2537/1839 2592/2545/1842
f 2585/2538/1824 2592/2545/1842 2594/2547/1844
f 2594/2547/1844 2592/2545/1842 2108/2074/1556
f 2594/2547/1844 2108/2074/1556 2106/2072/1554
f 2595/2548/1845 2594/2547/1844 2106/2072/1554
f 2595/2548/1845 2106/2072/1554 1103/1083/753
f 1415/1395/1049 1414/1394/1048 2596/2549/1846
f 1415/1395/1049 2596/2549/1846 2597/2550/1847
f 1414/1394/1048 1411/1391/1045 2598/2551/1848
f 1414/1394/1048 2598/2551/1848 2596/2549/1846
f 2596/2549/1846 2598/2551/1848 2599/2552/1849
f 2596/2549/1846 2599/2552/1849 2600/2553/1850
f 2597/2550/1847 2596/2549/1846 2600/2553/1850
f 2597/2550/1847 2600/2553/1850 2601/2554/1851
f 1411/1391/1045 1410/1390/1044 2602/2555/1852
f 1411/1391/1045 2602/2555/1852 2598/2551/1848
f 1410/1390/1044 1409/1389/1043 2582/2535/1826
f 1410/1390/1044 2582/2535/1826 2602/2555/1852
f 2602/2555/1852 2582/2535/1826 2586/2539/1840
f 2602/2555/1852 2586/2539/1840 2603/2556/1853
f 2598/2551/1848 2602/2555/1852 2603/2556/1853
f 2598/2551/1848 2603/2556/1853 2599/2552/1849
f 2599/2552/1849 2603/2556/1853 2604/2557/1854
f 2599/2552/1849 2604/2557/1854 2605/2558/1855
f 2603/2556/1853 2586/2539/1840 2595/2548/1845
f 2603/2556/1853 2595/2548/1845 2604/2557/1854
f 2604/2557/1854 2595/2548/1845 1103/1083/753
f 2604/2557/1854 1103/1083/753 1101/1081/751
f 2605/2558/1855 2604/2557/1854 1101/1081/751
f 2605/2558/1855 1101/1081/751 1093/1073/743
f 2601/2554/1851 2600/2553/1850 2606/2559/1856
f 2601/2554/1851 2606/2559/1856 2607/2560/1857
f 2600/2553/1850 2599/2552/1849 2605/2558/1855
f 2600/2553/1850 2605/2558/1855 2606/2559/1856
f 2606/2559/1856 2605/2558/1855 1093/1073/743
f 2606/2559/1856 1093/1073/743 1090/1070/740
f 2607/2560/1857 2606/2559/1856 1090/1070/740
f 2607/2560/1857 1090/1070/740 1089/1069/739
f 1434/1414/1067 1460/1440/1093 2608/2561/1858
f 1434/1414/1067 2608/2561/1858 2609/2562/1859
f 1460/1440/1093 1458/1438/1091 2610/2563/1860
f 1460/1440/1093 2610/2563/1860 2608/2561/1858
f 2608/2561/1858 2610/2563/1860 2611/2564/1861
f 2608/2561/1858 2611/2564/1861 2612/2565/1862
f 2609/2562/1859 2608/2561/1858 2612/2565/1862
f 2609/2562/1859 2612/2565/1862 2613/2566/1863
f 1458/1438/1091 1457/1437/1090 2614/2567/1864
f 1458/1438/1091 2614/2567/1864 2610/2563/1860
f 1456/1436/1089 1415/1395/1049 2597/2550/1847
f 1456/1436/1089 2597/2550/1847 2615/2568/1865
f 2615/2568/1865 2597/2550/1847 2601/2554/1851
f 2615/2568/1865 2601/2554/1851 2616/2569/1866
f 2610/2563/1860 2614/2567/1864 2617/2570/1867
f 2610/2563/1860 2617/2570/1867 2611/2564/1861
f 2611/2564/1861 2617/2570/1867 2618/2571/1868
f 2611/2564/1861 2618/2571/1868 2619/2572/1869
f 2616/2569/1866 2601/2554/1851 2607/2560/1857
f 2616/2569/1866 2607/2560/1857 2620/2573/1868
f 2620/2573/1868 2607/2560/1857 1089/1069/739
f 2620/2573/1868 1089/1069/739 1092/1072/742
f 2619/2572/1869 2618/2571/1868 1099/1079/749
f 2619/2572/1869 1099/1079/749 1100/1080/750
f 2613/2566/1863 2612/2565/1862 2621/2574/1870
f 2613/2566/1863 2621/2574/1870 2622/2575/1871
f 2612/2565/1862 2611/2564/1861 2619/2572/1869
f 2612/2565/1862 2619/2572/1869 2621/2574/1870
f 2621/2574/1870 2619/2572/1869 1100/1080/750
f 2621/2574/1870 1100/1080/750 1116/1096/766
f 2622/2575/1871 2621/2574/1870 1116/1096/766
f 2622/2575/1871 1116/1096/766 1118/1098/768
f 1440/1420/1073 1439/1419/1072 2623/2576/1872
f 1440/1420/1073 2623/2576/1872 2624/2577/1873
f 1439/1419/1072 1436/1416/1069 2625/2578/1874
f 1439/1419/1072 2625/2578/1874 2623/2576/1872
f 2623/2576/1872 2625/2578/1874 2626/2579/1875
f 2623/2576/1872 2626/2579/1875 2627/2580/1876
f 2624/2577/1873 2623/2576/1872 2627/2580/1876
f 2624/2577/1873 2627/2580/1876 2628/2581/1877
f 1436/1416/1069 1435/1415/1068 2629/2582/1878
f 1436/1416/1069 2629/2582/1878 2625/2578/1874
f 1435/1415/1068 1434/1414/1067 2609/2562/1859
f 1435/1415/1068 2609/2562/1859 2629/2582/1878
f 2629/2582/1878 2609/2562/1859 2613/2566/1863
f 2629/2582/1878 2613/2566/1863 2630/2583/1879
f 2625/2578/1874 2629/2582/1878 2630/2583/1879
f 2625/2578/1874 2630/2583/1879 2626/2579/1875
f 2626/2579/1875 2630/2583/1879 2631/2584/1880
f 2626/2579/1875 2631/2584/1880 2632/2585/1881
f 2630/2583/1879 2613/2566/1863 2622/2575/1871
f 2630/2583/1879 2622/2575/1871 2631/2584/1880
f 2631/2584/1880 2622/2575/1871 1118/1098/768
f 2631/2584/1880 1118/1098/768 1117/1097/767
f 2632/2585/1881 2631/2584/1880 1117/1097/767
f 2632/2585/1881 1117/1097/767 1114/1094/764
f 2628/2581/1877 2627/2580/1876 2633/2586/1882
f 2628/2581/1877 2633/2586/1882 2634/2587/1883
f 2627/2580/1876 2626/2579/1875 2632/2585/1881
f 2627/2580/1876 2632/2585/1881 2633/2586/1882
f 2633/2586/1882 2632/2585/1881 1114/1094/764
f 2633/2586/1882 1114/1094/764 1113/1093/763
f 2634/2587/1883 2633/2586/1882 1113/1093/763
f 2634/2587/1883 1113/1093/763 1112/1092/762
f 2125/2091/1572 2635/2588/1884 2636/2589/1885
f 2125/2091/1572 2636/2589/1885 2126/2092/1573
f 2635/2588/1884 2637/2590/1886 2638/2591/1887
f 2635/2588/1884 2638/2591/1887 2636/2589/1885
f 2636/2589/1885 2638/2591/1887 2639/2592/1888
f 2636/2589/1885 2639/2592/1888 2640/2593/1889
f 2126/2092/1573 2636/2589/1885 2640/2593/1889
f 2126/2092/1573 2640/2593/1889 2127/2093/1574
f 2637/2590/1886 2641/2594/1890 2642/2595/1891
f 2637/2590/1886 2642/2595/1891 2638/2591/1887
f 2641/2594/1890 2086/2052/1536 2089/2055/1539
f 2641/2594/1890 2089/2055/1539 2642/2595/1891
f 2642/2595/1891 2089/2055/1539 2094/2060/1544
f 2642/2595/1891 2094/2060/1544 2643/2596/1892
f 2638/2591/1887 2642/2595/1891 2643/2596/1892
f 2638/2591/1887 2643/2596/1892 2639/2592/1888
f 2639/2592/1888 2643/2596/1892 2644/2597/1893
f 2639/2592/1888 2644/2597/1893 2645/2598/1894
f 2643/2596/1892 2094/2060/1544 2105/2071/1553
f 2643/2596/1892 2105/2071/1553 2644/2597/1893
f 2644/2597/1893 2105/2071/1553 1440/1420/1073
f 2644/2597/1893 1440/1420/1073 2624/2577/1873
f 2645/2598/1894 2644/2597/1893 2624/2577/1873
f 2645/2598/1894 2624/2577/1873 2628/2581/1877
f 2127/2093/1574 2640/2593/1889 2646/2599/1895
f 2127/2093/1574 2646/2599/1895 2129/2095/1576
f 2640/2593/1889 2639/2592/1888 2645/2598/1894
f 2640/2593/1889 2645/2598/1894 2646/2599/1895
f 2646/2599/1895 2645/2598/1894 2628/2581/1877
f 2646/2599/1895 2628/2581/1877 2634/2587/1883
f 2129/2095/1576 2646/2599/1895 2634/2587/1883
f 2129/2095/1576 2634/2587/1883 1112/1092/762
f 2647/2600/1896 2648/2601/1897 2649/2602/1898
f 2647/2600/1896 2649/2602/1898 2650/2603/1899
f 2648/2601/1897 2651/2604/1900 2652/2605/1901
f 2648/2601/1897 2652/2605/1901 2649/2602/1898
f 2649/2602/1898 2652/2605/1901 2653/2606/1902
f 2649/2602/1898 2653/2606/1902 2654/2607/1903
f 2650/2603/1899 2649/2602/1898 2654/2607/1903
f 2650/2603/1899 2654/2607/1903 2655/2608/1904
f 2651/2604/1900 2656/2609/1905 2657/2610/1906
f 2651/2604/1900 2657/2610/1906 2652/2605/1901
f 2656/2609/1905 1731/1711/1357 1734/1714/1360
f 2656/2609/1905 1734/1714/1360 2657/2610/1906
f 2657/2610/1906 1734/1714/1360 1739/1719/1365
f 2657/2610/1906 1739/1719/1365 2658/2611/1907
f 2652/2605/1901 2657/2610/1906 2658/2611/1907
f 2652/2605/1901 2658/2611/1907 2653/2606/1902
f 2653/2606/1902 2658/2611/1907 2659/2612/1908
f 2653/2606/1902 2659/2612/1908 2660/2613/1909
f 2658/2611/1907 1739/1719/1365 1753/1733/1379
f 2658/2611/1907 1753/1733/1379 2659/2612/1908
f 2659/2612/1908 1753/1733/1379 1755/1735/1381
f 2659/2612/1908 1755/1735/1381 2661/2614/1910
f 2660/2613/1909 2659/2612/1908 2661/2614/1910
f 2660/2613/1909 2661/2614/1910 2662/2615/1911
f 2655/2608/1904 2654/2607/1903 2663/2616/1912
f 2655/2608/1904 2663/2616/1912 2664/2617/1913
f 2654/2607/1903 2653/2606/1902 2660/2613/1909
f 2654/2607/1903 2660/2613/1909 2663/2616/1912
f 2663/2616/1912 2660/2613/1909 2662/2615/1911
f 2663/2616/1912 2662/2615/1911 2665/2618/1914
f 2664/2617/1913 2663/2616/1912 2665/2618/1914
f 2664/2617/1913 2665/2618/1914 2666/2619/1915
f 1346/1326/987 1390/1370/1027 2667/2620/1916
f 1346/1326/987 2667/2620/1916 2668/2621/1917
f 1390/1370/1027 1388/1368/1025 2669/2622/1918
f 1390/1370/1027 2669/2622/1918 2667/2620/1916
f 2667/2620/1916 2669/2622/1918 2670/2623/1919
f 2667/2620/1916 2670/2623/1919 2671/2624/1920
f 2668/2621/1917 2667/2620/1916 2671/2624/1920
f 2668/2621/1917 2671/2624/1920 2672/2625/1921
f 1388/1368/1025 1387/1367/1024 2673/2626/1922
f 1388/1368/1025 2673/2626/1922 2669/2622/1918
f 1387/1367/1024 1386/1366/1023 2674/2627/1923
f 1387/1367/1024 2674/2627/1923 2673/2626/1922
f 2673/2626/1922 2674/2627/1923 2675/2628/1924
f 2673/2626/1922 2675/2628/1924 2676/2629/1925
f 2669/2622/1918 2673/2626/1922 2676/2629/1925
f 2669/2622/1918 2676/2629/1925 2670/2623/1919
f 2670/2623/1919 2676/2629/1925 2677/2630/1926
f 2670/2623/1919 2677/2630/1926 2678/2631/1927
f 2676/2629/1925 2675/2628/1924 2679/2632/1928
f 2676/2629/1925 2679/2632/1928 2677/2630/1926
f 2677/2630/1926 2679/2632/1928 1088/1068/738
f 2677/2630/1926 1088/1068/738 1087/1067/737
f 2678/2631/1927 2677/2630/1926 1087/1067/737
f 2678/2631/1927 1087/1067/737 1084/1064/734
f 2672/2625/1921 2671/2624/1920 2680/2633/1929
f 2672/2625/1921 2680/2633/1929 2681/2634/1930
f 2671/2624/1920 2670/2623/1919 2678/2631/1927
f 2671/2624/1920 2678/2631/1927 2680/2633/1929
f 2680/2633/1929 2678/2631/1927 1084/1064/734
f 2680/2633/1929 1084/1064/734 1083/1063/733
f 2681/2634/1930 2680/2633/1929 1083/1063/733
f 2681/2634/1930 1083/1063/733 1064/1044/715
f 1324/1304/965 1350/1330/991 2682/2635/1931
f 1324/1304/965 2682/2635/1931 2536/2489/1803
f 1350/1330/991 1348/1328/989 2683/2636/1932
f 1350/1330/991 2683/2636/1932 2682/2635/1931
f 2682/2635/1931 2683/2636/1932 2684/2637/1933
f 2682/2635/1931 2684/2637/1933 2685/2638/1934
f 2536/2489/1803 2682/2635/1931 2685/2638/1934
f 2536/2489/1803 2685/2638/1934 2537/2490/1804
f 1348/1328/989 1347/1327/988 2686/2639/1935
f 1348/1328/989 2686/2639/1935 2683/2636/1932
f 1347/1327/988 1346/1326/987 2668/2621/1917
f 1347/1327/988 2668/2621/1917 2686/2639/1935
f 2686/2639/1935 2668/2621/1917 2672/2625/1921
f 2686/2639/1935 2672/2625/1921 2687/2640/1936
f 2683/2636/1932 2686/2639/1935 2687/2640/1936
f 2683/2636/1932 2687/2640/1936 2684/2637/1933
f 2684/2637/1933 2687/2640/1936 2688/2641/1937
f 2684/2637/1933 2688/2641/1937 2689/2642/1938
f 2687/2640/1936 2672/2625/1921 2681/2634/1930
f 2687/2640/1936 2681/2634/1930 2688/2641/1937
f 2688/2641/1937 2681/2634/1930 1064/1044/715
f 2688/2641/1937 1064/1044/715 1063/1043/714
f 2689/2642/1938 2688/2641/1937 1063/1043/714
f 2689/2642/1938 1063/1043/714 1060/1040/711
f 2537/2490/1804 2685/2638/1934 2690/2643/1939
f 2537/2490/1804 2690/2643/1939 2541/2494/1808
f 2685/2638/1934 2684/2637/1933 2689/2642/1938
f 2685/2638/1934 2689/2642/1938 2690/2643/1939
f 2690/2643/1939 2689/2642/1938 1060/1040/711
f 2690/2643/1939 1060/1040/711 1059/1039/710
f 2541/2494/1808 2690/2643/1939 1059/1039/710
f 2541/2494/1808 1059/1039/710 1058/1038/709
f 1556/1536/1186 1559/1539/1189 2691/2644/1940
f 1556/1536/1186 2691/2644/1940 2692/2645/1941
f 1559/1539/1189 1564/1544/1194 2693/2646/1942
f 1559/1539/1189 2693/2646/1942 2691/2644/1940
f 2691/2644/1940 2693/2646/1942 2694/2647/1943
f 2691/2644/1940 2694/2647/1943 2695/2648/1944
f 2692/2645/1941 2691/2644/1940 2695/2648/1944
f 2692/2645/1941 2695/2648/1944 2696/2649/1945
f 1564/1544/1194 1578/1558/1208 2697/2650/1946
f 1564/1544/1194 2697/2650/1946 2693/2646/1942
f 1578/1558/1208 1580/1560/1210 2698/2651/1947
f 1578/1558/1208 2698/2651/1947 2697/2650/1946
f 2697/2650/1946 2698/2651/1947 2699/2652/1948
f 2697/2650/1946 2699/2652/1948 2700/2653/1949
f 2693/2646/1942 2697/2650/1946 2700/2653/1949
f 2693/2646/1942 2700/2653/1949 2694/2647/1943
f 2694/2647/1943 2700/2653/1949 2701/2654/1950
f 2694/2647/1943 2701/2654/1950 2702/2655/1951
f 2700/2653/1949 2699/2652/1948 2703/2656/1952
f 2700/2653/1949 2703/2656/1952 2701/2654/1950
f 2701/2654/1950 2703/2656/1952 1659/1639/1286
f 2701/2654/1950 1659/1639/1286 1658/1638/1285
f 2702/2655/1951 2701/2654/1950 1658/1638/1285
f 2702/2655/1951 1658/1638/1285 1654/1634/1281
f 2696/2649/1945 2695/2648/1944 2704/2657/1953
f 2696/2649/1945 2704/2657/1953 2705/2658/1954
f 2695/2648/1944 2694/2647/1943 2702/2655/1951
f 2695/2648/1944 2702/2655/1951 2704/2657/1953
f 2704/2657/1953 2702/2655/1951 1654/1634/1281
f 2704/2657/1953 1654/1634/1281 1653/1633/1280
f 2705/2658/1954 2704/2657/1953 1653/1633/1280
f 2705/2658/1954 1653/1633/1280 1652/1632/1279
f 2029/1995/1479 2028/1994/1478 2706/2659/1955
f 2029/1995/1479 2706/2659/1955 2707/2660/1956
f 2028/1994/1478 2024/1990/1474 2708/2661/1957
f 2028/1994/1478 2708/2661/1957 2706/2659/1955
f 2706/2659/1955 2708/2661/1957 2709/2662/1958
f 2706/2659/1955 2709/2662/1958 2710/2663/1959
f 2707/2660/1956 2706/2659/1955 2710/2663/1959
f 2707/2660/1956 2710/2663/1959 2711/2664/1960
f 2024/1990/1474 2023/1989/1473 2712/2665/1961
f 2024/1990/1474 2712/2665/1961 2708/2661/1957
f 2023/1989/1473 2022/1988/1472 2713/2666/1962
f 2023/1989/1473 2713/2666/1962 2712/2665/1961
f 2712/2665/1961 2713/2666/1962 2714/2667/1963
f 2712/2665/1961 2714/2667/1963 2715/2668/1964
f 2708/2661/1957 2712/2665/1961 2715/2668/1964
f 2708/2661/1957 2715/2668/1964 2709/2662/1958
f 2709/2662/1958 2715/2668/1964 2716/2669/1965
f 2709/2662/1958 2716/2669/1965 2717/2670/1966
f 2715/2668/1964 2714/2667/1963 2718/2671/1967
f 2715/2668/1964 2718/2671/1967 2716/2669/1965
f 2716/2669/1965 2718/2671/1967 2719/2672/1968
f 2716/2669/1965 2719/2672/1968 2720/2673/1969
f 2717/2670/1966 2716/2669/1965 2720/2673/1969
f 2717/2670/1966 2720/2673/1969 2721/2674/1970
f 2711/2664/1960 2710/2663/1959 2722/2675/1971
f 2711/2664/1960 2722/2675/1971 2723/2676/1972
f 2710/2663/1959 2709/2662/1958 2717/2670/1966
f 2710/2663/1959 2717/2670/1966 2722/2675/1971
f 2722/2675/1971 2717/2670/1966 2721/2674/1970
f 2722/2675/1971 2721/2674/1970 2724/2677/1973
f 2723/2676/1972 2722/2675/1971 2724/2677/1973
f 2723/2676/1972 2724/2677/1973 2725/2678/1974
f 752/735/455 751/734/454 2726/2679/1975
f 752/735/455 2726/2679/1975 2727/2680/1976
f 751/734/454 748/731/451 2728/2681/1977
f 751/734/454 2728/2681/1977 2726/2679/1975
f 2726/2679/1975 2728/2681/1977 2729/2682/1978
f 2726/2679/1975 2729/2682/1978 2730/2683/1979
f 2727/2680/1976 2726/2679/1975 2730/2683/1979
f 2727/2680/1976 2730/2683/1979 2731/2684/1980
f 748/731/451 747/730/450 2732/2685/1981
f 748/731/451 2732/2685/1981 2728/2681/1977
f 747/730/450 746/729/449 2733/2686/1982
f 747/730/450 2733/2686/1982 2732/2685/1981
f 2732/2685/1981 2733/2686/1982 2734/2687/1983
f 2732/2685/1981 2734/2687/1983 2735/2688/1984
f 2728/2681/1977 2732/2685/1981 2735/2688/1984
f 2728/2681/1977 2735/2688/1984 2729/2682/1978
f 2729/2682/1978 2735/2688/1984 2736/2689/1985
f 2729/2682/1978 2736/2689/1985 2737/2690/1986
f 2735/2688/1984 2734/2687/1983 2738/2691/1987
f 2735/2688/1984 2738/2691/1987 2736/2689/1985
f 2736/2689/1985 2738/2691/1987 1677/1657/1304
f 2736/2689/1985 1677/1657/1304 1675/1655/1302
f 2737/2690/1986 2736/2689/1985 1675/1655/1302
f 2737/2690/1986 1675/1655/1302 1670/1650/1297
f 2731/2684/1980 2730/2683/1979 2739/2692/1988
f 2731/2684/1980 2739/2692/1988 2740/2693/1989
f 2730/2683/1979 2729/2682/1978 2737/2690/1986
f 2730/2683/1979 2737/2690/1986 2739/2692/1988
f 2739/2692/1988 2737/2690/1986 1670/1650/1297
f 2739/2692/1988 1670/1650/1297 1667/1647/1294
f 2740/2693/1989 2739/2692/1988 1667/1647/1294
f 2740/2693/1989 1667/1647/1294 1666/1646/1293
f 2045/2011/1495 2043/2009/1493 2741/2694/1990
f 2045/2011/1495 2741/2694/1990 2742/2695/1991
f 2043/2009/1493 2038/2004/1488 2743/2696/1992
f 2043/2009/1493 2743/2696/1992 2741/2694/1990
f 2744/2697/1993 2745/2698/1994 2746/2699/1995
f 2744/2697/1993 2746/2699/1995 2747/2700/1996
f 2748/2701/1997 2744/2697/1993 2747/2700/1996
f 2748/2701/1997 2747/2700/1996 2749/2702/1998
f 2038/2004/1488 2035/2001/1485 2750/2703/1999
f 2038/2004/1488 2750/2703/1999 2743/2696/1992
f 2035/2001/1485 2034/2000/1484 2751/2704/2000
f 2035/2001/1485 2751/2704/2000 2750/2703/1999
f 2752/2705/1999 2753/2706/2000 2754/2707/2001
f 2752/2705/1999 2754/2707/2001 2755/2708/2002
f 2745/2698/1994 2752/2705/1999 2755/2708/2002
f 2745/2698/1994 2755/2708/2002 2746/2699/1995
f 2746/2699/1995 2755/2708/2002 2756/2709/2003
f 2746/2699/1995 2756/2709/2003 2757/2710/2004
f 2755/2708/2002 2754/2707/2001 2758/2711/2005
f 2755/2708/2002 2758/2711/2005 2756/2709/2003
f 2756/2709/2003 2758/2711/2005 2759/2712/2006
f 2756/2709/2003 2759/2712/2006 2760/2713/2007
f 2757/2710/2004 2756/2709/2003 2760/2713/2007
f 2757/2710/2004 2760/2713/2007 2761/2714/2008
f 2749/2702/1998 2747/2700/1996 2762/2715/2009
f 2749/2702/1998 2762/2715/2009 2763/2716/2010
f 2747/2700/1996 2746/2699/1995 2757/2710/2004
f 2747/2700/1996 2757/2710/2004 2762/2715/2009
f 2762/2715/2009 2757/2710/2004 2761/2714/2008
f 2762/2715/2009 2761/2714/2008 2764/2717/2011
f 2763/2716/2010 2762/2715/2009 2764/2717/2011
f 2763/2716/2010 2764/2717/2011 2765/2718/2012
f 768/751/471 767/750/470 2766/2719/2013
f 768/751/471 2766/2719/2013 2767/2720/2014
f 767/750/470 764/747/467 2768/2721/2015
f 767/750/470 2768/2721/2015 2766/2719/2013
f 2766/2719/2013 2768/2721/2015 2769/2722/2016
f 2766/2719/2013 2769/2722/2016 2770/2723/2017
f 2767/2720/2014 2766/2719/2013 2770/2723/2017
f 2767/2720/2014 2770/2723/2017 2771/2724/2018
f 764/747/467 763/746/466 2772/2725/2019
f 764/747/467 2772/2725/2019 2768/2721/2015
f 763/746/466 752/735/455 2727/2680/1976
f 763/746/466 2727/2680/1976 2772/2725/2019
f 2772/2725/2019 2727/2680/1976 2731/2684/1980
f 2772/2725/2019 2731/2684/1980 2773/2726/2020
f 2768/2721/2015 2772/2725/2019 2773/2726/2020
f 2768/2721/2015 2773/2726/2020 2769/2722/2016
f 2769/2722/2016 2773/2726/2020 2774/2727/2021
f 2769/2722/2016 2774/2727/2021 2775/2728/2022
f 2773/2726/2020 2731/2684/1980 2740/2693/1989
f 2773/2726/2020 2740/2693/1989 2774/2727/2021
f 2774/2727/2021 2740/2693/1989 1666/1646/1293
f 2774/2727/2021 1666/1646/1293 1700/1680/1326
f 2775/2728/2022 2774/2727/2021 1700/1680/1326
f 2775/2728/2022 1700/1680/1326 1695/1675/1321
f 2771/2724/2018 2770/2723/2017 2776/2729/2023
f 2771/2724/2018 2776/2729/2023 2777/2730/2024
f 2770/2723/2017 2769/2722/2016 2775/2728/2022
f 2770/2723/2017 2775/2728/2022 2776/2729/2023
f 2776/2729/2023 2775/2728/2022 1695/1675/1321
f 2776/2729/2023 1695/1675/1321 1692/1672/1318
f 2777/2730/2024 2776/2729/2023 1692/1672/1318
f 2777/2730/2024 1692/1672/1318 1691/1671/1317
f 2034/2000/1484 2063/2029/1513 2778/2731/2025
f 2034/2000/1484 2778/2731/2025 2751/2704/2000
f 2063/2029/1513 2058/2024/1508 2779/2732/2026
f 2063/2029/1513 2779/2732/2026 2778/2731/2025
f 2780/2733/2027 2781/2734/2026 2782/2735/2028
f 2780/2733/2027 2782/2735/2028 2783/2736/2029
f 2753/2706/2000 2780/2733/2027 2783/2736/2029
f 2753/2706/2000 2783/2736/2029 2754/2707/2001
f 2058/2024/1508 2055/2021/1505 2784/2737/2030
f 2058/2024/1508 2784/2737/2030 2779/2732/2026
f 2055/2021/1505 2054/2020/1504 2785/2738/2031
f 2055/2021/1505 2785/2738/2031 2784/2737/2030
f 2786/2739/2032 2787/2740/2033 2788/2741/2034
f 2786/2739/2032 2788/2741/2034 2789/2742/2035
f 2781/2734/2026 2786/2739/2032 2789/2742/2035
f 2781/2734/2026 2789/2742/2035 2782/2735/2028
f 2782/2735/2028 2789/2742/2035 2790/2743/2036
f 2782/2735/2028 2790/2743/2036 2791/2744/2037
f 2789/2742/2035 2788/2741/2034 2792/2745/2038
f 2789/2742/2035 2792/2745/2038 2790/2743/2036
f 2790/2743/2036 2792/2745/2038 2793/2746/2039
f 2790/2743/2036 2793/2746/2039 2794/2747/2040
f 2791/2744/2037 2790/2743/2036 2794/2747/2040
f 2791/2744/2037 2794/2747/2040 2795/2748/2041
f 2754/2707/2001 2783/2736/2029 2796/2749/2042
f 2754/2707/2001 2796/2749/2042 2758/2711/2005
f 2783/2736/2029 2782/2735/2028 2791/2744/2037
f 2783/2736/2029 2791/2744/2037 2796/2749/2042
f 2796/2749/2042 2791/2744/2037 2795/2748/2041
f 2796/2749/2042 2795/2748/2041 2797/2750/2043
f 2758/2711/2005 2796/2749/2042 2797/2750/2043
f 2758/2711/2005 2797/2750/2043 2759/2712/2006
f 784/767/487 783/766/486 2798/2751/2044
f 784/767/487 2798/2751/2044 2799/2752/2045
f 783/766/486 780/763/483 2800/2753/2046
f 783/766/486 2800/2753/2046 2798/2751/2044
f 2798/2751/2044 2800/2753/2046 2801/2754/2047
f 2798/2751/2044 2801/2754/2047 2802/2755/2048
f 2799/2752/2045 2798/2751/2044 2802/2755/2048
f 2799/2752/2045 2802/2755/2048 2803/2756/2049
f 780/763/483 779/762/482 2804/2757/2050
f 780/763/483 2804/2757/2050 2800/2753/2046
f 779/762/482 768/751/471 2767/2720/2014
f 779/762/482 2767/2720/2014 2804/2757/2050
f 2804/2757/2050 2767/2720/2014 2771/2724/2018
f 2804/2757/2050 2771/2724/2018 2805/2758/2051
f 2800/2753/2046 2804/2757/2050 2805/2758/2051
f 2800/2753/2046 2805/2758/2051 2801/2754/2047
f 2801/2754/2047 2805/2758/2051 2806/2759/2052
f 2801/2754/2047 2806/2759/2052 2807/2760/2053
f 2805/2758/2051 2771/2724/2018 2777/2730/2024
f 2805/2758/2051 2777/2730/2024 2806/2759/2052
f 2806/2759/2052 2777/2730/2024 1691/1671/1317
f 2806/2759/2052 1691/1671/1317 1720/1700/1346
f 2807/2760/2053 2806/2759/2052 1720/1700/1346
f 2807/2760/2053 1720/1700/1346 1715/1695/1341
f 2803/2756/2049 2802/2755/2048 2808/2761/2054
f 2803/2756/2049 2808/2761/2054 2809/2762/2055
f 2802/2755/2048 2801/2754/2047 2807/2760/2053
f 2802/2755/2048 2807/2760/2053 2808/2761/2054
f 2808/2761/2054 2807/2760/2053 1715/1695/1341
f 2808/2761/2054 1715/1695/1341 1712/1692/1338
f 2809/2762/2055 2808/2761/2054 1712/1692/1338
f 2809/2762/2055 1712/1692/1338 1711/1691/1337
f 2054/2020/1504 2079/2045/1529 2810/2763/2056
f 2054/2020/1504 2810/2763/2056 2785/2738/2031
f 2079/2045/1529 2074/2040/1524 2811/2764/2057
f 2079/2045/1529 2811/2764/2057 2810/2763/2056
f 2812/2765/2058 2813/2766/2059 2814/2767/2060
f 2812/2765/2058 2814/2767/2060 2815/2768/2061
f 2787/2740/2033 2812/2765/2058 2815/2768/2061
f 2787/2740/2033 2815/2768/2061 2788/2741/2034
f 2074/2040/1524 2071/2037/1521 2816/2769/2062
f 2074/2040/1524 2816/2769/2062 2811/2764/2057
f 2071/2037/1521 2070/2036/1520 2817/2770/2063
f 2071/2037/1521 2817/2770/2063 2816/2769/2062
f 2818/2771/2064 2819/2772/2065 2820/2773/2066
f 2818/2771/2064 2820/2773/2066 2821/2774/2067
f 2813/2766/2059 2818/2771/2064 2821/2774/2067
f 2813/2766/2059 2821/2774/2067 2814/2767/2060
f 2814/2767/2060 2821/2774/2067 2822/2775/2068
f 2814/2767/2060 2822/2775/2068 2823/2776/2069
f 2821/2774/2067 2820/2773/2066 2824/2777/2070
f 2821/2774/2067 2824/2777/2070 2822/2775/2068
f 2822/2775/2068 2824/2777/2070 2825/2778/2071
f 2822/2775/2068 2825/2778/2071 2826/2779/2072
f 2823/2776/2069 2822/2775/2068 2826/2779/2072
f 2823/2776/2069 2826/2779/2072 2827/2780/2073
f 2788/2741/2034 2815/2768/2061 2828/2781/2074
f 2788/2741/2034 2828/2781/2074 2792/2745/2038
f 2815/2768/2061 2814/2767/2060 2823/2776/2069
f 2815/2768/2061 2823/2776/2069 2828/2781/2074
f 2828/2781/2074 2823/2776/2069 2827/2780/2073
f 2828/2781/2074 2827/2780/2073 2829/2782/2075
f 2792/2745/2038 2828/2781/2074 2829/2782/2075
f 2792/2745/2038 2829/2782/2075 2793/2746/2039
f 1386/1366/1023 1385/1365/1022 2830/2783/2076
f 1386/1366/1023 2830/2783/2076 2831/2784/2077
f 1385/1365/1022 1381/1361/1018 2832/2785/2078
f 1385/1365/1022 2832/2785/2078 2830/2783/2076
f 2830/2783/2076 2832/2785/2078 2833/2786/2079
f 2830/2783/2076 2833/2786/2079 2834/2787/2080
f 2831/2784/2077 2830/2783/2076 2834/2787/2080
f 2831/2784/2077 2834/2787/2080 2835/2788/2081
f 1381/1361/1018 1380/1360/1017 2836/2789/2082
f 1381/1361/1018 2836/2789/2082 2832/2785/2078
f 1380/1360/1017 1379/1359/487 2837/2790/2045
f 1380/1360/1017 2837/2790/2045 2836/2789/2082
f 2836/2789/2082 2837/2790/2045 2838/2791/2083
f 2836/2789/2082 2838/2791/2083 2839/2792/2084
f 2832/2785/2078 2836/2789/2082 2839/2792/2084
f 2832/2785/2078 2839/2792/2084 2833/2786/2079
f 2833/2786/2079 2839/2792/2084 2840/2793/2085
f 2833/2786/2079 2840/2793/2085 2841/2794/2086
f 2839/2792/2084 2838/2791/2083 2842/2795/2055
f 2839/2792/2084 2842/2795/2055 2840/2793/2085
f 2840/2793/2085 2842/2795/2055 1742/1722/1368
f 2840/2793/2085 1742/1722/1368 1740/1720/1366
f 2841/2794/2086 2840/2793/2085 1740/1720/1366
f 2841/2794/2086 1740/1720/1366 1735/1715/1361
f 2835/2788/2081 2834/2787/2080 2843/2796/2087
f 2835/2788/2081 2843/2796/2087 2844/2797/2088
f 2834/2787/2080 2833/2786/2079 2841/2794/2086
f 2834/2787/2080 2841/2794/2086 2843/2796/2087
f 2843/2796/2087 2841/2794/2086 1735/1715/1361
f 2843/2796/2087 1735/1715/1361 1732/1712/1358
f 2844/2797/2088 2843/2796/2087 1732/1712/1358
f 2844/2797/2088 1732/1712/1358 1731/1711/1357
f 2097/2063/1520 2095/2061/1545 2845/2798/2089
f 2097/2063/1520 2845/2798/2089 2846/2799/2065
f 2095/2061/1545 2090/2056/1540 2847/2800/2090
f 2095/2061/1545 2847/2800/2090 2845/2798/2089
f 2845/2798/2089 2847/2800/2090 2848/2801/2091
f 2845/2798/2089 2848/2801/2091 2849/2802/2092
f 2846/2799/2065 2845/2798/2089 2849/2802/2092
f 2846/2799/2065 2849/2802/2092 2850/2803/2093
f 2090/2056/1540 2087/2053/1537 2851/2804/2094
f 2090/2056/1540 2851/2804/2094 2847/2800/2090
f 2087/2053/1537 2086/2052/1536 2852/2805/2095
f 2087/2053/1537 2852/2805/2095 2851/2804/2094
f 2851/2804/2094 2852/2805/2095 2853/2806/2096
f 2851/2804/2094 2853/2806/2096 2854/2807/2097
f 2847/2800/2090 2851/2804/2094 2854/2807/2097
f 2847/2800/2090 2854/2807/2097 2848/2801/2091
f 2848/2801/2091 2854/2807/2097 2855/2808/2098
f 2848/2801/2091 2855/2808/2098 2856/2809/2099
f 2854/2807/2097 2853/2806/2096 2857/2810/2100
f 2854/2807/2097 2857/2810/2100 2855/2808/2098
f 2855/2808/2098 2857/2810/2100 2858/2811/2101
f 2855/2808/2098 2858/2811/2101 2859/2812/2102
f 2856/2809/2099 2855/2808/2098 2859/2812/2102
f 2856/2809/2099 2859/2812/2102 2860/2813/2103
f 2850/2803/2093 2849/2802/2092 2861/2814/2104
f 2850/2803/2093 2861/2814/2104 2862/2815/2105
f 2849/2802/2092 2848/2801/2091 2856/2809/2099
f 2849/2802/2092 2856/2809/2099 2861/2814/2104
f 2861/2814/2104 2856/2809/2099 2860/2813/2103
f 2861/2814/2104 2860/2813/2103 2863/2816/2106
f 2862/2815/2105 2861/2814/2104 2863/2816/2106
f 2862/2815/2105 2863/2816/2106 2864/2817/2107
f 1580/1560/1210 2379/2332/1649 2865/2818/2108
f 1580/1560/1210 2865/2818/2108 2698/2651/1947
f 2379/2332/1649 2383/2336/1653 2866/2819/2109
f 2379/2332/1649 2866/2819/2109 2865/2818/2108
f 2865/2818/2108 2866/2819/2109 2867/2820/2110
f 2865/2818/2108 2867/2820/2110 2868/2821/2111
f 2698/2651/1947 2865/2818/2108 2868/2821/2111
f 2698/2651/1947 2868/2821/2111 2699/2652/1948
f 2383/2336/1653 2389/2342/1659 2869/2822/2112
f 2383/2336/1653 2869/2822/2112 2866/2819/2109
f 2389/2342/1659 1217/1197/863 2870/2823/2113
f 2389/2342/1659 2870/2823/2113 2869/2822/2112
f 2869/2822/2112 2870/2823/2113 2871/2824/2114
f 2869/2822/2112 2871/2824/2114 2872/2825/2115
f 2866/2819/2109 2869/2822/2112 2872/2825/2115
f 2866/2819/2109 2872/2825/2115 2867/2820/2110
f 2867/2820/2110 2872/2825/2115 2873/2826/2116
f 2867/2820/2110 2873/2826/2116 2874/2827/2117
f 2872/2825/2115 2871/2824/2114 2875/2828/2118
f 2872/2825/2115 2875/2828/2118 2873/2826/2116
f 2873/2826/2116 2875/2828/2118 2403/2356/1673
f 2873/2826/2116 2403/2356/1673 2402/2355/1672
f 2874/2827/2117 2873/2826/2116 2402/2355/1672
f 2874/2827/2117 2402/2355/1672 2398/2351/1668
f 2699/2652/1948 2868/2821/2111 2876/2829/2119
f 2699/2652/1948 2876/2829/2119 2703/2656/1952
f 2868/2821/2111 2867/2820/2110 2874/2827/2117
f 2868/2821/2111 2874/2827/2117 2876/2829/2119
f 2876/2829/2119 2874/2827/2117 2398/2351/1668
f 2876/2829/2119 2398/2351/1668 2397/2350/1667
f 2703/2656/1952 2876/2829/2119 2397/2350/1667
f 2703/2656/1952 2397/2350/1667 1659/1639/1286
f 1217/1197/863 1991/1957/1441 2877/2830/2120
f 1217/1197/863 2877/2830/2120 2870/2823/2113
f 1991/1957/1441 1995/1961/1445 2878/2831/2121
f 1991/1957/1441 2878/2831/2121 2877/2830/2120
f 2877/2830/2120 2878/2831/2121 2879/2832/2122
f 2877/2830/2120 2879/2832/2122 2880/2833/2123
f 2870/2823/2113 2877/2830/2120 2880/2833/2123
f 2870/2823/2113 2880/2833/2123 2871/2824/2114
f 1995/1961/1445 2011/1977/1461 2881/2834/2124
f 1995/1961/1445 2881/2834/2124 2878/2831/2121
f 2011/1977/1461 2013/1979/1463 2882/2835/2125
f 2011/1977/1461 2882/2835/2125 2881/2834/2124
f 2881/2834/2124 2882/2835/2125 2883/2836/2126
f 2881/2834/2124 2883/2836/2126 2884/2837/2127
f 2878/2831/2121 2881/2834/2124 2884/2837/2127
f 2878/2831/2121 2884/2837/2127 2879/2832/2122
f 2879/2832/2122 2884/2837/2127 2885/2838/2128
f 2879/2832/2122 2885/2838/2128 2886/2839/2129
f 2884/2837/2127 2883/2836/2126 2887/2840/2130
f 2884/2837/2127 2887/2840/2130 2885/2838/2128
f 2885/2838/2128 2887/2840/2130 2409/2362/1679
f 2885/2838/2128 2409/2362/1679 2408/2361/1678
f 2886/2839/2129 2885/2838/2128 2408/2361/1678
f 2886/2839/2129 2408/2361/1678 2405/2358/1675
f 2871/2824/2114 2880/2833/2123 2888/2841/2131
f 2871/2824/2114 2888/2841/2131 2875/2828/2118
f 2880/2833/2123 2879/2832/2122 2886/2839/2129
f 2880/2833/2123 2886/2839/2129 2888/2841/2131
f 2888/2841/2131 2886/2839/2129 2405/2358/1675
f 2888/2841/2131 2405/2358/1675 2404/2357/1674
f 2875/2828/2118 2888/2841/2131 2404/2357/1674
f 2875/2828/2118 2404/2357/1674 2403/2356/1673
f 2339/2292/1609 2422/2375/1692 2889/2842/2132
f 2339/2292/1609 2889/2842/2132 2890/2843/2133
f 2422/2375/1692 2418/2371/1688 2891/2844/2134
f 2422/2375/1692 2891/2844/2134 2889/2842/2132
f 2889/2842/2132 2891/2844/2134 2892/2845/2135
f 2889/2842/2132 2892/2845/2135 2893/2846/2136
f 2890/2843/2133 2889/2842/2132 2893/2846/2136
f 2890/2843/2133 2893/2846/2136 2894/2847/2137
f 2418/2371/1688 2417/2370/1687 2895/2848/2138
f 2418/2371/1688 2895/2848/2138 2891/2844/2134
f 2417/2370/1687 2029/1995/1479 2707/2660/1956
f 2417/2370/1687 2707/2660/1956 2895/2848/2138
f 2895/2848/2138 2707/2660/1956 2711/2664/1960
f 2895/2848/2138 2711/2664/1960 2896/2849/2139
f 2891/2844/2134 2895/2848/2138 2896/2849/2139
f 2891/2844/2134 2896/2849/2139 2892/2845/2135
f 2892/2845/2135 2896/2849/2139 2897/2850/2140
f 2892/2845/2135 2897/2850/2140 2898/2851/2141
f 2896/2849/2139 2711/2664/1960 2723/2676/1972
f 2896/2849/2139 2723/2676/1972 2897/2850/2140
f 2897/2850/2140 2723/2676/1972 2725/2678/1974
f 2897/2850/2140 2725/2678/1974 2899/2852/2142
f 2898/2851/2141 2897/2850/2140 2899/2852/2142
f 2898/2851/2141 2899/2852/2142 2900/2853/2143
f 2894/2847/2137 2893/2846/2136 2901/2854/2144
f 2894/2847/2137 2901/2854/2144 2902/2855/2145
f 2893/2846/2136 2892/2845/2135 2898/2851/2141
f 2893/2846/2136 2898/2851/2141 2901/2854/2144
f 2901/2854/2144 2898/2851/2141 2900/2853/2143
f 2901/2854/2144 2900/2853/2143 2903/2856/2146
f 2902/2855/2145 2901/2854/2144 2903/2856/2146
f 2902/2855/2145 2903/2856/2146 2904/2857/2147
f 1088/1068/738 2679/2632/1928 2905/2858/2148
f 1088/1068/738 2905/2858/2148 2906/2859/2149
f 2679/2632/1928 2675/2628/1924 2907/2860/2150
f 2679/2632/1928 2907/2860/2150 2905/2858/2148
f 2905/2858/2148 2907/2860/2150 2908/2861/2151
f 2905/2858/2148 2908/2861/2151 2909/2862/2152
f 2906/2859/2149 2905/2858/2148 2909/2862/2152
f 2906/2859/2149 2909/2862/2152 2910/2863/2153
f 2675/2628/1924 2674/2627/1923 2911/2864/2154
f 2675/2628/1924 2911/2864/2154 2907/2860/2150
f 2674/2627/1923 1386/1366/1023 2831/2784/2077
f 2674/2627/1923 2831/2784/2077 2911/2864/2154
f 2911/2864/2154 2831/2784/2077 2835/2788/2081
f 2911/2864/2154 2835/2788/2081 2912/2865/2155
f 2907/2860/2150 2911/2864/2154 2912/2865/2155
f 2907/2860/2150 2912/2865/2155 2908/2861/2151
f 2908/2861/2151 2912/2865/2155 2913/2866/2156
f 2908/2861/2151 2913/2866/2156 2914/2867/2157
f 2912/2865/2155 2835/2788/2081 2844/2797/2088
f 2912/2865/2155 2844/2797/2088 2913/2866/2156
f 2913/2866/2156 2844/2797/2088 1731/1711/1357
f 2913/2866/2156 1731/1711/1357 2656/2609/1905
f 2914/2867/2157 2913/2866/2156 2656/2609/1905
f 2914/2867/2157 2656/2609/1905 2651/2604/1900
f 2910/2863/2153 2909/2862/2152 2915/2868/2158
f 2910/2863/2153 2915/2868/2158 2916/2869/2159
f 2909/2862/2152 2908/2861/2151 2914/2867/2157
f 2909/2862/2152 2914/2867/2157 2915/2868/2158
f 2915/2868/2158 2914/2867/2157 2651/2604/1900
f 2915/2868/2158 2651/2604/1900 2648/2601/1897
f 2916/2869/2159 2915/2868/2158 2648/2601/1897
f 2916/2869/2159 2648/2601/1897 2647/2600/1896
f 2086/2052/1536 2641/2594/1890 2917/2870/2160
f 2086/2052/1536 2917/2870/2160 2852/2805/2095
f 2641/2594/1890 2637/2590/1886 2918/2871/2161
f 2641/2594/1890 2918/2871/2161 2917/2870/2160
f 2917/2870/2160 2918/2871/2161 2919/2872/2162
f 2917/2870/2160 2919/2872/2162 2920/2873/2163
f 2852/2805/2095 2917/2870/2160 2920/2873/2163
f 2852/2805/2095 2920/2873/2163 2853/2806/2096
f 2637/2590/1886 2635/2588/1884 2921/2874/2164
f 2637/2590/1886 2921/2874/2164 2918/2871/2161
f 2635/2588/1884 2125/2091/1572 2922/2875/2165
f 2635/2588/1884 2922/2875/2165 2921/2874/2164
f 2921/2874/2164 2922/2875/2165 2923/2876/2166
f 2921/2874/2164 2923/2876/2166 2924/2877/2167
f 2918/2871/2161 2921/2874/2164 2924/2877/2167
f 2918/2871/2161 2924/2877/2167 2919/2872/2162
f 2919/2872/2162 2924/2877/2167 2925/2878/2168
f 2919/2872/2162 2925/2878/2168 2926/2879/2169
f 2924/2877/2167 2923/2876/2166 2927/2880/2170
f 2924/2877/2167 2927/2880/2170 2925/2878/2168
f 2925/2878/2168 2927/2880/2170 2928/2881/2171
f 2925/2878/2168 2928/2881/2171 2929/2882/2172
f 2926/2879/2169 2925/2878/2168 2929/2882/2172
f 2926/2879/2169 2929/2882/2172 2930/2883/2173
f 2853/2806/2096 2920/2873/2163 2931/2884/2174
f 2853/2806/2096 2931/2884/2174 2857/2810/2100
f 2920/2873/2163 2919/2872/2162 2926/2879/2169
f 2920/2873/2163 2926/2879/2169 2931/2884/2174
f 2931/2884/2174 2926/2879/2169 2930/2883/2173
f 2931/2884/2174 2930/2883/2173 2932/2885/2175
f 2857/2810/2100 2931/2884/2174 2932/2885/2175
f 2857/2810/2100 2932/2885/2175 2858/2811/2101
f 1779/1759/1405 1778/1758/1404 2933/2886/2176
f 1779/1759/1405 2933/2886/2176 2934/2887/2177
f 1778/1758/1404 1775/1755/1401 2935/2888/2178
f 1778/1758/1404 2935/2888/2178 2933/2886/2176
f 2933/2886/2176 2935/2888/2178 2936/2889/2179
f 2933/2886/2176 2936/2889/2179 2937/2890/2180
f 2934/2887/2177 2933/2886/2176 2937/2890/2180
f 2934/2887/2177 2937/2890/2180 2938/2891/2181
f 1775/1755/1401 1774/1754/1400 2939/2892/2182
f 1775/1755/1401 2939/2892/2182 2935/2888/2178
f 1774/1754/1400 1088/1068/738 2906/2859/2149
f 1774/1754/1400 2906/2859/2149 2939/2892/2182
f 2939/2892/2182 2906/2859/2149 2910/2863/2153
f 2939/2892/2182 2910/2863/2153 2940/2893/2183
f 2935/2888/2178 2939/2892/2182 2940/2893/2183
f 2935/2888/2178 2940/2893/2183 2936/2889/2179
f 2936/2889/2179 2940/2893/2183 2941/2894/2184
f 2936/2889/2179 2941/2894/2184 2942/2895/2185
f 2940/2893/2183 2910/2863/2153 2916/2869/2159
f 2940/2893/2183 2916/2869/2159 2941/2894/2184
f 2941/2894/2184 2916/2869/2159 2647/2600/1896
f 2941/2894/2184 2647/2600/1896 2650/2603/1899
f 2942/2895/2185 2941/2894/2184 2650/2603/1899
f 2942/2895/2185 2650/2603/1899 2655/2608/1904
f 2938/2891/2181 2937/2890/2180 2943/2896/2186
f 2938/2891/2181 2943/2896/2186 2944/2897/2187
f 2937/2890/2180 2936/2889/2179 2942/2895/2185
f 2937/2890/2180 2942/2895/2185 2943/2896/2186
f 2943/2896/2186 2942/2895/2185 2655/2608/1904
f 2943/2896/2186 2655/2608/1904 2664/2617/1913
f 2944/2897/2187 2943/2896/2186 2664/2617/1913
f 2944/2897/2187 2664/2617/1913 2666/2619/1915
f 1730/1710/1356 1729/1709/1355 2945/2898/2188
f 1730/1710/1356 2945/2898/2188 2946/2899/2189
f 1729/1709/1355 1726/1706/1352 2947/2900/2190
f 1729/1709/1355 2947/2900/2190 2945/2898/2188
f 2945/2898/2188 2947/2900/2190 2948/2901/2191
f 2945/2898/2188 2948/2901/2191 2949/2902/2192
f 2946/2899/2189 2945/2898/2188 2949/2902/2192
f 2946/2899/2189 2949/2902/2192 2950/2903/2193
f 1726/1706/1352 1725/1705/1351 2951/2904/2194
f 1726/1706/1352 2951/2904/2194 2947/2900/2190
f 1725/1705/1351 1710/1690/1336 2952/2905/2195
f 1725/1705/1351 2952/2905/2195 2951/2904/2194
f 2951/2904/2194 2952/2905/2195 2953/2906/2196
f 2951/2904/2194 2953/2906/2196 2954/2907/2197
f 2947/2900/2190 2951/2904/2194 2954/2907/2197
f 2947/2900/2190 2954/2907/2197 2948/2901/2191
f 2948/2901/2191 2954/2907/2197 2955/2908/2198
f 2948/2901/2191 2955/2908/2198 2956/2909/2199
f 2954/2907/2197 2953/2906/2196 2957/2910/2200
f 2954/2907/2197 2957/2910/2200 2955/2908/2198
f 2955/2908/2198 2957/2910/2200 2958/2911/2201
f 2955/2908/2198 2958/2911/2201 2959/2912/2202
f 2956/2909/2199 2955/2908/2198 2959/2912/2202
f 2956/2909/2199 2959/2912/2202 2960/2913/2203
f 2950/2903/2193 2949/2902/2192 2961/2914/2204
f 2950/2903/2193 2961/2914/2204 2962/2915/2205
f 2949/2902/2192 2948/2901/2191 2956/2909/2199
f 2949/2902/2192 2956/2909/2199 2961/2914/2204
f 2961/2914/2204 2956/2909/2199 2960/2913/2203
f 2961/2914/2204 2960/2913/2203 2963/2916/2206
f 2962/2915/2205 2961/2914/2204 2963/2916/2206
f 2962/2915/2205 2963/2916/2206 2964/2917/2207
f 1755/1735/1381 1754/1734/1380 2965/2918/2208
f 1755/1735/1381 2965/2918/2208 2966/2919/2209
f 1754/1734/1380 1751/1731/1377 2967/2920/2210
f 1754/1734/1380 2967/2920/2210 2965/2918/2208
f 2965/2918/2208 2967/2920/2210 2968/2921/2211
f 2965/2918/2208 2968/2921/2211 2969/2922/2212
f 2966/2919/2209 2965/2918/2208 2969/2922/2212
f 2966/2919/2209 2969/2922/2212 2970/2923/2213
f 1751/1731/1377 1750/1730/1376 2971/2924/2214
f 1751/1731/1377 2971/2924/2214 2967/2920/2210
f 1750/1730/1376 1749/1729/1375 2972/2925/2215
f 1750/1730/1376 2972/2925/2215 2971/2924/2214
f 2971/2924/2214 2972/2925/2215 2973/2926/2193
f 2971/2924/2214 2973/2926/2193 2974/2927/2216
f 2967/2920/2210 2971/2924/2214 2974/2927/2216
f 2967/2920/2210 2974/2927/2216 2968/2921/2211
f 2968/2921/2211 2974/2927/2216 2975/2928/2217
f 2968/2921/2211 2975/2928/2217 2976/2929/2218
f 2974/2927/2216 2973/2926/2193 2977/2930/2219
f 2974/2927/2216 2977/2930/2219 2975/2928/2217
f 2975/2928/2217 2977/2930/2219 2978/2931/2220
f 2975/2928/2217 2978/2931/2220 2979/2932/2221
f 2976/2929/2218 2975/2928/2217 2979/2932/2221
f 2976/2929/2218 2979/2932/2221 2980/2933/2222
f 2970/2923/2213 2969/2922/2212 2981/2934/2223
f 2970/2923/2213 2981/2934/2223 2982/2935/2224
f 2969/2922/2212 2968/2921/2211 2976/2929/2218
f 2969/2922/2212 2976/2929/2218 2981/2934/2223
f 2981/2934/2223 2976/2929/2218 2980/2933/2222
f 2981/2934/2223 2980/2933/2222 2983/2936/2225
f 2982/2935/2224 2981/2934/2223 2983/2936/2225
f 2982/2935/2224 2983/2936/2225 2984/2937/2226
f 2666/2619/1915 2665/2618/1914 2985/2938/2227
f 2666/2619/1915 2985/2938/2227 2986/2939/2228
f 2665/2618/1914 2662/2615/1911 2987/2940/2229
f 2665/2618/1914 2987/2940/2229 2985/2938/2227
f 2985/2938/2227 2987/2940/2229 2988/2941/2230
f 2985/2938/2227 2988/2941/2230 2989/2942/2231
f 2986/2939/2228 2985/2938/2227 2989/2942/2231
f 2986/2939/2228 2989/2942/2231 2990/2943/2232
f 2662/2615/1911 2661/2614/1910 2991/2944/2233
f 2662/2615/1911 2991/2944/2233 2987/2940/2229
f 2661/2614/1910 1755/1735/1381 2966/2919/2209
f 2661/2614/1910 2966/2919/2209 2991/2944/2233
f 2991/2944/2233 2966/2919/2209 2970/2923/2213
f 2991/2944/2233 2970/2923/2213 2992/2945/2234
f 2987/2940/2229 2991/2944/2233 2992/2945/2234
f 2987/2940/2229 2992/2945/2234 2988/2941/2230
f 2988/2941/2230 2992/2945/2234 2993/2946/2235
f 2988/2941/2230 2993/2946/2235 2994/2947/2236
f 2992/2945/2234 2970/2923/2213 2982/2935/2224
f 2992/2945/2234 2982/2935/2224 2993/2946/2235
f 2993/2946/2235 2982/2935/2224 2984/2937/2226
f 2993/2946/2235 2984/2937/2226 2995/2948/2237
f 2994/2947/2236 2993/2946/2235 2995/2948/2237
f 2994/2947/2236 2995/2948/2237 2996/2949/2238
f 2990/2943/2232 2989/2942/2231 2997/2950/2239
f 2990/2943/2232 2997/2950/2239 2998/2951/2240
f 2989/2942/2231 2988/2941/2230 2994/2947/2236
f 2989/2942/2231 2994/2947/2236 2997/2950/2239
f 2997/2950/2239 2994/2947/2236 2996/2949/2238
f 2997/2950/2239 2996/2949/2238 2999/2952/2241
f 2998/2951/2240 2997/2950/2239 2999/2952/2241
f 2998/2951/2240 2999/2952/2241 3000/2953/2242
f 3001/2954/1405 3002/2955/1405 3003/2956/2243
f 3001/2954/1405 3003/2956/2243 3004/2957/2244
f 3002/2955/1405 3005/2958/1405 3006/2959/2245
f 3002/2955/1405 3006/2959/2245 3003/2956/2243
f 3003/2956/2243 3006/2959/2245 3007/2960/2246
f 3003/2956/2243 3007/2960/2246 3008/2961/2247
f 3004/2957/2244 3003/2956/2243 3008/2961/2247
f 3004/2957/2244 3008/2961/2247 3009/2962/2248
f 3005/2958/1405 3010/2963/1405 3011/2964/2249
f 3005/2958/1405 3011/2964/2249 3006/2959/2245
f 3010/2963/1405 1779/1759/1405 2934/2887/2177
f 3010/2963/1405 2934/2887/2177 3011/2964/2249
f 3011/2964/2249 2934/2887/2177 2938/2891/2181
f 3011/2964/2249 2938/2891/2181 3012/2965/2181
f 3006/2959/2245 3011/2964/2249 3012/2965/2181
f 3006/2959/2245 3012/2965/2181 3007/2960/2246
f 3007/2960/2246 3012/2965/2181 3013/2966/2250
f 3007/2960/2246 3013/2966/2250 3014/2967/2251
f 3012/2965/2181 2938/2891/2181 2944/2897/2187
f 3012/2965/2181 2944/2897/2187 3013/2966/2250
f 3013/2966/2250 2944/2897/2187 2666/2619/1915
f 3013/2966/2250 2666/2619/1915 2986/2939/2228
f 3014/2967/2251 3013/2966/2250 2986/2939/2228
f 3014/2967/2251 2986/2939/2228 2990/2943/2232
f 3009/2962/2248 3008/2961/2247 3015/2968/2252
f 3009/2962/2248 3015/2968/2252 3016/2969/2253
f 3008/2961/2247 3007/2960/2246 3014/2967/2251
f 3008/2961/2247 3014/2967/2251 3015/2968/2252
f 3015/2968/2252 3014/2967/2251 2990/2943/2232
f 3015/2968/2252 2990/2943/2232 2998/2951/2240
f 3016/2969/2253 3015/2968/2252 2998/2951/2240
f 3016/2969/2253 2998/2951/2240 3000/2953/2242
f 3017/2970/1382 3018/2971/1382 3019/2972/1385
f 3017/2970/1382 3019/2972/1385 3020/2973/1385
f 3018/2971/1382 3021/2974/1382 3022/2975/1385
f 3018/2971/1382 3022/2975/1385 3019/2972/1385
f 3023/2976/1392 3024/2977/2254 3025/2978/2255
f 3023/2976/1392 3025/2978/2255 3026/2979/2256
f 3027/2980/1392 3023/2976/1392 3026/2979/2256
f 3027/2980/1392 3026/2979/2256 3028/2981/2257
f 3021/2974/1382 3029/2982/1382 3030/2983/1385
f 3021/2974/1382 3030/2983/1385 3022/2975/1385
f 3029/2982/1382 1756/1736/1382 1759/1739/1385
f 3029/2982/1382 1759/1739/1385 3030/2983/1385
f 3031/2984/2254 1766/1746/1392 1767/1747/1393
f 3031/2984/2254 1767/1747/1393 3032/2985/2255
f 3024/2977/2254 3031/2984/2254 3032/2985/2255
f 3024/2977/2254 3032/2985/2255 3025/2978/2255
f 3025/2978/2255 3032/2985/2255 3033/2986/2258
f 3025/2978/2255 3033/2986/2258 3034/2987/2259
f 3032/2985/2255 1767/1747/1393 1777/1757/1403
f 3032/2985/2255 1777/1757/1403 3033/2986/2258
f 3033/2986/2258 1777/1757/1403 1779/1759/1405
f 3033/2986/2258 1779/1759/1405 3010/2963/1405
f 3034/2987/2259 3033/2986/2258 3010/2963/1405
f 3034/2987/2259 3010/2963/1405 3005/2958/1405
f 3028/2981/2257 3026/2979/2256 3035/2988/2258
f 3028/2981/2257 3035/2988/2258 3036/2989/2260
f 3026/2979/2256 3025/2978/2255 3034/2987/2259
f 3026/2979/2256 3034/2987/2259 3035/2988/2258
f 3035/2988/2258 3034/2987/2259 3005/2958/1405
f 3035/2988/2258 3005/2958/1405 3002/2955/1405
f 3036/2989/2260 3035/2988/2258 3002/2955/1405
f 3036/2989/2260 3002/2955/1405 3001/2954/1405
f 3037/2990/1421 3038/2991/1421 3039/2992/1832
f 3037/2990/1421 3039/2992/1832 3040/2993/1832
f 3038/2991/1421 3041/2994/1421 3042/2995/1817
f 3038/2991/1421 3042/2995/1817 3039/2992/1832
f 3039/2992/1832 3042/2995/1817 3043/2996/1834
f 3039/2992/1832 3043/2996/1834 3044/2997/1834
f 3040/2993/1832 3039/2992/1832 3044/2997/1834
f 3040/2993/1832 3044/2997/1834 3045/2998/1833
f 3041/2994/1421 3046/2999/1421 3047/3000/2261
f 3041/2994/1421 3047/3000/2261 3042/2995/1817
f 3046/2999/1421 1799/1779/1421 2570/2523/1832
f 3046/2999/1421 2570/2523/1832 3047/3000/2261
f 3047/3000/2261 2570/2523/1832 2574/2527/1834
f 3047/3000/2261 2574/2527/1834 3048/3001/1834
f 3042/2995/1817 3047/3000/2261 3048/3001/1834
f 3042/2995/1817 3048/3001/1834 3043/2996/1834
f 3043/2996/1834 3048/3001/1834 3049/3002/1838
f 3043/2996/1834 3049/3002/1838 3050/3003/1838
f 3048/3001/1834 2574/2527/1834 2580/2533/1838
f 3048/3001/1834 2580/2533/1838 3049/3002/1838
f 3049/3002/1838 2580/2533/1838 1756/1736/1382
f 3049/3002/1838 1756/1736/1382 3029/2982/1382
f 3050/3003/1838 3049/3002/1838 3029/2982/1382
f 3050/3003/1838 3029/2982/1382 3021/2974/1382
f 3045/2998/1833 3044/2997/1834 3051/3004/1838
f 3045/2998/1833 3051/3004/1838 3052/3005/1838
f 3044/2997/1834 3043/2996/1834 3050/3003/1838
f 3044/2997/1834 3050/3003/1838 3051/3004/1838
f 3051/3004/1838 3050/3003/1838 3021/2974/1382
f 3051/3004/1838 3021/2974/1382 3018/2971/1382
f 3052/3005/1838 3051/3004/1838 3018/2971/1382
f 3052/3005/1838 3018/2971/1382 3017/2970/1382
f 3053/3006/407 3054/3007/407 3055/3008/2262
f 3053/3006/407 3055/3008/2262 3056/3009/2262
f 3054/3007/407 3057/3010/406 3058/3011/2262
f 3054/3007/407 3058/3011/2262 3055/3008/2262
f 3055/3008/2262 3058/3011/2262 3059/3012/2263
f 3055/3008/2262 3059/3012/2263 3060/3013/2263
f 3056/3009/2262 3055/3008/2262 3060/3013/2263
f 3056/3009/2262 3060/3013/2263 3061/3014/1412
f 3057/3010/406 3062/3015/406 3063/3016/2262
f 3057/3010/406 3063/3016/2262 3058/3011/2262
f 3062/3015/406 1780/1760/406 1783/1763/1408
f 3062/3015/406 1783/1763/1408 3063/3016/2262
f 3063/3016/2262 1783/1763/1408 1788/1768/1412
f 3063/3016/2262 1788/1768/1412 3064/3017/1412
f 3058/3011/2262 3063/3016/2262 3064/3017/1412
f 3058/3011/2262 3064/3017/1412 3059/3012/2263
f 3059/3012/2263 3064/3017/1412 3065/3018/1420
f 3059/3012/2263 3065/3018/1420 3066/3019/1420
f 3064/3017/1412 1788/1768/1412 1797/1777/1420
f 3064/3017/1412 1797/1777/1420 3065/3018/1420
f 3065/3018/1420 1797/1777/1420 1799/1779/1421
f 3065/3018/1420 1799/1779/1421 3046/2999/1421
f 3066/3019/1420 3065/3018/1420 3046/2999/1421
f 3066/3019/1420 3046/2999/1421 3041/2994/1421
f 3061/3014/1412 3060/3013/2263 3067/3020/1420
f 3061/3014/1412 3067/3020/1420 3068/3021/1420
f 3060/3013/2263 3059/3012/2263 3066/3019/1420
f 3060/3013/2263 3066/3019/1420 3067/3020/1420
f 3067/3020/1420 3066/3019/1420 3041/2994/1421
f 3067/3020/1420 3041/2994/1421 3038/2991/1421
f 3068/3021/1420 3067/3020/1420 3038/2991/1421
f 3068/3021/1420 3038/2991/1421 3037/2990/1421
f 3069/3022/235 3070/3023/235 3071/3024/238
f 3069/3022/235 3071/3024/238 3072/3025/238
f 3070/3023/235 3073/3026/235 3074/3027/238
f 3070/3023/235 3074/3027/238 3071/3024/238
f 3071/3024/238 3074/3027/238 3075/3028/243
f 3071/3024/238 3075/3028/243 3076/3029/243
f 3072/3025/238 3071/3024/238 3076/3029/243
f 3072/3025/238 3076/3029/243 3077/3030/2264
f 3073/3026/235 3078/3031/235 3079/3032/238
f 3073/3026/235 3079/3032/238 3074/3027/238
f 3078/3031/235 1800/1780/235 1803/1783/238
f 3078/3031/235 1803/1783/238 3079/3032/238
f 3079/3032/238 1803/1783/238 1808/1788/243
f 3079/3032/238 1808/1788/243 3080/3033/2264
f 3074/3027/238 3079/3032/238 3080/3033/2264
f 3074/3027/238 3080/3033/2264 3075/3028/243
f 3075/3028/243 3080/3033/2264 3081/3034/403
f 3075/3028/243 3081/3034/403 3082/3035/403
f 3080/3033/2264 1808/1788/243 1817/1797/403
f 3080/3033/2264 1817/1797/403 3081/3034/403
f 3081/3034/403 1817/1797/403 1819/1799/406
f 3081/3034/403 1819/1799/406 3083/3036/406
f 3082/3035/403 3081/3034/403 3083/3036/406
f 3082/3035/403 3083/3036/406 3084/3037/406
f 3077/3030/2264 3076/3029/243 3085/3038/403
f 3077/3030/2264 3085/3038/403 3086/3039/403
f 3076/3029/243 3075/3028/243 3082/3035/403
f 3076/3029/243 3082/3035/403 3085/3038/403
f 3085/3038/403 3082/3035/403 3084/3037/406
f 3085/3038/403 3084/3037/406 3087/3040/406
f 3086/3039/403 3085/3038/403 3087/3040/406
f 3086/3039/403 3087/3040/406 3088/3041/406
s 0
f 3089/3042/140 3090/3043/140 3092/3044/140
f 3089/3042/140 3092/3044/140 3094/3045/140
f 3090/3043/140 3096/3046/140 3098/3047/140
f 3090/3043/140 3098/3047/140 3092/3044/140
f 3091/3044/408 3097/3047/408 3099/3048/408
f 3091/3044/408 3099/3048/408 3102/3049/410
s 1
f 3093/3045/408 3091/3044/408 3102/3049/353
s 0
f 3093/3045/408 3104/3049/408 3107/3050/408
f 3096/3046/140 3108/3051/140 3110/3052/140
f 3096/3046/140 3110/3052/140 3098/3047/140
f 3108/3051/140 1820/1800/140 1826/1803/140
f 3108/3051/140 1826/1803/140 3110/3052/140
f 3109/3052/408 1825/1803/408 1838/1808/408
f 3109/3052/408 1838/1808/408 3113/3053/408
s 1
f 3097/3047/408 3109/3052/408 3111/3053/353
s 0
f 3097/3047/408 3113/3053/408 3101/3048/408
s 1
f 3100/3048/353 3112/3053/353 3114/3054/362
f 3100/3048/353 3114/3054/362 3115/3055/362
f 3112/3053/353 1837/1808/409 1849/1815/362
f 3112/3053/353 1849/1815/362 3114/3054/362
f 3114/3054/362 1849/1815/362 1800/1780/235
f 3114/3054/362 1800/1780/235 3078/3031/235
f 3115/3055/362 3114/3054/362 3078/3031/235
f 3115/3055/362 3078/3031/235 3073/3026/235
f 3105/3050/409 3103/3049/353 3116/3056/362
f 3105/3050/409 3116/3056/362 3117/3057/362
f 3103/3049/353 3100/3048/353 3115/3055/362
f 3103/3049/353 3115/3055/362 3116/3056/362
f 3116/3056/362 3115/3055/362 3073/3026/235
f 3116/3056/362 3073/3026/235 3070/3023/235
f 3117/3057/362 3116/3056/362 3070/3023/235
f 3117/3057/362 3070/3023/235 3069/3022/235
f 3118/3058/411 3119/3059/411 3120/3060/412
f 3118/3058/411 3120/3060/412 3121/3061/413
f 3119/3059/411 3122/3062/411 3123/3063/415
f 3119/3059/411 3123/3063/415 3120/3060/412
f 3120/3060/412 3123/3063/415 3124/3064/414
f 3120/3060/412 3124/3064/414 3125/3065/129
f 3121/3061/413 3120/3060/412 3125/3065/129
f 3121/3061/413 3125/3065/129 3126/3066/129
f 3122/3062/411 3127/3067/411 3128/3068/415
f 3122/3062/411 3128/3068/415 3123/3063/415
f 3127/3067/411 1850/1816/411 1853/1819/412
f 3127/3067/411 1853/1819/412 3128/3068/415
f 3128/3068/415 1853/1819/412 1858/1824/129
f 3128/3068/415 1858/1824/129 3129/3069/414
f 3123/3063/415 3128/3068/415 3129/3069/414
f 3123/3063/415 3129/3069/414 3124/3064/414
f 3124/3064/414 3129/3069/414 3130/3070/138
f 3124/3064/414 3130/3070/138 3131/3071/138
f 3129/3069/414 1858/1824/129 1865/1831/138
f 3129/3069/414 1865/1831/138 3130/3070/138
f 3130/3070/138 1865/1831/138 1820/1800/140
f 3130/3070/138 1820/1800/140 3108/3051/140
f 3131/3071/138 3130/3070/138 3108/3051/140
f 3131/3071/138 3108/3051/140 3096/3046/140
f 3126/3066/129 3125/3065/129 3132/3072/138
f 3126/3066/129 3132/3072/138 3133/3073/138
f 3125/3065/129 3124/3064/414 3131/3071/138
f 3125/3065/129 3131/3071/138 3132/3072/138
f 3132/3072/138 3131/3071/138 3096/3046/140
f 3132/3072/138 3096/3046/140 3090/3043/140
f 3133/3073/138 3132/3072/138 3090/3043/140
f 3133/3073/138 3090/3043/140 3089/3042/140
f 3134/3074/76 3135/3075/77 3136/3076/77
f 3134/3074/76 3136/3076/77 3137/3077/76
f 3135/3075/77 3138/3078/80 3139/3079/80
f 3135/3075/77 3139/3079/80 3136/3076/77
f 3136/3076/77 3139/3079/80 3140/3080/80
f 3136/3076/77 3140/3080/80 3141/3081/77
f 3137/3077/76 3136/3076/77 3141/3081/77
f 3137/3077/76 3141/3081/77 3142/3082/76
f 3138/3078/80 3143/3083/85 3144/3084/85
f 3138/3078/80 3144/3084/85 3139/3079/80
f 3143/3083/85 3145/3085/87 3146/3086/87
f 3143/3083/85 3146/3086/87 3144/3084/85
f 3144/3084/85 3146/3086/87 3147/3087/87
f 3144/3084/85 3147/3087/87 3148/3088/85
f 3139/3079/80 3144/3084/85 3148/3088/85
f 3139/3079/80 3148/3088/85 3140/3080/80
f 3149/3089/80 3150/3090/555 3151/3091/85
f 3149/3089/80 3151/3091/85 3152/3092/80
f 3150/3090/555 3153/3093/87 3154/3094/87
f 3150/3090/555 3154/3094/87 3151/3091/85
f 3151/3091/85 3154/3094/87 1877/1843/87
f 3151/3091/85 1877/1843/87 1875/1841/1423
f 3152/3092/80 3151/3091/85 1875/1841/1423
f 3152/3092/80 1875/1841/1423 1870/1836/80
f 3155/3095/76 3156/3096/416 3157/3097/77
f 3155/3095/76 3157/3097/77 3158/3098/76
f 3156/3096/416 3149/3089/80 3152/3092/80
f 3156/3096/416 3152/3092/80 3157/3097/77
f 3157/3097/77 3152/3092/80 1870/1836/80
f 3157/3097/77 1870/1836/80 1867/1833/77
f 3158/3098/76 3157/3097/77 1867/1833/77
f 3158/3098/76 1867/1833/77 1866/1832/76
s 0
f 1901/1867/87 1900/1866/87 3159/3099/87
f 1901/1867/87 3159/3099/87 3160/3100/87
f 1900/1866/87 1897/1863/87 3161/3101/87
f 1900/1866/87 3161/3101/87 3159/3099/87
f 3159/3099/87 3161/3101/87 3162/3102/87
f 3159/3099/87 3162/3102/87 3163/3103/87
f 3160/3100/87 3159/3099/87 3163/3103/87
f 3160/3100/87 3163/3103/87 3164/3104/87
f 1897/1863/87 1896/1862/87 3165/3105/87
f 1897/1863/87 3165/3105/87 3161/3101/87
f 1896/1862/87 1877/1843/87 3154/3094/87
f 1896/1862/87 3154/3094/87 3165/3105/87
f 3165/3105/87 3154/3094/87 3153/3093/87
f 3165/3105/87 3153/3093/87 3166/3106/87
f 3161/3101/87 3165/3105/87 3166/3106/87
f 3161/3101/87 3166/3106/87 3162/3102/87
f 3167/3107/87 3168/3108/87 3169/3109/87
f 3167/3107/87 3169/3109/87 3170/3110/87
f 3168/3108/87 3147/3087/87 3146/3086/87
f 3168/3108/87 3146/3086/87 3169/3109/87
f 3169/3109/87 3146/3086/87 3145/3085/87
f 3169/3109/87 3145/3085/87 3171/3111/87
f 3170/3110/87 3169/3109/87 3171/3111/87
f 3170/3110/87 3171/3111/87 3172/3112/87
f 3173/3113/87 3174/3114/87 3175/3115/87
f 3173/3113/87 3175/3115/87 3176/3116/87
f 3174/3114/87 3167/3107/87 3170/3110/87
f 3174/3114/87 3170/3110/87 3175/3115/87
f 3175/3115/87 3170/3110/87 3172/3112/87
f 3175/3115/87 3172/3112/87 3177/3117/87
f 3176/3116/87 3175/3115/87 3177/3117/87
f 3176/3116/87 3177/3117/87 3178/3118/87
s 1
f 1917/1883/217 1916/1882/419 3179/3119/419
f 1917/1883/217 3179/3119/419 3180/3120/420
f 1916/1882/419 1913/1879/422 3181/3121/422
f 1916/1882/419 3181/3121/422 3179/3119/419
f 3179/3119/419 3181/3121/422 3182/3122/422
f 3179/3119/419 3182/3122/422 3183/3123/216
f 3180/3120/420 3179/3119/419 3183/3123/216
f 3180/3120/420 3183/3123/216 3184/3124/420
f 1913/1879/422 1912/1878/1424 3185/3125/1424
f 1913/1879/422 3185/3125/1424 3181/3121/422
f 1912/1878/1424 1901/1867/87 3160/3100/87
f 1912/1878/1424 3160/3100/87 3185/3125/1424
f 3185/3125/1424 3160/3100/87 3164/3104/87
f 3185/3125/1424 3164/3104/87 3186/3126/211
f 3181/3121/422 3185/3125/1424 3186/3126/211
f 3181/3121/422 3186/3126/211 3182/3122/422
f 3187/3127/422 3188/3128/1424 3189/3129/423
f 3187/3127/422 3189/3129/423 3190/3130/422
f 3188/3128/1424 3173/3113/87 3176/3116/87
f 3188/3128/1424 3176/3116/87 3189/3129/423
f 3189/3129/423 3176/3116/87 3178/3118/87
f 3189/3129/423 3178/3118/87 3191/3131/423
f 3190/3130/422 3189/3129/423 3191/3131/423
f 3190/3130/422 3191/3131/423 3192/3132/421
f 3193/3133/420 3194/3134/216 3195/3135/419
f 3193/3133/420 3195/3135/419 3196/3136/420
f 3194/3134/216 3187/3127/422 3190/3130/422
f 3194/3134/216 3190/3130/422 3195/3135/419
f 3195/3135/419 3190/3130/422 3192/3132/421
f 3195/3135/419 3192/3132/421 3197/3137/419
f 3196/3136/420 3195/3135/419 3197/3137/419
f 3196/3136/420 3197/3137/419 3198/3138/217
f 1937/1903/114 1936/1902/113 3199/3139/113
f 1937/1903/114 3199/3139/113 3200/3140/114
f 1936/1902/113 1933/1899/109 3201/3141/109
f 1936/1902/113 3201/3141/109 3199/3139/113
f 3199/3139/113 3201/3141/109 3202/3142/109
f 3199/3139/113 3202/3142/109 3203/3143/113
f 3200/3140/114 3199/3139/113 3203/3143/113
f 3200/3140/114 3203/3143/113 3204/3144/114
f 1933/1899/109 1932/1898/426 3205/3145/108
f 1933/1899/109 3205/3145/108 3201/3141/109
f 1932/1898/426 1931/1897/1425 3206/3146/107
f 1932/1898/426 3206/3146/107 3205/3145/108
f 3205/3145/108 3206/3146/107 3207/3147/107
f 3205/3145/108 3207/3147/107 3208/3148/108
f 3201/3141/109 3205/3145/108 3208/3148/108
f 3201/3141/109 3208/3148/108 3202/3142/109
f 3202/3142/109 3208/3148/108 3209/3149/426
f 3202/3142/109 3209/3149/426 3210/3150/109
f 3208/3148/108 3207/3147/107 3211/3151/107
f 3208/3148/108 3211/3151/107 3209/3149/426
f 3209/3149/426 3211/3151/107 3212/3152/107
f 3209/3149/426 3212/3152/107 3213/3153/108
f 3210/3150/109 3209/3149/426 3213/3153/108
f 3210/3150/109 3213/3153/108 3214/3154/109
f 3204/3144/114 3203/3143/113 3215/3155/113
f 3204/3144/114 3215/3155/113 3216/3156/114
f 3203/3143/113 3202/3142/109 3210/3150/109
f 3203/3143/113 3210/3150/109 3215/3155/113
f 3215/3155/113 3210/3150/109 3214/3154/109
f 3215/3155/113 3214/3154/109 3217/3157/113
f 3216/3156/114 3215/3155/113 3217/3157/113
f 3216/3156/114 3217/3157/113 3218/3158/114
f 1953/1919/306 1952/1918/391 3219/3159/391
f 1953/1919/306 3219/3159/391 3220/3160/306
f 1952/1918/391 1949/1915/387 3221/3161/387
f 1952/1918/391 3221/3161/387 3219/3159/391
f 3219/3159/391 3221/3161/387 3222/3162/387
f 3219/3159/391 3222/3162/387 3223/3163/391
f 3220/3160/306 3219/3159/391 3223/3163/391
f 3220/3160/306 3223/3163/391 3224/3164/306
f 1949/1915/387 1948/1914/386 3225/3165/386
f 1949/1915/387 3225/3165/386 3221/3161/387
f 1948/1914/386 1937/1903/114 3200/3140/114
f 1948/1914/386 3200/3140/114 3225/3165/386
f 3225/3165/386 3200/3140/114 3204/3144/114
f 3225/3165/386 3204/3144/114 3226/3166/386
f 3221/3161/387 3225/3165/386 3226/3166/386
f 3221/3161/387 3226/3166/386 3222/3162/387
f 3222/3162/387 3226/3166/386 3227/3167/386
f 3222/3162/387 3227/3167/386 3228/3168/387
f 3226/3166/386 3204/3144/114 3216/3156/114
f 3226/3166/386 3216/3156/114 3227/3167/386
f 3227/3167/386 3216/3156/114 3218/3158/114
f 3227/3167/386 3218/3158/114 3229/3169/386
f 3228/3168/387 3227/3167/386 3229/3169/386
f 3228/3168/387 3229/3169/386 3230/3170/387
f 3224/3164/306 3223/3163/391 3231/3171/391
f 3224/3164/306 3231/3171/391 3232/3172/306
f 3223/3163/391 3222/3162/387 3228/3168/387
f 3223/3163/391 3228/3168/387 3231/3171/391
f 3231/3171/391 3228/3168/387 3230/3170/387
f 3231/3171/391 3230/3170/387 3233/3173/391
f 3232/3172/306 3231/3171/391 3233/3173/391
f 3232/3172/306 3233/3173/391 3234/3174/306
f 1969/1935/434 1968/1934/427 3235/3175/427
f 1969/1935/434 3235/3175/427 3236/3176/434
f 1968/1934/427 1965/1931/429 3237/3177/429
f 1968/1934/427 3237/3177/429 3235/3175/427
f 3235/3175/427 3237/3177/429 3238/3178/429
f 3235/3175/427 3238/3178/429 3239/3179/430
f 3236/3176/434 3235/3175/427 3239/3179/430
f 3236/3176/434 3239/3179/430 3240/3180/434
f 1965/1931/429 1964/1930/433 3241/3181/433
f 1965/1931/429 3241/3181/433 3237/3177/429
f 1964/1930/433 1953/1919/306 3220/3160/306
f 1964/1930/433 3220/3160/306 3241/3181/433
f 3241/3181/433 3220/3160/306 3224/3164/306
f 3241/3181/433 3224/3164/306 3242/3182/433
f 3237/3177/429 3241/3181/433 3242/3182/433
f 3237/3177/429 3242/3182/433 3238/3178/429
f 3238/3178/429 3242/3182/433 3243/3183/307
f 3238/3178/429 3243/3183/307 3244/3184/429
f 3242/3182/433 3224/3164/306 3232/3172/306
f 3242/3182/433 3232/3172/306 3243/3183/307
f 3243/3183/307 3232/3172/306 3234/3174/306
f 3243/3183/307 3234/3174/306 3245/3185/433
f 3244/3184/429 3243/3183/307 3245/3185/433
f 3244/3184/429 3245/3185/433 3246/3186/429
f 3240/3180/434 3239/3179/430 3247/3187/427
f 3240/3180/434 3247/3187/427 3248/3188/434
f 3239/3179/430 3238/3178/429 3244/3184/429
f 3239/3179/430 3244/3184/429 3247/3187/427
f 3247/3187/427 3244/3184/429 3246/3186/429
f 3247/3187/427 3246/3186/429 3249/3189/430
f 3248/3188/434 3247/3187/427 3249/3189/430
f 3248/3188/434 3249/3189/430 3250/3190/434
f 1989/1955/1439 1988/1954/1178 3251/3191/1178
f 1989/1955/1439 3251/3191/1178 3252/3192/1439
f 1988/1954/1178 1985/1951/1437 3253/3193/1437
f 1988/1954/1178 3253/3193/1437 3251/3191/1178
f 3251/3191/1178 3253/3193/1437 3254/3194/1437
f 3251/3191/1178 3254/3194/1437 3255/3195/1178
f 3252/3192/1439 3251/3191/1178 3255/3195/1178
f 3252/3192/1439 3255/3195/1178 3256/3196/1439
f 1985/1951/1437 1984/1950/1436 3257/3197/1436
f 1985/1951/1437 3257/3197/1436 3253/3193/1437
f 1984/1950/1436 1983/1949/435 3258/3198/435
f 1984/1950/1436 3258/3198/435 3257/3197/1436
f 3257/3197/1436 3258/3198/435 3259/3199/434
f 3257/3197/1436 3259/3199/434 3260/3200/1436
f 3253/3193/1437 3257/3197/1436 3260/3200/1436
f 3253/3193/1437 3260/3200/1436 3254/3194/1437
f 3254/3194/1437 3260/3200/1436 3261/3201/1436
f 3254/3194/1437 3261/3201/1436 3262/3202/1437
f 3260/3200/1436 3259/3199/434 3263/3203/434
f 3260/3200/1436 3263/3203/434 3261/3201/1436
f 3261/3201/1436 3263/3203/434 3264/3204/435
f 3261/3201/1436 3264/3204/435 3265/3205/1436
f 3262/3202/1437 3261/3201/1436 3265/3205/1436
f 3262/3202/1437 3265/3205/1436 3266/3206/2265
f 3256/3196/1439 3255/3195/1178 3267/3207/1178
f 3256/3196/1439 3267/3207/1178 3268/3208/1439
f 3255/3195/1178 3254/3194/1437 3262/3202/1437
f 3255/3195/1178 3262/3202/1437 3267/3207/1178
f 3267/3207/1178 3262/3202/1437 3266/3206/2265
f 3267/3207/1178 3266/3206/2265 3269/3209/1178
f 3268/3208/1439 3267/3207/1178 3269/3209/1178
f 3268/3208/1439 3269/3209/1178 3270/3210/2266
f 2006/1972/1456 2490/2443/1758 3271/3211/2267
f 2006/1972/1456 3271/3211/2267 3272/3212/2268
f 2490/2443/1758 2488/2441/1756 3273/3213/2269
f 2490/2443/1758 3273/3213/2269 3271/3211/2267
f 3271/3211/2267 3273/3213/2269 3274/3214/2270
f 3271/3211/2267 3274/3214/2270 3275/3215/2271
f 3272/3212/2268 3271/3211/2267 3275/3215/2271
f 3272/3212/2268 3275/3215/2271 3276/3216/2272
f 2488/2441/1756 2487/2440/1755 3277/3217/2273
f 2488/2441/1756 3277/3217/2273 3273/3213/2269
f 2487/2440/1755 1989/1955/1439 3252/3192/1439
f 2487/2440/1755 3252/3192/1439 3277/3217/2273
f 3277/3217/2273 3252/3192/1439 3256/3196/1439
f 3277/3217/2273 3256/3196/1439 3278/3218/2274
f 3273/3213/2269 3277/3217/2273 3278/3218/2274
f 3273/3213/2269 3278/3218/2274 3274/3214/2270
f 3274/3214/2270 3278/3218/2274 3279/3219/2275
f 3274/3214/2270 3279/3219/2275 3280/3220/2276
f 3278/3218/2274 3256/3196/1439 3268/3208/1439
f 3278/3218/2274 3268/3208/1439 3279/3219/2275
f 3279/3219/2275 3268/3208/1439 3270/3210/2266
f 3279/3219/2275 3270/3210/2266 3281/3221/2277
f 3280/3220/2276 3279/3219/2275 3281/3221/2277
f 3280/3220/2276 3281/3221/2277 3282/3222/2278
f 3276/3216/2272 3275/3215/2271 3283/3223/2279
f 3276/3216/2272 3283/3223/2279 3284/3224/2280
f 3275/3215/2271 3274/3214/2270 3280/3220/2276
f 3275/3215/2271 3280/3220/2276 3283/3223/2279
f 3283/3223/2279 3280/3220/2276 3282/3222/2278
f 3283/3223/2279 3282/3222/2278 3285/3225/2281
f 3284/3224/2280 3283/3223/2279 3285/3225/2281
f 3284/3224/2280 3285/3225/2281 3286/3226/2282
f 2013/1979/1463 2012/1978/1462 3287/3227/2283
f 2013/1979/1463 3287/3227/2283 3288/3228/2284
f 2012/1978/1462 2009/1975/1459 3289/3229/2285
f 2012/1978/1462 3289/3229/2285 3287/3227/2283
f 3287/3227/2283 3289/3229/2285 3290/3230/2286
f 3287/3227/2283 3290/3230/2286 3291/3231/2287
f 3288/3228/2284 3287/3227/2283 3291/3231/2287
f 3288/3228/2284 3291/3231/2287 3292/3232/2288
f 2009/1975/1459 2008/1974/1458 3293/3233/2289
f 2009/1975/1459 3293/3233/2289 3289/3229/2285
f 2007/1973/1457 2006/1972/1456 3272/3212/2268
f 2007/1973/1457 3272/3212/2268 3294/3234/2290
f 3294/3234/2290 3272/3212/2268 3276/3216/2272
f 3294/3234/2290 3276/3216/2272 3295/3235/2291
f 3289/3229/2285 3293/3233/2289 3296/3236/2292
f 3289/3229/2285 3296/3236/2292 3290/3230/2286
f 3290/3230/2286 3296/3236/2292 3297/3237/2293
f 3290/3230/2286 3297/3237/2293 3298/3238/2294
f 3295/3235/2291 3276/3216/2272 3284/3224/2280
f 3295/3235/2291 3284/3224/2280 3299/3239/2295
f 3299/3239/2295 3284/3224/2280 3286/3226/2282
f 3299/3239/2295 3286/3226/2282 3300/3240/2296
f 3298/3238/2294 3297/3237/2293 3301/3241/2297
f 3298/3238/2294 3301/3241/2297 3302/3242/2298
f 3292/3232/2288 3291/3231/2287 3303/3243/2299
f 3292/3232/2288 3303/3243/2299 3304/3244/2300
f 3291/3231/2287 3290/3230/2286 3298/3238/2294
f 3291/3231/2287 3298/3238/2294 3303/3243/2299
f 3303/3243/2299 3298/3238/2294 3302/3242/2298
f 3303/3243/2299 3302/3242/2298 3305/3245/2301
f 3304/3244/2300 3303/3243/2299 3305/3245/2301
f 3304/3244/2300 3305/3245/2301 3306/3246/2302
f 2409/2362/1679 2887/2840/2130 3307/3247/2303
f 2409/2362/1679 3307/3247/2303 3308/3248/2304
f 2887/2840/2130 2883/2836/2126 3309/3249/2305
f 2887/2840/2130 3309/3249/2305 3307/3247/2303
f 3307/3247/2303 3309/3249/2305 3310/3250/2306
f 3307/3247/2303 3310/3250/2306 3311/3251/2307
f 3308/3248/2304 3307/3247/2303 3311/3251/2307
f 3308/3248/2304 3311/3251/2307 3312/3252/2308
f 2883/2836/2126 2882/2835/2125 3313/3253/2309
f 2883/2836/2126 3313/3253/2309 3309/3249/2305
f 2882/2835/2125 2013/1979/1463 3288/3228/2284
f 2882/2835/2125 3288/3228/2284 3313/3253/2309
f 3313/3253/2309 3288/3228/2284 3292/3232/2288
f 3313/3253/2309 3292/3232/2288 3314/3254/2310
f 3309/3249/2305 3313/3253/2309 3314/3254/2310
f 3309/3249/2305 3314/3254/2310 3310/3250/2306
f 3310/3250/2306 3314/3254/2310 3315/3255/2311
f 3310/3250/2306 3315/3255/2311 3316/3256/2312
f 3314/3254/2310 3292/3232/2288 3304/3244/2300
f 3314/3254/2310 3304/3244/2300 3315/3255/2311
f 3315/3255/2311 3304/3244/2300 3306/3246/2302
f 3315/3255/2311 3306/3246/2302 3317/3257/2313
f 3316/3256/2312 3315/3255/2311 3317/3257/2313
f 3316/3256/2312 3317/3257/2313 3318/3258/2314
f 3312/3252/2308 3311/3251/2307 3319/3259/2315
f 3312/3252/2308 3319/3259/2315 3320/3260/2316
f 3311/3251/2307 3310/3250/2306 3316/3256/2312
f 3311/3251/2307 3316/3256/2312 3319/3259/2315
f 3319/3259/2315 3316/3256/2312 3318/3258/2314
f 3319/3259/2315 3318/3258/2314 3321/3261/2317
f 3320/3260/2316 3319/3259/2315 3321/3261/2317
f 3320/3260/2316 3321/3261/2317 3322/3262/2318
f 3323/3263/2319 3324/3264/2320 3325/3265/2321
f 3323/3263/2319 3325/3265/2321 3326/3266/2322
f 3324/3264/2320 3327/3267/2323 3328/3268/2324
f 3324/3264/2320 3328/3268/2324 3325/3265/2321
f 3325/3265/2321 3328/3268/2324 3329/3269/2325
f 3325/3265/2321 3329/3269/2325 3330/3270/2326
f 3326/3266/2322 3325/3265/2321 3330/3270/2326
f 3326/3266/2322 3330/3270/2326 3331/3271/2327
f 3327/3267/2323 3332/3272/2328 3333/3273/2329
f 3327/3267/2323 3333/3273/2329 3328/3268/2324
f 3332/3272/2328 1665/1645/1292 2391/2344/1661
f 3332/3272/2328 2391/2344/1661 3333/3273/2329
f 3333/3273/2329 2391/2344/1661 2395/2348/1665
f 3333/3273/2329 2395/2348/1665 3334/3274/2330
f 3328/3268/2324 3333/3273/2329 3334/3274/2330
f 3328/3268/2324 3334/3274/2330 3329/3269/2325
f 3329/3269/2325 3334/3274/2330 3335/3275/2331
f 3329/3269/2325 3335/3275/2331 3336/3276/2332
f 3334/3274/2330 2395/2348/1665 2407/2360/1677
f 3334/3274/2330 2407/2360/1677 3335/3275/2331
f 3335/3275/2331 2407/2360/1677 2409/2362/1679
f 3335/3275/2331 2409/2362/1679 3308/3248/2304
f 3336/3276/2332 3335/3275/2331 3308/3248/2304
f 3336/3276/2332 3308/3248/2304 3312/3252/2308
f 3331/3271/2327 3330/3270/2326 3337/3277/2333
f 3331/3271/2327 3337/3277/2333 3338/3278/2334
f 3330/3270/2326 3329/3269/2325 3336/3276/2332
f 3330/3270/2326 3336/3276/2332 3337/3277/2333
f 3337/3277/2333 3336/3276/2332 3312/3252/2308
f 3337/3277/2333 3312/3252/2308 3320/3260/2316
f 3338/3278/2334 3337/3277/2333 3320/3260/2316
f 3338/3278/2334 3320/3260/2316 3322/3262/2318
f 3339/3279/2335 3340/3280/2336 3341/3281/2337
f 3339/3279/2335 3341/3281/2337 3342/3282/2338
f 3340/3280/2336 3343/3283/2339 3344/3284/2340
f 3340/3280/2336 3344/3284/2340 3341/3281/2337
f 3341/3281/2337 3344/3284/2340 3345/3285/2341
f 3341/3281/2337 3345/3285/2341 3346/3286/2342
f 3342/3282/2338 3341/3281/2337 3346/3286/2342
f 3342/3282/2338 3346/3286/2342 3347/3287/2343
f 3343/3283/2339 3348/3288/2344 3349/3289/2345
f 3343/3283/2339 3349/3289/2345 3344/3284/2340
f 3348/3288/2344 1641/1621/1268 1644/1624/1271
f 3348/3288/2344 1644/1624/1271 3349/3289/2345
f 3349/3289/2345 1644/1624/1271 1649/1629/1276
f 3349/3289/2345 1649/1629/1276 3350/3290/2346
f 3344/3284/2340 3349/3289/2345 3350/3290/2346
f 3344/3284/2340 3350/3290/2346 3345/3285/2341
f 3345/3285/2341 3350/3290/2346 3351/3291/2347
f 3345/3285/2341 3351/3291/2347 3352/3292/2348
f 3350/3290/2346 1649/1629/1276 1663/1643/1290
f 3350/3290/2346 1663/1643/1290 3351/3291/2347
f 3351/3291/2347 1663/1643/1290 1665/1645/1292
f 3351/3291/2347 1665/1645/1292 3332/3272/2328
f 3352/3292/2348 3351/3291/2347 3332/3272/2328
f 3352/3292/2348 3332/3272/2328 3327/3267/2323
f 3347/3287/2343 3346/3286/2342 3353/3293/2349
f 3347/3287/2343 3353/3293/2349 3354/3294/2350
f 3346/3286/2342 3345/3285/2341 3352/3292/2348
f 3346/3286/2342 3352/3292/2348 3353/3293/2349
f 3353/3293/2349 3352/3292/2348 3327/3267/2323
f 3353/3293/2349 3327/3267/2323 3324/3264/2320
f 3354/3294/2350 3353/3293/2349 3324/3264/2320
f 3354/3294/2350 3324/3264/2320 3323/3263/2319
f 1690/1670/1316 1689/1669/1315 3355/3295/2351
f 1690/1670/1316 3355/3295/2351 3356/3296/2352
f 1689/1669/1315 1686/1666/1312 3357/3297/2353
f 1689/1669/1315 3357/3297/2353 3355/3295/2351
f 3355/3295/2351 3357/3297/2353 3358/3298/2354
f 3355/3295/2351 3358/3298/2354 3359/3299/2355
f 3356/3296/2352 3355/3295/2351 3359/3299/2355
f 3356/3296/2352 3359/3299/2355 3360/3300/2356
f 1686/1666/1312 1685/1665/1311 3361/3301/2357
f 1686/1666/1312 3361/3301/2357 3357/3297/2353
f 1685/1665/1311 1684/1664/1310 3362/3302/2358
f 1685/1665/1311 3362/3302/2358 3361/3301/2357
f 3361/3301/2357 3362/3302/2358 3363/3303/2359
f 3361/3301/2357 3363/3303/2359 3364/3304/2360
f 3357/3297/2353 3361/3301/2357 3364/3304/2360
f 3357/3297/2353 3364/3304/2360 3358/3298/2354
f 3358/3298/2354 3364/3304/2360 3365/3305/2361
f 3358/3298/2354 3365/3305/2361 3366/3306/2362
f 3364/3304/2360 3363/3303/2359 3367/3307/2363
f 3364/3304/2360 3367/3307/2363 3365/3305/2361
f 3365/3305/2361 3367/3307/2363 3368/3308/2364
f 3365/3305/2361 3368/3308/2364 3369/3309/2365
f 3366/3306/2362 3365/3305/2361 3369/3309/2365
f 3366/3306/2362 3369/3309/2365 3370/3310/2366
f 3360/3300/2356 3359/3299/2355 3371/3311/2367
f 3360/3300/2356 3371/3311/2367 3372/3312/2368
f 3359/3299/2355 3358/3298/2354 3366/3306/2362
f 3359/3299/2355 3366/3306/2362 3371/3311/2367
f 3371/3311/2367 3366/3306/2362 3370/3310/2366
f 3371/3311/2367 3370/3310/2366 3373/3313/2369
f 3372/3312/2368 3371/3311/2367 3373/3313/2369
f 3372/3312/2368 3373/3313/2369 3374/3314/2370
f 1710/1690/1336 1709/1689/1335 3375/3315/2371
f 1710/1690/1336 3375/3315/2371 2952/2905/2195
f 1709/1689/1335 1706/1686/1332 3376/3316/2372
f 1709/1689/1335 3376/3316/2372 3375/3315/2371
f 3375/3315/2371 3376/3316/2372 3377/3317/2373
f 3375/3315/2371 3377/3317/2373 3378/3318/2374
f 2952/2905/2195 3375/3315/2371 3378/3318/2374
f 2952/2905/2195 3378/3318/2374 2953/2906/2196
f 1706/1686/1332 1705/1685/1331 3379/3319/2375
f 1706/1686/1332 3379/3319/2375 3376/3316/2372
f 1705/1685/1331 1690/1670/1316 3356/3296/2352
f 1705/1685/1331 3356/3296/2352 3379/3319/2375
f 3379/3319/2375 3356/3296/2352 3360/3300/2356
f 3379/3319/2375 3360/3300/2356 3380/3320/2376
f 3376/3316/2372 3379/3319/2375 3380/3320/2376
f 3376/3316/2372 3380/3320/2376 3377/3317/2373
f 3377/3317/2373 3380/3320/2376 3381/3321/2377
f 3377/3317/2373 3381/3321/2377 3382/3322/2378
f 3380/3320/2376 3360/3300/2356 3372/3312/2368
f 3380/3320/2376 3372/3312/2368 3381/3321/2377
f 3381/3321/2377 3372/3312/2368 3374/3314/2370
f 3381/3321/2377 3374/3314/2370 3383/3323/2379
f 3382/3322/2378 3381/3321/2377 3383/3323/2379
f 3382/3322/2378 3383/3323/2379 3384/3324/2380
f 2953/2906/2196 3378/3318/2374 3385/3325/2381
f 2953/2906/2196 3385/3325/2381 2957/2910/2200
f 3378/3318/2374 3377/3317/2373 3382/3322/2378
f 3378/3318/2374 3382/3322/2378 3385/3325/2381
f 3385/3325/2381 3382/3322/2378 3384/3324/2380
f 3385/3325/2381 3384/3324/2380 3386/3326/2382
f 2957/2910/2200 3385/3325/2381 3386/3326/2382
f 2957/2910/2200 3386/3326/2382 2958/2911/2201
f 2964/2917/2207 2963/2916/2206 3387/3327/2383
f 2964/2917/2207 3387/3327/2383 3388/3328/2384
f 2963/2916/2206 2960/2913/2203 3389/3329/2385
f 2963/2916/2206 3389/3329/2385 3387/3327/2383
f 3387/3327/2383 3389/3329/2385 3390/3330/2386
f 3387/3327/2383 3390/3330/2386 3391/3331/2387
f 3388/3328/2384 3387/3327/2383 3391/3331/2387
f 3388/3328/2384 3391/3331/2387 3392/3332/2388
f 2960/2913/2203 2959/2912/2202 3393/3333/2389
f 2960/2913/2203 3393/3333/2389 3389/3329/2385
f 2959/2912/2202 2958/2911/2201 3394/3334/2390
f 2959/2912/2202 3394/3334/2390 3393/3333/2389
f 3393/3333/2389 3394/3334/2390 3395/3335/2391
f 3393/3333/2389 3395/3335/2391 3396/3336/2392
f 3389/3329/2385 3393/3333/2389 3396/3336/2392
f 3389/3329/2385 3396/3336/2392 3390/3330/2386
f 3390/3330/2386 3396/3336/2392 3397/3337/2393
f 3390/3330/2386 3397/3337/2393 3398/3338/2394
f 3396/3336/2392 3395/3335/2391 3399/3339/2395
f 3396/3336/2392 3399/3339/2395 3397/3337/2393
f 3397/3337/2393 3399/3339/2395 2793/2746/2039
f 3397/3337/2393 2793/2746/2039 2829/2782/2075
f 3398/3338/2394 3397/3337/2393 2829/2782/2075
f 3398/3338/2394 2829/2782/2075 2827/2780/2073
f 3392/3332/2388 3391/3331/2387 3400/3340/2396
f 3392/3332/2388 3400/3340/2396 3401/3341/2397
f 3391/3331/2387 3390/3330/2386 3398/3338/2394
f 3391/3331/2387 3398/3338/2394 3400/3340/2396
f 3400/3340/2396 3398/3338/2394 2827/2780/2073
f 3400/3340/2396 2827/2780/2073 2826/2779/2072
f 3401/3341/2397 3400/3340/2396 2826/2779/2072
f 3401/3341/2397 2826/2779/2072 2825/2778/2071
f 2984/2937/2226 2983/2936/2225 3402/3342/2398
f 2984/2937/2226 3402/3342/2398 3403/3343/2399
f 2983/2936/2225 2980/2933/2222 3404/3344/2400
f 2983/2936/2225 3404/3344/2400 3402/3342/2398
f 3402/3342/2398 3404/3344/2400 3405/3345/2401
f 3402/3342/2398 3405/3345/2401 3406/3346/2402
f 3403/3343/2399 3402/3342/2398 3406/3346/2402
f 3403/3343/2399 3406/3346/2402 3407/3347/2403
f 2980/2933/2222 2979/2932/2221 3408/3348/2404
f 2980/2933/2222 3408/3348/2404 3404/3344/2400
f 2979/2932/2221 2978/2931/2220 3409/3349/2405
f 2979/2932/2221 3409/3349/2405 3408/3348/2404
f 3408/3348/2404 3409/3349/2405 3410/3350/2388
f 3408/3348/2404 3410/3350/2388 3411/3351/2406
f 3404/3344/2400 3408/3348/2404 3411/3351/2406
f 3404/3344/2400 3411/3351/2406 3405/3345/2401
f 3405/3345/2401 3411/3351/2406 3412/3352/2407
f 3405/3345/2401 3412/3352/2407 3413/3353/2408
f 3411/3351/2406 3410/3350/2388 3414/3354/2409
f 3411/3351/2406 3414/3354/2409 3412/3352/2407
f 3412/3352/2407 3414/3354/2409 2864/2817/2107
f 3412/3352/2407 2864/2817/2107 2863/2816/2106
f 3413/3353/2408 3412/3352/2407 2863/2816/2106
f 3413/3353/2408 2863/2816/2106 2860/2813/2103
f 3407/3347/2403 3406/3346/2402 3415/3355/2410
f 3407/3347/2403 3415/3355/2410 3416/3356/2411
f 3406/3346/2402 3405/3345/2401 3413/3353/2408
f 3406/3346/2402 3413/3353/2408 3415/3355/2410
f 3415/3355/2410 3413/3353/2408 2860/2813/2103
f 3415/3355/2410 2860/2813/2103 2859/2812/2102
f 3416/3356/2411 3415/3355/2410 2859/2812/2102
f 3416/3356/2411 2859/2812/2102 2858/2811/2101
f 3000/2953/2242 2999/2952/2241 3417/3357/2412
f 3000/2953/2242 3417/3357/2412 3418/3358/2413
f 2999/2952/2241 2996/2949/2238 3419/3359/2414
f 2999/2952/2241 3419/3359/2414 3417/3357/2412
f 3417/3357/2412 3419/3359/2414 3420/3360/2415
f 3417/3357/2412 3420/3360/2415 3421/3361/2416
f 3418/3358/2413 3417/3357/2412 3421/3361/2416
f 3418/3358/2413 3421/3361/2416 3422/3362/2417
f 2996/2949/2238 2995/2948/2237 3423/3363/2418
f 2996/2949/2238 3423/3363/2418 3419/3359/2414
f 2995/2948/2237 2984/2937/2226 3403/3343/2399
f 2995/2948/2237 3403/3343/2399 3423/3363/2418
f 3423/3363/2418 3403/3343/2399 3407/3347/2403
f 3423/3363/2418 3407/3347/2403 3424/3364/2419
f 3419/3359/2414 3423/3363/2418 3424/3364/2419
f 3419/3359/2414 3424/3364/2419 3420/3360/2415
f 3420/3360/2415 3424/3364/2419 3425/3365/2420
f 3420/3360/2415 3425/3365/2420 3426/3366/2421
f 3424/3364/2419 3407/3347/2403 3416/3356/2411
f 3424/3364/2419 3416/3356/2411 3425/3365/2420
f 3425/3365/2420 3416/3356/2411 2858/2811/2101
f 3425/3365/2420 2858/2811/2101 2932/2885/2175
f 3426/3366/2421 3425/3365/2420 2932/2885/2175
f 3426/3366/2421 2932/2885/2175 2930/2883/2173
f 3422/3362/2417 3421/3361/2416 3427/3367/2422
f 3422/3362/2417 3427/3367/2422 3428/3368/2423
f 3421/3361/2416 3420/3360/2415 3426/3366/2421
f 3421/3361/2416 3426/3366/2421 3427/3367/2422
f 3427/3367/2422 3426/3366/2421 2930/2883/2173
f 3427/3367/2422 2930/2883/2173 2929/2882/2172
f 3428/3368/2423 3427/3367/2422 2929/2882/2172
f 3428/3368/2423 2929/2882/2172 2928/2881/2171
f 2125/2091/1572 3429/3369/2424 3430/3370/2425
f 2125/2091/1572 3430/3370/2425 2922/2875/2165
f 3429/3369/2424 3431/3371/2426 3432/3372/2427
f 3429/3369/2424 3432/3372/2427 3430/3370/2425
f 3430/3370/2425 3432/3372/2427 3433/3373/2428
f 3430/3370/2425 3433/3373/2428 3434/3374/2429
f 2922/2875/2165 3430/3370/2425 3434/3374/2429
f 2922/2875/2165 3434/3374/2429 2923/2876/2166
f 3431/3371/2426 3435/3375/2430 3436/3376/2431
f 3431/3371/2426 3436/3376/2431 3432/3372/2427
f 3435/3375/2430 3001/2954/1405 3004/2957/2244
f 3435/3375/2430 3004/2957/2244 3436/3376/2431
f 3436/3376/2431 3004/2957/2244 3009/2962/2248
f 3436/3376/2431 3009/2962/2248 3437/3377/2432
f 3432/3372/2427 3436/3376/2431 3437/3377/2432
f 3432/3372/2427 3437/3377/2432 3433/3373/2428
f 3433/3373/2428 3437/3377/2432 3438/3378/2433
f 3433/3373/2428 3438/3378/2433 3439/3379/2434
f 3437/3377/2432 3009/2962/2248 3016/2969/2253
f 3437/3377/2432 3016/2969/2253 3438/3378/2433
f 3438/3378/2433 3016/2969/2253 3000/2953/2242
f 3438/3378/2433 3000/2953/2242 3418/3358/2413
f 3439/3379/2434 3438/3378/2433 3418/3358/2413
f 3439/3379/2434 3418/3358/2413 3422/3362/2417
f 2923/2876/2166 3434/3374/2429 3440/3380/2435
f 2923/2876/2166 3440/3380/2435 2927/2880/2170
f 3434/3374/2429 3433/3373/2428 3439/3379/2434
f 3434/3374/2429 3439/3379/2434 3440/3380/2435
f 3440/3380/2435 3439/3379/2434 3422/3362/2417
f 3440/3380/2435 3422/3362/2417 3428/3368/2423
f 2927/2880/2170 3440/3380/2435 3428/3368/2423
f 2927/2880/2170 3428/3368/2423 2928/2881/2171
f 2116/2082/1563 3441/3381/720 3442/3382/2436
f 2116/2082/1563 3442/3382/2436 2117/2083/1564
f 3441/3381/720 3443/3383/2437 3444/3384/2438
f 3441/3381/720 3444/3384/2438 3442/3382/2436
f 3445/3385/2439 3446/3386/2440 3447/3387/2441
f 3445/3385/2439 3447/3387/2441 3448/3388/2442
f 2119/2085/1566 3445/3385/2439 3448/3388/2442
f 2119/2085/1566 3448/3388/2442 2120/2086/1567
f 3443/3383/2437 3449/3389/1419 3450/3390/2443
f 3443/3383/2437 3450/3390/2443 3444/3384/2438
f 3449/3389/1419 3017/2970/1382 3020/2973/1385
f 3449/3389/1419 3020/2973/1385 3450/3390/2443
f 3451/3391/2444 3027/2980/1392 3028/2981/2257
f 3451/3391/2444 3028/2981/2257 3452/3392/2445
f 3446/3386/2440 3451/3391/2444 3452/3392/2445
f 3446/3386/2440 3452/3392/2445 3447/3387/2441
f 3447/3387/2441 3452/3392/2445 3453/3393/2446
f 3447/3387/2441 3453/3393/2446 3454/3394/2447
f 3452/3392/2445 3028/2981/2257 3036/2989/2260
f 3452/3392/2445 3036/2989/2260 3453/3393/2446
f 3453/3393/2446 3036/2989/2260 3001/2954/1405
f 3453/3393/2446 3001/2954/1405 3435/3375/2430
f 3454/3394/2447 3453/3393/2446 3435/3375/2430
f 3454/3394/2447 3435/3375/2430 3431/3371/2426
f 2120/2086/1567 3448/3388/2442 3455/3395/2448
f 2120/2086/1567 3455/3395/2448 2124/2090/1571
f 3448/3388/2442 3447/3387/2441 3454/3394/2447
f 3448/3388/2442 3454/3394/2447 3455/3395/2448
f 3455/3395/2448 3454/3394/2447 3431/3371/2426
f 3455/3395/2448 3431/3371/2426 3429/3369/2424
f 2124/2090/1571 3455/3395/2448 3429/3369/2424
f 2124/2090/1571 3429/3369/2424 2125/2091/1572
f 2145/2111/1590 3456/3396/2449 3457/3397/1824
f 2145/2111/1590 3457/3397/1824 2588/2541/1824
f 3456/3396/2449 3458/3398/1592 3459/3399/1824
f 3456/3396/2449 3459/3399/1824 3457/3397/1824
f 3457/3397/1824 3459/3399/1824 3460/3400/1826
f 3457/3397/1824 3460/3400/1826 3461/3401/1839
f 2588/2541/1824 3457/3397/1824 3461/3401/1839
f 2588/2541/1824 3461/3401/1839 2589/2542/1826
f 3458/3398/1592 3462/3402/2450 3463/3403/1824
f 3458/3398/1592 3463/3403/1824 3459/3399/1824
f 3462/3402/2450 3037/2990/1421 3040/2993/1832
f 3462/3402/2450 3040/2993/1832 3463/3403/1824
f 3463/3403/1824 3040/2993/1832 3045/2998/1833
f 3463/3403/1824 3045/2998/1833 3464/3404/2451
f 3459/3399/1824 3463/3403/1824 3464/3404/2451
f 3459/3399/1824 3464/3404/2451 3460/3400/1826
f 3460/3400/1826 3464/3404/2451 3465/3405/1837
f 3460/3400/1826 3465/3405/1837 3466/3406/2452
f 3464/3404/2451 3045/2998/1833 3052/3005/1838
f 3464/3404/2451 3052/3005/1838 3465/3405/1837
f 3465/3405/1837 3052/3005/1838 3017/2970/1382
f 3465/3405/1837 3017/2970/1382 3449/3389/1419
f 3466/3406/2452 3465/3405/1837 3449/3389/1419
f 3466/3406/2452 3449/3389/1419 3443/3383/2437
f 2589/2542/1826 3461/3401/1839 3467/3407/1841
f 2589/2542/1826 3467/3407/1841 2593/2546/1843
f 3461/3401/1839 3460/3400/1826 3466/3406/2452
f 3461/3401/1839 3466/3406/2452 3467/3407/1841
f 3467/3407/1841 3466/3406/2452 3443/3383/2437
f 3467/3407/1841 3443/3383/2437 3441/3381/720
f 2593/2546/1843 3467/3407/1841 3441/3381/720
f 2593/2546/1843 3441/3381/720 2116/2082/1563
f 2138/2104/407 3468/3408/995 3469/3409/2453
f 2138/2104/407 3469/3409/2453 2139/2105/1584
f 3468/3408/995 3470/3410/995 3471/3411/2454
f 3468/3408/995 3471/3411/2454 3469/3409/2453
f 3469/3409/2453 3471/3411/2454 3472/3412/1411
f 3469/3409/2453 3472/3412/1411 3473/3413/2455
f 2139/2105/1584 3469/3409/2453 3473/3413/2455
f 2139/2105/1584 3473/3413/2455 2140/2106/1585
f 3470/3410/995 3474/3414/1406 3475/3415/2456
f 3470/3410/995 3475/3415/2456 3471/3411/2454
f 3474/3414/1406 3053/3006/407 3056/3009/2262
f 3474/3414/1406 3056/3009/2262 3475/3415/2456
f 3475/3415/2456 3056/3009/2262 3061/3014/1412
f 3475/3415/2456 3061/3014/1412 3476/3416/2457
f 3471/3411/2454 3475/3415/2456 3476/3416/2457
f 3471/3411/2454 3476/3416/2457 3472/3412/1411
f 3472/3412/1411 3476/3416/2457 3477/3417/1419
f 3472/3412/1411 3477/3417/1419 3478/3418/1003
f 3476/3416/2457 3061/3014/1412 3068/3021/1420
f 3476/3416/2457 3068/3021/1420 3477/3417/1419
f 3477/3417/1419 3068/3021/1420 3037/2990/1421
f 3477/3417/1419 3037/2990/1421 3462/3402/2450
f 3478/3418/1003 3477/3417/1419 3462/3402/2450
f 3478/3418/1003 3462/3402/2450 3458/3398/1592
f 2140/2106/1585 3473/3413/2455 3479/3419/2458
f 2140/2106/1585 3479/3419/2458 2144/2110/1589
f 3473/3413/2455 3472/3412/1411 3478/3418/1003
f 3473/3413/2455 3478/3418/1003 3479/3419/2458
f 3479/3419/2458 3478/3418/1003 3458/3398/1592
f 3479/3419/2458 3458/3398/1592 3456/3396/2449
f 2144/2110/1589 3479/3419/2458 3456/3396/2449
f 2144/2110/1589 3456/3396/2449 2145/2111/1590
f 2158/2124/235 3480/3420/235 3481/3421/238
f 2158/2124/235 3481/3421/238 2159/2125/238
f 3480/3420/235 3482/3422/235 3483/3423/238
f 3480/3420/235 3483/3423/238 3481/3421/238
f 3481/3421/238 3483/3423/238 3484/3424/243
f 3481/3421/238 3484/3424/243 3485/3425/243
f 2159/2125/238 3481/3421/238 3485/3425/243
f 2159/2125/238 3485/3425/243 2160/2126/243
f 3482/3422/235 3486/3426/235 3487/3427/238
f 3482/3422/235 3487/3427/238 3483/3423/238
f 3486/3426/235 3069/3022/235 3072/3025/238
f 3486/3426/235 3072/3025/238 3487/3427/238
f 3487/3427/238 3072/3025/238 3077/3030/2264
f 3487/3427/238 3077/3030/2264 3488/3428/243
f 3483/3423/238 3487/3427/238 3488/3428/243
f 3483/3423/238 3488/3428/243 3484/3424/243
f 3484/3424/243 3488/3428/243 3489/3429/403
f 3484/3424/243 3489/3429/403 3490/3430/403
f 3488/3428/243 3077/3030/2264 3086/3039/403
f 3488/3428/243 3086/3039/403 3489/3429/403
f 3489/3429/403 3086/3039/403 3088/3041/406
f 3489/3429/403 3088/3041/406 3491/3431/995
f 3490/3430/403 3489/3429/403 3491/3431/995
f 3490/3430/403 3491/3431/995 3492/3432/405
f 2160/2126/243 3485/3425/243 3493/3433/402
f 2160/2126/243 3493/3433/402 2164/2130/403
f 3485/3425/243 3484/3424/243 3490/3430/403
f 3485/3425/243 3490/3430/403 3493/3433/402
f 3493/3433/402 3490/3430/403 3492/3432/405
f 3493/3433/402 3492/3432/405 3494/3434/995
f 2164/2130/403 3493/3433/402 3494/3434/995
f 2164/2130/403 3494/3434/995 2165/2131/406
s 0
f 2187/2144/140 3495/3435/140 3497/3436/140
f 2187/2144/140 3497/3436/140 2189/2145/140
f 3495/3435/140 3498/3437/140 3500/3438/140
f 3495/3435/140 3500/3438/140 3497/3436/140
f 3496/3436/408 3499/3438/408 3503/3439/408
s 1
f 3496/3436/408 3501/3439/409 3504/3440/353
s 0
f 2188/2145/408 3496/3436/408 3505/3440/408
s 1
f 2188/2145/408 3504/3440/353 2191/2146/409
s 0
f 3498/3437/140 3506/3441/140 3511/3442/140
f 3498/3437/140 3508/3442/140 3500/3438/140
f 3506/3441/140 3089/3042/140 3094/3045/140
f 3506/3441/140 3095/3045/140 3510/3442/140
f 3507/3442/408 3093/3045/408 3106/3050/408
s 1
f 3509/3442/408 3105/3050/409 3512/3443/409
s 0
f 3499/3438/408 3507/3442/408 3514/3443/408
s 1
f 3499/3438/408 3513/3443/353 3502/3439/353
f 3501/3439/409 3512/3443/409 3515/3444/362
f 3501/3439/409 3515/3444/362 3516/3445/362
f 3512/3443/409 3105/3050/409 3117/3057/362
f 3512/3443/409 3117/3057/362 3515/3444/362
f 3515/3444/362 3117/3057/362 3069/3022/235
f 3515/3444/362 3069/3022/235 3486/3426/235
f 3516/3445/362 3515/3444/362 3486/3426/235
f 3516/3445/362 3486/3426/235 3482/3422/235
f 2191/2146/409 3504/3440/353 3517/3446/362
f 2191/2146/409 3517/3446/362 2197/2150/362
f 3504/3440/353 3501/3439/409 3516/3445/362
f 3504/3440/353 3516/3445/362 3517/3446/362
f 3517/3446/362 3516/3445/362 3482/3422/235
f 3517/3446/362 3482/3422/235 3480/3420/235
f 2197/2150/362 3517/3446/362 3480/3420/235
f 2197/2150/362 3480/3420/235 2158/2124/235
f 2207/2160/411 3518/3447/411 3519/3448/415
f 2207/2160/411 3519/3448/415 2208/2161/415
f 3518/3447/411 3520/3449/121 3521/3450/536
f 3518/3447/411 3521/3450/536 3519/3448/415
f 3519/3448/415 3521/3450/536 3522/3451/129
f 3519/3448/415 3522/3451/129 3523/3452/129
f 2208/2161/415 3519/3448/415 3523/3452/129
f 2208/2161/415 3523/3452/129 2209/2162/129
f 3520/3449/121 3524/3453/411 3525/3454/536
f 3520/3449/121 3525/3454/536 3521/3450/536
f 3524/3453/411 3118/3058/411 3121/3061/413
f 3524/3453/411 3121/3061/413 3525/3454/536
f 3525/3454/536 3121/3061/413 3126/3066/129
f 3525/3454/536 3126/3066/129 3526/3455/414
f 3521/3450/536 3525/3454/536 3526/3455/414
f 3521/3450/536 3526/3455/414 3522/3451/129
f 3522/3451/129 3526/3455/414 3527/3456/138
f 3522/3451/129 3527/3456/138 3528/3457/138
f 3526/3455/414 3126/3066/129 3133/3073/138
f 3526/3455/414 3133/3073/138 3527/3456/138
f 3527/3456/138 3133/3073/138 3089/3042/140
f 3527/3456/138 3089/3042/140 3506/3441/140
f 3528/3457/138 3527/3456/138 3506/3441/140
f 3528/3457/138 3506/3441/140 3498/3437/140
f 2209/2162/129 3523/3452/129 3529/3458/138
f 2209/2162/129 3529/3458/138 2213/2166/138
f 3523/3452/129 3522/3451/129 3528/3457/138
f 3523/3452/129 3528/3457/138 3529/3458/138
f 3529/3458/138 3528/3457/138 3498/3437/140
f 3529/3458/138 3498/3437/140 3495/3435/140
f 2213/2166/138 3529/3458/138 3495/3435/140
f 2213/2166/138 3495/3435/140 2187/2144/140
f 2234/2187/76 2233/2186/416 3530/3459/416
f 2234/2187/76 3530/3459/416 3531/3460/76
f 2233/2186/416 2230/2183/80 3532/3461/80
f 2233/2186/416 3532/3461/80 3530/3459/416
f 3530/3459/416 3532/3461/80 3533/3462/80
f 3530/3459/416 3533/3462/80 3534/3463/77
f 3531/3460/76 3530/3459/416 3534/3463/77
f 3531/3460/76 3534/3463/77 3535/3464/76
f 2230/2183/80 2229/2182/1423 3536/3465/85
f 2230/2183/80 3536/3465/85 3532/3461/80
f 2229/2182/1423 2228/2181/87 3537/3466/87
f 2229/2182/1423 3537/3466/87 3536/3465/85
f 3536/3465/85 3537/3466/87 3538/3467/87
f 3536/3465/85 3538/3467/87 3539/3468/1423
f 3532/3461/80 3536/3465/85 3539/3468/1423
f 3532/3461/80 3539/3468/1423 3533/3462/80
f 3533/3462/80 3539/3468/1423 3540/3469/85
f 3533/3462/80 3540/3469/85 3541/3470/80
f 3539/3468/1423 3538/3467/87 3542/3471/87
f 3539/3468/1423 3542/3471/87 3540/3469/85
f 3540/3469/85 3542/3471/87 3145/3085/87
f 3540/3469/85 3145/3085/87 3143/3083/85
f 3541/3470/80 3540/3469/85 3143/3083/85
f 3541/3470/80 3143/3083/85 3138/3078/80
f 3535/3464/76 3534/3463/77 3543/3472/77
f 3535/3464/76 3543/3472/77 3544/3473/76
f 3534/3463/77 3533/3462/80 3541/3470/80
f 3534/3463/77 3541/3470/80 3543/3472/77
f 3543/3472/77 3541/3470/80 3138/3078/80
f 3543/3472/77 3138/3078/80 3135/3075/77
f 3544/3473/76 3543/3472/77 3135/3075/77
f 3544/3473/76 3135/3075/77 3134/3074/76
s 0
f 3178/3118/87 3177/3117/87 3545/3474/87
f 3178/3118/87 3545/3474/87 3546/3475/87
f 3177/3117/87 3172/3112/87 3547/3476/87
f 3177/3117/87 3547/3476/87 3545/3474/87
f 3545/3474/87 3547/3476/87 3548/3477/87
f 3545/3474/87 3548/3477/87 3549/3478/87
f 3546/3475/87 3545/3474/87 3549/3478/87
f 3546/3475/87 3549/3478/87 3550/3479/87
f 3172/3112/87 3171/3111/87 3551/3480/87
f 3172/3112/87 3551/3480/87 3547/3476/87
f 3171/3111/87 3145/3085/87 3542/3471/87
f 3171/3111/87 3542/3471/87 3551/3480/87
f 3551/3480/87 3542/3471/87 3538/3467/87
f 3551/3480/87 3538/3467/87 3552/3481/87
f 3547/3476/87 3551/3480/87 3552/3481/87
f 3547/3476/87 3552/3481/87 3548/3477/87
f 3548/3477/87 3552/3481/87 3553/3482/87
f 3548/3477/87 3553/3482/87 3554/3483/87
f 3552/3481/87 3538/3467/87 3537/3466/87
f 3552/3481/87 3537/3466/87 3553/3482/87
f 3553/3482/87 3537/3466/87 2228/2181/87
f 3553/3482/87 2228/2181/87 2244/2197/87
f 3554/3483/87 3553/3482/87 2244/2197/87
f 3554/3483/87 2244/2197/87 2239/2192/87
f 3550/3479/87 3549/3478/87 3555/3484/87
f 3550/3479/87 3555/3484/87 3556/3485/87
f 3549/3478/87 3548/3477/87 3554/3483/87
f 3549/3478/87 3554/3483/87 3555/3484/87
f 3555/3484/87 3554/3483/87 2239/2192/87
f 3555/3484/87 2239/2192/87 2236/2189/87
f 3556/3485/87 3555/3484/87 2236/2189/87
f 3556/3485/87 2236/2189/87 2235/2188/87
s 1
f 3198/3138/217 3197/3137/419 3557/3486/419
f 3198/3138/217 3557/3486/419 3558/3487/217
f 3197/3137/419 3192/3132/421 3559/3488/422
f 3197/3137/419 3559/3488/422 3557/3486/419
f 3557/3486/419 3559/3488/422 3560/3489/422
f 3557/3486/419 3560/3489/422 3561/3490/419
f 3558/3487/217 3557/3486/419 3561/3490/419
f 3558/3487/217 3561/3490/419 3562/3491/217
f 3192/3132/421 3191/3131/423 3563/3492/1424
f 3192/3132/421 3563/3492/1424 3559/3488/422
f 3191/3131/423 3178/3118/87 3546/3475/87
f 3191/3131/423 3546/3475/87 3563/3492/1424
f 3563/3492/1424 3546/3475/87 3550/3479/87
f 3563/3492/1424 3550/3479/87 3564/3493/424
f 3559/3488/422 3563/3492/1424 3564/3493/424
f 3559/3488/422 3564/3493/424 3560/3489/422
f 3560/3489/422 3564/3493/424 3565/3494/1424
f 3560/3489/422 3565/3494/1424 3566/3495/421
f 3564/3493/424 3550/3479/87 3556/3485/87
f 3564/3493/424 3556/3485/87 3565/3494/1424
f 3565/3494/1424 3556/3485/87 2235/2188/87
f 3565/3494/1424 2235/2188/87 2260/2213/423
f 3566/3495/421 3565/3494/1424 2260/2213/423
f 3566/3495/421 2260/2213/423 2255/2208/212
f 3562/3491/217 3561/3490/419 3567/3496/2459
f 3562/3491/217 3567/3496/2459 3568/3497/420
f 3561/3490/419 3560/3489/422 3566/3495/421
f 3561/3490/419 3566/3495/421 3567/3496/2459
f 3567/3496/2459 3566/3495/421 2255/2208/212
f 3567/3496/2459 2255/2208/212 2252/2205/216
f 3568/3497/420 3567/3496/2459 2252/2205/216
f 3568/3497/420 2252/2205/216 2251/2204/420
f 3218/3158/114 3217/3157/113 3569/3498/113
f 3218/3158/114 3569/3498/113 3570/3499/114
f 3217/3157/113 3214/3154/109 3571/3500/109
f 3217/3157/113 3571/3500/109 3569/3498/113
f 3569/3498/113 3571/3500/109 3572/3501/109
f 3569/3498/113 3572/3501/109 3573/3502/113
f 3570/3499/114 3569/3498/113 3573/3502/113
f 3570/3499/114 3573/3502/113 3574/3503/114
f 3214/3154/109 3213/3153/108 3575/3504/426
f 3214/3154/109 3575/3504/426 3571/3500/109
f 3213/3153/108 3212/3152/107 3576/3505/1425
f 3213/3153/108 3576/3505/1425 3575/3504/426
f 3575/3504/426 3576/3505/1425 3577/3506/1425
f 3575/3504/426 3577/3506/1425 3578/3507/108
f 3571/3500/109 3575/3504/426 3578/3507/108
f 3571/3500/109 3578/3507/108 3572/3501/109
f 3572/3501/109 3578/3507/108 3579/3508/426
f 3572/3501/109 3579/3508/426 3580/3509/109
f 3578/3507/108 3577/3506/1425 3581/3510/107
f 3578/3507/108 3581/3510/107 3579/3508/426
f 3579/3508/426 3581/3510/107 2278/2231/107
f 3579/3508/426 2278/2231/107 2276/2229/108
f 3580/3509/109 3579/3508/426 2276/2229/108
f 3580/3509/109 2276/2229/108 2271/2224/109
f 3574/3503/114 3573/3502/113 3582/3511/113
f 3574/3503/114 3582/3511/113 3583/3512/114
f 3573/3502/113 3572/3501/109 3580/3509/109
f 3573/3502/113 3580/3509/109 3582/3511/113
f 3582/3511/113 3580/3509/109 2271/2224/109
f 3582/3511/113 2271/2224/109 2268/2221/113
f 3583/3512/114 3582/3511/113 2268/2221/113
f 3583/3512/114 2268/2221/113 2267/2220/114
f 3234/3174/306 3233/3173/391 3584/3513/391
f 3234/3174/306 3584/3513/391 3585/3514/306
f 3233/3173/391 3230/3170/387 3586/3515/387
f 3233/3173/391 3586/3515/387 3584/3513/391
f 3584/3513/391 3586/3515/387 3587/3516/387
f 3584/3513/391 3587/3516/387 3588/3517/391
f 3585/3514/306 3584/3513/391 3588/3517/391
f 3585/3514/306 3588/3517/391 3589/3518/306
f 3230/3170/387 3229/3169/386 3590/3519/386
f 3230/3170/387 3590/3519/386 3586/3515/387
f 3229/3169/386 3218/3158/114 3570/3499/114
f 3229/3169/386 3570/3499/114 3590/3519/386
f 3590/3519/386 3570/3499/114 3574/3503/114
f 3590/3519/386 3574/3503/114 3591/3520/386
f 3586/3515/387 3590/3519/386 3591/3520/386
f 3586/3515/387 3591/3520/386 3587/3516/387
f 3587/3516/387 3591/3520/386 3592/3521/386
f 3587/3516/387 3592/3521/386 3593/3522/387
f 3591/3520/386 3574/3503/114 3583/3512/114
f 3591/3520/386 3583/3512/114 3592/3521/386
f 3592/3521/386 3583/3512/114 2267/2220/114
f 3592/3521/386 2267/2220/114 2296/2249/386
f 3593/3522/387 3592/3521/386 2296/2249/386
f 3593/3522/387 2296/2249/386 2291/2244/387
f 3589/3518/306 3588/3517/391 3594/3523/391
f 3589/3518/306 3594/3523/391 3595/3524/306
f 3588/3517/391 3587/3516/387 3593/3522/387
f 3588/3517/391 3593/3522/387 3594/3523/391
f 3594/3523/391 3593/3522/387 2291/2244/387
f 3594/3523/391 2291/2244/387 2288/2241/391
f 3595/3524/306 3594/3523/391 2288/2241/391
f 3595/3524/306 2288/2241/391 2287/2240/306
f 3250/3190/434 3249/3189/430 3596/3525/427
f 3250/3190/434 3596/3525/427 3597/3526/431
f 3249/3189/430 3246/3186/429 3598/3527/429
f 3249/3189/430 3598/3527/429 3596/3525/427
f 3596/3525/427 3598/3527/429 3599/3528/429
f 3596/3525/427 3599/3528/429 3600/3529/427
f 3597/3526/431 3596/3525/427 3600/3529/427
f 3597/3526/431 3600/3529/427 3601/3530/431
f 3246/3186/429 3245/3185/433 3602/3531/433
f 3246/3186/429 3602/3531/433 3598/3527/429
f 3245/3185/433 3234/3174/306 3585/3514/306
f 3245/3185/433 3585/3514/306 3602/3531/433
f 3602/3531/433 3585/3514/306 3589/3518/306
f 3602/3531/433 3589/3518/306 3603/3532/433
f 3598/3527/429 3602/3531/433 3603/3532/433
f 3598/3527/429 3603/3532/433 3599/3528/429
f 3599/3528/429 3603/3532/433 3604/3533/432
f 3599/3528/429 3604/3533/432 3605/3534/429
f 3603/3532/433 3589/3518/306 3595/3524/306
f 3603/3532/433 3595/3524/306 3604/3533/432
f 3604/3533/432 3595/3524/306 2287/2240/306
f 3604/3533/432 2287/2240/306 2312/2265/433
f 3605/3534/429 3604/3533/432 2312/2265/433
f 3605/3534/429 2312/2265/433 2307/2260/429
f 3601/3530/431 3600/3529/427 3606/3535/430
f 3601/3530/431 3606/3535/430 3607/3536/1166
f 3600/3529/427 3599/3528/429 3605/3534/429
f 3600/3529/427 3605/3534/429 3606/3535/430
f 3606/3535/430 3605/3534/429 2307/2260/429
f 3606/3535/430 2307/2260/429 2304/2257/430
f 3607/3536/1166 3606/3535/430 2304/2257/430
f 3607/3536/1166 2304/2257/430 2303/2256/434
f 3270/3210/2266 3269/3209/1178 3608/3537/1438
f 3270/3210/2266 3608/3537/1438 3609/3538/1179
f 3269/3209/1178 3266/3206/2265 3610/3539/2460
f 3269/3209/1178 3610/3539/2460 3608/3537/1438
f 3608/3537/1438 3610/3539/2460 3611/3540/2461
f 3608/3537/1438 3611/3540/2461 3612/3541/1177
f 3609/3538/1179 3608/3537/1438 3612/3541/1177
f 3609/3538/1179 3612/3541/1177 3613/3542/1603
f 3266/3206/2265 3265/3205/1436 3614/3543/1435
f 3266/3206/2265 3614/3543/1435 3610/3539/2460
f 3265/3205/1436 3264/3204/435 3615/3544/1166
f 3265/3205/1436 3615/3544/1166 3614/3543/1435
f 3614/3543/1435 3615/3544/1166 3616/3545/431
f 3614/3543/1435 3616/3545/431 3617/3546/2462
f 3610/3539/2460 3614/3543/1435 3617/3546/2462
f 3610/3539/2460 3617/3546/2462 3611/3540/2461
f 3611/3540/2461 3617/3546/2462 3618/3547/2463
f 3611/3540/2461 3618/3547/2463 3619/3548/2464
f 3617/3546/2462 3616/3545/431 3620/3549/1166
f 3617/3546/2462 3620/3549/1166 3618/3547/2463
f 3618/3547/2463 3620/3549/1166 2330/2283/435
f 3618/3547/2463 2330/2283/435 2328/2281/1604
f 3619/3548/2464 3618/3547/2463 2328/2281/1604
f 3619/3548/2464 2328/2281/1604 2323/2276/1599
f 3613/3542/1603 3612/3541/1177 3621/3550/2465
f 3613/3542/1603 3621/3550/2465 3622/3551/2466
f 3612/3541/1177 3611/3540/2461 3619/3548/2464
f 3612/3541/1177 3619/3548/2464 3621/3550/2465
f 3621/3550/2465 3619/3548/2464 2323/2276/1599
f 3621/3550/2465 2323/2276/1599 2320/2273/1596
f 3622/3551/2466 3621/3550/2465 2320/2273/1596
f 3622/3551/2466 2320/2273/1596 2319/2272/1180
f 3286/3226/2282 3285/3225/2281 3623/3552/2467
f 3286/3226/2282 3623/3552/2467 3624/3553/2468
f 3285/3225/2281 3282/3222/2278 3625/3554/2469
f 3285/3225/2281 3625/3554/2469 3623/3552/2467
f 3623/3552/2467 3625/3554/2469 3626/3555/2470
f 3623/3552/2467 3626/3555/2470 3627/3556/2471
f 3624/3553/2468 3623/3552/2467 3627/3556/2471
f 3624/3553/2468 3627/3556/2471 3628/3557/2472
f 3282/3222/2278 3281/3221/2277 3629/3558/2473
f 3282/3222/2278 3629/3558/2473 3625/3554/2469
f 3281/3221/2277 3270/3210/2266 3609/3538/1179
f 3281/3221/2277 3609/3538/1179 3629/3558/2473
f 3629/3558/2473 3609/3538/1179 3613/3542/1603
f 3629/3558/2473 3613/3542/1603 3630/3559/2474
f 3625/3554/2469 3629/3558/2473 3630/3559/2474
f 3625/3554/2469 3630/3559/2474 3626/3555/2470
f 3626/3555/2470 3630/3559/2474 3631/3560/2475
f 3626/3555/2470 3631/3560/2475 3632/3561/2476
f 3630/3559/2474 3613/3542/1603 3622/3551/2466
f 3630/3559/2474 3622/3551/2466 3631/3560/2475
f 3631/3560/2475 3622/3551/2466 2319/2272/1180
f 3631/3560/2475 2319/2272/1180 2470/2423/1740
f 3632/3561/2476 3631/3560/2475 2470/2423/1740
f 3632/3561/2476 2470/2423/1740 2466/2419/1736
f 3628/3557/2472 3627/3556/2471 3633/3562/2477
f 3628/3557/2472 3633/3562/2477 3634/3563/2478
f 3627/3556/2471 3626/3555/2470 3632/3561/2476
f 3627/3556/2471 3632/3561/2476 3633/3562/2477
f 3633/3562/2477 3632/3561/2476 2466/2419/1736
f 3633/3562/2477 2466/2419/1736 2464/2417/1734
f 3634/3563/2478 3633/3562/2477 2464/2417/1734
f 3634/3563/2478 2464/2417/1734 2351/2304/1621
f 3306/3246/2302 3305/3245/2301 3635/3564/2479
f 3306/3246/2302 3635/3564/2479 3636/3565/2480
f 3305/3245/2301 3302/3242/2298 3637/3566/2481
f 3305/3245/2301 3637/3566/2481 3635/3564/2479
f 3635/3564/2479 3637/3566/2481 3638/3567/2482
f 3635/3564/2479 3638/3567/2482 3639/3568/2483
f 3636/3565/2480 3635/3564/2479 3639/3568/2483
f 3636/3565/2480 3639/3568/2483 3640/3569/2484
f 3302/3242/2298 3301/3241/2297 3641/3570/2485
f 3302/3242/2298 3641/3570/2485 3637/3566/2481
f 3300/3240/2296 3286/3226/2282 3624/3553/2468
f 3300/3240/2296 3624/3553/2468 3642/3571/2486
f 3642/3571/2486 3624/3553/2468 3628/3557/2472
f 3642/3571/2486 3628/3557/2472 3643/3572/2487
f 3637/3566/2481 3641/3570/2485 3644/3573/2488
f 3637/3566/2481 3644/3573/2488 3638/3567/2482
f 3638/3567/2482 3644/3573/2488 3645/3574/2489
f 3638/3567/2482 3645/3574/2489 3646/3575/2490
f 3643/3572/2487 3628/3557/2472 3634/3563/2478
f 3643/3572/2487 3634/3563/2478 3647/3576/2491
f 3647/3576/2491 3634/3563/2478 2351/2304/1621
f 3647/3576/2491 2351/2304/1621 2350/2303/1620
f 3646/3575/2490 3645/3574/2489 2348/2301/1618
f 3646/3575/2490 2348/2301/1618 2343/2296/1613
f 3640/3569/2484 3639/3568/2483 3648/3577/2492
f 3640/3569/2484 3648/3577/2492 3649/3578/2493
f 3639/3568/2483 3638/3567/2482 3646/3575/2490
f 3639/3568/2483 3646/3575/2490 3648/3577/2492
f 3648/3577/2492 3646/3575/2490 2343/2296/1613
f 3648/3577/2492 2343/2296/1613 2340/2293/1610
f 3649/3578/2493 3648/3577/2492 2340/2293/1610
f 3649/3578/2493 2340/2293/1610 2339/2292/1609
f 3322/3262/2318 3321/3261/2317 3650/3579/2494
f 3322/3262/2318 3650/3579/2494 3651/3580/2495
f 3321/3261/2317 3318/3258/2314 3652/3581/2496
f 3321/3261/2317 3652/3581/2496 3650/3579/2494
f 3650/3579/2494 3652/3581/2496 3653/3582/2497
f 3650/3579/2494 3653/3582/2497 3654/3583/2498
f 3651/3580/2495 3650/3579/2494 3654/3583/2498
f 3651/3580/2495 3654/3583/2498 3655/3584/2499
f 3318/3258/2314 3317/3257/2313 3656/3585/2500
f 3318/3258/2314 3656/3585/2500 3652/3581/2496
f 3317/3257/2313 3306/3246/2302 3636/3565/2480
f 3317/3257/2313 3636/3565/2480 3656/3585/2500
f 3656/3585/2500 3636/3565/2480 3640/3569/2484
f 3656/3585/2500 3640/3569/2484 3657/3586/2501
f 3652/3581/2496 3656/3585/2500 3657/3586/2501
f 3652/3581/2496 3657/3586/2501 3653/3582/2497
f 3653/3582/2497 3657/3586/2501 3658/3587/2502
f 3653/3582/2497 3658/3587/2502 3659/3588/2503
f 3657/3586/2501 3640/3569/2484 3649/3578/2493
f 3657/3586/2501 3649/3578/2493 3658/3587/2502
f 3658/3587/2502 3649/3578/2493 2339/2292/1609
f 3658/3587/2502 2339/2292/1609 2890/2843/2133
f 3659/3588/2503 3658/3587/2502 2890/2843/2133
f 3659/3588/2503 2890/2843/2133 2894/2847/2137
f 3655/3584/2499 3654/3583/2498 3660/3589/2504
f 3655/3584/2499 3660/3589/2504 3661/3590/2505
f 3654/3583/2498 3653/3582/2497 3659/3588/2503
f 3654/3583/2498 3659/3588/2503 3660/3589/2504
f 3660/3589/2504 3659/3588/2503 2894/2847/2137
f 3660/3589/2504 2894/2847/2137 2902/2855/2145
f 3661/3590/2505 3660/3589/2504 2902/2855/2145
f 3661/3590/2505 2902/2855/2145 2904/2857/2147
f 2725/2678/1974 3662/3591/2506 3663/3592/2507
f 2725/2678/1974 3663/3592/2507 2899/2852/2142
f 3662/3591/2506 3664/3593/2508 3665/3594/2509
f 3662/3591/2506 3665/3594/2509 3663/3592/2507
f 3663/3592/2507 3665/3594/2509 3666/3595/2510
f 3663/3592/2507 3666/3595/2510 3667/3596/2511
f 2899/2852/2142 3663/3592/2507 3667/3596/2511
f 2899/2852/2142 3667/3596/2511 2900/2853/2143
f 3664/3593/2508 3668/3597/2512 3669/3598/2513
f 3664/3593/2508 3669/3598/2513 3665/3594/2509
f 3668/3597/2512 3323/3263/2319 3326/3266/2322
f 3668/3597/2512 3326/3266/2322 3669/3598/2513
f 3669/3598/2513 3326/3266/2322 3331/3271/2327
f 3669/3598/2513 3331/3271/2327 3670/3599/2514
f 3665/3594/2509 3669/3598/2513 3670/3599/2514
f 3665/3594/2509 3670/3599/2514 3666/3595/2510
f 3666/3595/2510 3670/3599/2514 3671/3600/2515
f 3666/3595/2510 3671/3600/2515 3672/3601/2516
f 3670/3599/2514 3331/3271/2327 3338/3278/2334
f 3670/3599/2514 3338/3278/2334 3671/3600/2515
f 3671/3600/2515 3338/3278/2334 3322/3262/2318
f 3671/3600/2515 3322/3262/2318 3651/3580/2495
f 3672/3601/2516 3671/3600/2515 3651/3580/2495
f 3672/3601/2516 3651/3580/2495 3655/3584/2499
f 2900/2853/2143 3667/3596/2511 3673/3602/2517
f 2900/2853/2143 3673/3602/2517 2903/2856/2146
f 3667/3596/2511 3666/3595/2510 3672/3601/2516
f 3667/3596/2511 3672/3601/2516 3673/3602/2517
f 3673/3602/2517 3672/3601/2516 3655/3584/2499
f 3673/3602/2517 3655/3584/2499 3661/3590/2505
f 2903/2856/2146 3673/3602/2517 3661/3590/2505
f 2903/2856/2146 3661/3590/2505 2904/2857/2147
f 2719/2672/1968 3674/3603/2518 3675/3604/2519
f 2719/2672/1968 3675/3604/2519 2720/2673/1969
f 3674/3603/2518 3676/3605/2520 3677/3606/2521
f 3674/3603/2518 3677/3606/2521 3675/3604/2519
f 3675/3604/2519 3677/3606/2521 3678/3607/2522
f 3675/3604/2519 3678/3607/2522 3679/3608/2523
f 2720/2673/1969 3675/3604/2519 3679/3608/2523
f 2720/2673/1969 3679/3608/2523 2721/2674/1970
f 3676/3605/2520 3680/3609/2524 3681/3610/2525
f 3676/3605/2520 3681/3610/2525 3677/3606/2521
f 3680/3609/2524 3339/3279/2335 3342/3282/2338
f 3680/3609/2524 3342/3282/2338 3681/3610/2525
f 3681/3610/2525 3342/3282/2338 3347/3287/2343
f 3681/3610/2525 3347/3287/2343 3682/3611/2526
f 3677/3606/2521 3681/3610/2525 3682/3611/2526
f 3677/3606/2521 3682/3611/2526 3678/3607/2522
f 3678/3607/2522 3682/3611/2526 3683/3612/2527
f 3678/3607/2522 3683/3612/2527 3684/3613/2528
f 3682/3611/2526 3347/3287/2343 3354/3294/2350
f 3682/3611/2526 3354/3294/2350 3683/3612/2527
f 3683/3612/2527 3354/3294/2350 3323/3263/2319
f 3683/3612/2527 3323/3263/2319 3668/3597/2512
f 3684/3613/2528 3683/3612/2527 3668/3597/2512
f 3684/3613/2528 3668/3597/2512 3664/3593/2508
f 2721/2674/1970 3679/3608/2523 3685/3614/2529
f 2721/2674/1970 3685/3614/2529 2724/2677/1973
f 3679/3608/2523 3678/3607/2522 3684/3613/2528
f 3679/3608/2523 3684/3613/2528 3685/3614/2529
f 3685/3614/2529 3684/3613/2528 3664/3593/2508
f 3685/3614/2529 3664/3593/2508 3662/3591/2506
f 2724/2677/1973 3685/3614/2529 3662/3591/2506
f 2724/2677/1973 3662/3591/2506 2725/2678/1974
f 3374/3314/2370 3373/3313/2369 3686/3615/2530
f 3374/3314/2370 3686/3615/2530 3687/3616/2531
f 3373/3313/2369 3370/3310/2366 3688/3617/2532
f 3373/3313/2369 3688/3617/2532 3686/3615/2530
f 3686/3615/2530 3688/3617/2532 3689/3618/2533
f 3686/3615/2530 3689/3618/2533 3690/3619/2534
f 3687/3616/2531 3686/3615/2530 3690/3619/2534
f 3687/3616/2531 3690/3619/2534 3691/3620/2535
f 3370/3310/2366 3369/3309/2365 3692/3621/2536
f 3370/3310/2366 3692/3621/2536 3688/3617/2532
f 3369/3309/2365 3368/3308/2364 3693/3622/2524
f 3369/3309/2365 3693/3622/2524 3692/3621/2536
f 3692/3621/2536 3693/3622/2524 3694/3623/2537
f 3692/3621/2536 3694/3623/2537 3695/3624/2538
f 3688/3617/2532 3692/3621/2536 3695/3624/2538
f 3688/3617/2532 3695/3624/2538 3689/3618/2533
f 3689/3618/2533 3695/3624/2538 3696/3625/2539
f 3689/3618/2533 3696/3625/2539 3697/3626/2540
f 3695/3624/2538 3694/3623/2537 3698/3627/2541
f 3695/3624/2538 3698/3627/2541 3696/3625/2539
f 3696/3625/2539 3698/3627/2541 2765/2718/2012
f 3696/3625/2539 2765/2718/2012 2764/2717/2011
f 3697/3626/2540 3696/3625/2539 2764/2717/2011
f 3697/3626/2540 2764/2717/2011 2761/2714/2008
f 3691/3620/2535 3690/3619/2534 3699/3628/2542
f 3691/3620/2535 3699/3628/2542 3700/3629/2543
f 3690/3619/2534 3689/3618/2533 3697/3626/2540
f 3690/3619/2534 3697/3626/2540 3699/3628/2542
f 3699/3628/2542 3697/3626/2540 2761/2714/2008
f 3699/3628/2542 2761/2714/2008 2760/2713/2007
f 3700/3629/2543 3699/3628/2542 2760/2713/2007
f 3700/3629/2543 2760/2713/2007 2759/2712/2006
f 2958/2911/2201 3386/3326/2382 3701/3630/2544
f 2958/2911/2201 3701/3630/2544 3394/3334/2390
f 3386/3326/2382 3384/3324/2380 3702/3631/2545
f 3386/3326/2382 3702/3631/2545 3701/3630/2544
f 3701/3630/2544 3702/3631/2545 3703/3632/2546
f 3701/3630/2544 3703/3632/2546 3704/3633/2547
f 3394/3334/2390 3701/3630/2544 3704/3633/2547
f 3394/3334/2390 3704/3633/2547 3395/3335/2391
f 3384/3324/2380 3383/3323/2379 3705/3634/2548
f 3384/3324/2380 3705/3634/2548 3702/3631/2545
f 3383/3323/2379 3374/3314/2370 3687/3616/2531
f 3383/3323/2379 3687/3616/2531 3705/3634/2548
f 3705/3634/2548 3687/3616/2531 3691/3620/2535
f 3705/3634/2548 3691/3620/2535 3706/3635/2549
f 3702/3631/2545 3705/3634/2548 3706/3635/2549
f 3702/3631/2545 3706/3635/2549 3703/3632/2546
f 3703/3632/2546 3706/3635/2549 3707/3636/2550
f 3703/3632/2546 3707/3636/2550 3708/3637/2551
f 3706/3635/2549 3691/3620/2535 3700/3629/2543
f 3706/3635/2549 3700/3629/2543 3707/3636/2550
f 3707/3636/2550 3700/3629/2543 2759/2712/2006
f 3707/3636/2550 2759/2712/2006 2797/2750/2043
f 3708/3637/2551 3707/3636/2550 2797/2750/2043
f 3708/3637/2551 2797/2750/2043 2795/2748/2041
f 3395/3335/2391 3704/3633/2547 3709/3638/2552
f 3395/3335/2391 3709/3638/2552 3399/3339/2395
f 3704/3633/2547 3703/3632/2546 3708/3637/2551
f 3704/3633/2547 3708/3637/2551 3709/3638/2552
f 3709/3638/2552 3708/3637/2551 2795/2748/2041
f 3709/3638/2552 2795/2748/2041 2794/2747/2040
f 3399/3339/2395 3709/3638/2552 2794/2747/2040
f 3399/3339/2395 2794/2747/2040 2793/2746/2039
