# Blender 4.5.0
# www.blender.org
mtllib tea_biscuit.mtl
o Plane170_kek05_0
v 0.039897 0.003531 -0.000260
v 0.039982 0.003435 -0.000248
v 0.039103 0.003383 -0.000316
v 0.038919 0.003529 -0.000328
v 0.040135 0.003338 -0.000220
v 0.039579 0.003263 -0.000277
v 0.038452 0.003141 -0.000355
v 0.037928 0.003347 -0.000400
v 0.037832 0.003524 -0.000407
v 0.040416 0.003147 -0.000133
v 0.040108 0.003192 -0.000212
v 0.040278 0.003242 -0.000179
v 0.040416 0.003147 -0.000133
v 0.039984 0.003143 -0.000229
v 0.040416 0.003147 -0.000133
v 0.040278 0.003048 -0.000181
v 0.040108 0.003095 -0.000213
v 0.040135 0.002949 -0.000222
v 0.039579 0.003019 -0.000279
v 0.039897 0.002753 -0.000264
v 0.038920 0.002749 -0.000332
v 0.039102 0.002896 -0.000318
v 0.039981 0.002850 -0.000252
v 0.037832 0.002757 -0.000412
v 0.037928 0.002938 -0.000402
v 0.036246 0.002851 -0.000611
v 0.035930 0.003021 -0.000663
v 0.036923 0.002973 -0.000520
v 0.036932 0.002790 -0.000514
v 0.035757 0.003241 -0.000699
v 0.036914 0.003162 -0.000527
v 0.036246 0.003513 -0.000607
v 0.036932 0.003515 -0.000510
v 0.036923 0.003342 -0.000518
v 0.035930 0.003407 -0.000660
v 0.035206 0.005402 -0.000812
v 0.035332 0.004858 -0.000786
v 0.033977 0.004898 -0.001076
v 0.033794 0.005723 -0.001123
v 0.035608 0.004450 -0.000725
v 0.034445 0.004288 -0.000962
v 0.033231 0.003848 -0.001235
v 0.032212 0.005116 -0.001495
v 0.031990 0.006141 -0.001552
v 0.036247 0.004173 -0.000604
v 0.035930 0.004023 -0.000657
v 0.035100 0.004049 -0.000815
v 0.035930 0.004255 -0.000656
v 0.035757 0.003819 -0.000695
v 0.034725 0.003811 -0.000898
v 0.035100 0.003583 -0.000817
v 0.035930 0.003640 -0.000659
v 0.034725 0.003431 -0.000900
v 0.035930 0.002787 -0.000664
v 0.035099 0.003112 -0.000820
v 0.035757 0.002658 -0.000702
v 0.034724 0.003046 -0.000902
v 0.036246 0.002187 -0.000615
v 0.035930 0.002163 -0.000667
v 0.035099 0.002636 -0.000822
v 0.035930 0.002399 -0.000666
v 0.035575 0.002118 -0.000739
v 0.034396 0.002785 -0.000973
v 0.034883 0.001781 -0.000840
v 0.033314 0.002447 -0.001168
v 0.033785 0.002671 -0.001100
v 0.035202 0.001962 -0.000805
v 0.031403 0.003254 -0.001581
v 0.031977 0.003540 -0.001509
v 0.026345 0.004223 -0.002482
v 0.026565 0.004556 -0.002556
v 0.029445 0.004209 -0.002053
v 0.029007 0.003866 -0.002056
v 0.026720 0.005030 -0.002583
v 0.029753 0.004721 -0.002028
v 0.026577 0.006648 -0.002634
v 0.029462 0.006499 -0.002115
v 0.029627 0.005489 -0.002075
v 0.026661 0.005719 -0.002617
v 0.005724 0.005051 -0.003101
v 0.003292 0.005051 -0.003120
v 0.003292 0.005364 -0.003273
v 0.005724 0.005363 -0.003253
v 0.000859 0.005052 -0.003134
v 0.000859 0.005364 -0.003288
v 0.000859 0.005785 -0.003364
v 0.003292 0.005784 -0.003349
v 0.005724 0.005784 -0.003328
v -0.004005 0.005051 -0.003098
v -0.004005 0.005364 -0.003250
v -0.001573 0.005364 -0.003272
v -0.001573 0.005052 -0.003119
v -0.004005 0.005784 -0.003325
v -0.001573 0.005785 -0.003348
v -0.004005 0.007184 -0.003345
v -0.001573 0.007185 -0.003368
v -0.001573 0.006372 -0.003371
v -0.004005 0.006372 -0.003349
v 0.000859 0.007185 -0.003385
v 0.000859 0.006372 -0.003388
v 0.005724 0.007184 -0.003348
v 0.005724 0.006371 -0.003351
v 0.003292 0.006372 -0.003372
v 0.003292 0.007184 -0.003369
v -0.025023 0.006647 -0.002623
v -0.025115 0.005716 -0.002606
v -0.028255 0.005483 -0.002063
v -0.028074 0.006494 -0.002103
v -0.025181 0.005027 -0.002573
v -0.028393 0.004715 -0.002016
v -0.032119 0.003802 -0.001216
v -0.031023 0.005087 -0.001478
v -0.030781 0.006117 -0.001535
v -0.024772 0.004221 -0.002470
v -0.027581 0.003860 -0.002044
v -0.028058 0.004202 -0.002041
v -0.025011 0.004553 -0.002545
v -0.030146 0.003232 -0.001566
v -0.030770 0.003510 -0.001493
v -0.033925 0.001739 -0.000814
v -0.034267 0.001927 -0.000779
v -0.032723 0.002620 -0.001079
v -0.032214 0.002399 -0.001148
v -0.034669 0.002093 -0.000713
v -0.033385 0.002734 -0.000950
v -0.035408 0.002188 -0.000586
v -0.035057 0.002385 -0.000638
v -0.034150 0.002594 -0.000797
v -0.035057 0.002152 -0.000640
v -0.034866 0.002635 -0.000675
v -0.033741 0.002997 -0.000878
v -0.035408 0.002848 -0.000582
v -0.035057 0.003004 -0.000635
v -0.034150 0.003069 -0.000795
v -0.035057 0.002770 -0.000636
v -0.034866 0.003216 -0.000672
v -0.033741 0.003382 -0.000876
v -0.035408 0.003508 -0.000579
v -0.035057 0.003621 -0.000632
v -0.034150 0.003540 -0.000792
v -0.035057 0.003388 -0.000633
v -0.034866 0.003795 -0.000668
v -0.033742 0.003763 -0.000874
v -0.035408 0.004168 -0.000575
v -0.035057 0.004237 -0.000628
v -0.034150 0.004007 -0.000789
v -0.035057 0.004005 -0.000629
v -0.034703 0.004423 -0.000699
v -0.033436 0.004239 -0.000939
v -0.034268 0.005372 -0.000787
v -0.032729 0.005682 -0.001102
v -0.032929 0.004853 -0.001055
v -0.034404 0.004826 -0.000760
v -0.036158 0.003347 -0.000488
v -0.036171 0.003520 -0.000479
v -0.036146 0.003167 -0.000497
v -0.037772 0.003145 -0.000323
v -0.037278 0.003352 -0.000368
v -0.037176 0.003529 -0.000374
v -0.036171 0.002794 -0.000483
v -0.036158 0.002977 -0.000490
v -0.037177 0.002761 -0.000378
v -0.037278 0.002942 -0.000370
v -0.039449 0.002757 -0.000227
v -0.039533 0.002855 -0.000216
v -0.038512 0.002900 -0.000284
v -0.038319 0.002753 -0.000297
v -0.039687 0.002953 -0.000189
v -0.039037 0.003023 -0.000247
v -0.039967 0.003151 -0.000110
v -0.039635 0.003099 -0.000185
v -0.039831 0.003052 -0.000152
v -0.039967 0.003151 -0.000110
v -0.039487 0.003147 -0.000201
v -0.039967 0.003151 -0.000110
v -0.039831 0.003247 -0.000151
v -0.039635 0.003197 -0.000184
v -0.039687 0.003343 -0.000187
v -0.039037 0.003267 -0.000246
v -0.039449 0.003536 -0.000222
v -0.038319 0.003533 -0.000292
v -0.038513 0.003388 -0.000281
v -0.039534 0.003439 -0.000213
v 0.039848 0.009286 -0.000228
v 0.039960 0.009111 -0.000217
v 0.039090 0.009024 -0.000284
v 0.038875 0.009286 -0.000296
v 0.040130 0.008936 -0.000189
v 0.039579 0.008805 -0.000247
v 0.039090 0.009024 -0.000284
v 0.039960 0.009111 -0.000217
v 0.038449 0.008587 -0.000324
v 0.037928 0.008954 -0.000369
v 0.039579 0.008805 -0.000247
v 0.037833 0.009274 -0.000375
v 0.040416 0.008586 -0.000103
v 0.040107 0.008674 -0.000182
v 0.040278 0.008761 -0.000149
v 0.040416 0.008586 -0.000103
v 0.039979 0.008586 -0.000198
v 0.040130 0.008936 -0.000189
v 0.040416 0.008586 -0.000103
v 0.040278 0.008411 -0.000151
v 0.040107 0.008499 -0.000183
v 0.040130 0.008236 -0.000193
v 0.039579 0.008368 -0.000249
v 0.039848 0.007887 -0.000235
v 0.038875 0.007887 -0.000303
v 0.039090 0.008150 -0.000289
v 0.039960 0.008062 -0.000223
v 0.037833 0.007901 -0.000383
v 0.037928 0.008221 -0.000373
v 0.036247 0.008006 -0.000583
v 0.035932 0.008265 -0.000634
v 0.036923 0.008258 -0.000491
v 0.036932 0.007939 -0.000485
v 0.035760 0.008615 -0.000670
v 0.036915 0.008588 -0.000497
v 0.036247 0.009184 -0.000576
v 0.036932 0.009237 -0.000478
v 0.036923 0.008918 -0.000488
v 0.035932 0.008948 -0.000631
v 0.035210 0.012106 -0.000776
v 0.035336 0.011322 -0.000751
v 0.033986 0.010966 -0.001045
v 0.033799 0.012166 -0.001089
v 0.035611 0.010710 -0.000691
v 0.034454 0.010084 -0.000932
v 0.033259 0.008852 -0.001210
v 0.032224 0.010723 -0.001466
v 0.031995 0.012266 -0.001519
v 0.036247 0.010359 -0.000570
v 0.035932 0.010042 -0.000624
v 0.035107 0.009892 -0.000783
v 0.035932 0.010455 -0.000622
v 0.035760 0.009640 -0.000664
v 0.034734 0.009356 -0.000869
v 0.035107 0.009070 -0.000788
v 0.035932 0.009362 -0.000628
v 0.034734 0.008688 -0.000873
v 0.035932 0.007848 -0.000636
v 0.035107 0.008241 -0.000793
v 0.035760 0.007582 -0.000675
v 0.034734 0.008012 -0.000876
v 0.036247 0.006824 -0.000589
v 0.035931 0.006744 -0.000642
v 0.035106 0.007402 -0.000797
v 0.035932 0.007160 -0.000640
v 0.035611 0.006539 -0.000714
v 0.034454 0.007352 -0.000946
v 0.033985 0.006666 -0.001067
v 0.035334 0.006022 -0.000780
v 0.032223 0.007354 -0.001485
v 0.026665 0.007844 -0.002609
v 0.029637 0.007747 -0.002067
v 0.026752 0.009244 -0.002583
v 0.029812 0.009178 -0.002015
v 0.026577 0.012386 -0.002603
v 0.029462 0.012357 -0.002084
v 0.029637 0.010738 -0.002050
v 0.026665 0.010782 -0.002593
v 0.003292 0.008280 -0.003365
v 0.005724 0.008280 -0.003344
v 0.000859 0.008281 -0.003380
v 0.000860 0.009589 -0.003376
v 0.003292 0.009589 -0.003360
v 0.005724 0.009589 -0.003339
v -0.004005 0.008280 -0.003341
v -0.001573 0.008281 -0.003364
v -0.004005 0.009589 -0.003336
v -0.001573 0.009589 -0.003359
v -0.004005 0.012561 -0.003325
v -0.001573 0.012561 -0.003348
v -0.001573 0.011040 -0.003353
v -0.004005 0.011040 -0.003331
v 0.000860 0.012561 -0.003364
v 0.000860 0.011040 -0.003370
v 0.005724 0.012561 -0.003327
v 0.005724 0.011039 -0.003333
v 0.003292 0.011040 -0.003355
v 0.003292 0.012561 -0.003349
v -0.025023 0.012387 -0.002592
v -0.025119 0.010782 -0.002582
v -0.028264 0.010737 -0.002038
v -0.028074 0.012357 -0.002072
v -0.025214 0.009243 -0.002572
v -0.028455 0.009176 -0.002003
v -0.032146 0.008828 -0.001190
v -0.031033 0.010711 -0.001449
v -0.030785 0.012258 -0.001503
v -0.028264 0.007743 -0.002055
v -0.025119 0.007843 -0.002598
v -0.031033 0.007330 -0.001468
v -0.034404 0.005999 -0.000754
v -0.032934 0.006629 -0.001045
v -0.034703 0.006522 -0.000687
v -0.033441 0.007319 -0.000923
v -0.035408 0.006824 -0.000560
v -0.035057 0.007151 -0.000612
v -0.034151 0.007378 -0.000771
v -0.035057 0.006736 -0.000614
v -0.034866 0.007569 -0.000648
v -0.033745 0.007984 -0.000852
v -0.035408 0.008003 -0.000554
v -0.035057 0.008254 -0.000606
v -0.034151 0.008217 -0.000767
v -0.035057 0.007838 -0.000609
v -0.034866 0.008602 -0.000642
v -0.033745 0.008662 -0.000848
v -0.035408 0.009182 -0.000547
v -0.035057 0.009354 -0.000600
v -0.034151 0.009049 -0.000762
v -0.035057 0.008939 -0.000603
v -0.034866 0.009630 -0.000637
v -0.033745 0.009334 -0.000844
v -0.035408 0.010361 -0.000541
v -0.035057 0.010452 -0.000594
v -0.034151 0.009875 -0.000758
v -0.035057 0.010037 -0.000596
v -0.034703 0.010703 -0.000665
v -0.033441 0.010065 -0.000908
v -0.034268 0.012099 -0.000750
v -0.032732 0.012154 -0.001067
v -0.032934 0.010949 -0.001022
v -0.034404 0.011314 -0.000725
v -0.036158 0.008923 -0.000457
v -0.036170 0.009241 -0.000447
v -0.036145 0.008592 -0.000467
v -0.037770 0.008591 -0.000293
v -0.037277 0.008958 -0.000336
v -0.037176 0.009278 -0.000342
v -0.036170 0.007944 -0.000454
v -0.036158 0.008262 -0.000461
v -0.037176 0.007905 -0.000350
v -0.037277 0.008225 -0.000340
v -0.039398 0.007891 -0.000198
v -0.039511 0.008066 -0.000187
v -0.038500 0.008154 -0.000255
v -0.038278 0.007892 -0.000268
v -0.039682 0.008241 -0.000160
v -0.039036 0.008372 -0.000217
v -0.039967 0.008590 -0.000080
v -0.039634 0.008503 -0.000155
v -0.039831 0.008416 -0.000123
v -0.039967 0.008590 -0.000080
v -0.039481 0.008591 -0.000171
v -0.039967 0.008590 -0.000080
v -0.039831 0.008765 -0.000121
v -0.039634 0.008678 -0.000154
v -0.039682 0.008941 -0.000156
v -0.039036 0.008810 -0.000215
v -0.039398 0.009290 -0.000190
v -0.038278 0.009291 -0.000260
v -0.038500 0.009028 -0.000250
v -0.039511 0.009116 -0.000181
v 0.039848 0.016282 -0.000189
v 0.039961 0.016107 -0.000178
v 0.039090 0.016020 -0.000245
v 0.038876 0.016282 -0.000257
v 0.040131 0.015932 -0.000150
v 0.039579 0.015801 -0.000208
v 0.038449 0.015583 -0.000286
v 0.037929 0.015950 -0.000330
v 0.037833 0.016270 -0.000337
v 0.040416 0.015581 -0.000064
v 0.040107 0.015669 -0.000143
v 0.040279 0.015757 -0.000110
v 0.040416 0.015581 -0.000064
v 0.039979 0.015582 -0.000159
v 0.040416 0.015581 -0.000064
v 0.040279 0.015407 -0.000112
v 0.040107 0.015494 -0.000144
v 0.040131 0.015232 -0.000154
v 0.039579 0.015364 -0.000210
v 0.039848 0.014883 -0.000196
v 0.038876 0.014883 -0.000264
v 0.039090 0.015145 -0.000250
v 0.039960 0.015057 -0.000184
v 0.037833 0.014896 -0.000344
v 0.037929 0.015216 -0.000334
v 0.036247 0.014995 -0.000544
v 0.035932 0.015243 -0.000596
v 0.036924 0.015253 -0.000453
v 0.036932 0.014935 -0.000447
v 0.035760 0.015585 -0.000631
v 0.036915 0.015584 -0.000458
v 0.036247 0.016173 -0.000538
v 0.036932 0.016232 -0.000439
v 0.036924 0.015914 -0.000449
v 0.035932 0.015926 -0.000592
v 0.035210 0.019064 -0.000738
v 0.035337 0.018282 -0.000712
v 0.033987 0.017811 -0.001006
v 0.033800 0.019006 -0.001051
v 0.035612 0.017682 -0.000653
v 0.034454 0.016970 -0.000893
v 0.033260 0.015586 -0.001172
v 0.032224 0.017374 -0.001429
v 0.031996 0.018909 -0.001482
v 0.036247 0.017352 -0.000531
v 0.035932 0.017025 -0.000586
v 0.035107 0.016828 -0.000745
v 0.035932 0.017440 -0.000583
v 0.035761 0.016613 -0.000625
v 0.034734 0.016256 -0.000830
v 0.035107 0.015999 -0.000749
v 0.035932 0.016341 -0.000590
v 0.034734 0.015585 -0.000834
v 0.035932 0.014828 -0.000598
v 0.035107 0.015171 -0.000754
v 0.035760 0.014557 -0.000637
v 0.034734 0.014914 -0.000838
v 0.036247 0.013817 -0.000551
v 0.035932 0.013729 -0.000604
v 0.035107 0.014342 -0.000759
v 0.035932 0.014144 -0.000602
v 0.035612 0.013488 -0.000676
v 0.034454 0.014201 -0.000909
v 0.033987 0.013361 -0.001031
v 0.035336 0.012888 -0.000742
v 0.032224 0.013799 -0.001449
v 0.026665 0.013989 -0.002576
v 0.029637 0.013972 -0.002032
v 0.026753 0.015592 -0.002548
v 0.029812 0.015589 -0.001979
v 0.026578 0.018799 -0.002569
v 0.029463 0.018822 -0.002047
v 0.029637 0.017206 -0.002013
v 0.026665 0.017196 -0.002558
v 0.003292 0.014082 -0.003343
v 0.005724 0.014082 -0.003322
v 0.000860 0.014083 -0.003359
v 0.000860 0.015604 -0.003353
v 0.003292 0.015604 -0.003337
v 0.005725 0.015603 -0.003316
v -0.004005 0.014082 -0.003319
v -0.001572 0.014083 -0.003342
v -0.004005 0.015604 -0.003313
v -0.001572 0.015604 -0.003336
v -0.004004 0.018647 -0.003302
v -0.001572 0.018647 -0.003325
v -0.001572 0.017126 -0.003331
v -0.004004 0.017125 -0.003308
v 0.000860 0.018647 -0.003341
v 0.000860 0.017126 -0.003347
v 0.005725 0.018646 -0.003304
v 0.005725 0.017125 -0.003310
v 0.003292 0.017125 -0.003332
v 0.003292 0.018647 -0.003326
v -0.025022 0.018803 -0.002557
v -0.025118 0.017200 -0.002547
v -0.028264 0.017211 -0.002001
v -0.028073 0.018828 -0.002035
v -0.025214 0.015595 -0.002537
v -0.028454 0.015592 -0.001967
v -0.032145 0.015590 -0.001152
v -0.031033 0.017384 -0.001411
v -0.030784 0.018923 -0.001465
v -0.028264 0.013974 -0.002019
v -0.025118 0.013991 -0.002565
v -0.031033 0.013797 -0.001432
v -0.034403 0.012884 -0.000716
v -0.032934 0.013355 -0.001009
v -0.034702 0.013487 -0.000649
v -0.033441 0.014199 -0.000885
v -0.035407 0.013820 -0.000522
v -0.035056 0.014146 -0.000574
v -0.034151 0.014342 -0.000733
v -0.035056 0.013731 -0.000576
v -0.034866 0.014559 -0.000609
v -0.033745 0.014916 -0.000813
v -0.035407 0.014999 -0.000515
v -0.035056 0.015246 -0.000567
v -0.034151 0.015174 -0.000728
v -0.035056 0.014831 -0.000570
v -0.034865 0.015589 -0.000604
v -0.033745 0.015589 -0.000809
v -0.035407 0.016178 -0.000509
v -0.035056 0.016346 -0.000561
v -0.034151 0.016005 -0.000724
v -0.035056 0.015931 -0.000564
v -0.034865 0.016619 -0.000598
v -0.033745 0.016263 -0.000806
v -0.035407 0.017357 -0.000502
v -0.035056 0.017447 -0.000555
v -0.034151 0.016837 -0.000719
v -0.035056 0.017031 -0.000558
v -0.034702 0.017691 -0.000626
v -0.033441 0.016980 -0.000869
v -0.034267 0.019079 -0.000711
v -0.032732 0.019026 -0.001029
v -0.032934 0.017825 -0.000984
v -0.034403 0.018294 -0.000686
v -0.036157 0.015918 -0.000418
v -0.036170 0.016236 -0.000408
v -0.036145 0.015588 -0.000428
v -0.037769 0.015587 -0.000254
v -0.037277 0.015954 -0.000297
v -0.037176 0.016274 -0.000303
v -0.036170 0.014939 -0.000416
v -0.036157 0.015258 -0.000422
v -0.037176 0.014900 -0.000311
v -0.037277 0.015220 -0.000302
v -0.039398 0.014887 -0.000159
v -0.039511 0.015062 -0.000148
v -0.038500 0.015150 -0.000216
v -0.038278 0.014887 -0.000229
v -0.039682 0.015237 -0.000121
v -0.039036 0.015368 -0.000178
v -0.039967 0.015586 -0.000041
v -0.039634 0.015499 -0.000116
v -0.039830 0.015411 -0.000084
v -0.039967 0.015586 -0.000041
v -0.039480 0.015586 -0.000132
v -0.039967 0.015586 -0.000041
v -0.039830 0.015761 -0.000082
v -0.039634 0.015674 -0.000115
v -0.039682 0.015936 -0.000117
v -0.039036 0.015805 -0.000176
v -0.039398 0.016286 -0.000151
v -0.038278 0.016286 -0.000222
v -0.038500 0.016024 -0.000211
v -0.039511 0.016111 -0.000142
v 0.039849 0.023277 -0.000150
v 0.039961 0.023102 -0.000139
v 0.039091 0.023015 -0.000206
v 0.038876 0.023278 -0.000218
v 0.040131 0.022927 -0.000111
v 0.039579 0.022797 -0.000169
v 0.038450 0.022578 -0.000247
v 0.037929 0.022945 -0.000291
v 0.037834 0.023266 -0.000298
v 0.040416 0.022577 -0.000025
v 0.040108 0.022665 -0.000104
v 0.040279 0.022752 -0.000071
v 0.040416 0.022577 -0.000025
v 0.039979 0.022578 -0.000120
v 0.040416 0.022577 -0.000025
v 0.040279 0.022402 -0.000073
v 0.040108 0.022490 -0.000105
v 0.040131 0.022228 -0.000115
v 0.039579 0.022359 -0.000171
v 0.039849 0.021878 -0.000158
v 0.038876 0.021879 -0.000226
v 0.039091 0.022141 -0.000211
v 0.039961 0.022053 -0.000145
v 0.037834 0.021892 -0.000305
v 0.037929 0.022212 -0.000295
v 0.036248 0.021984 -0.000505
v 0.035933 0.022220 -0.000557
v 0.036924 0.022249 -0.000414
v 0.036933 0.021931 -0.000408
v 0.035761 0.022554 -0.000592
v 0.036916 0.022579 -0.000420
v 0.036248 0.023162 -0.000499
v 0.036933 0.023228 -0.000400
v 0.036924 0.022910 -0.000410
v 0.035933 0.022904 -0.000553
v 0.035207 0.025757 -0.000699
v 0.035335 0.025144 -0.000674
v 0.033986 0.024499 -0.000968
v 0.033794 0.025432 -0.001013
v 0.035612 0.024629 -0.000614
v 0.034455 0.023818 -0.000854
v 0.033260 0.022320 -0.001134
v 0.032225 0.023811 -0.001391
v 0.031991 0.025011 -0.001445
v 0.036248 0.024344 -0.000492
v 0.035933 0.024009 -0.000547
v 0.035108 0.023768 -0.000706
v 0.035933 0.024425 -0.000544
v 0.035761 0.023587 -0.000586
v 0.034735 0.023159 -0.000792
v 0.035108 0.022929 -0.000711
v 0.035933 0.023320 -0.000551
v 0.034734 0.022483 -0.000796
v 0.035932 0.021807 -0.000559
v 0.035107 0.022100 -0.000715
v 0.035761 0.021530 -0.000598
v 0.034735 0.021815 -0.000799
v 0.036248 0.020809 -0.000512
v 0.035932 0.020714 -0.000565
v 0.035107 0.021279 -0.000720
v 0.035932 0.021127 -0.000563
v 0.035612 0.020459 -0.000637
v 0.034455 0.021088 -0.000870
v 0.033987 0.020206 -0.000993
v 0.035337 0.019848 -0.000704
v 0.032224 0.020451 -0.001411
v 0.026666 0.020403 -0.002541
v 0.029638 0.020440 -0.001995
v 0.026753 0.021939 -0.002514
v 0.029813 0.021997 -0.001943
v 0.026578 0.024514 -0.002537
v 0.029463 0.024657 -0.002012
v 0.029638 0.023422 -0.001978
v 0.026666 0.023331 -0.002525
v 0.003293 0.020168 -0.003320
v 0.005725 0.020168 -0.003299
v 0.000860 0.020168 -0.003336
v 0.000860 0.021617 -0.003330
v 0.003293 0.021617 -0.003315
v 0.005725 0.021616 -0.003293
v -0.004004 0.020168 -0.003296
v -0.001572 0.020168 -0.003319
v -0.004004 0.021617 -0.003291
v -0.001572 0.021617 -0.003314
v -0.004004 0.024002 -0.003282
v -0.001572 0.024002 -0.003305
v -0.001572 0.022919 -0.003309
v -0.004004 0.022919 -0.003286
v 0.000861 0.024002 -0.003321
v 0.000860 0.022919 -0.003325
v 0.005725 0.024001 -0.003284
v 0.005725 0.022918 -0.003288
v 0.003293 0.022919 -0.003310
v 0.003293 0.024002 -0.003306
v -0.025022 0.024521 -0.002526
v -0.025118 0.023338 -0.002514
v -0.028263 0.023432 -0.001966
v -0.028072 0.024667 -0.002000
v -0.025213 0.021945 -0.002503
v -0.028454 0.022005 -0.001930
v -0.032145 0.022352 -0.001114
v -0.031032 0.023842 -0.001374
v -0.030779 0.025042 -0.001428
v -0.028263 0.020447 -0.001983
v -0.025118 0.020409 -0.002530
v -0.031032 0.020470 -0.001394
v -0.034403 0.019865 -0.000677
v -0.032934 0.020231 -0.000970
v -0.034702 0.020475 -0.000610
v -0.033440 0.021115 -0.000846
v -0.035407 0.020816 -0.000483
v -0.035056 0.021140 -0.000535
v -0.034150 0.021303 -0.000694
v -0.035056 0.020725 -0.000537
v -0.034865 0.021548 -0.000570
v -0.033744 0.021845 -0.000775
v -0.035407 0.021995 -0.000476
v -0.035056 0.022238 -0.000529
v -0.034150 0.022129 -0.000689
v -0.035056 0.021824 -0.000531
v -0.034865 0.022576 -0.000565
v -0.033744 0.022517 -0.000771
v -0.035407 0.023173 -0.000470
v -0.035056 0.023339 -0.000522
v -0.034150 0.022961 -0.000685
v -0.035056 0.022923 -0.000525
v -0.034865 0.023609 -0.000559
v -0.033744 0.023195 -0.000767
v -0.035407 0.024352 -0.000463
v -0.035056 0.024442 -0.000516
v -0.034150 0.023801 -0.000680
v -0.035056 0.024026 -0.000519
v -0.034702 0.024655 -0.000587
v -0.033440 0.023859 -0.000831
v -0.034267 0.025795 -0.000673
v -0.032727 0.025481 -0.000991
v -0.032932 0.024544 -0.000945
v -0.034403 0.025176 -0.000647
v -0.036157 0.022914 -0.000379
v -0.036169 0.023232 -0.000369
v -0.036144 0.022584 -0.000389
v -0.037769 0.022583 -0.000215
v -0.037276 0.022950 -0.000259
v -0.037175 0.023270 -0.000264
v -0.036169 0.021935 -0.000377
v -0.036157 0.022253 -0.000383
v -0.037175 0.021896 -0.000272
v -0.037276 0.022216 -0.000263
v -0.039398 0.021883 -0.000120
v -0.039511 0.022058 -0.000109
v -0.038499 0.022145 -0.000177
v -0.038278 0.021883 -0.000190
v -0.039682 0.022232 -0.000082
v -0.039036 0.022364 -0.000139
v -0.039967 0.022582 -0.000002
v -0.039634 0.022495 -0.000077
v -0.039830 0.022407 -0.000045
v -0.039967 0.022582 -0.000002
v -0.039480 0.022582 -0.000093
v -0.039967 0.022582 -0.000002
v -0.039830 0.022757 -0.000043
v -0.039634 0.022670 -0.000076
v -0.039682 0.022932 -0.000078
v -0.039036 0.022801 -0.000137
v -0.039634 0.022670 -0.000076
v -0.039830 0.022757 -0.000043
v -0.039398 0.023282 -0.000113
v -0.038278 0.023282 -0.000183
v -0.038499 0.023020 -0.000172
v -0.039511 0.023107 -0.000103
v -0.038499 0.023020 -0.000172
v -0.038278 0.023282 -0.000183
v -0.039511 0.023107 -0.000103
v 0.039899 0.028390 -0.000121
v 0.039984 0.028294 -0.000110
v 0.039105 0.028237 -0.000177
v 0.038923 0.028380 -0.000189
v 0.040136 0.028200 -0.000082
v 0.039580 0.028121 -0.000139
v 0.038454 0.027990 -0.000217
v 0.037930 0.028184 -0.000262
v 0.037834 0.028359 -0.000269
v 0.040416 0.028016 0.000005
v 0.040109 0.028056 -0.000074
v 0.040279 0.028108 -0.000041
v 0.040416 0.028016 0.000005
v 0.039985 0.028006 -0.000090
v 0.040416 0.028016 0.000005
v 0.040279 0.027915 -0.000042
v 0.040109 0.027960 -0.000074
v 0.040135 0.027815 -0.000084
v 0.039580 0.027881 -0.000140
v 0.039899 0.027618 -0.000126
v 0.038922 0.027612 -0.000194
v 0.039103 0.027757 -0.000180
v 0.039982 0.027716 -0.000113
v 0.037834 0.027608 -0.000273
v 0.037930 0.027783 -0.000264
v 0.036248 0.027604 -0.000474
v 0.035932 0.027705 -0.000526
v 0.036925 0.027777 -0.000383
v 0.036933 0.027608 -0.000376
v 0.035759 0.027864 -0.000562
v 0.036916 0.027953 -0.000389
v 0.036248 0.028247 -0.000470
v 0.036933 0.028315 -0.000372
v 0.036925 0.028137 -0.000381
v 0.035932 0.028078 -0.000524
v 0.034885 0.029260 -0.000688
v 0.035204 0.029093 -0.000655
v 0.033787 0.028386 -0.000956
v 0.033316 0.028591 -0.001022
v 0.035577 0.028950 -0.000590
v 0.034398 0.028288 -0.000831
v 0.033232 0.027250 -0.001104
v 0.031979 0.027527 -0.001374
v 0.031405 0.027791 -0.001443
v 0.036248 0.028892 -0.000467
v 0.035932 0.028682 -0.000520
v 0.035101 0.028442 -0.000679
v 0.035932 0.028911 -0.000519
v 0.035759 0.028430 -0.000559
v 0.034726 0.028042 -0.000763
v 0.035101 0.027982 -0.000682
v 0.035932 0.028306 -0.000523
v 0.034726 0.027669 -0.000765
v 0.035932 0.027478 -0.000527
v 0.035101 0.027526 -0.000684
v 0.035759 0.027303 -0.000565
v 0.034727 0.027301 -0.000767
v 0.036248 0.026963 -0.000477
v 0.035932 0.026882 -0.000530
v 0.035102 0.027075 -0.000687
v 0.035932 0.027107 -0.000529
v 0.035610 0.026690 -0.000602
v 0.034446 0.026837 -0.000836
v 0.033978 0.026240 -0.000957
v 0.035333 0.026291 -0.000667
v 0.032213 0.026013 -0.001376
v 0.026661 0.025420 -0.002510
v 0.029627 0.025643 -0.001961
v 0.026721 0.026082 -0.002470
v 0.029754 0.026383 -0.001906
v 0.026347 0.026838 -0.002360
v 0.029009 0.027188 -0.001927
v 0.029446 0.026869 -0.001926
v 0.026566 0.026528 -0.002438
v 0.003293 0.024793 -0.003303
v 0.005725 0.024792 -0.003281
v 0.000861 0.024793 -0.003318
v 0.000861 0.025354 -0.003290
v 0.003293 0.025354 -0.003275
v 0.005725 0.025354 -0.003253
v -0.004004 0.024793 -0.003279
v -0.001572 0.024793 -0.003302
v -0.004004 0.025354 -0.003251
v -0.001572 0.025354 -0.003274
v -0.004004 0.026036 -0.003019
v -0.001571 0.026036 -0.003040
v -0.001572 0.025748 -0.003195
v -0.004004 0.025748 -0.003173
v 0.000861 0.026036 -0.003055
v 0.000861 0.025748 -0.003211
v 0.005726 0.026035 -0.003021
v 0.005725 0.025747 -0.003175
v 0.003293 0.025748 -0.003197
v 0.003293 0.026036 -0.003041
v -0.024770 0.026845 -0.002348
v -0.025010 0.026537 -0.002427
v -0.028056 0.026881 -0.001914
v -0.027579 0.027200 -0.001914
v -0.025179 0.026090 -0.002459
v -0.028391 0.026395 -0.001893
v -0.032117 0.027303 -0.001084
v -0.030768 0.027563 -0.001357
v -0.030144 0.027817 -0.001426
v -0.028253 0.025655 -0.001949
v -0.025113 0.025428 -0.002499
v -0.031021 0.026049 -0.001359
v -0.034402 0.026331 -0.000641
v -0.032927 0.026293 -0.000935
v -0.034701 0.026726 -0.000575
v -0.033435 0.026893 -0.000813
v -0.035406 0.026977 -0.000448
v -0.035056 0.027133 -0.000501
v -0.034148 0.027124 -0.000661
v -0.035056 0.026908 -0.000502
v -0.034865 0.027336 -0.000538
v -0.033740 0.027357 -0.000743
v -0.035406 0.027618 -0.000445
v -0.035056 0.027731 -0.000498
v -0.034148 0.027577 -0.000658
v -0.035056 0.027505 -0.000499
v -0.034865 0.027897 -0.000535
v -0.033740 0.027726 -0.000741
v -0.035406 0.028258 -0.000441
v -0.035056 0.028330 -0.000494
v -0.034148 0.028033 -0.000656
v -0.035056 0.028104 -0.000496
v -0.034865 0.028460 -0.000532
v -0.033739 0.028098 -0.000739
v -0.035406 0.028899 -0.000438
v -0.035056 0.028930 -0.000491
v -0.034148 0.028492 -0.000653
v -0.035056 0.028704 -0.000492
v -0.034668 0.028983 -0.000563
v -0.033383 0.028348 -0.000808
v -0.033923 0.029310 -0.000662
v -0.032212 0.028646 -0.001001
v -0.032721 0.028445 -0.000934
v -0.034266 0.029137 -0.000628
v -0.036157 0.028141 -0.000350
v -0.036169 0.028319 -0.000341
v -0.036144 0.027957 -0.000360
v -0.037771 0.027995 -0.000185
v -0.037276 0.028188 -0.000229
v -0.037175 0.028363 -0.000236
v -0.036169 0.027612 -0.000345
v -0.036157 0.027781 -0.000352
v -0.037175 0.027612 -0.000240
v -0.037276 0.027787 -0.000232
v -0.039448 0.027623 -0.000088
v -0.039532 0.027721 -0.000078
v -0.038510 0.027762 -0.000146
v -0.038319 0.027616 -0.000159
v -0.039686 0.027820 -0.000051
v -0.039036 0.027886 -0.000109
v -0.039967 0.028021 0.000028
v -0.039635 0.027964 -0.000047
v -0.039830 0.027920 -0.000014
v -0.039967 0.028021 0.000028
v -0.039486 0.028011 -0.000063
v -0.039967 0.028021 0.000028
v -0.039830 0.028112 -0.000013
v -0.039635 0.028061 -0.000046
v -0.039687 0.028205 -0.000049
v -0.039036 0.028126 -0.000107
v -0.039449 0.028394 -0.000084
v -0.038319 0.028384 -0.000154
v -0.038513 0.028242 -0.000143
v -0.039534 0.028298 -0.000074
v -0.013940 0.004900 -0.003074
v -0.016560 0.004804 -0.003033
v -0.016560 0.005123 -0.003181
v -0.013940 0.005217 -0.003225
v -0.019244 0.004672 -0.002937
v -0.019268 0.004994 -0.003077
v -0.019287 0.005431 -0.003147
v -0.016562 0.005553 -0.003255
v -0.013941 0.005643 -0.003300
v -0.022082 0.004811 -0.002878
v -0.021986 0.004485 -0.002759
v -0.022151 0.005261 -0.002934
v -0.022089 0.006779 -0.002965
v -0.022127 0.005901 -0.002961
v -0.019272 0.006891 -0.003169
v -0.019281 0.006044 -0.003171
v -0.013941 0.007062 -0.003319
v -0.013941 0.006238 -0.003323
v -0.016562 0.006154 -0.003279
v -0.016562 0.006985 -0.003275
v -0.006437 0.005051 -0.003089
v -0.006437 0.005363 -0.003241
v -0.008887 0.005031 -0.003088
v -0.008887 0.005344 -0.003239
v -0.008887 0.005765 -0.003314
v -0.006437 0.005784 -0.003316
v -0.011384 0.005293 -0.003239
v -0.011384 0.004978 -0.003087
v -0.011384 0.005716 -0.003314
v -0.011384 0.007125 -0.003333
v -0.011384 0.006307 -0.003337
v -0.008887 0.007168 -0.003334
v -0.008887 0.006354 -0.003337
v -0.006437 0.006371 -0.003339
v -0.006437 0.007184 -0.003336
v 0.015660 0.007061 -0.003328
v 0.018282 0.006983 -0.003286
v 0.018282 0.006152 -0.003290
v 0.015660 0.006237 -0.003332
v 0.020976 0.006890 -0.003181
v 0.020984 0.006043 -0.003183
v 0.020989 0.005429 -0.003159
v 0.018281 0.005551 -0.003266
v 0.015660 0.005641 -0.003309
v 0.023778 0.005901 -0.002973
v 0.023743 0.006779 -0.002977
v 0.023799 0.005261 -0.002946
v 0.023648 0.004484 -0.002771
v 0.023736 0.004811 -0.002890
v 0.020949 0.004671 -0.002949
v 0.020972 0.004993 -0.003089
v 0.015659 0.004899 -0.003083
v 0.015659 0.005215 -0.003234
v 0.018280 0.005121 -0.003192
v 0.018279 0.004803 -0.003044
v 0.008156 0.007183 -0.003339
v 0.008156 0.006370 -0.003343
v 0.010606 0.007167 -0.003339
v 0.010606 0.006353 -0.003342
v 0.010606 0.005764 -0.003319
v 0.008156 0.005783 -0.003319
v 0.013103 0.006306 -0.003344
v 0.013103 0.007124 -0.003340
v 0.013103 0.005715 -0.003321
v 0.013103 0.004977 -0.003094
v 0.013103 0.005291 -0.003246
v 0.010606 0.005030 -0.003093
v 0.010606 0.005343 -0.003245
v 0.008156 0.005362 -0.003245
v 0.008156 0.005050 -0.003093
v -0.016562 0.008107 -0.003270
v -0.013941 0.008174 -0.003315
v -0.019281 0.008028 -0.003162
v -0.019290 0.009382 -0.003154
v -0.016562 0.009446 -0.003263
v -0.013940 0.009501 -0.003309
v -0.022127 0.007939 -0.002952
v -0.022164 0.009314 -0.002939
v -0.022088 0.012421 -0.002935
v -0.022126 0.010832 -0.002937
v -0.019272 0.012455 -0.003141
v -0.019281 0.010882 -0.003148
v -0.013940 0.012515 -0.003295
v -0.013940 0.010972 -0.003302
v -0.016562 0.010930 -0.003257
v -0.016562 0.012487 -0.003249
v -0.006437 0.008280 -0.003331
v -0.008887 0.008266 -0.003329
v -0.008887 0.009577 -0.003324
v -0.006437 0.009589 -0.003326
v -0.011384 0.008229 -0.003329
v -0.011384 0.009547 -0.003323
v -0.011384 0.012539 -0.003311
v -0.011384 0.011007 -0.003317
v -0.008887 0.012554 -0.003312
v -0.008887 0.011030 -0.003318
v -0.006437 0.011039 -0.003321
v -0.006437 0.012561 -0.003315
v 0.015660 0.012514 -0.003304
v 0.018282 0.012485 -0.003260
v 0.018282 0.010928 -0.003267
v 0.015660 0.010971 -0.003311
v 0.020976 0.012453 -0.003153
v 0.020984 0.010880 -0.003160
v 0.020993 0.009381 -0.003166
v 0.018282 0.009444 -0.003274
v 0.015660 0.009500 -0.003317
v 0.023778 0.010830 -0.002949
v 0.023743 0.012419 -0.002947
v 0.023813 0.009313 -0.002950
v 0.023778 0.007939 -0.002964
v 0.020984 0.008026 -0.003174
v 0.015660 0.008172 -0.003323
v 0.018282 0.008105 -0.003281
v 0.008157 0.012560 -0.003319
v 0.008157 0.011038 -0.003324
v 0.010607 0.012553 -0.003317
v 0.010607 0.011029 -0.003324
v 0.010606 0.009576 -0.003329
v 0.008156 0.009588 -0.003330
v 0.013104 0.011006 -0.003324
v 0.013104 0.012537 -0.003318
v 0.013104 0.009545 -0.003330
v 0.013103 0.008228 -0.003336
v 0.010606 0.008265 -0.003335
v 0.008156 0.008279 -0.003335
v -0.016561 0.014044 -0.003242
v -0.013940 0.014058 -0.003289
v -0.019281 0.014027 -0.003132
v -0.019290 0.015599 -0.003123
v -0.016561 0.015600 -0.003235
v -0.013940 0.015601 -0.003282
v -0.022126 0.014009 -0.002921
v -0.022164 0.015597 -0.002906
v -0.022088 0.018774 -0.002903
v -0.022126 0.017186 -0.002905
v -0.019271 0.018744 -0.003111
v -0.019280 0.017171 -0.003117
v -0.013940 0.018687 -0.003268
v -0.013940 0.017144 -0.003275
v -0.016561 0.017157 -0.003228
v -0.016561 0.018714 -0.003221
v -0.006437 0.014082 -0.003309
v -0.008887 0.014079 -0.003306
v -0.008887 0.015603 -0.003300
v -0.006437 0.015603 -0.003303
v -0.011384 0.014070 -0.003304
v -0.011384 0.015602 -0.003298
v -0.011383 0.018665 -0.003285
v -0.011383 0.017134 -0.003291
v -0.008886 0.018651 -0.003288
v -0.008887 0.017127 -0.003294
v -0.006437 0.017125 -0.003297
v -0.006437 0.018646 -0.003291
v 0.015661 0.018686 -0.003277
v 0.018282 0.018712 -0.003231
v 0.018282 0.017155 -0.003239
v 0.015661 0.017143 -0.003284
v 0.020976 0.018741 -0.003123
v 0.020985 0.017169 -0.003129
v 0.020993 0.015597 -0.003135
v 0.018282 0.015598 -0.003246
v 0.015661 0.015600 -0.003291
v 0.023778 0.017183 -0.002916
v 0.023744 0.018771 -0.002915
v 0.023813 0.015595 -0.002918
v 0.023778 0.014007 -0.002933
v 0.020985 0.014025 -0.003144
v 0.015661 0.014057 -0.003297
v 0.018282 0.014042 -0.003253
v 0.008157 0.018645 -0.003295
v 0.008157 0.017124 -0.003301
v 0.010607 0.018650 -0.003293
v 0.010607 0.017126 -0.003299
v 0.010607 0.015602 -0.003305
v 0.008157 0.015603 -0.003307
v 0.013104 0.017132 -0.003298
v 0.013104 0.018664 -0.003292
v 0.013104 0.015601 -0.003305
v 0.013104 0.014069 -0.003311
v 0.010607 0.014078 -0.003311
v 0.008157 0.014081 -0.003313
v -0.016561 0.020271 -0.003213
v -0.013940 0.020230 -0.003262
v -0.019280 0.020316 -0.003102
v -0.019289 0.021814 -0.003093
v -0.016561 0.021753 -0.003207
v -0.013940 0.021699 -0.003255
v -0.022126 0.020363 -0.002888
v -0.022163 0.021879 -0.002874
v -0.022088 0.024394 -0.002874
v -0.022126 0.023247 -0.002873
v -0.019271 0.024285 -0.003084
v -0.019280 0.023161 -0.003088
v -0.013939 0.024118 -0.003244
v -0.013939 0.023020 -0.003249
v -0.016561 0.023085 -0.003200
v -0.016561 0.024194 -0.003195
v -0.006436 0.020168 -0.003285
v -0.008886 0.020175 -0.003282
v -0.008886 0.021626 -0.003276
v -0.006436 0.021616 -0.003280
v -0.011383 0.020197 -0.003279
v -0.011383 0.021655 -0.003273
v -0.011383 0.024057 -0.003263
v -0.011383 0.022967 -0.003267
v -0.008886 0.024016 -0.003266
v -0.008886 0.022931 -0.003270
v -0.006436 0.022918 -0.003275
v -0.006436 0.024001 -0.003270
v 0.015661 0.024117 -0.003253
v 0.018283 0.024192 -0.003206
v 0.018283 0.023083 -0.003211
v 0.015661 0.023018 -0.003258
v 0.020977 0.024282 -0.003096
v 0.020985 0.023159 -0.003100
v 0.020994 0.021811 -0.003105
v 0.018283 0.021751 -0.003217
v 0.015661 0.021697 -0.003264
v 0.023779 0.023242 -0.002885
v 0.023744 0.024389 -0.002886
v 0.023813 0.021875 -0.002886
v 0.023779 0.020360 -0.002900
v 0.020985 0.020314 -0.003114
v 0.015661 0.020229 -0.003270
v 0.018283 0.020269 -0.003224
v 0.008158 0.024001 -0.003274
v 0.008157 0.022918 -0.003278
v 0.010608 0.024015 -0.003271
v 0.010607 0.022930 -0.003276
v 0.010607 0.021625 -0.003281
v 0.008157 0.021615 -0.003283
v 0.013105 0.022965 -0.003274
v 0.013105 0.024056 -0.003269
v 0.013104 0.021654 -0.003279
v 0.013104 0.020196 -0.003286
v 0.010607 0.020174 -0.003287
v 0.008157 0.020167 -0.003289
v -0.016561 0.025003 -0.003191
v -0.013939 0.024920 -0.003241
v -0.019280 0.025110 -0.003078
v -0.019285 0.025696 -0.003047
v -0.016560 0.025577 -0.003163
v -0.013939 0.025489 -0.003213
v -0.022125 0.025249 -0.002861
v -0.022149 0.025862 -0.002828
v -0.021984 0.026586 -0.002646
v -0.022080 0.026284 -0.002768
v -0.019242 0.026403 -0.002831
v -0.019266 0.026105 -0.002974
v -0.013938 0.026181 -0.002981
v -0.013939 0.025888 -0.003134
v -0.016559 0.025979 -0.003085
v -0.016558 0.026274 -0.002933
v -0.006436 0.024792 -0.003267
v -0.008886 0.024808 -0.003263
v -0.008886 0.025371 -0.003235
v -0.006436 0.025354 -0.003240
v -0.011383 0.024853 -0.003259
v -0.011383 0.025418 -0.003231
v -0.011382 0.026105 -0.002999
v -0.011383 0.025814 -0.003153
v -0.008886 0.026054 -0.003003
v -0.008886 0.025765 -0.003157
v -0.006436 0.025747 -0.003162
v -0.006436 0.026036 -0.003008
v 0.015661 0.026179 -0.002990
v 0.018281 0.026272 -0.002944
v 0.018281 0.025977 -0.003096
v 0.015661 0.025887 -0.003143
v 0.020951 0.026400 -0.002843
v 0.020973 0.026102 -0.002986
v 0.020990 0.025693 -0.003059
v 0.018283 0.025575 -0.003173
v 0.015661 0.025488 -0.003221
v 0.023737 0.026279 -0.002780
v 0.023649 0.026582 -0.002658
v 0.023800 0.025857 -0.002840
v 0.023779 0.025244 -0.002873
v 0.020985 0.025107 -0.003090
v 0.015661 0.024919 -0.003250
v 0.018283 0.025001 -0.003202
v 0.008158 0.026035 -0.003012
v 0.008158 0.025746 -0.003166
v 0.010608 0.026053 -0.003009
v 0.010608 0.025764 -0.003163
v 0.010608 0.025370 -0.003241
v 0.008158 0.025353 -0.003243
v 0.013105 0.025813 -0.003160
v 0.013105 0.026103 -0.003006
v 0.013105 0.025417 -0.003238
v 0.013105 0.024852 -0.003266
v 0.010608 0.024807 -0.003268
v 0.008158 0.024792 -0.003271
v 0.039898 0.001974 -0.000268
v 0.039982 0.001878 -0.000257
v 0.039103 0.001824 -0.000324
v 0.038920 0.001969 -0.000336
v 0.040135 0.001782 -0.000228
v 0.039579 0.001705 -0.000286
v 0.038387 0.001605 -0.000366
v 0.037928 0.001820 -0.000409
v 0.037832 0.001990 -0.000416
v 0.040416 0.001594 -0.000142
v 0.040108 0.001636 -0.000221
v 0.040278 0.001688 -0.000188
v 0.040416 0.001594 -0.000142
v 0.039962 0.001588 -0.000238
v 0.040416 0.001594 -0.000142
v 0.040416 0.001594 -0.000142
v 0.040147 0.001506 -0.000195
v 0.040031 0.001544 -0.000223
v 0.040416 0.001594 -0.000142
v 0.039676 0.001422 -0.000245
v 0.039255 0.001480 -0.000293
v 0.038616 0.001298 -0.000318
v 0.038084 0.001296 -0.000362
v 0.038496 0.001387 -0.000340
v 0.039090 0.001346 -0.000289
v 0.037341 0.001337 -0.000450
v 0.037665 0.001462 -0.000429
v 0.036549 0.001610 -0.000582
v 0.036251 0.001451 -0.000604
v 0.036821 0.001781 -0.000548
v 0.036931 0.002064 -0.000518
v 0.036923 0.001919 -0.000526
v 0.039982 0.002656 -0.000253
v 0.039103 0.002603 -0.000320
v 0.040135 0.002560 -0.000224
v 0.039579 0.002484 -0.000282
v 0.038452 0.002370 -0.000359
v 0.037928 0.002584 -0.000404
v 0.040416 0.002370 -0.000138
v 0.040416 0.002370 -0.000138
v 0.040108 0.002414 -0.000216
v 0.040278 0.002465 -0.000184
v 0.040416 0.002370 -0.000138
v 0.039984 0.002365 -0.000233
v 0.040416 0.002370 -0.000138
v 0.040278 0.002270 -0.000185
v 0.040108 0.002317 -0.000217
v 0.040135 0.002171 -0.000226
v 0.039579 0.002240 -0.000283
v 0.039102 0.002116 -0.000323
v 0.039981 0.002072 -0.000256
v 0.037928 0.002174 -0.000407
v 0.036923 0.002261 -0.000524
v 0.036914 0.002464 -0.000531
v 0.036923 0.002631 -0.000522
v 0.036923 0.004396 -0.000512
v 0.036932 0.004241 -0.000506
v 0.036851 0.004586 -0.000532
v 0.038442 0.004689 -0.000348
v 0.037928 0.004465 -0.000394
v 0.037833 0.004291 -0.000403
v 0.036549 0.005245 -0.000580
v 0.036668 0.004875 -0.000563
v 0.037737 0.005195 -0.000418
v 0.037864 0.004928 -0.000405
v 0.039888 0.005137 -0.000251
v 0.039980 0.005011 -0.000240
v 0.039100 0.004972 -0.000307
v 0.038907 0.005162 -0.000319
v 0.040135 0.004899 -0.000211
v 0.039579 0.004828 -0.000269
v 0.040416 0.004700 -0.000125
v 0.040108 0.004748 -0.000203
v 0.040278 0.004797 -0.000171
v 0.040416 0.004700 -0.000125
v 0.039984 0.004699 -0.000220
v 0.040416 0.004700 -0.000125
v 0.040278 0.004602 -0.000172
v 0.040108 0.004651 -0.000204
v 0.040135 0.004505 -0.000213
v 0.039579 0.004577 -0.000270
v 0.039897 0.004310 -0.000255
v 0.038919 0.004309 -0.000323
v 0.039102 0.004455 -0.000310
v 0.039982 0.004407 -0.000243
v 0.036923 0.003685 -0.000516
v 0.036914 0.003861 -0.000523
v 0.038452 0.003912 -0.000350
v 0.037928 0.003701 -0.000398
v 0.036923 0.004054 -0.000514
v 0.037928 0.004111 -0.000396
v 0.039982 0.004213 -0.000244
v 0.039103 0.004163 -0.000311
v 0.040135 0.004116 -0.000215
v 0.039579 0.004042 -0.000273
v 0.040416 0.003923 -0.000129
v 0.040108 0.003970 -0.000208
v 0.040278 0.004020 -0.000175
v 0.040416 0.003923 -0.000129
v 0.039984 0.003921 -0.000224
v 0.040416 0.003923 -0.000129
v 0.040278 0.003825 -0.000176
v 0.040108 0.003873 -0.000208
v 0.040416 0.003923 -0.000129
v 0.040135 0.003727 -0.000218
v 0.039579 0.003798 -0.000274
v 0.039102 0.003675 -0.000314
v 0.039982 0.003629 -0.000247
v 0.039848 0.006488 -0.000243
v 0.039960 0.006313 -0.000232
v 0.039090 0.006226 -0.000300
v 0.038875 0.006488 -0.000311
v 0.040130 0.006138 -0.000204
v 0.039579 0.006007 -0.000262
v 0.038440 0.005824 -0.000341
v 0.037928 0.006219 -0.000384
v 0.037833 0.006527 -0.000391
v 0.040416 0.005787 -0.000119
v 0.040107 0.005875 -0.000197
v 0.040278 0.005963 -0.000164
v 0.040416 0.005787 -0.000119
v 0.039979 0.005788 -0.000214
v 0.040416 0.005787 -0.000119
v 0.040278 0.005613 -0.000166
v 0.040107 0.005700 -0.000198
v 0.040131 0.005443 -0.000208
v 0.039579 0.005577 -0.000264
v 0.039094 0.005380 -0.000305
v 0.039963 0.005283 -0.000238
v 0.037864 0.005503 -0.000401
v 0.036668 0.005677 -0.000558
v 0.036851 0.006082 -0.000524
v 0.036932 0.006642 -0.000492
v 0.036923 0.006373 -0.000502
v 0.039960 0.007712 -0.000225
v 0.039090 0.007625 -0.000292
v 0.040130 0.007537 -0.000196
v 0.039579 0.007406 -0.000254
v 0.038450 0.007205 -0.000332
v 0.037928 0.007587 -0.000377
v 0.040416 0.007187 -0.000111
v 0.040107 0.007274 -0.000189
v 0.040278 0.007362 -0.000157
v 0.040416 0.007187 -0.000111
v 0.039979 0.007187 -0.000206
v 0.040130 0.007537 -0.000196
v 0.040278 0.007362 -0.000157
v 0.040107 0.007274 -0.000189
v 0.039579 0.007406 -0.000254
v 0.040416 0.007187 -0.000111
v 0.040278 0.007012 -0.000158
v 0.040107 0.007100 -0.000190
v 0.040130 0.006837 -0.000200
v 0.039579 0.006969 -0.000257
v 0.039090 0.006750 -0.000297
v 0.039960 0.006663 -0.000230
v 0.037928 0.006853 -0.000381
v 0.036923 0.006985 -0.000498
v 0.036915 0.007340 -0.000504
v 0.036923 0.007646 -0.000495
v 0.036923 0.010803 -0.000477
v 0.036932 0.010534 -0.000471
v 0.036851 0.011110 -0.000497
v 0.038440 0.011355 -0.000311
v 0.037928 0.010956 -0.000358
v 0.037833 0.010648 -0.000368
v 0.036549 0.012086 -0.000542
v 0.036668 0.011562 -0.000526
v 0.037737 0.012085 -0.000380
v 0.037865 0.011714 -0.000367
v 0.039848 0.012084 -0.000212
v 0.039960 0.011909 -0.000201
v 0.039090 0.011822 -0.000269
v 0.038876 0.012085 -0.000280
v 0.040131 0.011734 -0.000173
v 0.039579 0.011603 -0.000231
v 0.040416 0.011384 -0.000087
v 0.040107 0.011472 -0.000166
v 0.040279 0.011559 -0.000133
v 0.040416 0.011384 -0.000087
v 0.039979 0.011385 -0.000183
v 0.040416 0.011384 -0.000087
v 0.040279 0.011209 -0.000135
v 0.040107 0.011297 -0.000167
v 0.040131 0.011035 -0.000177
v 0.039579 0.011166 -0.000233
v 0.039848 0.010685 -0.000220
v 0.038876 0.010686 -0.000288
v 0.039090 0.010948 -0.000274
v 0.039960 0.010860 -0.000207
v 0.036923 0.009531 -0.000484
v 0.036915 0.009837 -0.000490
v 0.038450 0.009969 -0.000317
v 0.037928 0.009588 -0.000365
v 0.036923 0.010191 -0.000481
v 0.037928 0.010322 -0.000361
v 0.039960 0.010510 -0.000209
v 0.039090 0.010423 -0.000276
v 0.040131 0.010335 -0.000181
v 0.039579 0.010204 -0.000239
v 0.040416 0.009985 -0.000095
v 0.040107 0.010073 -0.000174
v 0.040279 0.010160 -0.000141
v 0.040416 0.009985 -0.000095
v 0.039979 0.009985 -0.000190
v 0.040416 0.009985 -0.000095
v 0.040279 0.009810 -0.000143
v 0.040107 0.009898 -0.000175
v 0.040131 0.009636 -0.000185
v 0.039579 0.009767 -0.000241
v 0.039090 0.009549 -0.000281
v 0.039960 0.009461 -0.000215
v 0.039848 0.013483 -0.000204
v 0.039960 0.013308 -0.000193
v 0.039090 0.013221 -0.000261
v 0.038876 0.013484 -0.000272
v 0.040131 0.013133 -0.000165
v 0.039579 0.013003 -0.000223
v 0.038440 0.012815 -0.000302
v 0.037929 0.013215 -0.000345
v 0.037833 0.013523 -0.000352
v 0.040416 0.012783 -0.000080
v 0.040107 0.012871 -0.000158
v 0.040279 0.012958 -0.000125
v 0.040416 0.012783 -0.000080
v 0.039979 0.012784 -0.000175
v 0.040416 0.012783 -0.000080
v 0.040279 0.012608 -0.000127
v 0.040107 0.012696 -0.000159
v 0.040131 0.012434 -0.000169
v 0.039579 0.012565 -0.000226
v 0.039090 0.012347 -0.000266
v 0.039960 0.012259 -0.000199
v 0.037865 0.012457 -0.000363
v 0.036668 0.012611 -0.000520
v 0.036851 0.013062 -0.000486
v 0.036932 0.013638 -0.000454
v 0.036924 0.013368 -0.000463
v 0.039960 0.014708 -0.000186
v 0.039090 0.014621 -0.000253
v 0.040131 0.014533 -0.000158
v 0.039579 0.014402 -0.000215
v 0.038450 0.014200 -0.000293
v 0.037929 0.014582 -0.000338
v 0.040416 0.014182 -0.000072
v 0.040107 0.014270 -0.000150
v 0.040279 0.014357 -0.000118
v 0.040416 0.014182 -0.000072
v 0.039979 0.014183 -0.000167
v 0.040416 0.014182 -0.000072
v 0.040279 0.014008 -0.000120
v 0.040107 0.014095 -0.000151
v 0.040131 0.013833 -0.000161
v 0.039579 0.013964 -0.000218
v 0.039090 0.013746 -0.000258
v 0.039960 0.013658 -0.000192
v 0.037929 0.013849 -0.000342
v 0.036924 0.013981 -0.000460
v 0.036915 0.014335 -0.000465
v 0.036924 0.014641 -0.000456
v 0.036924 0.017799 -0.000438
v 0.036932 0.017529 -0.000432
v 0.036852 0.018105 -0.000458
v 0.038441 0.018350 -0.000272
v 0.037929 0.017951 -0.000319
v 0.037833 0.017643 -0.000329
v 0.036550 0.019082 -0.000503
v 0.036669 0.018557 -0.000487
v 0.037738 0.019081 -0.000341
v 0.037865 0.018709 -0.000328
v 0.039848 0.019080 -0.000173
v 0.039961 0.018905 -0.000162
v 0.039090 0.018818 -0.000230
v 0.038876 0.019080 -0.000241
v 0.040131 0.018730 -0.000134
v 0.039579 0.018599 -0.000192
v 0.040416 0.018380 -0.000049
v 0.040107 0.018468 -0.000127
v 0.040279 0.018555 -0.000094
v 0.040416 0.018380 -0.000049
v 0.039979 0.018380 -0.000144
v 0.040416 0.018380 -0.000049
v 0.040279 0.018205 -0.000096
v 0.040107 0.018293 -0.000128
v 0.040131 0.018030 -0.000138
v 0.039579 0.018162 -0.000194
v 0.040416 0.018380 -0.000049
v 0.040107 0.018293 -0.000128
v 0.039979 0.018380 -0.000144
v 0.039848 0.017681 -0.000181
v 0.038876 0.017681 -0.000249
v 0.039090 0.017944 -0.000235
v 0.039961 0.017856 -0.000168
v 0.036924 0.016526 -0.000445
v 0.036915 0.016832 -0.000451
v 0.038450 0.016965 -0.000278
v 0.037929 0.016584 -0.000327
v 0.036924 0.017187 -0.000442
v 0.037929 0.017317 -0.000322
v 0.039961 0.017506 -0.000170
v 0.039090 0.017419 -0.000238
v 0.040131 0.017331 -0.000142
v 0.039579 0.017200 -0.000200
v 0.040416 0.016980 -0.000056
v 0.040107 0.017068 -0.000135
v 0.040279 0.017156 -0.000102
v 0.040416 0.016980 -0.000056
v 0.039979 0.016981 -0.000152
v 0.040416 0.016980 -0.000056
v 0.040279 0.016806 -0.000104
v 0.040107 0.016894 -0.000136
v 0.040131 0.016631 -0.000146
v 0.039579 0.016763 -0.000202
v 0.039090 0.016544 -0.000242
v 0.039961 0.016457 -0.000176
v 0.039848 0.020479 -0.000165
v 0.039961 0.020304 -0.000155
v 0.039091 0.020217 -0.000222
v 0.038876 0.020480 -0.000233
v 0.040131 0.020129 -0.000126
v 0.039579 0.019998 -0.000184
v 0.038441 0.019811 -0.000264
v 0.037929 0.020210 -0.000306
v 0.037834 0.020518 -0.000313
v 0.040416 0.019779 -0.000041
v 0.040108 0.019867 -0.000119
v 0.040279 0.019954 -0.000087
v 0.040416 0.019779 -0.000041
v 0.039979 0.019779 -0.000136
v 0.040416 0.019779 -0.000041
v 0.040279 0.019604 -0.000088
v 0.040108 0.019692 -0.000120
v 0.040131 0.019430 -0.000130
v 0.039579 0.019561 -0.000187
v 0.039090 0.019343 -0.000227
v 0.039961 0.019255 -0.000160
v 0.037865 0.019453 -0.000324
v 0.036669 0.019607 -0.000482
v 0.036852 0.020058 -0.000447
v 0.036933 0.020634 -0.000415
v 0.036924 0.020364 -0.000424
v 0.039961 0.021703 -0.000147
v 0.039091 0.021616 -0.000214
v 0.040131 0.021528 -0.000119
v 0.039579 0.021397 -0.000177
v 0.038451 0.021196 -0.000254
v 0.037929 0.021578 -0.000299
v 0.040416 0.021178 -0.000033
v 0.040108 0.021266 -0.000112
v 0.040279 0.021353 -0.000079
v 0.040416 0.021178 -0.000033
v 0.039979 0.021178 -0.000128
v 0.040416 0.021178 -0.000033
v 0.040279 0.021003 -0.000081
v 0.040108 0.021091 -0.000113
v 0.040131 0.020829 -0.000123
v 0.039579 0.020960 -0.000179
v 0.039091 0.020742 -0.000219
v 0.039961 0.020654 -0.000153
v 0.037929 0.020844 -0.000303
v 0.036924 0.020976 -0.000421
v 0.036916 0.021331 -0.000426
v 0.036924 0.021637 -0.000417
v 0.036924 0.024795 -0.000399
v 0.036933 0.024525 -0.000393
v 0.036852 0.025085 -0.000419
v 0.038441 0.025341 -0.000233
v 0.037929 0.024947 -0.000280
v 0.037834 0.024639 -0.000290
v 0.036550 0.025917 -0.000465
v 0.036669 0.025489 -0.000449
v 0.037738 0.025969 -0.000303
v 0.037866 0.025662 -0.000289
v 0.039889 0.026027 -0.000134
v 0.039964 0.025881 -0.000124
v 0.039095 0.025784 -0.000191
v 0.038908 0.026002 -0.000203
v 0.040131 0.025721 -0.000095
v 0.039580 0.025587 -0.000153
v 0.040416 0.025375 -0.000010
v 0.040108 0.025463 -0.000088
v 0.040279 0.025550 -0.000055
v 0.040416 0.025375 -0.000010
v 0.039979 0.025376 -0.000105
v 0.040416 0.025375 -0.000010
v 0.040279 0.025201 -0.000057
v 0.040108 0.025288 -0.000089
v 0.040131 0.025026 -0.000099
v 0.039580 0.025158 -0.000156
v 0.039849 0.024677 -0.000142
v 0.038876 0.024677 -0.000210
v 0.039091 0.024939 -0.000196
v 0.039961 0.024851 -0.000129
v 0.036924 0.023522 -0.000407
v 0.036916 0.023828 -0.000412
v 0.038451 0.023961 -0.000239
v 0.037929 0.023579 -0.000288
v 0.036924 0.024183 -0.000403
v 0.037929 0.024313 -0.000284
v 0.039961 0.024502 -0.000131
v 0.039091 0.024415 -0.000199
v 0.040131 0.024326 -0.000103
v 0.039579 0.024196 -0.000161
v 0.040416 0.023976 -0.000017
v 0.040108 0.024064 -0.000096
v 0.040279 0.024151 -0.000063
v 0.040416 0.023976 -0.000017
v 0.039979 0.023977 -0.000113
v 0.040416 0.023976 -0.000017
v 0.040279 0.023802 -0.000065
v 0.040108 0.023889 -0.000097
v 0.040131 0.023627 -0.000107
v 0.039579 0.023758 -0.000163
v 0.039091 0.023540 -0.000204
v 0.039961 0.023452 -0.000137
v 0.039898 0.026847 -0.000130
v 0.039983 0.026750 -0.000119
v 0.039104 0.026700 -0.000186
v 0.038921 0.026844 -0.000198
v 0.040136 0.026654 -0.000090
v 0.039580 0.026581 -0.000148
v 0.038443 0.026469 -0.000227
v 0.037930 0.026688 -0.000270
v 0.037834 0.026857 -0.000278
v 0.040416 0.026463 -0.000004
v 0.040109 0.026510 -0.000082
v 0.040279 0.026559 -0.000050
v 0.040416 0.026463 -0.000004
v 0.039985 0.026462 -0.000099
v 0.040416 0.026463 -0.000004
v 0.040279 0.026366 -0.000051
v 0.040109 0.026414 -0.000083
v 0.040135 0.026265 -0.000092
v 0.039580 0.026333 -0.000149
v 0.039101 0.026191 -0.000189
v 0.039980 0.026153 -0.000122
v 0.037866 0.026232 -0.000286
v 0.036669 0.026281 -0.000444
v 0.036852 0.026564 -0.000410
v 0.036933 0.026902 -0.000380
v 0.036925 0.026750 -0.000388
v 0.039983 0.027522 -0.000114
v 0.039105 0.027469 -0.000182
v 0.040136 0.027427 -0.000086
v 0.039580 0.027351 -0.000143
v 0.038454 0.027232 -0.000221
v 0.037930 0.027436 -0.000266
v 0.040416 0.027240 0.000001
v 0.040416 0.027240 0.000001
v 0.040109 0.027283 -0.000078
v 0.040279 0.027333 -0.000045
v 0.040416 0.027240 0.000001
v 0.039985 0.027234 -0.000095
v 0.040416 0.027240 0.000001
v 0.040279 0.027141 -0.000047
v 0.040109 0.027187 -0.000079
v 0.040136 0.027042 -0.000088
v 0.039580 0.027111 -0.000145
v 0.039103 0.026989 -0.000184
v 0.039982 0.026944 -0.000118
v 0.037930 0.027035 -0.000268
v 0.036925 0.027084 -0.000387
v 0.036916 0.027272 -0.000393
v 0.036925 0.027443 -0.000385
v 0.036925 0.029164 -0.000375
v 0.036934 0.029021 -0.000368
v 0.036823 0.029297 -0.000396
v 0.038403 0.029498 -0.000213
v 0.037932 0.029279 -0.000256
v 0.037835 0.029110 -0.000265
v 0.036253 0.029604 -0.000448
v 0.036551 0.029457 -0.000428
v 0.037344 0.029735 -0.000292
v 0.037668 0.029623 -0.000273
v 0.038713 0.029802 -0.000159
v 0.039192 0.029763 -0.000131
v 0.038578 0.029712 -0.000183
v 0.038123 0.029792 -0.000203
v 0.039684 0.029708 -0.000092
v 0.039246 0.029639 -0.000143
v 0.040167 0.029634 -0.000037
v 0.040172 0.029599 -0.000044
v 0.039860 0.029607 -0.000093
v 0.040027 0.029664 -0.000059
v 0.040178 0.029560 -0.000048
v 0.039783 0.029545 -0.000107
v 0.040331 0.029504 -0.000016
v 0.040245 0.029439 -0.000045
v 0.040012 0.029490 -0.000086
v 0.040244 0.029530 -0.000036
v 0.040135 0.029355 -0.000078
v 0.039576 0.029418 -0.000137
v 0.039927 0.029161 -0.000117
v 0.038979 0.029148 -0.000185
v 0.039164 0.029294 -0.000172
v 0.040007 0.029260 -0.000105
v 0.036925 0.028471 -0.000379
v 0.036916 0.028633 -0.000386
v 0.038455 0.028748 -0.000212
v 0.037930 0.028531 -0.000260
v 0.036925 0.028830 -0.000377
v 0.037930 0.028932 -0.000258
v 0.039984 0.029066 -0.000106
v 0.039116 0.029006 -0.000173
v 0.040136 0.028973 -0.000077
v 0.039581 0.028892 -0.000135
v 0.040416 0.028792 0.000009
v 0.040109 0.028829 -0.000070
v 0.040279 0.028882 -0.000037
v 0.040416 0.028792 0.000009
v 0.039986 0.028778 -0.000086
v 0.040416 0.028792 0.000009
v 0.040279 0.028690 -0.000038
v 0.040109 0.028733 -0.000070
v 0.040416 0.028792 0.000009
v 0.040136 0.028588 -0.000079
v 0.039580 0.028651 -0.000136
v 0.039102 0.028526 -0.000176
v 0.039982 0.028488 -0.000109
v -0.036158 0.001923 -0.000496
v -0.036171 0.002069 -0.000487
v -0.036043 0.001786 -0.000519
v -0.037708 0.001610 -0.000334
v -0.037278 0.001825 -0.000376
v -0.037177 0.001994 -0.000383
v -0.035427 0.001455 -0.000574
v -0.035748 0.001614 -0.000553
v -0.036642 0.001341 -0.000417
v -0.036991 0.001467 -0.000397
v -0.038003 0.001302 -0.000283
v -0.038518 0.001350 -0.000255
v -0.037851 0.001392 -0.000307
v -0.037466 0.001300 -0.000327
v -0.039168 0.001426 -0.000213
v -0.038664 0.001485 -0.000262
v -0.039967 0.001598 -0.000116
v -0.039967 0.001598 -0.000118
v -0.039546 0.001549 -0.000195
v -0.039685 0.001510 -0.000166
v -0.039967 0.001598 -0.000119
v -0.039461 0.001592 -0.000210
v -0.039967 0.001598 -0.000119
v -0.039831 0.001692 -0.000160
v -0.039635 0.001641 -0.000193
v -0.039687 0.001787 -0.000196
v -0.039037 0.001709 -0.000254
v -0.039967 0.001598 -0.000119
v -0.039449 0.001978 -0.000231
v -0.038320 0.001973 -0.000301
v -0.038513 0.001828 -0.000290
v -0.039534 0.001882 -0.000221
v -0.036158 0.002635 -0.000492
v -0.036146 0.002468 -0.000501
v -0.037772 0.002374 -0.000328
v -0.037278 0.002588 -0.000372
v -0.036158 0.002265 -0.000494
v -0.037278 0.002178 -0.000374
v -0.039533 0.002076 -0.000220
v -0.038512 0.002120 -0.000288
v -0.039687 0.002175 -0.000194
v -0.039037 0.002244 -0.000251
v -0.039967 0.002375 -0.000115
v -0.039636 0.002321 -0.000189
v -0.039831 0.002275 -0.000157
v -0.039967 0.002375 -0.000115
v -0.039487 0.002369 -0.000205
v -0.039967 0.002375 -0.000115
v -0.039831 0.002470 -0.000156
v -0.039635 0.002419 -0.000189
v -0.039967 0.002375 -0.000115
v -0.039687 0.002565 -0.000191
v -0.039037 0.002488 -0.000250
v -0.038513 0.002608 -0.000286
v -0.039534 0.002661 -0.000217
v -0.039448 0.004314 -0.000218
v -0.039534 0.004412 -0.000207
v -0.038512 0.004460 -0.000275
v -0.038318 0.004313 -0.000288
v -0.039687 0.004509 -0.000181
v -0.039037 0.004582 -0.000238
v -0.037762 0.004694 -0.000316
v -0.037277 0.004469 -0.000361
v -0.037176 0.004296 -0.000370
v -0.039967 0.004704 -0.000102
v -0.039635 0.004655 -0.000176
v -0.039831 0.004607 -0.000144
v -0.039967 0.004704 -0.000102
v -0.039487 0.004704 -0.000192
v -0.039967 0.004704 -0.000102
v -0.039831 0.004802 -0.000143
v -0.039635 0.004753 -0.000176
v -0.039687 0.004904 -0.000178
v -0.039037 0.004833 -0.000237
v -0.039440 0.005142 -0.000213
v -0.038308 0.005166 -0.000283
v -0.038510 0.004976 -0.000273
v -0.039532 0.005015 -0.000204
v -0.037071 0.005199 -0.000385
v -0.037207 0.004932 -0.000372
v -0.035876 0.004879 -0.000533
v -0.035748 0.005249 -0.000550
v -0.036075 0.004590 -0.000503
v -0.036171 0.004245 -0.000475
v -0.036158 0.004401 -0.000482
v -0.039533 0.003633 -0.000211
v -0.038512 0.003680 -0.000280
v -0.039687 0.003731 -0.000185
v -0.039037 0.003803 -0.000243
v -0.037772 0.003917 -0.000319
v -0.037278 0.003705 -0.000366
v -0.039967 0.003928 -0.000106
v -0.039635 0.003877 -0.000181
v -0.039831 0.003829 -0.000148
v -0.039967 0.003928 -0.000106
v -0.039487 0.003926 -0.000197
v -0.039967 0.003928 -0.000106
v -0.039831 0.004024 -0.000147
v -0.039635 0.003975 -0.000180
v -0.039687 0.004121 -0.000183
v -0.039037 0.004046 -0.000241
v -0.038513 0.004167 -0.000277
v -0.039534 0.004217 -0.000208
v -0.037278 0.004115 -0.000363
v -0.036158 0.004058 -0.000484
v -0.036146 0.003865 -0.000493
v -0.036158 0.003689 -0.000486
v -0.036158 0.006377 -0.000471
v -0.036171 0.006646 -0.000462
v -0.036075 0.006086 -0.000495
v -0.037761 0.005829 -0.000310
v -0.037277 0.006223 -0.000352
v -0.037176 0.006531 -0.000357
v -0.035876 0.005681 -0.000529
v -0.037207 0.005508 -0.000369
v -0.039515 0.005287 -0.000202
v -0.038504 0.005385 -0.000270
v -0.039683 0.005448 -0.000175
v -0.039037 0.005581 -0.000233
v -0.039967 0.005792 -0.000096
v -0.039634 0.005705 -0.000170
v -0.039831 0.005617 -0.000138
v -0.039967 0.005792 -0.000096
v -0.039481 0.005792 -0.000186
v -0.039967 0.005792 -0.000096
v -0.039831 0.005967 -0.000136
v -0.039634 0.005880 -0.000169
v -0.039682 0.006142 -0.000172
v -0.039037 0.006011 -0.000230
v -0.039398 0.006492 -0.000206
v -0.038279 0.006493 -0.000276
v -0.038500 0.006230 -0.000266
v -0.039512 0.006317 -0.000197
v -0.036158 0.007650 -0.000464
v -0.036145 0.007344 -0.000474
v -0.037770 0.007209 -0.000301
v -0.037277 0.007591 -0.000344
v -0.036158 0.006989 -0.000468
v -0.037277 0.006857 -0.000348
v -0.039512 0.006667 -0.000195
v -0.038500 0.006755 -0.000263
v -0.039682 0.006842 -0.000168
v -0.039037 0.006973 -0.000225
v -0.039967 0.007191 -0.000088
v -0.039634 0.007104 -0.000163
v -0.039831 0.007017 -0.000130
v -0.039967 0.007191 -0.000088
v -0.039481 0.007192 -0.000179
v -0.039967 0.007191 -0.000088
v -0.039831 0.007366 -0.000128
v -0.039634 0.007279 -0.000162
v -0.039682 0.007541 -0.000164
v -0.039037 0.007410 -0.000223
v -0.038500 0.007629 -0.000258
v -0.039511 0.007716 -0.000189
v -0.039398 0.010690 -0.000183
v -0.039511 0.010864 -0.000171
v -0.038500 0.010952 -0.000239
v -0.038278 0.010690 -0.000253
v -0.039682 0.011039 -0.000144
v -0.039036 0.011171 -0.000202
v -0.037760 0.011359 -0.000279
v -0.037277 0.010960 -0.000325
v -0.037176 0.010652 -0.000335
v -0.039967 0.011389 -0.000064
v -0.039634 0.011302 -0.000139
v -0.039830 0.011214 -0.000107
v -0.039967 0.011389 -0.000064
v -0.039481 0.011389 -0.000155
v -0.039967 0.011389 -0.000064
v -0.039830 0.011564 -0.000105
v -0.039634 0.011476 -0.000138
v -0.039682 0.011739 -0.000140
v -0.039036 0.011608 -0.000199
v -0.039398 0.012089 -0.000175
v -0.038278 0.012089 -0.000245
v -0.038500 0.011827 -0.000234
v -0.039511 0.011914 -0.000165
v -0.037070 0.012090 -0.000347
v -0.037206 0.011718 -0.000334
v -0.035876 0.011566 -0.000496
v -0.035747 0.012090 -0.000512
v -0.036075 0.011114 -0.000467
v -0.036170 0.010538 -0.000440
v -0.036158 0.010808 -0.000447
v -0.039511 0.009465 -0.000179
v -0.038500 0.009553 -0.000247
v -0.039682 0.009640 -0.000152
v -0.039036 0.009772 -0.000209
v -0.037770 0.009974 -0.000285
v -0.037277 0.009592 -0.000333
v -0.039967 0.009989 -0.000072
v -0.039634 0.009902 -0.000147
v -0.039831 0.009815 -0.000115
v -0.039967 0.009989 -0.000072
v -0.039481 0.009990 -0.000163
v -0.039967 0.009989 -0.000072
v -0.039830 0.010165 -0.000113
v -0.039634 0.010077 -0.000146
v -0.039682 0.010340 -0.000148
v -0.039036 0.010209 -0.000207
v -0.038500 0.010428 -0.000242
v -0.039511 0.010515 -0.000173
v -0.037277 0.010326 -0.000329
v -0.036158 0.010195 -0.000450
v -0.036145 0.009841 -0.000460
v -0.036158 0.009535 -0.000454
v -0.036158 0.013373 -0.000432
v -0.036170 0.013642 -0.000423
v -0.036075 0.013067 -0.000456
v -0.037760 0.012820 -0.000271
v -0.037277 0.013219 -0.000313
v -0.037176 0.013527 -0.000319
v -0.035876 0.012615 -0.000491
v -0.037206 0.012461 -0.000330
v -0.039511 0.012264 -0.000163
v -0.038500 0.012351 -0.000232
v -0.039682 0.012438 -0.000137
v -0.039036 0.012570 -0.000194
v -0.039967 0.012788 -0.000057
v -0.039634 0.012701 -0.000132
v -0.039830 0.012613 -0.000099
v -0.039967 0.012788 -0.000057
v -0.039481 0.012788 -0.000147
v -0.039967 0.012788 -0.000057
v -0.039830 0.012963 -0.000097
v -0.039634 0.012876 -0.000131
v -0.039682 0.013138 -0.000133
v -0.039036 0.013007 -0.000191
v -0.039398 0.013488 -0.000167
v -0.038278 0.013488 -0.000237
v -0.038500 0.013226 -0.000227
v -0.039511 0.013313 -0.000158
v -0.036157 0.014645 -0.000425
v -0.036145 0.014339 -0.000435
v -0.037770 0.014205 -0.000262
v -0.037277 0.014587 -0.000305
v -0.036158 0.013985 -0.000429
v -0.037277 0.013853 -0.000309
v -0.039511 0.013663 -0.000156
v -0.038500 0.013750 -0.000224
v -0.039682 0.013837 -0.000129
v -0.039036 0.013969 -0.000186
v -0.039967 0.014187 -0.000049
v -0.039634 0.014100 -0.000124
v -0.039830 0.014012 -0.000091
v -0.039967 0.014187 -0.000049
v -0.039480 0.014187 -0.000140
v -0.039967 0.014187 -0.000049
v -0.039830 0.014362 -0.000089
v -0.039634 0.014275 -0.000123
v -0.039682 0.014537 -0.000125
v -0.039036 0.014406 -0.000184
v -0.038500 0.014625 -0.000219
v -0.039511 0.014712 -0.000150
v -0.039398 0.017685 -0.000144
v -0.039511 0.017860 -0.000132
v -0.038500 0.017948 -0.000200
v -0.038278 0.017686 -0.000214
v -0.039682 0.018035 -0.000105
v -0.039036 0.018166 -0.000163
v -0.037760 0.018355 -0.000240
v -0.037277 0.017956 -0.000286
v -0.037176 0.017648 -0.000296
v -0.039967 0.018384 -0.000026
v -0.039634 0.018297 -0.000100
v -0.039830 0.018210 -0.000068
v -0.039967 0.018384 -0.000026
v -0.039480 0.018385 -0.000116
v -0.039967 0.018384 -0.000026
v -0.039830 0.018559 -0.000066
v -0.039634 0.018472 -0.000099
v -0.039682 0.018734 -0.000102
v -0.039036 0.018604 -0.000160
v -0.039398 0.019084 -0.000136
v -0.038278 0.019085 -0.000206
v -0.038500 0.018822 -0.000196
v -0.039511 0.018909 -0.000126
v -0.037070 0.019085 -0.000308
v -0.037206 0.018714 -0.000296
v -0.035875 0.018561 -0.000457
v -0.035747 0.019086 -0.000473
v -0.036074 0.018109 -0.000428
v -0.036170 0.017534 -0.000401
v -0.036157 0.017803 -0.000408
v -0.039511 0.016461 -0.000140
v -0.038500 0.016549 -0.000208
v -0.039682 0.016636 -0.000113
v -0.039036 0.016767 -0.000171
v -0.037770 0.016969 -0.000247
v -0.037277 0.016588 -0.000294
v -0.039967 0.016985 -0.000033
v -0.039634 0.016898 -0.000108
v -0.039830 0.016810 -0.000076
v -0.039967 0.016985 -0.000033
v -0.039480 0.016986 -0.000124
v -0.039967 0.016985 -0.000033
v -0.039830 0.017160 -0.000074
v -0.039634 0.017073 -0.000107
v -0.039682 0.017335 -0.000109
v -0.039036 0.017204 -0.000168
v -0.038500 0.017423 -0.000203
v -0.039511 0.017510 -0.000134
v -0.037277 0.017322 -0.000290
v -0.036157 0.017191 -0.000411
v -0.036145 0.016836 -0.000421
v -0.036157 0.016530 -0.000415
v -0.036157 0.020368 -0.000394
v -0.036170 0.020638 -0.000384
v -0.036074 0.020062 -0.000417
v -0.037760 0.019815 -0.000232
v -0.037276 0.020215 -0.000274
v -0.037175 0.020523 -0.000280
v -0.035875 0.019611 -0.000452
v -0.037206 0.019457 -0.000291
v -0.039511 0.019259 -0.000125
v -0.038500 0.019347 -0.000193
v -0.039682 0.019434 -0.000098
v -0.039036 0.019565 -0.000155
v -0.039967 0.019783 -0.000018
v -0.039634 0.019696 -0.000093
v -0.039830 0.019609 -0.000060
v -0.039967 0.019783 -0.000018
v -0.039480 0.019784 -0.000109
v -0.039967 0.019783 -0.000018
v -0.039830 0.019959 -0.000058
v -0.039634 0.019871 -0.000092
v -0.039682 0.020134 -0.000094
v -0.039036 0.020003 -0.000153
v -0.039398 0.020484 -0.000128
v -0.038278 0.020484 -0.000198
v -0.038500 0.020221 -0.000188
v -0.039511 0.020309 -0.000119
v -0.036157 0.021641 -0.000387
v -0.036145 0.021335 -0.000396
v -0.037769 0.021200 -0.000223
v -0.037276 0.021582 -0.000266
v -0.036157 0.020980 -0.000390
v -0.037276 0.020849 -0.000270
v -0.039511 0.020658 -0.000117
v -0.038500 0.020746 -0.000185
v -0.039682 0.020833 -0.000090
v -0.039036 0.020965 -0.000147
v -0.039967 0.021183 -0.000010
v -0.039634 0.021095 -0.000085
v -0.039830 0.021008 -0.000053
v -0.039967 0.021183 -0.000010
v -0.039480 0.021183 -0.000101
v -0.039967 0.021183 -0.000010
v -0.039830 0.021358 -0.000051
v -0.039634 0.021270 -0.000084
v -0.039682 0.021533 -0.000086
v -0.039036 0.021402 -0.000145
v -0.038499 0.021621 -0.000180
v -0.039511 0.021708 -0.000111
v -0.039398 0.024681 -0.000105
v -0.039511 0.024856 -0.000093
v -0.038499 0.024944 -0.000162
v -0.038277 0.024681 -0.000175
v -0.039682 0.025031 -0.000067
v -0.039036 0.025162 -0.000124
v -0.037759 0.025345 -0.000201
v -0.037276 0.024951 -0.000247
v -0.037175 0.024643 -0.000257
v -0.039967 0.025380 0.000013
v -0.039633 0.025293 -0.000061
v -0.039830 0.025205 -0.000029
v -0.039967 0.025380 0.000013
v -0.039480 0.025380 -0.000077
v -0.039967 0.025380 0.000013
v -0.039830 0.025555 -0.000027
v -0.039633 0.025468 -0.000061
v -0.039682 0.025725 -0.000063
v -0.039036 0.025592 -0.000122
v -0.039439 0.026031 -0.000097
v -0.038306 0.026007 -0.000167
v -0.038503 0.025789 -0.000157
v -0.039514 0.025886 -0.000088
v -0.037069 0.025973 -0.000270
v -0.037206 0.025666 -0.000257
v -0.035875 0.025493 -0.000419
v -0.035746 0.025921 -0.000435
v -0.036074 0.025089 -0.000389
v -0.036169 0.024529 -0.000362
v -0.036157 0.024799 -0.000369
v -0.039398 0.023282 -0.000113
v -0.039511 0.023457 -0.000101
v -0.038499 0.023544 -0.000169
v -0.039682 0.023631 -0.000074
v -0.039036 0.023763 -0.000132
v -0.037769 0.023965 -0.000208
v -0.037276 0.023584 -0.000255
v -0.039967 0.023981 0.000006
v -0.039634 0.023894 -0.000069
v -0.039830 0.023806 -0.000037
v -0.039967 0.023981 0.000006
v -0.039480 0.023981 -0.000085
v -0.039967 0.023981 0.000006
v -0.039830 0.024156 -0.000035
v -0.039634 0.024069 -0.000068
v -0.039682 0.024331 -0.000070
v -0.039036 0.024200 -0.000129
v -0.038499 0.024419 -0.000164
v -0.039511 0.024506 -0.000095
v -0.037276 0.024317 -0.000251
v -0.036157 0.024187 -0.000372
v -0.036144 0.023832 -0.000383
v -0.036157 0.023526 -0.000376
v -0.036157 0.026754 -0.000358
v -0.036169 0.026906 -0.000349
v -0.036074 0.026569 -0.000381
v -0.037760 0.026473 -0.000195
v -0.037276 0.026692 -0.000238
v -0.037175 0.026861 -0.000244
v -0.035875 0.026285 -0.000414
v -0.037206 0.026237 -0.000254
v -0.039531 0.026158 -0.000086
v -0.038509 0.026195 -0.000155
v -0.039686 0.026269 -0.000060
v -0.039036 0.026338 -0.000117
v -0.039967 0.026468 0.000019
v -0.039635 0.026418 -0.000055
v -0.039830 0.026371 -0.000023
v -0.039967 0.026468 0.000019
v -0.039486 0.026466 -0.000071
v -0.039967 0.026468 0.000019
v -0.039830 0.026563 -0.000022
v -0.039635 0.026514 -0.000055
v -0.039687 0.026659 -0.000057
v -0.039036 0.026585 -0.000116
v -0.039448 0.026851 -0.000093
v -0.038318 0.026848 -0.000163
v -0.038512 0.026705 -0.000152
v -0.039533 0.026755 -0.000083
v -0.036157 0.027448 -0.000354
v -0.036144 0.027276 -0.000363
v -0.037771 0.027237 -0.000189
v -0.037276 0.027440 -0.000234
v -0.036157 0.027088 -0.000356
v -0.037276 0.027039 -0.000236
v -0.039533 0.026949 -0.000082
v -0.038511 0.026993 -0.000150
v -0.039687 0.027047 -0.000055
v -0.039036 0.027115 -0.000113
v -0.039967 0.027244 0.000024
v -0.039635 0.027191 -0.000051
v -0.039830 0.027145 -0.000018
v -0.039967 0.027244 0.000024
v -0.039486 0.027238 -0.000067
v -0.039967 0.027244 0.000024
v -0.039830 0.027338 -0.000017
v -0.039635 0.027288 -0.000050
v -0.039967 0.027244 0.000024
v -0.039687 0.027432 -0.000053
v -0.039036 0.027356 -0.000112
v -0.038512 0.027473 -0.000147
v -0.039534 0.027527 -0.000079
v -0.039450 0.029165 -0.000080
v -0.039532 0.029264 -0.000069
v -0.038510 0.029299 -0.000137
v -0.038320 0.029152 -0.000150
v -0.039686 0.029366 -0.000042
v -0.039036 0.029426 -0.000100
v -0.037707 0.029503 -0.000179
v -0.037276 0.029284 -0.000223
v -0.037175 0.029114 -0.000232
v -0.039967 0.029574 0.000037
v -0.039635 0.029511 -0.000038
v -0.039830 0.029469 -0.000005
v -0.039967 0.029574 0.000037
v -0.039461 0.029553 -0.000055
v -0.039967 0.029574 0.000037
v -0.039967 0.029574 0.000040
v -0.039685 0.029641 -0.000009
v -0.039546 0.029598 -0.000039
v -0.039967 0.029574 0.000038
v -0.039172 0.029706 -0.000055
v -0.038667 0.029640 -0.000106
v -0.038009 0.029806 -0.000125
v -0.037465 0.029797 -0.000169
v -0.037853 0.029716 -0.000149
v -0.038524 0.029767 -0.000097
v -0.036641 0.029740 -0.000259
v -0.036989 0.029627 -0.000240
v -0.035746 0.029461 -0.000398
v -0.035425 0.029608 -0.000418
v -0.036042 0.029301 -0.000366
v -0.036169 0.029025 -0.000337
v -0.036157 0.029168 -0.000345
v -0.039532 0.028492 -0.000073
v -0.038510 0.028530 -0.000142
v -0.039686 0.028593 -0.000047
v -0.039036 0.028656 -0.000104
v -0.037771 0.028753 -0.000181
v -0.037276 0.028535 -0.000227
v -0.039967 0.028797 0.000032
v -0.039967 0.028797 0.000032
v -0.039635 0.028737 -0.000042
v -0.039830 0.028695 -0.000010
v -0.039967 0.028797 0.000032
v -0.039487 0.028783 -0.000058
v -0.039967 0.028797 0.000032
v -0.039830 0.028887 -0.000009
v -0.039635 0.028834 -0.000042
v -0.039687 0.028978 -0.000045
v -0.039036 0.028896 -0.000103
v -0.038513 0.029010 -0.000139
v -0.039534 0.029070 -0.000070
v -0.037276 0.028936 -0.000225
v -0.036157 0.028835 -0.000346
v -0.036144 0.028638 -0.000356
v -0.036157 0.028475 -0.000348
v 0.039897 0.003530 -0.000002
v 0.038919 0.003527 0.000067
v 0.039103 0.003381 0.000053
v 0.039982 0.003433 -0.000014
v 0.037833 0.003521 0.000147
v 0.037928 0.003344 0.000138
v 0.038452 0.003139 0.000090
v 0.039579 0.003261 0.000013
v 0.040135 0.003337 -0.000044
v 0.036247 0.003508 0.000349
v 0.035930 0.003401 0.000401
v 0.036923 0.003338 0.000257
v 0.036932 0.003511 0.000250
v 0.035758 0.003234 0.000437
v 0.036915 0.003158 0.000264
v 0.036247 0.002846 0.000345
v 0.036932 0.002786 0.000246
v 0.036923 0.002968 0.000255
v 0.035930 0.003015 0.000399
v 0.037833 0.002754 0.000143
v 0.037928 0.002935 0.000136
v 0.039897 0.002751 -0.000006
v 0.039981 0.002849 -0.000018
v 0.039102 0.002894 0.000050
v 0.038920 0.002747 0.000062
v 0.040135 0.002948 -0.000046
v 0.039579 0.003017 0.000012
v 0.040416 0.003147 -0.000133
v 0.040108 0.003094 -0.000054
v 0.040278 0.003047 -0.000087
v 0.040416 0.003147 -0.000133
v 0.039984 0.003142 -0.000037
v 0.040108 0.003094 -0.000054
v 0.039984 0.003142 -0.000037
v 0.040416 0.003147 -0.000133
v 0.040278 0.003242 -0.000086
v 0.040108 0.003191 -0.000053
v 0.040416 0.003147 -0.000133
v 0.035207 0.005395 0.000576
v 0.033794 0.005712 0.000890
v 0.033978 0.004887 0.000834
v 0.035333 0.004851 0.000543
v 0.031992 0.006125 0.001324
v 0.032213 0.005101 0.001255
v 0.033232 0.003836 0.000982
v 0.034446 0.004278 0.000713
v 0.035609 0.004443 0.000478
v 0.026580 0.006619 0.002422
v 0.026663 0.005690 0.002395
v 0.029629 0.005467 0.001843
v 0.029464 0.006476 0.001894
v 0.026723 0.005001 0.002354
v 0.029754 0.004700 0.001787
v 0.026347 0.004196 0.002245
v 0.029009 0.003845 0.001808
v 0.029447 0.004187 0.001807
v 0.026567 0.004528 0.002322
v 0.031404 0.003238 0.001322
v 0.031978 0.003525 0.001252
v 0.034884 0.001773 0.000563
v 0.035203 0.001955 0.000530
v 0.033786 0.002661 0.000833
v 0.033315 0.002436 0.000900
v 0.035576 0.002111 0.000466
v 0.034397 0.002776 0.000708
v 0.036247 0.002182 0.000341
v 0.035930 0.002393 0.000395
v 0.035100 0.002628 0.000555
v 0.035930 0.002157 0.000394
v 0.035757 0.002652 0.000434
v 0.034725 0.003037 0.000639
v 0.035100 0.003104 0.000557
v 0.035930 0.002781 0.000398
v 0.034725 0.003422 0.000641
v 0.035931 0.003634 0.000402
v 0.035100 0.003575 0.000560
v 0.035758 0.003813 0.000441
v 0.034726 0.003803 0.000644
v 0.036247 0.004168 0.000352
v 0.035931 0.004249 0.000406
v 0.035101 0.004041 0.000563
v 0.035931 0.004017 0.000404
v 0.005728 0.005002 0.002922
v 0.005728 0.005312 0.003076
v 0.003296 0.005311 0.003098
v 0.003296 0.005002 0.002943
v 0.005729 0.005731 0.003154
v 0.003296 0.005731 0.003177
v 0.000864 0.005731 0.003193
v 0.000864 0.005311 0.003114
v 0.000864 0.005002 0.002958
v 0.005729 0.007131 0.003185
v 0.003296 0.007130 0.003208
v 0.003296 0.006318 0.003205
v 0.005729 0.006318 0.003182
v 0.000864 0.007130 0.003225
v 0.000864 0.006318 0.003221
v -0.004001 0.007131 0.003187
v -0.004001 0.006319 0.003184
v -0.001568 0.006318 0.003206
v -0.001568 0.007131 0.003209
v -0.004001 0.005732 0.003156
v -0.001568 0.005731 0.003178
v -0.004001 0.005002 0.002924
v -0.001569 0.005002 0.002944
v -0.001568 0.005312 0.003099
v -0.004001 0.005312 0.003078
v -0.025021 0.006618 0.002448
v -0.028072 0.006472 0.001926
v -0.028253 0.005462 0.001875
v -0.025113 0.005688 0.002422
v -0.030780 0.006101 0.001356
v -0.031022 0.005072 0.001287
v -0.032118 0.003789 0.001013
v -0.028391 0.004694 0.001819
v -0.025178 0.004998 0.002381
v -0.034267 0.005364 0.000605
v -0.034403 0.004819 0.000572
v -0.032928 0.004842 0.000865
v -0.032728 0.005670 0.000921
v -0.034702 0.004416 0.000507
v -0.033436 0.004230 0.000743
v -0.035408 0.004163 0.000381
v -0.035057 0.003999 0.000433
v -0.034149 0.003999 0.000592
v -0.035057 0.004231 0.000435
v -0.034866 0.003788 0.000470
v -0.033741 0.003754 0.000674
v -0.035408 0.003503 0.000377
v -0.035057 0.003382 0.000430
v -0.034149 0.003532 0.000590
v -0.035057 0.003615 0.000431
v -0.034866 0.003210 0.000467
v -0.033741 0.003373 0.000672
v -0.035408 0.002843 0.000373
v -0.035057 0.002764 0.000426
v -0.034149 0.003061 0.000587
v -0.035057 0.002998 0.000428
v -0.034866 0.002629 0.000463
v -0.033740 0.002988 0.000669
v -0.035408 0.002182 0.000370
v -0.035057 0.002146 0.000423
v -0.034149 0.002586 0.000584
v -0.035057 0.002379 0.000424
v -0.034669 0.002086 0.000495
v -0.033384 0.002724 0.000738
v -0.033924 0.001732 0.000592
v -0.032213 0.002388 0.000930
v -0.032722 0.002609 0.000864
v -0.034267 0.001919 0.000559
v -0.030144 0.003216 0.001353
v -0.030768 0.003495 0.001284
v -0.024769 0.004194 0.002270
v -0.025009 0.004525 0.002349
v -0.028056 0.004181 0.001839
v -0.027579 0.003839 0.001838
v -0.036170 0.003515 0.000278
v -0.036158 0.003342 0.000285
v -0.037176 0.003526 0.000174
v -0.037277 0.003349 0.000166
v -0.037772 0.003143 0.000120
v -0.036145 0.003162 0.000293
v -0.039449 0.003534 0.000024
v -0.039534 0.003438 0.000013
v -0.038513 0.003386 0.000081
v -0.038319 0.003531 0.000093
v -0.039687 0.003342 -0.000013
v -0.039037 0.003266 0.000044
v -0.039967 0.003151 -0.000092
v -0.039635 0.003196 -0.000018
v -0.039831 0.003246 -0.000050
v -0.039967 0.003151 -0.000092
v -0.039487 0.003146 -0.000002
v -0.039967 0.003151 -0.000092
v -0.039831 0.003052 -0.000051
v -0.039635 0.003098 -0.000018
v -0.039687 0.002952 -0.000015
v -0.039037 0.003022 0.000043
v -0.039449 0.002756 0.000020
v -0.038319 0.002751 0.000089
v -0.038512 0.002898 0.000078
v -0.039533 0.002853 0.000010
v -0.037176 0.002758 0.000170
v -0.037277 0.002939 0.000163
v -0.036158 0.002973 0.000283
v -0.036170 0.002790 0.000274
v 0.039848 0.009285 0.000030
v 0.038876 0.009284 0.000099
v 0.039090 0.009022 0.000084
v 0.039960 0.009110 0.000017
v 0.037833 0.009271 0.000179
v 0.037929 0.008951 0.000169
v 0.038449 0.008585 0.000120
v 0.039579 0.008804 0.000044
v 0.040131 0.008935 -0.000013
v 0.036247 0.009179 0.000381
v 0.035932 0.008943 0.000432
v 0.036924 0.008914 0.000288
v 0.036932 0.009232 0.000282
v 0.035761 0.008609 0.000468
v 0.036915 0.008584 0.000294
v 0.036247 0.008001 0.000374
v 0.036932 0.007935 0.000275
v 0.036924 0.008253 0.000285
v 0.035932 0.008259 0.000428
v 0.037833 0.007897 0.000171
v 0.037929 0.008218 0.000165
v 0.039848 0.007885 0.000022
v 0.039960 0.008060 0.000011
v 0.039090 0.008148 0.000080
v 0.038876 0.007885 0.000091
v 0.040131 0.008235 -0.000017
v 0.039579 0.008366 0.000041
v 0.040416 0.008586 -0.000103
v 0.040107 0.008498 -0.000024
v 0.040278 0.008411 -0.000057
v 0.040416 0.008586 -0.000103
v 0.039979 0.008585 -0.000007
v 0.040416 0.008586 -0.000103
v 0.040279 0.008760 -0.000055
v 0.040107 0.008673 -0.000023
v 0.035210 0.012099 0.000614
v 0.033800 0.012155 0.000928
v 0.033987 0.010955 0.000870
v 0.035337 0.011315 0.000580
v 0.031996 0.012250 0.001361
v 0.032225 0.010708 0.001290
v 0.033260 0.008840 0.001012
v 0.034455 0.010074 0.000747
v 0.035612 0.010704 0.000513
v 0.026580 0.012357 0.002453
v 0.026667 0.010753 0.002426
v 0.029639 0.010716 0.001877
v 0.029464 0.012334 0.001929
v 0.026755 0.009215 0.002399
v 0.029813 0.009157 0.001824
v 0.029639 0.007725 0.001860
v 0.026667 0.007816 0.002410
v 0.032225 0.007339 0.001271
v 0.035335 0.006015 0.000550
v 0.033986 0.006655 0.000845
v 0.035611 0.006533 0.000490
v 0.034454 0.007342 0.000731
v 0.036247 0.006819 0.000367
v 0.035932 0.007154 0.000422
v 0.035107 0.007394 0.000582
v 0.035932 0.006739 0.000420
v 0.035760 0.007576 0.000462
v 0.034734 0.008003 0.000668
v 0.035107 0.008233 0.000587
v 0.035932 0.007843 0.000426
v 0.034734 0.008679 0.000672
v 0.035932 0.009356 0.000435
v 0.035107 0.009062 0.000592
v 0.035761 0.009633 0.000474
v 0.034734 0.009347 0.000676
v 0.036247 0.010354 0.000387
v 0.035932 0.010450 0.000441
v 0.035107 0.009884 0.000596
v 0.035932 0.010036 0.000438
v 0.005729 0.008227 0.003189
v 0.003296 0.008226 0.003212
v 0.005729 0.009535 0.003194
v 0.003297 0.009535 0.003217
v 0.000864 0.009535 0.003234
v 0.000864 0.008226 0.003229
v 0.005729 0.012507 0.003205
v 0.003297 0.012507 0.003228
v 0.003297 0.010986 0.003222
v 0.005729 0.010986 0.003199
v 0.000864 0.012507 0.003245
v 0.000864 0.010986 0.003239
v -0.004000 0.012508 0.003208
v -0.004000 0.010986 0.003202
v -0.001568 0.010986 0.003224
v -0.001568 0.012507 0.003229
v -0.004000 0.009536 0.003196
v -0.001568 0.009535 0.003218
v -0.001568 0.008227 0.003213
v -0.004000 0.008227 0.003191
v -0.025020 0.012358 0.002480
v -0.028072 0.012335 0.001961
v -0.028262 0.010715 0.001909
v -0.025116 0.010753 0.002453
v -0.030783 0.012243 0.001393
v -0.031032 0.010696 0.001322
v -0.032144 0.008816 0.001043
v -0.028453 0.009155 0.001856
v -0.025212 0.009214 0.002426
v -0.034267 0.012092 0.000643
v -0.034403 0.011306 0.000609
v -0.032933 0.010938 0.000901
v -0.032731 0.012143 0.000959
v -0.034702 0.010696 0.000542
v -0.033440 0.010055 0.000777
v -0.035407 0.010356 0.000415
v -0.035056 0.010031 0.000467
v -0.034150 0.009868 0.000626
v -0.035056 0.010446 0.000469
v -0.034865 0.009624 0.000503
v -0.033744 0.009325 0.000706
v -0.035407 0.009177 0.000409
v -0.035056 0.008933 0.000461
v -0.034150 0.009041 0.000621
v -0.035056 0.009348 0.000463
v -0.034865 0.008595 0.000497
v -0.033744 0.008653 0.000702
v -0.035407 0.007998 0.000402
v -0.035056 0.007832 0.000455
v -0.034151 0.008210 0.000616
v -0.035056 0.008248 0.000457
v -0.034865 0.007562 0.000491
v -0.033745 0.007975 0.000698
v -0.035407 0.006819 0.000396
v -0.035056 0.006730 0.000449
v -0.034151 0.007370 0.000612
v -0.035056 0.007145 0.000451
v -0.034702 0.006515 0.000519
v -0.033440 0.007310 0.000762
v -0.032933 0.006619 0.000876
v -0.034403 0.005991 0.000579
v -0.031032 0.007315 0.001303
v -0.025116 0.007814 0.002437
v -0.028262 0.007722 0.001892
v -0.036170 0.009237 0.000310
v -0.036158 0.008918 0.000316
v -0.037176 0.009275 0.000206
v -0.037277 0.008955 0.000197
v -0.037770 0.008589 0.000150
v -0.036145 0.008588 0.000323
v -0.039398 0.009289 0.000056
v -0.039511 0.009114 0.000045
v -0.038500 0.009026 0.000112
v -0.038278 0.009289 0.000125
v -0.039682 0.008940 0.000018
v -0.039036 0.008808 0.000075
v -0.039967 0.008590 -0.000061
v -0.039634 0.008677 0.000013
v -0.039831 0.008765 -0.000019
v -0.039967 0.008590 -0.000061
v -0.039481 0.008590 0.000029
v -0.039967 0.008590 -0.000061
v -0.039831 0.008415 -0.000021
v -0.039634 0.008502 0.000012
v -0.039682 0.008240 0.000014
v -0.039036 0.008371 0.000072
v -0.039398 0.007890 0.000048
v -0.038278 0.007890 0.000118
v -0.038500 0.008152 0.000107
v -0.039511 0.008065 0.000039
v -0.037176 0.007902 0.000199
v -0.037277 0.008222 0.000193
v -0.036158 0.008258 0.000313
v -0.036170 0.007939 0.000303
v 0.039848 0.016280 0.000069
v 0.038876 0.016280 0.000138
v 0.039090 0.016018 0.000123
v 0.039961 0.016105 0.000056
v 0.037834 0.016267 0.000218
v 0.037929 0.015947 0.000208
v 0.038449 0.015580 0.000159
v 0.039579 0.015799 0.000083
v 0.040131 0.015931 0.000026
v 0.036248 0.016168 0.000419
v 0.035933 0.015920 0.000471
v 0.036924 0.015910 0.000327
v 0.036933 0.016228 0.000321
v 0.035761 0.015578 0.000507
v 0.036916 0.015579 0.000333
v 0.036248 0.014990 0.000413
v 0.036933 0.014931 0.000314
v 0.036924 0.015249 0.000323
v 0.035933 0.015237 0.000467
v 0.037833 0.014893 0.000210
v 0.037929 0.015213 0.000204
v 0.039848 0.014881 0.000061
v 0.039961 0.015056 0.000050
v 0.039090 0.015143 0.000118
v 0.038876 0.014881 0.000130
v 0.040131 0.015231 0.000022
v 0.039579 0.015362 0.000080
v 0.040416 0.015581 -0.000064
v 0.040107 0.015494 0.000015
v 0.040279 0.015406 -0.000018
v 0.040416 0.015581 -0.000064
v 0.039979 0.015581 0.000032
v 0.040416 0.015581 -0.000064
v 0.040279 0.015756 -0.000016
v 0.040107 0.015668 0.000016
v 0.035211 0.019057 0.000652
v 0.033801 0.018995 0.000966
v 0.033988 0.017800 0.000909
v 0.035337 0.018275 0.000618
v 0.031997 0.018893 0.001399
v 0.032225 0.017359 0.001328
v 0.033261 0.015574 0.001050
v 0.034455 0.016961 0.000786
v 0.035612 0.017675 0.000552
v 0.026580 0.018770 0.002488
v 0.026668 0.017167 0.002460
v 0.029639 0.017185 0.001913
v 0.029465 0.018800 0.001965
v 0.026755 0.015564 0.002433
v 0.029814 0.015568 0.001861
v 0.029639 0.013950 0.001895
v 0.026668 0.013960 0.002443
v 0.032225 0.013784 0.001308
v 0.035337 0.012881 0.000588
v 0.033987 0.013351 0.000884
v 0.035612 0.013481 0.000529
v 0.034455 0.014191 0.000770
v 0.036248 0.013811 0.000406
v 0.035932 0.014138 0.000461
v 0.035108 0.014334 0.000621
v 0.035932 0.013723 0.000459
v 0.035761 0.014550 0.000501
v 0.034735 0.014906 0.000707
v 0.035108 0.015164 0.000626
v 0.035933 0.014822 0.000465
v 0.034735 0.015577 0.000711
v 0.035933 0.016335 0.000473
v 0.035108 0.015991 0.000630
v 0.035761 0.016606 0.000512
v 0.034735 0.016248 0.000714
v 0.036248 0.017346 0.000426
v 0.035933 0.017434 0.000479
v 0.035108 0.016820 0.000635
v 0.035933 0.017019 0.000477
v 0.005729 0.014029 0.003211
v 0.003297 0.014029 0.003234
v 0.005729 0.015550 0.003217
v 0.003297 0.015550 0.003240
v 0.000865 0.015550 0.003256
v 0.000865 0.014029 0.003251
v 0.005729 0.018593 0.003228
v 0.003297 0.018593 0.003251
v 0.003297 0.017071 0.003245
v 0.005729 0.017072 0.003223
v 0.000865 0.018593 0.003268
v 0.000865 0.017071 0.003262
v -0.004000 0.018594 0.003231
v -0.004000 0.017072 0.003225
v -0.001567 0.017072 0.003247
v -0.001567 0.018593 0.003252
v -0.004000 0.015551 0.003219
v -0.001568 0.015550 0.003241
v -0.001568 0.014029 0.003235
v -0.004000 0.014029 0.003213
v -0.025020 0.018774 0.002515
v -0.028071 0.018806 0.001997
v -0.028262 0.017189 0.001945
v -0.025116 0.017171 0.002487
v -0.030783 0.018907 0.001431
v -0.031031 0.017369 0.001360
v -0.032144 0.015578 0.001081
v -0.028452 0.015571 0.001893
v -0.025211 0.015567 0.002460
v -0.034267 0.019072 0.000682
v -0.034402 0.018287 0.000648
v -0.032933 0.017814 0.000939
v -0.032731 0.019015 0.000997
v -0.034702 0.017684 0.000581
v -0.033440 0.016971 0.000816
v -0.035407 0.017351 0.000454
v -0.035056 0.017025 0.000506
v -0.034150 0.016829 0.000664
v -0.035056 0.017441 0.000508
v -0.034865 0.016613 0.000542
v -0.033744 0.016255 0.000745
v -0.035407 0.016172 0.000448
v -0.035056 0.015925 0.000500
v -0.034150 0.015997 0.000660
v -0.035056 0.016340 0.000502
v -0.034865 0.015582 0.000536
v -0.033744 0.015581 0.000741
v -0.035407 0.014994 0.000441
v -0.035056 0.014825 0.000494
v -0.034150 0.015166 0.000655
v -0.035056 0.015240 0.000496
v -0.034865 0.014552 0.000530
v -0.033744 0.014907 0.000737
v -0.035407 0.013815 0.000435
v -0.035056 0.013725 0.000488
v -0.034150 0.014334 0.000651
v -0.035056 0.014140 0.000490
v -0.034702 0.013480 0.000558
v -0.033440 0.014190 0.000800
v -0.032933 0.013344 0.000914
v -0.034403 0.012877 0.000618
v -0.031032 0.013782 0.001340
v -0.025116 0.013962 0.002470
v -0.028262 0.013952 0.001927
v -0.036170 0.016232 0.000349
v -0.036157 0.015914 0.000355
v -0.037175 0.016271 0.000245
v -0.037276 0.015951 0.000236
v -0.037769 0.015585 0.000189
v -0.036145 0.015584 0.000362
v -0.039398 0.016285 0.000095
v -0.039511 0.016110 0.000084
v -0.038500 0.016022 0.000151
v -0.038278 0.016284 0.000164
v -0.039682 0.015935 0.000057
v -0.039036 0.015804 0.000114
v -0.039967 0.015586 -0.000022
v -0.039634 0.015673 0.000052
v -0.039830 0.015761 0.000020
v -0.039967 0.015586 -0.000022
v -0.039480 0.015585 0.000068
v -0.039967 0.015586 -0.000022
v -0.039830 0.015411 0.000018
v -0.039634 0.015498 0.000051
v -0.039682 0.015236 0.000053
v -0.039036 0.015366 0.000111
v -0.039398 0.014886 0.000087
v -0.038278 0.014885 0.000156
v -0.038500 0.015148 0.000146
v -0.039511 0.015061 0.000078
v -0.037175 0.014897 0.000237
v -0.037277 0.015218 0.000232
v -0.036157 0.015253 0.000352
v -0.036170 0.014935 0.000342
v 0.039849 0.023276 0.000108
v 0.038876 0.023276 0.000177
v 0.039091 0.023013 0.000162
v 0.039961 0.023101 0.000095
v 0.037834 0.023262 0.000257
v 0.037930 0.022942 0.000247
v 0.038450 0.022576 0.000198
v 0.039579 0.022795 0.000122
v 0.040131 0.022926 0.000065
v 0.036248 0.023157 0.000458
v 0.035933 0.022898 0.000510
v 0.036925 0.022905 0.000366
v 0.036933 0.023224 0.000360
v 0.035761 0.022548 0.000545
v 0.036916 0.022575 0.000372
v 0.036248 0.021979 0.000452
v 0.036933 0.021927 0.000353
v 0.036925 0.022245 0.000362
v 0.035933 0.022214 0.000506
v 0.037834 0.021889 0.000249
v 0.037929 0.022209 0.000243
v 0.039849 0.021877 0.000100
v 0.039961 0.022052 0.000089
v 0.039091 0.022139 0.000157
v 0.038876 0.021876 0.000169
v 0.040131 0.022227 0.000061
v 0.039579 0.022358 0.000119
v 0.040416 0.022577 -0.000025
v 0.040108 0.022489 0.000054
v 0.040279 0.022402 0.000021
v 0.040416 0.022577 -0.000025
v 0.039979 0.022577 0.000071
v 0.040416 0.022577 -0.000025
v 0.040279 0.022752 0.000023
v 0.040108 0.022664 0.000055
v 0.035208 0.025749 0.000688
v 0.033795 0.025421 0.001000
v 0.033987 0.024489 0.000945
v 0.035336 0.025137 0.000656
v 0.031992 0.024995 0.001431
v 0.032226 0.023796 0.001364
v 0.033261 0.022308 0.001088
v 0.034455 0.023809 0.000823
v 0.035612 0.024622 0.000590
v 0.026581 0.024485 0.002518
v 0.026668 0.023303 0.002494
v 0.029640 0.023401 0.001948
v 0.029464 0.024635 0.001996
v 0.026756 0.021910 0.002467
v 0.029814 0.021976 0.001897
v 0.029640 0.020419 0.001931
v 0.026668 0.020374 0.002478
v 0.032226 0.020436 0.001345
v 0.035337 0.019840 0.000627
v 0.033988 0.020195 0.000922
v 0.035613 0.020452 0.000567
v 0.034455 0.021078 0.000809
v 0.036248 0.020804 0.000445
v 0.035933 0.021121 0.000500
v 0.035108 0.021271 0.000660
v 0.035933 0.020708 0.000498
v 0.035761 0.021523 0.000540
v 0.034735 0.021806 0.000745
v 0.035108 0.022092 0.000664
v 0.035933 0.021801 0.000504
v 0.034735 0.022474 0.000749
v 0.035933 0.023315 0.000512
v 0.035108 0.022921 0.000669
v 0.035762 0.023581 0.000551
v 0.034735 0.023151 0.000753
v 0.036248 0.024339 0.000464
v 0.035933 0.024419 0.000518
v 0.035108 0.023761 0.000673
v 0.035933 0.024003 0.000516
v 0.005730 0.020114 0.003234
v 0.003297 0.020114 0.003257
v 0.005730 0.021563 0.003240
v 0.003297 0.021563 0.003262
v 0.000865 0.021563 0.003279
v 0.000865 0.020114 0.003273
v 0.005730 0.023948 0.003249
v 0.003298 0.023948 0.003271
v 0.003298 0.022865 0.003267
v 0.005730 0.022865 0.003245
v 0.000865 0.023948 0.003288
v 0.000865 0.022865 0.003284
v -0.003999 0.023949 0.003251
v -0.003999 0.022866 0.003247
v -0.001567 0.022865 0.003268
v -0.001567 0.023948 0.003272
v -0.003999 0.021563 0.003242
v -0.001567 0.021563 0.003263
v -0.001567 0.020114 0.003258
v -0.004000 0.020115 0.003237
v -0.025020 0.024492 0.002545
v -0.028070 0.024645 0.002028
v -0.028261 0.023410 0.001980
v -0.025115 0.023309 0.002521
v -0.030778 0.025026 0.001463
v -0.031031 0.023827 0.001396
v -0.032144 0.022339 0.001120
v -0.028452 0.021984 0.001929
v -0.025211 0.021916 0.002495
v -0.034266 0.025788 0.000718
v -0.034402 0.025168 0.000685
v -0.032932 0.024533 0.000976
v -0.032726 0.025470 0.001032
v -0.034701 0.024648 0.000619
v -0.033439 0.023849 0.000854
v -0.035406 0.024347 0.000493
v -0.035055 0.024020 0.000545
v -0.034149 0.023793 0.000703
v -0.035055 0.024436 0.000547
v -0.034864 0.023603 0.000580
v -0.033744 0.023186 0.000783
v -0.035406 0.023168 0.000487
v -0.035055 0.022917 0.000539
v -0.034150 0.022953 0.000698
v -0.035055 0.023333 0.000541
v -0.034864 0.022570 0.000575
v -0.033743 0.022508 0.000779
v -0.035406 0.021989 0.000480
v -0.035055 0.021818 0.000533
v -0.034150 0.022121 0.000694
v -0.035055 0.022232 0.000535
v -0.034865 0.021541 0.000569
v -0.033744 0.021837 0.000776
v -0.035406 0.020810 0.000474
v -0.035055 0.020720 0.000527
v -0.034150 0.021295 0.000689
v -0.035055 0.021134 0.000529
v -0.034701 0.020469 0.000597
v -0.033440 0.021105 0.000839
v -0.032933 0.020221 0.000953
v -0.034402 0.019857 0.000657
v -0.031031 0.020455 0.001378
v -0.025115 0.020380 0.002505
v -0.028262 0.020426 0.001963
v -0.036169 0.023228 0.000388
v -0.036157 0.022910 0.000394
v -0.037175 0.023267 0.000284
v -0.037276 0.022947 0.000275
v -0.037769 0.022580 0.000228
v -0.036144 0.022579 0.000401
v -0.039398 0.023280 0.000134
v -0.039511 0.023106 0.000123
v -0.038499 0.023018 0.000190
v -0.038277 0.023280 0.000203
v -0.039682 0.022931 0.000096
v -0.039036 0.022799 0.000153
v -0.039967 0.022582 0.000017
v -0.039634 0.022669 0.000091
v -0.039830 0.022756 0.000059
v -0.039967 0.022582 0.000017
v -0.039480 0.022581 0.000106
v -0.039967 0.022582 0.000017
v -0.039830 0.022406 0.000057
v -0.039634 0.022494 0.000090
v -0.039682 0.022231 0.000092
v -0.039036 0.022362 0.000150
v -0.039398 0.021881 0.000126
v -0.038277 0.021881 0.000195
v -0.038499 0.022143 0.000185
v -0.039511 0.022056 0.000117
v -0.037175 0.021893 0.000276
v -0.037276 0.022213 0.000271
v -0.036157 0.022249 0.000391
v -0.036169 0.021931 0.000381
v 0.039899 0.028388 0.000136
v 0.038923 0.028378 0.000205
v 0.039105 0.028235 0.000191
v 0.039984 0.028292 0.000124
v 0.037835 0.028356 0.000285
v 0.037930 0.028181 0.000276
v 0.038454 0.027988 0.000228
v 0.039580 0.028120 0.000151
v 0.040136 0.028199 0.000094
v 0.036249 0.028242 0.000486
v 0.035932 0.028073 0.000538
v 0.036925 0.028133 0.000395
v 0.036934 0.028310 0.000388
v 0.035759 0.027858 0.000574
v 0.036916 0.027948 0.000401
v 0.036249 0.027599 0.000482
v 0.036934 0.027604 0.000384
v 0.036925 0.027773 0.000393
v 0.035932 0.027699 0.000536
v 0.037834 0.027605 0.000281
v 0.037930 0.027780 0.000274
v 0.039899 0.027617 0.000132
v 0.039982 0.027715 0.000121
v 0.039103 0.027755 0.000189
v 0.038922 0.027610 0.000201
v 0.040136 0.027814 0.000092
v 0.039580 0.027880 0.000150
v 0.040416 0.028016 0.000005
v 0.040109 0.027959 0.000084
v 0.040279 0.027915 0.000051
v 0.040416 0.028016 0.000005
v 0.039985 0.028005 0.000101
v 0.040416 0.028016 0.000005
v 0.040279 0.028107 0.000052
v 0.040109 0.028055 0.000085
v 0.034886 0.029252 0.000716
v 0.033317 0.028580 0.001046
v 0.033788 0.028375 0.000977
v 0.035205 0.029085 0.000680
v 0.031406 0.027775 0.001460
v 0.031980 0.027512 0.001388
v 0.033233 0.027237 0.001113
v 0.034398 0.028279 0.000850
v 0.035578 0.028943 0.000614
v 0.026349 0.026810 0.002366
v 0.026569 0.026500 0.002441
v 0.029448 0.026847 0.001934
v 0.029010 0.027167 0.001938
v 0.026724 0.026053 0.002468
v 0.029756 0.026362 0.001909
v 0.029629 0.025622 0.001956
v 0.026664 0.025392 0.002501
v 0.032214 0.025998 0.001373
v 0.035334 0.026283 0.000662
v 0.033979 0.026229 0.000954
v 0.035610 0.026683 0.000601
v 0.034447 0.026827 0.000839
v 0.036248 0.026958 0.000479
v 0.035932 0.027101 0.000532
v 0.035102 0.027067 0.000691
v 0.035932 0.026876 0.000531
v 0.035760 0.027297 0.000571
v 0.034727 0.027293 0.000774
v 0.035102 0.027518 0.000693
v 0.035932 0.027472 0.000534
v 0.034727 0.027661 0.000776
v 0.035932 0.028300 0.000539
v 0.035102 0.027974 0.000696
v 0.035759 0.028423 0.000577
v 0.034727 0.028033 0.000778
v 0.036249 0.028886 0.000489
v 0.035932 0.028905 0.000542
v 0.035101 0.028434 0.000698
v 0.035932 0.028676 0.000541
v 0.005730 0.024739 0.003252
v 0.003298 0.024739 0.003274
v 0.005730 0.025301 0.003228
v 0.003298 0.025301 0.003251
v 0.000865 0.025301 0.003267
v 0.000865 0.024739 0.003291
v 0.005730 0.025986 0.003001
v 0.003298 0.025986 0.003022
v 0.003298 0.025695 0.003175
v 0.005730 0.025696 0.003153
v 0.000865 0.025986 0.003037
v 0.000865 0.025695 0.003191
v -0.003999 0.025987 0.003004
v -0.003999 0.025696 0.003156
v -0.001567 0.025696 0.003176
v -0.001567 0.025986 0.003023
v -0.003999 0.025301 0.003231
v -0.001567 0.025301 0.003252
v -0.001567 0.024739 0.003275
v -0.003999 0.024740 0.003254
v -0.024768 0.026818 0.002391
v -0.027577 0.027179 0.001969
v -0.028054 0.026860 0.001966
v -0.025007 0.026509 0.002467
v -0.030143 0.027801 0.001493
v -0.030767 0.027548 0.001421
v -0.032116 0.027291 0.001145
v -0.028389 0.026374 0.001941
v -0.025176 0.026062 0.002495
v -0.033923 0.029302 0.000745
v -0.034265 0.029129 0.000710
v -0.032720 0.028435 0.001008
v -0.032211 0.028635 0.001077
v -0.034667 0.028977 0.000644
v -0.033382 0.028338 0.000881
v -0.035406 0.028894 0.000518
v -0.035055 0.028698 0.000570
v -0.034147 0.028484 0.000728
v -0.035055 0.028924 0.000572
v -0.034864 0.028454 0.000607
v -0.033739 0.028090 0.000809
v -0.035406 0.028253 0.000515
v -0.035055 0.028098 0.000567
v -0.034147 0.028025 0.000726
v -0.035055 0.028325 0.000568
v -0.034864 0.027891 0.000604
v -0.033739 0.027718 0.000807
v -0.035406 0.027612 0.000511
v -0.035055 0.027499 0.000564
v -0.034148 0.027569 0.000723
v -0.035055 0.027725 0.000565
v -0.034864 0.027330 0.000600
v -0.033739 0.027348 0.000805
v -0.035406 0.026972 0.000507
v -0.035055 0.026902 0.000560
v -0.034148 0.027117 0.000721
v -0.035055 0.027127 0.000562
v -0.034701 0.026719 0.000631
v -0.033434 0.026884 0.000870
v -0.032926 0.026282 0.000985
v -0.034402 0.026324 0.000692
v -0.031020 0.026034 0.001406
v -0.025110 0.025400 0.002528
v -0.028251 0.025633 0.001988
v -0.036169 0.028314 0.000416
v -0.036156 0.028137 0.000423
v -0.037175 0.028360 0.000312
v -0.037276 0.028185 0.000304
v -0.037771 0.027992 0.000258
v -0.036144 0.027953 0.000430
v -0.039449 0.028393 0.000162
v -0.039534 0.028297 0.000151
v -0.038512 0.028240 0.000219
v -0.038319 0.028382 0.000232
v -0.039687 0.028204 0.000125
v -0.039036 0.028124 0.000182
v -0.039967 0.028021 0.000047
v -0.039635 0.028060 0.000121
v -0.039830 0.028112 0.000089
v -0.039967 0.028021 0.000047
v -0.039486 0.028010 0.000137
v -0.039635 0.028060 0.000121
v -0.039486 0.028010 0.000137
v -0.039967 0.028021 0.000047
v -0.039830 0.027919 0.000087
v -0.039635 0.027964 0.000120
v -0.039686 0.027819 0.000123
v -0.039036 0.027884 0.000181
v -0.039967 0.028021 0.000047
v -0.039448 0.027621 0.000158
v -0.038318 0.027614 0.000227
v -0.038510 0.027760 0.000216
v -0.039532 0.027719 0.000148
v -0.037175 0.027609 0.000308
v -0.037276 0.027784 0.000302
v -0.036156 0.027777 0.000421
v -0.036169 0.027608 0.000412
v -0.013936 0.004858 0.002893
v -0.013936 0.005172 0.003046
v -0.016557 0.005082 0.002999
v -0.016556 0.004765 0.002847
v -0.013937 0.005598 0.003125
v -0.016558 0.005510 0.003077
v -0.019284 0.005392 0.002964
v -0.019265 0.004957 0.002891
v -0.019241 0.004636 0.002747
v -0.013937 0.007017 0.003157
v -0.016558 0.006942 0.003109
v -0.016558 0.006111 0.003106
v -0.013937 0.006193 0.003153
v -0.019269 0.006852 0.003000
v -0.019278 0.006005 0.002994
v -0.022124 0.005866 0.002781
v -0.022086 0.006744 0.002793
v -0.022148 0.005227 0.002747
v -0.021983 0.004452 0.002564
v -0.022079 0.004777 0.002687
v -0.006433 0.005313 0.003069
v -0.006433 0.005003 0.002915
v -0.006433 0.005732 0.003147
v -0.008883 0.005716 0.003144
v -0.008883 0.005295 0.003066
v -0.008883 0.004985 0.002912
v -0.006433 0.007132 0.003177
v -0.006433 0.006319 0.003174
v -0.008883 0.007118 0.003175
v -0.008883 0.006304 0.003171
v -0.011380 0.006259 0.003169
v -0.011380 0.007077 0.003173
v -0.011380 0.005668 0.003141
v -0.011380 0.004934 0.002909
v -0.011380 0.005246 0.003063
v 0.015664 0.007015 0.003148
v 0.015664 0.006191 0.003144
v 0.018285 0.006109 0.003095
v 0.018285 0.006940 0.003099
v 0.015664 0.005596 0.003116
v 0.018285 0.005508 0.003066
v 0.020993 0.005390 0.002950
v 0.020988 0.006004 0.002980
v 0.020979 0.006850 0.002986
v 0.015663 0.004857 0.002884
v 0.018283 0.004763 0.002836
v 0.018284 0.005080 0.002988
v 0.015663 0.005171 0.003037
v 0.020953 0.004635 0.002733
v 0.020975 0.004955 0.002876
v 0.023739 0.004777 0.002667
v 0.023650 0.004452 0.002545
v 0.023802 0.005227 0.002727
v 0.023746 0.006744 0.002773
v 0.023781 0.005866 0.002760
v 0.008161 0.006319 0.003170
v 0.008161 0.007131 0.003174
v 0.008161 0.005732 0.003143
v 0.010611 0.005715 0.003138
v 0.010611 0.006303 0.003166
v 0.010611 0.007117 0.003169
v 0.008161 0.005002 0.002911
v 0.008161 0.005312 0.003065
v 0.010610 0.004984 0.002906
v 0.010610 0.005294 0.003060
v 0.013107 0.005245 0.003056
v 0.013107 0.004933 0.002902
v 0.013107 0.005667 0.003134
v 0.013108 0.007076 0.003166
v 0.013108 0.006258 0.003162
v -0.013937 0.008128 0.003161
v -0.016558 0.008064 0.003115
v -0.013936 0.009456 0.003167
v -0.016558 0.009403 0.003121
v -0.019287 0.009343 0.003010
v -0.019278 0.007989 0.003004
v -0.013936 0.012470 0.003180
v -0.016558 0.012444 0.003135
v -0.016558 0.010887 0.003128
v -0.013936 0.010927 0.003174
v -0.019268 0.012416 0.003027
v -0.019278 0.010843 0.003018
v -0.022123 0.010797 0.002808
v -0.022085 0.012386 0.002822
v -0.022161 0.009279 0.002794
v -0.022124 0.007905 0.002793
v -0.006433 0.008228 0.003182
v -0.006433 0.009537 0.003187
v -0.008883 0.009527 0.003184
v -0.008883 0.008216 0.003179
v -0.006432 0.012509 0.003198
v -0.006433 0.010987 0.003192
v -0.008882 0.012504 0.003196
v -0.008883 0.010980 0.003190
v -0.011380 0.010959 0.003189
v -0.011380 0.012491 0.003195
v -0.011380 0.009498 0.003183
v -0.011380 0.008181 0.003177
v 0.015664 0.012468 0.003172
v 0.015664 0.010925 0.003165
v 0.018286 0.010885 0.003117
v 0.018286 0.012442 0.003124
v 0.015664 0.009454 0.003158
v 0.018286 0.009401 0.003110
v 0.020996 0.009341 0.002995
v 0.020988 0.010841 0.003004
v 0.020979 0.012414 0.003013
v 0.018285 0.008062 0.003104
v 0.015664 0.008127 0.003153
v 0.020988 0.007987 0.002990
v 0.023781 0.007904 0.002773
v 0.023816 0.009278 0.002773
v 0.023746 0.012384 0.002802
v 0.023781 0.010796 0.002788
v 0.008161 0.010986 0.003189
v 0.008161 0.012508 0.003194
v 0.008161 0.009536 0.003183
v 0.010611 0.009526 0.003179
v 0.010611 0.010979 0.003185
v 0.010611 0.012503 0.003191
v 0.008161 0.008227 0.003178
v 0.010611 0.008215 0.003174
v 0.013108 0.008180 0.003170
v 0.013108 0.009497 0.003176
v 0.013108 0.012489 0.003188
v 0.013108 0.010958 0.003182
v -0.013936 0.014013 0.003187
v -0.016558 0.014001 0.003142
v -0.013936 0.015556 0.003194
v -0.016558 0.015558 0.003149
v -0.019286 0.015560 0.003040
v -0.019277 0.013988 0.003034
v -0.013936 0.018642 0.003208
v -0.016557 0.018671 0.003164
v -0.016557 0.017114 0.003156
v -0.013936 0.017099 0.003201
v -0.019268 0.018705 0.003058
v -0.019277 0.017132 0.003049
v -0.022123 0.017152 0.002840
v -0.022085 0.018740 0.002855
v -0.022161 0.015563 0.002826
v -0.022123 0.013974 0.002824
v -0.006432 0.014030 0.003204
v -0.006432 0.015552 0.003210
v -0.008882 0.015553 0.003209
v -0.008882 0.014028 0.003202
v -0.006432 0.018594 0.003222
v -0.006432 0.017073 0.003216
v -0.008882 0.018601 0.003221
v -0.008882 0.017077 0.003215
v -0.011379 0.017086 0.003215
v -0.011379 0.018617 0.003221
v -0.011379 0.015554 0.003208
v -0.011379 0.014022 0.003202
v 0.015665 0.018640 0.003199
v 0.015665 0.017097 0.003192
v 0.018286 0.017113 0.003146
v 0.018286 0.018669 0.003153
v 0.015665 0.015554 0.003185
v 0.018286 0.015556 0.003138
v 0.020997 0.015558 0.003025
v 0.020988 0.017130 0.003035
v 0.020980 0.018702 0.003044
v 0.018286 0.013999 0.003131
v 0.015665 0.014011 0.003178
v 0.020988 0.013986 0.003019
v 0.023781 0.013972 0.002804
v 0.023816 0.015561 0.002805
v 0.023747 0.018736 0.002835
v 0.023781 0.017149 0.002820
v 0.008162 0.017072 0.003212
v 0.008162 0.018594 0.003218
v 0.008161 0.015551 0.003206
v 0.010611 0.015552 0.003203
v 0.010611 0.017076 0.003209
v 0.010612 0.018600 0.003216
v 0.008161 0.014029 0.003200
v 0.010611 0.014027 0.003197
v 0.013108 0.014021 0.003195
v 0.013108 0.015553 0.003201
v 0.013108 0.018616 0.003214
v 0.013108 0.017084 0.003208
v -0.013936 0.020185 0.003214
v -0.016557 0.020228 0.003171
v -0.013936 0.021653 0.003221
v -0.016557 0.021710 0.003178
v -0.019286 0.021775 0.003070
v -0.019277 0.020277 0.003064
v -0.013935 0.024073 0.003232
v -0.016557 0.024151 0.003189
v -0.016557 0.023043 0.003184
v -0.013935 0.022974 0.003227
v -0.019267 0.024246 0.003085
v -0.019277 0.023122 0.003078
v -0.022123 0.023212 0.002872
v -0.022085 0.024359 0.002884
v -0.022161 0.021845 0.002858
v -0.022123 0.020329 0.002857
v -0.006432 0.020116 0.003228
v -0.006432 0.021564 0.003233
v -0.008882 0.021576 0.003233
v -0.008882 0.020125 0.003227
v -0.006432 0.023950 0.003243
v -0.006432 0.022866 0.003238
v -0.008882 0.023966 0.003242
v -0.008882 0.022881 0.003238
v -0.011379 0.022918 0.003239
v -0.011379 0.024009 0.003244
v -0.011379 0.021607 0.003234
v -0.011379 0.020149 0.003227
v 0.015665 0.024071 0.003223
v 0.015665 0.022973 0.003218
v 0.018287 0.023041 0.003173
v 0.018287 0.024149 0.003178
v 0.015665 0.021652 0.003212
v 0.018286 0.021708 0.003167
v 0.020997 0.021772 0.003056
v 0.020989 0.023120 0.003064
v 0.020980 0.024243 0.003071
v 0.018286 0.020226 0.003160
v 0.015665 0.020183 0.003206
v 0.020989 0.020275 0.003050
v 0.023782 0.020325 0.002837
v 0.023816 0.021841 0.002838
v 0.023747 0.024355 0.002864
v 0.023782 0.023208 0.002852
v 0.008162 0.022866 0.003235
v 0.008162 0.023949 0.003239
v 0.008162 0.021563 0.003230
v 0.010612 0.021575 0.003227
v 0.010612 0.022880 0.003233
v 0.010612 0.023965 0.003237
v 0.008162 0.020115 0.003224
v 0.010612 0.020124 0.003222
v 0.013109 0.020148 0.003221
v 0.013109 0.021606 0.003227
v 0.013109 0.024008 0.003237
v 0.013109 0.022917 0.003232
v -0.013935 0.024875 0.003235
v -0.016557 0.024960 0.003193
v -0.013935 0.025444 0.003212
v -0.016557 0.025535 0.003169
v -0.019282 0.025657 0.003063
v -0.019277 0.025071 0.003087
v -0.013934 0.026139 0.002986
v -0.016554 0.026235 0.002946
v -0.016555 0.025938 0.003095
v -0.013935 0.025844 0.003137
v -0.019239 0.026367 0.002853
v -0.019263 0.026067 0.002993
v -0.022077 0.026251 0.002797
v -0.021981 0.026554 0.002678
v -0.022146 0.025828 0.002853
v -0.022122 0.025215 0.002880
v -0.006432 0.024741 0.003246
v -0.006432 0.025302 0.003223
v -0.008882 0.025321 0.003222
v -0.008882 0.024758 0.003246
v -0.006432 0.025988 0.002996
v -0.006432 0.025697 0.003148
v -0.008882 0.026008 0.002996
v -0.008882 0.025716 0.003147
v -0.011379 0.025768 0.003149
v -0.011378 0.026060 0.002997
v -0.011379 0.025371 0.003224
v -0.011379 0.024805 0.003247
v 0.015664 0.026137 0.002977
v 0.015665 0.025843 0.003128
v 0.018285 0.025936 0.003084
v 0.018284 0.026233 0.002936
v 0.015665 0.025443 0.003203
v 0.018287 0.025533 0.003158
v 0.020994 0.025654 0.003048
v 0.020976 0.026064 0.002979
v 0.020954 0.026364 0.002839
v 0.018287 0.024958 0.003182
v 0.015665 0.024873 0.003226
v 0.020989 0.025068 0.003073
v 0.023782 0.025210 0.002860
v 0.023803 0.025823 0.002833
v 0.023652 0.026550 0.002658
v 0.023740 0.026246 0.002777
v 0.008162 0.025696 0.003144
v 0.008162 0.025987 0.002992
v 0.008162 0.025301 0.003219
v 0.010612 0.025320 0.003217
v 0.010612 0.025715 0.003142
v 0.010612 0.026007 0.002991
v 0.008162 0.024740 0.003242
v 0.010612 0.024757 0.003240
v 0.013109 0.024804 0.003240
v 0.013109 0.025369 0.003217
v 0.013109 0.026059 0.002990
v 0.013109 0.025767 0.003142
v 0.039898 0.001973 -0.000011
v 0.038920 0.001967 0.000058
v 0.039103 0.001821 0.000044
v 0.039982 0.001876 -0.000023
v 0.037833 0.001987 0.000139
v 0.037928 0.001817 0.000129
v 0.038387 0.001603 0.000084
v 0.039579 0.001703 0.000004
v 0.040135 0.001781 -0.000053
v 0.036923 0.001914 0.000249
v 0.036932 0.002060 0.000242
v 0.036821 0.001777 0.000270
v 0.036252 0.001446 0.000323
v 0.036549 0.001605 0.000302
v 0.037342 0.001334 0.000166
v 0.037666 0.001459 0.000146
v 0.038616 0.001296 0.000032
v 0.039090 0.001344 0.000003
v 0.038496 0.001385 0.000056
v 0.038084 0.001294 0.000077
v 0.039676 0.001421 -0.000040
v 0.039255 0.001478 0.000010
v 0.040416 0.001594 -0.000142
v 0.040416 0.001594 -0.000142
v 0.040031 0.001543 -0.000060
v 0.040147 0.001505 -0.000090
v 0.040416 0.001594 -0.000142
v 0.039962 0.001587 -0.000045
v 0.040031 0.001543 -0.000060
v 0.039962 0.001587 -0.000045
v 0.040416 0.001594 -0.000142
v 0.040278 0.001687 -0.000094
v 0.040108 0.001636 -0.000062
v 0.040416 0.001594 -0.000142
v 0.039103 0.002601 0.000049
v 0.039982 0.002655 -0.000019
v 0.037928 0.002581 0.000134
v 0.038452 0.002368 0.000086
v 0.039579 0.002482 0.000009
v 0.040135 0.002559 -0.000048
v 0.036923 0.002626 0.000253
v 0.036915 0.002460 0.000260
v 0.036923 0.002257 0.000251
v 0.037928 0.002171 0.000131
v 0.039981 0.002070 -0.000022
v 0.039102 0.002114 0.000046
v 0.040135 0.002170 -0.000051
v 0.039579 0.002238 0.000007
v 0.040416 0.002370 -0.000138
v 0.040416 0.002370 -0.000138
v 0.040108 0.002316 -0.000058
v 0.040278 0.002270 -0.000091
v 0.040416 0.002370 -0.000138
v 0.039984 0.002364 -0.000042
v 0.040416 0.002370 -0.000138
v 0.040278 0.002465 -0.000090
v 0.040108 0.002413 -0.000058
v 0.036932 0.004237 0.000254
v 0.036923 0.004392 0.000263
v 0.037833 0.004288 0.000151
v 0.037928 0.004462 0.000144
v 0.038442 0.004687 0.000100
v 0.036851 0.004581 0.000285
v 0.039897 0.004309 0.000002
v 0.039982 0.004406 -0.000009
v 0.039102 0.004453 0.000059
v 0.038919 0.004307 0.000071
v 0.040135 0.004504 -0.000038
v 0.039579 0.004576 0.000020
v 0.040416 0.004700 -0.000125
v 0.040108 0.004650 -0.000045
v 0.040278 0.004602 -0.000078
v 0.040416 0.004700 -0.000125
v 0.039984 0.004698 -0.000029
v 0.040416 0.004700 -0.000125
v 0.040278 0.004796 -0.000077
v 0.040108 0.004747 -0.000045
v 0.040135 0.004898 -0.000035
v 0.039579 0.004827 0.000022
v 0.040416 0.004700 -0.000125
v 0.040108 0.004747 -0.000045
v 0.039984 0.004698 -0.000029
v 0.039889 0.005136 0.000007
v 0.038907 0.005159 0.000076
v 0.039100 0.004970 0.000062
v 0.039980 0.005010 -0.000006
v 0.037737 0.005191 0.000176
v 0.037865 0.004925 0.000160
v 0.036668 0.004870 0.000319
v 0.036549 0.005240 0.000340
v 0.036923 0.003680 0.000259
v 0.037928 0.003698 0.000140
v 0.038452 0.003910 0.000094
v 0.036915 0.003856 0.000268
v 0.039982 0.003627 -0.000013
v 0.039102 0.003673 0.000055
v 0.040135 0.003726 -0.000042
v 0.039579 0.003797 0.000016
v 0.040416 0.003923 -0.000129
v 0.040108 0.003872 -0.000050
v 0.040278 0.003824 -0.000083
v 0.040416 0.003923 -0.000129
v 0.039984 0.003920 -0.000033
v 0.040416 0.003923 -0.000129
v 0.040278 0.004019 -0.000081
v 0.040108 0.003969 -0.000049
v 0.040416 0.003923 -0.000129
v 0.040135 0.004115 -0.000040
v 0.039579 0.004040 0.000017
v 0.040416 0.003923 -0.000129
v 0.040108 0.003969 -0.000049
v 0.039984 0.003920 -0.000033
v 0.039103 0.004161 0.000057
v 0.039982 0.004212 -0.000010
v 0.037928 0.004108 0.000142
v 0.036923 0.004050 0.000261
v 0.039848 0.006486 0.000014
v 0.038875 0.006486 0.000083
v 0.039090 0.006224 0.000069
v 0.039960 0.006311 0.000002
v 0.037833 0.006524 0.000164
v 0.037928 0.006216 0.000154
v 0.038440 0.005822 0.000106
v 0.039579 0.006005 0.000028
v 0.040130 0.006137 -0.000029
v 0.036923 0.006368 0.000274
v 0.036932 0.006638 0.000268
v 0.036851 0.006078 0.000293
v 0.036668 0.005672 0.000323
v 0.037865 0.005500 0.000163
v 0.039964 0.005282 -0.000004
v 0.039094 0.005378 0.000064
v 0.040131 0.005442 -0.000032
v 0.039579 0.005575 0.000026
v 0.040416 0.005787 -0.000119
v 0.040107 0.005700 -0.000039
v 0.040278 0.005612 -0.000073
v 0.040416 0.005787 -0.000119
v 0.039979 0.005787 -0.000023
v 0.040416 0.005787 -0.000119
v 0.040278 0.005962 -0.000071
v 0.040107 0.005874 -0.000039
v 0.039090 0.007623 0.000077
v 0.039960 0.007711 0.000010
v 0.037928 0.007584 0.000161
v 0.038450 0.007202 0.000112
v 0.039579 0.007404 0.000036
v 0.040130 0.007536 -0.000021
v 0.036924 0.007641 0.000281
v 0.036915 0.007335 0.000287
v 0.036924 0.006981 0.000277
v 0.037928 0.006850 0.000157
v 0.039960 0.006661 0.000004
v 0.039090 0.006748 0.000072
v 0.040130 0.006836 -0.000025
v 0.039579 0.006967 0.000034
v 0.040416 0.007187 -0.000111
v 0.040107 0.007099 -0.000032
v 0.040278 0.007011 -0.000065
v 0.040416 0.007187 -0.000111
v 0.039979 0.007186 -0.000015
v 0.040416 0.007187 -0.000111
v 0.040278 0.007361 -0.000063
v 0.040107 0.007274 -0.000031
v 0.036932 0.010529 0.000290
v 0.036924 0.010799 0.000299
v 0.037833 0.010645 0.000187
v 0.037929 0.010953 0.000180
v 0.038440 0.011352 0.000137
v 0.036851 0.011105 0.000322
v 0.039848 0.010684 0.000038
v 0.039960 0.010859 0.000027
v 0.039090 0.010946 0.000095
v 0.038876 0.010683 0.000107
v 0.040131 0.011034 -0.000001
v 0.039579 0.011165 0.000057
v 0.040416 0.011384 -0.000087
v 0.040107 0.011296 -0.000008
v 0.040279 0.011209 -0.000041
v 0.040416 0.011384 -0.000087
v 0.039979 0.011383 0.000008
v 0.040416 0.011384 -0.000087
v 0.040279 0.011559 -0.000040
v 0.040107 0.011471 -0.000007
v 0.040131 0.011733 0.000003
v 0.039579 0.011602 0.000059
v 0.039848 0.012083 0.000046
v 0.038876 0.012083 0.000114
v 0.039090 0.011820 0.000100
v 0.039960 0.011908 0.000033
v 0.037738 0.012082 0.000215
v 0.037865 0.011710 0.000198
v 0.036669 0.011557 0.000356
v 0.036550 0.012081 0.000378
v 0.036924 0.009526 0.000292
v 0.037929 0.009585 0.000173
v 0.038450 0.009967 0.000128
v 0.036915 0.009832 0.000301
v 0.039960 0.009460 0.000019
v 0.039090 0.009547 0.000087
v 0.040131 0.009635 -0.000009
v 0.039579 0.009765 0.000049
v 0.040416 0.009985 -0.000095
v 0.040107 0.009897 -0.000016
v 0.040279 0.009810 -0.000049
v 0.040416 0.009985 -0.000095
v 0.039979 0.009984 0.000001
v 0.040416 0.009985 -0.000095
v 0.040279 0.010159 -0.000047
v 0.040107 0.010072 -0.000015
v 0.040131 0.010334 -0.000005
v 0.039579 0.010203 0.000052
v 0.039090 0.010421 0.000092
v 0.039960 0.010509 0.000025
v 0.037929 0.010319 0.000177
v 0.036924 0.010187 0.000295
v 0.039848 0.013482 0.000053
v 0.038876 0.013482 0.000122
v 0.039090 0.013219 0.000108
v 0.039960 0.013307 0.000041
v 0.037833 0.013520 0.000203
v 0.037929 0.013212 0.000193
v 0.038441 0.012813 0.000145
v 0.039579 0.013001 0.000067
v 0.040131 0.013132 0.000010
v 0.036924 0.013364 0.000313
v 0.036933 0.013634 0.000307
v 0.036852 0.013058 0.000332
v 0.036669 0.012606 0.000362
v 0.037865 0.012454 0.000202
v 0.039960 0.012258 0.000035
v 0.039090 0.012345 0.000103
v 0.040131 0.012433 0.000006
v 0.039579 0.012564 0.000065
v 0.040416 0.012783 -0.000080
v 0.040107 0.012695 -0.000001
v 0.040279 0.012608 -0.000034
v 0.040416 0.012783 -0.000080
v 0.039979 0.012783 0.000016
v 0.040416 0.012783 -0.000080
v 0.040279 0.012958 -0.000032
v 0.040107 0.012870 0.000000
v 0.039090 0.014619 0.000116
v 0.039961 0.014706 0.000048
v 0.037929 0.014579 0.000200
v 0.038450 0.014198 0.000151
v 0.039579 0.014400 0.000075
v 0.040131 0.014532 0.000018
v 0.036924 0.014637 0.000320
v 0.036915 0.014331 0.000326
v 0.036924 0.013976 0.000316
v 0.037929 0.013846 0.000196
v 0.039960 0.013657 0.000043
v 0.039090 0.013744 0.000111
v 0.040131 0.013832 0.000014
v 0.039579 0.013963 0.000073
v 0.040416 0.014182 -0.000072
v 0.040107 0.014094 0.000007
v 0.040279 0.014007 -0.000026
v 0.040416 0.014182 -0.000072
v 0.039979 0.014182 0.000024
v 0.040416 0.014182 -0.000072
v 0.040279 0.014357 -0.000024
v 0.040107 0.014269 0.000008
v 0.036933 0.017525 0.000328
v 0.036924 0.017795 0.000338
v 0.037834 0.017640 0.000226
v 0.037929 0.017948 0.000219
v 0.038441 0.018348 0.000176
v 0.036852 0.018101 0.000360
v 0.039848 0.017679 0.000077
v 0.039961 0.017854 0.000066
v 0.039091 0.017941 0.000134
v 0.038876 0.017679 0.000145
v 0.040131 0.018029 0.000038
v 0.039579 0.018160 0.000096
v 0.040416 0.018380 -0.000049
v 0.040108 0.018292 0.000031
v 0.040279 0.018204 -0.000003
v 0.040416 0.018380 -0.000049
v 0.039979 0.018379 0.000047
v 0.040416 0.018380 -0.000049
v 0.040279 0.018554 -0.000001
v 0.040108 0.018467 0.000032
v 0.040131 0.018729 0.000041
v 0.039579 0.018598 0.000098
v 0.039848 0.019079 0.000084
v 0.038876 0.019078 0.000153
v 0.039091 0.018816 0.000139
v 0.039961 0.018904 0.000072
v 0.037738 0.019078 0.000254
v 0.037865 0.018706 0.000237
v 0.036669 0.018552 0.000395
v 0.036550 0.019077 0.000417
v 0.036924 0.016522 0.000331
v 0.037929 0.016581 0.000211
v 0.038450 0.016963 0.000167
v 0.036916 0.016828 0.000340
v 0.039961 0.016455 0.000058
v 0.039090 0.016542 0.000126
v 0.040131 0.016630 0.000030
v 0.039579 0.016761 0.000088
v 0.040416 0.016980 -0.000056
v 0.040107 0.016893 0.000023
v 0.040279 0.016805 -0.000010
v 0.040416 0.016980 -0.000056
v 0.039979 0.016980 0.000040
v 0.040416 0.016980 -0.000056
v 0.040279 0.017155 -0.000008
v 0.040107 0.017068 0.000024
v 0.040131 0.017330 0.000034
v 0.039579 0.017198 0.000091
v 0.039090 0.017417 0.000131
v 0.039961 0.017505 0.000064
v 0.037929 0.017314 0.000215
v 0.036924 0.017183 0.000334
v 0.039849 0.020478 0.000092
v 0.038876 0.020477 0.000161
v 0.039091 0.020215 0.000147
v 0.039961 0.020303 0.000080
v 0.037834 0.020515 0.000242
v 0.037929 0.020207 0.000232
v 0.038441 0.019808 0.000184
v 0.039579 0.019997 0.000106
v 0.040131 0.020128 0.000049
v 0.036924 0.020360 0.000352
v 0.036933 0.020629 0.000346
v 0.036852 0.020054 0.000371
v 0.036669 0.019602 0.000401
v 0.037866 0.019449 0.000241
v 0.039961 0.019253 0.000074
v 0.039091 0.019341 0.000142
v 0.040131 0.019429 0.000045
v 0.039579 0.019559 0.000104
v 0.040416 0.019779 -0.000041
v 0.040108 0.019691 0.000038
v 0.040279 0.019604 0.000005
v 0.040416 0.019779 -0.000041
v 0.039979 0.019778 0.000055
v 0.040416 0.019779 -0.000041
v 0.040279 0.019953 0.000007
v 0.040108 0.019866 0.000039
v 0.039091 0.021614 0.000154
v 0.039961 0.021702 0.000087
v 0.037929 0.021575 0.000239
v 0.038451 0.021194 0.000190
v 0.039579 0.021396 0.000114
v 0.040131 0.021527 0.000057
v 0.036925 0.021633 0.000359
v 0.036916 0.021326 0.000365
v 0.036924 0.020972 0.000355
v 0.037929 0.020841 0.000235
v 0.039961 0.020653 0.000081
v 0.039091 0.020740 0.000150
v 0.040131 0.020828 0.000053
v 0.039579 0.020959 0.000112
v 0.040416 0.021178 -0.000033
v 0.040108 0.021090 0.000046
v 0.040279 0.021003 0.000013
v 0.040416 0.021178 -0.000033
v 0.039979 0.021177 0.000063
v 0.040416 0.021178 -0.000033
v 0.040279 0.021353 0.000015
v 0.040108 0.021265 0.000047
v 0.036933 0.024521 0.000367
v 0.036925 0.024790 0.000376
v 0.037834 0.024636 0.000264
v 0.037930 0.024944 0.000258
v 0.038442 0.025339 0.000215
v 0.036852 0.025080 0.000399
v 0.039849 0.024675 0.000116
v 0.039961 0.024850 0.000105
v 0.039091 0.024937 0.000173
v 0.038876 0.024675 0.000184
v 0.040131 0.025025 0.000076
v 0.039580 0.025156 0.000135
v 0.040416 0.025375 -0.000010
v 0.040108 0.025287 0.000069
v 0.040279 0.025200 0.000036
v 0.040416 0.025375 -0.000010
v 0.039979 0.025375 0.000086
v 0.040416 0.025375 -0.000010
v 0.040279 0.025550 0.000038
v 0.040108 0.025462 0.000070
v 0.040131 0.025720 0.000080
v 0.039580 0.025586 0.000137
v 0.039889 0.026026 0.000123
v 0.038908 0.026000 0.000192
v 0.039095 0.025782 0.000178
v 0.039964 0.025880 0.000111
v 0.037739 0.025965 0.000292
v 0.037866 0.025659 0.000275
v 0.036670 0.025484 0.000433
v 0.036551 0.025912 0.000455
v 0.036925 0.023518 0.000369
v 0.037930 0.023576 0.000250
v 0.038451 0.023958 0.000206
v 0.036916 0.023824 0.000379
v 0.039961 0.023451 0.000097
v 0.039091 0.023538 0.000165
v 0.040131 0.023626 0.000069
v 0.039580 0.023757 0.000127
v 0.040416 0.023976 -0.000017
v 0.040108 0.023888 0.000062
v 0.040279 0.023801 0.000029
v 0.040416 0.023976 -0.000017
v 0.039979 0.023976 0.000078
v 0.040416 0.023976 -0.000017
v 0.040279 0.024151 0.000030
v 0.040108 0.024063 0.000063
v 0.040131 0.024326 0.000073
v 0.039580 0.024194 0.000130
v 0.039091 0.024412 0.000170
v 0.039961 0.024500 0.000103
v 0.037930 0.024310 0.000254
v 0.036925 0.024178 0.000373
v 0.039898 0.026846 0.000128
v 0.038921 0.026842 0.000196
v 0.039104 0.026698 0.000183
v 0.039983 0.026749 0.000115
v 0.037834 0.026854 0.000277
v 0.037930 0.026685 0.000268
v 0.038443 0.026466 0.000221
v 0.039580 0.026579 0.000143
v 0.040136 0.026653 0.000085
v 0.036925 0.026746 0.000387
v 0.036933 0.026897 0.000380
v 0.036852 0.026560 0.000407
v 0.036670 0.026276 0.000438
v 0.037866 0.026229 0.000278
v 0.039980 0.026152 0.000112
v 0.039101 0.026189 0.000180
v 0.040135 0.026264 0.000083
v 0.039580 0.026332 0.000141
v 0.040416 0.026463 -0.000004
v 0.040109 0.026413 0.000076
v 0.040279 0.026366 0.000043
v 0.040416 0.026463 -0.000004
v 0.039985 0.026461 0.000092
v 0.040109 0.026413 0.000076
v 0.039985 0.026461 0.000092
v 0.040416 0.026463 -0.000004
v 0.040279 0.026558 0.000044
v 0.040109 0.026509 0.000076
v 0.040416 0.026463 -0.000004
v 0.039105 0.027467 0.000187
v 0.039983 0.027521 0.000120
v 0.037930 0.027433 0.000272
v 0.038454 0.027230 0.000224
v 0.039580 0.027349 0.000147
v 0.040136 0.027426 0.000090
v 0.036925 0.027439 0.000391
v 0.036916 0.027268 0.000398
v 0.036925 0.027079 0.000389
v 0.037930 0.027032 0.000269
v 0.039982 0.026943 0.000116
v 0.039103 0.026987 0.000184
v 0.040136 0.027041 0.000088
v 0.039580 0.027109 0.000146
v 0.040416 0.027240 0.000001
v 0.040109 0.027186 0.000080
v 0.040279 0.027140 0.000047
v 0.040416 0.027240 0.000001
v 0.039985 0.027233 0.000097
v 0.040109 0.027186 0.000080
v 0.039985 0.027233 0.000097
v 0.040416 0.027240 0.000001
v 0.040279 0.027333 0.000048
v 0.040109 0.027282 0.000081
v 0.040416 0.027240 0.000001
v 0.036934 0.029017 0.000392
v 0.036925 0.029160 0.000400
v 0.037835 0.029107 0.000289
v 0.037932 0.029276 0.000282
v 0.038403 0.029496 0.000242
v 0.036823 0.029293 0.000423
v 0.039927 0.029159 0.000141
v 0.040007 0.029258 0.000129
v 0.039164 0.029292 0.000197
v 0.038979 0.029146 0.000209
v 0.040135 0.029354 0.000103
v 0.039576 0.029416 0.000164
v 0.040331 0.029503 0.000043
v 0.040244 0.029529 0.000063
v 0.040012 0.029489 0.000113
v 0.040245 0.029438 0.000072
v 0.040178 0.029559 0.000076
v 0.039784 0.029544 0.000135
v 0.040167 0.029634 0.000066
v 0.040027 0.029663 0.000088
v 0.039860 0.029606 0.000121
v 0.040172 0.029598 0.000073
v 0.039684 0.029707 0.000122
v 0.039247 0.029637 0.000173
v 0.038713 0.029800 0.000191
v 0.038123 0.029790 0.000235
v 0.038578 0.029710 0.000213
v 0.039192 0.029761 0.000161
v 0.037344 0.029732 0.000324
v 0.037668 0.029619 0.000303
v 0.036551 0.029452 0.000457
v 0.036254 0.029599 0.000479
v 0.036925 0.028466 0.000397
v 0.037930 0.028528 0.000278
v 0.038455 0.028746 0.000232
v 0.036917 0.028629 0.000405
v 0.039982 0.028487 0.000125
v 0.039102 0.028524 0.000193
v 0.040136 0.028587 0.000096
v 0.039580 0.028650 0.000154
v 0.040416 0.028792 0.000009
v 0.040109 0.028732 0.000089
v 0.040279 0.028690 0.000056
v 0.040416 0.028792 0.000009
v 0.039986 0.028777 0.000105
v 0.040416 0.028792 0.000009
v 0.040279 0.028882 0.000057
v 0.040109 0.028828 0.000089
v 0.040136 0.028972 0.000098
v 0.039581 0.028890 0.000156
v 0.039116 0.029004 0.000195
v 0.039984 0.029064 0.000128
v 0.037930 0.028929 0.000280
v 0.036925 0.028826 0.000399
v -0.036171 0.002064 0.000270
v -0.036158 0.001919 0.000277
v -0.037176 0.001991 0.000166
v -0.037277 0.001822 0.000157
v -0.037708 0.001607 0.000114
v -0.036043 0.001781 0.000299
v -0.039449 0.001977 0.000015
v -0.039534 0.001881 0.000005
v -0.038513 0.001826 0.000072
v -0.038320 0.001971 0.000085
v -0.039687 0.001786 -0.000022
v -0.039037 0.001707 0.000035
v -0.039967 0.001598 -0.000100
v -0.039635 0.001640 -0.000026
v -0.039831 0.001692 -0.000058
v -0.039967 0.001598 -0.000100
v -0.039461 0.001591 -0.000010
v -0.039967 0.001598 -0.000100
v -0.039967 0.001598 -0.000103
v -0.039685 0.001510 -0.000055
v -0.039546 0.001548 -0.000025
v -0.039967 0.001598 -0.000101
v -0.039168 0.001425 -0.000009
v -0.038664 0.001483 0.000040
v -0.039967 0.001598 -0.000100
v -0.039967 0.001598 -0.000101
v -0.039546 0.001548 -0.000025
v -0.039461 0.001591 -0.000010
v -0.038003 0.001300 0.000059
v -0.037466 0.001298 0.000103
v -0.037851 0.001389 0.000084
v -0.038518 0.001349 0.000032
v -0.036642 0.001338 0.000192
v -0.036990 0.001463 0.000174
v -0.035747 0.001609 0.000331
v -0.035426 0.001450 0.000350
v -0.036158 0.002630 0.000281
v -0.037277 0.002585 0.000161
v -0.037772 0.002372 0.000115
v -0.036145 0.002464 0.000289
v -0.039534 0.002659 0.000009
v -0.038513 0.002606 0.000076
v -0.039687 0.002564 -0.000017
v -0.039037 0.002486 0.000040
v -0.039967 0.002375 -0.000096
v -0.039635 0.002418 -0.000022
v -0.039831 0.002469 -0.000054
v -0.039967 0.002375 -0.000096
v -0.039487 0.002368 -0.000006
v -0.039967 0.002375 -0.000096
v -0.039831 0.002274 -0.000055
v -0.039635 0.002320 -0.000022
v -0.039687 0.002174 -0.000020
v -0.039037 0.002243 0.000038
v -0.038512 0.002118 0.000074
v -0.039533 0.002075 0.000006
v -0.037277 0.002175 0.000159
v -0.036158 0.002261 0.000279
v -0.039448 0.004313 0.000028
v -0.038318 0.004311 0.000098
v -0.038512 0.004458 0.000087
v -0.039533 0.004410 0.000019
v -0.037176 0.004293 0.000178
v -0.037277 0.004466 0.000172
v -0.037762 0.004691 0.000130
v -0.039037 0.004580 0.000051
v -0.039687 0.004508 -0.000007
v -0.036158 0.004396 0.000291
v -0.036170 0.004241 0.000282
v -0.036075 0.004586 0.000314
v -0.035747 0.005244 0.000368
v -0.035876 0.004875 0.000347
v -0.037070 0.005196 0.000204
v -0.037207 0.004929 0.000188
v -0.039440 0.005140 0.000033
v -0.039531 0.005014 0.000022
v -0.038510 0.004974 0.000090
v -0.038308 0.005164 0.000102
v -0.039687 0.004903 -0.000004
v -0.039037 0.004831 0.000053
v -0.039967 0.004704 -0.000083
v -0.039635 0.004752 -0.000009
v -0.039831 0.004801 -0.000041
v -0.039967 0.004704 -0.000083
v -0.039487 0.004703 0.000007
v -0.039635 0.004752 -0.000009
v -0.039487 0.004703 0.000007
v -0.039967 0.004704 -0.000083
v -0.039831 0.004606 -0.000042
v -0.039635 0.004654 -0.000009
v -0.039967 0.004704 -0.000083
v -0.038512 0.003678 0.000082
v -0.039533 0.003632 0.000014
v -0.037277 0.003702 0.000168
v -0.037772 0.003914 0.000124
v -0.039037 0.003801 0.000047
v -0.039687 0.003730 -0.000011
v -0.036158 0.003684 0.000287
v -0.036145 0.003860 0.000296
v -0.036158 0.004054 0.000289
v -0.037277 0.004112 0.000170
v -0.039534 0.004216 0.000017
v -0.038513 0.004165 0.000085
v -0.039687 0.004120 -0.000009
v -0.039037 0.004045 0.000048
v -0.039967 0.003928 -0.000087
v -0.039967 0.003928 -0.000087
v -0.039635 0.003974 -0.000013
v -0.039831 0.004024 -0.000045
v -0.039967 0.003928 -0.000087
v -0.039487 0.003924 0.000003
v -0.039635 0.003974 -0.000013
v -0.039487 0.003924 0.000003
v -0.039967 0.003928 -0.000087
v -0.039831 0.003829 -0.000047
v -0.039635 0.003876 -0.000014
v -0.039967 0.003928 -0.000087
v -0.036170 0.006642 0.000296
v -0.036158 0.006373 0.000302
v -0.037176 0.006528 0.000191
v -0.037277 0.006220 0.000182
v -0.037760 0.005826 0.000136
v -0.036075 0.006082 0.000322
v -0.039398 0.006491 0.000040
v -0.039511 0.006316 0.000029
v -0.038500 0.006228 0.000097
v -0.038278 0.006490 0.000110
v -0.039682 0.006141 0.000002
v -0.039036 0.006010 0.000059
v -0.039967 0.005792 -0.000077
v -0.039634 0.005879 -0.000003
v -0.039831 0.005967 -0.000035
v -0.039967 0.005792 -0.000077
v -0.039481 0.005791 0.000013
v -0.039967 0.005792 -0.000077
v -0.039831 0.005617 -0.000037
v -0.039634 0.005704 -0.000004
v -0.039683 0.005447 -0.000001
v -0.039037 0.005580 0.000057
v -0.038504 0.005383 0.000092
v -0.039515 0.005286 0.000023
v -0.037207 0.005504 0.000191
v -0.035876 0.005676 0.000352
v -0.036158 0.007645 0.000309
v -0.037277 0.007588 0.000189
v -0.037770 0.007207 0.000142
v -0.036145 0.007339 0.000316
v -0.039511 0.007715 0.000037
v -0.038500 0.007627 0.000104
v -0.039682 0.007540 0.000010
v -0.039036 0.007409 0.000067
v -0.039967 0.007191 -0.000069
v -0.039634 0.007278 0.000005
v -0.039831 0.007366 -0.000027
v -0.039967 0.007191 -0.000069
v -0.039481 0.007191 0.000021
v -0.039967 0.007191 -0.000069
v -0.039831 0.007016 -0.000029
v -0.039634 0.007103 0.000004
v -0.039682 0.006841 0.000006
v -0.039036 0.006972 0.000065
v -0.038500 0.006753 0.000099
v -0.039511 0.006666 0.000031
v -0.037277 0.006854 0.000185
v -0.036158 0.006985 0.000306
v -0.039398 0.010688 0.000064
v -0.038278 0.010688 0.000133
v -0.038500 0.010950 0.000123
v -0.039511 0.010863 0.000054
v -0.037176 0.010649 0.000214
v -0.037277 0.010957 0.000208
v -0.037760 0.011356 0.000167
v -0.039036 0.011169 0.000088
v -0.039682 0.011038 0.000030
v -0.036157 0.010803 0.000327
v -0.036170 0.010534 0.000317
v -0.036074 0.011109 0.000350
v -0.035747 0.012085 0.000406
v -0.035875 0.011561 0.000385
v -0.037070 0.012086 0.000242
v -0.037206 0.011715 0.000226
v -0.039398 0.012087 0.000072
v -0.039511 0.011913 0.000060
v -0.038500 0.011825 0.000128
v -0.038278 0.012087 0.000141
v -0.039682 0.011738 0.000034
v -0.039036 0.011606 0.000090
v -0.039967 0.011388 -0.000046
v -0.039634 0.011475 0.000028
v -0.039830 0.011563 -0.000004
v -0.039967 0.011388 -0.000046
v -0.039481 0.011388 0.000044
v -0.039967 0.011388 -0.000046
v -0.039830 0.011213 -0.000005
v -0.039634 0.011301 0.000027
v -0.038500 0.009551 0.000115
v -0.039511 0.009464 0.000047
v -0.037277 0.009589 0.000200
v -0.037770 0.009971 0.000158
v -0.039036 0.009770 0.000080
v -0.039682 0.009639 0.000022
v -0.036157 0.009530 0.000320
v -0.036145 0.009836 0.000330
v -0.036157 0.010191 0.000324
v -0.037277 0.010323 0.000204
v -0.039511 0.010513 0.000053
v -0.038500 0.010426 0.000120
v -0.039682 0.010339 0.000026
v -0.039036 0.010207 0.000083
v -0.039967 0.009989 -0.000054
v -0.039634 0.010076 0.000021
v -0.039830 0.010164 -0.000011
v -0.039967 0.009989 -0.000054
v -0.039481 0.009989 0.000036
v -0.039967 0.009989 -0.000054
v -0.039830 0.009814 -0.000013
v -0.039634 0.009901 0.000020
v -0.036170 0.013638 0.000334
v -0.036157 0.013368 0.000341
v -0.037176 0.013524 0.000230
v -0.037277 0.013216 0.000221
v -0.037760 0.012817 0.000175
v -0.036074 0.013062 0.000361
v -0.039398 0.013487 0.000079
v -0.039511 0.013312 0.000068
v -0.038500 0.013224 0.000135
v -0.038278 0.013486 0.000149
v -0.039682 0.013137 0.000041
v -0.039036 0.013005 0.000098
v -0.039967 0.012788 -0.000038
v -0.039634 0.012875 0.000036
v -0.039830 0.012962 0.000004
v -0.039967 0.012788 -0.000038
v -0.039480 0.012787 0.000052
v -0.039967 0.012788 -0.000038
v -0.039830 0.012612 0.000002
v -0.039634 0.012700 0.000035
v -0.039682 0.012437 0.000037
v -0.039036 0.012568 0.000096
v -0.038500 0.012349 0.000131
v -0.039511 0.012262 0.000062
v -0.037206 0.012458 0.000230
v -0.035875 0.012610 0.000391
v -0.036157 0.014641 0.000348
v -0.037277 0.014584 0.000228
v -0.037770 0.014202 0.000181
v -0.036145 0.014335 0.000355
v -0.039511 0.014711 0.000076
v -0.038500 0.014623 0.000143
v -0.039682 0.014536 0.000049
v -0.039036 0.014405 0.000106
v -0.039967 0.014187 -0.000030
v -0.039634 0.014274 0.000044
v -0.039830 0.014361 0.000012
v -0.039967 0.014187 -0.000030
v -0.039480 0.014186 0.000060
v -0.039967 0.014187 -0.000030
v -0.039830 0.014012 0.000010
v -0.039634 0.014099 0.000043
v -0.039682 0.013837 0.000045
v -0.039036 0.013967 0.000103
v -0.038500 0.013748 0.000138
v -0.039511 0.013661 0.000070
v -0.037277 0.013850 0.000224
v -0.036157 0.013980 0.000345
v -0.039398 0.017684 0.000103
v -0.038278 0.017683 0.000172
v -0.038500 0.017946 0.000162
v -0.039511 0.017859 0.000093
v -0.037175 0.017645 0.000253
v -0.037276 0.017953 0.000247
v -0.037759 0.018352 0.000206
v -0.039036 0.018165 0.000127
v -0.039682 0.018034 0.000069
v -0.036157 0.017799 0.000366
v -0.036169 0.017529 0.000356
v -0.036074 0.018105 0.000389
v -0.035746 0.019081 0.000445
v -0.035875 0.018556 0.000424
v -0.037069 0.019082 0.000281
v -0.037206 0.018710 0.000265
v -0.039398 0.019083 0.000110
v -0.039511 0.018908 0.000099
v -0.038499 0.018820 0.000167
v -0.038278 0.019083 0.000180
v -0.039682 0.018733 0.000072
v -0.039036 0.018602 0.000129
v -0.039967 0.018384 -0.000007
v -0.039634 0.018471 0.000067
v -0.039830 0.018559 0.000035
v -0.039967 0.018384 -0.000007
v -0.039480 0.018384 0.000083
v -0.039967 0.018384 -0.000007
v -0.039830 0.018209 0.000033
v -0.039634 0.018296 0.000066
v -0.038500 0.016547 0.000154
v -0.039511 0.016460 0.000086
v -0.037276 0.016585 0.000239
v -0.037770 0.016967 0.000197
v -0.039036 0.016766 0.000119
v -0.039682 0.016635 0.000061
v -0.036157 0.016526 0.000359
v -0.036144 0.016832 0.000369
v -0.036157 0.017187 0.000362
v -0.037276 0.017319 0.000243
v -0.039511 0.017509 0.000091
v -0.038500 0.017421 0.000159
v -0.039682 0.017334 0.000065
v -0.039036 0.017203 0.000121
v -0.039967 0.016985 -0.000015
v -0.039634 0.017072 0.000060
v -0.039830 0.017160 0.000028
v -0.039967 0.016985 -0.000015
v -0.039480 0.016984 0.000075
v -0.039967 0.016985 -0.000015
v -0.039830 0.016810 0.000026
v -0.039634 0.016897 0.000059
v -0.036169 0.020634 0.000373
v -0.036157 0.020364 0.000380
v -0.037175 0.020520 0.000269
v -0.037276 0.020212 0.000259
v -0.037759 0.019813 0.000214
v -0.036074 0.020058 0.000400
v -0.039398 0.020482 0.000118
v -0.039511 0.020307 0.000107
v -0.038499 0.020219 0.000174
v -0.038278 0.020482 0.000188
v -0.039682 0.020133 0.000080
v -0.039036 0.020001 0.000137
v -0.039967 0.019783 0.000001
v -0.039634 0.019870 0.000075
v -0.039830 0.019958 0.000043
v -0.039967 0.019783 0.000001
v -0.039480 0.019783 0.000091
v -0.039967 0.019783 0.000001
v -0.039830 0.019608 0.000041
v -0.039634 0.019695 0.000074
v -0.039682 0.019433 0.000076
v -0.039036 0.019564 0.000135
v -0.038499 0.019345 0.000169
v -0.039511 0.019258 0.000101
v -0.037206 0.019454 0.000269
v -0.035875 0.019606 0.000429
v -0.036157 0.021637 0.000387
v -0.037276 0.021579 0.000267
v -0.037769 0.021198 0.000220
v -0.036144 0.021331 0.000394
v -0.039511 0.021706 0.000115
v -0.038499 0.021619 0.000182
v -0.039682 0.021532 0.000088
v -0.039036 0.021400 0.000145
v -0.039967 0.021182 0.000009
v -0.039634 0.021269 0.000083
v -0.039830 0.021357 0.000051
v -0.039967 0.021182 0.000009
v -0.039480 0.021182 0.000099
v -0.039967 0.021182 0.000009
v -0.039830 0.021007 0.000049
v -0.039634 0.021095 0.000082
v -0.039682 0.020832 0.000084
v -0.039036 0.020963 0.000142
v -0.038499 0.020744 0.000177
v -0.039511 0.020657 0.000109
v -0.037276 0.020846 0.000263
v -0.036157 0.020976 0.000384
v -0.039398 0.024680 0.000142
v -0.038277 0.024679 0.000211
v -0.038499 0.024942 0.000201
v -0.039511 0.024855 0.000132
v -0.037175 0.024640 0.000292
v -0.037276 0.024948 0.000286
v -0.037759 0.025343 0.000245
v -0.039036 0.025160 0.000166
v -0.039682 0.025030 0.000107
v -0.036156 0.024795 0.000405
v -0.036169 0.024525 0.000395
v -0.036073 0.025084 0.000428
v -0.035746 0.025916 0.000483
v -0.035874 0.025488 0.000462
v -0.037069 0.025970 0.000319
v -0.037205 0.025663 0.000303
v -0.039439 0.026030 0.000149
v -0.039514 0.025884 0.000138
v -0.038503 0.025787 0.000205
v -0.038306 0.026005 0.000218
v -0.039682 0.025724 0.000111
v -0.039036 0.025590 0.000168
v -0.039967 0.025380 0.000032
v -0.039633 0.025467 0.000106
v -0.039830 0.025554 0.000074
v -0.039967 0.025380 0.000032
v -0.039480 0.025379 0.000122
v -0.039967 0.025380 0.000032
v -0.039830 0.025205 0.000072
v -0.039633 0.025292 0.000105
v -0.038499 0.023542 0.000193
v -0.039511 0.023455 0.000124
v -0.037276 0.023581 0.000278
v -0.037769 0.023963 0.000235
v -0.039036 0.023761 0.000158
v -0.039682 0.023630 0.000100
v -0.036157 0.023522 0.000398
v -0.036144 0.023828 0.000408
v -0.036156 0.024182 0.000401
v -0.037276 0.024314 0.000282
v -0.039511 0.024505 0.000130
v -0.038499 0.024417 0.000198
v -0.039682 0.024330 0.000104
v -0.039036 0.024199 0.000160
v -0.039967 0.023981 0.000024
v -0.039633 0.024068 0.000098
v -0.039830 0.024155 0.000067
v -0.039967 0.023981 0.000024
v -0.039480 0.023980 0.000114
v -0.039967 0.023981 0.000024
v -0.039830 0.023806 0.000065
v -0.039633 0.023893 0.000097
v -0.036169 0.026902 0.000408
v -0.036156 0.026750 0.000415
v -0.037175 0.026858 0.000304
v -0.037276 0.026689 0.000295
v -0.037760 0.026470 0.000251
v -0.036073 0.026564 0.000436
v -0.039448 0.026850 0.000154
v -0.039533 0.026753 0.000143
v -0.038511 0.026703 0.000210
v -0.038317 0.026846 0.000223
v -0.039687 0.026658 0.000117
v -0.039036 0.026584 0.000174
v -0.039967 0.026468 0.000038
v -0.039635 0.026514 0.000112
v -0.039830 0.026563 0.000080
v -0.039967 0.026468 0.000038
v -0.039486 0.026465 0.000128
v -0.039967 0.026468 0.000038
v -0.039830 0.026370 0.000079
v -0.039635 0.026417 0.000112
v -0.039686 0.026268 0.000114
v -0.039036 0.026336 0.000172
v -0.039967 0.026468 0.000038
v -0.039635 0.026417 0.000112
v -0.039486 0.026465 0.000128
v -0.038509 0.026193 0.000208
v -0.039531 0.026156 0.000139
v -0.037205 0.026233 0.000306
v -0.035874 0.026281 0.000466
v -0.036156 0.027443 0.000419
v -0.037276 0.027437 0.000300
v -0.037771 0.027234 0.000254
v -0.036144 0.027272 0.000427
v -0.039534 0.027525 0.000147
v -0.038512 0.027471 0.000215
v -0.039687 0.027431 0.000121
v -0.039036 0.027354 0.000178
v -0.039967 0.027244 0.000042
v -0.039635 0.027287 0.000116
v -0.039830 0.027337 0.000084
v -0.039967 0.027244 0.000042
v -0.039486 0.027237 0.000132
v -0.039967 0.027244 0.000042
v -0.039830 0.027145 0.000083
v -0.039635 0.027190 0.000116
v -0.039686 0.027046 0.000119
v -0.039036 0.027114 0.000177
v -0.038511 0.026991 0.000212
v -0.039533 0.026948 0.000144
v -0.037276 0.027036 0.000297
v -0.036156 0.027084 0.000417
v -0.039450 0.029164 0.000167
v -0.038320 0.029150 0.000236
v -0.038509 0.029297 0.000225
v -0.039532 0.029263 0.000157
v -0.037175 0.029111 0.000316
v -0.037276 0.029281 0.000310
v -0.037707 0.029501 0.000269
v -0.039036 0.029424 0.000189
v -0.039686 0.029365 0.000132
v -0.036156 0.029164 0.000429
v -0.036169 0.029021 0.000420
v -0.036041 0.029297 0.000452
v -0.035425 0.029603 0.000506
v -0.035746 0.029457 0.000485
v -0.036640 0.029736 0.000350
v -0.036989 0.029624 0.000331
v -0.038008 0.029804 0.000218
v -0.038524 0.029766 0.000190
v -0.037853 0.029714 0.000241
v -0.037465 0.029794 0.000261
v -0.039172 0.029705 0.000148
v -0.038667 0.029639 0.000197
v -0.039967 0.029574 0.000052
v -0.039967 0.029573 0.000054
v -0.039546 0.029597 0.000131
v -0.039685 0.029640 0.000101
v -0.039967 0.029573 0.000055
v -0.039461 0.029552 0.000146
v -0.039546 0.029597 0.000131
v -0.039967 0.029573 0.000054
v -0.039461 0.029552 0.000146
v -0.039967 0.029573 0.000055
v -0.039830 0.029469 0.000096
v -0.039635 0.029510 0.000129
v -0.039967 0.029573 0.000055
v -0.039967 0.029573 0.000055
v -0.038510 0.028528 0.000221
v -0.039532 0.028491 0.000152
v -0.037276 0.028532 0.000306
v -0.037771 0.028750 0.000262
v -0.039036 0.028654 0.000185
v -0.039686 0.028592 0.000127
v -0.036156 0.028471 0.000425
v -0.036144 0.028633 0.000434
v -0.036156 0.028830 0.000427
v -0.037276 0.028933 0.000308
v -0.039534 0.029069 0.000156
v -0.038513 0.029008 0.000223
v -0.039687 0.028977 0.000129
v -0.039036 0.028894 0.000186
v -0.039967 0.028797 0.000051
v -0.039635 0.028833 0.000125
v -0.039830 0.028886 0.000093
v -0.039967 0.028797 0.000051
v -0.039486 0.028782 0.000141
v -0.039635 0.028833 0.000125
v -0.039486 0.028782 0.000141
v -0.039967 0.028797 0.000051
v -0.039830 0.028694 0.000092
v -0.039635 0.028737 0.000124
v -0.039967 0.028797 0.000051
v -0.038799 0.001303 -0.000011
v -0.038091 0.001261 0.000041
v -0.039340 0.001373 -0.000054
v -0.039272 0.001298 -0.000112
v -0.038760 0.001261 -0.000034
v -0.038063 0.001227 0.000021
v -0.039967 0.001598 -0.000106
v -0.039732 0.001477 -0.000083
v -0.039967 0.001598 -0.000110
v -0.039739 0.001462 -0.000111
v -0.039739 0.001462 -0.000111
v -0.039732 0.001477 -0.000083
v -0.039967 0.001598 -0.000106
v -0.039732 0.001477 -0.000138
v -0.039967 0.001598 -0.000113
v -0.039340 0.001373 -0.000169
v -0.039272 0.001298 -0.000112
v -0.039739 0.001462 -0.000111
v -0.039967 0.001598 -0.000110
v -0.038091 0.001263 -0.000265
v -0.038799 0.001304 -0.000213
v -0.038063 0.001229 -0.000246
v -0.038760 0.001262 -0.000191
v -0.037597 0.001203 -0.000245
v -0.037849 0.001210 -0.000223
v -0.038446 0.001232 -0.000198
v -0.037848 0.001210 -0.000242
v -0.038064 0.001208 -0.000202
v -0.038752 0.001237 -0.000165
v -0.038034 0.001123 -0.000184
v -0.038652 0.001144 -0.000149
v -0.038764 0.001205 -0.000152
v -0.038093 0.001179 -0.000192
v -0.038859 0.001156 -0.000113
v -0.038992 0.001219 -0.000112
v -0.038034 0.001122 -0.000042
v -0.038093 0.001178 -0.000034
v -0.038764 0.001204 -0.000073
v -0.038651 0.001144 -0.000077
v -0.038064 0.001207 -0.000023
v -0.038752 0.001236 -0.000060
v -0.038992 0.001219 -0.000112
v -0.038859 0.001156 -0.000113
v -0.037597 0.001201 0.000019
v -0.037848 0.001209 0.000017
v -0.038446 0.001231 -0.000027
v -0.037849 0.001209 -0.000002
v -0.038446 0.001231 -0.000027
v -0.037848 0.001209 0.000017
v -0.038064 0.001207 -0.000023
v -0.037849 0.001209 -0.000002
v -0.037186 0.001192 0.000028
v -0.037129 0.001190 0.000045
v -0.038064 0.001207 -0.000023
v -0.037268 0.001186 0.000014
v -0.036326 0.001188 0.000061
v -0.036306 0.001198 0.000077
v -0.036292 0.001200 0.000098
v -0.037268 0.001105 -0.000008
v -0.037284 0.001159 0.000004
v -0.036323 0.001107 0.000028
v -0.036329 0.001160 0.000047
v -0.037284 0.001159 0.000004
v -0.036329 0.001160 0.000047
v -0.038093 0.001178 -0.000034
v -0.033573 0.001275 0.000120
v -0.033577 0.001344 0.000170
v -0.035103 0.001197 0.000100
v -0.035099 0.001140 0.000070
v -0.033579 0.001390 0.000222
v -0.035104 0.001229 0.000128
v -0.036326 0.001188 0.000061
v -0.033580 0.001448 0.000346
v -0.035105 0.001256 0.000194
v -0.035105 0.001246 0.000157
v -0.033580 0.001422 0.000279
v -0.036292 0.001200 0.000098
v -0.036306 0.001198 0.000077
v -0.036306 0.001198 0.000077
v -0.035105 0.001246 0.000157
v -0.031701 0.001892 0.000450
v -0.031701 0.001950 0.000564
v -0.031700 0.001832 0.000350
v -0.029517 0.002444 0.000492
v -0.029518 0.002513 0.000643
v -0.029518 0.002601 0.000813
v -0.031692 0.001672 0.000180
v -0.031697 0.001762 0.000261
v -0.029509 0.002276 0.000241
v -0.029515 0.002367 0.000358
v -0.033579 0.001390 0.000222
v -0.033577 0.001344 0.000170
v -0.031697 0.001762 0.000261
v -0.031700 0.001832 0.000350
v -0.024523 0.002966 0.000338
v -0.024528 0.003082 0.000521
v -0.027099 0.002854 0.000449
v -0.027093 0.002749 0.000296
v -0.024530 0.003192 0.000739
v -0.027101 0.002947 0.000628
v -0.024531 0.003420 0.001261
v -0.027102 0.003135 0.001056
v -0.027102 0.003038 0.000830
v -0.024531 0.003301 0.000987
v -0.021888 0.003508 0.001095
v -0.021888 0.003640 0.001405
v -0.021888 0.003387 0.000814
v -0.019217 0.003542 0.000858
v -0.019217 0.003669 0.001163
v -0.019217 0.003807 0.001497
v -0.021883 0.003144 0.000361
v -0.021886 0.003268 0.000567
v -0.019214 0.003292 0.000371
v -0.019216 0.003419 0.000591
v -0.013937 0.003514 0.000365
v -0.013937 0.003641 0.000600
v -0.016556 0.003541 0.000600
v -0.016556 0.003414 0.000371
v -0.013937 0.003765 0.000886
v -0.016556 0.003666 0.000880
v -0.013937 0.004035 0.001571
v -0.016556 0.003936 0.001548
v -0.016556 0.003795 0.001199
v -0.013937 0.003895 0.001213
v -0.011381 0.003976 0.001217
v -0.011381 0.004116 0.001579
v -0.011381 0.003847 0.000885
v -0.008885 0.003901 0.000881
v -0.008884 0.004031 0.001215
v -0.008884 0.004171 0.001579
v -0.011383 0.003596 0.000358
v -0.011382 0.003722 0.000595
v -0.008886 0.003650 0.000351
v -0.008885 0.003776 0.000589
v -0.004003 0.003667 0.000344
v -0.004003 0.003793 0.000583
v -0.006435 0.003795 0.000584
v -0.006436 0.003669 0.000346
v -0.004002 0.003918 0.000878
v -0.006435 0.003920 0.000878
v -0.004002 0.004189 0.001584
v -0.006434 0.004190 0.001580
v -0.006434 0.004050 0.001214
v -0.004002 0.004049 0.001216
v -0.001570 0.004048 0.001224
v -0.001570 0.004189 0.001595
v -0.001570 0.003917 0.000883
v 0.000862 0.003917 0.000886
v 0.000862 0.004048 0.001229
v 0.000863 0.004188 0.001602
v -0.001571 0.003666 0.000344
v -0.001570 0.003792 0.000585
v 0.000862 0.003665 0.000345
v 0.000862 0.003792 0.000587
v 0.005727 0.003667 0.000341
v 0.005727 0.003793 0.000580
v 0.003294 0.003792 0.000584
v 0.003294 0.003666 0.000343
v 0.005727 0.003918 0.000876
v 0.003295 0.003917 0.000882
v 0.005727 0.004189 0.001582
v 0.003295 0.004188 0.001593
v 0.003295 0.004048 0.001222
v 0.005727 0.004048 0.001214
v 0.008159 0.004049 0.001210
v 0.008160 0.004189 0.001576
v 0.008159 0.003919 0.000874
v 0.010609 0.003900 0.000875
v 0.010609 0.004030 0.001210
v 0.010609 0.004170 0.001574
v 0.008160 0.003668 0.000343
v 0.008159 0.003794 0.000581
v 0.010610 0.003649 0.000346
v 0.010609 0.003775 0.000583
v 0.008159 0.003794 0.000581
v 0.010609 0.003775 0.000583
v 0.015661 0.003512 0.000356
v 0.015661 0.003639 0.000591
v 0.013106 0.003721 0.000588
v 0.013106 0.003594 0.000351
v 0.015661 0.003764 0.000877
v 0.013106 0.003845 0.000878
v 0.010610 0.003649 0.000346
v 0.015662 0.004034 0.001562
v 0.013106 0.004115 0.001572
v 0.013106 0.003975 0.001210
v 0.015661 0.003893 0.001205
v 0.018281 0.003793 0.001188
v 0.018281 0.003934 0.001537
v 0.018281 0.003664 0.000869
v 0.020929 0.003541 0.000845
v 0.020929 0.003668 0.001149
v 0.020929 0.003806 0.001483
v 0.018279 0.003412 0.000360
v 0.018279 0.003412 0.000360
v 0.018280 0.003539 0.000589
v 0.020925 0.003290 0.000357
v 0.020927 0.003417 0.000578
v 0.026119 0.002968 0.000318
v 0.026124 0.003085 0.000502
v 0.023559 0.003268 0.000551
v 0.023555 0.003144 0.000345
v 0.026126 0.003194 0.000719
v 0.023561 0.003386 0.000797
v 0.026128 0.003422 0.001239
v 0.023562 0.003639 0.001388
v 0.023562 0.003508 0.001079
v 0.026127 0.003304 0.000966
v 0.028571 0.003044 0.000806
v 0.028571 0.003141 0.001030
v 0.028570 0.002953 0.000604
v 0.030827 0.002479 0.000466
v 0.030828 0.002548 0.000616
v 0.030828 0.002620 0.000785
v 0.028561 0.002755 0.000274
v 0.028567 0.002859 0.000426
v 0.030818 0.002312 0.000216
v 0.030824 0.002403 0.000333
v 0.034555 0.001314 0.000092
v 0.034560 0.001384 0.000143
v 0.032838 0.001807 0.000234
v 0.032832 0.001720 0.000153
v 0.034562 0.001431 0.000195
v 0.032841 0.001877 0.000323
v 0.034563 0.001491 0.000319
v 0.032842 0.001994 0.000536
v 0.032842 0.001936 0.000423
v 0.034563 0.001463 0.000251
v 0.035953 0.001244 0.000130
v 0.035953 0.001254 0.000167
v 0.035952 0.001227 0.000101
v 0.037046 0.001184 0.000034
v 0.037028 0.001194 0.000051
v 0.037015 0.001196 0.000072
v 0.035946 0.001137 0.000042
v 0.035950 0.001194 0.000073
v 0.037042 0.001103 0.000001
v 0.037048 0.001156 0.000020
v 0.038599 0.001117 -0.000070
v 0.038660 0.001173 -0.000061
v 0.037896 0.001154 -0.000023
v 0.037881 0.001101 -0.000035
v 0.038639 0.001202 -0.000050
v 0.037884 0.001181 -0.000013
v 0.038193 0.001197 -0.000007
v 0.037760 0.001185 0.000019
v 0.037811 0.001187 0.000002
v 0.037811 0.001187 0.000002
v 0.038440 0.001204 -0.000028
v 0.037811 0.001187 0.000002
v 0.037811 0.001187 0.000002
v 0.037028 0.001194 0.000051
v 0.040185 0.001472 -0.000117
v 0.040416 0.001594 -0.000142
v 0.039814 0.001368 -0.000085
v 0.039732 0.001293 -0.000143
v 0.039732 0.001293 -0.000143
v 0.040189 0.001457 -0.000142
v 0.040416 0.001594 -0.000142
v 0.038682 0.001256 0.000014
v 0.039319 0.001299 -0.000039
v 0.038644 0.001223 -0.000005
v 0.039271 0.001256 -0.000062
v 0.038985 0.001226 -0.000054
v 0.038440 0.001204 -0.000009
v 0.039255 0.001232 -0.000088
v 0.039732 0.001293 -0.000143
v 0.039732 0.001293 -0.000143
v 0.039271 0.001256 -0.000062
v 0.038985 0.001226 -0.000054
v 0.039255 0.001232 -0.000088
v 0.039147 0.001139 -0.000106
v 0.039258 0.001200 -0.000102
v 0.039331 0.001152 -0.000144
v 0.039462 0.001215 -0.000143
v 0.038599 0.001118 -0.000218
v 0.038660 0.001174 -0.000226
v 0.039258 0.001200 -0.000185
v 0.039147 0.001140 -0.000181
v 0.038639 0.001203 -0.000236
v 0.039255 0.001232 -0.000198
v 0.039462 0.001215 -0.000143
v 0.039331 0.001152 -0.000144
v 0.038193 0.001199 -0.000280
v 0.038440 0.001206 -0.000277
v 0.038985 0.001227 -0.000233
v 0.038440 0.001206 -0.000258
v 0.038644 0.001225 -0.000282
v 0.039270 0.001257 -0.000225
v 0.039319 0.001300 -0.000247
v 0.038682 0.001258 -0.000300
v 0.039814 0.001369 -0.000201
v 0.040185 0.001473 -0.000168
v 0.040416 0.001594 -0.000142
v 0.040189 0.001457 -0.000142
v 0.040416 0.001594 -0.000142
v 0.040289 0.029598 0.000039
v 0.040236 0.029642 0.000041
v 0.040315 0.029569 0.000039
v 0.040359 0.029573 0.000014
v 0.040327 0.029600 0.000014
v 0.040327 0.029600 0.000014
v 0.040327 0.029600 0.000014
v 0.040262 0.029647 0.000014
v 0.040262 0.029647 0.000014
v 0.040236 0.029642 0.000041
v 0.040289 0.029598 0.000039
v 0.040382 0.029543 0.000025
v 0.040347 0.029553 0.000033
v 0.040399 0.029556 0.000014
v 0.040382 0.029561 0.000014
v 0.040359 0.029573 0.000014
v 0.040347 0.029553 -0.000006
v 0.040382 0.029543 0.000002
v 0.040315 0.029570 -0.000012
v 0.040347 0.029553 -0.000006
v 0.040315 0.029570 -0.000012
v 0.040399 0.029556 0.000014
v 0.040382 0.029561 0.000014
v 0.040236 0.029642 -0.000013
v 0.040289 0.029599 -0.000011
v 0.040262 0.029647 0.000014
v 0.040327 0.029600 0.000014
v 0.040289 0.029599 -0.000011
v 0.039423 0.029811 0.000119
v 0.038786 0.029839 0.000173
v 0.039837 0.029764 0.000076
v 0.039804 0.029829 0.000016
v 0.039380 0.029852 0.000097
v 0.038748 0.029871 0.000155
v 0.040105 0.029702 0.000052
v 0.040127 0.029718 0.000015
v 0.040105 0.029703 -0.000022
v 0.039837 0.029765 -0.000046
v 0.039804 0.029829 0.000016
v 0.040127 0.029718 0.000015
v 0.040236 0.029642 -0.000013
v 0.040105 0.029703 -0.000022
v 0.038785 0.029841 -0.000141
v 0.039423 0.029812 -0.000088
v 0.038748 0.029873 -0.000122
v 0.039380 0.029852 -0.000066
v 0.038254 0.029889 -0.000120
v 0.038532 0.029887 -0.000099
v 0.039100 0.029876 -0.000073
v 0.038531 0.029887 -0.000118
v 0.038744 0.029893 -0.000077
v 0.039367 0.029876 -0.000039
v 0.038698 0.029977 -0.000057
v 0.039262 0.029966 -0.000021
v 0.039371 0.029908 -0.000025
v 0.038766 0.029922 -0.000066
v 0.039443 0.029958 0.000016
v 0.039567 0.029898 0.000016
v 0.038698 0.029976 0.000091
v 0.038766 0.029921 0.000098
v 0.039371 0.029908 0.000058
v 0.039262 0.029966 0.000054
v 0.038744 0.029892 0.000109
v 0.039367 0.029876 0.000071
v 0.039567 0.029898 0.000016
v 0.039443 0.029958 0.000016
v 0.038254 0.029887 0.000153
v 0.038531 0.029885 0.000150
v 0.039100 0.029875 0.000105
v 0.038532 0.029886 0.000131
v 0.038531 0.029885 0.000150
v 0.037814 0.029886 0.000162
v 0.037762 0.029887 0.000178
v 0.037886 0.029895 0.000147
v 0.037048 0.029871 0.000194
v 0.037030 0.029861 0.000210
v 0.037017 0.029858 0.000231
v 0.037878 0.029975 0.000125
v 0.037897 0.029922 0.000137
v 0.037039 0.029952 0.000161
v 0.037048 0.029899 0.000179
v 0.034553 0.029701 0.000249
v 0.034560 0.029630 0.000300
v 0.035951 0.029840 0.000232
v 0.035944 0.029898 0.000202
v 0.034564 0.029583 0.000350
v 0.035954 0.029807 0.000259
v 0.034565 0.029522 0.000474
v 0.035955 0.029780 0.000325
v 0.035955 0.029790 0.000288
v 0.034565 0.029550 0.000407
v 0.032844 0.029067 0.000574
v 0.032844 0.029008 0.000687
v 0.032843 0.029128 0.000475
v 0.030829 0.028525 0.000612
v 0.030830 0.028454 0.000762
v 0.030830 0.028378 0.000930
v 0.032831 0.029288 0.000306
v 0.032839 0.029198 0.000387
v 0.030818 0.028695 0.000364
v 0.030825 0.028603 0.000480
v 0.026120 0.028038 0.000452
v 0.026125 0.027919 0.000634
v 0.028568 0.028145 0.000566
v 0.028561 0.028251 0.000415
v 0.026128 0.027807 0.000850
v 0.028571 0.028049 0.000743
v 0.028571 0.028049 0.000743
v 0.026129 0.027573 0.001368
v 0.028573 0.027857 0.001167
v 0.028572 0.027956 0.000944
v 0.026129 0.027695 0.001097
v 0.028572 0.027956 0.000944
v 0.026129 0.027573 0.001368
v 0.023564 0.027490 0.001201
v 0.023564 0.027354 0.001509
v 0.023563 0.027614 0.000921
v 0.023564 0.027490 0.001201
v 0.020930 0.027460 0.000961
v 0.020931 0.027329 0.001265
v 0.020931 0.027186 0.001597
v 0.023557 0.027862 0.000471
v 0.023561 0.027736 0.000676
v 0.020927 0.027716 0.000476
v 0.020929 0.027586 0.000696
v 0.015662 0.027495 0.000462
v 0.015663 0.027365 0.000695
v 0.018282 0.027465 0.000700
v 0.018280 0.027595 0.000472
v 0.015663 0.027236 0.000980
v 0.018282 0.027336 0.000978
v 0.015663 0.026957 0.001663
v 0.018283 0.027058 0.001644
v 0.018283 0.027203 0.001296
v 0.015663 0.027102 0.001307
v 0.018282 0.027336 0.000978
v 0.013107 0.027020 0.001306
v 0.013108 0.026875 0.001667
v 0.013107 0.027155 0.000975
v 0.010611 0.027100 0.000969
v 0.010611 0.026965 0.001302
v 0.010611 0.026820 0.001664
v 0.013108 0.027414 0.000451
v 0.013107 0.027284 0.000686
v 0.010611 0.027359 0.000441
v 0.010611 0.027230 0.000678
v 0.010611 0.027100 0.000969
v 0.013107 0.027155 0.000975
v 0.005729 0.027342 0.000431
v 0.005728 0.027212 0.000669
v 0.008161 0.027211 0.000672
v 0.008161 0.027340 0.000434
v 0.005728 0.027082 0.000964
v 0.008161 0.027081 0.000964
v 0.005729 0.026800 0.001667
v 0.008161 0.026800 0.001664
v 0.008161 0.026946 0.001299
v 0.005729 0.026946 0.001301
v 0.003296 0.026947 0.001309
v 0.003297 0.026800 0.001678
v 0.003296 0.027083 0.000969
v 0.000864 0.027083 0.000974
v 0.000864 0.026947 0.001315
v 0.000864 0.026800 0.001687
v 0.003296 0.027343 0.000432
v 0.003296 0.027213 0.000672
v 0.000863 0.027344 0.000434
v 0.000864 0.027214 0.000675
v -0.004002 0.027343 0.000434
v -0.004001 0.027213 0.000672
v -0.001569 0.027213 0.000673
v -0.001569 0.027343 0.000433
v -0.004001 0.027083 0.000966
v -0.001568 0.027083 0.000970
v -0.004000 0.026800 0.001670
v -0.001568 0.026800 0.001680
v -0.001568 0.026947 0.001310
v -0.004000 0.026947 0.001303
v -0.006433 0.026947 0.001303
v -0.006433 0.026800 0.001667
v -0.006433 0.027082 0.000968
v -0.008883 0.027101 0.000974
v -0.008883 0.026967 0.001307
v -0.008882 0.026821 0.001670
v -0.006434 0.027341 0.000438
v -0.006434 0.027211 0.000675
v -0.008884 0.027360 0.000447
v -0.008884 0.027231 0.000683
v -0.013936 0.027497 0.000470
v -0.013935 0.027367 0.000704
v -0.011380 0.027285 0.000693
v -0.011381 0.027415 0.000458
v -0.013935 0.027238 0.000989
v -0.011380 0.027156 0.000982
v -0.013935 0.026959 0.001672
v -0.011379 0.026876 0.001674
v -0.011379 0.027022 0.001313
v -0.013935 0.027104 0.001315
v -0.016555 0.027204 0.001307
v -0.016554 0.027059 0.001655
v -0.016555 0.027338 0.000989
v -0.019215 0.027462 0.000975
v -0.019216 0.027332 0.001278
v -0.019215 0.027189 0.001611
v -0.016554 0.027597 0.000482
v -0.016554 0.027466 0.000711
v -0.019213 0.027719 0.000490
v -0.019215 0.027589 0.000709
v -0.024521 0.028046 0.000472
v -0.024526 0.027927 0.000654
v -0.021884 0.027740 0.000692
v -0.021881 0.027867 0.000488
v -0.024528 0.027815 0.000871
v -0.021886 0.027619 0.000938
v -0.024529 0.027580 0.001390
v -0.021887 0.027359 0.001526
v -0.021886 0.027494 0.001218
v -0.024529 0.027702 0.001118
v -0.027100 0.027968 0.000969
v -0.027100 0.027868 0.001193
v -0.027099 0.028061 0.000767
v -0.029515 0.028567 0.000639
v -0.029517 0.028495 0.000789
v -0.029517 0.028401 0.000958
v -0.027091 0.028262 0.000438
v -0.027096 0.028156 0.000590
v -0.029506 0.028737 0.000390
v -0.029512 0.028644 0.000506
v -0.033568 0.029748 0.000277
v -0.033574 0.029679 0.000327
v -0.031694 0.029247 0.000414
v -0.031688 0.029338 0.000334
v -0.033577 0.029633 0.000379
v -0.031698 0.029176 0.000503
v -0.033578 0.029573 0.000502
v -0.031699 0.029055 0.000716
v -0.031699 0.029115 0.000602
v -0.033578 0.029600 0.000435
v -0.035103 0.029797 0.000316
v -0.035103 0.029787 0.000353
v -0.035102 0.029814 0.000286
v -0.036324 0.029876 0.000221
v -0.036305 0.029865 0.000237
v -0.036290 0.029862 0.000258
v -0.035094 0.029904 0.000229
v -0.035100 0.029846 0.000259
v -0.036317 0.029957 0.000188
v -0.036326 0.029903 0.000206
v -0.038035 0.029980 0.000119
v -0.038099 0.029926 0.000126
v -0.037280 0.029926 0.000164
v -0.037262 0.029979 0.000152
v -0.038071 0.029896 0.000137
v -0.037267 0.029899 0.000174
v -0.037597 0.029891 0.000179
v -0.037128 0.029891 0.000204
v -0.037185 0.029891 0.000188
v -0.037854 0.029890 0.000158
v -0.039732 0.029675 0.000074
v -0.039967 0.029574 0.000050
v -0.039344 0.029760 0.000104
v -0.039279 0.029832 0.000047
v -0.039739 0.029690 0.000046
v -0.039967 0.029574 0.000046
v -0.038098 0.029844 0.000199
v -0.038806 0.029816 0.000148
v -0.038070 0.029876 0.000181
v -0.038769 0.029856 0.000125
v -0.038456 0.029880 0.000133
v -0.037854 0.029890 0.000176
v -0.038071 0.029896 0.000137
v -0.038761 0.029880 0.000100
v -0.038456 0.029880 0.000133
v -0.037854 0.029890 0.000158
v -0.038761 0.029880 0.000100
v -0.038657 0.029970 0.000083
v -0.038772 0.029912 0.000087
v -0.038865 0.029962 0.000048
v -0.038999 0.029902 0.000047
v -0.038035 0.029981 -0.000024
v -0.038099 0.029927 -0.000032
v -0.038772 0.029913 0.000007
v -0.038657 0.029970 0.000012
v -0.038071 0.029897 -0.000043
v -0.038761 0.029881 -0.000006
v -0.039279 0.029832 0.000047
v -0.038999 0.029902 0.000047
v -0.038865 0.029962 0.000048
v -0.037597 0.029893 -0.000085
v -0.037854 0.029891 -0.000082
v -0.038456 0.029881 -0.000039
v -0.037854 0.029891 -0.000064
v -0.038070 0.029877 -0.000087
v -0.038769 0.029857 -0.000032
v -0.038807 0.029817 -0.000054
v -0.038098 0.029845 -0.000106
v -0.039344 0.029761 -0.000011
v -0.039967 0.029574 0.000042
v -0.039732 0.029675 0.000019
v -0.039967 0.029574 0.000046
v -0.039739 0.029690 0.000046
v 0.037814 0.029888 -0.000161
v 0.037762 0.029889 -0.000145
v 0.037901 0.029877 -0.000177
v 0.037076 0.029843 -0.000259
v 0.037030 0.029858 -0.000228
v 0.037017 0.029861 -0.000198
v 0.037961 0.029846 -0.000196
v 0.037164 0.029806 -0.000284
v 0.034693 0.029374 -0.000665
v 0.036074 0.029696 -0.000433
v 0.034597 0.029448 -0.000605
v 0.035985 0.029747 -0.000393
v 0.034565 0.029527 -0.000443
v 0.035955 0.029783 -0.000293
v 0.035955 0.029772 -0.000343
v 0.034565 0.029496 -0.000525
v 0.037897 0.029923 -0.000104
v 0.037878 0.029976 -0.000091
v 0.037886 0.029896 -0.000114
v 0.037047 0.029873 -0.000161
v 0.037048 0.029901 -0.000146
v 0.037039 0.029954 -0.000127
v 0.037814 0.029888 -0.000129
v 0.037030 0.029863 -0.000177
v 0.034565 0.029555 -0.000375
v 0.035955 0.029793 -0.000256
v 0.034564 0.029587 -0.000319
v 0.035954 0.029810 -0.000226
v 0.034553 0.029703 -0.000216
v 0.035944 0.029900 -0.000168
v 0.035950 0.029843 -0.000198
v 0.034560 0.029634 -0.000267
v 0.034565 0.029490 0.000556
v 0.035955 0.029768 0.000375
v 0.034597 0.029441 0.000635
v 0.035985 0.029743 0.000426
v 0.037077 0.029840 0.000291
v 0.037030 0.029855 0.000261
v 0.036075 0.029691 0.000464
v 0.034694 0.029366 0.000695
v 0.037164 0.029802 0.000316
v 0.037961 0.029844 0.000229
v 0.037901 0.029875 0.000210
v 0.037814 0.029886 0.000194
v 0.037814 0.029886 0.000194
v 0.032843 0.028948 -0.000790
v 0.032843 0.029015 -0.000659
v 0.032891 0.028862 -0.000912
v 0.030887 0.028154 -0.001268
v 0.030829 0.028282 -0.001094
v 0.030829 0.028388 -0.000906
v 0.033033 0.028746 -0.000998
v 0.031059 0.027993 -0.001396
v 0.026215 0.027088 -0.002183
v 0.028746 0.027433 -0.001816
v 0.026150 0.027289 -0.001936
v 0.028615 0.027618 -0.001627
v 0.026128 0.027589 -0.001355
v 0.028571 0.027869 -0.001148
v 0.028571 0.027758 -0.001394
v 0.026128 0.027453 -0.001650
v 0.032839 0.029202 -0.000357
v 0.032831 0.029291 -0.000276
v 0.032842 0.029133 -0.000445
v 0.030828 0.028532 -0.000586
v 0.030825 0.028608 -0.000454
v 0.030817 0.028699 -0.000337
v 0.032843 0.029074 -0.000545
v 0.030829 0.028462 -0.000737
v 0.026128 0.027707 -0.001082
v 0.028572 0.027966 -0.000924
v 0.026127 0.027817 -0.000834
v 0.028570 0.028058 -0.000722
v 0.026119 0.028043 -0.000434
v 0.028561 0.028255 -0.000392
v 0.028567 0.028151 -0.000544
v 0.026125 0.027926 -0.000617
v 0.026130 0.027433 0.001662
v 0.028573 0.027742 0.001411
v 0.026152 0.027267 0.001946
v 0.028617 0.027599 0.001643
v 0.030888 0.028140 0.001290
v 0.030830 0.028270 0.001117
v 0.028748 0.027412 0.001830
v 0.026217 0.027062 0.002191
v 0.031061 0.027978 0.001416
v 0.033034 0.028735 0.001024
v 0.032892 0.028852 0.000939
v 0.032844 0.028939 0.000817
v 0.023562 0.027222 -0.001832
v 0.023562 0.027372 -0.001501
v 0.023571 0.027045 -0.002155
v 0.020931 0.026867 -0.002295
v 0.020929 0.027050 -0.001949
v 0.020929 0.027207 -0.001594
v 0.023597 0.026835 -0.002440
v 0.020938 0.026653 -0.002603
v 0.015660 0.026428 -0.002735
v 0.018281 0.026523 -0.002694
v 0.015661 0.026641 -0.002411
v 0.018280 0.026738 -0.002374
v 0.015661 0.026980 -0.001668
v 0.018281 0.027079 -0.001645
v 0.018281 0.026921 -0.002014
v 0.015661 0.026822 -0.002045
v 0.023560 0.027744 -0.000664
v 0.023556 0.027868 -0.000458
v 0.023562 0.027625 -0.000910
v 0.020929 0.027472 -0.000955
v 0.020928 0.027595 -0.000689
v 0.020926 0.027722 -0.000468
v 0.023562 0.027504 -0.001191
v 0.020930 0.027345 -0.001260
v 0.015661 0.027121 -0.001311
v 0.018281 0.027220 -0.001296
v 0.015662 0.027250 -0.000983
v 0.018281 0.027349 -0.000977
v 0.015662 0.027502 -0.000462
v 0.018280 0.027601 -0.000468
v 0.018281 0.027474 -0.000698
v 0.015662 0.027375 -0.000697
v 0.015663 0.026794 0.002038
v 0.018283 0.026894 0.002012
v 0.015664 0.026607 0.002402
v 0.018283 0.026706 0.002370
v 0.020934 0.026838 0.002295
v 0.020932 0.027025 0.001951
v 0.018284 0.026487 0.002688
v 0.015664 0.026390 0.002725
v 0.020941 0.026620 0.002601
v 0.023600 0.026805 0.002443
v 0.023573 0.027019 0.002160
v 0.023564 0.027200 0.001838
v 0.013105 0.026742 -0.002056
v 0.013105 0.026900 -0.001676
v 0.013105 0.026562 -0.002424
v 0.010608 0.026509 -0.002427
v 0.010608 0.026689 -0.002057
v 0.010609 0.026845 -0.001676
v 0.013105 0.026351 -0.002751
v 0.010608 0.026299 -0.002754
v 0.005726 0.026281 -0.002765
v 0.008158 0.026280 -0.002756
v 0.005726 0.026490 -0.002437
v 0.008158 0.026490 -0.002429
v 0.005727 0.026827 -0.001681
v 0.008159 0.026826 -0.001677
v 0.008159 0.026669 -0.002059
v 0.005726 0.026670 -0.002065
v 0.013106 0.027294 -0.000692
v 0.013107 0.027420 -0.000455
v 0.013106 0.027169 -0.000982
v 0.010609 0.027115 -0.000978
v 0.010610 0.027240 -0.000686
v 0.010611 0.027366 -0.000449
v 0.013106 0.027040 -0.001314
v 0.010609 0.026986 -0.001312
v 0.005727 0.026968 -0.001313
v 0.008159 0.026967 -0.001311
v 0.005727 0.027098 -0.000975
v 0.008159 0.027096 -0.000975
v 0.005728 0.027349 -0.000441
v 0.008161 0.027347 -0.000444
v 0.008160 0.027221 -0.000682
v 0.005728 0.027223 -0.000680
v 0.005729 0.026637 0.002050
v 0.008161 0.026637 0.002045
v 0.005729 0.026451 0.002420
v 0.008162 0.026451 0.002413
v 0.010611 0.026471 0.002412
v 0.010611 0.026657 0.002045
v 0.008162 0.026237 0.002739
v 0.005730 0.026236 0.002747
v 0.010612 0.026257 0.002738
v 0.013108 0.026310 0.002737
v 0.013108 0.026526 0.002412
v 0.013108 0.026712 0.002046
v 0.003294 0.026671 -0.002079
v 0.003294 0.026828 -0.001692
v 0.003294 0.026491 -0.002453
v 0.000861 0.026491 -0.002464
v 0.000862 0.026671 -0.002088
v 0.000862 0.026828 -0.001699
v 0.003293 0.026281 -0.002783
v 0.000861 0.026282 -0.002796
v -0.004003 0.026282 -0.002762
v -0.001571 0.026282 -0.002782
v -0.004003 0.026491 -0.002434
v -0.001571 0.026491 -0.002451
v -0.004003 0.026828 -0.001679
v -0.001570 0.026828 -0.001690
v -0.001571 0.026671 -0.002078
v -0.004003 0.026671 -0.002063
v 0.003295 0.027224 -0.000682
v 0.003295 0.027350 -0.000441
v 0.003295 0.027099 -0.000980
v 0.000862 0.027099 -0.000983
v 0.000863 0.027225 -0.000684
v 0.000863 0.027351 -0.000442
v 0.003294 0.026968 -0.001321
v 0.000862 0.026969 -0.001326
v -0.004002 0.026968 -0.001311
v -0.001570 0.026969 -0.001320
v -0.004002 0.027098 -0.000973
v -0.001570 0.027099 -0.000979
v -0.004002 0.027350 -0.000438
v -0.001570 0.027351 -0.000440
v -0.001570 0.027225 -0.000681
v -0.004002 0.027224 -0.000678
v -0.004000 0.026637 0.002053
v -0.001568 0.026637 0.002066
v -0.004000 0.026451 0.002423
v -0.001567 0.026451 0.002438
v 0.000865 0.026451 0.002449
v 0.000865 0.026637 0.002075
v -0.001567 0.026236 0.002767
v -0.004000 0.026237 0.002749
v 0.000865 0.026236 0.002780
v 0.003297 0.026236 0.002766
v 0.003297 0.026451 0.002437
v 0.003297 0.026637 0.002064
v -0.006435 0.026670 -0.002055
v -0.006435 0.026827 -0.001673
v -0.006435 0.026490 -0.002425
v -0.008885 0.026510 -0.002421
v -0.008885 0.026690 -0.002052
v -0.008885 0.026846 -0.001671
v -0.006436 0.026281 -0.002753
v -0.008885 0.026300 -0.002748
v -0.013938 0.026430 -0.002727
v -0.011382 0.026352 -0.002744
v -0.013937 0.026642 -0.002402
v -0.011382 0.026563 -0.002417
v -0.013937 0.026982 -0.001659
v -0.011381 0.026901 -0.001669
v -0.011382 0.026744 -0.002049
v -0.013937 0.026824 -0.002036
v -0.006435 0.027222 -0.000678
v -0.006435 0.027348 -0.000440
v -0.006434 0.027097 -0.000971
v -0.008884 0.027116 -0.000973
v -0.008884 0.027241 -0.000681
v -0.008885 0.027367 -0.000443
v -0.006435 0.026967 -0.001307
v -0.008884 0.026987 -0.001307
v -0.013937 0.027122 -0.001302
v -0.011381 0.027041 -0.001307
v -0.013936 0.027252 -0.000974
v -0.011381 0.027171 -0.000975
v -0.013936 0.027503 -0.000454
v -0.011381 0.027422 -0.000448
v -0.011381 0.027295 -0.000685
v -0.013936 0.027377 -0.000688
v -0.013935 0.026795 0.002047
v -0.011379 0.026713 0.002053
v -0.013934 0.026608 0.002411
v -0.011379 0.026527 0.002419
v -0.008882 0.026472 0.002418
v -0.008882 0.026658 0.002050
v -0.011379 0.026312 0.002744
v -0.013934 0.026391 0.002734
v -0.008882 0.026258 0.002743
v -0.006432 0.026237 0.002743
v -0.006432 0.026452 0.002417
v -0.006432 0.026637 0.002049
v -0.016557 0.026923 -0.002004
v -0.016556 0.027081 -0.001634
v -0.016557 0.026739 -0.002363
v -0.019220 0.026870 -0.002282
v -0.019218 0.027052 -0.001936
v -0.019217 0.027209 -0.001581
v -0.016557 0.026525 -0.002683
v -0.019228 0.026656 -0.002591
v -0.024626 0.027095 -0.002170
v -0.021927 0.026839 -0.002427
v -0.024555 0.027297 -0.001922
v -0.021898 0.027050 -0.002141
v -0.024530 0.027596 -0.001340
v -0.021888 0.027377 -0.001487
v -0.021888 0.027227 -0.001818
v -0.024531 0.027460 -0.001635
v -0.016555 0.027476 -0.000687
v -0.016554 0.027603 -0.000457
v -0.016556 0.027351 -0.000966
v -0.019216 0.027475 -0.000942
v -0.019215 0.027598 -0.000675
v -0.019213 0.027725 -0.000455
v -0.016556 0.027222 -0.001285
v -0.019217 0.027348 -0.001247
v -0.024530 0.027715 -0.001066
v -0.021888 0.027509 -0.001177
v -0.024529 0.027825 -0.000818
v -0.021887 0.027630 -0.000896
v -0.024522 0.028051 -0.000417
v -0.021881 0.027872 -0.000443
v -0.021885 0.027748 -0.000649
v -0.024527 0.027934 -0.000600
v -0.024529 0.027441 0.001684
v -0.021886 0.027204 0.001856
v -0.024553 0.027274 0.001969
v -0.021896 0.027024 0.002178
v -0.019218 0.026841 0.002309
v -0.019215 0.027028 0.001964
v -0.021924 0.026810 0.002461
v -0.024624 0.027070 0.002215
v -0.019225 0.026623 0.002615
v -0.016554 0.026489 0.002698
v -0.016554 0.026708 0.002380
v -0.016554 0.026896 0.002023
v -0.027101 0.027769 -0.001378
v -0.027101 0.027881 -0.001132
v -0.027149 0.027629 -0.001613
v -0.029580 0.028178 -0.001251
v -0.029517 0.028305 -0.001076
v -0.029517 0.028411 -0.000887
v -0.027293 0.027444 -0.001802
v -0.029768 0.028020 -0.001379
v -0.033717 0.029426 -0.000639
v -0.031905 0.028798 -0.000977
v -0.033613 0.029500 -0.000579
v -0.031751 0.028911 -0.000891
v -0.033579 0.029578 -0.000416
v -0.031699 0.029063 -0.000636
v -0.031700 0.028996 -0.000768
v -0.033579 0.029547 -0.000499
v -0.027097 0.028163 -0.000525
v -0.027091 0.028267 -0.000372
v -0.027100 0.028069 -0.000704
v -0.029516 0.028573 -0.000566
v -0.029513 0.028650 -0.000432
v -0.029506 0.028741 -0.000315
v -0.027101 0.027978 -0.000907
v -0.029517 0.028503 -0.000717
v -0.033579 0.029605 -0.000349
v -0.031699 0.029121 -0.000522
v -0.033578 0.029636 -0.000292
v -0.031698 0.029181 -0.000422
v -0.033568 0.029751 -0.000189
v -0.031688 0.029341 -0.000251
v -0.031695 0.029251 -0.000333
v -0.033574 0.029682 -0.000240
v -0.033578 0.029541 0.000585
v -0.031699 0.028987 0.000847
v -0.033613 0.029494 0.000664
v -0.031750 0.028901 0.000969
v -0.029579 0.028164 0.001321
v -0.029516 0.028293 0.001146
v -0.031904 0.028787 0.001055
v -0.033716 0.029418 0.000724
v -0.029767 0.028004 0.001447
v -0.027291 0.027424 0.001859
v -0.027148 0.027611 0.001671
v -0.027100 0.027754 0.001438
v -0.035104 0.029779 -0.000313
v -0.035104 0.029790 -0.000263
v -0.035136 0.029754 -0.000363
v -0.036355 0.029847 -0.000225
v -0.036305 0.029862 -0.000195
v -0.036290 0.029865 -0.000166
v -0.035232 0.029701 -0.000402
v -0.036448 0.029810 -0.000250
v -0.037333 0.029850 -0.000161
v -0.037280 0.029881 -0.000142
v -0.037128 0.029893 -0.000111
v -0.037185 0.029892 -0.000126
v -0.035100 0.029849 -0.000169
v -0.035094 0.029906 -0.000138
v -0.035103 0.029816 -0.000196
v -0.036324 0.029877 -0.000128
v -0.036326 0.029905 -0.000114
v -0.036317 0.029958 -0.000095
v -0.035104 0.029800 -0.000226
v -0.036305 0.029867 -0.000144
v -0.037185 0.029892 -0.000095
v -0.037267 0.029900 -0.000080
v -0.037262 0.029980 -0.000058
v -0.037281 0.029928 -0.000070
v -0.037185 0.029890 0.000219
v -0.037280 0.029879 0.000235
v -0.036355 0.029844 0.000317
v -0.036305 0.029859 0.000287
v -0.037333 0.029848 0.000254
v -0.036448 0.029807 0.000342
v -0.035232 0.029696 0.000492
v -0.035135 0.029750 0.000453
v -0.035103 0.029775 0.000402
v -0.037187 0.001194 -0.000286
v -0.037129 0.001191 -0.000271
v -0.037281 0.001208 -0.000301
v -0.036356 0.001222 -0.000384
v -0.036306 0.001206 -0.000354
v -0.036292 0.001202 -0.000325
v -0.037334 0.001241 -0.000320
v -0.036449 0.001264 -0.000409
v -0.033719 0.001614 -0.000793
v -0.035234 0.001354 -0.000560
v -0.033615 0.001534 -0.000734
v -0.035137 0.001297 -0.000521
v -0.033581 0.001454 -0.000572
v -0.035105 0.001259 -0.000421
v -0.035105 0.001270 -0.000471
v -0.033581 0.001485 -0.000654
v -0.037284 0.001160 -0.000230
v -0.037269 0.001107 -0.000219
v -0.037268 0.001187 -0.000240
v -0.036326 0.001190 -0.000288
v -0.036329 0.001162 -0.000273
v -0.036323 0.001109 -0.000255
v -0.037187 0.001193 -0.000254
v -0.036306 0.001200 -0.000304
v -0.033580 0.001426 -0.000505
v -0.035105 0.001249 -0.000384
v -0.033580 0.001394 -0.000448
v -0.035105 0.001232 -0.000355
v -0.033573 0.001278 -0.000347
v -0.035099 0.001142 -0.000297
v -0.035103 0.001199 -0.000327
v -0.033577 0.001347 -0.000397
v -0.033580 0.001479 0.000429
v -0.035105 0.001266 0.000244
v -0.033615 0.001527 0.000509
v -0.035137 0.001293 0.000295
v -0.036356 0.001219 0.000158
v -0.036306 0.001203 0.000128
v -0.035233 0.001349 0.000334
v -0.033718 0.001607 0.000570
v -0.036449 0.001261 0.000183
v -0.037334 0.001239 0.000095
v -0.037281 0.001206 0.000076
v -0.037186 0.001192 0.000060
v -0.036306 0.001203 0.000128
v -0.036356 0.001219 0.000158
v -0.037281 0.001206 0.000076
v -0.037186 0.001192 0.000060
v -0.031701 0.002026 -0.000919
v -0.031701 0.001958 -0.000787
v -0.031753 0.002114 -0.001041
v -0.029582 0.002851 -0.001394
v -0.029519 0.002720 -0.001220
v -0.029519 0.002611 -0.001032
v -0.031907 0.002235 -0.001126
v -0.029770 0.003018 -0.001521
v -0.024628 0.003956 -0.002294
v -0.027294 0.003602 -0.001935
v -0.024556 0.003745 -0.002048
v -0.027151 0.003408 -0.001747
v -0.024532 0.003436 -0.001469
v -0.027103 0.003148 -0.001269
v -0.027103 0.003262 -0.001515
v -0.024532 0.003575 -0.001763
v -0.031698 0.001766 -0.000486
v -0.031692 0.001675 -0.000405
v -0.031700 0.001837 -0.000574
v -0.029518 0.002450 -0.000713
v -0.029515 0.002372 -0.000580
v -0.029510 0.002280 -0.000464
v -0.031701 0.001898 -0.000674
v -0.029519 0.002522 -0.000863
v -0.024532 0.003314 -0.001197
v -0.027103 0.003049 -0.001045
v -0.024531 0.003201 -0.000950
v -0.027102 0.002955 -0.000844
v -0.024524 0.002971 -0.000551
v -0.027094 0.002754 -0.000514
v -0.027099 0.002860 -0.000666
v -0.024529 0.003090 -0.000733
v -0.024531 0.003556 0.001556
v -0.027102 0.003247 0.001302
v -0.024554 0.003722 0.001843
v -0.027149 0.003390 0.001536
v -0.029581 0.002837 0.001178
v -0.029518 0.002707 0.001002
v -0.027292 0.003581 0.001726
v -0.024626 0.003930 0.002091
v -0.029769 0.003003 0.001306
v -0.031906 0.002224 0.000906
v -0.031752 0.002104 0.000819
v -0.031701 0.002017 0.000696
v -0.021890 0.003812 -0.001938
v -0.021890 0.003658 -0.001608
v -0.021900 0.003995 -0.002259
v -0.019222 0.004178 -0.002393
v -0.019219 0.003989 -0.002048
v -0.019219 0.003828 -0.001695
v -0.021929 0.004216 -0.002543
v -0.019229 0.004403 -0.002699
v -0.013939 0.004635 -0.002822
v -0.016559 0.004536 -0.002785
v -0.013939 0.004411 -0.002499
v -0.016559 0.004311 -0.002467
v -0.013939 0.004059 -0.001760
v -0.016558 0.003958 -0.001741
v -0.016558 0.004121 -0.002109
v -0.013939 0.004222 -0.002135
v -0.021887 0.003276 -0.000774
v -0.021883 0.003150 -0.000569
v -0.021889 0.003398 -0.001020
v -0.019218 0.003554 -0.001059
v -0.019217 0.003428 -0.000793
v -0.019215 0.003298 -0.000574
v -0.021889 0.003522 -0.001300
v -0.019219 0.003685 -0.001362
v -0.013938 0.003913 -0.001404
v -0.016558 0.003813 -0.001393
v -0.013938 0.003779 -0.001077
v -0.016558 0.003679 -0.001075
v -0.013938 0.003520 -0.000559
v -0.016556 0.003420 -0.000569
v -0.016557 0.003551 -0.000797
v -0.013938 0.003650 -0.000792
v -0.013936 0.004193 0.001948
v -0.016556 0.004094 0.001917
v -0.013936 0.004377 0.002313
v -0.016556 0.004280 0.002277
v -0.019219 0.004149 0.002198
v -0.019217 0.003964 0.001852
v -0.016556 0.004500 0.002597
v -0.013936 0.004596 0.002638
v -0.019226 0.004370 0.002507
v -0.021926 0.004186 0.002345
v -0.021897 0.003969 0.002060
v -0.021888 0.003790 0.001736
v -0.011383 0.004304 -0.002143
v -0.011383 0.004141 -0.001764
v -0.011384 0.004492 -0.002510
v -0.008887 0.004547 -0.002509
v -0.008887 0.004359 -0.002142
v -0.008886 0.004197 -0.001762
v -0.011384 0.004714 -0.002834
v -0.008887 0.004768 -0.002835
v -0.004005 0.004789 -0.002844
v -0.006437 0.004788 -0.002836
v -0.004005 0.004568 -0.002517
v -0.006437 0.004567 -0.002510
v -0.004004 0.004217 -0.001765
v -0.006437 0.004217 -0.001761
v -0.006437 0.004380 -0.002142
v -0.004005 0.004380 -0.002148
v -0.011383 0.003732 -0.000784
v -0.011383 0.003602 -0.000548
v -0.011383 0.003861 -0.001073
v -0.008886 0.003916 -0.001066
v -0.008886 0.003787 -0.000775
v -0.008887 0.003657 -0.000538
v -0.011383 0.003995 -0.001403
v -0.008886 0.004051 -0.001399
v -0.004004 0.004070 -0.001398
v -0.006436 0.004070 -0.001396
v -0.004004 0.003934 -0.001061
v -0.006436 0.003935 -0.001061
v -0.004004 0.003674 -0.000528
v -0.006437 0.003676 -0.000532
v -0.006436 0.003806 -0.000769
v -0.004004 0.003804 -0.000767
v -0.004002 0.004346 0.001968
v -0.006434 0.004347 0.001962
v -0.004001 0.004528 0.002339
v -0.006434 0.004529 0.002332
v -0.008884 0.004510 0.002329
v -0.008884 0.004328 0.001960
v -0.006433 0.004745 0.002659
v -0.004001 0.004744 0.002668
v -0.008883 0.004726 0.002656
v -0.011380 0.004674 0.002654
v -0.011380 0.004456 0.002327
v -0.011381 0.004274 0.001959
v -0.001572 0.004380 -0.002162
v -0.001572 0.004216 -0.001776
v -0.001573 0.004568 -0.002534
v 0.000860 0.004568 -0.002547
v 0.000860 0.004380 -0.002172
v 0.000860 0.004216 -0.001784
v -0.001573 0.004789 -0.002863
v 0.000860 0.004789 -0.002877
v 0.005724 0.004788 -0.002847
v 0.003292 0.004789 -0.002864
v 0.005724 0.004567 -0.002520
v 0.003292 0.004568 -0.002535
v 0.005725 0.004216 -0.001767
v 0.003293 0.004216 -0.001777
v 0.003292 0.004379 -0.002163
v 0.005725 0.004379 -0.002150
v -0.001571 0.003803 -0.000769
v -0.001571 0.003673 -0.000529
v -0.001572 0.003933 -0.001066
v 0.000861 0.003933 -0.001071
v 0.000861 0.003803 -0.000772
v 0.000861 0.003673 -0.000531
v -0.001572 0.004069 -0.001406
v 0.000861 0.004069 -0.001413
v 0.005725 0.004069 -0.001400
v 0.003293 0.004069 -0.001407
v 0.005725 0.003934 -0.001063
v 0.003293 0.003933 -0.001067
v 0.005726 0.003674 -0.000531
v 0.003294 0.003673 -0.000530
v 0.003293 0.003803 -0.000770
v 0.005726 0.003804 -0.000769
v 0.005728 0.004346 0.001966
v 0.003295 0.004345 0.001980
v 0.005728 0.004528 0.002337
v 0.003296 0.004527 0.002354
v 0.000863 0.004527 0.002367
v 0.000863 0.004346 0.001991
v 0.003296 0.004743 0.002685
v 0.005728 0.004743 0.002665
v 0.000864 0.004743 0.002699
v -0.001569 0.004743 0.002686
v -0.001569 0.004528 0.002356
v -0.001569 0.004346 0.001982
v 0.008157 0.004379 -0.002146
v 0.008157 0.004216 -0.001765
v 0.008157 0.004567 -0.002514
v 0.010607 0.004546 -0.002515
v 0.010607 0.004358 -0.002147
v 0.010607 0.004195 -0.001767
v 0.008156 0.004788 -0.002840
v 0.010606 0.004767 -0.002840
v 0.015659 0.004633 -0.002831
v 0.013103 0.004713 -0.002841
v 0.015659 0.004410 -0.002508
v 0.013104 0.004491 -0.002516
v 0.015660 0.004057 -0.001769
v 0.013104 0.004140 -0.001771
v 0.013104 0.004303 -0.002150
v 0.015659 0.004220 -0.002144
v 0.008158 0.003805 -0.000773
v 0.008159 0.003675 -0.000535
v 0.008158 0.003934 -0.001065
v 0.010608 0.003915 -0.001071
v 0.010608 0.003786 -0.000780
v 0.010609 0.003656 -0.000544
v 0.008157 0.004070 -0.001400
v 0.010607 0.004050 -0.001404
v 0.015660 0.003912 -0.001413
v 0.013104 0.003994 -0.001410
v 0.015660 0.003778 -0.001086
v 0.013104 0.003860 -0.001079
v 0.015660 0.003519 -0.000568
v 0.013105 0.003601 -0.000555
v 0.013105 0.003731 -0.000790
v 0.015660 0.003649 -0.000801
v 0.015662 0.004192 0.001939
v 0.013106 0.004272 0.001952
v 0.015662 0.004376 0.002305
v 0.013107 0.004455 0.002320
v 0.010610 0.004509 0.002324
v 0.010610 0.004327 0.001955
v 0.013107 0.004672 0.002647
v 0.015662 0.004595 0.002630
v 0.010610 0.004725 0.002651
v 0.008160 0.004744 0.002655
v 0.008160 0.004528 0.002328
v 0.008160 0.004346 0.001958
v 0.018279 0.004119 -0.002120
v 0.018279 0.003956 -0.001752
v 0.018279 0.004310 -0.002478
v 0.020930 0.004176 -0.002406
v 0.020928 0.003987 -0.002061
v 0.020928 0.003826 -0.001708
v 0.018279 0.004535 -0.002796
v 0.020936 0.004401 -0.002711
v 0.026214 0.003958 -0.002307
v 0.023595 0.004215 -0.002556
v 0.026148 0.003747 -0.002062
v 0.023569 0.003995 -0.002273
v 0.026126 0.003438 -0.001484
v 0.023561 0.003657 -0.001622
v 0.023560 0.003812 -0.001951
v 0.026126 0.003577 -0.001777
v 0.018279 0.003549 -0.000808
v 0.018278 0.003418 -0.000580
v 0.018279 0.003677 -0.001086
v 0.020928 0.003553 -0.001072
v 0.020927 0.003426 -0.000806
v 0.020924 0.003296 -0.000587
v 0.018279 0.003811 -0.001404
v 0.020928 0.003684 -0.001375
v 0.026126 0.003316 -0.001212
v 0.023561 0.003522 -0.001314
v 0.026126 0.003204 -0.000966
v 0.023560 0.003397 -0.001034
v 0.026118 0.002973 -0.000568
v 0.023555 0.003150 -0.000584
v 0.023558 0.003276 -0.000789
v 0.026123 0.003092 -0.000750
v 0.026128 0.003558 0.001534
v 0.023562 0.003790 0.001719
v 0.026150 0.003724 0.001820
v 0.023571 0.003969 0.002042
v 0.020932 0.004147 0.002185
v 0.020930 0.003963 0.001838
v 0.023598 0.004186 0.002327
v 0.026216 0.003932 0.002067
v 0.020939 0.004368 0.002493
v 0.018282 0.004499 0.002586
v 0.018282 0.004278 0.002266
v 0.018281 0.004092 0.001906
v 0.028570 0.003268 -0.001529
v 0.028570 0.003154 -0.001285
v 0.028613 0.003413 -0.001761
v 0.030885 0.002869 -0.001410
v 0.030827 0.002736 -0.001237
v 0.030828 0.002630 -0.001050
v 0.028744 0.003607 -0.001948
v 0.031058 0.003039 -0.001536
v 0.034691 0.001658 -0.000819
v 0.033031 0.002279 -0.001146
v 0.034595 0.001578 -0.000759
v 0.032889 0.002156 -0.001061
v 0.034563 0.001496 -0.000598
v 0.032841 0.002001 -0.000809
v 0.032841 0.002069 -0.000940
v 0.034563 0.001528 -0.000680
v 0.028566 0.002866 -0.000684
v 0.028560 0.002760 -0.000533
v 0.028569 0.002961 -0.000861
v 0.030827 0.002485 -0.000732
v 0.030824 0.002408 -0.000600
v 0.030818 0.002316 -0.000485
v 0.028570 0.003054 -0.001062
v 0.030828 0.002557 -0.000882
v 0.034563 0.001468 -0.000531
v 0.032842 0.001942 -0.000696
v 0.034562 0.001435 -0.000474
v 0.032841 0.001882 -0.000597
v 0.034554 0.001317 -0.000373
v 0.032832 0.001723 -0.000429
v 0.032838 0.001811 -0.000509
v 0.034559 0.001387 -0.000424
v 0.034563 0.001522 0.000401
v 0.032842 0.002060 0.000667
v 0.034595 0.001571 0.000481
v 0.032890 0.002146 0.000789
v 0.030886 0.002855 0.001148
v 0.030828 0.002724 0.000974
v 0.033032 0.002268 0.000876
v 0.034692 0.001650 0.000541
v 0.031059 0.003023 0.001275
v 0.028746 0.003587 0.001697
v 0.028615 0.003395 0.001509
v 0.028571 0.003252 0.001276
v 0.035952 0.001269 -0.000500
v 0.035952 0.001257 -0.000451
v 0.035982 0.001296 -0.000551
v 0.037074 0.001218 -0.000417
v 0.037028 0.001202 -0.000387
v 0.037015 0.001198 -0.000357
v 0.036072 0.001352 -0.000590
v 0.037161 0.001260 -0.000442
v 0.037951 0.001237 -0.000356
v 0.037897 0.001203 -0.000337
v 0.037759 0.001187 -0.000305
v 0.037811 0.001189 -0.000320
v 0.035950 0.001197 -0.000357
v 0.035946 0.001139 -0.000327
v 0.035952 0.001230 -0.000384
v 0.037045 0.001186 -0.000320
v 0.037047 0.001158 -0.000305
v 0.037042 0.001105 -0.000287
v 0.035952 0.001247 -0.000414
v 0.037028 0.001196 -0.000336
v 0.037811 0.001189 -0.000288
v 0.037884 0.001183 -0.000274
v 0.037881 0.001102 -0.000252
v 0.037896 0.001156 -0.000264
v 0.037811 0.001187 0.000034
v 0.037897 0.001201 0.000051
v 0.037074 0.001215 0.000132
v 0.037028 0.001199 0.000102
v 0.037951 0.001235 0.000070
v 0.037162 0.001256 0.000158
v 0.036072 0.001347 0.000307
v 0.035983 0.001291 0.000268
v 0.035953 0.001265 0.000218
v -0.037991 0.001040 -0.000171
v -0.038571 0.001064 -0.000142
v -0.037903 0.000957 -0.000154
v -0.038439 0.000988 -0.000132
v -0.038586 0.001017 -0.000113
v -0.038765 0.001078 -0.000113
v -0.037534 0.000878 -0.000115
v -0.037727 0.000901 -0.000096
v -0.038171 0.000937 -0.000114
v -0.037727 0.000901 -0.000133
v -0.037903 0.000957 -0.000074
v -0.038439 0.000988 -0.000096
v -0.038171 0.000937 -0.000114
v -0.037727 0.000901 -0.000096
v -0.038439 0.000988 -0.000096
v -0.038571 0.001064 -0.000084
v -0.037991 0.001039 -0.000056
v -0.038765 0.001078 -0.000113
v -0.038586 0.001017 -0.000113
v -0.037258 0.001021 -0.000028
v -0.037226 0.000933 -0.000054
v -0.036306 0.000927 -0.000035
v -0.036317 0.001021 0.000000
v -0.037534 0.000878 -0.000115
v -0.037093 0.000841 -0.000115
v -0.037145 0.000868 -0.000084
v -0.036268 0.000821 -0.000115
v -0.036283 0.000853 -0.000074
v -0.033547 0.000942 -0.000115
v -0.033550 0.000980 -0.000054
v -0.035082 0.000874 -0.000064
v -0.035080 0.000839 -0.000116
v -0.033557 0.001066 0.000006
v -0.035087 0.000953 -0.000015
v -0.035094 0.001050 0.000030
v -0.033565 0.001174 0.000064
v -0.031683 0.001553 0.000102
v -0.031674 0.001438 0.000028
v -0.029490 0.002049 0.000048
v -0.029500 0.002162 0.000139
v -0.033547 0.000942 -0.000115
v -0.031663 0.001317 -0.000115
v -0.031666 0.001353 -0.000044
v -0.033550 0.000980 -0.000054
v -0.029479 0.001925 -0.000113
v -0.029482 0.001962 -0.000034
v -0.031666 0.001353 -0.000044
v -0.031663 0.001317 -0.000115
v -0.024498 0.002576 -0.000109
v -0.024501 0.002615 -0.000021
v -0.027067 0.002416 -0.000027
v -0.027064 0.002379 -0.000111
v -0.024508 0.002708 0.000076
v -0.027075 0.002507 0.000065
v -0.027085 0.002626 0.000170
v -0.024516 0.002833 0.000192
v -0.021877 0.003007 0.000203
v -0.021871 0.002880 0.000080
v -0.019207 0.003027 0.000079
v -0.019211 0.003154 0.000204
v -0.021864 0.002747 -0.000106
v -0.021866 0.002786 -0.000019
v -0.019203 0.002894 -0.000103
v -0.019204 0.002933 -0.000019
v -0.013939 0.003128 -0.000099
v -0.013939 0.003165 -0.000022
v -0.016552 0.003059 -0.000021
v -0.016551 0.003021 -0.000101
v -0.013938 0.003255 0.000070
v -0.016553 0.003151 0.000075
v -0.016554 0.003276 0.000200
v -0.013938 0.003378 0.000194
v -0.013938 0.003378 0.000194
v -0.011384 0.003461 0.000187
v -0.011385 0.003340 0.000065
v -0.008889 0.003397 0.000061
v -0.008887 0.003517 0.000181
v -0.011387 0.003215 -0.000097
v -0.011386 0.003251 -0.000024
v -0.008891 0.003273 -0.000095
v -0.008890 0.003309 -0.000026
v -0.011385 0.003340 0.000065
v -0.004006 0.003293 -0.000094
v -0.004006 0.003328 -0.000028
v -0.006439 0.003330 -0.000027
v -0.006440 0.003294 -0.000094
v -0.004005 0.003415 0.000056
v -0.006438 0.003417 0.000058
v -0.006439 0.003330 -0.000027
v -0.004006 0.003328 -0.000028
v -0.006437 0.003536 0.000176
v -0.004004 0.003535 0.000174
v -0.004005 0.003415 0.000056
v -0.001571 0.003534 0.000173
v -0.001572 0.003415 0.000055
v -0.001571 0.003534 0.000173
v 0.000862 0.003414 0.000054
v 0.000862 0.003533 0.000173
v -0.001572 0.003293 -0.000094
v -0.001572 0.003328 -0.000029
v 0.000861 0.003293 -0.000095
v 0.000861 0.003328 -0.000029
v -0.001572 0.003415 0.000055
v 0.005729 0.003293 -0.000096
v 0.005729 0.003328 -0.000030
v 0.003295 0.003328 -0.000030
v 0.003295 0.003293 -0.000095
v 0.005728 0.003415 0.000053
v 0.003295 0.003414 0.000053
v 0.003295 0.003533 0.000172
v 0.005728 0.003534 0.000171
v 0.008161 0.003536 0.000173
v 0.008162 0.003416 0.000054
v 0.010612 0.003396 0.000056
v 0.010611 0.003516 0.000176
v 0.008163 0.003294 -0.000098
v 0.008162 0.003329 -0.000031
v 0.010613 0.003272 -0.000100
v 0.010613 0.003272 -0.000100
v 0.010613 0.003308 -0.000031
v 0.010613 0.003308 -0.000031
v 0.010612 0.003396 0.000056
v 0.010612 0.003396 0.000056
v 0.010613 0.003308 -0.000031
v 0.010613 0.003308 -0.000031
v 0.015661 0.003126 -0.000107
v 0.015661 0.003163 -0.000031
v 0.013109 0.003250 -0.000031
v 0.013109 0.003214 -0.000104
v 0.015661 0.003253 0.000061
v 0.013108 0.003339 0.000058
v 0.015661 0.003512 0.000356
v 0.013107 0.003460 0.000180
v 0.015661 0.003377 0.000185
v 0.018277 0.003275 0.000190
v 0.018275 0.003149 0.000064
v 0.020917 0.003025 0.000066
v 0.020921 0.003152 0.000191
v 0.020925 0.003290 0.000357
v 0.018273 0.003019 -0.000112
v 0.018274 0.003057 -0.000031
v 0.020911 0.002893 -0.000117
v 0.020913 0.002931 -0.000032
v 0.026090 0.002579 -0.000127
v 0.026093 0.002617 -0.000040
v 0.023536 0.002786 -0.000035
v 0.023534 0.002747 -0.000122
v 0.026101 0.002711 0.000057
v 0.023542 0.002880 0.000064
v 0.023549 0.003007 0.000187
v 0.026110 0.002836 0.000173
v 0.026110 0.002836 0.000173
v 0.028551 0.002632 0.000149
v 0.028540 0.002513 0.000044
v 0.030797 0.002086 0.000025
v 0.030808 0.002198 0.000115
v 0.028528 0.002385 -0.000132
v 0.028532 0.002423 -0.000048
v 0.030784 0.001962 -0.000136
v 0.030788 0.001999 -0.000058
v 0.034526 0.000976 -0.000142
v 0.034530 0.001015 -0.000081
v 0.032804 0.001424 -0.000069
v 0.032800 0.001388 -0.000140
v 0.034537 0.001103 -0.000021
v 0.032812 0.001508 0.000002
v 0.032823 0.001615 0.000076
v 0.034546 0.001212 0.000037
v 0.035940 0.001047 0.000003
v 0.035933 0.000949 -0.000042
v 0.037024 0.000923 -0.000063
v 0.037036 0.001017 -0.000027
v 0.035925 0.000836 -0.000144
v 0.035928 0.000871 -0.000092
v 0.036990 0.000817 -0.000145
v 0.037003 0.000849 -0.000103
v 0.038112 0.000874 -0.000145
v 0.038297 0.000897 -0.000126
v 0.037769 0.000863 -0.000113
v 0.037723 0.000837 -0.000145
v 0.038467 0.000952 -0.000103
v 0.037841 0.000928 -0.000082
v 0.037870 0.001017 -0.000056
v 0.038553 0.001035 -0.000084
v 0.039068 0.001060 -0.000114
v 0.038946 0.000983 -0.000126
v 0.039077 0.001012 -0.000145
v 0.039239 0.001074 -0.000144
v 0.038112 0.000874 -0.000145
v 0.038297 0.000897 -0.000164
v 0.038707 0.000933 -0.000145
v 0.038297 0.000897 -0.000126
v 0.038467 0.000953 -0.000186
v 0.038946 0.000983 -0.000163
v 0.039077 0.001012 -0.000145
v 0.038946 0.000983 -0.000126
v 0.038707 0.000933 -0.000145
v 0.039068 0.001060 -0.000175
v 0.038553 0.001035 -0.000204
v 0.039239 0.001074 -0.000144
v -0.033565 0.001176 -0.000293
v -0.035094 0.001052 -0.000259
v -0.033557 0.001068 -0.000236
v -0.035087 0.000954 -0.000215
v -0.036306 0.000928 -0.000195
v -0.036317 0.001022 -0.000229
v -0.035080 0.000839 -0.000116
v -0.035082 0.000874 -0.000166
v -0.033550 0.000981 -0.000176
v -0.036268 0.000821 -0.000115
v -0.036283 0.000853 -0.000156
v -0.037145 0.000868 -0.000146
v -0.037093 0.000841 -0.000115
v -0.037226 0.000933 -0.000175
v -0.037258 0.001022 -0.000200
v -0.024516 0.002837 -0.000407
v -0.027085 0.002629 -0.000390
v -0.024508 0.002710 -0.000292
v -0.027075 0.002509 -0.000286
v -0.029490 0.002051 -0.000273
v -0.029500 0.002165 -0.000363
v -0.024498 0.002576 -0.000109
v -0.027064 0.002379 -0.000111
v -0.027068 0.002417 -0.000195
v -0.024501 0.002616 -0.000196
v -0.029479 0.001925 -0.000113
v -0.029482 0.001963 -0.000191
v -0.031666 0.001354 -0.000185
v -0.031674 0.001439 -0.000256
v -0.031683 0.001556 -0.000329
v -0.013938 0.003382 -0.000389
v -0.016555 0.003280 -0.000400
v -0.013938 0.003257 -0.000266
v -0.016553 0.003153 -0.000276
v -0.019208 0.003029 -0.000284
v -0.019211 0.003158 -0.000409
v -0.013939 0.003128 -0.000099
v -0.016551 0.003021 -0.000101
v -0.016552 0.003060 -0.000181
v -0.013939 0.003166 -0.000175
v -0.019203 0.002894 -0.000103
v -0.019205 0.002934 -0.000187
v -0.021866 0.002787 -0.000193
v -0.021864 0.002747 -0.000106
v -0.021872 0.002882 -0.000291
v -0.021878 0.003011 -0.000412
v -0.004005 0.003539 -0.000359
v -0.006438 0.003541 -0.000363
v -0.004005 0.003418 -0.000242
v -0.006439 0.003419 -0.000245
v -0.008889 0.003399 -0.000250
v -0.008888 0.003521 -0.000369
v -0.004006 0.003293 -0.000094
v -0.006440 0.003294 -0.000094
v -0.006440 0.003331 -0.000161
v -0.004006 0.003330 -0.000159
v -0.008891 0.003273 -0.000095
v -0.008890 0.003310 -0.000164
v -0.011386 0.003252 -0.000169
v -0.011387 0.003215 -0.000097
v -0.011385 0.003342 -0.000257
v -0.011384 0.003466 -0.000378
v 0.005727 0.003539 -0.000362
v 0.003294 0.003538 -0.000360
v 0.005728 0.003417 -0.000245
v 0.003295 0.003417 -0.000243
v 0.000861 0.003417 -0.000242
v 0.000861 0.003538 -0.000360
v 0.005729 0.003293 -0.000096
v 0.003295 0.003293 -0.000095
v 0.003295 0.003329 -0.000160
v 0.005729 0.003329 -0.000162
v 0.000861 0.003293 -0.000095
v 0.000861 0.003329 -0.000160
v -0.001572 0.003329 -0.000159
v -0.001572 0.003293 -0.000094
v -0.001572 0.003417 -0.000242
v -0.001572 0.003538 -0.000359
v 0.015660 0.003381 -0.000398
v 0.013107 0.003464 -0.000385
v 0.015661 0.003256 -0.000275
v 0.013108 0.003341 -0.000264
v 0.010612 0.003398 -0.000255
v 0.010610 0.003520 -0.000374
v 0.015661 0.003126 -0.000107
v 0.013109 0.003214 -0.000104
v 0.013109 0.003251 -0.000176
v 0.015661 0.003164 -0.000183
v 0.010613 0.003272 -0.000100
v 0.010613 0.003309 -0.000170
v 0.008162 0.003330 -0.000165
v 0.008163 0.003294 -0.000098
v 0.008161 0.003418 -0.000249
v 0.008160 0.003540 -0.000367
v 0.026110 0.002839 -0.000424
v 0.023549 0.003011 -0.000427
v 0.026101 0.002713 -0.000309
v 0.023542 0.002882 -0.000306
v 0.020916 0.003028 -0.000298
v 0.020921 0.003156 -0.000422
v 0.026090 0.002579 -0.000127
v 0.023534 0.002747 -0.000122
v 0.023536 0.002787 -0.000208
v 0.026093 0.002618 -0.000213
v 0.020911 0.002893 -0.000117
v 0.020913 0.002932 -0.000200
v 0.018274 0.003058 -0.000192
v 0.018273 0.003019 -0.000112
v 0.018275 0.003152 -0.000286
v 0.018277 0.003279 -0.000411
v 0.034546 0.001213 -0.000319
v 0.032822 0.001617 -0.000353
v 0.034537 0.001104 -0.000262
v 0.032812 0.001510 -0.000280
v 0.030797 0.002088 -0.000295
v 0.030808 0.002201 -0.000384
v 0.034526 0.000976 -0.000142
v 0.032800 0.001388 -0.000140
v 0.032803 0.001425 -0.000209
v 0.034530 0.001016 -0.000203
v 0.030784 0.001962 -0.000136
v 0.030788 0.002000 -0.000214
v 0.028532 0.002424 -0.000215
v 0.028528 0.002385 -0.000132
v 0.028540 0.002515 -0.000306
v 0.028551 0.002635 -0.000409
v 0.037870 0.001018 -0.000232
v 0.037841 0.000929 -0.000207
v 0.037024 0.000924 -0.000225
v 0.037035 0.001018 -0.000260
v 0.037723 0.000837 -0.000145
v 0.037769 0.000864 -0.000177
v 0.036990 0.000817 -0.000145
v 0.037003 0.000849 -0.000186
v 0.035928 0.000871 -0.000195
v 0.035925 0.000836 -0.000144
v 0.035933 0.000950 -0.000244
v 0.035940 0.001048 -0.000288
v 0.038643 0.030059 -0.000043
v 0.039181 0.030044 -0.000014
v 0.038542 0.030139 -0.000024
v 0.039053 0.030118 -0.000001
v 0.039187 0.030092 0.000017
v 0.039351 0.030034 0.000017
v 0.038113 0.030210 0.000018
v 0.038341 0.030191 0.000037
v 0.038800 0.030164 0.000018
v 0.038341 0.030191 -0.000001
v 0.038542 0.030139 0.000059
v 0.039053 0.030118 0.000036
v 0.038800 0.030164 0.000018
v 0.039053 0.030118 0.000036
v 0.038341 0.030191 -0.000001
v 0.039181 0.030044 0.000047
v 0.038644 0.030058 0.000077
v 0.039351 0.030034 0.000017
v 0.039187 0.030092 0.000017
v 0.037861 0.030059 0.000106
v 0.037826 0.030147 0.000080
v 0.037011 0.030132 0.000099
v 0.037027 0.030039 0.000134
v 0.037702 0.030236 0.000018
v 0.037750 0.030210 0.000050
v 0.036970 0.030239 0.000019
v 0.036985 0.030207 0.000060
v 0.037702 0.030236 0.000018
v 0.034512 0.030040 0.000018
v 0.034517 0.030000 0.000079
v 0.035912 0.030166 0.000070
v 0.035907 0.030201 0.000019
v 0.034528 0.029912 0.000138
v 0.035921 0.030087 0.000119
v 0.035933 0.029989 0.000163
v 0.034541 0.029803 0.000195
v 0.032819 0.029395 0.000230
v 0.032805 0.029502 0.000158
v 0.030793 0.028922 0.000175
v 0.030806 0.028809 0.000264
v 0.032789 0.029623 0.000017
v 0.032794 0.029587 0.000087
v 0.030777 0.029047 0.000016
v 0.030782 0.029010 0.000094
v 0.032794 0.029587 0.000087
v 0.032789 0.029623 0.000017
v 0.030782 0.029010 0.000094
v 0.026089 0.028432 0.000011
v 0.026093 0.028392 0.000098
v 0.028529 0.028586 0.000097
v 0.028524 0.028625 0.000014
v 0.026101 0.028298 0.000194
v 0.028538 0.028495 0.000188
v 0.028538 0.028495 0.000188
v 0.028529 0.028586 0.000097
v 0.026093 0.028392 0.000098
v 0.028529 0.028586 0.000097
v 0.028550 0.028375 0.000291
v 0.026111 0.028172 0.000309
v 0.028550 0.028375 0.000291
v 0.023550 0.028001 0.000314
v 0.023543 0.028129 0.000193
v 0.020918 0.027985 0.000187
v 0.020923 0.027856 0.000311
v 0.023534 0.028265 0.000009
v 0.023537 0.028225 0.000095
v 0.020913 0.028119 0.000006
v 0.020915 0.028080 0.000090
v 0.023537 0.028225 0.000095
v 0.020915 0.028080 0.000090
v 0.015663 0.027888 0.000001
v 0.015663 0.027850 0.000077
v 0.018276 0.027955 0.000084
v 0.018275 0.027994 0.000004
v 0.015663 0.027758 0.000169
v 0.018277 0.027862 0.000178
v 0.018276 0.027955 0.000084
v 0.015663 0.027850 0.000077
v 0.018279 0.027735 0.000303
v 0.015663 0.027633 0.000292
v 0.015663 0.027758 0.000169
v 0.013109 0.027550 0.000281
v 0.013110 0.027674 0.000160
v 0.010614 0.027617 0.000153
v 0.010612 0.027495 0.000272
v 0.013111 0.027801 -0.000001
v 0.013111 0.027764 0.000072
v 0.010615 0.027743 -0.000002
v 0.010615 0.027706 0.000067
v 0.013111 0.027764 0.000072
v 0.010615 0.027706 0.000067
v 0.005731 0.027723 -0.000003
v 0.005731 0.027687 0.000062
v 0.008164 0.027686 0.000064
v 0.008165 0.027722 -0.000003
v 0.005730 0.027598 0.000145
v 0.008163 0.027597 0.000148
v 0.008164 0.027686 0.000064
v 0.005731 0.027687 0.000062
v 0.010615 0.027706 0.000067
v 0.008162 0.027476 0.000266
v 0.005729 0.027477 0.000262
v 0.003296 0.027478 0.000262
v 0.003297 0.027599 0.000145
v 0.000863 0.027600 0.000145
v 0.000863 0.027479 0.000263
v 0.003297 0.027723 -0.000003
v 0.003297 0.027687 0.000062
v 0.000863 0.027724 -0.000003
v 0.000863 0.027688 0.000063
v 0.003297 0.027687 0.000062
v 0.000863 0.027688 0.000063
v -0.004004 0.027723 -0.000001
v -0.004004 0.027687 0.000065
v -0.001570 0.027688 0.000063
v -0.001571 0.027724 -0.000002
v -0.004003 0.027599 0.000147
v -0.001570 0.027600 0.000146
v -0.001570 0.027688 0.000063
v -0.004004 0.027687 0.000065
v -0.001570 0.027479 0.000263
v -0.004003 0.027478 0.000265
v -0.006436 0.027476 0.000269
v -0.006437 0.027598 0.000152
v -0.008887 0.027618 0.000158
v -0.008886 0.027496 0.000277
v -0.006438 0.027723 0.000001
v -0.006438 0.027686 0.000068
v -0.008889 0.027744 0.000003
v -0.008888 0.027707 0.000072
v -0.006438 0.027686 0.000068
v -0.008888 0.027707 0.000072
v -0.013937 0.027889 0.000010
v -0.013937 0.027852 0.000086
v -0.011384 0.027765 0.000079
v -0.011385 0.027802 0.000006
v -0.013936 0.027760 0.000178
v -0.011383 0.027675 0.000167
v -0.011384 0.027765 0.000079
v -0.013937 0.027852 0.000086
v -0.011382 0.027552 0.000288
v -0.013936 0.027635 0.000300
v -0.016553 0.027737 0.000314
v -0.016551 0.027864 0.000189
v -0.019205 0.027988 0.000200
v -0.019209 0.027859 0.000325
v -0.016550 0.027996 0.000015
v -0.016550 0.027957 0.000095
v -0.019201 0.028122 0.000019
v -0.019202 0.028083 0.000103
v -0.016550 0.027957 0.000095
v -0.019202 0.028083 0.000103
v -0.024494 0.028440 0.000030
v -0.024497 0.028401 0.000117
v -0.021864 0.028230 0.000111
v -0.021861 0.028270 0.000025
v -0.024504 0.028306 0.000213
v -0.021869 0.028134 0.000209
v -0.021864 0.028230 0.000111
v -0.024497 0.028401 0.000117
v -0.021875 0.028005 0.000331
v -0.024513 0.028180 0.000328
v -0.027081 0.028387 0.000313
v -0.027070 0.028507 0.000209
v -0.029483 0.028965 0.000199
v -0.029495 0.028852 0.000289
v -0.027057 0.028637 0.000035
v -0.027061 0.028599 0.000119
v -0.029469 0.029091 0.000039
v -0.029473 0.029053 0.000118
v -0.027061 0.028599 0.000119
v -0.029473 0.029053 0.000118
v -0.033531 0.030083 0.000046
v -0.033535 0.030044 0.000106
v -0.031654 0.029664 0.000113
v -0.031650 0.029701 0.000043
v -0.033545 0.029958 0.000166
v -0.031664 0.029579 0.000184
v -0.031650 0.029701 0.000043
v -0.031654 0.029664 0.000113
v -0.031676 0.029460 0.000257
v -0.033557 0.029850 0.000223
v -0.035084 0.029994 0.000191
v -0.035073 0.030092 0.000147
v -0.036290 0.030137 0.000128
v -0.036307 0.030043 0.000161
v -0.035061 0.030206 0.000047
v -0.035065 0.030171 0.000098
v -0.036247 0.030244 0.000048
v -0.036263 0.030211 0.000089
v -0.037513 0.030214 0.000049
v -0.037708 0.030195 0.000067
v -0.037125 0.030214 0.000080
v -0.037071 0.030240 0.000049
v -0.037890 0.030143 0.000088
v -0.037209 0.030151 0.000109
v -0.037125 0.030214 0.000080
v -0.037708 0.030195 0.000067
v -0.036247 0.030244 0.000048
v -0.036263 0.030211 0.000089
v -0.037247 0.030063 0.000133
v -0.037986 0.030062 0.000106
v -0.038571 0.030048 0.000077
v -0.038432 0.030122 0.000066
v -0.038582 0.030096 0.000048
v -0.038766 0.030038 0.000048
v -0.037513 0.030214 0.000049
v -0.037708 0.030196 0.000030
v -0.038159 0.030168 0.000049
v -0.037890 0.030144 0.000008
v -0.038432 0.030123 0.000030
v -0.038159 0.030168 0.000049
v -0.037708 0.030196 0.000030
v -0.038582 0.030096 0.000048
v -0.038432 0.030122 0.000066
v -0.038571 0.030049 0.000019
v -0.037986 0.030063 -0.000010
v -0.038766 0.030038 0.000048
v 0.034541 0.029805 -0.000161
v 0.035933 0.029990 -0.000128
v 0.034528 0.029914 -0.000103
v 0.035921 0.030088 -0.000083
v 0.037010 0.030133 -0.000063
v 0.037027 0.030040 -0.000099
v 0.034512 0.030040 0.000018
v 0.035907 0.030201 0.000019
v 0.035912 0.030166 -0.000033
v 0.034517 0.030001 -0.000043
v 0.036970 0.030239 0.000019
v 0.036985 0.030207 -0.000023
v 0.038113 0.030210 0.000018
v 0.037750 0.030210 -0.000014
v 0.037702 0.030236 0.000018
v 0.037826 0.030147 -0.000044
v 0.037861 0.030060 -0.000071
v 0.026110 0.028175 -0.000289
v 0.028550 0.028379 -0.000267
v 0.026101 0.028300 -0.000173
v 0.028538 0.028497 -0.000162
v 0.030792 0.028924 -0.000145
v 0.030805 0.028812 -0.000235
v 0.028529 0.028587 -0.000070
v 0.026093 0.028393 -0.000076
v 0.030782 0.029010 -0.000063
v 0.032794 0.029587 -0.000053
v 0.032805 0.029504 -0.000125
v 0.032819 0.029398 -0.000199
v 0.015662 0.027637 -0.000291
v 0.018278 0.027739 -0.000298
v 0.015662 0.027761 -0.000167
v 0.018277 0.027864 -0.000172
v 0.020918 0.027987 -0.000176
v 0.020922 0.027860 -0.000301
v 0.018275 0.027956 -0.000077
v 0.015663 0.027851 -0.000075
v 0.020915 0.028081 -0.000078
v 0.023537 0.028226 -0.000078
v 0.023543 0.028132 -0.000177
v 0.023550 0.028004 -0.000300
v 0.005729 0.027482 -0.000271
v 0.008162 0.027480 -0.000274
v 0.005730 0.027601 -0.000153
v 0.008163 0.027600 -0.000155
v 0.010614 0.027619 -0.000158
v 0.010612 0.027499 -0.000278
v 0.008164 0.027687 -0.000070
v 0.005730 0.027688 -0.000069
v 0.010615 0.027707 -0.000072
v 0.013110 0.027765 -0.000073
v 0.013110 0.027676 -0.000162
v 0.013108 0.027554 -0.000284
v -0.004003 0.027482 -0.000268
v -0.001570 0.027483 -0.000269
v -0.004004 0.027601 -0.000150
v -0.001570 0.027602 -0.000151
v 0.000863 0.027602 -0.000151
v 0.000863 0.027483 -0.000270
v -0.001570 0.027689 -0.000067
v -0.004004 0.027688 -0.000067
v 0.000863 0.027689 -0.000068
v 0.003297 0.027688 -0.000069
v 0.003296 0.027602 -0.000152
v 0.003296 0.027483 -0.000270
v -0.013936 0.027639 -0.000282
v -0.011382 0.027556 -0.000277
v -0.013937 0.027762 -0.000158
v -0.011383 0.027677 -0.000155
v -0.008887 0.027620 -0.000153
v -0.008886 0.027500 -0.000273
v -0.011384 0.027766 -0.000066
v -0.013937 0.027853 -0.000066
v -0.008888 0.027708 -0.000066
v -0.006438 0.027688 -0.000067
v -0.006437 0.027600 -0.000151
v -0.006436 0.027481 -0.000270
v -0.024513 0.028183 -0.000271
v -0.021876 0.028009 -0.000284
v -0.024504 0.028308 -0.000155
v -0.021869 0.028136 -0.000161
v -0.019206 0.027990 -0.000163
v -0.019210 0.027863 -0.000288
v -0.021864 0.028231 -0.000062
v -0.024497 0.028402 -0.000058
v -0.019203 0.028084 -0.000065
v -0.016550 0.027958 -0.000066
v -0.016551 0.027866 -0.000161
v -0.016553 0.027741 -0.000287
v -0.033557 0.029852 -0.000134
v -0.031677 0.029462 -0.000174
v -0.033545 0.029959 -0.000076
v -0.031664 0.029581 -0.000099
v -0.029483 0.028967 -0.000122
v -0.029495 0.028854 -0.000213
v -0.033531 0.030083 0.000046
v -0.031654 0.029665 -0.000028
v -0.033535 0.030045 -0.000015
v -0.029473 0.029054 -0.000039
v -0.027061 0.028600 -0.000050
v -0.027070 0.028509 -0.000141
v -0.027081 0.028390 -0.000247
v -0.037247 0.030064 -0.000038
v -0.037210 0.030152 -0.000012
v -0.036290 0.030138 -0.000032
v -0.036307 0.030044 -0.000067
v -0.037125 0.030215 0.000017
v -0.036263 0.030212 0.000007
v -0.035065 0.030171 -0.000004
v -0.035061 0.030206 0.000047
v -0.035073 0.030093 -0.000053
v -0.035084 0.029995 -0.000099
vn 0.0730 0.0057 -0.9973
vn 0.0859 -0.0366 -0.9956
vn 0.0735 -0.0225 -0.9970
vn 0.0723 0.0057 -0.9974
vn 0.1259 -0.0697 -0.9896
vn 0.0905 -0.0728 -0.9932
vn 0.0783 0.0054 -0.9969
vn 0.0979 0.0299 -0.9947
vn 0.1005 0.0053 -0.9949
vn 0.2263 -0.1404 -0.9639
vn 0.1707 -0.1415 -0.9751
vn 0.2018 -0.1231 -0.9717
vn 0.2156 0.0036 -0.9765
vn 0.1040 0.0047 -0.9946
vn 0.2234 0.1497 -0.9632
vn 0.1994 0.1327 -0.9709
vn 0.1682 0.1502 -0.9742
vn 0.1250 0.0802 -0.9889
vn 0.0901 0.0824 -0.9925
vn 0.0730 0.0058 -0.9973
vn 0.0723 0.0059 -0.9974
vn 0.0735 0.0335 -0.9967
vn 0.0855 0.0474 -0.9952
vn 0.1005 0.0069 -0.9949
vn 0.0972 -0.0173 -0.9951
vn 0.1477 0.0109 -0.9890
vn 0.1641 -0.0178 -0.9863
vn 0.1268 -0.0352 -0.9913
vn 0.1289 0.0096 -0.9916
vn 0.1785 0.0056 -0.9839
vn 0.1296 0.0067 -0.9915
vn 0.1473 0.0068 -0.9891
vn 0.1285 0.0059 -0.9917
vn 0.1299 0.0499 -0.9903
vn 0.1684 0.0317 -0.9852
vn 0.1941 0.0035 -0.9810
vn 0.1892 -0.0112 -0.9819
vn 0.2202 -0.0098 -0.9754
vn 0.2244 0.0030 -0.9745
vn 0.1839 -0.0325 -0.9824
vn 0.2151 -0.0123 -0.9765
vn 0.2180 -0.0137 -0.9758
vn 0.2218 -0.0138 -0.9750
vn 0.2246 0.0022 -0.9744
vn 0.1476 0.0028 -0.9890
vn 0.1654 0.0294 -0.9858
vn 0.1986 -0.0009 -0.9801
vn 0.1717 -0.0318 -0.9846
vn 0.1786 0.0040 -0.9839
vn 0.2145 0.0021 -0.9767
vn 0.1965 0.0053 -0.9805
vn 0.1669 -0.0202 -0.9858
vn 0.2143 0.0054 -0.9768
vn 0.1718 0.0343 -0.9845
vn 0.1967 0.0069 -0.9804
vn 0.1792 0.0072 -0.9838
vn 0.2126 0.0022 -0.9771
vn 0.1487 0.0149 -0.9888
vn 0.1763 0.0464 -0.9832
vn 0.1969 0.0066 -0.9804
vn 0.1618 -0.0156 -0.9867
vn 0.1836 0.0157 -0.9829
vn 0.2060 -0.0053 -0.9785
vn 0.1241 -0.1960 -0.9727
vn 0.1286 -0.1866 -0.9740
vn 0.1902 -0.0468 -0.9806
vn 0.1672 -0.0520 -0.9846
vn 0.1248 -0.2242 -0.9665
vn 0.1919 -0.0667 -0.9791
vn 0.0722 -0.4176 -0.9058
vn 0.1243 -0.1799 -0.9758
vn 0.1700 -0.1145 -0.9788
vn 0.1078 -0.3174 -0.9421
vn 0.1473 -0.0644 -0.9870
vn 0.1966 -0.0405 -0.9796
vn 0.1487 0.0024 -0.9889
vn 0.1966 0.0021 -0.9805
vn 0.1974 -0.0171 -0.9802
vn 0.1491 -0.0198 -0.9886
vn 0.0044 -0.5738 -0.8190
vn 0.0056 -0.5760 -0.8174
vn 0.0070 -0.3105 -0.9505
vn 0.0055 -0.3097 -0.9508
vn -0.0002 -0.5768 -0.8169
vn -0.0003 -0.3116 -0.9502
vn -0.0003 -0.1090 -0.9940
vn 0.0074 -0.1085 -0.9941
vn 0.0059 -0.1078 -0.9942
vn -0.0049 -0.5742 -0.8187
vn -0.0060 -0.3094 -0.9509
vn -0.0073 -0.3111 -0.9503
vn -0.0060 -0.5760 -0.8174
vn -0.0065 -0.1078 -0.9942
vn -0.0079 -0.1085 -0.9941
vn -0.0067 0.0038 -1.0000
vn -0.0081 0.0038 -1.0000
vn -0.0080 -0.0181 -0.9998
vn -0.0066 -0.0179 -0.9998
vn -0.0003 0.0038 -1.0000
vn -0.0003 -0.0182 -0.9998
vn 0.0061 0.0038 -1.0000
vn 0.0061 -0.0179 -0.9998
vn 0.0075 -0.0181 -0.9998
vn 0.0075 0.0038 -1.0000
vn -0.1415 0.0027 -0.9899
vn -0.1424 -0.0190 -0.9896
vn -0.1864 -0.0158 -0.9823
vn -0.1860 0.0024 -0.9825
vn -0.1405 -0.0652 -0.9879
vn -0.1859 -0.0409 -0.9817
vn -0.2048 -0.0138 -0.9787
vn -0.2091 -0.0134 -0.9778
vn -0.2118 0.0026 -0.9773
vn -0.0678 -0.4210 -0.9045
vn -0.1000 -0.3209 -0.9418
vn -0.1596 -0.1177 -0.9801
vn -0.1180 -0.1831 -0.9760
vn -0.1150 -0.2266 -0.9672
vn -0.1797 -0.0684 -0.9813
vn -0.1197 -0.2009 -0.9723
vn -0.1571 -0.0528 -0.9862
vn -0.1784 -0.0468 -0.9828
vn -0.1198 -0.1888 -0.9747
vn -0.1706 0.0170 -0.9852
vn -0.1928 -0.0049 -0.9812
vn -0.1362 0.0134 -0.9906
vn -0.1502 -0.0162 -0.9885
vn -0.1839 0.0074 -0.9829
vn -0.1624 0.0474 -0.9856
vn -0.1670 0.0073 -0.9859
vn -0.1990 0.0021 -0.9800
vn -0.1353 0.0095 -0.9908
vn -0.1524 -0.0182 -0.9882
vn -0.1833 0.0075 -0.9830
vn -0.1580 0.0349 -0.9868
vn -0.1666 0.0057 -0.9860
vn -0.2007 0.0055 -0.9796
vn -0.1352 0.0056 -0.9908
vn -0.1550 -0.0206 -0.9877
vn -0.1832 0.0058 -0.9831
vn -0.1550 0.0322 -0.9874
vn -0.1668 0.0042 -0.9860
vn -0.2009 0.0023 -0.9796
vn -0.1355 0.0015 -0.9908
vn -0.1596 -0.0325 -0.9866
vn -0.1850 -0.0004 -0.9827
vn -0.1523 0.0299 -0.9879
vn -0.1718 -0.0324 -0.9846
vn -0.2014 -0.0120 -0.9794
vn -0.1807 0.0039 -0.9835
vn -0.2109 0.0037 -0.9775
vn -0.2061 -0.0102 -0.9785
vn -0.1764 -0.0113 -0.9843
vn -0.1194 0.0469 -0.9917
vn -0.1178 0.0052 -0.9930
vn -0.1205 0.0067 -0.9927
vn -0.0727 0.0053 -0.9973
vn -0.0919 0.0256 -0.9954
vn -0.0945 0.0054 -0.9955
vn -0.1180 0.0089 -0.9930
vn -0.1175 -0.0328 -0.9925
vn -0.0937 0.0070 -0.9956
vn -0.0915 -0.0134 -0.9957
vn -0.0648 0.0058 -0.9979
vn -0.0747 0.0400 -0.9964
vn -0.0672 0.0313 -0.9972
vn -0.0694 0.0060 -0.9976
vn -0.1075 0.0652 -0.9921
vn -0.0781 0.0683 -0.9946
vn -0.1959 0.1416 -0.9703
vn -0.1452 0.1456 -0.9786
vn -0.1748 0.1229 -0.9769
vn -0.1856 0.0031 -0.9826
vn -0.0876 0.0048 -0.9961
vn -0.1985 -0.1326 -0.9711
vn -0.1770 -0.1135 -0.9776
vn -0.1475 -0.1373 -0.9795
vn -0.1082 -0.0547 -0.9926
vn -0.0785 -0.0584 -0.9952
vn -0.0647 0.0057 -0.9979
vn -0.0694 0.0057 -0.9976
vn -0.0672 -0.0203 -0.9975
vn -0.0750 -0.0291 -0.9968
vn 0.0731 0.0055 -0.9973
vn 0.0846 -0.0092 -0.9964
vn 0.0745 -0.0047 -0.9972
vn 0.0738 0.0055 -0.9973
vn 0.1207 -0.0310 -0.9922
vn 0.0913 -0.0353 -0.9952
vn 0.0823 0.0055 -0.9966
vn 0.0982 0.0186 -0.9950
vn 0.0990 0.0052 -0.9951
vn 0.2254 -0.0769 -0.9712
vn 0.1676 -0.0772 -0.9828
vn 0.1877 -0.0608 -0.9803
vn 0.2129 0.0054 -0.9771
vn 0.1125 0.0055 -0.9936
vn 0.2254 0.0877 -0.9703
vn 0.1877 0.0717 -0.9796
vn 0.1676 0.0881 -0.9819
vn 0.1208 0.0420 -0.9918
vn 0.0913 0.0464 -0.9947
vn 0.0740 0.0056 -0.9972
vn 0.0745 0.0157 -0.9971
vn 0.0846 0.0203 -0.9962
vn 0.0989 0.0058 -0.9951
vn 0.0982 -0.0076 -0.9951
vn 0.1507 0.0066 -0.9886
vn 0.1672 -0.0092 -0.9859
vn 0.1286 -0.0184 -0.9915
vn 0.1293 0.0069 -0.9916
vn 0.1757 0.0053 -0.9844
vn 0.1299 0.0053 -0.9915
vn 0.1507 0.0049 -0.9886
vn 0.1293 0.0044 -0.9916
vn 0.1291 0.0295 -0.9912
vn 0.1684 0.0203 -0.9855
vn 0.1940 0.0054 -0.9810
vn 0.1922 -0.0044 -0.9814
vn 0.2235 -0.0031 -0.9747
vn 0.2253 0.0054 -0.9743
vn 0.1907 -0.0178 -0.9815
vn 0.2211 -0.0051 -0.9752
vn 0.2277 0.0058 -0.9737
vn 0.2265 -0.0015 -0.9740
vn 0.2253 0.0055 -0.9743
vn 0.1509 0.0028 -0.9885
vn 0.1647 0.0189 -0.9862
vn 0.2026 0.0019 -0.9793
vn 0.1782 -0.0183 -0.9838
vn 0.1762 0.0043 -0.9843
vn 0.2155 0.0032 -0.9765
vn 0.2002 0.0053 -0.9797
vn 0.1714 -0.0105 -0.9851
vn 0.2144 0.0055 -0.9767
vn 0.1726 0.0214 -0.9848
vn 0.2001 0.0053 -0.9798
vn 0.1760 0.0061 -0.9844
vn 0.2161 0.0075 -0.9763
vn 0.1511 0.0088 -0.9885
vn 0.1797 0.0310 -0.9832
vn 0.2030 0.0095 -0.9791
vn 0.1638 -0.0077 -0.9865
vn 0.1937 0.0297 -0.9806
vn 0.2236 0.0155 -0.9746
vn 0.2256 0.0141 -0.9741
vn 0.1933 0.0160 -0.9810
vn 0.2279 0.0122 -0.9736
vn 0.1512 0.0093 -0.9885
vn 0.2017 0.0107 -0.9794
vn 0.1529 0.0055 -0.9882
vn 0.2047 0.0055 -0.9788
vn 0.1496 0.0053 -0.9887
vn 0.1974 0.0055 -0.9803
vn 0.2008 0.0003 -0.9796
vn 0.1512 0.0016 -0.9885
vn 0.0076 0.0038 -1.0000
vn 0.0062 0.0038 -1.0000
vn -0.0068 0.0038 -1.0000
vn 0.0063 0.0038 -1.0000
vn -0.1420 0.0054 -0.9899
vn -0.1443 0.0021 -0.9895
vn -0.1901 0.0009 -0.9818
vn -0.1867 0.0055 -0.9824
vn -0.1459 0.0056 -0.9893
vn -0.1940 0.0055 -0.9810
vn -0.2145 0.0059 -0.9767
vn -0.2136 -0.0012 -0.9769
vn -0.2125 0.0055 -0.9771
vn -0.1907 0.0109 -0.9816
vn -0.1443 0.0088 -0.9895
vn -0.2149 0.0122 -0.9766
vn -0.1796 0.0168 -0.9836
vn -0.2117 0.0140 -0.9772
vn -0.1793 0.0304 -0.9833
vn -0.2092 0.0159 -0.9778
vn -0.1381 0.0086 -0.9904
vn -0.1514 -0.0078 -0.9884
vn -0.1890 0.0099 -0.9819
vn -0.1652 0.0315 -0.9858
vn -0.1635 0.0061 -0.9865
vn -0.2024 0.0075 -0.9793
vn -0.1382 0.0066 -0.9904
vn -0.1545 -0.0092 -0.9879
vn -0.1861 0.0056 -0.9825
vn -0.1588 0.0217 -0.9871
vn -0.1636 0.0053 -0.9865
vn -0.2006 0.0055 -0.9797
vn -0.1390 0.0047 -0.9903
vn -0.1583 -0.0106 -0.9873
vn -0.1861 0.0053 -0.9825
vn -0.1551 0.0204 -0.9877
vn -0.1639 0.0044 -0.9865
vn -0.2017 0.0034 -0.9794
vn -0.1384 0.0025 -0.9904
vn -0.1645 -0.0187 -0.9862
vn -0.1883 0.0018 -0.9821
vn -0.1518 0.0190 -0.9882
vn -0.1773 -0.0180 -0.9840
vn -0.2072 -0.0049 -0.9783
vn -0.1809 0.0054 -0.9835
vn -0.2109 0.0055 -0.9775
vn -0.2099 -0.0025 -0.9777
vn -0.1787 -0.0046 -0.9839
vn -0.1188 0.0280 -0.9925
vn -0.1184 0.0043 -0.9930
vn -0.1206 0.0055 -0.9927
vn -0.0764 0.0055 -0.9971
vn -0.0918 0.0164 -0.9956
vn -0.0923 0.0052 -0.9957
vn -0.1184 0.0068 -0.9929
vn -0.1187 -0.0168 -0.9928
vn -0.0923 0.0058 -0.9957
vn -0.0918 -0.0053 -0.9958
vn -0.0650 0.0056 -0.9979
vn -0.0741 0.0174 -0.9971
vn -0.0681 0.0149 -0.9976
vn -0.0701 0.0056 -0.9975
vn -0.1040 0.0347 -0.9940
vn -0.0791 0.0389 -0.9961
vn -0.1975 0.0831 -0.9768
vn -0.1451 0.0850 -0.9858
vn -0.1645 0.0658 -0.9842
vn -0.1833 0.0055 -0.9830
vn -0.0942 0.0055 -0.9955
vn -0.1976 -0.0722 -0.9776
vn -0.1645 -0.0548 -0.9849
vn -0.1452 -0.0740 -0.9866
vn -0.1040 -0.0236 -0.9943
vn -0.0791 -0.0278 -0.9965
vn -0.0650 0.0055 -0.9979
vn -0.0701 0.0055 -0.9975
vn -0.0681 -0.0038 -0.9977
vn -0.0741 -0.0063 -0.9972
vn 0.0732 0.0055 -0.9973
vn 0.1877 -0.0607 -0.9804
vn 0.1877 0.0716 -0.9796
vn 0.1677 0.0881 -0.9819
vn 0.0738 0.0056 -0.9973
vn 0.0745 0.0158 -0.9971
vn 0.0990 0.0058 -0.9951
vn 0.0984 -0.0077 -0.9951
vn 0.1506 0.0064 -0.9886
vn 0.1677 -0.0092 -0.9858
vn 0.1288 -0.0183 -0.9915
vn 0.1294 0.0068 -0.9916
vn 0.1758 0.0055 -0.9844
vn 0.1302 0.0055 -0.9915
vn 0.1509 0.0045 -0.9885
vn 0.1294 0.0042 -0.9916
vn 0.1288 0.0293 -0.9912
vn 0.1677 0.0201 -0.9856
vn 0.1943 0.0055 -0.9809
vn 0.1925 -0.0044 -0.9813
vn 0.2241 -0.0031 -0.9746
vn 0.2245 0.0055 -0.9745
vn 0.1916 -0.0179 -0.9813
vn 0.2222 -0.0047 -0.9750
vn 0.2273 0.0055 -0.9738
vn 0.2269 -0.0014 -0.9739
vn 0.1515 0.0024 -0.9884
vn 0.1643 0.0186 -0.9862
vn 0.2025 0.0018 -0.9793
vn 0.1789 -0.0186 -0.9837
vn 0.1761 0.0044 -0.9844
vn 0.2156 0.0031 -0.9765
vn 0.2001 0.0052 -0.9798
vn 0.1720 -0.0107 -0.9850
vn 0.2141 0.0054 -0.9768
vn 0.1720 0.0216 -0.9849
vn 0.2003 0.0057 -0.9797
vn 0.1761 0.0065 -0.9844
vn 0.2157 0.0078 -0.9764
vn 0.1509 0.0085 -0.9885
vn 0.1789 0.0295 -0.9834
vn 0.2026 0.0090 -0.9792
vn 0.1643 -0.0077 -0.9864
vn 0.1918 0.0287 -0.9810
vn 0.2222 0.0156 -0.9749
vn 0.2242 0.0140 -0.9744
vn 0.1923 0.0155 -0.9812
vn 0.2270 0.0123 -0.9738
vn 0.1515 0.0087 -0.9884
vn 0.2012 0.0106 -0.9795
vn 0.1543 0.0053 -0.9880
vn 0.1501 0.0053 -0.9887
vn 0.1976 0.0054 -0.9803
vn 0.2014 0.0003 -0.9795
vn 0.1518 0.0015 -0.9884
vn -0.0069 0.0038 -1.0000
vn 0.0064 0.0038 -1.0000
vn -0.1433 0.0053 -0.9897
vn -0.1449 0.0020 -0.9894
vn -0.1904 0.0004 -0.9817
vn -0.1872 0.0055 -0.9823
vn -0.1464 0.0054 -0.9892
vn -0.2140 0.0055 -0.9768
vn -0.2140 -0.0012 -0.9768
vn -0.2124 0.0055 -0.9772
vn -0.1903 0.0106 -0.9817
vn -0.1446 0.0083 -0.9895
vn -0.2141 0.0123 -0.9767
vn -0.1790 0.0155 -0.9837
vn -0.2104 0.0137 -0.9775
vn -0.1779 0.0290 -0.9836
vn -0.2079 0.0157 -0.9780
vn -0.1385 0.0086 -0.9903
vn -0.1516 -0.0078 -0.9884
vn -0.1885 0.0093 -0.9820
vn -0.1648 0.0299 -0.9859
vn -0.1636 0.0065 -0.9865
vn -0.2019 0.0077 -0.9794
vn -0.1382 0.0065 -0.9904
vn -0.1548 -0.0092 -0.9879
vn -0.1858 0.0057 -0.9826
vn -0.1585 0.0218 -0.9871
vn -0.1635 0.0055 -0.9865
vn -0.2004 0.0055 -0.9797
vn -0.1381 0.0045 -0.9904
vn -0.1585 -0.0108 -0.9873
vn -0.1861 0.0052 -0.9825
vn -0.1548 0.0202 -0.9877
vn -0.1640 0.0045 -0.9865
vn -0.2018 0.0032 -0.9794
vn -0.1384 0.0024 -0.9904
vn -0.1648 -0.0190 -0.9861
vn -0.1883 0.0017 -0.9821
vn -0.1516 0.0188 -0.9883
vn -0.1779 -0.0180 -0.9839
vn -0.2079 -0.0047 -0.9781
vn -0.1808 0.0056 -0.9835
vn -0.2112 0.0055 -0.9774
vn -0.2104 -0.0026 -0.9776
vn -0.1789 -0.0046 -0.9839
vn -0.1188 0.0279 -0.9925
vn -0.1182 0.0043 -0.9930
vn -0.1204 0.0055 -0.9927
vn -0.0762 0.0055 -0.9971
vn -0.1185 0.0068 -0.9929
vn -0.1187 -0.0167 -0.9928
vn -0.0919 0.0061 -0.9958
vn -0.0681 0.0150 -0.9976
vn -0.0791 0.0390 -0.9961
vn -0.1975 -0.0723 -0.9776
vn -0.1451 -0.0740 -0.9866
vn -0.0792 -0.0278 -0.9965
vn -0.0698 0.0055 -0.9975
vn -0.0681 -0.0039 -0.9977
vn 0.0740 0.0055 -0.9972
vn 0.0817 0.0055 -0.9966
vn 0.0986 0.0050 -0.9951
vn 0.1877 -0.0607 -0.9803
vn 0.2254 0.0876 -0.9703
vn 0.0982 -0.0075 -0.9951
vn 0.1507 0.0061 -0.9886
vn 0.1682 -0.0093 -0.9857
vn 0.1291 -0.0185 -0.9915
vn 0.1294 0.0066 -0.9916
vn 0.1756 0.0057 -0.9844
vn 0.1302 0.0057 -0.9915
vn 0.1510 0.0043 -0.9885
vn 0.1294 0.0041 -0.9916
vn 0.1286 0.0293 -0.9913
vn 0.1671 0.0201 -0.9857
vn 0.1936 0.0074 -0.9810
vn 0.1930 -0.0052 -0.9812
vn 0.2251 -0.0030 -0.9743
vn 0.2234 0.0080 -0.9747
vn 0.1934 -0.0190 -0.9809
vn 0.2232 -0.0047 -0.9748
vn 0.2277 0.0053 -0.9737
vn 0.2277 -0.0013 -0.9737
vn 0.2245 0.0089 -0.9744
vn 0.1509 0.0022 -0.9885
vn 0.1637 0.0186 -0.9863
vn 0.2028 0.0011 -0.9792
vn 0.1796 -0.0201 -0.9835
vn 0.1759 0.0047 -0.9844
vn 0.2158 0.0032 -0.9764
vn 0.1998 0.0056 -0.9798
vn 0.1725 -0.0106 -0.9850
vn 0.2139 0.0054 -0.9768
vn 0.1713 0.0215 -0.9850
vn 0.2000 0.0057 -0.9798
vn 0.1761 0.0066 -0.9844
vn 0.2151 0.0077 -0.9766
vn 0.1510 0.0081 -0.9885
vn 0.1781 0.0292 -0.9836
vn 0.2021 0.0090 -0.9793
vn 0.1646 -0.0079 -0.9863
vn 0.1906 0.0287 -0.9812
vn 0.2211 0.0157 -0.9751
vn 0.2235 0.0134 -0.9746
vn 0.1916 0.0156 -0.9813
vn 0.2264 0.0125 -0.9740
vn 0.1519 0.0092 -0.9884
vn 0.2012 0.0107 -0.9795
vn 0.1549 0.0051 -0.9879
vn 0.2052 0.0054 -0.9787
vn 0.1501 0.0085 -0.9886
vn 0.1974 0.0089 -0.9803
vn 0.2023 0.0003 -0.9793
vn 0.1525 0.0015 -0.9883
vn 0.0065 0.0038 -1.0000
vn -0.0070 0.0038 -1.0000
vn -0.0071 0.0038 -1.0000
vn -0.0082 0.0038 -1.0000
vn 0.0077 0.0038 -1.0000
vn -0.1429 0.0083 -0.9897
vn -0.1457 0.0016 -0.9893
vn -0.1914 0.0005 -0.9815
vn -0.1866 0.0087 -0.9824
vn -0.1474 0.0052 -0.9891
vn -0.1944 0.0055 -0.9809
vn -0.2146 0.0056 -0.9767
vn -0.2147 -0.0012 -0.9767
vn -0.2116 0.0086 -0.9773
vn -0.1905 0.0102 -0.9816
vn -0.1450 0.0083 -0.9894
vn -0.2135 0.0124 -0.9769
vn -0.1783 0.0158 -0.9838
vn -0.2096 0.0137 -0.9777
vn -0.1771 0.0290 -0.9838
vn -0.2069 0.0158 -0.9782
vn -0.1383 0.0086 -0.9903
vn -0.1518 -0.0080 -0.9884
vn -0.1882 0.0092 -0.9821
vn -0.1644 0.0297 -0.9859
vn -0.1637 0.0066 -0.9865
vn -0.2013 0.0077 -0.9795
vn -0.1379 0.0063 -0.9904
vn -0.1550 -0.0094 -0.9879
vn -0.1862 0.0057 -0.9825
vn -0.1582 0.0216 -0.9872
vn -0.1633 0.0057 -0.9866
vn -0.2002 0.0055 -0.9797
vn -0.1379 0.0044 -0.9904
vn -0.1587 -0.0108 -0.9873
vn -0.1858 0.0054 -0.9826
vn -0.1544 0.0202 -0.9878
vn -0.1635 0.0048 -0.9865
vn -0.2020 0.0034 -0.9794
vn -0.1382 0.0024 -0.9904
vn -0.1652 -0.0206 -0.9860
vn -0.1889 0.0008 -0.9820
vn -0.1514 0.0188 -0.9883
vn -0.1791 -0.0195 -0.9836
vn -0.2087 -0.0050 -0.9780
vn -0.1803 0.0072 -0.9836
vn -0.2096 0.0076 -0.9778
vn -0.2111 -0.0031 -0.9775
vn -0.1794 -0.0059 -0.9838
vn -0.1187 0.0278 -0.9925
vn -0.1185 0.0042 -0.9929
vn -0.1186 0.0067 -0.9929
vn -0.1187 -0.0163 -0.9928
vn -0.0918 0.0062 -0.9958
vn -0.0649 0.0056 -0.9979
vn -0.0707 0.0057 -0.9975
vn -0.1644 0.0658 -0.9842
vn -0.1832 0.0055 -0.9831
vn -0.1451 -0.0741 -0.9866
vn -0.0699 0.0055 -0.9975
vn -0.0699 0.0054 -0.9975
vn 0.0731 0.0062 -0.9973
vn 0.0863 -0.0375 -0.9956
vn 0.0739 -0.0231 -0.9970
vn 0.0723 0.0062 -0.9974
vn 0.1268 -0.0711 -0.9894
vn 0.0913 -0.0738 -0.9931
vn 0.0782 0.0053 -0.9969
vn 0.0971 0.0291 -0.9949
vn 0.1008 0.0042 -0.9949
vn 0.2283 -0.1433 -0.9630
vn 0.1727 -0.1445 -0.9743
vn 0.2037 -0.1258 -0.9709
vn 0.2159 0.0013 -0.9764
vn 0.1040 0.0053 -0.9946
vn 0.2214 0.1505 -0.9635
vn 0.1980 0.1337 -0.9710
vn 0.1666 0.1505 -0.9745
vn 0.1245 0.0809 -0.9889
vn 0.0895 0.0836 -0.9925
vn 0.0731 0.0060 -0.9973
vn 0.0723 0.0060 -0.9974
vn 0.0733 0.0342 -0.9967
vn 0.0853 0.0479 -0.9952
vn 0.1009 0.0058 -0.9949
vn 0.0983 -0.0195 -0.9950
vn 0.1473 0.0041 -0.9891
vn 0.1685 -0.0214 -0.9855
vn 0.1306 -0.0399 -0.9906
vn 0.1288 0.0051 -0.9917
vn 0.1783 0.0052 -0.9840
vn 0.1297 0.0043 -0.9915
vn 0.1478 0.0002 -0.9890
vn 0.1292 0.0014 -0.9916
vn 0.1264 0.0473 -0.9909
vn 0.1636 0.0292 -0.9861
vn 0.1195 0.2138 -0.9695
vn 0.1658 0.0649 -0.9840
vn 0.1886 0.0594 -0.9803
vn 0.1245 0.2042 -0.9710
vn 0.1834 -0.0053 -0.9830
vn 0.2052 0.0163 -0.9786
vn 0.2172 0.0253 -0.9758
vn 0.1907 0.0808 -0.9783
vn 0.1217 0.2442 -0.9621
vn 0.1489 -0.0039 -0.9888
vn 0.1614 0.0270 -0.9865
vn 0.1965 0.0040 -0.9805
vn 0.1768 -0.0363 -0.9836
vn 0.1792 0.0035 -0.9838
vn 0.2120 0.0085 -0.9772
vn 0.1961 0.0037 -0.9806
vn 0.1720 -0.0241 -0.9848
vn 0.2138 0.0052 -0.9769
vn 0.1664 0.0317 -0.9855
vn 0.1959 0.0054 -0.9806
vn 0.1785 0.0069 -0.9839
vn 0.2139 0.0087 -0.9768
vn 0.1476 0.0082 -0.9890
vn 0.1711 0.0435 -0.9843
vn 0.1978 0.0119 -0.9802
vn 0.1654 -0.0191 -0.9860
vn 0.1833 0.0441 -0.9821
vn 0.2142 0.0235 -0.9765
vn 0.2193 0.0212 -0.9754
vn 0.1887 0.0226 -0.9818
vn 0.2215 0.0250 -0.9748
vn 0.1506 0.0312 -0.9881
vn 0.1977 0.0284 -0.9799
vn 0.1488 0.0783 -0.9858
vn 0.1971 0.0531 -0.9789
vn 0.0709 0.4461 -0.8922
vn 0.1057 0.3422 -0.9337
vn 0.1697 0.1316 -0.9767
vn 0.1248 0.2011 -0.9716
vn 0.0076 0.0266 -0.9996
vn 0.0065 0.0265 -0.9996
vn -0.0003 0.0267 -0.9996
vn -0.0002 0.1234 -0.9924
vn 0.0076 0.1229 -0.9924
vn 0.0064 0.1222 -0.9925
vn -0.0071 0.0265 -0.9996
vn -0.0081 0.0266 -0.9996
vn -0.0070 0.1222 -0.9925
vn -0.0081 0.1229 -0.9924
vn -0.0053 0.6044 -0.7967
vn -0.0060 0.6064 -0.7952
vn -0.0074 0.3385 -0.9409
vn -0.0065 0.3368 -0.9416
vn -0.0002 0.6075 -0.7943
vn -0.0002 0.3390 -0.9408
vn 0.0050 0.6047 -0.7964
vn 0.0061 0.3368 -0.9416
vn 0.0070 0.3385 -0.9409
vn 0.0057 0.6067 -0.7949
vn -0.0664 0.4497 -0.8907
vn -0.1184 0.2045 -0.9717
vn -0.1591 0.1353 -0.9779
vn -0.0981 0.3456 -0.9332
vn -0.1420 0.0792 -0.9867
vn -0.1863 0.0537 -0.9810
vn -0.2040 0.0251 -0.9787
vn -0.1783 0.0828 -0.9805
vn -0.1119 0.2465 -0.9627
vn -0.1870 0.0274 -0.9820
vn -0.1438 0.0305 -0.9891
vn -0.2087 0.0246 -0.9777
vn -0.1759 0.0229 -0.9841
vn -0.2057 0.0211 -0.9784
vn -0.1712 0.0442 -0.9842
vn -0.2005 0.0234 -0.9794
vn -0.1355 0.0096 -0.9907
vn -0.1525 -0.0195 -0.9881
vn -0.1844 0.0115 -0.9828
vn -0.1592 0.0443 -0.9863
vn -0.1667 0.0068 -0.9860
vn -0.2003 0.0087 -0.9797
vn -0.1353 0.0055 -0.9908
vn -0.1552 -0.0219 -0.9876
vn -0.1827 0.0051 -0.9832
vn -0.1547 0.0323 -0.9874
vn -0.1666 0.0052 -0.9860
vn -0.2001 0.0053 -0.9798
vn -0.1354 0.0017 -0.9908
vn -0.1584 -0.0246 -0.9871
vn -0.1829 0.0033 -0.9831
vn -0.1521 0.0299 -0.9879
vn -0.1673 0.0035 -0.9859
vn -0.1984 0.0088 -0.9801
vn -0.1364 -0.0022 -0.9907
vn -0.1630 -0.0371 -0.9859
vn -0.1836 0.0034 -0.9830
vn -0.1499 0.0279 -0.9883
vn -0.1705 -0.0063 -0.9853
vn -0.1920 0.0160 -0.9813
vn -0.1155 0.2193 -0.9688
vn -0.1157 0.2066 -0.9716
vn -0.1768 0.0596 -0.9824
vn -0.1559 0.0662 -0.9856
vn -0.1171 0.0454 -0.9921
vn -0.1182 0.0022 -0.9930
vn -0.1209 0.0045 -0.9927
vn -0.0727 0.0052 -0.9973
vn -0.0913 0.0251 -0.9955
vn -0.0942 0.0045 -0.9955
vn -0.1179 0.0059 -0.9930
vn -0.1199 -0.0368 -0.9921
vn -0.0939 0.0059 -0.9956
vn -0.0921 -0.0149 -0.9956
vn -0.0647 0.0059 -0.9979
vn -0.0745 0.0403 -0.9964
vn -0.0669 0.0319 -0.9972
vn -0.0693 0.0060 -0.9976
vn -0.1071 0.0657 -0.9921
vn -0.0776 0.0691 -0.9946
vn -0.1941 0.1424 -0.9706
vn -0.1436 0.1456 -0.9789
vn -0.1736 0.1238 -0.9770
vn -0.1857 -0.0001 -0.9826
vn -0.0875 0.0052 -0.9961
vn -0.2002 -0.1359 -0.9703
vn -0.1786 -0.1165 -0.9770
vn -0.1491 -0.1410 -0.9787
vn -0.1087 -0.0560 -0.9925
vn -0.0789 -0.0592 -0.9951
vn -0.0647 0.0061 -0.9979
vn -0.0674 -0.0209 -0.9975
vn -0.0752 -0.0300 -0.9967
vn 0.0103 -0.5644 -0.8254
vn 0.0022 -0.5538 -0.8326
vn -0.0139 -0.2952 -0.9553
vn -0.0005 -0.3033 -0.9529
vn -0.0117 -0.5315 -0.8470
vn -0.0368 -0.2757 -0.9605
vn -0.0512 -0.0969 -0.9940
vn -0.0239 -0.1034 -0.9943
vn -0.0076 -0.1060 -0.9943
vn -0.0710 -0.2384 -0.9686
vn -0.0338 -0.4898 -0.8712
vn -0.0901 -0.0840 -0.9924
vn -0.0944 0.0036 -0.9955
vn -0.0940 -0.0192 -0.9954
vn -0.0565 0.0045 -0.9984
vn -0.0555 -0.0183 -0.9983
vn -0.0114 0.0044 -0.9999
vn -0.0106 -0.0171 -0.9998
vn -0.0276 -0.0171 -0.9995
vn -0.0285 0.0045 -0.9996
vn 0.0006 -0.5723 -0.8200
vn -0.0009 -0.3082 -0.9513
vn 0.0080 -0.5712 -0.8208
vn 0.0040 -0.3075 -0.9515
vn 0.0011 -0.1069 -0.9943
vn -0.0019 -0.1072 -0.9942
vn 0.0052 -0.3067 -0.9518
vn 0.0125 -0.5692 -0.8221
vn -0.0001 -0.1066 -0.9943
vn -0.0029 0.0042 -1.0000
vn -0.0023 -0.0173 -0.9998
vn -0.0005 0.0040 -1.0000
vn -0.0002 -0.0175 -0.9998
vn -0.0023 -0.0177 -0.9998
vn -0.0024 0.0039 -1.0000
vn 0.0106 0.0044 -0.9999
vn 0.0277 0.0046 -0.9996
vn 0.0271 -0.0171 -0.9995
vn 0.0099 -0.0171 -0.9998
vn 0.0571 0.0045 -0.9984
vn 0.0565 -0.0180 -0.9982
vn 0.0518 -0.0969 -0.9939
vn 0.0234 -0.1037 -0.9943
vn 0.0070 -0.1057 -0.9944
vn 0.0974 -0.0200 -0.9950
vn 0.0973 0.0035 -0.9953
vn 0.0931 -0.0836 -0.9921
vn 0.0356 -0.4880 -0.8721
vn 0.0736 -0.2366 -0.9688
vn 0.0119 -0.5309 -0.8473
vn 0.0372 -0.2750 -0.9607
vn -0.0110 -0.5646 -0.8253
vn -0.0003 -0.3034 -0.9529
vn 0.0134 -0.2951 -0.9554
vn -0.0027 -0.5537 -0.8327
vn 0.0018 0.0039 -1.0000
vn 0.0017 -0.0177 -0.9998
vn -0.0001 0.0040 -1.0000
vn -0.0005 -0.0175 -0.9998
vn -0.0017 -0.1069 -0.9943
vn 0.0013 -0.1072 -0.9942
vn 0.0016 -0.0173 -0.9998
vn 0.0022 0.0042 -1.0000
vn -0.0006 -0.1066 -0.9943
vn -0.0132 -0.5693 -0.8220
vn -0.0058 -0.3061 -0.9520
vn -0.0086 -0.5712 -0.8208
vn -0.0046 -0.3075 -0.9515
vn 0.0003 -0.3082 -0.9513
vn -0.0011 -0.5723 -0.8200
vn -0.0285 0.0048 -0.9996
vn -0.0567 0.0061 -0.9984
vn -0.0571 0.0049 -0.9984
vn -0.0288 0.0046 -0.9996
vn -0.0116 0.0044 -0.9999
vn -0.0957 0.0075 -0.9954
vn -0.0969 0.0053 -0.9953
vn -0.0943 0.0051 -0.9955
vn -0.0958 0.0032 -0.9954
vn -0.0568 0.0049 -0.9984
vn -0.0570 0.0043 -0.9984
vn -0.0118 0.0044 -0.9999
vn -0.0117 0.0044 -0.9999
vn -0.0288 0.0045 -0.9996
vn -0.0025 0.0039 -1.0000
vn -0.0006 0.0040 -1.0000
vn -0.0030 0.0042 -1.0000
vn -0.0031 0.0042 -1.0000
vn -0.0033 0.0042 -1.0000
vn -0.0032 0.0042 -1.0000
vn -0.0008 0.0040 -1.0000
vn -0.0007 0.0040 -1.0000
vn -0.0026 0.0039 -1.0000
vn 0.0111 0.0044 -0.9999
vn 0.0282 0.0046 -0.9996
vn 0.0283 0.0045 -0.9996
vn 0.0109 0.0044 -0.9999
vn 0.0575 0.0049 -0.9983
vn 0.0576 0.0039 -0.9983
vn 0.0582 0.0050 -0.9983
vn 0.0284 0.0046 -0.9996
vn 0.0108 0.0044 -0.9999
vn 0.0989 0.0029 -0.9951
vn 0.0977 0.0051 -0.9952
vn 0.1003 0.0053 -0.9949
vn 0.0988 0.0078 -0.9951
vn 0.0574 0.0056 -0.9983
vn 0.0107 0.0044 -0.9999
vn 0.0280 0.0048 -0.9996
vn 0.0021 0.0039 -1.0000
vn 0.0020 0.0039 -1.0000
vn 0.0002 0.0040 -1.0000
vn 0.0001 0.0040 -1.0000
vn -0.0000 0.0040 -1.0000
vn 0.0019 0.0039 -1.0000
vn 0.0025 0.0042 -1.0000
vn 0.0026 0.0042 -1.0000
vn 0.0024 0.0042 -1.0000
vn 0.0023 0.0042 -1.0000
vn -0.0291 0.0047 -0.9996
vn -0.0120 0.0044 -0.9999
vn -0.0573 0.0054 -0.9983
vn -0.0584 0.0049 -0.9983
vn -0.0294 0.0046 -0.9996
vn -0.0121 0.0044 -0.9999
vn -0.0962 0.0071 -0.9953
vn -0.0977 0.0051 -0.9952
vn -0.0955 0.0051 -0.9954
vn -0.0965 0.0032 -0.9953
vn -0.0565 0.0049 -0.9984
vn -0.0576 0.0043 -0.9983
vn -0.0123 0.0044 -0.9999
vn -0.0122 0.0044 -0.9999
vn -0.0294 0.0045 -0.9996
vn -0.0293 0.0046 -0.9996
vn -0.0027 0.0039 -1.0000
vn -0.0009 0.0040 -1.0000
vn -0.0010 0.0040 -1.0000
vn -0.0028 0.0039 -1.0000
vn -0.0034 0.0042 -1.0000
vn -0.0035 0.0042 -1.0000
vn -0.0038 0.0042 -1.0000
vn -0.0037 0.0042 -1.0000
vn -0.0012 0.0040 -1.0000
vn -0.0011 0.0040 -1.0000
vn -0.0029 0.0039 -1.0000
vn 0.0116 0.0044 -0.9999
vn 0.0288 0.0046 -0.9996
vn 0.0289 0.0045 -0.9996
vn 0.0115 0.0044 -0.9999
vn 0.0580 0.0049 -0.9983
vn 0.0582 0.0043 -0.9983
vn 0.0584 0.0049 -0.9983
vn 0.0289 0.0046 -0.9996
vn 0.0113 0.0044 -0.9999
vn 0.0995 0.0029 -0.9950
vn 0.0982 0.0051 -0.9952
vn 0.1006 0.0051 -0.9949
vn 0.0992 0.0073 -0.9950
vn 0.0579 0.0055 -0.9983
vn 0.0112 0.0044 -0.9999
vn 0.0286 0.0047 -0.9996
vn 0.0023 0.0039 -1.0000
vn 0.0006 0.0040 -1.0000
vn 0.0005 0.0040 -1.0000
vn 0.0004 0.0040 -1.0000
vn 0.0022 0.0039 -1.0000
vn 0.0030 0.0042 -1.0000
vn 0.0031 0.0042 -1.0000
vn 0.0028 0.0042 -1.0000
vn 0.0027 0.0042 -1.0000
vn 0.0003 0.0040 -1.0000
vn -0.0296 0.0047 -0.9995
vn -0.0125 0.0044 -0.9999
vn -0.0578 0.0054 -0.9983
vn -0.0586 0.0048 -0.9983
vn -0.0300 0.0046 -0.9995
vn -0.0126 0.0044 -0.9999
vn -0.0967 0.0076 -0.9953
vn -0.0983 0.0050 -0.9951
vn -0.0958 0.0069 -0.9954
vn -0.0971 0.0027 -0.9953
vn -0.0578 0.0056 -0.9983
vn -0.0581 0.0042 -0.9983
vn -0.0128 0.0044 -0.9999
vn -0.0127 0.0044 -0.9999
vn -0.0299 0.0045 -0.9995
vn -0.0298 0.0046 -0.9995
vn -0.0030 0.0039 -1.0000
vn -0.0013 0.0040 -1.0000
vn -0.0014 0.0040 -1.0000
vn -0.0039 0.0042 -1.0000
vn -0.0040 0.0042 -1.0000
vn -0.0042 0.0042 -1.0000
vn -0.0041 0.0042 -1.0000
vn -0.0015 0.0040 -1.0000
vn -0.0031 0.0039 -1.0000
vn 0.0120 0.0044 -0.9999
vn 0.0295 0.0049 -0.9996
vn 0.0294 0.0045 -0.9996
vn 0.0119 0.0044 -0.9999
vn 0.0582 0.0057 -0.9983
vn 0.0588 0.0041 -0.9983
vn 0.0589 0.0048 -0.9983
vn 0.0295 0.0046 -0.9996
vn 0.0118 0.0044 -0.9999
vn 0.1002 0.0024 -0.9950
vn 0.0985 0.0069 -0.9951
vn 0.1008 0.0050 -0.9949
vn 0.0997 0.0079 -0.9950
vn 0.0585 0.0055 -0.9983
vn 0.0117 0.0044 -0.9999
vn 0.0292 0.0047 -0.9996
vn 0.0026 0.0039 -1.0000
vn 0.0025 0.0039 -1.0000
vn 0.0009 0.0040 -1.0000
vn 0.0008 0.0040 -1.0000
vn 0.0034 0.0042 -1.0000
vn 0.0035 0.0042 -1.0000
vn 0.0033 0.0042 -1.0000
vn 0.0032 0.0042 -1.0000
vn 0.0007 0.0040 -1.0000
vn 0.0024 0.0039 -1.0000
vn -0.0293 0.0275 -0.9992
vn -0.0122 0.0270 -0.9996
vn -0.0573 0.0291 -0.9979
vn -0.0528 0.1125 -0.9922
vn -0.0256 0.1192 -0.9925
vn -0.0092 0.1215 -0.9925
vn -0.0956 0.0306 -0.9949
vn -0.0917 0.0990 -0.9909
vn -0.0331 0.5199 -0.8536
vn -0.0715 0.2633 -0.9621
vn -0.0118 0.5620 -0.8270
vn -0.0376 0.3025 -0.9524
vn 0.0093 0.5950 -0.8037
vn -0.0017 0.3315 -0.9434
vn -0.0150 0.3228 -0.9463
vn 0.0015 0.5844 -0.8114
vn -0.0031 0.0265 -0.9996
vn -0.0013 0.0265 -0.9996
vn -0.0001 0.1217 -0.9926
vn -0.0028 0.1218 -0.9926
vn -0.0037 0.0267 -0.9996
vn -0.0015 0.1218 -0.9926
vn 0.0115 0.5996 -0.8002
vn 0.0039 0.3337 -0.9427
vn 0.0070 0.6018 -0.7986
vn 0.0029 0.3350 -0.9422
vn -0.0018 0.3357 -0.9420
vn -0.0003 0.6030 -0.7978
vn -0.0099 0.5952 -0.8035
vn -0.0019 0.5844 -0.8115
vn 0.0146 0.3226 -0.9464
vn 0.0011 0.3315 -0.9434
vn 0.0121 0.5614 -0.8274
vn 0.0382 0.3018 -0.9526
vn 0.0535 0.1122 -0.9922
vn 0.0251 0.1190 -0.9926
vn 0.0087 0.1208 -0.9926
vn 0.0742 0.2613 -0.9624
vn 0.0350 0.5181 -0.8546
vn 0.0947 0.0985 -0.9906
vn 0.0990 0.0313 -0.9946
vn 0.0583 0.0289 -0.9979
vn 0.0115 0.0270 -0.9996
vn 0.0288 0.0275 -0.9992
vn -0.0001 0.6030 -0.7978
vn 0.0013 0.3357 -0.9420
vn -0.0074 0.6018 -0.7986
vn -0.0034 0.3350 -0.9422
vn -0.0005 0.1217 -0.9926
vn 0.0022 0.1218 -0.9926
vn -0.0046 0.3344 -0.9424
vn -0.0120 0.5999 -0.8000
vn 0.0009 0.1218 -0.9926
vn 0.0030 0.0267 -0.9996
vn 0.0007 0.0265 -0.9996
vn 0.0025 0.0265 -0.9996
vn 0.0731 0.0059 -0.9973
vn 0.0860 -0.0367 -0.9956
vn 0.0729 -0.0275 -0.9970
vn 0.0725 0.0056 -0.9974
vn 0.1263 -0.0699 -0.9895
vn 0.0893 -0.0849 -0.9924
vn 0.0830 -0.0531 -0.9951
vn 0.1017 0.0330 -0.9943
vn 0.1007 0.0085 -0.9949
vn 0.2274 -0.1409 -0.9635
vn 0.1680 -0.1716 -0.9707
vn 0.2027 -0.1236 -0.9714
vn -0.4053 0.0138 -0.9141
vn 0.1023 -0.0877 -0.9909
vn 0.6412 0.7202 -0.2648
vn 0.2609 -0.2362 -0.9360
vn 0.2085 -0.2438 -0.9471
vn 0.1549 -0.0764 -0.9850
vn 0.2125 -0.0413 -0.9763
vn 0.1225 -0.2577 -0.9584
vn 0.0856 -0.0915 -0.9921
vn 0.0812 -0.2198 -0.9722
vn 0.0905 -0.2207 -0.9711
vn 0.0834 -0.1101 -0.9904
vn 0.0920 -0.2335 -0.9680
vn 0.1080 -0.2226 -0.9689
vn 0.1087 -0.1038 -0.9886
vn 0.1369 -0.0686 -0.9882
vn 0.1180 -0.2144 -0.9696
vn 0.1390 0.0128 -0.9902
vn 0.1299 0.0134 -0.9914
vn 0.1366 0.0611 -0.9887
vn 0.0734 -0.0228 -0.9970
vn 0.1261 -0.0698 -0.9896
vn 0.0904 -0.0740 -0.9932
vn 0.0782 0.0054 -0.9969
vn 0.0991 0.0323 -0.9946
vn 0.0081 -0.4082 -0.9129
vn -0.8372 -0.5412 0.0790
vn 0.1711 -0.1420 -0.9750
vn 0.2023 -0.1233 -0.9715
vn 0.2156 0.0030 -0.9765
vn 0.1040 0.0032 -0.9946
vn 0.2228 0.1494 -0.9634
vn 0.1989 0.1325 -0.9710
vn 0.1678 0.1496 -0.9744
vn 0.1248 0.0801 -0.9889
vn 0.0902 0.0813 -0.9926
vn 0.0736 0.0334 -0.9967
vn 0.0854 0.0474 -0.9952
vn 0.0963 -0.0155 -0.9952
vn 0.1242 -0.0324 -0.9917
vn 0.1299 0.0102 -0.9915
vn 0.1335 0.0538 -0.9896
vn 0.1336 -0.0504 -0.9898
vn 0.1289 0.0020 -0.9917
vn 0.1385 -0.0337 -0.9898
vn 0.0810 -0.0002 -0.9967
vn 0.1007 -0.0274 -0.9945
vn 0.1006 0.0037 -0.9949
vn 0.1540 0.0046 -0.9881
vn 0.1473 -0.0052 -0.9891
vn 0.1143 0.0055 -0.9934
vn 0.1081 0.0038 -0.9941
vn 0.0730 0.0059 -0.9973
vn 0.0846 -0.0291 -0.9960
vn 0.0766 -0.0199 -0.9969
vn 0.0797 0.0062 -0.9968
vn 0.1241 -0.0653 -0.9901
vn 0.0905 -0.0654 -0.9938
vn 0.2251 -0.1398 -0.9643
vn 0.1694 -0.1388 -0.9757
vn 0.2002 -0.1215 -0.9722
vn 0.2155 0.0048 -0.9765
vn 0.1042 0.0093 -0.9945
vn 0.2245 0.1502 -0.9628
vn 0.2004 0.1331 -0.9706
vn 0.1692 0.1512 -0.9739
vn 0.1254 0.0804 -0.9888
vn 0.0901 0.0834 -0.9924
vn 0.0731 0.0056 -0.9973
vn 0.0723 0.0055 -0.9974
vn 0.0733 0.0322 -0.9968
vn 0.0856 0.0475 -0.9952
vn 0.1299 -0.0387 -0.9908
vn 0.1298 0.0035 -0.9915
vn 0.0783 0.0055 -0.9969
vn 0.0984 -0.0195 -0.9950
vn 0.1267 0.0466 -0.9908
vn 0.0968 0.0279 -0.9949
vn 0.0858 -0.0365 -0.9956
vn 0.0737 -0.0221 -0.9970
vn 0.1257 -0.0696 -0.9896
vn 0.0907 -0.0717 -0.9933
vn 0.2257 -0.1400 -0.9641
vn 0.1702 -0.1410 -0.9753
vn 0.2013 -0.1228 -0.9718
vn 0.2155 0.0045 -0.9765
vn 0.1040 0.0063 -0.9946
vn -0.5621 0.2257 -0.7957
vn 0.1999 0.1329 -0.9708
vn 0.1687 0.1508 -0.9741
vn -0.6249 0.4066 -0.6665
vn 0.1252 0.0803 -0.9889
vn 0.0899 0.0835 -0.9924
vn 0.0733 0.0336 -0.9967
vn 0.0742 -0.0043 -0.9972
vn 0.0740 0.0058 -0.9972
vn 0.0909 -0.0361 -0.9952
vn 0.0849 0.0120 -0.9963
vn 0.1020 0.0260 -0.9944
vn 0.0989 0.0064 -0.9951
vn 0.2253 -0.0769 -0.9712
vn 0.1675 -0.0774 -0.9828
vn 0.1128 0.0049 -0.9936
vn 0.1881 0.0722 -0.9795
vn 0.1681 0.0884 -0.9818
vn 0.1215 0.0438 -0.9916
vn 0.0928 0.0476 -0.9945
vn 0.0782 0.0242 -0.9966
vn 0.0849 0.0261 -0.9960
vn 0.1081 0.0080 -0.9941
vn 0.1485 0.0116 -0.9888
vn 0.1427 0.0311 -0.9893
vn 0.1301 0.0095 -0.9915
vn 0.1387 0.0410 -0.9895
vn 0.0743 -0.0048 -0.9972
vn 0.1206 -0.0310 -0.9922
vn 0.0911 -0.0359 -0.9952
vn 0.0819 0.0053 -0.9966
vn 0.0993 0.0200 -0.9949
vn 0.1675 -0.0773 -0.9828
vn 0.1125 0.0049 -0.9936
vn 0.1677 0.0880 -0.9819
vn 0.0916 0.0458 -0.9947
vn 0.0746 0.0156 -0.9971
vn 0.0970 -0.0065 -0.9953
vn 0.1254 -0.0167 -0.9920
vn 0.1298 0.0065 -0.9915
vn 0.1326 0.0313 -0.9907
vn 0.1380 -0.0285 -0.9900
vn 0.1299 0.0018 -0.9915
vn 0.1420 -0.0190 -0.9897
vn 0.0851 0.0002 -0.9964
vn 0.1020 -0.0143 -0.9947
vn 0.0987 0.0038 -0.9951
vn 0.1539 0.0055 -0.9881
vn 0.1484 -0.0002 -0.9889
vn 0.1136 0.0055 -0.9935
vn 0.1087 0.0044 -0.9941
vn 0.0781 -0.0067 -0.9969
vn 0.0804 0.0055 -0.9967
vn 0.0924 -0.0345 -0.9951
vn 0.1678 -0.0769 -0.9828
vn 0.1128 0.0067 -0.9936
vn 0.1676 0.0883 -0.9819
vn 0.0910 0.0470 -0.9947
vn 0.0739 0.0054 -0.9972
vn 0.0742 0.0153 -0.9971
vn 0.1322 -0.0201 -0.9910
vn 0.1300 0.0039 -0.9915
vn 0.0823 0.0057 -0.9966
vn 0.0993 -0.0089 -0.9950
vn 0.1258 0.0279 -0.9917
vn 0.0971 0.0175 -0.9951
vn 0.0746 -0.0045 -0.9972
vn 0.0916 -0.0347 -0.9952
vn 0.1677 -0.0770 -0.9828
vn 0.1125 0.0062 -0.9936
vn 0.0911 0.0469 -0.9947
vn 0.0743 0.0160 -0.9971
vn 0.0910 -0.0359 -0.9952
vn 0.0855 0.0109 -0.9963
vn 0.1020 0.0254 -0.9945
vn 0.0991 0.0064 -0.9951
vn 0.1128 0.0044 -0.9936
vn 0.1678 0.0878 -0.9819
vn 0.0924 0.0456 -0.9947
vn 0.0781 0.0178 -0.9968
vn 0.1087 0.0066 -0.9941
vn 0.1482 0.0114 -0.9889
vn 0.1423 0.0300 -0.9894
vn 0.1303 0.0094 -0.9914
vn 0.1383 0.0397 -0.9896
vn 0.0818 0.0053 -0.9966
vn 0.0994 0.0201 -0.9948
vn 0.0747 0.0156 -0.9971
vn 0.0972 -0.0065 -0.9952
vn 0.1257 -0.0168 -0.9919
vn 0.1301 0.0066 -0.9915
vn 0.1325 0.0313 -0.9907
vn 0.1383 -0.0287 -0.9900
vn 0.1304 0.0016 -0.9915
vn 0.1424 -0.0190 -0.9896
vn 0.0850 0.0001 -0.9964
vn 0.1020 -0.0142 -0.9947
vn 0.0991 0.0046 -0.9951
vn 0.1540 0.0055 -0.9880
vn 0.1485 -0.0002 -0.9889
vn 0.0803 0.0055 -0.9968
vn 0.2129 0.0055 -0.9771
vn 0.0739 0.0054 -0.9973
vn 0.1325 -0.0203 -0.9910
vn 0.1300 0.0043 -0.9915
vn 0.0820 0.0058 -0.9966
vn 0.0994 -0.0090 -0.9950
vn 0.1258 0.0277 -0.9917
vn 0.0973 0.0175 -0.9951
vn 0.1126 0.0062 -0.9936
vn 0.1676 0.0882 -0.9819
vn 0.0743 0.0159 -0.9971
vn 0.0742 -0.0042 -0.9972
vn 0.0737 0.0056 -0.9973
vn 0.0849 0.0109 -0.9963
vn 0.1020 0.0251 -0.9945
vn 0.0989 0.0069 -0.9951
vn 0.1679 0.0877 -0.9819
vn 0.0924 0.0455 -0.9947
vn 0.1484 0.0112 -0.9889
vn 0.1421 0.0299 -0.9894
vn 0.1303 0.0092 -0.9914
vn 0.1380 0.0395 -0.9896
vn 0.0823 0.0053 -0.9966
vn 0.0994 0.0200 -0.9948
vn 0.1676 -0.0773 -0.9828
vn 0.1126 0.0049 -0.9936
vn 0.1678 0.0879 -0.9819
vn 0.1259 -0.0168 -0.9919
vn 0.1301 0.0069 -0.9915
vn 0.1322 0.0312 -0.9907
vn 0.1388 -0.0301 -0.9899
vn 0.1303 0.0015 -0.9915
vn 0.1428 -0.0202 -0.9896
vn 0.0847 -0.0010 -0.9964
vn 0.1021 -0.0150 -0.9947
vn 0.0987 0.0039 -0.9951
vn 0.1540 0.0064 -0.9880
vn 0.1485 -0.0008 -0.9889
vn 0.1145 0.0055 -0.9934
vn 0.1082 0.0031 -0.9941
vn 0.0731 0.0052 -0.9973
vn 0.0849 -0.0150 -0.9963
vn 0.0783 -0.0132 -0.9968
vn 0.0797 0.0050 -0.9968
vn 0.1216 -0.0328 -0.9920
vn 0.0929 -0.0366 -0.9950
vn 0.1681 -0.0774 -0.9827
vn 0.1881 -0.0613 -0.9802
vn 0.1129 0.0061 -0.9936
vn 0.0910 0.0472 -0.9947
vn 0.0741 0.0052 -0.9972
vn 0.0742 0.0154 -0.9971
vn 0.1326 -0.0203 -0.9910
vn 0.1300 0.0042 -0.9915
vn 0.0823 0.0058 -0.9966
vn 0.1255 0.0275 -0.9917
vn 0.0980 0.0178 -0.9950
vn 0.0859 -0.0370 -0.9956
vn 0.0734 -0.0216 -0.9971
vn 0.1258 -0.0706 -0.9895
vn 0.0904 -0.0737 -0.9932
vn 0.0808 0.0110 -0.9967
vn 0.1007 0.0392 -0.9941
vn 0.1009 0.0073 -0.9949
vn 0.2255 -0.1418 -0.9639
vn 0.1701 -0.1429 -0.9750
vn 0.2014 -0.1246 -0.9715
vn 0.2156 0.0050 -0.9765
vn 0.1041 0.0015 -0.9946
vn 0.2242 0.1518 -0.9627
vn 0.1997 0.1337 -0.9707
vn 0.1686 0.1508 -0.9741
vn 0.1240 0.0771 -0.9893
vn 0.0903 0.0772 -0.9929
vn 0.0766 0.0314 -0.9966
vn 0.0845 0.0405 -0.9956
vn 0.1082 0.0072 -0.9941
vn 0.1475 0.0164 -0.9889
vn 0.1383 0.0454 -0.9894
vn 0.1291 0.0089 -0.9916
vn 0.1333 0.0625 -0.9891
vn 0.0861 -0.0372 -0.9956
vn 0.0736 -0.0232 -0.9970
vn 0.1263 -0.0709 -0.9895
vn 0.0907 -0.0744 -0.9931
vn 0.0983 0.0312 -0.9947
vn -0.1409 0.4494 -0.8822
vn -0.0262 0.8608 -0.5082
vn 0.1714 -0.1438 -0.9747
vn 0.2026 -0.1252 -0.9712
vn 0.2157 0.0029 -0.9765
vn 0.1039 0.0042 -0.9946
vn 0.2228 0.1511 -0.9631
vn 0.1991 0.1342 -0.9707
vn 0.1678 0.1515 -0.9741
vn 0.1249 0.0811 -0.9888
vn 0.0901 0.0831 -0.9925
vn 0.0736 0.0338 -0.9967
vn 0.0855 0.0479 -0.9952
vn 0.0971 -0.0175 -0.9951
vn 0.1272 -0.0366 -0.9912
vn 0.1300 0.0072 -0.9915
vn 0.1296 0.0507 -0.9903
vn 0.1375 -0.0551 -0.9890
vn 0.1303 -0.0026 -0.9915
vn 0.1381 -0.0008 -0.9904
vn 0.0791 0.0581 -0.9952
vn 0.1008 -0.0277 -0.9945
vn 0.1003 0.0006 -0.9950
vn 0.1133 0.2334 -0.9658
vn 0.1353 0.0830 -0.9873
vn 0.1008 0.2457 -0.9641
vn 0.1025 0.1195 -0.9875
vn 0.0707 0.2387 -0.9685
vn 0.0870 0.2383 -0.9673
vn 0.0769 0.1165 -0.9902
vn 0.0785 0.2420 -0.9671
vn 0.1136 0.2654 -0.9574
vn 0.0802 0.1017 -0.9916
vn 0.2246 0.2965 -0.9283
vn 0.2104 0.1676 -0.9631
vn 0.1205 0.1240 -0.9849
vn 0.1643 0.2853 -0.9442
vn 0.1878 0.1397 -0.9722
vn 0.0891 0.0858 -0.9923
vn 0.2399 0.1037 -0.9652
vn 0.1879 0.0937 -0.9777
vn 0.1446 0.1069 -0.9837
vn 0.2212 0.1260 -0.9671
vn 0.1234 0.0622 -0.9904
vn 0.0869 0.0740 -0.9935
vn 0.0756 -0.0047 -0.9971
vn 0.0711 -0.0010 -0.9975
vn 0.0723 0.0355 -0.9968
vn 0.0879 0.0434 -0.9952
vn 0.1344 -0.0438 -0.9900
vn 0.1302 0.0007 -0.9915
vn 0.0780 0.0044 -0.9969
vn 0.0997 -0.0218 -0.9948
vn 0.1237 0.0445 -0.9913
vn 0.0956 0.0235 -0.9951
vn 0.0871 -0.0440 -0.9952
vn 0.0748 -0.0328 -0.9967
vn 0.1274 -0.0719 -0.9892
vn 0.0922 -0.0742 -0.9930
vn 0.2298 -0.1441 -0.9625
vn 0.1740 -0.1453 -0.9740
vn 0.2050 -0.1264 -0.9706
vn 0.2160 -0.0005 -0.9764
vn 0.1040 0.0064 -0.9946
vn 0.3594 -0.1150 -0.9261
vn 0.1969 0.1333 -0.9713
vn 0.1654 0.1496 -0.9748
vn 0.3773 -0.1215 -0.9181
vn 0.1240 0.0806 -0.9890
vn 0.0889 0.0841 -0.9925
vn 0.0730 0.0345 -0.9967
vn 0.0851 0.0479 -0.9952
vn -0.1250 0.0554 -0.9906
vn -0.1189 0.0126 -0.9928
vn -0.1292 0.0152 -0.9915
vn -0.0779 -0.0520 -0.9956
vn -0.0947 0.0271 -0.9951
vn -0.0940 0.0086 -0.9955
vn -0.1118 -0.2144 -0.9703
vn -0.1274 -0.0668 -0.9896
vn -0.0996 -0.2199 -0.9704
vn -0.1030 -0.0957 -0.9901
vn -0.0773 -0.2114 -0.9743
vn -0.0810 -0.2208 -0.9720
vn -0.0786 -0.1060 -0.9913
vn -0.0870 -0.2132 -0.9731
vn -0.1055 -0.2469 -0.9633
vn -0.0747 -0.0985 -0.9923
vn -0.2494 -0.2692 -0.9302
vn -0.1885 -0.0547 -0.9806
vn -0.1350 -0.0833 -0.9873
vn -0.1890 -0.2498 -0.9497
vn -0.1785 -0.1331 -0.9749
vn -0.0863 -0.0872 -0.9924
vn -0.1995 -0.1333 -0.9708
vn -0.1779 -0.1141 -0.9774
vn -0.1446 -0.1707 -0.9747
vn -0.1085 -0.0549 -0.9926
vn -0.0776 -0.0695 -0.9946
vn -0.1860 -0.2201 -0.9576
vn -0.0691 0.0059 -0.9976
vn -0.0667 -0.0245 -0.9975
vn -0.0751 -0.0293 -0.9967
vn -0.1226 0.0504 -0.9912
vn -0.1208 0.0094 -0.9926
vn -0.0729 0.0051 -0.9973
vn -0.0928 0.0272 -0.9953
vn -0.1151 -0.0304 -0.9929
vn -0.0908 -0.0121 -0.9958
vn -0.0746 0.0400 -0.9964
vn -0.0673 0.0312 -0.9972
vn -0.1074 0.0651 -0.9921
vn -0.0782 0.0674 -0.9947
vn -0.1954 0.1413 -0.9705
vn -0.1448 0.1449 -0.9788
vn -0.1744 0.1226 -0.9770
vn -0.1856 0.0022 -0.9826
vn -0.0876 0.0035 -0.9961
vn -0.1087 -0.3423 -0.9333
vn -0.1774 -0.1138 -0.9775
vn -0.1480 -0.1379 -0.9793
vn -0.0812 -0.5654 -0.8208
vn -0.1084 -0.0548 -0.9926
vn -0.0784 -0.0593 -0.9952
vn -0.0671 -0.0206 -0.9975
vn -0.0751 -0.0292 -0.9967
vn -0.0647 0.0056 -0.9979
vn -0.0748 0.0400 -0.9964
vn -0.0670 0.0299 -0.9973
vn -0.0694 0.0054 -0.9976
vn -0.1078 0.0654 -0.9920
vn -0.0782 0.0689 -0.9946
vn -0.0756 -0.0006 -0.9971
vn -0.0942 -0.0226 -0.9953
vn -0.0937 0.0034 -0.9956
vn -0.1970 0.1423 -0.9700
vn -0.1461 0.1468 -0.9783
vn -0.1757 0.1235 -0.9767
vn -0.1855 0.0055 -0.9826
vn -0.0878 0.0087 -0.9961
vn -0.1975 -0.1319 -0.9714
vn -0.1756 -0.1119 -0.9781
vn -0.1463 -0.1348 -0.9800
vn -0.1068 -0.0510 -0.9930
vn -0.0785 -0.0522 -0.9955
vn -0.0648 0.0060 -0.9979
vn -0.0755 0.0064 -0.9971
vn -0.0702 -0.0185 -0.9974
vn -0.0740 -0.0228 -0.9970
vn -0.1065 0.0057 -0.9943
vn -0.1015 0.0009 -0.9948
vn -0.1365 -0.0068 -0.9906
vn -0.1421 0.0049 -0.9898
vn -0.1292 -0.0344 -0.9910
vn -0.1182 0.0015 -0.9930
vn -0.1236 -0.0471 -0.9912
vn -0.0670 0.0315 -0.9973
vn -0.1076 0.0653 -0.9920
vn -0.0780 0.0692 -0.9945
vn -0.0727 0.0056 -0.9973
vn -0.0923 -0.0149 -0.9956
vn -0.1964 0.1420 -0.9702
vn -0.1456 0.1462 -0.9785
vn -0.1752 0.1232 -0.9768
vn -0.1855 0.0039 -0.9826
vn -0.0876 0.0062 -0.9961
vn -0.1980 -0.1322 -0.9712
vn -0.1765 -0.1132 -0.9778
vn -0.1470 -0.1368 -0.9796
vn -0.1081 -0.0546 -0.9926
vn -0.0785 -0.0575 -0.9953
vn -0.0674 -0.0201 -0.9975
vn -0.0750 -0.0290 -0.9968
vn -0.0912 0.0243 -0.9955
vn -0.1166 0.0438 -0.9922
vn -0.1205 0.0041 -0.9927
vn -0.1203 -0.0362 -0.9921
vn -0.1271 0.0388 -0.9911
vn -0.1191 0.0093 -0.9928
vn -0.1320 0.0314 -0.9908
vn -0.0789 0.0124 -0.9968
vn -0.0950 0.0228 -0.9952
vn -0.0923 0.0068 -0.9957
vn -0.1374 0.0135 -0.9904
vn -0.1014 0.0095 -0.9948
vn -0.0742 0.0225 -0.9970
vn -0.0716 0.0229 -0.9972
vn -0.1047 0.0361 -0.9938
vn -0.0804 0.0399 -0.9960
vn -0.1455 0.0852 -0.9857
vn -0.1648 0.0662 -0.9841
vn -0.0946 0.0050 -0.9955
vn -0.0789 -0.0283 -0.9965
vn -0.0699 0.0058 -0.9975
vn -0.0679 -0.0034 -0.9977
vn -0.1218 0.0296 -0.9921
vn -0.1202 0.0066 -0.9927
vn -0.0762 0.0054 -0.9971
vn -0.0927 0.0173 -0.9955
vn -0.1160 -0.0155 -0.9931
vn -0.0911 -0.0046 -0.9958
vn -0.0683 0.0148 -0.9976
vn -0.0794 0.0384 -0.9961
vn -0.1452 0.0849 -0.9858
vn -0.0942 0.0050 -0.9955
vn -0.0790 -0.0282 -0.9965
vn -0.0680 -0.0040 -0.9977
vn -0.0679 0.0145 -0.9976
vn -0.0699 0.0053 -0.9975
vn -0.0789 0.0392 -0.9961
vn -0.0792 -0.0002 -0.9969
vn -0.0949 -0.0112 -0.9954
vn -0.0924 0.0046 -0.9957
vn -0.1451 0.0851 -0.9858
vn -0.0945 0.0065 -0.9955
vn -0.1453 -0.0738 -0.9866
vn -0.0800 -0.0271 -0.9964
vn -0.0759 0.0055 -0.9971
vn -0.0715 -0.0061 -0.9974
vn -0.1060 0.0055 -0.9944
vn -0.1017 0.0028 -0.9948
vn -0.1362 -0.0017 -0.9907
vn -0.1417 0.0055 -0.9899
vn -0.1317 -0.0189 -0.9911
vn -0.1192 0.0018 -0.9929
vn -0.1268 -0.0265 -0.9916
vn -0.0680 0.0151 -0.9976
vn -0.0790 0.0393 -0.9961
vn -0.0761 0.0057 -0.9971
vn -0.0927 -0.0063 -0.9957
vn -0.0942 0.0061 -0.9955
vn -0.1452 -0.0739 -0.9866
vn -0.0794 -0.0273 -0.9965
vn -0.0683 -0.0037 -0.9977
vn -0.0911 0.0157 -0.9957
vn -0.1161 0.0263 -0.9929
vn -0.1206 0.0045 -0.9927
vn -0.1218 -0.0186 -0.9924
vn -0.1269 0.0377 -0.9912
vn -0.1192 0.0093 -0.9928
vn -0.1318 0.0300 -0.9908
vn -0.0792 0.0113 -0.9968
vn -0.0949 0.0223 -0.9952
vn -0.1372 0.0127 -0.9905
vn -0.1017 0.0082 -0.9948
vn -0.0715 0.0171 -0.9973
vn -0.0800 0.0382 -0.9961
vn -0.1453 0.0847 -0.9858
vn -0.0945 0.0046 -0.9955
vn -0.0789 -0.0281 -0.9965
vn -0.1218 0.0297 -0.9921
vn -0.1206 0.0066 -0.9927
vn -0.1161 -0.0149 -0.9931
vn -0.1645 -0.0548 -0.9848
vn -0.0789 -0.0282 -0.9965
vn -0.0922 0.0041 -0.9957
vn -0.1833 0.0055 -0.9831
vn -0.1372 -0.0017 -0.9905
vn -0.1418 0.0055 -0.9899
vn -0.1318 -0.0190 -0.9911
vn -0.1193 0.0018 -0.9929
vn -0.1269 -0.0267 -0.9916
vn -0.0789 0.0393 -0.9961
vn -0.0762 0.0057 -0.9971
vn -0.0793 -0.0273 -0.9965
vn -0.1161 0.0260 -0.9929
vn -0.1218 -0.0183 -0.9924
vn -0.1268 0.0374 -0.9912
vn -0.1317 0.0299 -0.9908
vn -0.0791 0.0113 -0.9968
vn -0.0924 0.0064 -0.9957
vn -0.1371 0.0127 -0.9905
vn -0.1017 0.0083 -0.9948
vn -0.0801 0.0381 -0.9961
vn -0.1452 0.0847 -0.9858
vn -0.0945 0.0045 -0.9955
vn -0.0679 -0.0033 -0.9977
vn -0.1205 0.0065 -0.9927
vn -0.0760 0.0054 -0.9971
vn -0.1161 -0.0150 -0.9931
vn -0.1451 0.0849 -0.9858
vn -0.1644 -0.0548 -0.9849
vn -0.0788 -0.0014 -0.9969
vn -0.0950 -0.0117 -0.9954
vn -0.1975 0.0832 -0.9768
vn -0.1450 0.0851 -0.9858
vn -0.0945 0.0060 -0.9955
vn -0.1648 -0.0553 -0.9848
vn -0.1455 -0.0743 -0.9866
vn -0.1046 -0.0251 -0.9942
vn -0.0803 -0.0286 -0.9964
vn -0.0647 0.0052 -0.9979
vn -0.0755 0.0047 -0.9971
vn -0.0715 -0.0119 -0.9974
vn -0.0742 -0.0114 -0.9972
vn -0.1068 0.0055 -0.9943
vn -0.1014 0.0015 -0.9948
vn -0.1373 -0.0025 -0.9905
vn -0.1423 0.0062 -0.9898
vn -0.1322 -0.0205 -0.9910
vn -0.1191 0.0018 -0.9929
vn -0.1272 -0.0278 -0.9915
vn -0.1160 0.0261 -0.9929
vn -0.1207 0.0045 -0.9927
vn -0.1219 -0.0188 -0.9924
vn -0.1233 0.0592 -0.9906
vn -0.1183 0.0096 -0.9929
vn -0.1290 0.0463 -0.9906
vn -0.0753 0.0116 -0.9971
vn -0.0941 0.0343 -0.9950
vn -0.0940 0.0074 -0.9955
vn -0.1365 0.0182 -0.9905
vn -0.1015 0.0102 -0.9948
vn -0.0739 0.0341 -0.9967
vn -0.0701 0.0299 -0.9971
vn -0.1066 0.0626 -0.9923
vn -0.0784 0.0638 -0.9949
vn -0.1965 0.1440 -0.9699
vn -0.1455 0.1467 -0.9784
vn -0.1750 0.1241 -0.9767
vn -0.1855 0.0043 -0.9826
vn -0.0877 0.0022 -0.9961
vn -0.1977 -0.1341 -0.9710
vn -0.1766 -0.1150 -0.9775
vn -0.1468 -0.1387 -0.9794
vn -0.1080 -0.0554 -0.9926
vn -0.0784 -0.0589 -0.9952
vn -0.0692 0.0058 -0.9976
vn -0.0670 -0.0193 -0.9976
vn -0.0749 -0.0295 -0.9968
vn -0.1200 0.0483 -0.9916
vn -0.1205 0.0071 -0.9927
vn -0.0726 0.0052 -0.9973
vn -0.0921 0.0266 -0.9954
vn -0.1170 -0.0338 -0.9926
vn -0.0913 -0.0136 -0.9957
vn -0.0746 0.0404 -0.9964
vn -0.0672 0.0316 -0.9972
vn -0.1074 0.0659 -0.9920
vn -0.0780 0.0688 -0.9946
vn -0.1953 0.1432 -0.9702
vn -0.1447 0.1468 -0.9785
vn -0.1745 0.1244 -0.9768
vn -0.1856 0.0021 -0.9826
vn -0.0874 0.0043 -0.9962
vn 0.8023 -0.1605 -0.5749
vn -0.1776 -0.1158 -0.9773
vn -0.1479 -0.1399 -0.9791
vn 0.7612 -0.4351 -0.4808
vn -0.1084 -0.0557 -0.9925
vn -0.0785 -0.0597 -0.9951
vn -0.0672 -0.0210 -0.9975
vn -0.0751 -0.0297 -0.9967
vn -0.0647 0.0062 -0.9979
vn -0.0742 0.0403 -0.9964
vn -0.0661 0.0363 -0.9972
vn -0.0692 0.0060 -0.9976
vn -0.1064 0.0652 -0.9922
vn -0.0760 0.0790 -0.9940
vn -0.0766 0.0638 -0.9950
vn -0.0950 -0.0162 -0.9953
vn -0.0942 0.0029 -0.9955
vn -0.1918 0.1409 -0.9713
vn -0.1367 0.1721 -0.9756
vn -0.1716 0.1225 -0.9775
vn -0.1715 0.1336 -0.9761
vn -0.0837 0.0978 -0.9917
vn -0.1749 0.2192 -0.9599
vn -0.2325 0.2939 -0.9271
vn -0.1775 0.2690 -0.9466
vn -0.1328 0.0957 -0.9865
vn -0.1851 0.0682 -0.9803
vn -0.0994 0.2635 -0.9595
vn -0.0726 0.1112 -0.9911
vn -0.0720 0.2289 -0.9708
vn -0.0816 0.2322 -0.9692
vn -0.0759 0.1195 -0.9899
vn -0.0765 0.2365 -0.9686
vn -0.0945 0.2392 -0.9664
vn -0.1006 0.1108 -0.9887
vn -0.1260 0.0808 -0.9887
vn -0.1075 0.2338 -0.9663
vn -0.1292 -0.0039 -0.9916
vn -0.1189 -0.0015 -0.9929
vn -0.1252 -0.0451 -0.9911
vn -0.0744 0.0403 -0.9964
vn -0.0667 0.0323 -0.9972
vn -0.1067 0.0654 -0.9921
vn -0.0772 0.0695 -0.9946
vn -0.0728 0.0052 -0.9973
vn -0.0931 -0.0164 -0.9955
vn -0.2974 -0.0562 -0.9531
vn -0.3070 -0.0516 -0.9503
vn -0.1426 0.1444 -0.9792
vn -0.1726 0.1232 -0.9773
vn -0.1858 -0.0024 -0.9826
vn -0.0874 0.0061 -0.9962
vn -0.2014 -0.1369 -0.9699
vn -0.1797 -0.1173 -0.9767
vn -0.1503 -0.1421 -0.9784
vn -0.1091 -0.0563 -0.9924
vn -0.0794 -0.0588 -0.9951
vn -0.0677 -0.0209 -0.9975
vn -0.0754 -0.0302 -0.9967
vn -0.0905 0.0239 -0.9956
vn -0.1147 0.0427 -0.9925
vn -0.1209 0.0017 -0.9927
vn -0.1233 -0.0404 -0.9915
vn 0.0737 -0.0054 0.9973
vn 0.0730 -0.0054 0.9973
vn 0.0742 -0.0336 0.9967
vn 0.0866 -0.0475 0.9951
vn 0.1022 -0.0057 0.9947
vn 0.0987 0.0190 0.9949
vn 0.0789 -0.0057 0.9969
vn 0.0913 -0.0840 0.9923
vn 0.1270 -0.0806 0.9886
vn 0.1483 -0.0042 0.9889
vn 0.1692 0.0207 0.9854
vn 0.1309 0.0389 0.9906
vn 0.1297 -0.0051 0.9915
vn 0.1788 -0.0052 0.9839
vn 0.1306 -0.0043 0.9914
vn 0.1487 -0.0001 0.9889
vn 0.1300 -0.0014 0.9915
vn 0.1278 -0.0463 0.9907
vn 0.1649 -0.0285 0.9859
vn 0.1014 -0.0041 0.9948
vn 0.0981 -0.0285 0.9948
vn 0.0737 -0.0053 0.9973
vn 0.0862 0.0362 0.9956
vn 0.0741 0.0224 0.9970
vn 0.0730 -0.0052 0.9973
vn 0.1260 0.0691 0.9896
vn 0.0908 0.0715 0.9933
vn 0.2251 0.1392 0.9643
vn 0.1695 0.1398 0.9756
vn 0.2009 0.1221 0.9720
vn 0.2172 -0.0071 0.9761
vn 0.1049 -0.0063 0.9945
vn 0.1695 0.1399 0.9755
vn 0.1048 -0.0063 0.9945
vn 0.2280 -0.1514 0.9618
vn 0.2033 -0.1341 0.9699
vn 0.1720 -0.1528 0.9732
vn 0.2172 -0.0072 0.9761
vn 0.1946 -0.0074 0.9809
vn 0.2248 -0.0080 0.9744
vn 0.2206 -0.0207 0.9751
vn 0.1897 -0.0222 0.9816
vn 0.2255 -0.0088 0.9742
vn 0.2227 -0.0251 0.9746
vn 0.2183 -0.0247 0.9756
vn 0.2154 -0.0232 0.9762
vn 0.1846 -0.0431 0.9819
vn 0.1514 -0.0083 0.9884
vn 0.1521 -0.0302 0.9879
vn 0.1988 -0.0278 0.9796
vn 0.1984 -0.0088 0.9801
vn 0.1500 -0.0750 0.9858
vn 0.1983 -0.0514 0.9788
vn 0.0751 -0.4274 0.9010
vn 0.1100 -0.3277 0.9384
vn 0.1720 -0.1252 0.9771
vn 0.1271 -0.1904 0.9734
vn 0.1260 -0.2344 0.9639
vn 0.1928 -0.0774 0.9782
vn 0.1248 -0.2063 0.9705
vn 0.1679 -0.0626 0.9838
vn 0.1906 -0.0572 0.9800
vn 0.1292 -0.1966 0.9719
vn 0.1843 0.0048 0.9829
vn 0.2064 -0.0158 0.9783
vn 0.1498 0.0040 0.9887
vn 0.1626 -0.0264 0.9863
vn 0.1974 -0.0040 0.9803
vn 0.1772 0.0354 0.9835
vn 0.1798 -0.0035 0.9837
vn 0.2129 -0.0085 0.9770
vn 0.1972 -0.0038 0.9804
vn 0.1726 0.0234 0.9847
vn 0.2146 -0.0052 0.9767
vn 0.1677 -0.0310 0.9854
vn 0.1969 -0.0055 0.9804
vn 0.1792 -0.0069 0.9838
vn 0.2147 -0.0087 0.9766
vn 0.1485 -0.0082 0.9889
vn 0.1725 -0.0427 0.9841
vn 0.1992 -0.0117 0.9799
vn 0.1662 0.0184 0.9859
vn 0.0054 -0.5824 0.8129
vn 0.0065 -0.3179 0.9481
vn 0.0075 -0.3193 0.9476
vn 0.0062 -0.5847 0.8113
vn 0.0070 -0.1155 0.9933
vn 0.0081 -0.1162 0.9932
vn 0.0002 -0.1161 0.9932
vn 0.0002 -0.3198 0.9475
vn 0.0002 -0.5852 0.8109
vn 0.0070 -0.0038 1.0000
vn 0.0082 -0.0038 1.0000
vn 0.0081 -0.0256 0.9996
vn 0.0071 -0.0255 0.9996
vn 0.0003 -0.0038 1.0000
vn 0.0003 -0.0257 0.9997
vn -0.0065 -0.0038 1.0000
vn -0.0065 -0.0255 0.9997
vn -0.0076 -0.0256 0.9996
vn -0.0077 -0.0038 1.0000
vn -0.0064 -0.1155 0.9933
vn -0.0076 -0.1162 0.9932
vn -0.0050 -0.5824 0.8129
vn -0.0058 -0.5846 0.8113
vn -0.0070 -0.3192 0.9476
vn -0.0061 -0.3175 0.9482
vn -0.1425 -0.0081 0.9898
vn -0.1857 -0.0085 0.9826
vn -0.1869 -0.0272 0.9820
vn -0.1429 -0.0296 0.9893
vn -0.2106 -0.0085 0.9775
vn -0.2078 -0.0240 0.9779
vn -0.2032 -0.0247 0.9788
vn -0.1855 -0.0519 0.9813
vn -0.1412 -0.0759 0.9871
vn -0.1795 -0.0071 0.9837
vn -0.1751 -0.0224 0.9843
vn -0.2049 -0.0207 0.9786
vn -0.2087 -0.0076 0.9779
vn -0.1707 -0.0432 0.9844
vn -0.1998 -0.0230 0.9796
vn -0.1348 -0.0096 0.9908
vn -0.1514 0.0188 0.9883
vn -0.1838 -0.0114 0.9829
vn -0.1587 -0.0434 0.9864
vn -0.1655 -0.0067 0.9862
vn -0.1993 -0.0086 0.9799
vn -0.1345 -0.0054 0.9909
vn -0.1541 0.0212 0.9878
vn -0.1818 -0.0051 0.9833
vn -0.1541 -0.0315 0.9876
vn -0.1655 -0.0052 0.9862
vn -0.1991 -0.0052 0.9800
vn -0.1346 -0.0016 0.9909
vn -0.1572 0.0239 0.9873
vn -0.1821 -0.0033 0.9833
vn -0.1516 -0.0291 0.9880
vn -0.1662 -0.0035 0.9861
vn -0.1974 -0.0086 0.9803
vn -0.1355 0.0025 0.9908
vn -0.1616 0.0363 0.9862
vn -0.1827 -0.0034 0.9832
vn -0.1494 -0.0272 0.9884
vn -0.1696 0.0060 0.9855
vn -0.1913 -0.0155 0.9814
vn -0.1185 -0.2114 0.9702
vn -0.1184 -0.1989 0.9728
vn -0.1768 -0.0573 0.9826
vn -0.1561 -0.0636 0.9857
vn -0.1141 -0.2369 0.9648
vn -0.1785 -0.0792 0.9807
vn -0.0688 -0.4308 0.8998
vn -0.1188 -0.1936 0.9739
vn -0.1595 -0.1285 0.9788
vn -0.1003 -0.3312 0.9382
vn -0.1171 -0.0058 0.9931
vn -0.1187 0.0358 0.9923
vn -0.0930 -0.0058 0.9956
vn -0.0912 0.0145 0.9957
vn -0.0722 -0.0058 0.9974
vn -0.1197 -0.0043 0.9928
vn -0.0640 -0.0054 0.9979
vn -0.0743 -0.0403 0.9964
vn -0.0666 -0.0314 0.9973
vn -0.0687 -0.0054 0.9976
vn -0.1072 -0.0659 0.9921
vn -0.0778 -0.0694 0.9946
vn -0.1968 -0.1430 0.9700
vn -0.1462 -0.1476 0.9782
vn -0.1754 -0.1241 0.9766
vn -0.1840 -0.0078 0.9829
vn -0.0868 -0.0062 0.9962
vn -0.1943 0.1304 0.9722
vn -0.1733 0.1118 0.9785
vn -0.1440 0.1340 0.9805
vn -0.1065 0.0543 0.9928
vn -0.0774 0.0571 0.9954
vn -0.0641 -0.0053 0.9979
vn -0.0687 -0.0051 0.9976
vn -0.0665 0.0202 0.9976
vn -0.0740 0.0290 0.9968
vn -0.0931 -0.0042 0.9956
vn -0.0908 -0.0245 0.9956
vn -0.1168 -0.0441 0.9922
vn -0.1173 -0.0022 0.9931
vn 0.0738 -0.0055 0.9973
vn 0.0751 -0.0057 0.9972
vn 0.0751 -0.0158 0.9970
vn 0.0853 -0.0201 0.9962
vn 0.0997 -0.0058 0.9950
vn 0.0990 0.0076 0.9951
vn 0.0823 -0.0056 0.9966
vn 0.0921 -0.0465 0.9947
vn 0.1218 -0.0419 0.9917
vn 0.1516 -0.0061 0.9884
vn 0.1691 0.0093 0.9856
vn 0.1300 0.0185 0.9913
vn 0.1303 -0.0066 0.9915
vn 0.1767 -0.0056 0.9843
vn 0.1311 -0.0057 0.9914
vn 0.1516 -0.0043 0.9884
vn 0.1302 -0.0041 0.9915
vn 0.1295 -0.0293 0.9911
vn 0.1680 -0.0201 0.9856
vn 0.0997 -0.0053 0.9950
vn 0.0989 -0.0187 0.9949
vn 0.0853 0.0090 0.9963
vn 0.0751 0.0047 0.9972
vn 0.0745 -0.0055 0.9972
vn 0.1217 0.0309 0.9921
vn 0.0921 0.0354 0.9951
vn 0.2271 0.0771 0.9708
vn 0.1689 0.0775 0.9826
vn 0.1892 0.0608 0.9801
vn 0.2145 -0.0054 0.9767
vn 0.1132 -0.0055 0.9936
vn 0.2271 -0.0879 0.9699
vn 0.1892 -0.0718 0.9793
vn 0.1689 -0.0884 0.9817
vn 0.1951 -0.0056 0.9808
vn 0.2255 -0.0055 0.9742
vn 0.2242 -0.0141 0.9744
vn 0.1929 -0.0153 0.9811
vn 0.2263 -0.0055 0.9741
vn 0.2274 -0.0125 0.9737
vn 0.2284 -0.0051 0.9736
vn 0.2220 -0.0158 0.9749
vn 0.1915 -0.0288 0.9811
vn 0.1511 -0.0053 0.9885
vn 0.1529 -0.0092 0.9882
vn 0.2020 -0.0109 0.9793
vn 0.1985 -0.0054 0.9801
vn 0.1550 -0.0051 0.9879
vn 0.2063 -0.0054 0.9785
vn 0.2031 0.0003 0.9792
vn 0.1535 -0.0014 0.9882
vn 0.2287 0.0013 0.9735
vn 0.1939 0.0051 0.9810
vn 0.2261 0.0025 0.9741
vn 0.1944 0.0189 0.9807
vn 0.2240 0.0049 0.9746
vn 0.1519 -0.0023 0.9884
vn 0.1646 -0.0186 0.9862
vn 0.2036 -0.0012 0.9790
vn 0.1805 0.0201 0.9834
vn 0.1768 -0.0047 0.9842
vn 0.2166 -0.0032 0.9762
vn 0.2008 -0.0055 0.9796
vn 0.1734 0.0106 0.9848
vn 0.2148 -0.0053 0.9766
vn 0.1722 -0.0215 0.9848
vn 0.2008 -0.0057 0.9796
vn 0.1770 -0.0066 0.9842
vn 0.2160 -0.0077 0.9764
vn 0.1518 -0.0081 0.9884
vn 0.1790 -0.0292 0.9834
vn 0.2031 -0.0090 0.9791
vn 0.1655 0.0079 0.9862
vn 0.0081 -0.0038 1.0000
vn 0.0069 -0.0038 1.0000
vn -0.0064 -0.0038 1.0000
vn -0.0076 -0.0038 1.0000
vn -0.1423 -0.0053 0.9898
vn -0.1860 -0.0054 0.9825
vn -0.1895 -0.0102 0.9818
vn -0.1440 -0.0086 0.9895
vn -0.2114 -0.0055 0.9774
vn -0.2125 -0.0123 0.9771
vn -0.2136 -0.0056 0.9769
vn -0.1934 -0.0055 0.9811
vn -0.1465 -0.0052 0.9892
vn -0.1802 -0.0056 0.9836
vn -0.1774 -0.0159 0.9840
vn -0.2084 -0.0143 0.9779
vn -0.2096 -0.0055 0.9778
vn -0.1762 -0.0290 0.9839
vn -0.2059 -0.0158 0.9785
vn -0.1374 -0.0085 0.9905
vn -0.1509 0.0080 0.9885
vn -0.1873 -0.0092 0.9823
vn -0.1636 -0.0297 0.9861
vn -0.1629 -0.0066 0.9866
vn -0.2005 -0.0076 0.9797
vn -0.1378 -0.0063 0.9904
vn -0.1541 0.0094 0.9880
vn -0.1851 -0.0056 0.9827
vn -0.1573 -0.0216 0.9873
vn -0.1625 -0.0057 0.9867
vn -0.1993 -0.0054 0.9799
vn -0.1372 -0.0044 0.9905
vn -0.1579 0.0108 0.9874
vn -0.1848 -0.0053 0.9828
vn -0.1536 -0.0201 0.9879
vn -0.1626 -0.0048 0.9867
vn -0.2010 -0.0033 0.9796
vn -0.1373 -0.0024 0.9905
vn -0.1643 0.0206 0.9862
vn -0.1877 -0.0009 0.9822
vn -0.1505 -0.0187 0.9884
vn -0.1783 0.0194 0.9838
vn -0.2078 0.0049 0.9782
vn -0.2102 0.0029 0.9777
vn -0.1785 0.0059 0.9839
vn -0.2137 0.0012 0.9769
vn -0.1445 -0.0019 0.9895
vn -0.1903 -0.0003 0.9817
vn -0.1177 -0.0067 0.9930
vn -0.1180 0.0167 0.9929
vn -0.0912 -0.0061 0.9958
vn -0.0911 0.0053 0.9958
vn -0.0755 -0.0055 0.9971
vn -0.1198 -0.0055 0.9928
vn -0.0643 -0.0055 0.9979
vn -0.0734 -0.0175 0.9971
vn -0.0675 -0.0150 0.9976
vn -0.0696 -0.0056 0.9976
vn -0.1031 -0.0348 0.9941
vn -0.0784 -0.0388 0.9962
vn -0.1959 -0.0829 0.9771
vn -0.1439 -0.0846 0.9860
vn -0.1630 -0.0656 0.9844
vn -0.1817 -0.0055 0.9833
vn -0.0934 -0.0055 0.9956
vn -0.1958 0.0720 0.9780
vn -0.1630 0.0547 0.9851
vn -0.1439 0.0737 0.9868
vn -0.1031 0.0237 0.9944
vn -0.0784 0.0277 0.9965
vn -0.0694 -0.0055 0.9976
vn -0.0675 0.0039 0.9977
vn -0.0734 0.0065 0.9973
vn -0.0916 -0.0052 0.9958
vn -0.0911 -0.0164 0.9957
vn -0.1179 -0.0278 0.9926
vn -0.1175 -0.0042 0.9931
vn 0.0739 -0.0055 0.9972
vn 0.0745 -0.0056 0.9972
vn 0.0854 -0.0201 0.9961
vn 0.0992 -0.0062 0.9950
vn 0.0989 0.0076 0.9951
vn 0.0823 -0.0055 0.9966
vn 0.1516 -0.0065 0.9884
vn 0.1686 0.0091 0.9856
vn 0.1297 0.0185 0.9914
vn 0.1302 -0.0068 0.9915
vn 0.1768 -0.0055 0.9842
vn 0.1311 -0.0055 0.9914
vn 0.1516 -0.0045 0.9884
vn 0.1303 -0.0042 0.9915
vn 0.1297 -0.0294 0.9911
vn 0.1686 -0.0201 0.9855
vn 0.0997 -0.0052 0.9950
vn 0.0989 -0.0186 0.9949
vn 0.0854 0.0090 0.9963
vn 0.2271 0.0770 0.9708
vn 0.1134 -0.0055 0.9935
vn 0.1892 -0.0717 0.9793
vn 0.1951 -0.0054 0.9808
vn 0.2254 -0.0054 0.9743
vn 0.2252 -0.0140 0.9742
vn 0.1935 -0.0153 0.9810
vn 0.2263 -0.0055 0.9740
vn 0.2280 -0.0124 0.9736
vn 0.2282 -0.0055 0.9736
vn 0.2232 -0.0156 0.9747
vn 0.1926 -0.0288 0.9809
vn 0.1501 -0.0053 0.9887
vn 0.1525 -0.0090 0.9883
vn 0.2022 -0.0106 0.9793
vn 0.1984 -0.0055 0.9801
vn 0.1544 -0.0053 0.9880
vn 0.2061 -0.0055 0.9785
vn 0.2021 0.0001 0.9794
vn 0.1528 -0.0013 0.9883
vn 0.2279 0.0014 0.9737
vn 0.1934 0.0044 0.9811
vn 0.2250 0.0031 0.9743
vn 0.1925 0.0181 0.9811
vn 0.2231 0.0047 0.9748
vn 0.1519 -0.0025 0.9884
vn 0.1652 -0.0186 0.9861
vn 0.2033 -0.0019 0.9791
vn 0.1798 0.0186 0.9835
vn 0.1771 -0.0045 0.9842
vn 0.2165 -0.0031 0.9763
vn 0.2010 -0.0053 0.9796
vn 0.1729 0.0107 0.9849
vn 0.2151 -0.0055 0.9766
vn 0.1729 -0.0217 0.9847
vn 0.1771 -0.0065 0.9842
vn 0.2166 -0.0078 0.9762
vn 0.1521 -0.0085 0.9883
vn 0.1798 -0.0295 0.9833
vn 0.2036 -0.0091 0.9790
vn 0.1652 0.0077 0.9862
vn 0.0068 -0.0038 1.0000
vn -0.0062 -0.0038 1.0000
vn -0.0063 -0.0038 1.0000
vn -0.1418 -0.0053 0.9899
vn -0.1858 -0.0055 0.9826
vn -0.1893 -0.0106 0.9819
vn -0.1436 -0.0086 0.9896
vn -0.2115 -0.0055 0.9774
vn -0.2131 -0.0122 0.9770
vn -0.2130 -0.0055 0.9770
vn -0.1930 -0.0055 0.9812
vn -0.1459 -0.0053 0.9893
vn -0.1792 -0.0054 0.9838
vn -0.1781 -0.0155 0.9839
vn -0.2096 -0.0138 0.9777
vn -0.2096 -0.0054 0.9778
vn -0.1770 -0.0290 0.9838
vn -0.2070 -0.0157 0.9782
vn -0.1374 -0.0086 0.9905
vn -0.1508 0.0079 0.9885
vn -0.1874 -0.0092 0.9822
vn -0.1639 -0.0299 0.9860
vn -0.1629 -0.0064 0.9866
vn -0.2009 -0.0077 0.9796
vn -0.1373 -0.0065 0.9905
vn -0.1539 0.0092 0.9880
vn -0.1852 -0.0057 0.9827
vn -0.1577 -0.0218 0.9872
vn -0.1627 -0.0055 0.9867
vn -0.1995 -0.0055 0.9799
vn -0.1374 -0.0045 0.9905
vn -0.1577 0.0108 0.9874
vn -0.1852 -0.0052 0.9827
vn -0.1539 -0.0202 0.9879
vn -0.1629 -0.0045 0.9866
vn -0.2009 -0.0032 0.9796
vn -0.1375 -0.0024 0.9905
vn -0.1639 0.0190 0.9863
vn -0.1874 -0.0016 0.9823
vn -0.1508 -0.0188 0.9884
vn -0.1766 0.0183 0.9841
vn -0.2069 0.0047 0.9784
vn -0.2094 0.0026 0.9778
vn -0.1780 0.0046 0.9840
vn -0.2130 0.0012 0.9770
vn -0.1438 -0.0024 0.9896
vn -0.1896 -0.0009 0.9819
vn -0.1176 -0.0068 0.9930
vn -0.1179 0.0170 0.9929
vn -0.0916 -0.0058 0.9958
vn -0.1197 -0.0055 0.9928
vn -0.0733 -0.0175 0.9972
vn -0.1030 -0.0348 0.9941
vn -0.1958 -0.0829 0.9771
vn -0.1030 0.0237 0.9944
vn -0.0784 0.0278 0.9965
vn -0.0733 0.0065 0.9973
vn -0.1179 -0.0275 0.9926
vn -0.1176 -0.0043 0.9930
vn 0.0991 -0.0061 0.9951
vn 0.0822 -0.0055 0.9966
vn 0.1519 -0.0066 0.9884
vn 0.1681 0.0092 0.9857
vn 0.1294 0.0184 0.9914
vn 0.1301 -0.0069 0.9915
vn 0.1768 -0.0053 0.9842
vn 0.1310 -0.0053 0.9914
vn 0.1519 -0.0049 0.9884
vn 0.1302 -0.0044 0.9915
vn 0.1299 -0.0295 0.9911
vn 0.1693 -0.0203 0.9854
vn 0.0738 -0.0056 0.9973
vn 0.0746 -0.0055 0.9972
vn 0.1690 0.0775 0.9826
vn 0.1892 0.0608 0.9800
vn 0.1690 -0.0884 0.9816
vn 0.1949 -0.0036 0.9808
vn 0.2251 -0.0030 0.9743
vn 0.2266 -0.0134 0.9739
vn 0.1941 -0.0161 0.9808
vn 0.2256 -0.0021 0.9742
vn 0.2289 -0.0121 0.9734
vn 0.2296 -0.0050 0.9733
vn 0.2246 -0.0155 0.9743
vn 0.1945 -0.0298 0.9805
vn 0.1490 -0.0022 0.9888
vn 0.1522 -0.0091 0.9883
vn 0.2027 -0.0106 0.9792
vn 0.1976 -0.0019 0.9803
vn 0.1539 -0.0056 0.9881
vn 0.2059 -0.0055 0.9786
vn 0.2018 -0.0003 0.9794
vn 0.1522 -0.0020 0.9884
vn 0.2275 0.0014 0.9738
vn 0.1925 0.0047 0.9813
vn 0.2245 0.0031 0.9745
vn 0.1916 0.0179 0.9813
vn 0.2223 0.0048 0.9750
vn 0.1519 -0.0029 0.9884
vn 0.1656 -0.0189 0.9860
vn 0.2036 -0.0019 0.9790
vn 0.1791 0.0183 0.9837
vn 0.1771 -0.0044 0.9842
vn 0.2167 -0.0033 0.9762
vn 0.2011 -0.0053 0.9796
vn 0.1723 0.0105 0.9850
vn 0.2153 -0.0055 0.9765
vn 0.1735 -0.0215 0.9846
vn 0.2013 -0.0052 0.9795
vn 0.1769 -0.0061 0.9842
vn 0.2173 -0.0075 0.9761
vn 0.1516 -0.0087 0.9884
vn 0.1806 -0.0311 0.9831
vn 0.2039 -0.0096 0.9789
vn 0.1647 0.0077 0.9863
vn 0.0067 -0.0038 1.0000
vn -0.0061 -0.0038 1.0000
vn -0.0075 -0.0038 1.0000
vn -0.1406 -0.0023 0.9901
vn -0.1848 -0.0022 0.9828
vn -0.1898 -0.0105 0.9818
vn -0.1433 -0.0086 0.9896
vn -0.2108 -0.0025 0.9775
vn -0.2140 -0.0121 0.9768
vn -0.2139 -0.0055 0.9768
vn -0.1454 -0.0055 0.9894
vn -0.1798 -0.0039 0.9837
vn -0.1787 -0.0168 0.9838
vn -0.2108 -0.0139 0.9774
vn -0.2093 -0.0034 0.9779
vn -0.1784 -0.0304 0.9835
vn -0.2082 -0.0157 0.9780
vn -0.1373 -0.0086 0.9905
vn -0.1505 0.0078 0.9886
vn -0.1881 -0.0100 0.9821
vn -0.1643 -0.0316 0.9859
vn -0.1628 -0.0061 0.9866
vn -0.2014 -0.0074 0.9795
vn -0.1376 -0.0066 0.9905
vn -0.1537 0.0093 0.9881
vn -0.1851 -0.0055 0.9827
vn -0.1579 -0.0217 0.9872
vn -0.1627 -0.0052 0.9867
vn -0.1997 -0.0054 0.9798
vn -0.1371 -0.0047 0.9905
vn -0.1574 0.0106 0.9875
vn -0.1853 -0.0053 0.9827
vn -0.1542 -0.0204 0.9878
vn -0.1628 -0.0044 0.9867
vn -0.2008 -0.0034 0.9796
vn -0.1374 -0.0025 0.9905
vn -0.1636 0.0187 0.9863
vn -0.1878 -0.0018 0.9822
vn -0.1509 -0.0190 0.9884
vn -0.1763 0.0181 0.9842
vn -0.2062 0.0049 0.9785
vn -0.2088 0.0028 0.9780
vn -0.1778 0.0046 0.9840
vn -0.2126 0.0013 0.9771
vn -0.1432 -0.0016 0.9897
vn -0.1891 -0.0008 0.9820
vn -0.1174 -0.0068 0.9931
vn -0.1176 0.0157 0.9929
vn -0.0754 -0.0055 0.9971
vn -0.1196 -0.0055 0.9928
vn -0.1630 -0.0657 0.9844
vn -0.0692 -0.0055 0.9976
vn -0.0733 0.0064 0.9973
vn -0.1176 -0.0043 0.9931
vn 0.0738 -0.0049 0.9973
vn 0.0731 -0.0051 0.9973
vn 0.0745 -0.0342 0.9966
vn 0.0870 -0.0484 0.9950
vn 0.1017 -0.0066 0.9948
vn 0.0977 0.0181 0.9951
vn 0.0782 -0.0058 0.9969
vn 0.0920 -0.0850 0.9921
vn 0.1278 -0.0821 0.9884
vn 0.1485 -0.0108 0.9889
vn 0.1646 0.0185 0.9862
vn 0.1270 0.0365 0.9912
vn 0.1298 -0.0097 0.9915
vn 0.1796 -0.0056 0.9837
vn 0.1304 -0.0066 0.9914
vn 0.1482 -0.0069 0.9889
vn 0.1294 -0.0059 0.9916
vn 0.1312 -0.0511 0.9900
vn 0.1696 -0.0324 0.9850
vn 0.1013 -0.0053 0.9948
vn 0.0989 -0.0305 0.9946
vn 0.0738 -0.0051 0.9973
vn 0.0860 0.0367 0.9956
vn 0.0739 0.0231 0.9970
vn 0.0729 -0.0051 0.9973
vn 0.1255 0.0698 0.9896
vn 0.0903 0.0727 0.9933
vn 0.2231 0.1401 0.9647
vn 0.1679 0.1401 0.9758
vn 0.1995 0.1232 0.9721
vn 0.2175 -0.0097 0.9760
vn 0.1047 -0.0058 0.9945
vn 0.2301 -0.1543 0.9609
vn 0.2053 -0.1368 0.9691
vn 0.1739 -0.1559 0.9723
vn 0.1206 0.2036 0.9716
vn 0.1258 0.1942 0.9729
vn 0.1901 0.0490 0.9805
vn 0.1669 0.0543 0.9845
vn 0.1224 0.2341 0.9645
vn 0.1918 0.0701 0.9789
vn 0.2187 0.0145 0.9757
vn 0.2067 0.0058 0.9784
vn 0.1845 -0.0161 0.9827
vn 0.0699 0.4364 0.8970
vn 0.1240 0.1906 0.9738
vn 0.1698 0.1208 0.9781
vn 0.1054 0.3320 0.9374
vn 0.1481 0.0677 0.9867
vn 0.1974 0.0422 0.9794
vn 0.1978 0.0174 0.9801
vn 0.1500 0.0207 0.9885
vn 0.2226 0.0141 0.9748
vn 0.1899 0.0116 0.9817
vn 0.2206 0.0106 0.9753
vn 0.1846 0.0331 0.9823
vn 0.2158 0.0126 0.9764
vn 0.1483 -0.0028 0.9889
vn 0.1665 -0.0301 0.9856
vn 0.1993 0.0010 0.9799
vn 0.1722 0.0327 0.9845
vn 0.1798 -0.0040 0.9837
vn 0.2155 -0.0021 0.9765
vn 0.1974 -0.0053 0.9803
vn 0.1675 0.0209 0.9857
vn 0.2155 -0.0056 0.9765
vn 0.1730 -0.0350 0.9843
vn 0.1976 -0.0070 0.9803
vn 0.1802 -0.0073 0.9836
vn 0.2136 -0.0020 0.9769
vn 0.1495 -0.0149 0.9886
vn 0.1778 -0.0473 0.9829
vn 0.1978 -0.0067 0.9802
vn 0.1622 0.0163 0.9866
vn 0.0066 0.0189 0.9998
vn 0.0080 0.0191 0.9998
vn 0.0065 0.1145 0.9934
vn 0.0079 0.1153 0.9933
vn 0.0003 0.1158 0.9933
vn 0.0003 0.0192 0.9998
vn 0.0048 0.5958 0.8031
vn 0.0059 0.5980 0.8015
vn 0.0073 0.3304 0.9438
vn 0.0060 0.3286 0.9445
vn 0.0002 0.5989 0.8009
vn 0.0003 0.3316 0.9434
vn -0.0043 0.5958 0.8031
vn -0.0055 0.3286 0.9445
vn -0.0068 0.3304 0.9438
vn -0.0055 0.5980 0.8015
vn -0.0059 0.1145 0.9934
vn -0.0074 0.1153 0.9933
vn -0.0075 0.0191 0.9998
vn -0.0061 0.0189 0.9998
vn -0.0637 0.4399 0.8958
vn -0.0959 0.3354 0.9372
vn -0.1572 0.1244 0.9797
vn -0.1156 0.1940 0.9742
vn -0.1107 0.2363 0.9654
vn -0.1775 0.0720 0.9815
vn -0.2037 0.0143 0.9789
vn -0.1847 0.0428 0.9819
vn -0.1393 0.0686 0.9879
vn -0.1147 0.2089 0.9712
vn -0.1551 0.0553 0.9863
vn -0.1764 0.0491 0.9831
vn -0.1152 0.1965 0.9737
vn -0.1697 -0.0174 0.9853
vn -0.1917 0.0054 0.9814
vn -0.1353 -0.0132 0.9907
vn -0.1489 0.0170 0.9887
vn -0.1829 -0.0074 0.9831
vn -0.1620 -0.0481 0.9856
vn -0.1665 -0.0073 0.9860
vn -0.1981 -0.0019 0.9802
vn -0.1345 -0.0094 0.9909
vn -0.1512 0.0190 0.9883
vn -0.1823 -0.0075 0.9832
vn -0.1574 -0.0355 0.9869
vn -0.1659 -0.0057 0.9861
vn -0.1999 -0.0055 0.9798
vn -0.1342 -0.0055 0.9909
vn -0.1538 0.0214 0.9879
vn -0.1821 -0.0058 0.9833
vn -0.1543 -0.0329 0.9875
vn -0.1660 -0.0042 0.9861
vn -0.2001 -0.0022 0.9798
vn -0.1344 -0.0014 0.9909
vn -0.1583 0.0335 0.9868
vn -0.1839 0.0006 0.9829
vn -0.1516 -0.0306 0.9880
vn -0.1705 0.0334 0.9848
vn -0.2002 0.0125 0.9797
vn -0.2055 0.0101 0.9786
vn -0.1753 0.0118 0.9844
vn -0.2079 0.0135 0.9781
vn -0.1416 0.0197 0.9897
vn -0.1853 0.0164 0.9826
vn -0.1172 -0.0088 0.9931
vn -0.1162 0.0342 0.9926
vn -0.0939 -0.0063 0.9956
vn -0.0905 0.0140 0.9958
vn -0.0720 -0.0059 0.9974
vn -0.1199 -0.0065 0.9928
vn -0.0640 -0.0050 0.9979
vn -0.0745 -0.0412 0.9964
vn -0.0668 -0.0319 0.9973
vn -0.0686 -0.0051 0.9976
vn -0.1077 -0.0671 0.9919
vn -0.0782 -0.0702 0.9945
vn -0.1985 -0.1463 0.9691
vn -0.1478 -0.1512 0.9774
vn -0.1771 -0.1271 0.9760
vn -0.1841 -0.0112 0.9828
vn -0.0867 -0.0059 0.9962
vn -0.1479 -0.1513 0.9774
vn -0.0867 -0.0058 0.9962
vn -0.1924 0.1312 0.9725
vn -0.1720 0.1126 0.9786
vn -0.1424 0.1341 0.9807
vn -0.1061 0.0548 0.9928
vn -0.0769 0.0580 0.9953
vn -0.1841 -0.0110 0.9828
vn -0.0640 -0.0052 0.9979
vn -0.0663 0.0208 0.9976
vn -0.0738 0.0293 0.9968
vn -0.0931 -0.0052 0.9956
vn -0.0914 -0.0259 0.9955
vn -0.1190 -0.0478 0.9917
vn -0.1170 -0.0052 0.9931
vn 0.0090 -0.5729 0.8196
vn -0.0017 -0.3123 0.9500
vn -0.0152 -0.3044 0.9524
vn 0.0009 -0.5626 0.8267
vn -0.0089 -0.1141 0.9934
vn -0.0250 -0.1127 0.9933
vn -0.0522 -0.1066 0.9929
vn -0.0380 -0.2853 0.9577
vn -0.0130 -0.5405 0.8412
vn -0.0120 -0.0044 0.9999
vn -0.0290 -0.0046 0.9996
vn -0.0285 -0.0264 0.9992
vn -0.0115 -0.0259 0.9996
vn -0.0571 -0.0052 0.9984
vn -0.0567 -0.0276 0.9980
vn -0.0953 -0.0298 0.9950
vn -0.0949 -0.0066 0.9955
vn -0.0911 -0.0942 0.9914
vn -0.0350 -0.4991 0.8658
vn -0.0721 -0.2484 0.9660
vn -0.0014 -0.3165 0.9486
vn -0.0000 -0.5810 0.8139
vn -0.0022 -0.1151 0.9934
vn 0.0004 -0.1150 0.9934
vn 0.0032 -0.3159 0.9488
vn 0.0071 -0.5798 0.8147
vn -0.0026 -0.0039 1.0000
vn -0.0025 -0.0255 0.9997
vn -0.0009 -0.0040 1.0000
vn -0.0007 -0.0255 0.9997
vn -0.0030 -0.0256 0.9997
vn -0.0035 -0.0042 1.0000
vn -0.0010 -0.1151 0.9934
vn 0.0114 -0.5776 0.8162
vn 0.0041 -0.3148 0.9491
vn 0.0128 -0.0044 0.9999
vn 0.0122 -0.0259 0.9996
vn 0.0296 -0.0264 0.9992
vn 0.0301 -0.0046 0.9995
vn 0.0094 -0.1148 0.9933
vn 0.0261 -0.1125 0.9933
vn 0.0547 -0.1064 0.9928
vn 0.0589 -0.0281 0.9979
vn 0.0591 -0.0055 0.9982
vn -0.0085 -0.5736 0.8191
vn -0.0000 -0.5625 0.8268
vn 0.0162 -0.3042 0.9525
vn 0.0024 -0.3123 0.9500
vn 0.0148 -0.5399 0.8416
vn 0.0402 -0.2846 0.9578
vn 0.0766 -0.2466 0.9661
vn 0.0384 -0.4973 0.8667
vn 0.0960 -0.0937 0.9910
vn 0.0999 -0.0067 0.9950
vn 0.0996 -0.0298 0.9946
vn 0.0031 -0.0255 0.9997
vn 0.0031 -0.0039 1.0000
vn 0.0028 -0.1151 0.9934
vn 0.0002 -0.1150 0.9934
vn 0.0013 -0.0255 0.9997
vn 0.0015 -0.0040 1.0000
vn 0.0004 -0.5810 0.8139
vn 0.0019 -0.3165 0.9486
vn -0.0067 -0.5798 0.8147
vn -0.0026 -0.3159 0.9488
vn -0.0035 -0.3153 0.9490
vn -0.0109 -0.5776 0.8162
vn 0.0017 -0.1151 0.9934
vn 0.0042 -0.0042 1.0000
vn 0.0037 -0.0256 0.9997
vn -0.0119 -0.0044 0.9999
vn -0.0290 -0.0045 0.9996
vn -0.0118 -0.0044 0.9999
vn -0.0291 -0.0046 0.9996
vn -0.0573 -0.0048 0.9983
vn -0.0572 -0.0042 0.9984
vn -0.0116 -0.0044 0.9999
vn -0.0285 -0.0046 0.9996
vn -0.0288 -0.0047 0.9996
vn -0.0117 -0.0044 0.9999
vn -0.0561 -0.0049 0.9984
vn -0.0569 -0.0054 0.9984
vn -0.0957 -0.0071 0.9954
vn -0.0946 -0.0051 0.9955
vn -0.0976 -0.0050 0.9952
vn -0.0961 -0.0027 0.9954
vn -0.0025 -0.0039 1.0000
vn -0.0008 -0.0040 1.0000
vn -0.0023 -0.0039 1.0000
vn -0.0024 -0.0039 1.0000
vn -0.0006 -0.0040 1.0000
vn -0.0007 -0.0040 1.0000
vn -0.0032 -0.0042 1.0000
vn -0.0031 -0.0042 1.0000
vn -0.0033 -0.0042 1.0000
vn -0.0034 -0.0042 1.0000
vn 0.0123 -0.0044 0.9999
vn 0.0125 -0.0044 0.9999
vn 0.0300 -0.0047 0.9995
vn 0.0297 -0.0046 0.9995
vn 0.0126 -0.0044 0.9999
vn 0.0303 -0.0046 0.9995
vn 0.0598 -0.0048 0.9982
vn 0.0594 -0.0055 0.9982
vn 0.0589 -0.0049 0.9982
vn 0.0302 -0.0045 0.9995
vn 0.0127 -0.0044 0.9999
vn 0.0597 -0.0041 0.9982
vn 0.1011 -0.0024 0.9949
vn 0.1020 -0.0050 0.9948
vn 0.0991 -0.0051 0.9951
vn 0.1007 -0.0073 0.9949
vn 0.0030 -0.0039 1.0000
vn 0.0029 -0.0039 1.0000
vn 0.0014 -0.0040 1.0000
vn 0.0013 -0.0040 1.0000
vn 0.0012 -0.0040 1.0000
vn 0.0041 -0.0042 1.0000
vn 0.0040 -0.0042 1.0000
vn 0.0038 -0.0042 1.0000
vn 0.0039 -0.0042 1.0000
vn -0.0114 -0.0044 0.9999
vn -0.0285 -0.0045 0.9996
vn -0.0113 -0.0044 0.9999
vn -0.0286 -0.0046 0.9996
vn -0.0568 -0.0049 0.9984
vn -0.0566 -0.0043 0.9984
vn -0.0110 -0.0044 0.9999
vn -0.0279 -0.0046 0.9996
vn -0.0282 -0.0047 0.9996
vn -0.0112 -0.0044 0.9999
vn -0.0559 -0.0049 0.9984
vn -0.0563 -0.0054 0.9984
vn -0.0952 -0.0071 0.9954
vn -0.0936 -0.0051 0.9956
vn -0.0965 -0.0051 0.9953
vn -0.0955 -0.0032 0.9954
vn -0.0022 -0.0039 1.0000
vn -0.0004 -0.0040 1.0000
vn -0.0005 -0.0040 1.0000
vn -0.0021 -0.0039 1.0000
vn -0.0002 -0.0040 1.0000
vn -0.0003 -0.0040 1.0000
vn -0.0027 -0.0042 1.0000
vn -0.0026 -0.0042 1.0000
vn -0.0028 -0.0042 1.0000
vn -0.0030 -0.0042 1.0000
vn 0.0118 -0.0044 0.9999
vn 0.0119 -0.0044 0.9999
vn 0.0294 -0.0047 0.9996
vn 0.0291 -0.0046 0.9996
vn 0.0121 -0.0044 0.9999
vn 0.0298 -0.0046 0.9995
vn 0.0593 -0.0049 0.9982
vn 0.0588 -0.0062 0.9983
vn 0.0584 -0.0049 0.9983
vn 0.0297 -0.0045 0.9995
vn 0.0122 -0.0044 0.9999
vn 0.0591 -0.0043 0.9982
vn 0.1005 -0.0029 0.9949
vn 0.1017 -0.0051 0.9948
vn 0.0988 -0.0051 0.9951
vn 0.1002 -0.0073 0.9949
vn 0.0027 -0.0039 1.0000
vn 0.0026 -0.0039 1.0000
vn 0.0028 -0.0039 1.0000
vn 0.0010 -0.0040 1.0000
vn 0.0009 -0.0040 1.0000
vn 0.0008 -0.0040 1.0000
vn 0.0011 -0.0040 1.0000
vn 0.0036 -0.0042 1.0000
vn 0.0035 -0.0042 1.0000
vn 0.0033 -0.0042 1.0000
vn 0.0034 -0.0042 1.0000
vn -0.0109 -0.0044 0.9999
vn -0.0279 -0.0045 0.9996
vn -0.0108 -0.0044 0.9999
vn -0.0280 -0.0046 0.9996
vn -0.0562 -0.0049 0.9984
vn -0.0560 -0.0040 0.9984
vn -0.0106 -0.0044 0.9999
vn -0.0274 -0.0046 0.9996
vn -0.0277 -0.0048 0.9996
vn -0.0107 -0.0044 0.9999
vn -0.0555 -0.0043 0.9984
vn -0.0558 -0.0056 0.9984
vn -0.0948 -0.0075 0.9955
vn -0.0936 -0.0033 0.9956
vn -0.0959 -0.0053 0.9954
vn -0.0949 -0.0032 0.9955
vn -0.0020 -0.0039 1.0000
vn -0.0019 -0.0039 1.0000
vn -0.0000 -0.0040 1.0000
vn -0.0001 -0.0040 1.0000
vn -0.0018 -0.0039 1.0000
vn 0.0001 -0.0040 1.0000
vn -0.0023 -0.0042 1.0000
vn -0.0022 -0.0042 1.0000
vn -0.0024 -0.0042 1.0000
vn -0.0025 -0.0042 1.0000
vn 0.0113 -0.0044 0.9999
vn 0.0114 -0.0044 0.9999
vn 0.0289 -0.0048 0.9996
vn 0.0286 -0.0046 0.9996
vn 0.0116 -0.0044 0.9999
vn 0.0292 -0.0046 0.9996
vn 0.0587 -0.0049 0.9983
vn 0.0583 -0.0061 0.9983
vn 0.0580 -0.0043 0.9983
vn 0.0291 -0.0045 0.9996
vn 0.0117 -0.0044 0.9999
vn 0.0585 -0.0043 0.9983
vn 0.0998 -0.0029 0.9950
vn 0.1016 -0.0053 0.9948
vn 0.0983 -0.0033 0.9952
vn 0.0998 -0.0082 0.9950
vn 0.0025 -0.0039 1.0000
vn 0.0024 -0.0039 1.0000
vn 0.0006 -0.0040 1.0000
vn 0.0005 -0.0040 1.0000
vn 0.0007 -0.0040 1.0000
vn 0.0032 -0.0042 1.0000
vn 0.0031 -0.0042 1.0000
vn 0.0029 -0.0042 1.0000
vn 0.0030 -0.0042 1.0000
vn -0.0098 0.0182 0.9998
vn -0.0267 0.0183 0.9995
vn -0.0067 0.1128 0.9936
vn -0.0228 0.1101 0.9937
vn -0.0500 0.1028 0.9934
vn -0.0549 0.0191 0.9983
vn 0.0119 0.5867 0.8097
vn 0.0042 0.5757 0.8176
vn -0.0122 0.3136 0.9495
vn 0.0008 0.3230 0.9464
vn -0.0090 0.5532 0.8330
vn -0.0346 0.2929 0.9555
vn -0.0686 0.2533 0.9650
vn -0.0303 0.5107 0.8592
vn -0.0888 0.0888 0.9921
vn -0.0934 0.0206 0.9954
vn -0.0017 0.0187 0.9998
vn -0.0013 0.1139 0.9935
vn 0.0018 0.1136 0.9935
vn 0.0005 0.0185 0.9998
vn 0.0012 0.5944 0.8042
vn -0.0002 0.3274 0.9449
vn 0.0089 0.5932 0.8050
vn 0.0049 0.3266 0.9451
vn 0.0064 0.3257 0.9454
vn 0.0137 0.5910 0.8065
vn 0.0007 0.1134 0.9936
vn -0.0016 0.0183 0.9998
vn -0.0112 0.5864 0.8100
vn -0.0002 0.3223 0.9466
vn 0.0133 0.3134 0.9495
vn -0.0032 0.5756 0.8177
vn 0.0074 0.1128 0.9936
vn 0.0240 0.1100 0.9936
vn 0.0524 0.1026 0.9933
vn 0.0369 0.2923 0.9556
vn 0.0108 0.5526 0.8334
vn 0.0279 0.0183 0.9994
vn 0.0106 0.0182 0.9998
vn 0.0572 0.0194 0.9982
vn 0.0984 0.0211 0.9949
vn 0.0938 0.0883 0.9917
vn 0.0338 0.5088 0.8602
vn 0.0731 0.2513 0.9651
vn 0.0008 0.3274 0.9449
vn -0.0007 0.5944 0.8042
vn 0.0019 0.1139 0.9935
vn -0.0012 0.1136 0.9935
vn -0.0042 0.3266 0.9452
vn -0.0083 0.5932 0.8050
vn 0.0023 0.0187 0.9998
vn 0.0002 0.0185 0.9998
vn 0.0023 0.0183 0.9998
vn -0.0000 0.1134 0.9936
vn -0.0131 0.5909 0.8067
vn -0.0057 0.3257 0.9454
vn 0.0737 -0.0052 0.9973
vn 0.0730 -0.0050 0.9973
vn 0.0735 -0.0386 0.9965
vn 0.0868 -0.0477 0.9951
vn 0.1017 -0.0026 0.9948
vn 0.1026 0.0221 0.9945
vn 0.0839 -0.0642 0.9944
vn 0.0900 -0.0961 0.9913
vn 0.1274 -0.0808 0.9886
vn 0.1377 0.0502 0.9892
vn 0.1311 0.0024 0.9914
vn 0.1401 0.0017 0.9901
vn 0.1191 -0.2250 0.9671
vn 0.1380 -0.0796 0.9872
vn 0.1091 -0.2333 0.9663
vn 0.1097 -0.1150 0.9873
vn 0.0820 -0.2309 0.9695
vn 0.0926 -0.2444 0.9652
vn 0.0839 -0.1212 0.9891
vn 0.0913 -0.2314 0.9686
vn 0.1233 -0.2682 0.9554
vn 0.0862 -0.1024 0.9910
vn 0.1557 0.0209 0.9876
vn 0.2137 -0.0483 0.9757
vn 0.1561 -0.0869 0.9839
vn 0.2098 -0.2539 0.9442
vn 0.2081 -0.1475 0.9669
vn 0.1031 -0.0987 0.9898
vn 0.1561 -0.0868 0.9839
vn 0.2292 -0.1520 0.9615
vn 0.2043 -0.1346 0.9696
vn 0.1692 -0.1830 0.9684
vn 0.2081 -0.1477 0.9669
vn 0.0740 -0.0339 0.9967
vn 0.0867 -0.0476 0.9951
vn 0.1000 0.0214 0.9948
vn 0.0911 -0.0852 0.9922
vn 0.1271 -0.0807 0.9886
vn 0.1346 0.0428 0.9900
vn 0.1310 -0.0007 0.9914
vn 0.1253 -0.0434 0.9912
vn 0.0972 -0.0267 0.9949
vn 0.0743 0.0223 0.9970
vn 0.1258 0.0690 0.9897
vn 0.0909 0.0704 0.9934
vn 0.1938 0.1376 0.9714
vn 0.1783 0.1754 0.9682
vn 0.1691 0.1392 0.9757
vn 0.2004 0.1219 0.9721
vn 0.2172 -0.0079 0.9761
vn 0.1048 -0.0079 0.9945
vn 0.2286 -0.1517 0.9616
vn 0.2038 -0.1343 0.9698
vn 0.1725 -0.1533 0.9730
vn 0.1299 -0.0090 0.9915
vn 0.1346 -0.0614 0.9890
vn 0.1016 -0.0073 0.9948
vn 0.1016 -0.0387 0.9941
vn 0.0817 -0.0113 0.9966
vn 0.1395 -0.0446 0.9892
vn 0.0737 -0.0055 0.9973
vn 0.0864 0.0362 0.9956
vn 0.0739 0.0212 0.9970
vn 0.0730 -0.0055 0.9973
vn 0.1264 0.0693 0.9896
vn 0.0909 0.0725 0.9932
vn 0.2262 0.1398 0.9640
vn 0.1705 0.1409 0.9752
vn 0.2019 0.1225 0.9717
vn 0.2172 -0.0057 0.9761
vn 0.1050 -0.0017 0.9945
vn 0.2268 -0.1508 0.9622
vn 0.2017 -0.1325 0.9704
vn 0.1706 -0.1502 0.9738
vn 0.1252 -0.0762 0.9892
vn 0.0912 -0.0766 0.9929
vn 0.2171 -0.0058 0.9761
vn 0.1050 -0.0018 0.9945
vn 0.0737 -0.0051 0.9973
vn 0.0803 -0.0049 0.9968
vn 0.0772 -0.0310 0.9965
vn 0.0853 -0.0401 0.9955
vn 0.1152 -0.0055 0.9933
vn 0.1090 -0.0072 0.9940
vn 0.1483 -0.0161 0.9888
vn 0.1550 -0.0064 0.9879
vn 0.1309 -0.0496 0.9902
vn 0.0993 -0.0308 0.9946
vn 0.0789 -0.0056 0.9969
vn 0.1309 -0.0071 0.9914
vn 0.0863 0.0362 0.9956
vn 0.0740 0.0226 0.9970
vn 0.1262 0.0692 0.9896
vn 0.0907 0.0726 0.9932
vn 0.2257 0.1395 0.9642
vn 0.1700 0.1404 0.9754
vn 0.2014 0.1223 0.9718
vn 0.2172 -0.0065 0.9761
vn 0.1048 -0.0048 0.9945
vn -0.7212 -0.6743 -0.1589
vn 0.2028 -0.1338 0.9700
vn 0.1714 -0.1523 0.9734
vn -0.7669 -0.5379 -0.3500
vn 0.1268 -0.0805 0.9887
vn 0.0914 -0.0829 0.9924
vn 0.1715 -0.1523 0.9733
vn 0.0743 -0.0333 0.9967
vn 0.0866 -0.0474 0.9951
vn 0.0977 0.0170 0.9951
vn 0.1277 0.0356 0.9912
vn 0.0745 -0.0054 0.9972
vn 0.0749 -0.0154 0.9971
vn 0.0997 -0.0043 0.9950
vn 0.1029 0.0149 0.9946
vn 0.0854 0.0010 0.9963
vn 0.0917 -0.0472 0.9947
vn 0.1217 -0.0419 0.9917
vn 0.1397 0.0300 0.9897
vn 0.1311 -0.0015 0.9914
vn 0.1436 0.0201 0.9894
vn 0.1494 0.0007 0.9888
vn 0.1089 -0.0031 0.9940
vn 0.0856 0.0150 0.9962
vn 0.0789 0.0132 0.9968
vn 0.1225 0.0327 0.9919
vn 0.0936 0.0367 0.9949
vn 0.1694 0.0777 0.9825
vn 0.1895 0.0614 0.9800
vn 0.1137 -0.0061 0.9935
vn 0.1891 -0.0717 0.9793
vn 0.1688 -0.0886 0.9817
vn 0.0750 -0.0159 0.9971
vn 0.1000 0.0089 0.9949
vn 0.0829 -0.0058 0.9965
vn 0.0918 -0.0470 0.9947
vn 0.1335 0.0203 0.9908
vn 0.1308 -0.0044 0.9914
vn 0.1264 -0.0278 0.9916
vn 0.0980 -0.0176 0.9950
vn 0.0753 0.0045 0.9972
vn 0.0923 0.0348 0.9951
vn 0.1690 0.0774 0.9826
vn 0.1134 -0.0062 0.9935
vn 0.1688 -0.0885 0.9817
vn 0.1312 -0.0093 0.9913
vn 0.1389 -0.0395 0.9895
vn 0.0999 -0.0064 0.9950
vn 0.1028 -0.0254 0.9944
vn 0.0857 -0.0110 0.9963
vn 0.1429 -0.0300 0.9893
vn 0.0749 0.0042 0.9972
vn 0.0745 -0.0057 0.9972
vn 0.0918 0.0360 0.9951
vn 0.1688 0.0776 0.9826
vn 0.1137 -0.0044 0.9935
vn 0.1691 -0.0881 0.9817
vn 0.0932 -0.0457 0.9946
vn 0.0810 -0.0055 0.9967
vn 0.0788 -0.0178 0.9967
vn 0.1145 -0.0055 0.9934
vn 0.1095 -0.0066 0.9940
vn 0.1493 -0.0112 0.9887
vn 0.1548 -0.0055 0.9879
vn 0.1331 -0.0313 0.9906
vn 0.1001 -0.0200 0.9948
vn 0.0829 -0.0053 0.9965
vn 0.1311 -0.0064 0.9913
vn 0.0750 0.0048 0.9972
vn 0.0918 0.0359 0.9951
vn 0.1689 0.0776 0.9826
vn 0.1134 -0.0049 0.9935
vn 0.1690 -0.0883 0.9817
vn 0.0923 -0.0459 0.9947
vn 0.0753 -0.0156 0.9970
vn 0.0981 0.0065 0.9952
vn 0.1267 0.0167 0.9918
vn 0.0746 -0.0054 0.9972
vn 0.0996 -0.0041 0.9950
vn 0.1027 0.0144 0.9946
vn 0.0858 -0.0002 0.9963
vn 0.0918 -0.0471 0.9947
vn 0.1392 0.0288 0.9898
vn 0.1312 -0.0016 0.9914
vn 0.1432 0.0190 0.9895
vn 0.1494 0.0001 0.9888
vn 0.1095 -0.0045 0.9940
vn 0.0788 0.0067 0.9969
vn 0.0931 0.0345 0.9951
vn 0.1691 0.0771 0.9826
vn 0.1137 -0.0067 0.9935
vn 0.1001 0.0090 0.9949
vn 0.0819 -0.0058 0.9966
vn 0.1333 0.0201 0.9909
vn 0.1309 -0.0044 0.9914
vn 0.1266 -0.0278 0.9916
vn 0.0979 -0.0176 0.9950
vn 0.0753 0.0044 0.9972
vn 0.1690 0.0773 0.9826
vn 0.1689 -0.0885 0.9817
vn 0.1312 -0.0094 0.9913
vn 0.1392 -0.0398 0.9895
vn 0.0996 -0.0070 0.9950
vn 0.1027 -0.0254 0.9944
vn 0.0856 -0.0109 0.9963
vn 0.1432 -0.0300 0.9892
vn 0.0747 -0.0058 0.9972
vn 0.1691 -0.0880 0.9817
vn 0.0809 -0.0055 0.9967
vn 0.1144 -0.0055 0.9934
vn 0.1094 -0.0066 0.9940
vn 0.1494 -0.0111 0.9887
vn 0.1333 -0.0313 0.9906
vn 0.1001 -0.0202 0.9948
vn 0.0822 -0.0053 0.9966
vn 0.1309 -0.0069 0.9914
vn 0.2271 -0.0878 0.9699
vn 0.0924 -0.0459 0.9947
vn 0.0753 -0.0155 0.9970
vn 0.0979 0.0065 0.9952
vn 0.1266 0.0166 0.9918
vn 0.0751 -0.0051 0.9972
vn 0.0749 -0.0153 0.9971
vn 0.0997 -0.0042 0.9950
vn 0.1027 0.0143 0.9946
vn 0.1388 0.0285 0.9899
vn 0.1310 -0.0018 0.9914
vn 0.1429 0.0190 0.9896
vn 0.1492 0.0002 0.9888
vn 0.1094 -0.0045 0.9940
vn 0.0787 0.0066 0.9969
vn 0.0932 0.0346 0.9950
vn 0.1689 -0.0886 0.9816
vn 0.0823 -0.0058 0.9966
vn 0.1330 0.0201 0.9909
vn 0.1311 -0.0046 0.9914
vn 0.1267 -0.0279 0.9916
vn 0.0982 -0.0176 0.9950
vn 0.0924 0.0348 0.9951
vn 0.1310 -0.0095 0.9913
vn 0.1395 -0.0411 0.9894
vn 0.0997 -0.0064 0.9950
vn 0.1028 -0.0260 0.9944
vn 0.0853 -0.0121 0.9963
vn 0.1435 -0.0312 0.9892
vn 0.0749 0.0043 0.9972
vn 0.0917 0.0362 0.9951
vn 0.1689 0.0777 0.9826
vn 0.1137 -0.0050 0.9935
vn 0.1896 -0.0723 0.9792
vn 0.1694 -0.0886 0.9816
vn 0.1226 -0.0437 0.9915
vn 0.0936 -0.0478 0.9945
vn 0.0738 -0.0059 0.9973
vn 0.0803 -0.0061 0.9968
vn 0.0789 -0.0243 0.9966
vn 0.0857 -0.0260 0.9960
vn 0.1151 -0.0056 0.9933
vn 0.1088 -0.0080 0.9940
vn 0.1494 -0.0117 0.9887
vn 0.1549 -0.0046 0.9879
vn 0.1334 -0.0313 0.9906
vn 0.1000 -0.0200 0.9948
vn 0.1307 -0.0066 0.9914
vn 0.0919 0.0359 0.9951
vn 0.1690 -0.0882 0.9817
vn 0.0923 -0.0458 0.9947
vn 0.0978 0.0065 0.9952
vn 0.1262 0.0167 0.9919
vn 0.0740 -0.0327 0.9967
vn 0.0866 -0.0480 0.9951
vn 0.1015 -0.0037 0.9948
vn 0.1013 0.0282 0.9945
vn 0.0815 0.0001 0.9967
vn 0.0911 -0.0849 0.9922
vn 0.1269 -0.0815 0.9886
vn 0.1340 0.0516 0.9896
vn 0.1297 -0.0021 0.9915
vn 0.1390 0.0345 0.9897
vn 0.1481 0.0055 0.9890
vn 0.1088 -0.0039 0.9941
vn 0.0853 0.0293 0.9959
vn 0.0772 0.0203 0.9968
vn 0.1250 0.0659 0.9900
vn 0.0911 0.0663 0.9936
vn 0.2259 0.1414 0.9638
vn 0.1699 0.1404 0.9754
vn 0.2012 0.1231 0.9718
vn 0.2172 -0.0060 0.9761
vn 0.1049 -0.0095 0.9944
vn 0.1049 -0.0096 0.9944
vn 0.2272 -0.1529 0.9618
vn 0.2029 -0.1356 0.9698
vn 0.1714 -0.1542 0.9731
vn 0.2173 -0.0063 0.9761
vn 0.0742 -0.0343 0.9967
vn 0.0868 -0.0482 0.9951
vn 0.0989 0.0201 0.9949
vn 0.0785 -0.0059 0.9969
vn 0.0914 -0.0856 0.9921
vn 0.1274 -0.0818 0.9885
vn 0.1303 0.0399 0.9907
vn 0.1307 -0.0038 0.9914
vn 0.1279 -0.0478 0.9906
vn 0.0977 -0.0285 0.9948
vn 0.0862 0.0367 0.9956
vn 0.0742 0.0227 0.9970
vn 0.1260 0.0700 0.9896
vn 0.0908 0.0722 0.9932
vn 0.2245 0.1408 0.9643
vn 0.1691 0.1411 0.9754
vn 0.2007 0.1237 0.9718
vn 0.2174 -0.0077 0.9761
vn 0.1048 -0.0069 0.9945
vn 0.1047 -0.0069 0.9945
vn 0.2286 -0.1536 0.9613
vn 0.2041 -0.1362 0.9694
vn 0.1727 -0.1551 0.9727
vn 0.2174 -0.0080 0.9760
vn 0.1308 -0.0136 0.9913
vn 0.1381 -0.0662 0.9882
vn 0.1008 -0.0106 0.9948
vn 0.1014 -0.0387 0.9941
vn 0.0796 0.0471 0.9957
vn 0.1387 -0.0120 0.9903
vn 0.0763 -0.0159 0.9970
vn 0.0887 0.0322 0.9955
vn 0.0729 0.0243 0.9970
vn 0.0717 -0.0122 0.9974
vn 0.1245 0.0509 0.9909
vn 0.0876 0.0629 0.9942
vn 0.2417 0.0929 0.9659
vn 0.2229 0.1152 0.9680
vn 0.1458 0.0960 0.9846
vn 0.1894 0.0827 0.9784
vn 0.1892 0.1289 0.9734
vn 0.0899 0.0746 0.9932
vn 0.2260 0.2859 0.9312
vn 0.1654 0.2746 0.9472
vn 0.1214 0.1128 0.9862
vn 0.2119 0.1566 0.9647
vn 0.1143 0.2547 0.9602
vn 0.0808 0.0906 0.9926
vn 0.0712 0.2279 0.9711
vn 0.0790 0.2313 0.9697
vn 0.0774 0.1055 0.9914
vn 0.0876 0.2276 0.9698
vn 0.1013 0.2350 0.9667
vn 0.1030 0.1085 0.9887
vn 0.1358 0.0721 0.9881
vn 0.1139 0.2227 0.9682
vn 0.1351 -0.0549 0.9893
vn 0.1003 -0.0328 0.9944
vn 0.0782 -0.0070 0.9969
vn 0.1308 -0.0104 0.9914
vn 0.0859 0.0367 0.9956
vn 0.0736 0.0234 0.9970
vn 0.1251 0.0696 0.9897
vn 0.0897 0.0732 0.9933
vn 0.2218 0.1395 0.9651
vn 0.1667 0.1392 0.9761
vn 0.1985 0.1226 0.9724
vn 0.2177 -0.0113 0.9760
vn 0.1048 -0.0047 0.9945
vn 0.2315 -0.1551 0.9604
vn 0.2065 -0.1375 0.9687
vn 0.1753 -0.1566 0.9720
vn 0.1285 -0.0828 0.9882
vn 0.0930 -0.0854 0.9920
vn 0.0754 -0.0439 0.9962
vn 0.0879 -0.0551 0.9946
vn 0.0962 0.0124 0.9953
vn 0.1243 0.0336 0.9917
vn -0.1181 0.0016 0.9930
vn -0.1244 0.0444 0.9912
vn -0.0933 -0.0025 0.9956
vn -0.0939 0.0161 0.9955
vn -0.0773 -0.0630 0.9950
vn -0.1285 0.0041 0.9917
vn -0.0744 -0.0405 0.9964
vn -0.0660 -0.0356 0.9972
vn -0.0684 -0.0053 0.9976
vn -0.1075 -0.0661 0.9920
vn -0.0769 -0.0805 0.9938
vn -0.1979 -0.1437 0.9696
vn -0.1434 -0.1808 0.9730
vn -0.1763 -0.1247 0.9764
vn -0.1769 -0.1427 0.9738
vn -0.0856 -0.0981 0.9915
vn -0.1844 -0.2299 0.9556
vn -0.2476 -0.2791 0.9278
vn -0.1878 -0.2608 0.9469
vn -0.1339 -0.0948 0.9864
vn -0.1868 -0.0657 0.9802
vn -0.1048 -0.2577 0.9605
vn -0.0741 -0.1096 0.9912
vn -0.1767 -0.1422 0.9739
vn -0.1339 -0.0948 0.9865
vn -0.0767 -0.2223 0.9719
vn -0.0863 -0.2241 0.9707
vn -0.0780 -0.1169 0.9901
vn -0.0804 -0.2315 0.9695
vn -0.0988 -0.2307 0.9680
vn -0.1022 -0.1066 0.9890
vn -0.1267 -0.0778 0.9889
vn -0.1111 -0.2253 0.9679
vn -0.1219 0.0394 0.9918
vn -0.0921 0.0161 0.9956
vn -0.0721 -0.0060 0.9974
vn -0.1201 -0.0016 0.9928
vn -0.0743 -0.0404 0.9964
vn -0.0664 -0.0317 0.9973
vn -0.1074 -0.0660 0.9920
vn -0.0776 -0.0703 0.9945
vn -0.1973 -0.1433 0.9698
vn -0.1467 -0.1482 0.9780
vn -0.1759 -0.1244 0.9765
vn -0.1840 -0.0087 0.9829
vn -0.0868 -0.0075 0.9962
vn -0.1938 0.1301 0.9724
vn -0.1729 0.1115 0.9786
vn -0.1436 0.1334 0.9806
vn -0.1064 0.0542 0.9928
vn -0.0775 0.0562 0.9954
vn -0.0667 0.0200 0.9976
vn -0.0739 0.0290 0.9968
vn -0.0901 -0.0232 0.9957
vn -0.1144 -0.0414 0.9926
vn -0.0641 -0.0055 0.9979
vn -0.0687 -0.0057 0.9976
vn -0.0663 0.0188 0.9976
vn -0.0741 0.0291 0.9968
vn -0.0935 -0.0070 0.9956
vn -0.0935 -0.0336 0.9951
vn -0.0750 -0.0117 0.9971
vn -0.0775 0.0576 0.9953
vn -0.1068 0.0545 0.9928
vn -0.1229 -0.0580 0.9907
vn -0.1175 -0.0096 0.9930
vn -0.1284 -0.0453 0.9907
vn -0.1414 -0.0062 0.9899
vn -0.1358 -0.0180 0.9906
vn -0.1056 -0.0054 0.9944
vn -0.1008 -0.0101 0.9949
vn -0.0641 -0.0052 0.9979
vn -0.0733 -0.0340 0.9967
vn -0.0695 -0.0296 0.9971
vn -0.0748 -0.0047 0.9972
vn -0.1059 -0.0622 0.9924
vn -0.0778 -0.0631 0.9950
vn -0.1958 -0.1423 0.9703
vn -0.1451 -0.1451 0.9787
vn -0.1740 -0.1225 0.9771
vn -0.1839 -0.0060 0.9829
vn -0.0871 -0.0025 0.9962
vn -0.1451 -0.1452 0.9787
vn -0.1953 0.1311 0.9720
vn -0.1741 0.1123 0.9783
vn -0.1448 0.1352 0.9802
vn -0.1839 -0.0059 0.9829
vn -0.0664 0.0203 0.9976
vn -0.0740 0.0291 0.9968
vn -0.0916 -0.0260 0.9955
vn -0.0721 -0.0055 0.9974
vn -0.0773 0.0580 0.9953
vn -0.1066 0.0544 0.9928
vn -0.1196 -0.0471 0.9917
vn -0.1199 -0.0069 0.9928
vn -0.1159 0.0328 0.9927
vn -0.0904 0.0132 0.9958
vn -0.0742 -0.0403 0.9964
vn -0.0667 -0.0311 0.9973
vn -0.1071 -0.0658 0.9921
vn -0.0779 -0.0685 0.9946
vn -0.0844 0.9052 0.4165
vn 0.3749 0.5808 0.7226
vn -0.1458 -0.1470 0.9783
vn -0.1750 -0.1238 0.9768
vn -0.1839 -0.0069 0.9829
vn -0.0869 -0.0050 0.9962
vn -0.0868 -0.0049 0.9962
vn -0.1948 0.1308 0.9721
vn -0.1737 0.1120 0.9784
vn -0.1444 0.1347 0.9803
vn -0.1839 -0.0068 0.9829
vn -0.1183 -0.0018 0.9930
vn -0.1263 0.0278 0.9916
vn -0.0914 -0.0041 0.9958
vn -0.0943 0.0116 0.9955
vn -0.0784 0.0013 0.9969
vn -0.1313 0.0204 0.9911
vn -0.0673 -0.0146 0.9976
vn -0.0694 -0.0052 0.9976
vn -0.0782 -0.0393 0.9962
vn -0.1438 -0.0847 0.9860
vn -0.1631 -0.0656 0.9844
vn -0.0937 -0.0060 0.9956
vn -0.1634 0.0552 0.9850
vn -0.1442 0.0739 0.9868
vn -0.1037 0.0252 0.9943
vn -0.0796 0.0288 0.9964
vn -0.0709 0.0119 0.9974
vn -0.0735 0.0115 0.9972
vn -0.1007 -0.0015 0.9949
vn -0.1364 0.0025 0.9907
vn -0.1210 0.0187 0.9925
vn -0.0920 0.0062 0.9957
vn -0.0755 -0.0057 0.9971
vn -0.1198 -0.0045 0.9928
vn -0.0673 -0.0151 0.9976
vn -0.0782 -0.0392 0.9962
vn -0.0934 -0.0061 0.9956
vn -0.1439 0.0736 0.9868
vn -0.0786 0.0273 0.9965
vn -0.0676 0.0037 0.9977
vn -0.0904 -0.0156 0.9958
vn -0.1152 -0.0262 0.9930
vn -0.0692 -0.0058 0.9976
vn -0.0673 0.0034 0.9977
vn -0.0915 -0.0070 0.9958
vn -0.0941 -0.0222 0.9953
vn -0.0787 -0.0113 0.9968
vn -0.0782 0.0281 0.9965
vn -0.1260 -0.0376 0.9913
vn -0.1185 -0.0093 0.9929
vn -0.1309 -0.0299 0.9909
vn -0.1408 -0.0055 0.9900
vn -0.1364 -0.0127 0.9906
vn -0.1053 -0.0055 0.9944
vn -0.1010 -0.0083 0.9949
vn -0.0708 -0.0172 0.9973
vn -0.0753 -0.0055 0.9971
vn -0.0797 -0.0378 0.9961
vn -0.1440 -0.0844 0.9860
vn -0.0937 -0.0045 0.9956
vn -0.1438 0.0737 0.9869
vn -0.0673 0.0040 0.9977
vn -0.0920 -0.0173 0.9956
vn -0.0758 -0.0054 0.9971
vn -0.0782 0.0282 0.9965
vn -0.1210 -0.0295 0.9922
vn -0.1197 -0.0065 0.9928
vn -0.1153 0.0152 0.9932
vn -0.0904 0.0046 0.9959
vn -0.0676 -0.0148 0.9976
vn -0.0786 -0.0383 0.9962
vn -0.1440 -0.0845 0.9860
vn -0.0934 -0.0050 0.9956
vn -0.1438 0.0738 0.9869
vn -0.1184 -0.0017 0.9930
vn -0.1261 0.0267 0.9917
vn -0.0916 -0.0043 0.9958
vn -0.0941 0.0112 0.9955
vn -0.0785 0.0002 0.9969
vn -0.1310 0.0190 0.9912
vn -0.0673 -0.0145 0.9976
vn -0.0691 -0.0054 0.9976
vn -0.1439 -0.0847 0.9860
vn -0.0937 -0.0065 0.9956
vn -0.1440 0.0734 0.9869
vn -0.0796 0.0267 0.9965
vn -0.0708 0.0061 0.9975
vn -0.1010 -0.0028 0.9949
vn -0.1354 0.0017 0.9908
vn -0.1439 0.0736 0.9869
vn -0.0904 -0.0157 0.9958
vn -0.1152 -0.0253 0.9930
vn -0.1261 -0.0377 0.9913
vn -0.1184 -0.0093 0.9929
vn -0.1310 -0.0300 0.9909
vn -0.1409 -0.0055 0.9900
vn -0.1363 -0.0127 0.9906
vn -0.1050 -0.0055 0.9945
vn -0.0752 -0.0055 0.9972
vn -0.0792 -0.0382 0.9961
vn -0.0937 -0.0046 0.9956
vn -0.0757 -0.0054 0.9971
vn -0.1210 -0.0296 0.9922
vn -0.1197 -0.0066 0.9928
vn -0.0786 -0.0384 0.9962
vn -0.1439 -0.0845 0.9860
vn -0.1184 -0.0018 0.9930
vn -0.1260 0.0264 0.9917
vn -0.0915 -0.0043 0.9958
vn -0.1309 0.0189 0.9912
vn -0.0672 -0.0145 0.9976
vn -0.0697 -0.0051 0.9976
vn -0.0793 0.0270 0.9965
vn -0.1363 0.0017 0.9907
vn -0.1210 0.0186 0.9925
vn -0.1196 -0.0045 0.9928
vn -0.1438 -0.0848 0.9860
vn -0.1152 -0.0254 0.9930
vn -0.0672 0.0035 0.9977
vn -0.0916 -0.0064 0.9958
vn -0.0943 -0.0227 0.9953
vn -0.0783 -0.0124 0.9969
vn -0.1263 -0.0388 0.9912
vn -0.1183 -0.0093 0.9929
vn -0.1312 -0.0315 0.9909
vn -0.1413 -0.0048 0.9900
vn -0.1354 -0.0134 0.9907
vn -0.1059 -0.0056 0.9944
vn -0.1006 -0.0095 0.9949
vn -0.0641 -0.0059 0.9979
vn -0.0735 -0.0226 0.9970
vn -0.0709 -0.0230 0.9972
vn -0.0748 -0.0064 0.9972
vn -0.1036 -0.0362 0.9940
vn -0.0796 -0.0400 0.9960
vn -0.1442 -0.0849 0.9859
vn -0.1633 -0.0661 0.9844
vn -0.0937 -0.0050 0.9956
vn -0.1958 0.0721 0.9780
vn -0.0919 -0.0173 0.9956
vn -0.0753 -0.0054 0.9971
vn -0.1210 -0.0297 0.9922
vn -0.1202 -0.0064 0.9927
vn -0.1151 0.0153 0.9932
vn -0.0903 0.0046 0.9959
vn -0.1171 -0.0015 0.9931
vn -0.1224 0.0482 0.9913
vn -0.0934 -0.0040 0.9956
vn -0.0933 0.0231 0.9954
vn -0.0748 0.0005 0.9972
vn -0.1282 0.0353 0.9911
vn -0.0742 -0.0408 0.9964
vn -0.0664 -0.0304 0.9973
vn -0.1071 -0.0666 0.9920
vn -0.0776 -0.0698 0.9945
vn -0.1960 -0.1445 0.9699
vn -0.1456 -0.1490 0.9781
vn -0.1750 -0.1256 0.9765
vn -0.1839 -0.0067 0.9829
vn -0.0869 -0.0088 0.9962
vn -0.1948 0.1328 0.9718
vn -0.1734 0.1130 0.9783
vn -0.1442 0.1352 0.9803
vn -0.1056 0.0517 0.9931
vn -0.0776 0.0526 0.9956
vn -0.1839 -0.0066 0.9829
vn -0.0869 -0.0086 0.9962
vn -0.0694 0.0188 0.9974
vn -0.0732 0.0232 0.9970
vn -0.1007 -0.0009 0.9949
vn -0.1356 0.0072 0.9907
vn -0.1191 0.0372 0.9922
vn -0.0914 0.0154 0.9957
vn -0.1196 -0.0040 0.9928
vn -0.0743 -0.0409 0.9964
vn -0.0665 -0.0320 0.9973
vn -0.1074 -0.0668 0.9920
vn -0.0778 -0.0706 0.9945
vn -0.1973 -0.1454 0.9695
vn -0.1467 -0.1501 0.9777
vn -0.1760 -0.1263 0.9763
vn -0.1840 -0.0088 0.9829
vn -0.0867 -0.0067 0.9962
vn -0.1936 0.1320 0.9722
vn -0.1730 0.1133 0.9784
vn -0.1434 0.1354 0.9804
vn -0.1064 0.0550 0.9928
vn -0.0774 0.0576 0.9953
vn -0.0665 0.0204 0.9976
vn -0.0739 0.0294 0.9968
vn -0.0905 -0.0246 0.9956
vn -0.1161 -0.0447 0.9922
vn -0.0640 -0.0049 0.9979
vn -0.0655 0.0251 0.9975
vn -0.0735 0.0293 0.9969
vn -0.0933 -0.0084 0.9956
vn -0.0942 -0.0272 0.9952
vn -0.0760 0.0527 0.9957
vn -0.0752 0.0677 0.9949
vn -0.1054 0.0543 0.9929
vn -0.1249 -0.0561 0.9906
vn -0.1181 -0.0125 0.9929
vn -0.1283 -0.0150 0.9916
vn -0.1065 0.2230 0.9690
vn -0.1250 0.0697 0.9897
vn -0.0936 0.2285 0.9690
vn -0.0998 0.0997 0.9900
vn -0.0714 0.2181 0.9733
vn -0.0759 0.2256 0.9713
vn -0.0755 0.1087 0.9912
vn -0.0809 0.2215 0.9718
vn -0.0987 0.2528 0.9625
vn -0.0720 0.1002 0.9924
vn -0.2311 0.2834 0.9307
vn -0.1838 0.0568 0.9813
vn -0.1317 0.0854 0.9876
vn -0.1762 0.2590 0.9497
vn -0.1703 0.1222 0.9778
vn -0.0830 0.0867 0.9928
vn -0.1317 0.0853 0.9876
vn -0.1836 0.0580 0.9813
vn -0.0829 0.0867 0.9928
vn -0.1901 0.1297 0.9732
vn -0.1701 0.1114 0.9791
vn -0.1354 0.1606 0.9777
vn -0.1704 0.1225 0.9777
vn -0.1735 0.2073 0.9628
vn -0.0660 0.0211 0.9976
vn -0.0736 0.0293 0.9969
vn -0.0924 -0.0274 0.9953
vn -0.0719 -0.0058 0.9974
vn -0.0765 0.0583 0.9954
vn -0.1057 0.0545 0.9929
vn -0.1223 -0.0511 0.9912
vn -0.1200 -0.0092 0.9927
vn -0.1137 0.0316 0.9930
vn -0.0897 0.0127 0.9959
vn -0.0746 -0.0414 0.9964
vn -0.0671 -0.0319 0.9972
vn -0.1081 -0.0675 0.9918
vn -0.0786 -0.0698 0.9945
vn -0.1997 -0.1472 0.9687
vn -0.1490 -0.1523 0.9770
vn -0.1781 -0.1279 0.9757
vn -0.1843 -0.0134 0.9828
vn -0.0867 -0.0050 0.9962
vn -0.1913 0.1304 0.9728
vn -0.1710 0.1120 0.9789
vn -0.1414 0.1329 0.9810
vn -0.1843 -0.0129 0.9828
vn -0.1223 -0.4867 0.8650
vn -0.0859 -0.4349 0.8964
vn -0.1931 -0.5694 0.7991
vn -0.2559 -0.9667 -0.0056
vn -0.1191 -0.6624 0.7396
vn -0.0800 -0.6999 0.7097
vn -0.3840 -0.6210 0.6833
vn -0.3082 -0.6093 0.7306
vn -0.5063 -0.8623 -0.0056
vn -0.4211 -0.9070 -0.0048
vn -0.3856 -0.6220 0.6815
vn -0.4211 -0.9070 -0.0049
vn -0.3093 -0.6010 -0.7370
vn -0.3861 -0.6136 -0.6888
vn -0.1939 -0.5605 -0.8051
vn -0.2559 -0.9667 -0.0053
vn -0.5061 -0.8624 -0.0047
vn -0.0865 -0.4250 -0.9011
vn -0.1229 -0.4771 -0.8702
vn -0.0805 -0.6919 -0.7175
vn -0.1195 -0.6542 -0.7468
vn -0.0252 -0.9997 0.0031
vn -0.0435 -0.9478 -0.3158
vn -0.0697 -0.8333 -0.5484
vn -0.0478 -0.9615 -0.2705
vn -0.0613 -0.6184 -0.7835
vn -0.1181 -0.5693 -0.8136
vn -0.0538 -0.1865 -0.9810
vn -0.1130 -0.2133 -0.9704
vn -0.1427 -0.3834 -0.9125
vn -0.0618 -0.2509 -0.9660
vn -0.4481 -0.8940 -0.0049
vn -0.3223 -0.9466 -0.0052
vn -0.0532 -0.1974 0.9789
vn -0.0612 -0.2615 0.9633
vn -0.1422 -0.3935 0.9083
vn -0.1124 -0.2239 0.9681
vn -0.0608 -0.6270 0.7766
vn -0.1176 -0.5783 0.8073
vn -0.3224 -0.9466 -0.0052
vn -0.4481 -0.8940 -0.0047
vn -0.0252 -0.9996 -0.0139
vn -0.0476 -0.9644 0.2601
vn -0.0694 -0.8394 0.5391
vn -0.0432 -0.9514 0.3050
vn -0.0608 -0.6273 0.7764
vn -0.0433 -0.9514 0.3049
vn -0.0234 -0.9695 0.2439
vn 0.0051 -0.9993 0.0382
vn -0.0608 -0.6270 0.7767
vn -0.0483 -0.6133 0.7884
vn -0.0256 -0.6960 0.7175
vn 0.0066 -0.9605 0.2782
vn 0.0232 -0.9900 0.1393
vn -0.0412 -0.2470 0.9681
vn -0.0469 -0.2925 0.9551
vn -0.0285 -0.3317 0.9430
vn -0.0327 -0.4133 0.9100
vn -0.0334 -0.4132 0.9100
vn 0.0545 -0.5318 0.8451
vn 0.0734 -0.6647 0.7435
vn 0.0007 -0.5614 0.8275
vn -0.0032 -0.4378 0.8991
vn 0.1002 -0.8042 0.5858
vn 0.0186 -0.7673 0.6411
vn -0.0256 -0.6960 0.7176
vn 0.1403 -0.9215 0.3622
vn 0.0601 -0.9670 0.2476
vn 0.0445 -0.9250 0.3774
vn 0.1255 -0.8926 0.4330
vn 0.0066 -0.9605 0.2781
vn 0.0445 -0.9250 0.3773
vn 0.0066 -0.9604 0.2785
vn 0.1941 -0.8713 0.4507
vn 0.1994 -0.8793 0.4325
vn 0.1792 -0.8278 0.5316
vn 0.1824 -0.8645 0.4685
vn 0.1856 -0.8830 0.4312
vn 0.1804 -0.8782 0.4430
vn 0.1288 -0.6182 0.7754
vn 0.1554 -0.7379 0.6568
vn 0.1473 -0.7057 0.6931
vn 0.1685 -0.8056 0.5680
vn 0.1554 -0.7380 0.6567
vn 0.0524 -0.7918 0.6085
vn 0.0580 -0.8684 0.4925
vn 0.1061 -0.8501 0.5158
vn 0.0938 -0.7652 0.6370
vn 0.0612 -0.9031 0.4250
vn 0.1137 -0.8927 0.4360
vn 0.0613 -0.9124 0.4048
vn 0.1107 -0.9015 0.4184
vn 0.1153 -0.9055 0.4084
vn 0.0623 -0.9149 0.3989
vn 0.0507 -0.9182 0.3929
vn 0.0488 -0.9148 0.4010
vn 0.0507 -0.9090 0.4137
vn 0.0430 -0.9147 0.4018
vn 0.0423 -0.9226 0.3833
vn 0.0404 -0.9186 0.3930
vn 0.0459 -0.8079 0.5875
vn 0.0495 -0.8788 0.4746
vn 0.0403 -0.8197 0.5714
vn 0.0426 -0.8871 0.4596
vn 0.0305 -0.8340 0.5509
vn 0.0318 -0.8980 0.4388
vn 0.0368 -0.8936 0.4474
vn 0.0353 -0.8283 0.5592
vn 0.0318 -0.9228 0.3839
vn 0.0368 -0.9195 0.3913
vn 0.0300 -0.9258 0.3768
vn 0.0344 -0.9228 0.3838
vn 0.0360 -0.9267 0.3740
vn 0.0312 -0.9297 0.3671
vn 0.0249 -0.9316 0.3626
vn 0.0243 -0.9279 0.3720
vn 0.0252 -0.9248 0.3796
vn 0.0142 -0.9260 0.3773
vn 0.0140 -0.9327 0.3605
vn 0.0137 -0.9290 0.3699
vn 0.0240 -0.8373 0.5463
vn 0.0250 -0.9008 0.4334
vn 0.0136 -0.8390 0.5440
vn 0.0141 -0.9022 0.4312
vn -0.0003 -0.8402 0.5422
vn -0.0006 -0.9034 0.4287
vn 0.0036 -0.9028 0.4300
vn 0.0037 -0.8396 0.5432
vn -0.0008 -0.9270 0.3750
vn 0.0035 -0.9265 0.3763
vn -0.0014 -0.9299 0.3677
vn 0.0031 -0.9295 0.3689
vn 0.0033 -0.9331 0.3595
vn -0.0011 -0.9336 0.3584
vn -0.0012 -0.9344 0.3563
vn -0.0015 -0.9308 0.3655
vn -0.0009 -0.9279 0.3728
vn -0.0000 -0.9285 0.3713
vn -0.0000 -0.9347 0.3553
vn -0.0000 -0.9311 0.3648
vn -0.0004 -0.8418 0.5397
vn -0.0006 -0.9046 0.4262
vn 0.0001 -0.8424 0.5389
vn 0.0001 -0.9051 0.4251
vn 0.0005 -0.8402 0.5422
vn 0.0007 -0.9036 0.4284
vn 0.0008 -0.9046 0.4262
vn 0.0006 -0.8416 0.5401
vn 0.0009 -0.9270 0.3750
vn 0.0010 -0.9279 0.3728
vn 0.0015 -0.9299 0.3677
vn 0.0016 -0.9308 0.3655
vn 0.0012 -0.9344 0.3563
vn 0.0012 -0.9336 0.3584
vn -0.0032 -0.9331 0.3595
vn -0.0030 -0.9295 0.3689
vn -0.0034 -0.9265 0.3763
vn -0.0140 -0.9256 0.3781
vn -0.0139 -0.9327 0.3605
vn -0.0136 -0.9290 0.3700
vn -0.0035 -0.8396 0.5432
vn -0.0035 -0.9028 0.4300
vn -0.0134 -0.8389 0.5442
vn -0.0139 -0.9020 0.4315
vn -0.0302 -0.8340 0.5510
vn -0.0315 -0.8980 0.4390
vn -0.0248 -0.9005 0.4341
vn -0.0237 -0.8372 0.5464
vn -0.0316 -0.9227 0.3842
vn -0.0250 -0.9247 0.3798
vn -0.0298 -0.9261 0.3762
vn -0.0241 -0.9278 0.3723
vn -0.0247 -0.9314 0.3631
vn -0.0310 -0.9297 0.3670
vn -0.0357 -0.9267 0.3740
vn -0.0341 -0.9228 0.3839
vn -0.0365 -0.9192 0.3920
vn -0.0428 -0.9147 0.4020
vn -0.0420 -0.9226 0.3835
vn -0.0400 -0.9186 0.3932
vn -0.0349 -0.8283 0.5592
vn -0.0365 -0.8934 0.4477
vn -0.0399 -0.8196 0.5715
vn -0.0423 -0.8872 0.4594
vn -0.0528 -0.7912 0.6093
vn -0.0588 -0.8677 0.4936
vn -0.0493 -0.8785 0.4752
vn -0.0457 -0.8077 0.5879
vn -0.0620 -0.9027 0.4258
vn -0.0507 -0.9088 0.4141
vn -0.0621 -0.9119 0.4056
vn -0.0486 -0.9146 0.4015
vn -0.0506 -0.9181 0.3932
vn -0.0632 -0.9144 0.3997
vn -0.1177 -0.9086 0.4007
vn -0.1147 -0.9041 0.4117
vn -0.1140 -0.8921 0.4372
vn -0.1881 -0.8632 0.4685
vn -0.1952 -0.8895 0.4131
vn -0.1902 -0.8854 0.4242
vn -0.0935 -0.7642 0.6382
vn -0.1061 -0.8493 0.5171
vn -0.1522 -0.7094 0.6882
vn -0.1735 -0.8049 0.5675
vn -0.0696 -0.5346 0.8423
vn -0.0903 -0.6608 0.7451
vn -0.1674 -0.7364 0.6555
vn -0.1415 -0.6273 0.7658
vn -0.1217 -0.7989 0.5890
vn -0.1927 -0.8248 0.5315
vn -0.1673 -0.9154 0.3662
vn -0.2149 -0.8817 0.4201
vn -0.2100 -0.8720 0.4422
vn -0.1508 -0.8867 0.4370
vn -0.0636 -0.9217 0.3826
vn -0.0816 -0.9640 0.2530
vn -0.0326 -0.7633 0.6452
vn 0.0277 -0.6998 0.7138
vn -0.0084 -0.9600 0.2798
vn -0.0270 -0.9900 0.1386
vn -0.0036 -0.4359 0.9000
vn -0.0102 -0.5580 0.8298
vn 0.0317 -0.3353 0.9416
vn 0.0361 -0.4177 0.9079
vn 0.0602 -0.2083 0.9762
vn 0.0699 -0.2809 0.9572
vn 0.0512 -0.3041 0.9513
vn 0.0456 -0.2537 0.9662
vn 0.0678 -0.6433 0.7626
vn 0.0519 -0.6321 0.7731
vn 0.0266 -0.9996 -0.0132
vn -0.0057 -0.9993 0.0369
vn 0.0252 -0.9698 0.2428
vn 0.0452 -0.9574 0.2853
vn 0.0252 -0.9696 0.2434
vn 0.0251 -0.9697 0.2431
vn -0.0084 -0.9599 0.2804
vn 0.0252 -0.9696 0.2433
vn 0.3197 -0.6007 0.7328
vn 0.1835 0.4243 0.8867
vn 0.2142 -0.5924 0.7767
vn 0.2664 -0.9638 -0.0058
vn 0.4237 -0.9058 -0.0052
vn 0.5158 -0.8567 -0.0046
vn 0.0970 -0.4523 0.8866
vn 0.1412 -0.5153 0.8453
vn 0.0870 -0.7147 0.6940
vn 0.1331 -0.6871 0.7142
vn 0.0773 -0.8524 0.5172
vn 0.0507 -0.9640 0.2609
vn 0.1374 -0.6179 0.7742
vn 0.1330 -0.6872 0.7142
vn 0.1374 -0.6178 0.7742
vn 0.1324 -0.2503 0.9591
vn 0.1597 -0.4294 0.8889
vn 0.4572 -0.8894 -0.0051
vn 0.3308 -0.9437 -0.0056
vn 0.2663 -0.9639 -0.0055
vn 0.0596 -0.1975 -0.9785
vn 0.0693 -0.2702 -0.9603
vn 0.1592 -0.4194 -0.8937
vn 0.1318 -0.2395 -0.9619
vn 0.0674 -0.6347 -0.7698
vn 0.1369 -0.6091 -0.7812
vn 0.2663 -0.9639 -0.0054
vn 0.3308 -0.9437 -0.0051
vn 0.4572 -0.8893 -0.0052
vn 0.0266 -0.9996 0.0019
vn 0.0505 -0.9610 -0.2719
vn 0.0770 -0.8466 -0.5266
vn 0.0450 -0.9541 -0.2959
vn 0.0866 -0.7070 -0.7019
vn 0.1326 -0.6792 -0.7219
vn 0.1406 -0.5058 -0.8511
vn 0.0965 -0.4424 -0.8916
vn 0.2134 -0.5837 -0.7834
vn 0.3186 -0.5927 -0.7397
vn 0.4236 -0.9058 -0.0052
vn 0.3852 -0.5792 -0.7184
vn 0.3787 0.3920 0.8384
vn 0.3644 0.5307 0.7653
vn 0.3332 0.2978 0.8946
vn 0.5962 0.8028 0.0041
vn 0.6665 0.7455 0.0038
vn 0.5650 0.8251 0.0042
vn 0.3644 0.5306 0.7653
vn 0.3787 0.3922 0.8383
vn 0.6665 0.7455 0.0033
vn 0.2791 0.4027 0.8717
vn 0.3050 0.3104 0.9004
vn 0.4726 0.8813 0.0041
vn 0.4971 0.8677 0.0046
vn 0.5961 0.8029 0.0040
vn 0.3032 0.3205 -0.8974
vn 0.2773 0.4125 -0.8677
vn 0.3314 0.3076 -0.8919
vn 0.3032 0.3209 -0.8973
vn 0.3315 0.3079 -0.8918
vn 0.4725 0.8813 0.0040
vn 0.4971 0.8677 0.0043
vn 0.3631 0.5393 -0.7598
vn 0.3772 0.4017 -0.8345
vn 0.5650 0.8251 0.0045
vn 0.3772 0.4016 -0.8345
vn 0.6665 0.7455 0.0041
vn 0.1348 0.5010 0.8549
vn 0.0854 0.4482 0.8899
vn 0.1893 0.5765 0.7949
vn 0.2627 0.9649 0.0049
vn 0.1215 0.6833 0.7200
vn 0.0676 0.7136 0.6973
vn 0.2692 0.6036 0.7505
vn 0.5650 0.8251 0.0043
vn 0.4051 0.9143 0.0051
vn 0.2682 0.6120 -0.7440
vn 0.1885 0.5854 -0.7886
vn 0.2628 0.9648 0.0053
vn 0.4051 0.9143 0.0049
vn 0.2683 0.6121 -0.7439
vn 0.0849 0.4580 -0.8849
vn 0.1342 0.5104 -0.8494
vn 0.0672 0.7214 -0.6892
vn 0.1210 0.6914 -0.7123
vn 0.0005 0.9999 0.0170
vn 0.0205 0.9630 -0.2688
vn 0.0579 0.8553 -0.5149
vn 0.0264 0.9631 -0.2680
vn 0.0508 0.6451 -0.7624
vn 0.1266 0.6161 -0.7774
vn 0.0511 0.2094 -0.9765
vn 0.1276 0.2533 -0.9589
vn 0.1550 0.4275 -0.8906
vn 0.0613 0.2826 -0.9573
vn 0.4509 0.8925 0.0046
vn 0.3321 0.9432 0.0052
vn 0.0517 0.1985 0.9787
vn 0.0619 0.2720 0.9603
vn 0.1556 0.4176 0.8952
vn 0.1282 0.2427 0.9616
vn 0.0512 0.6366 0.7695
vn 0.1271 0.6075 0.7841
vn 0.4509 0.8926 0.0048
vn 0.0005 1.0000 -0.0060
vn 0.0265 0.9600 0.2787
vn 0.0581 0.8495 0.5244
vn 0.0206 0.9599 0.2796
vn 0.0265 0.9600 0.2788
vn 0.0004 0.9699 0.2434
vn -0.0294 0.9983 0.0498
vn 0.0333 0.6373 0.7699
vn 0.0126 0.6885 0.7251
vn -0.0279 0.9544 0.2971
vn -0.0468 0.9875 0.1503
vn 0.0368 0.2449 0.9689
vn 0.0404 0.2959 0.9544
vn 0.0245 0.3268 0.9448
vn 0.0271 0.4097 0.9118
vn -0.0735 0.5231 0.8491
vn -0.0957 0.6511 0.7529
vn -0.0193 0.5489 0.8357
vn -0.0108 0.4266 0.9044
vn -0.1288 0.7918 0.5970
vn -0.0446 0.7548 0.6544
vn -0.1753 0.9093 0.3773
vn -0.0968 0.9597 0.2637
vn -0.0780 0.9158 0.3939
vn -0.1586 0.8806 0.4465
vn -0.2113 0.8657 0.4537
vn -0.2158 0.8743 0.4347
vn -0.1943 0.8188 0.5401
vn -0.1880 0.8580 0.4781
vn -0.1945 0.8835 0.4262
vn -0.1887 0.8781 0.4396
vn -0.1412 0.6148 0.7760
vn -0.1681 0.7275 0.6652
vn -0.1518 0.6998 0.6980
vn -0.1732 0.7978 0.5775
vn -0.0540 0.7842 0.6182
vn -0.0597 0.8621 0.5033
vn -0.1067 0.8434 0.5266
vn -0.0943 0.7569 0.6467
vn -0.0628 0.8975 0.4364
vn -0.1145 0.8871 0.4472
vn -0.0629 0.9072 0.4160
vn -0.1144 0.8985 0.4238
vn -0.1182 0.9033 0.4125
vn -0.0640 0.9098 0.4101
vn -0.0513 0.9135 0.4036
vn -0.0495 0.9097 0.4122
vn -0.0515 0.9039 0.4247
vn -0.0513 0.9135 0.4035
vn -0.0435 0.9095 0.4135
vn -0.0428 0.9178 0.3947
vn -0.0410 0.9137 0.4043
vn -0.0468 0.8008 0.5971
vn -0.0504 0.8732 0.4848
vn -0.0410 0.8129 0.5810
vn -0.0431 0.8815 0.4702
vn -0.0311 0.8271 0.5612
vn -0.0323 0.8921 0.4507
vn -0.0373 0.8878 0.4588
vn -0.0359 0.8214 0.5692
vn -0.0323 0.9175 0.3964
vn -0.0373 0.9142 0.4036
vn -0.0307 0.9207 0.3891
vn -0.0350 0.9178 0.3956
vn -0.0365 0.9216 0.3863
vn -0.0318 0.9247 0.3794
vn -0.0373 0.9142 0.4035
vn -0.0254 0.9266 0.3752
vn -0.0249 0.9225 0.3852
vn -0.0256 0.9194 0.3924
vn -0.0146 0.9204 0.3907
vn -0.0145 0.9272 0.3742
vn -0.0143 0.9235 0.3832
vn -0.0245 0.8302 0.5570
vn -0.0255 0.8949 0.4456
vn -0.0141 0.8318 0.5550
vn -0.0145 0.8958 0.4443
vn 0.0002 0.8330 0.5532
vn 0.0005 0.8972 0.4416
vn -0.0039 0.8965 0.4429
vn -0.0040 0.8322 0.5545
vn 0.0007 0.9213 0.3889
vn -0.0038 0.9209 0.3899
vn 0.0012 0.9243 0.3817
vn -0.0035 0.9239 0.3826
vn -0.0037 0.9277 0.3733
vn 0.0010 0.9280 0.3725
vn 0.0013 0.9289 0.3705
vn 0.0016 0.9251 0.3796
vn 0.0010 0.9222 0.3868
vn 0.0001 0.9225 0.3859
vn 0.0001 0.9291 0.3697
vn 0.0001 0.9257 0.3783
vn 0.0006 0.8343 0.5512
vn 0.0008 0.8980 0.4400
vn 0.0002 0.8349 0.5504
vn 0.0002 0.8986 0.4387
vn 0.0002 0.8328 0.5536
vn -0.0002 0.8971 0.4419
vn -0.0005 0.8982 0.4395
vn -0.0002 0.8343 0.5512
vn -0.0004 0.9213 0.3889
vn -0.0007 0.9222 0.3868
vn -0.0009 0.9243 0.3817
vn -0.0013 0.9251 0.3796
vn -0.0010 0.9288 0.3705
vn -0.0007 0.9280 0.3725
vn 0.0040 0.9277 0.3733
vn 0.0038 0.9239 0.3826
vn 0.0041 0.9209 0.3899
vn 0.0149 0.9205 0.3905
vn 0.0148 0.9274 0.3739
vn 0.0146 0.9235 0.3832
vn 0.0044 0.8322 0.5545
vn 0.0043 0.8965 0.4429
vn 0.0145 0.8318 0.5549
vn 0.0149 0.8958 0.4442
vn 0.0317 0.8272 0.5611
vn 0.0327 0.8922 0.4504
vn 0.0259 0.8945 0.4462
vn 0.0250 0.8302 0.5570
vn 0.0327 0.9176 0.3962
vn 0.0260 0.9195 0.3922
vn 0.0311 0.9207 0.3890
vn 0.0252 0.9225 0.3852
vn 0.0258 0.9264 0.3756
vn 0.0321 0.9246 0.3796
vn 0.0370 0.9219 0.3858
vn 0.0354 0.9176 0.3960
vn 0.0378 0.9141 0.4038
vn 0.0440 0.9097 0.4130
vn 0.0433 0.9178 0.3946
vn 0.0415 0.9137 0.4042
vn 0.0365 0.8216 0.5689
vn 0.0378 0.8878 0.4587
vn 0.0416 0.8129 0.5809
vn 0.0437 0.8814 0.4703
vn 0.0537 0.7848 0.6174
vn 0.0592 0.8625 0.5026
vn 0.0507 0.8734 0.4844
vn 0.0472 0.8011 0.5967
vn 0.0622 0.8979 0.4357
vn 0.0517 0.9040 0.4244
vn 0.0623 0.9076 0.4152
vn 0.0499 0.9099 0.4118
vn 0.0516 0.9136 0.4033
vn 0.0633 0.9102 0.4093
vn 0.1153 0.8997 0.4209
vn 0.1104 0.8959 0.4302
vn 0.1144 0.8876 0.4461
vn 0.1818 0.8593 0.4781
vn 0.1840 0.8758 0.4461
vn 0.1790 0.8712 0.4571
vn 0.0948 0.7579 0.6455
vn 0.1069 0.8441 0.5254
vn 0.1466 0.6966 0.7023
vn 0.1679 0.7988 0.5776
vn 0.0591 0.5210 0.8515
vn 0.0796 0.6555 0.7510
vn 0.1566 0.7297 0.6656
vn 0.1292 0.6068 0.7843
vn 0.1079 0.7971 0.5941
vn 0.1811 0.8218 0.5403
vn 0.1492 0.9163 0.3718
vn 0.2015 0.8727 0.4447
vn 0.1958 0.8649 0.4622
vn 0.1341 0.8868 0.4422
vn 0.0577 0.9195 0.3888
vn 0.0740 0.9633 0.2582
vn 0.0295 0.7591 0.6503
vn -0.0123 0.6847 0.7288
vn 0.0240 0.9551 0.2953
vn 0.0408 0.9878 0.1506
vn 0.0033 0.4285 0.9035
vn 0.0089 0.5525 0.8335
vn -0.0223 0.3228 0.9462
vn -0.0249 0.4050 0.9140
vn -0.0489 0.1897 0.9806
vn -0.0560 0.2555 0.9652
vn -0.0402 0.2852 0.9576
vn -0.0357 0.2387 0.9704
vn -0.0482 0.6201 0.7830
vn -0.0339 0.6147 0.7880
vn -0.0003 1.0000 -0.0078
vn 0.0265 0.9983 0.0513
vn -0.0006 0.9692 0.2463
vn -0.0223 0.9522 0.3046
vn -0.2749 0.6171 0.7373
vn -0.3445 0.6385 0.6882
vn -0.1732 0.5699 0.8032
vn -0.2278 0.9737 0.0051
vn -0.3737 0.9275 0.0053
vn -0.4483 0.8939 0.0049
vn -0.0770 0.4357 0.8968
vn -0.1116 0.4867 0.8664
vn -0.0651 0.7049 0.7063
vn -0.1050 0.6651 0.7393
vn -0.0529 0.8389 0.5417
vn -0.0267 0.9626 0.2697
vn -0.0483 0.6201 0.7830
vn -0.1053 0.5787 0.8087
vn -0.0222 0.9522 0.3046
vn -0.1054 0.5787 0.8087
vn -0.1082 0.2205 0.9694
vn -0.1342 0.3927 0.9098
vn -0.4227 0.9063 0.0053
vn -0.2974 0.9548 0.0053
vn -0.0495 0.2007 -0.9784
vn -0.0565 0.2663 -0.9622
vn -0.1347 0.4028 -0.9053
vn -0.1088 0.2314 -0.9667
vn -0.0487 0.6288 -0.7760
vn -0.1060 0.5877 -0.8021
vn -0.2278 0.9737 0.0058
vn -0.2975 0.9547 0.0054
vn -0.4227 0.9062 0.0052
vn -0.0003 0.9998 0.0191
vn -0.0269 0.9656 -0.2586
vn -0.0532 0.8450 -0.5322
vn -0.0225 0.9555 -0.2940
vn -0.0655 0.7127 -0.6984
vn -0.1054 0.6735 -0.7317
vn -0.1122 0.4964 -0.8608
vn -0.0775 0.4457 -0.8918
vn -0.1740 0.5788 -0.7967
vn -0.3457 0.6461 -0.6805
vn -0.2759 0.6251 -0.7302
vn -0.4484 0.8938 0.0057
vn -0.3736 0.9276 0.0052
vn 0.0051 0.9627 -0.2705
vn -0.0294 0.9988 -0.0386
vn 0.0436 0.7513 -0.6586
vn 0.0213 0.7792 -0.6264
vn -0.0284 0.9532 -0.3010
vn -0.0468 0.9892 -0.1392
vn 0.0691 0.4730 -0.8783
vn 0.0714 0.4933 -0.8670
vn 0.0254 0.4635 -0.8857
vn 0.0552 0.4926 -0.8685
vn -0.0870 0.7189 -0.6896
vn -0.0276 0.7659 -0.6424
vn -0.1757 0.9134 -0.3673
vn -0.0970 0.9626 -0.2529
vn -0.0889 0.9238 -0.3724
vn -0.1616 0.8724 -0.4612
vn 0.0398 0.3064 -0.9511
vn 0.0362 0.2557 -0.9661
vn 0.0329 0.6458 -0.7628
vn 0.0123 0.6965 -0.7175
vn 0.0266 0.4197 -0.9073
vn 0.0240 0.3372 -0.9411
vn 0.0004 0.9726 -0.2323
vn -0.0280 0.9577 -0.2865
vn -0.1591 0.8854 -0.4368
vn -0.0782 0.9201 -0.3837
vn -0.1294 0.7981 -0.5885
vn -0.0450 0.7620 -0.6460
vn -0.0743 0.5321 -0.8434
vn -0.0113 0.4364 -0.8997
vn -0.0197 0.5580 -0.8296
vn -0.0965 0.6591 -0.7459
vn -0.1610 0.8675 0.4707
vn -0.0886 0.9196 0.3827
vn -0.0862 0.7116 0.6973
vn -0.0271 0.7588 0.6508
vn 0.0216 0.7722 0.6350
vn -0.0282 0.9498 0.3116
vn 0.0558 0.4831 0.8738
vn 0.0264 0.4542 0.8905
vn 0.0718 0.4835 0.8724
vn 0.0696 0.4633 0.8835
vn 0.0440 0.7440 0.6668
vn 0.0053 0.9596 0.2812
vn 0.0052 0.9596 0.2813
vn -0.1895 0.8302 -0.5242
vn -0.2163 0.8789 -0.4252
vn -0.1096 0.6854 -0.7199
vn -0.0871 0.7156 -0.6931
vn -0.1566 0.8367 -0.5248
vn -0.1890 0.8829 -0.4299
vn 0.0113 0.4463 -0.8948
vn 0.0155 0.4978 -0.8671
vn 0.0119 0.6811 -0.7321
vn 0.0218 0.5999 -0.7998
vn -0.0308 0.8192 -0.5727
vn -0.0488 0.7779 -0.6264
vn -0.0622 0.9120 -0.4055
vn -0.1141 0.9032 -0.4137
vn -0.0934 0.8693 -0.4854
vn -0.0539 0.8870 -0.4586
vn -0.1689 0.7344 -0.6573
vn -0.1423 0.6230 -0.7692
vn -0.1950 0.8245 -0.5312
vn -0.1884 0.8631 -0.4685
vn -0.1737 0.8041 -0.5686
vn -0.1524 0.7074 -0.6902
vn -0.2119 0.8706 -0.4441
vn -0.1948 0.8881 -0.4163
vn -0.0634 0.9145 -0.3996
vn -0.1181 0.9080 -0.4020
vn -0.0623 0.9024 -0.4263
vn -0.1143 0.8920 -0.4373
vn -0.0532 0.7912 -0.6093
vn -0.0941 0.7641 -0.6382
vn -0.1066 0.8493 -0.5171
vn -0.0590 0.8679 -0.4931
vn -0.0547 0.8816 0.4688
vn -0.0937 0.8638 0.4951
vn -0.0316 0.8127 0.5819
vn -0.0493 0.7710 0.6350
vn -0.0867 0.7082 0.7007
vn -0.1563 0.8310 0.5338
vn 0.0213 0.5911 0.8063
vn 0.0109 0.6729 0.7397
vn 0.0160 0.4886 0.8724
vn 0.0125 0.4371 0.8993
vn -0.1087 0.6780 0.7270
vn -0.1889 0.8247 0.5331
vn -0.0428 0.8933 -0.4474
vn -0.0488 0.9145 -0.4016
vn -0.0295 0.8399 -0.5419
vn -0.0275 0.8528 -0.5215
vn -0.0362 0.8995 -0.4354
vn -0.0401 0.9186 -0.3931
vn -0.0040 0.7282 -0.6853
vn -0.0123 0.7552 -0.6554
vn -0.0190 0.7781 -0.6279
vn -0.0166 0.7700 -0.6378
vn -0.0246 0.8667 -0.4982
vn -0.0258 0.8613 -0.5075
vn -0.0299 0.9258 -0.3768
vn -0.0342 0.9228 -0.3838
vn -0.0311 0.9048 -0.4247
vn -0.0279 0.9086 -0.4168
vn -0.0495 0.8786 -0.4749
vn -0.0460 0.8076 -0.5879
vn -0.0509 0.9090 -0.4136
vn -0.0427 0.9144 -0.4025
vn -0.0424 0.8872 -0.4594
vn -0.0402 0.8196 -0.5715
vn -0.0507 0.9181 -0.3932
vn -0.0421 0.9226 -0.3834
vn -0.0310 0.9297 -0.3670
vn -0.0358 0.9267 -0.3740
vn -0.0316 0.9227 -0.3842
vn -0.0366 0.9195 -0.3913
vn -0.0304 0.8340 -0.5510
vn -0.0351 0.8282 -0.5593
vn -0.0367 0.8939 -0.4468
vn -0.0316 0.8981 -0.4386
vn -0.0288 0.9029 0.4289
vn -0.0321 0.8990 0.4367
vn -0.0257 0.8605 0.5088
vn -0.0269 0.8550 0.5180
vn -0.0286 0.8465 0.5316
vn -0.0368 0.8940 0.4466
vn -0.0179 0.7625 0.6467
vn -0.0202 0.7705 0.6371
vn -0.0135 0.7476 0.6640
vn -0.0051 0.7205 0.6934
vn -0.0305 0.8336 0.5516
vn -0.0440 0.8881 0.4576
vn -0.0230 0.9110 -0.4117
vn -0.0242 0.9279 -0.3721
vn -0.0211 0.8698 -0.4929
vn -0.0121 0.8716 -0.4900
vn -0.0131 0.9120 -0.4099
vn -0.0136 0.9290 -0.3699
vn -0.0178 0.7825 -0.6225
vn -0.0104 0.7839 -0.6208
vn 0.0036 0.7865 -0.6176
vn -0.0014 0.7854 -0.6190
vn 0.0026 0.8732 -0.4874
vn -0.0023 0.8724 -0.4888
vn 0.0014 0.9299 -0.3677
vn -0.0031 0.9295 -0.3689
vn -0.0028 0.9128 -0.4084
vn 0.0019 0.9133 -0.4072
vn -0.0249 0.9007 -0.4337
vn -0.0239 0.8372 -0.5464
vn -0.0250 0.9248 -0.3797
vn -0.0141 0.9260 -0.3773
vn -0.0141 0.9022 -0.4312
vn -0.0136 0.8390 -0.5440
vn -0.0248 0.9317 -0.3623
vn -0.0139 0.9327 -0.3605
vn 0.0011 0.9336 -0.3584
vn -0.0033 0.9331 -0.3595
vn 0.0008 0.9270 -0.3750
vn -0.0035 0.9265 -0.3763
vn 0.0003 0.8402 -0.5422
vn -0.0037 0.8396 -0.5432
vn -0.0036 0.9028 -0.4300
vn 0.0006 0.9034 -0.4287
vn 0.0017 0.9072 0.4206
vn -0.0033 0.9068 0.4216
vn 0.0024 0.8666 0.4991
vn -0.0028 0.8655 0.5009
vn -0.0129 0.8646 0.5023
vn -0.0138 0.9063 0.4223
vn -0.0020 0.7775 0.6289
vn 0.0034 0.7785 0.6277
vn -0.0113 0.7766 0.6299
vn -0.0188 0.7743 0.6326
vn -0.0221 0.8633 0.5042
vn -0.0239 0.9053 0.4241
vn 0.0020 0.9142 -0.4052
vn 0.0015 0.9308 -0.3655
vn 0.0029 0.8746 -0.4849
vn -0.0001 0.8750 -0.4841
vn -0.0001 0.9147 -0.4041
vn -0.0000 0.9311 -0.3647
vn 0.0041 0.7884 -0.6152
vn -0.0001 0.7892 -0.6142
vn -0.0039 0.7868 -0.6172
vn -0.0043 0.7884 -0.6152
vn -0.0027 0.8732 -0.4874
vn -0.0030 0.8746 -0.4849
vn -0.0015 0.9299 -0.3677
vn -0.0016 0.9308 -0.3655
vn -0.0022 0.9144 -0.4049
vn -0.0020 0.9133 -0.4072
vn 0.0006 0.9046 -0.4262
vn 0.0004 0.8416 -0.5401
vn 0.0009 0.9279 -0.3728
vn -0.0000 0.9282 -0.3721
vn -0.0001 0.9051 -0.4252
vn -0.0001 0.8426 -0.5386
vn 0.0012 0.9344 -0.3563
vn -0.0000 0.9347 -0.3553
vn -0.0012 0.9336 -0.3584
vn -0.0012 0.9344 -0.3563
vn -0.0009 0.9270 -0.3750
vn -0.0010 0.9279 -0.3728
vn -0.0005 0.8407 -0.5416
vn -0.0006 0.8416 -0.5401
vn -0.0008 0.9046 -0.4262
vn -0.0007 0.9034 -0.4287
vn -0.0014 0.9074 0.4202
vn -0.0018 0.9082 0.4184
vn -0.0020 0.8662 0.4997
vn -0.0026 0.8675 0.4973
vn 0.0002 0.8680 0.4966
vn 0.0002 0.9087 0.4174
vn -0.0038 0.7800 0.6257
vn -0.0030 0.7790 0.6270
vn 0.0002 0.7813 0.6242
vn 0.0042 0.7803 0.6253
vn 0.0030 0.8676 0.4973
vn 0.0021 0.9080 0.4189
vn 0.0026 0.9128 -0.4084
vn 0.0030 0.9295 -0.3689
vn 0.0021 0.8724 -0.4888
vn 0.0119 0.8716 -0.4900
vn 0.0130 0.9122 -0.4095
vn 0.0135 0.9288 -0.3704
vn 0.0011 0.7854 -0.6190
vn 0.0101 0.7841 -0.6206
vn 0.0186 0.7782 -0.6277
vn 0.0175 0.7824 -0.6225
vn 0.0243 0.8667 -0.4982
vn 0.0209 0.8702 -0.4923
vn 0.0297 0.9258 -0.3768
vn 0.0240 0.9278 -0.3723
vn 0.0229 0.9109 -0.4120
vn 0.0277 0.9084 -0.4171
vn 0.0035 0.9028 -0.4300
vn 0.0035 0.8396 -0.5432
vn 0.0033 0.9265 -0.3763
vn 0.0140 0.9260 -0.3773
vn 0.0139 0.9022 -0.4312
vn 0.0133 0.8390 -0.5440
vn 0.0032 0.9331 -0.3595
vn 0.0138 0.9327 -0.3605
vn 0.0308 0.9297 -0.3671
vn 0.0246 0.9317 -0.3623
vn 0.0314 0.9227 -0.3843
vn 0.0249 0.9250 -0.3792
vn 0.0301 0.8342 -0.5507
vn 0.0236 0.8373 -0.5463
vn 0.0247 0.9008 -0.4335
vn 0.0314 0.8981 -0.4388
vn 0.0293 0.9032 0.4281
vn 0.0243 0.9053 0.4241
vn 0.0261 0.8605 0.5087
vn 0.0225 0.8636 0.5037
vn 0.0134 0.8646 0.5022
vn 0.0142 0.9063 0.4223
vn 0.0194 0.7748 0.6320
vn 0.0208 0.7705 0.6371
vn 0.0118 0.7766 0.6299
vn 0.0025 0.7775 0.6289
vn 0.0032 0.8655 0.5009
vn 0.0036 0.9068 0.4216
vn 0.0309 0.9045 -0.4254
vn 0.0340 0.9228 -0.3839
vn 0.0255 0.8614 -0.5073
vn 0.0274 0.8529 -0.5213
vn 0.0358 0.8995 -0.4355
vn 0.0400 0.9186 -0.3931
vn 0.0163 0.7701 -0.6377
vn 0.0123 0.7554 -0.6552
vn -0.0099 0.6829 -0.7304
vn 0.0047 0.7291 -0.6844
vn 0.0308 0.8200 -0.5715
vn 0.0296 0.8403 -0.5414
vn 0.0608 0.9123 -0.4050
vn 0.0484 0.9148 -0.4010
vn 0.0426 0.8935 -0.4470
vn 0.0529 0.8874 -0.4579
vn 0.0364 0.8937 -0.4473
vn 0.0348 0.8283 -0.5592
vn 0.0364 0.9192 -0.3921
vn 0.0426 0.9147 -0.4019
vn 0.0421 0.8874 -0.4591
vn 0.0397 0.8197 -0.5714
vn 0.0356 0.9266 -0.3745
vn 0.0419 0.9226 -0.3834
vn 0.0619 0.9149 -0.3989
vn 0.0502 0.9184 -0.3925
vn 0.0607 0.9031 -0.4250
vn 0.0503 0.9090 -0.4138
vn 0.0517 0.7918 -0.6086
vn 0.0453 0.8079 -0.5876
vn 0.0491 0.8790 -0.4743
vn 0.0575 0.8684 -0.4925
vn 0.0544 0.8821 0.4678
vn 0.0446 0.8883 0.4571
vn 0.0328 0.8135 0.5807
vn 0.0316 0.8339 0.5510
vn 0.0295 0.8467 0.5312
vn 0.0378 0.8942 0.4461
vn 0.0072 0.7214 0.6925
vn -0.0075 0.6747 0.7380
vn 0.0147 0.7478 0.6637
vn 0.0186 0.7627 0.6465
vn 0.0275 0.8550 0.5179
vn 0.0326 0.8991 0.4365
vn 0.0903 0.8704 -0.4840
vn 0.1093 0.9007 -0.4204
vn 0.0485 0.7798 -0.6242
vn 0.0868 0.7186 -0.6900
vn 0.1519 0.8389 -0.5226
vn 0.1784 0.8761 -0.4480
vn -0.0183 0.6025 -0.7979
vn -0.0106 0.4998 -0.8661
vn -0.0311 0.4722 -0.8809
vn -0.0086 0.4497 -0.8931
vn 0.0712 0.7274 -0.6825
vn 0.1062 0.6900 -0.7160
vn 0.1490 0.9202 -0.3619
vn 0.2012 0.8774 -0.4356
vn 0.1809 0.8345 -0.5205
vn 0.1384 0.8798 -0.4548
vn 0.1056 0.8500 -0.5161
vn 0.0932 0.7651 -0.6371
vn 0.1133 0.8926 -0.4363
vn 0.1813 0.8645 -0.4688
vn 0.1672 0.8051 -0.5691
vn 0.1458 0.7042 -0.6948
vn 0.1142 0.9044 -0.4111
vn 0.1835 0.8806 -0.4369
vn 0.1337 0.8916 -0.4326
vn 0.1955 0.8697 -0.4532
vn 0.1074 0.8035 -0.5856
vn 0.1808 0.8275 -0.5316
vn 0.0583 0.5300 -0.8460
vn 0.1287 0.6150 -0.7780
vn 0.1562 0.7366 -0.6580
vn 0.0789 0.6635 -0.7440
vn 0.1387 0.8748 0.4642
vn 0.1813 0.8290 0.5291
vn 0.0717 0.7202 0.6901
vn 0.1067 0.6825 0.7230
vn 0.0878 0.7112 0.6975
vn 0.1527 0.8333 0.5313
vn -0.0080 0.4405 0.8977
vn -0.0304 0.4628 0.8859
vn -0.0093 0.4907 0.8713
vn -0.0162 0.5937 0.8045
vn 0.0502 0.7728 0.6327
vn 0.0917 0.8649 0.4935
vn 0.0653 0.9278 -0.3672
vn 0.0737 0.9661 -0.2476
vn 0.0118 0.7704 -0.6374
vn -0.0218 0.7766 -0.6296
vn 0.0233 0.9533 -0.3010
vn 0.0407 0.9894 -0.1397
vn -0.0586 0.4950 -0.8669
vn -0.0669 0.4885 -0.8700
vn -0.0692 0.4644 -0.8829
vn -0.0438 0.7538 -0.6556
vn 0.0265 0.9988 -0.0403
vn -0.0058 0.9623 -0.2720
vn 0.0081 0.5616 -0.8274
vn 0.0023 0.4384 -0.8988
vn 0.0287 0.7662 -0.6419
vn -0.0130 0.6927 -0.7211
vn -0.0258 0.4152 -0.9094
vn -0.0232 0.3333 -0.9425
vn 0.0573 0.9238 -0.3786
vn 0.0237 0.9583 -0.2847
vn -0.0008 0.9719 -0.2355
vn -0.0345 0.6231 -0.7813
vn -0.0364 0.2495 -0.9677
vn -0.0410 0.2959 -0.9543
vn -0.0056 0.9592 0.2828
vn -0.0433 0.7465 0.6640
vn -0.0212 0.7695 0.6383
vn 0.0237 0.9499 0.3116
vn -0.0685 0.4546 0.8881
vn -0.0661 0.4789 0.8754
vn -0.0578 0.4854 0.8724
vn 0.0125 0.7633 0.6459
vn 0.0657 0.9237 0.3774
vn -0.0283 -0.9590 -0.2819
vn 0.0051 -0.9988 -0.0494
vn -0.0617 -0.7386 -0.6713
vn -0.0383 -0.7574 -0.6518
vn 0.0049 -0.9470 -0.3212
vn 0.0231 -0.9884 -0.1503
vn -0.0800 -0.4417 -0.8936
vn -0.0774 -0.4648 -0.8820
vn -0.0397 -0.4505 -0.8919
vn -0.0681 -0.4715 -0.8792
vn 0.0607 -0.7122 -0.6994
vn -0.0016 -0.7539 -0.6570
vn 0.1399 -0.9175 -0.3724
vn 0.0600 -0.9642 -0.2584
vn 0.0514 -0.9222 -0.3833
vn 0.1289 -0.8738 -0.4689
vn -0.0476 -0.2819 -0.9583
vn -0.0419 -0.2362 -0.9708
vn -0.0489 -0.6042 -0.7953
vn -0.0261 -0.6881 -0.7251
vn -0.0333 -0.4032 -0.9145
vn -0.0291 -0.3211 -0.9466
vn -0.0236 -0.9667 -0.2547
vn 0.0064 -0.9574 -0.2888
vn 0.1250 -0.8879 -0.4428
vn 0.0443 -0.9207 -0.3877
vn 0.0996 -0.7979 -0.5945
vn 0.0181 -0.7601 -0.6495
vn 0.0538 -0.5228 -0.8508
vn -0.0038 -0.4279 -0.9038
vn 0.0004 -0.5523 -0.8337
vn 0.0727 -0.6567 -0.7506
vn 0.1294 -0.8788 0.4593
vn 0.0517 -0.9264 0.3730
vn 0.0615 -0.7195 0.6917
vn -0.0011 -0.7612 0.6485
vn -0.0379 -0.7646 0.6434
vn 0.0051 -0.9505 0.3107
vn -0.0674 -0.4812 0.8740
vn -0.0387 -0.4599 0.8871
vn -0.0768 -0.4746 0.8768
vn -0.0794 -0.4516 0.8887
vn -0.0612 -0.7460 0.6632
vn -0.0281 -0.9621 0.2713
vn -0.0379 -0.7648 0.6431
vn -0.0611 -0.7461 0.6631
vn 0.1766 -0.8270 -0.5337
vn 0.1988 -0.8747 -0.4420
vn 0.0995 -0.6739 -0.7321
vn 0.0836 -0.7021 -0.7072
vn 0.1515 -0.8308 -0.5356
vn 0.1801 -0.8733 -0.4526
vn -0.0154 -0.4285 -0.9034
vn -0.0151 -0.4770 -0.8788
vn -0.0113 -0.6601 -0.7511
vn -0.0209 -0.5786 -0.8154
vn 0.0306 -0.8072 -0.5895
vn 0.0475 -0.7651 -0.6422
vn 0.0619 -0.9076 -0.4153
vn 0.1109 -0.8967 -0.4284
vn 0.0911 -0.8630 -0.4969
vn 0.0539 -0.8806 -0.4707
vn 0.1545 -0.7310 -0.6646
vn 0.1277 -0.6100 -0.7820
vn 0.1785 -0.8221 -0.5406
vn 0.1820 -0.8593 -0.4780
vn 0.1680 -0.7994 -0.5768
vn 0.1467 -0.6981 -0.7008
vn 0.1934 -0.8665 -0.4602
vn 0.1853 -0.8782 -0.4409
vn 0.0629 -0.9102 -0.4094
vn 0.1155 -0.9009 -0.4185
vn 0.0617 -0.8982 -0.4353
vn 0.1138 -0.8877 -0.4462
vn 0.0531 -0.7849 -0.6173
vn 0.0940 -0.7580 -0.6455
vn 0.1063 -0.8443 -0.5253
vn 0.0586 -0.8627 -0.5023
vn 0.0531 -0.8860 0.4606
vn 0.0908 -0.8685 0.4873
vn 0.0298 -0.8138 0.5804
vn 0.0470 -0.7721 0.6337
vn 0.0840 -0.7095 0.6997
vn 0.1518 -0.8364 0.5266
vn -0.0213 -0.5875 0.8090
vn -0.0123 -0.6684 0.7437
vn -0.0145 -0.4863 0.8737
vn -0.0142 -0.4378 0.8990
vn 0.1004 -0.6814 0.7250
vn 0.1773 -0.8325 0.5249
vn 0.0440 -0.8870 -0.4596
vn 0.0496 -0.9099 -0.4118
vn 0.0301 -0.8283 -0.5595
vn 0.0284 -0.8414 -0.5396
vn 0.0369 -0.8929 -0.4488
vn 0.0412 -0.9137 -0.4042
vn 0.0043 -0.7074 -0.7068
vn 0.0127 -0.7345 -0.6785
vn 0.0198 -0.7579 -0.6521
vn 0.0172 -0.7497 -0.6616
vn 0.0255 -0.8557 -0.5169
vn 0.0267 -0.8502 -0.5258
vn 0.0308 -0.9207 -0.3891
vn 0.0351 -0.9176 -0.3959
vn 0.0322 -0.8980 -0.4388
vn 0.0289 -0.9018 -0.4312
vn 0.0502 -0.8732 -0.4847
vn 0.0467 -0.8011 -0.5967
vn 0.0515 -0.9041 -0.4241
vn 0.0437 -0.9097 -0.4130
vn 0.0433 -0.8818 -0.4697
vn 0.0412 -0.8130 -0.5808
vn 0.0513 -0.9135 -0.4037
vn 0.0430 -0.9178 -0.3946
vn 0.0319 -0.9248 -0.3790
vn 0.0367 -0.9218 -0.3858
vn 0.0325 -0.9174 -0.3965
vn 0.0375 -0.9143 -0.4033
vn 0.0313 -0.8270 -0.5613
vn 0.0361 -0.8215 -0.5691
vn 0.0375 -0.8878 -0.4588
vn 0.0324 -0.8922 -0.4504
vn 0.0280 -0.9074 0.4193
vn 0.0312 -0.9038 0.4269
vn 0.0245 -0.8621 0.5061
vn 0.0256 -0.8565 0.5155
vn 0.0273 -0.8478 0.5296
vn 0.0360 -0.8984 0.4378
vn 0.0159 -0.7576 0.6525
vn 0.0186 -0.7657 0.6430
vn 0.0114 -0.7422 0.6701
vn 0.0032 -0.7153 0.6988
vn 0.0291 -0.8347 0.5499
vn 0.0428 -0.8923 0.4494
vn 0.0240 -0.9043 -0.4262
vn 0.0250 -0.9228 -0.3845
vn 0.0220 -0.8585 -0.5124
vn 0.0129 -0.8602 -0.5098
vn 0.0139 -0.9053 -0.4245
vn 0.0143 -0.9235 -0.3832
vn 0.0186 -0.7622 -0.6470
vn 0.0112 -0.7641 -0.6450
vn -0.0035 -0.7661 -0.6428
vn 0.0020 -0.7650 -0.6440
vn -0.0024 -0.8619 -0.5070
vn 0.0028 -0.8609 -0.5088
vn -0.0012 -0.9243 -0.3817
vn 0.0035 -0.9239 -0.3826
vn 0.0033 -0.9058 -0.4237
vn -0.0017 -0.9062 -0.4227
vn 0.0256 -0.8946 -0.4460
vn 0.0246 -0.8300 -0.5572
vn 0.0257 -0.9193 -0.3926
vn 0.0146 -0.9205 -0.3905
vn 0.0146 -0.8960 -0.4438
vn 0.0141 -0.8318 -0.5550
vn 0.0255 -0.9266 -0.3752
vn 0.0145 -0.9274 -0.3739
vn -0.0010 -0.9280 -0.3725
vn 0.0037 -0.9277 -0.3733
vn -0.0007 -0.9213 -0.3889
vn 0.0038 -0.9209 -0.3899
vn -0.0002 -0.8333 -0.5528
vn 0.0040 -0.8322 -0.5545
vn 0.0039 -0.8965 -0.4429
vn -0.0005 -0.8973 -0.4415
vn -0.0019 -0.9124 0.4093
vn 0.0028 -0.9118 0.4106
vn -0.0026 -0.8689 0.4949
vn 0.0022 -0.8678 0.4969
vn 0.0121 -0.8670 0.4981
vn 0.0132 -0.9113 0.4116
vn 0.0013 -0.7731 0.6343
vn -0.0037 -0.7742 0.6330
vn 0.0103 -0.7720 0.6355
vn 0.0175 -0.7697 0.6382
vn 0.0211 -0.8651 0.5011
vn 0.0231 -0.9098 0.4144
vn -0.0022 -0.9073 -0.4205
vn -0.0016 -0.9251 -0.3796
vn -0.0030 -0.8630 -0.5053
vn -0.0002 -0.8634 -0.5045
vn -0.0002 -0.9077 -0.4195
vn -0.0001 -0.9254 -0.3789
vn -0.0043 -0.7680 -0.6404
vn -0.0002 -0.7687 -0.6396
vn 0.0031 -0.7664 -0.6424
vn 0.0039 -0.7680 -0.6404
vn 0.0020 -0.8616 -0.5076
vn 0.0027 -0.8630 -0.5053
vn 0.0009 -0.9243 -0.3817
vn 0.0013 -0.9251 -0.3796
vn 0.0019 -0.9073 -0.4205
vn 0.0014 -0.9062 -0.4227
vn -0.0008 -0.8982 -0.4395
vn -0.0006 -0.8341 -0.5516
vn -0.0010 -0.9222 -0.3868
vn -0.0001 -0.9225 -0.3859
vn -0.0002 -0.8989 -0.4382
vn -0.0002 -0.8349 -0.5504
vn -0.0013 -0.9289 -0.3705
vn -0.0001 -0.9291 -0.3698
vn 0.0007 -0.9280 -0.3725
vn 0.0010 -0.9289 -0.3705
vn 0.0004 -0.9215 -0.3885
vn 0.0007 -0.9222 -0.3868
vn -0.0002 -0.8332 -0.5530
vn 0.0002 -0.8343 -0.5513
vn 0.0005 -0.8982 -0.4395
vn 0.0002 -0.8973 -0.4415
vn 0.0020 -0.9124 0.4093
vn 0.0022 -0.9132 0.4074
vn 0.0028 -0.8686 0.4954
vn 0.0031 -0.8700 0.4930
vn 0.0001 -0.8704 0.4923
vn 0.0001 -0.9138 0.4062
vn 0.0044 -0.7759 0.6308
vn 0.0040 -0.7742 0.6330
vn 0.0001 -0.7768 0.6298
vn -0.0042 -0.7756 0.6312
vn -0.0029 -0.8700 0.4930
vn -0.0021 -0.9134 0.4070
vn -0.0036 -0.9058 -0.4237
vn -0.0039 -0.9239 -0.3826
vn -0.0032 -0.8609 -0.5088
vn -0.0133 -0.8602 -0.5098
vn -0.0142 -0.9053 -0.4244
vn -0.0147 -0.9235 -0.3832
vn -0.0024 -0.7650 -0.6440
vn -0.0117 -0.7641 -0.6450
vn -0.0203 -0.7579 -0.6521
vn -0.0191 -0.7618 -0.6475
vn -0.0260 -0.8556 -0.5170
vn -0.0225 -0.8586 -0.5121
vn -0.0312 -0.9207 -0.3889
vn -0.0254 -0.9228 -0.3845
vn -0.0244 -0.9041 -0.4266
vn -0.0294 -0.9018 -0.4312
vn -0.0043 -0.8965 -0.4429
vn -0.0044 -0.8322 -0.5545
vn -0.0041 -0.9209 -0.3899
vn -0.0150 -0.9205 -0.3905
vn -0.0150 -0.8960 -0.4438
vn -0.0146 -0.8318 -0.5549
vn -0.0040 -0.9277 -0.3733
vn -0.0149 -0.9274 -0.3739
vn -0.0323 -0.9247 -0.3794
vn -0.0259 -0.9266 -0.3752
vn -0.0329 -0.9176 -0.3962
vn -0.0261 -0.9196 -0.3919
vn -0.0318 -0.8270 -0.5613
vn -0.0251 -0.8303 -0.5568
vn -0.0260 -0.8947 -0.4459
vn -0.0329 -0.8921 -0.4506
vn -0.0278 -0.9075 0.4192
vn -0.0229 -0.9101 0.4139
vn -0.0242 -0.8621 0.5062
vn -0.0208 -0.8652 0.5010
vn -0.0119 -0.8670 0.4981
vn -0.0130 -0.9112 0.4117
vn -0.0171 -0.7697 0.6382
vn -0.0181 -0.7657 0.6429
vn -0.0100 -0.7717 0.6359
vn -0.0011 -0.7731 0.6343
vn -0.0020 -0.8678 0.4969
vn -0.0026 -0.9118 0.4106
vn -0.0326 -0.8983 -0.4382
vn -0.0355 -0.9175 -0.3961
vn -0.0271 -0.8500 -0.5260
vn -0.0287 -0.8415 -0.5394
vn -0.0377 -0.8930 -0.4485
vn -0.0416 -0.9137 -0.4043
vn -0.0177 -0.7497 -0.6616
vn -0.0128 -0.7343 -0.6787
vn 0.0133 -0.6582 -0.7527
vn -0.0037 -0.7065 -0.7077
vn -0.0308 -0.8063 -0.5907
vn -0.0302 -0.8279 -0.5601
vn -0.0635 -0.9072 -0.4159
vn -0.0502 -0.9098 -0.4121
vn -0.0445 -0.8868 -0.4599
vn -0.0550 -0.8802 -0.4714
vn -0.0380 -0.8878 -0.4586
vn -0.0367 -0.8215 -0.5690
vn -0.0379 -0.9142 -0.4035
vn -0.0442 -0.9096 -0.4130
vn -0.0438 -0.8814 -0.4703
vn -0.0418 -0.8128 -0.5810
vn -0.0371 -0.9218 -0.3858
vn -0.0434 -0.9178 -0.3947
vn -0.0646 -0.9098 -0.4100
vn -0.0520 -0.9133 -0.4040
vn -0.0635 -0.8976 -0.4361
vn -0.0521 -0.9039 -0.4247
vn -0.0548 -0.7841 -0.6182
vn -0.0476 -0.8008 -0.5971
vn -0.0511 -0.8732 -0.4847
vn -0.0603 -0.8622 -0.5029
vn -0.0532 -0.8857 0.4613
vn -0.0424 -0.8921 0.4498
vn -0.0287 -0.8129 0.5816
vn -0.0281 -0.8344 0.5505
vn -0.0266 -0.8477 0.5298
vn -0.0360 -0.8984 0.4377
vn -0.0012 -0.7144 0.6997
vn 0.0157 -0.6665 0.7453
vn -0.0103 -0.7419 0.6704
vn -0.0153 -0.7573 0.6528
vn -0.0252 -0.8565 0.5155
vn -0.0309 -0.9035 0.4275
vn -0.0944 -0.8623 -0.4975
vn -0.1159 -0.8994 -0.4216
vn -0.0479 -0.7632 -0.6444
vn -0.0844 -0.6997 -0.7095
vn -0.1572 -0.8306 -0.5342
vn -0.1907 -0.8807 -0.4335
vn 0.0245 -0.5758 -0.8172
vn 0.0202 -0.4745 -0.8800
vn 0.0346 -0.4421 -0.8963
vn 0.0185 -0.4248 -0.9051
vn -0.0765 -0.7048 -0.7052
vn -0.1038 -0.6712 -0.7340
vn -0.1675 -0.9113 -0.3760
vn -0.2152 -0.8771 -0.4294
vn -0.1872 -0.8258 -0.5320
vn -0.1530 -0.8679 -0.4725
vn -0.1074 -0.8434 -0.5264
vn -0.0951 -0.7570 -0.6465
vn -0.1151 -0.8871 -0.4470
vn -0.1886 -0.8580 -0.4777
vn -0.1741 -0.7986 -0.5761
vn -0.1529 -0.7018 -0.6958
vn -0.1193 -0.9037 -0.4113
vn -0.1958 -0.8849 -0.4227
vn -0.1511 -0.8820 -0.4463
vn -0.2103 -0.8672 -0.4514
vn -0.1222 -0.7926 -0.5974
vn -0.1931 -0.8191 -0.5402
vn -0.0703 -0.5255 -0.8479
vn -0.1419 -0.6191 -0.7724
vn -0.1678 -0.7295 -0.6631
vn -0.0909 -0.6529 -0.7520
vn -0.1527 -0.8730 0.4633
vn -0.1868 -0.8314 0.5234
vn -0.0760 -0.7122 0.6978
vn -0.1033 -0.6788 0.7271
vn -0.0833 -0.7072 0.7021
vn -0.1564 -0.8363 0.5255
vn 0.0191 -0.4341 0.9007
vn 0.0353 -0.4515 0.8916
vn 0.0215 -0.4838 0.8749
vn 0.0267 -0.5848 0.8108
vn -0.0461 -0.7703 0.6360
vn -0.0931 -0.8679 0.4880
vn -0.0737 -0.9186 -0.3884
vn -0.0819 -0.9612 -0.2635
vn -0.0127 -0.7497 -0.6617
vn 0.0395 -0.7605 -0.6482
vn -0.0079 -0.9471 -0.3207
vn -0.0272 -0.9884 -0.1496
vn 0.0657 -0.4696 -0.8804
vn 0.0834 -0.4684 -0.8796
vn 0.0851 -0.4479 -0.8900
vn 0.0651 -0.7404 -0.6690
vn -0.0057 -0.9988 -0.0479
vn 0.0296 -0.9604 -0.2769
vn -0.0113 -0.5489 -0.8358
vn -0.0047 -0.4261 -0.9047
vn -0.0333 -0.7562 -0.6535
vn 0.0268 -0.6920 -0.7214
vn 0.0350 -0.4076 -0.9125
vn 0.0305 -0.3248 -0.9453
vn -0.0640 -0.9175 -0.3926
vn -0.0088 -0.9568 -0.2906
vn 0.0249 -0.9669 -0.2539
vn 0.0512 -0.6237 -0.7800
vn 0.0447 -0.2429 -0.9690
vn 0.0503 -0.2935 -0.9546
vn 0.0299 -0.9635 0.2660
vn 0.0657 -0.7478 0.6607
vn 0.0403 -0.7676 0.6396
vn -0.0075 -0.9507 0.3101
vn 0.0859 -0.4576 0.8850
vn 0.0844 -0.4782 0.8742
vn 0.0667 -0.4792 0.8752
vn -0.0120 -0.7569 0.6534
vn -0.0733 -0.9228 0.3783
vn -0.0518 -0.2200 -0.9741
vn -0.1243 -0.3087 -0.9430
vn -0.0594 -0.4347 -0.8986
vn -0.1582 -0.7739 -0.6133
vn -0.3409 -0.9401 -0.0051
vn -0.5585 -0.8295 -0.0044
vn -0.0772 -0.9970 -0.0054
vn -0.0802 -0.8538 0.5143
vn -0.1230 -0.9924 -0.0054
vn -0.0805 -0.8480 -0.5239
vn -0.0588 -0.4446 0.8938
vn -0.1578 -0.7805 0.6049
vn -0.1228 -0.9924 -0.0055
vn -0.0801 -0.8537 0.5145
vn -0.1579 -0.7805 0.6049
vn -0.1238 -0.3191 0.9396
vn -0.0512 -0.2306 0.9717
vn -0.5586 -0.8294 -0.0044
vn -0.3409 -0.9401 -0.0050
vn -0.0363 -0.2694 0.9623
vn -0.0350 -0.3887 0.9207
vn -0.0144 -0.4172 0.9087
vn -0.0217 -0.3347 0.9421
vn -0.0772 -0.9970 -0.0055
vn -0.0362 -0.9993 -0.0056
vn -0.0416 -0.6708 0.7405
vn -0.0023 -1.0000 -0.0058
vn -0.0079 -0.6543 0.7562
vn 0.1299 -0.9915 -0.0055
vn 0.0943 -0.7302 0.6767
vn 0.0248 -0.6912 0.7222
vn 0.0404 -0.9992 -0.0055
vn 0.0630 -0.5309 0.8451
vn 0.0099 -0.4752 0.8798
vn 0.0008 -0.4099 0.9121
vn 0.0506 -0.4773 0.8773
vn 0.1168 -0.5459 0.8297
vn 0.1317 -0.5843 0.8008
vn 0.1413 -0.6366 0.7582
vn 0.1327 -0.6225 0.7713
vn 0.1300 -0.9915 -0.0055
vn 0.2298 -0.9732 -0.0055
vn 0.1780 -0.7596 0.6256
vn 0.2274 -0.9738 -0.0056
vn 0.1806 -0.7872 0.5897
vn 0.1780 -0.7595 0.6256
vn 0.0707 -0.9975 -0.0057
vn 0.0578 -0.8260 0.5607
vn 0.1058 -0.8136 0.5717
vn 0.1311 -0.9914 -0.0057
vn 0.0478 -0.6977 0.7148
vn 0.0856 -0.6775 0.7305
vn 0.0835 -0.6799 0.7285
vn 0.0472 -0.7077 0.7049
vn 0.0419 -0.7240 0.6885
vn 0.0418 -0.7064 0.7065
vn 0.0366 -0.7108 0.7024
vn 0.0372 -0.7351 0.6769
vn 0.0602 -0.9982 -0.0059
vn 0.0494 -0.8276 0.5591
vn 0.0518 -0.9986 -0.0061
vn 0.0426 -0.8262 0.5617
vn 0.0377 -0.9993 -0.0065
vn 0.0308 -0.8181 0.5742
vn 0.0365 -0.8227 0.5674
vn 0.0445 -0.9990 -0.0063
vn 0.0272 -0.7110 0.7027
vn 0.0320 -0.7126 0.7008
vn 0.0327 -0.7426 0.6689
vn 0.0283 -0.7468 0.6644
vn 0.0283 -0.7469 0.6643
vn 0.0222 -0.7484 0.6629
vn 0.0210 -0.7079 0.7060
vn 0.0118 -0.7040 0.7101
vn 0.0127 -0.7488 0.6626
vn 0.0291 -0.9996 -0.0067
vn 0.0236 -0.8122 0.5830
vn 0.0163 -0.9998 -0.0069
vn 0.0131 -0.8061 0.5916
vn 0.0211 -0.7080 0.7059
vn -0.0002 -1.0000 -0.0071
vn -0.0001 -0.7984 0.6022
vn 0.0035 -0.8015 0.5980
vn 0.0042 -1.0000 -0.0070
vn 0.0001 -0.6987 0.7154
vn 0.0034 -0.7003 0.7139
vn 0.0035 -0.8014 0.5981
vn -0.0001 -0.7983 0.6022
vn 0.0037 -0.7484 0.6632
vn 0.0001 -0.7479 0.6638
vn -0.0001 -0.7494 0.6621
vn -0.0000 -0.6987 0.7154
vn 0.0001 -0.6992 0.7149
vn 0.0001 -0.7502 0.6613
vn -0.0002 -1.0000 -0.0072
vn -0.0000 -0.7973 0.6036
vn -0.0001 -1.0000 -0.0072
vn 0.0001 -0.7975 0.6033
vn -0.0000 -0.6987 0.7155
vn 0.0001 -1.0000 -0.0071
vn 0.0003 -0.7984 0.6021
vn 0.0002 -0.7970 0.6040
vn 0.0001 -1.0000 -0.0072
vn 0.0002 -0.6981 0.7160
vn 0.0003 -0.6985 0.7156
vn 0.0004 -0.7495 0.6621
vn 0.0002 -0.7482 0.6635
vn -0.0033 -0.7481 0.6636
vn -0.0031 -0.7003 0.7139
vn -0.0115 -0.7041 0.7100
vn -0.0123 -0.7487 0.6628
vn -0.0044 -1.0000 -0.0070
vn -0.0032 -0.8010 0.5987
vn -0.0163 -0.9998 -0.0068
vn -0.0128 -0.8064 0.5913
vn -0.0128 -0.8063 0.5913
vn -0.0378 -0.9993 -0.0065
vn -0.0305 -0.8181 0.5742
vn -0.0233 -0.8122 0.5830
vn -0.0292 -0.9996 -0.0067
vn -0.0267 -0.7110 0.7027
vn -0.0207 -0.7081 0.7058
vn -0.0129 -0.8063 0.5913
vn -0.0164 -0.9998 -0.0068
vn -0.0129 -0.8064 0.5912
vn -0.0302 -0.8339 0.5511
vn -0.0217 -0.7487 0.6626
vn -0.0279 -0.7469 0.6643
vn -0.0116 -0.7041 0.7100
vn -0.0322 -0.7427 0.6689
vn -0.0349 -0.8282 0.5593
vn -0.0314 -0.7123 0.7012
vn -0.0361 -0.7108 0.7025
vn -0.0367 -0.7352 0.6768
vn -0.0446 -0.9990 -0.0062
vn -0.0361 -0.8227 0.5674
vn -0.0519 -0.9986 -0.0060
vn -0.0422 -0.8261 0.5619
vn -0.0724 -0.9974 -0.0057
vn -0.0585 -0.8254 0.5616
vn -0.0493 -0.8274 0.5594
vn -0.0607 -0.9981 -0.0058
vn -0.0481 -0.6969 0.7156
vn -0.0415 -0.7061 0.7069
vn -0.0416 -0.7237 0.6889
vn -0.0475 -0.7070 0.7057
vn -0.0474 -0.7070 0.7057
vn -0.0831 -0.6788 0.7296
vn -0.0852 -0.6763 0.7317
vn -0.1429 -0.6384 0.7563
vn -0.1367 -0.6297 0.7647
vn -0.1320 -0.9912 -0.0056
vn -0.1059 -0.8127 0.5730
vn -0.2301 -0.9731 -0.0054
vn -0.1819 -0.7859 0.5910
vn -0.1641 -0.9864 -0.0052
vn -0.1188 -0.7241 0.6794
vn -0.1926 -0.7539 0.6282
vn -0.2509 -0.9680 -0.0052
vn -0.0806 -0.5292 0.8446
vn -0.1434 -0.5864 0.7972
vn -0.1301 -0.5604 0.8179
vn -0.0662 -0.4822 0.8736
vn -0.0071 -0.4095 0.9123
vn -0.0176 -0.4756 0.8795
vn 0.0164 -0.4225 0.9062
vn 0.0243 -0.3390 0.9405
vn -0.0584 -0.9983 -0.0055
vn -0.0366 -0.6919 0.7211
vn 0.0024 -1.0000 -0.0056
vn 0.0091 -0.6597 0.7515
vn 0.0855 -0.9963 -0.0057
vn 0.0868 -0.8572 0.5076
vn 0.0471 -0.6819 0.7299
vn 0.0415 -0.9991 -0.0057
vn 0.0665 -0.4594 0.8858
vn 0.0391 -0.3979 0.9166
vn 0.0403 -0.2766 0.9601
vn 0.0584 -0.2422 0.9685
vn 0.1446 -0.3392 0.9295
vn 0.1774 -0.7813 0.5984
vn 0.3710 -0.9286 -0.0053
vn 0.5728 -0.8197 -0.0048
vn 0.0854 -0.9963 -0.0056
vn 0.0864 -0.8514 -0.5174
vn 0.1346 -0.9909 -0.0056
vn 0.0659 -0.4494 -0.8909
vn 0.1771 -0.7746 -0.6072
vn 0.1773 -0.7813 0.5984
vn 0.1348 -0.9909 -0.0056
vn 0.1440 -0.3288 -0.9334
vn 0.0577 -0.2312 -0.9712
vn 0.0498 -0.4679 -0.8824
vn 0.0002 -0.3998 -0.9166
vn 0.0623 -0.5217 -0.8508
vn 0.0094 -0.4655 -0.8850
vn -0.0151 -0.4071 -0.9133
vn -0.0224 -0.3242 -0.9457
vn 0.0404 -0.9992 -0.0056
vn 0.0244 -0.6832 -0.7299
vn 0.0937 -0.7227 -0.6848
vn -0.0023 -1.0000 -0.0056
vn -0.0084 -0.6458 -0.7634
vn -0.0422 -0.6626 -0.7478
vn -0.0362 -0.9993 -0.0055
vn -0.0357 -0.3786 -0.9249
vn -0.0371 -0.2588 -0.9652
vn 0.0480 -0.6998 -0.7127
vn 0.0838 -0.6718 -0.7360
vn 0.0486 -0.6896 -0.7226
vn 0.0858 -0.6693 -0.7380
vn 0.1405 -0.6282 -0.7653
vn 0.1319 -0.6141 -0.7782
vn 0.0707 -0.9975 -0.0058
vn 0.1060 -0.8070 -0.5809
vn 0.0584 -0.8195 -0.5700
vn 0.1800 -0.7806 -0.5986
vn 0.1770 -0.7527 -0.6342
vn 0.1303 -0.5756 -0.8073
vn 0.1157 -0.5370 -0.8356
vn 0.0291 -0.7390 -0.6731
vn 0.0337 -0.7351 -0.6771
vn 0.0281 -0.7025 -0.7112
vn 0.0328 -0.7041 -0.7094
vn 0.0376 -0.7027 -0.7105
vn 0.0382 -0.7273 -0.6852
vn 0.0373 -0.8162 -0.5766
vn 0.0315 -0.8110 -0.5842
vn 0.0517 -0.9986 -0.0061
vn 0.0433 -0.8197 -0.5712
vn 0.0502 -0.8210 -0.5687
vn 0.0427 -0.6984 -0.7144
vn 0.0429 -0.7162 -0.6966
vn 0.0001 -0.7402 -0.6723
vn 0.0039 -0.7399 -0.6727
vn 0.0001 -0.6903 -0.7235
vn 0.0038 -0.6919 -0.7220
vn 0.0124 -0.6957 -0.7182
vn 0.0133 -0.7407 -0.6717
vn -0.0001 -1.0000 -0.0071
vn 0.0038 -0.7936 -0.6084
vn -0.0000 -0.7905 -0.6125
vn 0.0136 -0.7985 -0.6019
vn 0.0242 -0.8048 -0.5931
vn 0.0291 -0.9996 -0.0068
vn 0.0219 -0.6999 -0.7139
vn 0.0229 -0.7407 -0.6715
vn -0.0005 -0.7401 -0.6725
vn -0.0000 -0.7411 -0.6713
vn -0.0006 -0.6903 -0.7235
vn -0.0002 -0.6900 -0.7238
vn -0.0002 -0.6911 -0.7228
vn -0.0002 -0.7419 -0.6705
vn -0.0000 -1.0000 -0.0072
vn -0.0002 -0.7893 -0.6140
vn -0.0004 -0.7904 -0.6126
vn -0.0002 -0.7895 -0.6137
vn -0.0002 -0.7896 -0.6137
vn -0.0003 -0.6903 -0.7236
vn -0.0004 -0.7411 -0.6713
vn -0.0297 -0.7390 -0.6731
vn -0.0233 -0.7410 -0.6711
vn -0.0286 -0.7032 -0.7104
vn -0.0225 -0.6999 -0.7139
vn -0.0130 -0.6957 -0.7182
vn -0.0138 -0.7407 -0.6717
vn -0.0247 -0.8048 -0.5930
vn -0.0321 -0.8110 -0.5842
vn -0.0164 -0.9998 -0.0069
vn -0.0141 -0.7988 -0.6014
vn -0.0042 -0.7935 -0.6085
vn -0.0043 -0.6919 -0.7220
vn -0.0044 -0.7399 -0.6727
vn -0.0497 -0.6990 -0.7133
vn -0.0438 -0.7159 -0.6969
vn -0.0504 -0.6889 -0.7231
vn -0.0438 -0.6981 -0.7147
vn -0.0383 -0.7031 -0.7100
vn -0.0389 -0.7274 -0.6851
vn -0.0607 -0.9981 -0.0059
vn -0.0512 -0.8207 -0.5691
vn -0.0603 -0.8189 -0.5708
vn -0.0519 -0.9986 -0.0061
vn -0.0440 -0.8194 -0.5715
vn -0.0378 -0.8159 -0.5770
vn -0.0335 -0.7040 -0.7094
vn -0.0343 -0.7347 -0.6775
vn -0.0670 -0.4727 -0.8787
vn -0.1305 -0.5515 -0.8239
vn -0.0813 -0.5201 -0.8502
vn -0.1438 -0.5777 -0.8035
vn -0.1438 -0.6300 -0.7632
vn -0.1375 -0.6212 -0.7715
vn -0.1642 -0.9864 -0.0052
vn -0.2510 -0.9680 -0.0052
vn -0.1929 -0.7470 -0.6362
vn -0.1194 -0.7166 -0.6871
vn -0.2301 -0.9732 -0.0054
vn -0.1825 -0.7793 -0.5996
vn -0.1073 -0.8062 -0.5819
vn -0.0870 -0.6681 -0.7390
vn -0.0848 -0.6706 -0.7370
vn 0.0394 -0.2659 -0.9632
vn 0.0382 -0.3876 -0.9210
vn 0.0152 -0.4124 -0.9109
vn 0.0232 -0.3285 -0.9442
vn 0.0415 -0.9991 -0.0056
vn 0.0463 -0.6737 -0.7376
vn 0.0024 -1.0000 -0.0055
vn 0.0081 -0.6513 -0.7588
vn -0.0376 -0.6839 -0.7286
vn -0.0584 -0.9983 -0.0054
vn -0.0187 -0.4659 -0.8846
vn -0.0083 -0.3995 -0.9167
vn 0.0487 0.2447 -0.9684
vn 0.1360 0.3445 -0.9289
vn 0.0509 0.4629 -0.8850
vn 0.1550 0.7868 -0.5975
vn 0.3480 0.9375 0.0051
vn 0.5582 0.8297 0.0043
vn 0.0529 0.9986 0.0056
vn 0.0584 0.8541 0.5168
vn 0.1048 0.9945 0.0054
vn 0.0581 0.8599 -0.5072
vn 0.0514 0.4531 0.8900
vn 0.1554 0.7802 0.6059
vn 0.1049 0.9945 0.0055
vn 0.1554 0.7801 0.6061
vn 0.0580 0.8597 -0.5074
vn 0.1365 0.3343 0.9325
vn 0.0492 0.2340 0.9710
vn 0.5584 0.8296 0.0045
vn 0.3479 0.9375 0.0051
vn 0.0309 0.2675 0.9631
vn 0.0265 0.3881 0.9212
vn 0.0074 0.4134 0.9105
vn 0.0171 0.3298 0.9439
vn 0.0161 0.9999 0.0055
vn 0.0274 0.6782 0.7344
vn -0.0178 0.9998 0.0053
vn -0.0046 0.6521 0.7582
vn 0.0161 0.9999 0.0056
vn -0.1738 0.9848 0.0054
vn -0.1249 0.7146 0.6883
vn -0.0481 0.6828 0.7290
vn -0.0752 0.9972 0.0055
vn -0.0847 0.5189 0.8506
vn -0.0255 0.4654 0.8847
vn -0.0139 0.3995 0.9166
vn -0.0698 0.4713 0.8792
vn -0.1302 0.5490 0.8256
vn -0.1440 0.5768 0.8041
vn -0.1432 0.6293 0.7638
vn -0.1367 0.6198 0.7728
vn -0.2533 0.9674 0.0055
vn -0.1937 0.7458 0.6373
vn -0.2309 0.9730 0.0056
vn -0.1822 0.7787 0.6004
vn -0.1937 0.7459 0.6372
vn -0.1822 0.7786 0.6005
vn -0.0721 0.9974 0.0057
vn -0.0595 0.8190 0.5707
vn -0.1065 0.8061 0.5821
vn -0.1321 0.9912 0.0057
vn -0.0494 0.6890 0.7231
vn -0.0861 0.6679 0.7393
vn -0.1065 0.8060 0.5823
vn -0.0595 0.8188 0.5710
vn -0.1065 0.8060 0.5822
vn -0.0862 0.6679 0.7393
vn -0.0840 0.6705 0.7372
vn -0.0488 0.6991 0.7134
vn -0.0429 0.7158 0.6970
vn -0.0429 0.6981 0.7147
vn -0.0375 0.7027 0.7105
vn -0.0381 0.7273 0.6853
vn -0.0603 0.9982 0.0059
vn -0.0504 0.8208 0.5690
vn -0.0518 0.9986 0.0061
vn -0.0432 0.8195 0.5714
vn -0.0503 0.8207 0.5691
vn -0.0432 0.8194 0.5716
vn -0.0378 0.9993 0.0065
vn -0.0314 0.8109 0.5843
vn -0.0371 0.8160 0.5768
vn -0.0441 0.9990 0.0063
vn -0.0280 0.7028 0.7109
vn -0.0327 0.7040 0.7095
vn -0.0371 0.8159 0.5770
vn -0.0314 0.8108 0.5845
vn -0.0335 0.7350 0.6773
vn -0.0290 0.7392 0.6729
vn -0.0280 0.7027 0.7109
vn -0.0228 0.7407 0.6715
vn -0.0218 0.6999 0.7139
vn -0.0126 0.6960 0.7179
vn -0.0132 0.7407 0.6717
vn -0.0287 0.9996 0.0067
vn -0.0241 0.8049 0.5929
vn -0.0164 0.9998 0.0069
vn -0.0136 0.7988 0.6014
vn -0.0241 0.8048 0.5931
vn -0.0136 0.7988 0.6015
vn 0.0001 1.0000 0.0071
vn -0.0000 0.7905 0.6124
vn -0.0038 0.7937 0.6083
vn -0.0041 1.0000 0.0070
vn -0.0001 0.6901 0.7237
vn -0.0037 0.6922 0.7217
vn -0.0038 0.7936 0.6084
vn -0.0000 0.7904 0.6126
vn -0.0136 0.7987 0.6015
vn -0.0039 0.7399 0.6727
vn -0.0001 0.7401 0.6725
vn 0.0004 0.7411 0.6713
vn 0.0002 0.6900 0.7238
vn 0.0002 0.6906 0.7232
vn 0.0002 0.7421 0.6702
vn 0.0002 1.0000 0.0072
vn 0.0002 0.7894 0.6139
vn 0.0001 1.0000 0.0072
vn 0.0002 0.7893 0.6140
vn 0.0002 0.7892 0.6141
vn -0.0000 1.0000 0.0071
vn 0.0004 0.7905 0.6125
vn -0.0001 1.0000 0.0072
vn 0.0006 0.6902 0.7236
vn -0.0000 0.7411 0.6713
vn 0.0005 0.7401 0.6725
vn 0.0044 0.7399 0.6727
vn 0.0042 0.6922 0.7217
vn 0.0129 0.6957 0.7182
vn 0.0137 0.7407 0.6716
vn 0.0042 1.0000 0.0070
vn 0.0042 0.7937 0.6083
vn 0.0165 0.9998 0.0069
vn 0.0140 0.7989 0.6013
vn 0.0140 0.7987 0.6016
vn 0.0379 0.9993 0.0065
vn 0.0319 0.8109 0.5843
vn 0.0246 0.8049 0.5929
vn 0.0293 0.9995 0.0067
vn 0.0286 0.7028 0.7109
vn 0.0224 0.6999 0.7139
vn 0.0246 0.8048 0.5930
vn 0.0319 0.8107 0.5846
vn 0.0232 0.7410 0.6711
vn 0.0296 0.7390 0.6730
vn 0.0342 0.7351 0.6771
vn 0.0334 0.7041 0.7093
vn 0.0382 0.7029 0.7103
vn 0.0387 0.7274 0.6851
vn 0.0442 0.9990 0.0063
vn 0.0377 0.8160 0.5768
vn 0.0518 0.9986 0.0060
vn 0.0438 0.8196 0.5713
vn 0.0377 0.8159 0.5770
vn 0.0438 0.8195 0.5714
vn 0.0706 0.9975 0.0056
vn 0.0590 0.8196 0.5699
vn 0.0506 0.8211 0.5685
vn 0.0600 0.9982 0.0058
vn 0.0493 0.6897 0.7224
vn 0.0434 0.6985 0.7143
vn 0.0506 0.8210 0.5687
vn 0.0589 0.8195 0.5700
vn 0.0435 0.7161 0.6966
vn 0.0487 0.6998 0.7126
vn 0.0846 0.6717 0.7360
vn 0.0866 0.6691 0.7381
vn 0.1410 0.6258 0.7671
vn 0.1319 0.6114 0.7803
vn 0.1313 0.9913 0.0055
vn 0.1066 0.8069 0.5810
vn 0.2277 0.9737 0.0054
vn 0.1811 0.7800 0.5990
vn 0.1811 0.7799 0.5992
vn 0.1388 0.9903 0.0053
vn 0.1002 0.7213 0.6854
vn 0.1794 0.7516 0.6348
vn 0.2325 0.9726 0.0053
vn 0.0669 0.5192 0.8520
vn 0.1318 0.5713 0.8101
vn 0.2325 0.9726 0.0052
vn 0.1795 0.7516 0.6347
vn 0.1164 0.5313 0.8392
vn 0.0542 0.4648 0.8838
vn 0.0069 0.4001 0.9164
vn 0.0170 0.4654 0.8849
vn -0.0067 0.4081 0.9129
vn -0.0155 0.3254 0.9455
vn 0.0552 0.9985 0.0055
vn 0.0350 0.6826 0.7299
vn 0.0158 0.9999 0.0055
vn 0.0042 0.6466 0.7628
vn -0.0525 0.9986 0.0056
vn -0.0608 0.8497 0.5238
vn -0.0261 0.6640 0.7473
vn -0.0152 0.9999 0.0056
vn -0.0494 0.4379 0.8977
vn -0.0261 0.3798 0.9247
vn -0.0261 0.6638 0.7475
vn 0.0158 0.9999 0.0056
vn 0.0042 0.6467 0.7627
vn -0.0303 0.2608 0.9649
vn -0.0462 0.2235 0.9736
vn -0.1171 0.3164 0.9414
vn -0.1417 0.7777 0.6125
vn -0.3175 0.9482 0.0054
vn -0.5312 0.8472 0.0050
vn -0.0525 0.9986 0.0055
vn -0.0612 0.8554 -0.5143
vn -0.1028 0.9947 0.0056
vn -0.0500 0.4480 -0.8927
vn -0.1420 0.7845 -0.6036
vn -0.1027 0.9947 0.0057
vn -0.0612 0.8555 -0.5141
vn -0.3176 0.9482 0.0055
vn -0.1417 0.7778 0.6123
vn -0.1176 0.3269 -0.9377
vn -0.0468 0.2344 -0.9710
vn -0.5313 0.8472 0.0049
vn -0.0707 0.4807 -0.8740
vn -0.0144 0.4095 -0.9122
vn -0.0856 0.5280 -0.8449
vn -0.0260 0.4750 -0.8796
vn 0.0069 0.4235 -0.9059
vn 0.0166 0.3403 -0.9402
vn -0.1737 0.9848 0.0055
vn -0.0485 0.6908 -0.7214
vn -0.1257 0.7221 -0.6803
vn -0.0177 0.9998 0.0057
vn -0.0050 0.6605 -0.7508
vn 0.0530 0.9986 0.0055
vn 0.0270 0.6863 -0.7268
vn 0.0260 0.3983 -0.9169
vn 0.0304 0.2781 -0.9601
vn -0.0480 0.7070 -0.7056
vn -0.0837 0.6787 -0.7296
vn -0.0486 0.6969 -0.7155
vn -0.0859 0.6761 -0.7318
vn -0.1440 0.6377 -0.7567
vn -0.1374 0.6282 -0.7658
vn -0.1063 0.8126 -0.5730
vn -0.0589 0.8254 -0.5615
vn -0.1828 0.7853 -0.5916
vn -0.1947 0.7527 -0.6289
vn -0.1452 0.5854 -0.7976
vn -0.1314 0.5579 -0.8194
vn -0.0282 0.7469 -0.6643
vn -0.0326 0.7428 -0.6688
vn -0.0271 0.7108 -0.7029
vn -0.0317 0.7121 -0.7014
vn -0.0365 0.7106 -0.7026
vn -0.0371 0.7351 -0.6769
vn -0.0364 0.8228 -0.5672
vn -0.0307 0.8181 -0.5742
vn -0.0425 0.8261 -0.5619
vn -0.0496 0.8273 -0.5596
vn -0.0419 0.7061 -0.7069
vn -0.0420 0.7238 -0.6888
vn -0.0001 0.7479 -0.6638
vn -0.0036 0.7481 -0.6636
vn -0.0001 0.6988 -0.7154
vn -0.0034 0.7006 -0.7135
vn -0.0118 0.7040 -0.7101
vn -0.0127 0.7488 -0.6626
vn -0.0035 0.8015 -0.5980
vn 0.0001 0.7984 -0.6021
vn -0.0131 0.8064 -0.5912
vn -0.0235 0.8122 -0.5830
vn -0.0210 0.7081 -0.7058
vn -0.0220 0.7487 -0.6626
vn -0.0002 0.7482 -0.6635
vn -0.0004 0.7495 -0.6621
vn -0.0002 0.6987 -0.7154
vn -0.0003 0.6985 -0.7156
vn -0.0001 0.6990 -0.7151
vn -0.0001 0.7502 -0.6612
vn -0.0002 0.7973 -0.6035
vn -0.0003 0.7982 -0.6024
vn -0.0001 0.7972 -0.6038
vn -0.0000 0.7970 -0.6040
vn -0.0000 0.6985 -0.7156
vn 0.0002 0.7495 -0.6621
vn 0.0277 0.7470 -0.6642
vn 0.0217 0.7485 -0.6628
vn 0.0266 0.7109 -0.7028
vn 0.0206 0.7081 -0.7058
vn 0.0114 0.7040 -0.7101
vn 0.0123 0.7488 -0.6626
vn 0.0232 0.8121 -0.5830
vn 0.0303 0.8181 -0.5743
vn 0.0128 0.8064 -0.5913
vn 0.0032 0.8014 -0.5981
vn 0.0031 0.7003 -0.7139
vn 0.0033 0.7481 -0.6636
vn 0.0465 0.7078 -0.7049
vn 0.0412 0.7240 -0.6885
vn 0.0470 0.6977 -0.7149
vn 0.0411 0.7064 -0.7066
vn 0.0359 0.7108 -0.7025
vn 0.0366 0.7352 -0.6769
vn 0.0488 0.8275 -0.5593
vn 0.0572 0.8260 -0.5607
vn 0.0420 0.8261 -0.5619
vn 0.0360 0.8231 -0.5668
vn 0.0313 0.7121 -0.7013
vn 0.0321 0.7425 -0.6690
vn 0.0534 0.4741 -0.8788
vn 0.1159 0.5401 -0.8336
vn 0.0661 0.5283 -0.8465
vn 0.1313 0.5800 -0.8040
vn 0.1403 0.6342 -0.7603
vn 0.1311 0.6198 -0.7737
vn 0.1389 0.9903 0.0053
vn 0.1791 0.7584 -0.6267
vn 0.0996 0.7287 -0.6776
vn 0.1805 0.7866 -0.5905
vn 0.1052 0.8135 -0.5720
vn 0.0849 0.6773 -0.7308
vn 0.0828 0.6798 -0.7287
vn -0.0310 0.2715 -0.9619
vn -0.0268 0.3901 -0.9204
vn -0.0075 0.4182 -0.9083
vn -0.0164 0.3359 -0.9418
vn -0.0267 0.6723 -0.7398
vn 0.0034 0.6551 -0.7555
vn 0.0342 0.6907 -0.7223
vn 0.0553 0.9985 0.0055
vn 0.0159 0.4751 -0.8798
vn 0.0058 0.4102 -0.9120
vt 0.987933 -0.310673
vt 0.988981 -0.313114
vt 0.978133 -0.314411
vt 0.975868 -0.310733
vt 0.990868 -0.315543
vt 0.984009 -0.317450
vt 0.970104 -0.320521
vt 0.963639 -0.315317
vt 0.962461 -0.310848
vt 0.994330 -0.320381
vt 0.990539 -0.319230
vt 0.992638 -0.317964
vt 0.989010 -0.320479
vt 0.992638 -0.322884
vt 0.990540 -0.321690
vt 0.990867 -0.325381
vt 0.984008 -0.323602
vt 0.987936 -0.330328
vt 0.975872 -0.330423
vt 0.978120 -0.326719
vt 0.988974 -0.327864
vt 0.962460 -0.330212
vt 0.963638 -0.325660
vt 0.942892 -0.328028
vt 0.939003 -0.324172
vt 0.951238 -0.324772
vt 0.951344 -0.329386
vt 0.936889 -0.318996
vt 0.951132 -0.319984
vt 0.942892 -0.311367
vt 0.951345 -0.311073
vt 0.951238 -0.315442
vt 0.939003 -0.314488
vt 0.930150 -0.265165
vt 0.931692 -0.278925
vt 0.915389 -0.282553
vt 0.913157 -0.261436
vt 0.935061 -0.288731
vt 0.920998 -0.296584
vt 0.906569 -0.313413
vt 0.894523 -0.284598
vt 0.891845 -0.257457
vt 0.942893 -0.294707
vt 0.939003 -0.298933
vt 0.928896 -0.300341
vt 0.939004 -0.293062
vt 0.936889 -0.304420
vt 0.924375 -0.307697
vt 0.928896 -0.312160
vt 0.939003 -0.308617
vt 0.924374 -0.317319
vt 0.939003 -0.330044
vt 0.928896 -0.323979
vt 0.936888 -0.333572
vt 0.924374 -0.326940
vt 0.942891 -0.344688
vt 0.939002 -0.345599
vt 0.928895 -0.335799
vt 0.939002 -0.339728
vt 0.934674 -0.347345
vt 0.920439 -0.334674
vt 0.926293 -0.357381
vt 0.907574 -0.347573
vt 0.913155 -0.340073
vt 0.930148 -0.352065
vt 0.885146 -0.336503
vt 0.891843 -0.327134
vt 0.826616 -0.319539
vt 0.829140 -0.310152
vt 0.862412 -0.317194
vt 0.857363 -0.326917
vt 0.830907 -0.296924
vt 0.865946 -0.302940
vt 0.829141 -0.252379
vt 0.862413 -0.254468
vt 0.864432 -0.282025
vt 0.830150 -0.277946
vt 0.570634 -0.311881
vt 0.538459 -0.311867
vt 0.538457 -0.302801
vt 0.570633 -0.302816
vt 0.506284 -0.311860
vt 0.506282 -0.302794
vt 0.506282 -0.290587
vt 0.538457 -0.290595
vt 0.570632 -0.290610
vt 0.441934 -0.311867
vt 0.441933 -0.302801
vt 0.474108 -0.302794
vt 0.474109 -0.311859
vt 0.441933 -0.290595
vt 0.474107 -0.290587
vt 0.441934 -0.249974
vt 0.474108 -0.249967
vt 0.474108 -0.273543
vt 0.441933 -0.273551
vt 0.506283 -0.249967
vt 0.506282 -0.273543
vt 0.570634 -0.249989
vt 0.570633 -0.273566
vt 0.538457 -0.273551
vt 0.538458 -0.249974
vt 0.181523 -0.252303
vt 0.180420 -0.277870
vt 0.144121 -0.281941
vt 0.146325 -0.254384
vt 0.179594 -0.296849
vt 0.142468 -0.302856
vt 0.098806 -0.313318
vt 0.111817 -0.284507
vt 0.114739 -0.257366
vt 0.184276 -0.319464
vt 0.151831 -0.326835
vt 0.146323 -0.317111
vt 0.181521 -0.310076
vt 0.122040 -0.336414
vt 0.114737 -0.327043
vt 0.077064 -0.357282
vt 0.072878 -0.351965
vt 0.091585 -0.339977
vt 0.097666 -0.347478
vt 0.067934 -0.347243
vt 0.083621 -0.334577
vt 0.058818 -0.344584
vt 0.063147 -0.339625
vt 0.074321 -0.335699
vt 0.063147 -0.345496
vt 0.065502 -0.333471
vt 0.079305 -0.326841
vt 0.058819 -0.327924
vt 0.063148 -0.324070
vt 0.074322 -0.323880
vt 0.063147 -0.329941
vt 0.065503 -0.318895
vt 0.079306 -0.317220
vt 0.058819 -0.311265
vt 0.063148 -0.308515
vt 0.074322 -0.312060
vt 0.063148 -0.314386
vt 0.065503 -0.304318
vt 0.079306 -0.307598
vt 0.058820 -0.294604
vt 0.063149 -0.292960
vt 0.074322 -0.300240
vt 0.063149 -0.298831
vt 0.067518 -0.288629
vt 0.083014 -0.296486
vt 0.072882 -0.265065
vt 0.091588 -0.261339
vt 0.089155 -0.282457
vt 0.071207 -0.278825
vt 0.049563 -0.315336
vt 0.049409 -0.310967
vt 0.049716 -0.319879
vt 0.029649 -0.320411
vt 0.035752 -0.315209
vt 0.037000 -0.310740
vt 0.049408 -0.329282
vt 0.049562 -0.324667
vt 0.036999 -0.330104
vt 0.035752 -0.325552
vt 0.008963 -0.330215
vt 0.007920 -0.327751
vt 0.020522 -0.326609
vt 0.022900 -0.330313
vt 0.006023 -0.325267
vt 0.014044 -0.323490
vt 0.002566 -0.320263
vt 0.006660 -0.321576
vt 0.004252 -0.322768
vt 0.008493 -0.320364
vt 0.004252 -0.317848
vt 0.006662 -0.319116
vt 0.006021 -0.315429
vt 0.014042 -0.317338
vt 0.008966 -0.310560
vt 0.022905 -0.310623
vt 0.020511 -0.314301
vt 0.007913 -0.313001
vt 0.987328 -0.165409
vt 0.988713 -0.169826
vt 0.977974 -0.172023
vt 0.975328 -0.165399
vt 0.996559 0.561023
vt 0.989705 0.562568
vt 0.983632 0.559983
vt 0.994444 0.558955
vt 0.970065 -0.183053
vt 0.963643 -0.173787
vt 0.984006 -0.177547
vt 0.962465 -0.165708
vt 0.994332 -0.183087
vt 0.990526 -0.180868
vt 0.992639 -0.178666
vt 0.988941 -0.183072
vt 0.990813 -0.174245
vt 0.992639 -0.187495
vt 0.990526 -0.185282
vt 0.990813 -0.191904
vt 0.984006 -0.188583
vt 0.987327 -0.200727
vt 0.975327 -0.200716
vt 0.977974 -0.194096
vt 0.988713 -0.196314
vt 0.962464 -0.200382
vt 0.963642 -0.192305
vt 0.942896 -0.197893
vt 0.939007 -0.191651
vt 0.951242 -0.191367
vt 0.951348 -0.199400
vt 0.936893 -0.183000
vt 0.951137 -0.183027
vt 0.942897 -0.168135
vt 0.951349 -0.166658
vt 0.951243 -0.174689
vt 0.939008 -0.174360
vt 0.930156 -0.094688
vt 0.931697 -0.114558
vt 0.915394 -0.125550
vt 0.913163 -0.094640
vt 0.935066 -0.129881
vt 0.921003 -0.147458
vt 0.906740 -0.182575
vt 0.894528 -0.135418
vt 0.891850 -0.094572
vt 0.942898 -0.138376
vt 0.939008 -0.146584
vt 0.928901 -0.151343
vt 0.939009 -0.136100
vt 0.936894 -0.156972
vt 0.924379 -0.165801
vt 0.928900 -0.172436
vt 0.939008 -0.163876
vt 0.924379 -0.182969
vt 0.939007 -0.202137
vt 0.928900 -0.193529
vt 0.936892 -0.209029
vt 0.924378 -0.200138
vt 0.942895 -0.227651
vt 0.939006 -0.229912
vt 0.928899 -0.214621
vt 0.939006 -0.219427
vt 0.935063 -0.235499
vt 0.921001 -0.217482
vt 0.915391 -0.236416
vt 0.931693 -0.248969
vt 0.894525 -0.224852
vt 0.830152 -0.219386
vt 0.864434 -0.220286
vt 0.831163 -0.180818
vt 0.866455 -0.181126
vt 0.829146 -0.094375
vt 0.862418 -0.094476
vt 0.864437 -0.138631
vt 0.830155 -0.138525
vt 0.538459 -0.218170
vt 0.570635 -0.218185
vt 0.506284 -0.218162
vt 0.506285 -0.180186
vt 0.538460 -0.180194
vt 0.570636 -0.180209
vt 0.441935 -0.218170
vt 0.474109 -0.218162
vt 0.441936 -0.180194
vt 0.474111 -0.180186
vt 0.441939 -0.093957
vt 0.474114 -0.093949
vt 0.474112 -0.138097
vt 0.441938 -0.138104
vt 0.506288 -0.093949
vt 0.506287 -0.138097
vt 0.570639 -0.093972
vt 0.570637 -0.138119
vt 0.538462 -0.138104
vt 0.538463 -0.093957
vt 0.181528 -0.094299
vt 0.180425 -0.138450
vt 0.144125 -0.138546
vt 0.146330 -0.094392
vt 0.179322 -0.180742
vt 0.141921 -0.181041
vt 0.098628 -0.182481
vt 0.111821 -0.135326
vt 0.114744 -0.094482
vt 0.144123 -0.220202
vt 0.180422 -0.219310
vt 0.111818 -0.224761
vt 0.071208 -0.248869
vt 0.089157 -0.236319
vt 0.067520 -0.235397
vt 0.083017 -0.217384
vt 0.058822 -0.227548
vt 0.063151 -0.219325
vt 0.074325 -0.214521
vt 0.063151 -0.229810
vt 0.065506 -0.208927
vt 0.079309 -0.200039
vt 0.058823 -0.197790
vt 0.063152 -0.191549
vt 0.074326 -0.193428
vt 0.063152 -0.202034
vt 0.065507 -0.182899
vt 0.079310 -0.182871
vt 0.058824 -0.168031
vt 0.063153 -0.163773
vt 0.074327 -0.172336
vt 0.063153 -0.174258
vt 0.065508 -0.156870
vt 0.079311 -0.165703
vt 0.058825 -0.138273
vt 0.063154 -0.135997
vt 0.074327 -0.151244
vt 0.063154 -0.146482
vt 0.067523 -0.129779
vt 0.083019 -0.147360
vt 0.072887 -0.094587
vt 0.091593 -0.094544
vt 0.089160 -0.125454
vt 0.071212 -0.114458
vt 0.049567 -0.174584
vt 0.049414 -0.166552
vt 0.049721 -0.182921
vt 0.029680 -0.182944
vt 0.035757 -0.173680
vt 0.037005 -0.165600
vt 0.049412 -0.199295
vt 0.049567 -0.191261
vt 0.037004 -0.200274
vt 0.035757 -0.192197
vt 0.009586 -0.200614
vt 0.008191 -0.196201
vt 0.020667 -0.193985
vt 0.023403 -0.200606
vt 0.006081 -0.191790
vt 0.014051 -0.188471
vt 0.002567 -0.182970
vt 0.006679 -0.185168
vt 0.004254 -0.187380
vt 0.008570 -0.182959
vt 0.004254 -0.178550
vt 0.006679 -0.180753
vt 0.006081 -0.174131
vt 0.014051 -0.177435
vt 0.009586 -0.165297
vt 0.023404 -0.165288
vt 0.020668 -0.171912
vt 0.008191 -0.169713
vt 0.987332 0.011179
vt 0.988716 0.006762
vt 0.977979 0.004566
vt 0.975333 0.011189
vt 0.990816 0.002343
vt 0.984010 -0.000959
vt 0.970070 -0.006465
vt 0.963649 0.002801
vt 0.962471 0.010880
vt 0.994334 -0.006500
vt 0.990529 -0.004280
vt 0.992641 -0.002077
vt 0.988944 -0.006485
vt 0.992641 -0.010907
vt 0.990528 -0.008695
vt 0.990815 -0.015315
vt 0.984010 -0.011996
vt 0.987331 -0.024139
vt 0.975332 -0.024128
vt 0.977979 -0.017508
vt 0.988716 -0.019726
vt 0.962470 -0.023794
vt 0.963648 -0.015717
vt 0.942902 -0.021305
vt 0.939013 -0.015063
vt 0.951248 -0.014779
vt 0.951354 -0.022812
vt 0.936899 -0.006412
vt 0.951142 -0.006439
vt 0.942903 0.008453
vt 0.951355 0.009930
vt 0.951249 0.001899
vt 0.939013 0.002227
vt 0.930162 0.081900
vt 0.931703 0.062029
vt 0.915400 0.051037
vt 0.913169 0.081948
vt 0.935072 0.046706
vt 0.921009 0.029130
vt 0.906746 -0.006330
vt 0.894533 0.041170
vt 0.891856 0.082015
vt 0.942904 0.038211
vt 0.939014 0.030003
vt 0.928907 0.025244
vt 0.939015 0.040488
vt 0.936900 0.019616
vt 0.924385 0.010786
vt 0.928906 0.004152
vt 0.939014 0.012712
vt 0.924384 -0.006382
vt 0.939012 -0.025548
vt 0.928906 -0.016940
vt 0.936898 -0.032441
vt 0.924384 -0.023550
vt 0.942901 -0.051063
vt 0.939011 -0.053324
vt 0.928905 -0.038033
vt 0.939012 -0.042839
vt 0.935069 -0.059522
vt 0.921006 -0.041873
vt 0.915396 -0.063745
vt 0.931698 -0.074826
vt 0.894530 -0.053746
vt 0.830157 -0.050232
vt 0.864440 -0.050337
vt 0.831169 -0.006088
vt 0.866461 -0.006197
vt 0.829152 0.082213
vt 0.862424 0.082112
vt 0.864442 0.037957
vt 0.830160 0.038062
vt 0.538465 -0.049810
vt 0.570640 -0.049825
vt 0.506290 -0.049803
vt 0.506291 -0.005656
vt 0.538466 -0.005663
vt 0.570642 -0.005678
vt 0.441941 -0.049810
vt 0.474115 -0.049803
vt 0.441942 -0.005664
vt 0.474116 -0.005656
vt 0.441945 0.082631
vt 0.474119 0.082638
vt 0.474118 0.038491
vt 0.441943 0.038483
vt 0.506294 0.082638
vt 0.506293 0.038491
vt 0.570644 0.082616
vt 0.570643 0.038469
vt 0.538468 0.038483
vt 0.538469 0.082631
vt 0.181534 0.082289
vt 0.180431 0.038138
vt 0.144131 0.038041
vt 0.146336 0.082195
vt 0.179328 -0.006012
vt 0.141927 -0.006113
vt 0.098634 -0.006235
vt 0.111827 0.041261
vt 0.114750 0.082106
vt 0.144128 -0.050252
vt 0.180428 -0.050155
vt 0.111824 -0.053654
vt 0.071214 -0.074726
vt 0.089162 -0.063648
vt 0.067526 -0.059421
vt 0.083023 -0.041775
vt 0.058828 -0.050961
vt 0.063157 -0.042737
vt 0.074331 -0.037933
vt 0.063157 -0.053222
vt 0.065512 -0.032339
vt 0.079315 -0.023451
vt 0.058829 -0.021202
vt 0.063158 -0.014961
vt 0.074331 -0.016841
vt 0.063158 -0.025446
vt 0.065513 -0.006311
vt 0.079316 -0.006283
vt 0.058830 0.008556
vt 0.063159 0.012815
vt 0.074332 0.004252
vt 0.063159 0.002329
vt 0.065514 0.019717
vt 0.079316 0.010885
vt 0.058831 0.038314
vt 0.063160 0.040590
vt 0.074333 0.025344
vt 0.063160 0.030105
vt 0.067529 0.046808
vt 0.083025 0.029228
vt 0.072893 0.082000
vt 0.091599 0.082044
vt 0.089166 0.051134
vt 0.071218 0.062130
vt 0.049573 0.002004
vt 0.049419 0.010035
vt 0.049727 -0.006333
vt 0.029686 -0.006356
vt 0.035763 0.002909
vt 0.037010 0.010988
vt 0.049418 -0.022707
vt 0.049573 -0.014674
vt 0.037009 -0.023686
vt 0.035762 -0.015608
vt 0.009589 -0.024027
vt 0.008193 -0.019613
vt 0.020672 -0.017397
vt 0.023408 -0.024018
vt 0.006084 -0.015201
vt 0.014055 -0.011884
vt 0.002570 -0.006382
vt 0.006682 -0.008580
vt 0.004256 -0.010791
vt 0.008573 -0.006371
vt 0.004256 -0.001962
vt 0.006682 -0.004166
vt 0.006084 0.002457
vt 0.014055 -0.000847
vt 0.009590 0.011291
vt 0.023409 0.011300
vt 0.020673 0.004676
vt 0.008194 0.006875
vt 0.987335 0.187767
vt 0.988719 0.183350
vt 0.977984 0.181153
vt 0.975338 0.187777
vt 0.990818 0.178931
vt 0.984014 0.175629
vt 0.970076 0.170122
vt 0.963655 0.179388
vt 0.962477 0.187468
vt 0.994336 0.170088
vt 0.990531 0.172308
vt 0.992644 0.174510
vt 0.988946 0.170103
vt 0.992643 0.165681
vt 0.990531 0.167893
vt 0.990818 0.161272
vt 0.984014 0.164592
vt 0.987334 0.152449
vt 0.975338 0.152460
vt 0.977983 0.159080
vt 0.988719 0.156862
vt 0.962475 0.152794
vt 0.963654 0.160871
vt 0.942907 0.155283
vt 0.939019 0.161524
vt 0.951254 0.161809
vt 0.951360 0.153776
vt 0.936904 0.170175
vt 0.951148 0.170149
vt 0.942908 0.185041
vt 0.951361 0.186518
vt 0.951254 0.178487
vt 0.939019 0.178815
vt 0.930167 0.252118
vt 0.931708 0.236069
vt 0.915406 0.223537
vt 0.913174 0.248315
vt 0.935078 0.222658
vt 0.921014 0.204696
vt 0.906752 0.169901
vt 0.894539 0.212046
vt 0.891861 0.244324
vt 0.942909 0.214799
vt 0.939020 0.206591
vt 0.928913 0.201832
vt 0.939020 0.217076
vt 0.936905 0.196204
vt 0.924391 0.187375
vt 0.928912 0.180740
vt 0.939019 0.189300
vt 0.924390 0.170206
vt 0.939018 0.151039
vt 0.928911 0.159648
vt 0.936904 0.144147
vt 0.924390 0.153038
vt 0.942906 0.125524
vt 0.939017 0.123263
vt 0.928911 0.138555
vt 0.939018 0.133749
vt 0.935075 0.117066
vt 0.921012 0.134715
vt 0.915402 0.112843
vt 0.931704 0.101762
vt 0.894536 0.122842
vt 0.830163 0.126356
vt 0.864445 0.126250
vt 0.831174 0.168579
vt 0.866466 0.168668
vt 0.829157 0.239592
vt 0.862429 0.241477
vt 0.864448 0.207656
vt 0.830166 0.206967
vt 0.538471 0.126777
vt 0.570646 0.126763
vt 0.506296 0.126785
vt 0.506297 0.168813
vt 0.538472 0.168805
vt 0.570647 0.168790
vt 0.441946 0.126777
vt 0.474121 0.126785
vt 0.441948 0.168805
vt 0.474122 0.168813
vt 0.441950 0.238023
vt 0.474124 0.238031
vt 0.474123 0.206601
vt 0.441949 0.206594
vt 0.506299 0.238031
vt 0.506298 0.206601
vt 0.570650 0.238008
vt 0.570648 0.206578
vt 0.538473 0.206594
vt 0.538474 0.238023
vt 0.181539 0.239668
vt 0.180436 0.207042
vt 0.144136 0.207740
vt 0.146341 0.241562
vt 0.179333 0.168655
vt 0.141932 0.168753
vt 0.098639 0.169995
vt 0.111833 0.212137
vt 0.114755 0.244415
vt 0.144134 0.126335
vt 0.180434 0.126432
vt 0.111830 0.122933
vt 0.071220 0.101862
vt 0.089168 0.112940
vt 0.067531 0.117167
vt 0.083028 0.134812
vt 0.058834 0.125627
vt 0.063163 0.133850
vt 0.074337 0.138654
vt 0.063163 0.123366
vt 0.065518 0.144248
vt 0.079321 0.153137
vt 0.058835 0.155385
vt 0.063164 0.161626
vt 0.074337 0.159747
vt 0.063164 0.151142
vt 0.065519 0.170277
vt 0.079322 0.170305
vt 0.058836 0.185144
vt 0.063165 0.189402
vt 0.074338 0.180840
vt 0.063164 0.178917
vt 0.065520 0.196305
vt 0.079322 0.187473
vt 0.058837 0.214903
vt 0.063166 0.217178
vt 0.074339 0.201932
vt 0.063165 0.206693
vt 0.067535 0.222759
vt 0.083031 0.204793
vt 0.072898 0.252218
vt 0.091605 0.248411
vt 0.089171 0.223633
vt 0.071224 0.236170
vt 0.049579 0.178592
vt 0.049425 0.186623
vt 0.049733 0.170255
vt 0.029692 0.170232
vt 0.035769 0.179496
vt 0.037016 0.187576
vt 0.049424 0.153881
vt 0.049578 0.161914
vt 0.037015 0.152902
vt 0.035768 0.160979
vt 0.009592 0.152561
vt 0.008197 0.156974
vt 0.020677 0.159191
vt 0.023413 0.152570
vt 0.006086 0.161386
vt 0.014059 0.164704
vt 0.002572 0.170205
vt 0.006684 0.168008
vt 0.004258 0.165797
vt 0.008576 0.170217
vt 0.001540 0.399839
vt 0.003238 0.397771
vt 0.005681 0.398802
vt 0.006086 0.179045
vt 0.014059 0.175741
vt 0.006684 0.172422
vt 0.004258 0.174625
vt 0.008610 0.391569
vt 0.022526 0.391565
vt 0.019770 0.394665
vt 0.007204 0.393636
vt 0.020678 0.181264
vt 0.023415 0.187887
vt 0.008197 0.183463
vt 0.987960 0.316809
vt 0.989001 0.314393
vt 0.978162 0.312965
vt 0.975912 0.316570
vt 0.990880 0.312028
vt 0.984025 0.310039
vt 0.970132 0.306735
vt 0.963661 0.311619
vt 0.962484 0.316037
vt 0.994338 0.307381
vt 0.990548 0.308392
vt 0.992646 0.309696
vt 0.989023 0.307132
vt 0.992645 0.304843
vt 0.990549 0.305965
vt 0.990875 0.302317
vt 0.984020 0.303979
vt 0.987952 0.297340
vt 0.975899 0.297184
vt 0.978132 0.300853
vt 0.988982 0.299812
vt 0.962481 0.297081
vt 0.963660 0.301499
vt 0.942913 0.297225
vt 0.939024 0.300194
vt 0.951259 0.301353
vt 0.951365 0.297083
vt 0.936909 0.304541
vt 0.951154 0.305785
vt 0.942914 0.313397
vt 0.951367 0.314917
vt 0.951260 0.310433
vt 0.939024 0.309581
vt 0.926318 0.341358
vt 0.930172 0.336378
vt 0.913177 0.324463
vt 0.907597 0.331520
vt 0.934698 0.331968
vt 0.920461 0.319445
vt 0.906589 0.298793
vt 0.891864 0.311772
vt 0.885168 0.320582
vt 0.942915 0.329569
vt 0.939026 0.324664
vt 0.928918 0.320673
vt 0.939026 0.330360
vt 0.936911 0.318676
vt 0.924396 0.312050
vt 0.928917 0.309236
vt 0.939025 0.315277
vt 0.924395 0.302742
vt 0.939023 0.294498
vt 0.928916 0.297800
vt 0.936909 0.290406
vt 0.924394 0.293435
vt 0.942912 0.281052
vt 0.939023 0.279414
vt 0.928916 0.286364
vt 0.939023 0.285110
vt 0.935080 0.275167
vt 0.921017 0.282643
vt 0.915407 0.268988
vt 0.931709 0.265610
vt 0.894541 0.270871
vt 0.830168 0.264527
vt 0.864450 0.268395
vt 0.830926 0.282743
vt 0.865965 0.288544
vt 0.826636 0.303957
vt 0.857384 0.311163
vt 0.862432 0.302059
vt 0.829159 0.295214
vt 0.538475 0.260975
vt 0.570650 0.260960
vt 0.506300 0.260982
vt 0.506301 0.277264
vt 0.538476 0.277256
vt 0.570651 0.277241
vt 0.441951 0.260974
vt 0.474125 0.260982
vt 0.441952 0.277256
vt 0.474126 0.277264
vt 0.441954 0.297045
vt 0.474129 0.297051
vt 0.474127 0.288684
vt 0.441953 0.288677
vt 0.506304 0.297051
vt 0.506302 0.288684
vt 0.570654 0.297029
vt 0.570652 0.288662
vt 0.538477 0.288676
vt 0.538479 0.297044
vt 0.184296 0.304032
vt 0.181541 0.295290
vt 0.146343 0.302142
vt 0.151852 0.311246
vt 0.179613 0.282820
vt 0.142487 0.288628
vt 0.098826 0.298887
vt 0.114758 0.311863
vt 0.122062 0.320671
vt 0.144139 0.268479
vt 0.180438 0.264603
vt 0.111835 0.270963
vt 0.071225 0.265710
vt 0.089173 0.269085
vt 0.067536 0.275268
vt 0.083033 0.282741
vt 0.058839 0.281156
vt 0.063168 0.285213
vt 0.074341 0.286463
vt 0.063168 0.279517
vt 0.065522 0.290508
vt 0.079326 0.293534
vt 0.058839 0.297327
vt 0.063168 0.300296
vt 0.074342 0.297900
vt 0.063168 0.294600
vt 0.065523 0.304643
vt 0.079326 0.302842
vt 0.058839 0.313500
vt 0.063168 0.315379
vt 0.074342 0.309337
vt 0.063168 0.309683
vt 0.065522 0.318778
vt 0.079326 0.312149
vt 0.058838 0.329673
vt 0.063167 0.330463
vt 0.074342 0.320773
vt 0.063168 0.324766
vt 0.067955 0.332069
vt 0.083642 0.319543
vt 0.077085 0.341457
vt 0.097687 0.331616
vt 0.091606 0.324559
vt 0.072899 0.336478
vt 0.049582 0.310538
vt 0.049427 0.315022
vt 0.049736 0.305891
vt 0.029663 0.306845
vt 0.035771 0.311726
vt 0.037018 0.316145
vt 0.049428 0.297188
vt 0.049582 0.301458
vt 0.037019 0.297188
vt 0.035771 0.301607
vt 0.008968 0.297452
vt 0.007932 0.299925
vt 0.020544 0.300964
vt 0.022909 0.297295
vt 0.006031 0.302431
vt 0.014058 0.304090
vt 0.002573 0.307499
vt 0.006669 0.306080
vt 0.004260 0.304959
vt 0.008500 0.307246
vt 0.004259 0.309812
vt 0.006671 0.308506
vt 0.006026 0.312142
vt 0.014054 0.310151
vt 0.008961 0.316921
vt 0.022898 0.316680
vt 0.020515 0.313076
vt 0.007913 0.314506
vt 0.313239 -0.311962
vt 0.281066 -0.312002
vt 0.281065 -0.302944
vt 0.313238 -0.302902
vt 0.248866 -0.312778
vt 0.248590 -0.303689
vt 0.248397 -0.291385
vt 0.281065 -0.290741
vt 0.313238 -0.290699
vt 0.215509 -0.305834
vt 0.216612 -0.315022
vt 0.214738 -0.293223
vt 0.215511 -0.251034
vt 0.215069 -0.275406
vt 0.248591 -0.250374
vt 0.248480 -0.274149
vt 0.313239 -0.250079
vt 0.313238 -0.273655
vt 0.281066 -0.273699
vt 0.281066 -0.250123
vt 0.409760 -0.311880
vt 0.409759 -0.302816
vt 0.377586 -0.311901
vt 0.377585 -0.302838
vt 0.377585 -0.290632
vt 0.409759 -0.290610
vt 0.345412 -0.302867
vt 0.345413 -0.311928
vt 0.345411 -0.290662
vt 0.345412 -0.250042
vt 0.345412 -0.273618
vt 0.377586 -0.250013
vt 0.377585 -0.273589
vt 0.409759 -0.273566
vt 0.409760 -0.249990
vt 0.699338 -0.250124
vt 0.731515 -0.250176
vt 0.731514 -0.273751
vt 0.699337 -0.273700
vt 0.763801 -0.250434
vt 0.763901 -0.274209
vt 0.763977 -0.291446
vt 0.731513 -0.290794
vt 0.699337 -0.290743
vt 0.796710 -0.275474
vt 0.796307 -0.251102
vt 0.797012 -0.293290
vt 0.795296 -0.315090
vt 0.796306 -0.305902
vt 0.763548 -0.312838
vt 0.763800 -0.303749
vt 0.699338 -0.312007
vt 0.699337 -0.302947
vt 0.731514 -0.302997
vt 0.731514 -0.312054
vt 0.602809 -0.250013
vt 0.602808 -0.273589
vt 0.634985 -0.250043
vt 0.634984 -0.273619
vt 0.634984 -0.290662
vt 0.602808 -0.290632
vt 0.667161 -0.273656
vt 0.667161 -0.250080
vt 0.667160 -0.290700
vt 0.667162 -0.311966
vt 0.667161 -0.302904
vt 0.634985 -0.311931
vt 0.634984 -0.302868
vt 0.602808 -0.302838
vt 0.602809 -0.311903
vt 0.281067 -0.218318
vt 0.313240 -0.218274
vt 0.248482 -0.218450
vt 0.248373 -0.180415
vt 0.281069 -0.180342
vt 0.313242 -0.180298
vt 0.215071 -0.218754
vt 0.214632 -0.180541
vt 0.215516 -0.094221
vt 0.215074 -0.138370
vt 0.248596 -0.094158
vt 0.248484 -0.138305
vt 0.313244 -0.094062
vt 0.313243 -0.138209
vt 0.281070 -0.138252
vt 0.281071 -0.094105
vt 0.409761 -0.218185
vt 0.377587 -0.218208
vt 0.377588 -0.180232
vt 0.409762 -0.180209
vt 0.345414 -0.218238
vt 0.345415 -0.180262
vt 0.345418 -0.094025
vt 0.345416 -0.138172
vt 0.377591 -0.093995
vt 0.377590 -0.138142
vt 0.409763 -0.138120
vt 0.409765 -0.093972
vt 0.699343 -0.094107
vt 0.731520 -0.094158
vt 0.731518 -0.138305
vt 0.699342 -0.138253
vt 0.763806 -0.094218
vt 0.763906 -0.138365
vt 0.764005 -0.180475
vt 0.731517 -0.180395
vt 0.699340 -0.180344
vt 0.796714 -0.138438
vt 0.796312 -0.094290
vt 0.797117 -0.180609
vt 0.796712 -0.218821
vt 0.763903 -0.218511
vt 0.699339 -0.218320
vt 0.731516 -0.218371
vt 0.602814 -0.093995
vt 0.602813 -0.138142
vt 0.634990 -0.094025
vt 0.634989 -0.138172
vt 0.634987 -0.180262
vt 0.602811 -0.180232
vt 0.667165 -0.138210
vt 0.667166 -0.094062
vt 0.667164 -0.180300
vt 0.667162 -0.218275
vt 0.634986 -0.218238
vt 0.602810 -0.218208
vt 0.281073 -0.049958
vt 0.313246 -0.049915
vt 0.248487 -0.050011
vt 0.248379 -0.005865
vt 0.281074 -0.005811
vt 0.313247 -0.005768
vt 0.215077 -0.050076
vt 0.214637 -0.005930
vt 0.215522 0.082366
vt 0.215080 0.038218
vt 0.248602 0.082430
vt 0.248490 0.038283
vt 0.313250 0.082526
vt 0.313249 0.038379
vt 0.281076 0.038336
vt 0.281077 0.082483
vt 0.409766 -0.049825
vt 0.377593 -0.049848
vt 0.377594 -0.005701
vt 0.409768 -0.005679
vt 0.345419 -0.049878
vt 0.345421 -0.005731
vt 0.345424 0.082563
vt 0.345422 0.038416
vt 0.377597 0.082592
vt 0.377595 0.038446
vt 0.409769 0.038469
vt 0.409771 0.082615
vt 0.699349 0.082481
vt 0.731526 0.082430
vt 0.731524 0.038283
vt 0.699347 0.038334
vt 0.763812 0.082370
vt 0.763911 0.038222
vt 0.764011 -0.005925
vt 0.731523 -0.005864
vt 0.699346 -0.005813
vt 0.796720 0.038150
vt 0.796318 0.082298
vt 0.797123 -0.005999
vt 0.796717 -0.050144
vt 0.763909 -0.050071
vt 0.699344 -0.049960
vt 0.731521 -0.050011
vt 0.602820 0.082593
vt 0.602819 0.038446
vt 0.634996 0.082562
vt 0.634995 0.038416
vt 0.634993 -0.005731
vt 0.602817 -0.005701
vt 0.667171 0.038378
vt 0.667172 0.082525
vt 0.667169 -0.005769
vt 0.667168 -0.049916
vt 0.634992 -0.049879
vt 0.602816 -0.049848
vt 0.281079 0.126629
vt 0.313252 0.126673
vt 0.248493 0.126576
vt 0.248384 0.168624
vt 0.281080 0.168657
vt 0.313253 0.168700
vt 0.215082 0.126511
vt 0.214643 0.168617
vt 0.215527 0.238553
vt 0.215085 0.206645
vt 0.248607 0.238021
vt 0.248496 0.206472
vt 0.313255 0.237918
vt 0.313254 0.206489
vt 0.281081 0.206445
vt 0.281082 0.237875
vt 0.409772 0.126763
vt 0.377599 0.126740
vt 0.377600 0.168767
vt 0.409774 0.168790
vt 0.345425 0.126709
vt 0.345426 0.168738
vt 0.345429 0.237955
vt 0.345428 0.206525
vt 0.377602 0.237985
vt 0.377601 0.206556
vt 0.409775 0.206578
vt 0.409776 0.238008
vt 0.699354 0.237873
vt 0.731531 0.237822
vt 0.731530 0.206392
vt 0.699353 0.206444
vt 0.763817 0.237961
vt 0.763917 0.206412
vt 0.764017 0.168564
vt 0.731528 0.168604
vt 0.699352 0.168655
vt 0.796726 0.206577
vt 0.796323 0.238486
vt 0.797128 0.168549
vt 0.796723 0.126444
vt 0.763914 0.126517
vt 0.699350 0.126628
vt 0.731527 0.126577
vt 0.602825 0.237985
vt 0.602824 0.206556
vt 0.635001 0.237955
vt 0.635000 0.206525
vt 0.634999 0.168737
vt 0.602823 0.168767
vt 0.667176 0.206488
vt 0.667177 0.237917
vt 0.667175 0.168699
vt 0.667174 0.126672
vt 0.634997 0.126709
vt 0.602822 0.126740
vt 0.281083 0.260826
vt 0.313256 0.260869
vt 0.248498 0.261171
vt 0.248416 0.277647
vt 0.281084 0.277110
vt 0.313257 0.277153
vt 0.215087 0.262299
vt 0.214757 0.279355
vt 0.216632 0.299723
vt 0.215529 0.291199
vt 0.248886 0.297592
vt 0.248609 0.289177
vt 0.313259 0.296949
vt 0.313258 0.288576
vt 0.281085 0.288534
vt 0.281086 0.296910
vt 0.409777 0.260959
vt 0.377603 0.260936
vt 0.377603 0.277218
vt 0.409777 0.277241
vt 0.345429 0.260906
vt 0.345430 0.277189
vt 0.345433 0.296983
vt 0.345431 0.288612
vt 0.377606 0.297010
vt 0.377605 0.288640
vt 0.409779 0.288662
vt 0.409780 0.297031
vt 0.699358 0.296904
vt 0.731534 0.296857
vt 0.731533 0.288481
vt 0.699356 0.288531
vt 0.763568 0.297531
vt 0.763819 0.289117
vt 0.763995 0.277587
vt 0.731532 0.277057
vt 0.699355 0.277108
vt 0.796325 0.291131
vt 0.795316 0.299655
vt 0.797031 0.279287
vt 0.796728 0.262230
vt 0.763919 0.261110
vt 0.699355 0.260825
vt 0.731531 0.260774
vt 0.602829 0.297009
vt 0.602828 0.288640
vt 0.635005 0.296980
vt 0.635004 0.288610
vt 0.635003 0.277189
vt 0.602827 0.277218
vt 0.667180 0.288574
vt 0.667181 0.296945
vt 0.667179 0.277151
vt 0.667178 0.260869
vt 0.635002 0.260906
vt 0.602826 0.260936
vt 0.987939 -0.349983
vt 0.988984 -0.352414
vt 0.978137 -0.353781
vt 0.975877 -0.350114
vt 0.990869 -0.354818
vt 0.984010 -0.356784
vt 0.969303 -0.359285
vt 0.963638 -0.353863
vt 0.962460 -0.349576
vt 0.994330 -0.359580
vt 0.990538 -0.358503
vt 0.992637 -0.357204
vt 0.988735 -0.359735
vt 0.991013 -0.361799
vt 0.989589 -0.360833
vt 0.985211 -0.363917
vt 0.980009 -0.362449
vt 0.972129 -0.367058
vt 0.965558 -0.367094
vt 0.970646 -0.364792
vt 0.977970 -0.365832
vt 0.956401 -0.366055
vt 0.960399 -0.362896
vt 0.946621 -0.359164
vt 0.942951 -0.363179
vt 0.949977 -0.354842
vt 0.951344 -0.347701
vt 0.951238 -0.351378
vt 0.988983 -0.332764
vt 0.978135 -0.334096
vt 0.990869 -0.335181
vt 0.984010 -0.337117
vt 0.970103 -0.339985
vt 0.963638 -0.334590
vt 0.994330 -0.339980
vt 0.990538 -0.338867
vt 0.992637 -0.337584
vt 0.989010 -0.340123
vt 0.992637 -0.342504
vt 0.990540 -0.341327
vt 0.990866 -0.345019
vt 0.984007 -0.343269
vt 0.978117 -0.346404
vt 0.988972 -0.347514
vt 0.963638 -0.344933
vt 0.951238 -0.342740
vt 0.951132 -0.337606
vt 0.951238 -0.333410
vt 0.951239 -0.288836
vt 0.951345 -0.292759
vt 0.950346 -0.284050
vt 0.969980 -0.281440
vt 0.963639 -0.287114
vt 0.962461 -0.291484
vt 0.946623 -0.267405
vt 0.948091 -0.276747
vt 0.961281 -0.268681
vt 0.962853 -0.275410
vt 0.987827 -0.270134
vt 0.988953 -0.273323
vt 0.978098 -0.274308
vt 0.975720 -0.269518
vt 0.990865 -0.276145
vt 0.984008 -0.277933
vt 0.994331 -0.281181
vt 0.990540 -0.279957
vt 0.992638 -0.278724
vt 0.989009 -0.281189
vt 0.992638 -0.283644
vt 0.990540 -0.282417
vt 0.990868 -0.286106
vt 0.984009 -0.284269
vt 0.987931 -0.291017
vt 0.975863 -0.291042
vt 0.978126 -0.287349
vt 0.988977 -0.288563
vt 0.951239 -0.306804
vt 0.951133 -0.302362
vt 0.970107 -0.301056
vt 0.963639 -0.306387
vt 0.951239 -0.297473
vt 0.963639 -0.296044
vt 0.988980 -0.293464
vt 0.978130 -0.294726
vt 0.990868 -0.295905
vt 0.984009 -0.297783
vt 0.994331 -0.300781
vt 0.990539 -0.299594
vt 0.992638 -0.298344
vt 0.989009 -0.300834
vt 0.994331 -0.300781
vt 0.992638 -0.303264
vt 0.990540 -0.302054
vt 0.990867 -0.305743
vt 0.984008 -0.303935
vt 0.978123 -0.307035
vt 0.988976 -0.308214
vt 0.987327 -0.236044
vt 0.988712 -0.240461
vt 0.977973 -0.242658
vt 0.975326 -0.236033
vt 0.990812 -0.244880
vt 0.984005 -0.248182
vt 0.969957 -0.252794
vt 0.963641 -0.242828
vt 0.962463 -0.235055
vt 0.994331 -0.253723
vt 0.990525 -0.251503
vt 0.992638 -0.249301
vt 0.988940 -0.253708
vt 0.992638 -0.258131
vt 0.990525 -0.255918
vt 0.990816 -0.262416
vt 0.984007 -0.259035
vt 0.978019 -0.263998
vt 0.988752 -0.266458
vt 0.962853 -0.260895
vt 0.948092 -0.256507
vt 0.950347 -0.246279
vt 0.951347 -0.232142
vt 0.951241 -0.238947
vt 0.988712 -0.205143
vt 0.977973 -0.207340
vt 0.990813 -0.209562
vt 0.984006 -0.212864
vt 0.970075 -0.217948
vt 0.963642 -0.208308
vt 0.994332 -0.218405
vt 0.990526 -0.216186
vt 0.992639 -0.213983
vt 0.988940 -0.218390
vt 0.996558 0.577550
vt 0.998397 0.579618
vt 0.996269 0.580649
vt 0.989705 0.579095
vt 0.992639 -0.222813
vt 0.990525 -0.220600
vt 0.990812 -0.227221
vt 0.984006 -0.223901
vt 0.977973 -0.229413
vt 0.988712 -0.231631
vt 0.963641 -0.226825
vt 0.951241 -0.223496
vt 0.951136 -0.214543
vt 0.951242 -0.206818
vt 0.951244 -0.127108
vt 0.951350 -0.133915
vt 0.950351 -0.119380
vt 0.969959 -0.113195
vt 0.963645 -0.123264
vt 0.962466 -0.131034
vt 0.946629 -0.094723
vt 0.948097 -0.107970
vt 0.961287 -0.094747
vt 0.962858 -0.104131
vt 0.987329 -0.094774
vt 0.988714 -0.099190
vt 0.977976 -0.101387
vt 0.975330 -0.094763
vt 0.990814 -0.103609
vt 0.984008 -0.106911
vt 0.994333 -0.112452
vt 0.990527 -0.110233
vt 0.992640 -0.108030
vt 0.988942 -0.112437
vt 0.992640 -0.116860
vt 0.990527 -0.114647
vt 0.990814 -0.121268
vt 0.984008 -0.117948
vt 0.987329 -0.130092
vt 0.975329 -0.130081
vt 0.977976 -0.123461
vt 0.988714 -0.125679
vt 0.951243 -0.159238
vt 0.951138 -0.151511
vt 0.970077 -0.148158
vt 0.963644 -0.157784
vt 0.951244 -0.142560
vt 0.963644 -0.139267
vt 0.988714 -0.134508
vt 0.977975 -0.136705
vt 0.990814 -0.138927
vt 0.984007 -0.142229
vt 0.994332 -0.147770
vt 0.990527 -0.145550
vt 0.992640 -0.143348
vt 0.988941 -0.147755
vt 0.992640 -0.152178
vt 0.990527 -0.149965
vt 0.990813 -0.156586
vt 0.984007 -0.153266
vt 0.977975 -0.158778
vt 0.988713 -0.160996
vt 0.987330 -0.059456
vt 0.988715 -0.063873
vt 0.977977 -0.066069
vt 0.975331 -0.059446
vt 0.990815 -0.068292
vt 0.984009 -0.071594
vt 0.969960 -0.076324
vt 0.963647 -0.066240
vt 0.962469 -0.058467
vt 0.994333 -0.077135
vt 0.990528 -0.074915
vt 0.992640 -0.072713
vt 0.988942 -0.077120
vt 0.992640 -0.081542
vt 0.990527 -0.079329
vt 0.990814 -0.085951
vt 0.984008 -0.082631
vt 0.977977 -0.088143
vt 0.988714 -0.090361
vt 0.962859 -0.085369
vt 0.948097 -0.081482
vt 0.950353 -0.070082
vt 0.951353 -0.055555
vt 0.951247 -0.062359
vt 0.988716 -0.028556
vt 0.977978 -0.030752
vt 0.990815 -0.032974
vt 0.984010 -0.036276
vt 0.970080 -0.041361
vt 0.963648 -0.031720
vt 0.994334 -0.041817
vt 0.990528 -0.039597
vt 0.992641 -0.037395
vt 0.988943 -0.041803
vt 0.992641 -0.046225
vt 0.990528 -0.044012
vt 0.990815 -0.050633
vt 0.984009 -0.047313
vt 0.977978 -0.052826
vt 0.988715 -0.055043
vt 0.963647 -0.050237
vt 0.951247 -0.046908
vt 0.951141 -0.037955
vt 0.951248 -0.030230
vt 0.951250 0.049480
vt 0.951356 0.042673
vt 0.950357 0.057208
vt 0.969964 0.063394
vt 0.963650 0.053324
vt 0.962472 0.045554
vt 0.946635 0.081865
vt 0.948102 0.068618
vt 0.961293 0.081840
vt 0.962864 0.072457
vt 0.987333 0.081814
vt 0.988717 0.077397
vt 0.977981 0.075200
vt 0.975335 0.081825
vt 0.990817 0.072978
vt 0.984012 0.069676
vt 0.994335 0.064135
vt 0.990530 0.066355
vt 0.992642 0.068557
vt 0.988945 0.064150
vt 0.992642 0.059728
vt 0.990529 0.061940
vt 0.990816 0.055319
vt 0.984011 0.058640
vt 1.000105 0.449474
vt 0.996273 0.450501
vt 0.994677 0.449467
vt 0.987332 0.046496
vt 0.975334 0.046507
vt 0.977980 0.053127
vt 0.988717 0.050909
vt 0.951249 0.017350
vt 0.951143 0.025077
vt 0.970082 0.028430
vt 0.963649 0.018804
vt 0.951250 0.034028
vt 0.963650 0.037321
vt 0.988717 0.042080
vt 0.977980 0.039883
vt 0.990816 0.037661
vt 0.984011 0.034359
vt 0.994335 0.028818
vt 0.990529 0.031038
vt 0.992642 0.033240
vt 0.988944 0.028832
vt 0.992642 0.024410
vt 0.990529 0.026623
vt 0.990816 0.020002
vt 0.984011 0.023322
vt 0.977979 0.017810
vt 0.988716 0.015592
vt 0.987334 0.117131
vt 0.988718 0.112715
vt 0.977982 0.110518
vt 0.975337 0.117142
vt 0.990817 0.108295
vt 0.984012 0.104993
vt 0.969966 0.100264
vt 0.963652 0.110347
vt 0.962474 0.118120
vt 0.994336 0.099453
vt 0.990530 0.101673
vt 0.992643 0.103875
vt 0.988945 0.099468
vt 0.992643 0.095045
vt 0.990530 0.097258
vt 0.990817 0.090637
vt 0.984012 0.093957
vt 0.977981 0.088445
vt 0.988717 0.086227
vt 0.962865 0.091219
vt 0.948103 0.095106
vt 0.950359 0.106506
vt 0.951359 0.121033
vt 0.951252 0.114228
vt 0.988719 0.148032
vt 0.977983 0.145836
vt 0.990818 0.143614
vt 0.984013 0.140311
vt 0.970086 0.135227
vt 0.963653 0.144868
vt 0.994336 0.134771
vt 0.990530 0.136990
vt 0.992643 0.139192
vt 0.988946 0.134785
vt 0.992643 0.130363
vt 0.990530 0.132576
vt 0.990817 0.125955
vt 0.984013 0.129275
vt 0.977982 0.123762
vt 0.988718 0.121545
vt 0.963653 0.126350
vt 0.951253 0.129680
vt 0.951147 0.138633
vt 0.951253 0.146358
vt 0.951256 0.226067
vt 0.951362 0.219260
vt 0.950363 0.233391
vt 0.969972 0.239860
vt 0.963656 0.229912
vt 0.962478 0.222142
vt 0.946640 0.254402
vt 0.948108 0.243585
vt 0.961298 0.255702
vt 0.962870 0.247954
vt 0.987836 0.257174
vt 0.988761 0.253494
vt 0.978033 0.251044
vt 0.975733 0.256551
vt 0.990824 0.249444
vt 0.984018 0.246078
vt 0.994337 0.240724
vt 0.990532 0.242943
vt 0.992644 0.245145
vt 0.988948 0.240738
vt 0.992644 0.236316
vt 0.990532 0.238528
vt 0.990819 0.231907
vt 0.984015 0.235227
vt 0.987336 0.223084
vt 0.975340 0.223095
vt 0.977985 0.229715
vt 0.988720 0.227497
vt 0.951255 0.193938
vt 0.951149 0.201666
vt 0.970088 0.205018
vt 0.963655 0.195391
vt 0.951256 0.210616
vt 0.963656 0.213909
vt 0.988720 0.218668
vt 0.977985 0.216471
vt 0.990819 0.214248
vt 0.984015 0.210946
vt 0.994337 0.205406
vt 0.990532 0.207625
vt 0.992644 0.209827
vt 0.988947 0.205421
vt 0.992644 0.200998
vt 0.990531 0.203211
vt 0.990818 0.196590
vt 0.984014 0.199910
vt 0.977984 0.194398
vt 0.988719 0.192180
vt 0.987945 0.277870
vt 0.988991 0.275431
vt 0.978147 0.274166
vt 0.975886 0.277798
vt 0.990877 0.273007
vt 0.984022 0.271156
vt 0.969995 0.268318
vt 0.963658 0.273848
vt 0.962480 0.278125
vt 0.994338 0.268182
vt 0.990547 0.269364
vt 0.992645 0.270591
vt 0.989019 0.268144
vt 0.992645 0.265739
vt 0.990548 0.266938
vt 0.990873 0.263173
vt 0.984019 0.264909
vt 0.978109 0.261310
vt 0.988962 0.260359
vt 0.962870 0.262356
vt 0.948109 0.263594
vt 0.950364 0.270740
vt 0.951364 0.279250
vt 0.951258 0.275419
vt 0.988996 0.294912
vt 0.978155 0.293566
vt 0.990878 0.292517
vt 0.984023 0.290597
vt 0.970124 0.287603
vt 0.963659 0.292732
vt 0.994338 0.287782
vt 0.990547 0.288878
vt 0.992645 0.290144
vt 0.989021 0.287638
vt 0.992645 0.285291
vt 0.990549 0.286451
vt 0.990875 0.282806
vt 0.984020 0.284537
vt 0.978136 0.281454
vt 0.988984 0.280331
vt 0.963658 0.282613
vt 0.951258 0.283847
vt 0.951152 0.288606
vt 0.951259 0.292927
vt 0.951263 0.336366
vt 0.951369 0.332750
vt 0.950003 0.339724
vt 0.969495 0.344800
vt 0.963689 0.339270
vt 0.962486 0.334993
vt 0.942978 0.347469
vt 0.946647 0.343764
vt 0.956431 0.350780
vt 0.960427 0.347933
vt 0.973321 0.352452
vt 0.979232 0.351479
vt 0.971661 0.350193
vt 0.966040 0.352217
vt 0.985304 0.350102
vt 0.979906 0.348353
vt 0.991257 0.348235
vt 0.991324 0.347341
vt 0.987474 0.347542
vt 0.989533 0.348968
vt 0.991405 0.346352
vt 0.986532 0.345983
vt 0.993281 0.344935
vt 0.992224 0.343290
vt 0.989347 0.344594
vt 0.992208 0.345587
vt 0.990868 0.341174
vt 0.983968 0.342763
vt 0.988302 0.336278
vt 0.976604 0.335955
vt 0.978889 0.339652
vt 0.989285 0.338774
vt 0.951261 0.318859
vt 0.951155 0.322965
vt 0.970138 0.325868
vt 0.963662 0.320384
vt 0.951262 0.327939
vt 0.963664 0.330504
vt 0.989007 0.333874
vt 0.978297 0.332365
vt 0.990882 0.331538
vt 0.984027 0.329481
vt 0.994338 0.326981
vt 0.990548 0.327904
vt 0.992646 0.329249
vt 0.989025 0.326626
vt 0.992646 0.324396
vt 0.990550 0.325478
vt 0.990875 0.321828
vt 0.984021 0.323421
vt 0.978128 0.320253
vt 0.988980 0.319293
vt 0.049561 -0.351273
vt 0.049407 -0.347595
vt 0.050981 -0.354737
vt 0.030438 -0.359175
vt 0.035750 -0.353755
vt 0.036998 -0.349468
vt 0.058590 -0.363076
vt 0.054626 -0.359059
vt 0.043594 -0.365949
vt 0.039294 -0.362789
vt 0.026799 -0.366949
vt 0.020449 -0.365721
vt 0.028681 -0.364682
vt 0.033424 -0.366985
vt 0.012429 -0.363804
vt 0.018649 -0.362338
vt 0.002565 -0.359463
vt 0.007764 -0.360719
vt 0.006050 -0.361685
vt 0.008817 -0.359622
vt 0.004252 -0.357088
vt 0.006661 -0.358388
vt 0.006019 -0.354704
vt 0.014040 -0.356672
vt 0.008959 -0.349871
vt 0.022894 -0.350004
vt 0.020504 -0.353670
vt 0.007909 -0.352301
vt 0.049562 -0.333304
vt 0.049716 -0.337501
vt 0.029649 -0.339875
vt 0.035751 -0.334482
vt 0.049562 -0.342634
vt 0.035751 -0.344825
vt 0.007921 -0.347401
vt 0.020523 -0.346294
vt 0.006023 -0.344905
vt 0.014044 -0.343157
vt 0.002566 -0.339863
vt 0.006660 -0.341212
vt 0.004252 -0.342389
vt 0.008492 -0.340009
vt 0.002566 -0.339863
vt 0.004252 -0.337468
vt 0.006661 -0.338752
vt 0.006020 -0.335067
vt 0.014042 -0.337005
vt 0.020507 -0.333985
vt 0.007911 -0.332651
vt 0.008969 -0.290905
vt 0.007918 -0.288451
vt 0.020519 -0.287239
vt 0.022910 -0.290932
vt 0.006023 -0.285992
vt 0.014044 -0.284157
vt 0.029777 -0.281330
vt 0.035753 -0.287006
vt 0.037000 -0.291376
vt 0.002566 -0.281063
vt 0.006661 -0.282303
vt 0.004253 -0.283529
vt 0.008496 -0.281075
vt 0.004253 -0.278609
vt 0.006662 -0.279843
vt 0.006025 -0.276031
vt 0.014045 -0.277821
vt 0.009075 -0.270022
vt 0.023042 -0.269407
vt 0.020546 -0.274197
vt 0.007943 -0.273210
vt 0.038306 -0.268574
vt 0.036624 -0.275302
vt 0.053044 -0.276642
vt 0.054630 -0.267301
vt 0.050588 -0.283945
vt 0.049410 -0.292653
vt 0.049564 -0.288731
vt 0.007919 -0.308101
vt 0.020520 -0.306924
vt 0.006023 -0.305629
vt 0.014044 -0.303823
vt 0.029648 -0.300946
vt 0.035753 -0.306279
vt 0.002566 -0.300664
vt 0.006661 -0.301939
vt 0.004252 -0.303148
vt 0.008494 -0.300720
vt 0.004252 -0.298229
vt 0.006662 -0.299479
vt 0.006022 -0.295791
vt 0.014043 -0.297671
vt 0.020514 -0.294615
vt 0.007915 -0.293351
vt 0.035753 -0.295936
vt 0.049563 -0.297369
vt 0.049717 -0.302257
vt 0.049563 -0.306699
vt 0.049565 -0.238842
vt 0.049412 -0.232037
vt 0.050589 -0.246174
vt 0.029793 -0.252684
vt 0.035755 -0.242720
vt 0.037002 -0.234948
vt 0.053044 -0.256403
vt 0.036624 -0.260787
vt 0.008148 -0.266345
vt 0.020621 -0.263887
vt 0.006076 -0.262302
vt 0.014047 -0.258923
vt 0.002567 -0.253605
vt 0.006678 -0.255803
vt 0.004253 -0.258014
vt 0.008569 -0.253594
vt 0.004253 -0.249186
vt 0.006678 -0.251389
vt 0.006081 -0.244766
vt 0.014050 -0.248070
vt 0.009585 -0.235932
vt 0.023402 -0.235923
vt 0.020666 -0.242547
vt 0.008190 -0.240348
vt 0.049566 -0.206713
vt 0.049720 -0.214437
vt 0.029673 -0.217839
vt 0.035756 -0.208200
vt 0.049566 -0.223390
vt 0.035755 -0.226717
vt 0.008190 -0.231519
vt 0.020666 -0.229303
vt 0.006081 -0.227107
vt 0.014050 -0.223789
vt 0.002567 -0.218288
vt 0.006679 -0.220486
vt 0.004254 -0.222697
vt 0.008570 -0.218276
vt 0.004254 -0.213867
vt 0.006679 -0.216071
vt 0.006081 -0.209448
vt 0.014051 -0.212752
vt 0.020667 -0.207229
vt 0.008190 -0.205030
vt 0.009587 -0.129979
vt 0.008192 -0.125566
vt 0.020669 -0.123350
vt 0.023405 -0.129971
vt 0.006082 -0.121154
vt 0.014053 -0.117836
vt 0.029799 -0.113085
vt 0.035759 -0.123155
vt 0.037006 -0.130926
vt 0.002568 -0.112335
vt 0.006680 -0.114533
vt 0.004255 -0.116744
vt 0.008572 -0.112324
vt 0.004255 -0.107915
vt 0.006680 -0.110118
vt 0.006082 -0.103496
vt 0.014053 -0.106799
vt 0.009588 -0.094661
vt 0.023406 -0.094653
vt 0.020670 -0.101277
vt 0.008192 -0.099077
vt 0.038312 -0.094640
vt 0.036629 -0.104023
vt 0.053049 -0.107865
vt 0.054635 -0.094619
vt 0.050593 -0.119275
vt 0.049415 -0.133810
vt 0.049569 -0.127003
vt 0.008191 -0.160883
vt 0.020668 -0.158667
vt 0.006082 -0.156472
vt 0.014052 -0.153154
vt 0.029675 -0.148048
vt 0.035758 -0.157676
vt 0.002568 -0.147652
vt 0.006680 -0.149850
vt 0.004254 -0.152062
vt 0.008571 -0.147641
vt 0.004254 -0.143232
vt 0.006680 -0.145436
vt 0.006082 -0.138813
vt 0.014052 -0.142117
vt 0.020669 -0.136594
vt 0.008192 -0.134395
vt 0.035758 -0.139159
vt 0.049569 -0.142455
vt 0.049722 -0.151405
vt 0.049568 -0.159133
vt 0.049571 -0.062254
vt 0.049417 -0.055450
vt 0.050595 -0.069977
vt 0.029800 -0.076214
vt 0.035761 -0.066132
vt 0.037008 -0.058360
vt 0.053050 -0.081378
vt 0.036630 -0.085261
vt 0.008192 -0.090248
vt 0.020670 -0.088032
vt 0.006083 -0.085837
vt 0.014053 -0.082519
vt 0.002569 -0.077018
vt 0.006681 -0.079215
vt 0.004255 -0.081427
vt 0.008572 -0.077006
vt 0.004255 -0.072597
vt 0.006681 -0.074800
vt 0.006083 -0.068178
vt 0.014054 -0.071482
vt 0.009588 -0.059344
vt 0.023407 -0.059336
vt 0.020671 -0.065959
vt 0.008193 -0.063760
vt 0.049572 -0.030125
vt 0.049726 -0.037850
vt 0.029678 -0.041251
vt 0.035762 -0.031612
vt 0.049572 -0.046803
vt 0.035761 -0.050129
vt 0.008193 -0.054930
vt 0.020671 -0.052715
vt 0.006083 -0.050519
vt 0.014054 -0.047201
vt 0.002569 -0.041700
vt 0.006681 -0.043898
vt 0.004256 -0.046109
vt 0.008573 -0.041689
vt 0.004256 -0.037279
vt 0.006681 -0.039483
vt 0.006083 -0.032860
vt 0.014055 -0.036165
vt 0.020672 -0.030642
vt 0.008193 -0.028442
vt 0.009590 0.046608
vt 0.008195 0.051022
vt 0.020674 0.053238
vt 0.023410 0.046617
vt 0.006085 0.055433
vt 0.014057 0.058751
vt 0.029805 0.063503
vt 0.035765 0.053432
vt 0.037012 0.045662
vt 0.002570 0.064253
vt 0.006683 0.062055
vt 0.004257 0.059844
vt 0.008574 0.064264
vt 0.004257 0.068673
vt 0.006683 0.066470
vt 0.006085 0.073092
vt 0.014057 0.069788
vt 0.009591 0.081926
vt 0.023411 0.081934
vt 0.020675 0.075311
vt 0.008195 0.077510
vt 0.038318 0.081947
vt 0.036635 0.072565
vt 0.053055 0.068722
vt 0.054641 0.081969
vt 0.050599 0.057313
vt 0.049421 0.042778
vt 0.049575 0.049584
vt 0.008194 0.015704
vt 0.020673 0.017920
vt 0.006084 0.020116
vt 0.014056 0.023434
vt 0.029680 0.028539
vt 0.035763 0.018912
vt 0.002570 0.028935
vt 0.006682 0.026737
vt 0.004257 0.024526
vt 0.008574 0.028947
vt 0.004257 0.033355
vt 0.006682 0.031152
vt 0.006084 0.037775
vt 0.014056 0.034470
vt 0.020674 0.039993
vt 0.008195 0.042193
vt 0.035764 0.037429
vt 0.049574 0.034133
vt 0.049728 0.025183
vt 0.049574 0.017456
vt 0.049577 0.114334
vt 0.049423 0.121139
vt 0.050601 0.106611
vt 0.029806 0.100374
vt 0.035767 0.110456
vt 0.037014 0.118228
vt 0.053056 0.095211
vt 0.036636 0.091327
vt 0.008195 0.086340
vt 0.020675 0.088555
vt 0.006085 0.090751
vt 0.014057 0.094069
vt 0.002571 0.099571
vt 0.006683 0.097372
vt 0.004257 0.095161
vt 0.008575 0.099582
vt 0.004258 0.103990
vt 0.006683 0.101787
vt 0.006085 0.108410
vt 0.014058 0.105106
vt 0.009592 0.117244
vt 0.023413 0.117252
vt 0.020676 0.110629
vt 0.008196 0.112828
vt 0.049578 0.146463
vt 0.049732 0.138739
vt 0.029684 0.135337
vt 0.035768 0.144976
vt 0.049577 0.129785
vt 0.035767 0.126459
vt 0.008196 0.121657
vt 0.020676 0.123873
vt 0.006085 0.126069
vt 0.014058 0.129387
vt 0.002571 0.134888
vt 0.006684 0.132690
vt 0.004258 0.130478
vt 0.008576 0.134900
vt 0.004258 0.139308
vt 0.006684 0.137105
vt 0.006086 0.143727
vt 0.014058 0.140423
vt 0.020677 0.145946
vt 0.008196 0.148146
vt 0.009594 0.223197
vt 0.008198 0.227610
vt 0.020679 0.229825
vt 0.023416 0.223205
vt 0.006087 0.232021
vt 0.014060 0.235339
vt 0.029809 0.239970
vt 0.035770 0.230020
vt 0.037017 0.222249
vt 0.002573 0.240841
vt 0.006685 0.238642
vt 0.004259 0.236431
vt 0.008577 0.240852
vt 0.004259 0.245261
vt 0.006685 0.243058
vt 0.006083 0.249557
vt 0.014059 0.246190
vt 0.009085 0.257286
vt 0.023060 0.256661
vt 0.020635 0.251154
vt 0.008156 0.253607
vt 0.038323 0.255810
vt 0.036641 0.248063
vt 0.053061 0.243690
vt 0.054647 0.254507
vt 0.050605 0.233496
vt 0.049426 0.219366
vt 0.049581 0.226173
vt 0.009593 0.187878
vt 0.008197 0.192293
vt 0.020678 0.194508
vt 0.006087 0.196704
vt 0.014060 0.200022
vt 0.029686 0.205128
vt 0.035769 0.195499
vt 0.002572 0.205523
vt 0.006685 0.203325
vt 0.004259 0.201114
vt 0.008577 0.205534
vt 0.004259 0.209944
vt 0.006685 0.207740
vt 0.006087 0.214363
vt 0.014060 0.211059
vt 0.020679 0.216582
vt 0.008197 0.218781
vt 0.035770 0.214017
vt 0.049580 0.210721
vt 0.049734 0.201770
vt 0.049580 0.194043
vt 0.049582 0.275525
vt 0.049428 0.279355
vt 0.050606 0.270845
vt 0.029796 0.268428
vt 0.035772 0.273956
vt 0.037019 0.278233
vt 0.053061 0.263698
vt 0.036641 0.262464
vt 0.007952 0.260472
vt 0.020563 0.261420
vt 0.006032 0.263286
vt 0.014058 0.265021
vt 0.002573 0.268300
vt 0.006669 0.267052
vt 0.004259 0.265855
vt 0.008503 0.268258
vt 0.004259 0.270708
vt 0.006669 0.269479
vt 0.006029 0.273120
vt 0.014056 0.271268
vt 0.008976 0.277983
vt 0.022920 0.277908
vt 0.020527 0.274277
vt 0.007922 0.275544
vt 0.049582 0.293032
vt 0.049736 0.288711
vt 0.029667 0.287713
vt 0.035772 0.292841
vt 0.049582 0.283952
vt 0.035772 0.282721
vt 0.007929 0.280444
vt 0.020539 0.281564
vt 0.006031 0.282920
vt 0.014058 0.284649
vt 0.002573 0.287899
vt 0.006669 0.286566
vt 0.004260 0.285407
vt 0.008502 0.287752
vt 0.004259 0.290260
vt 0.006670 0.288992
vt 0.006028 0.292631
vt 0.014055 0.290709
vt 0.020522 0.293677
vt 0.007918 0.295025
vt 0.008952 0.336391
vt 0.007937 0.338887
vt 0.020552 0.339763
vt 0.022885 0.336066
vt 0.006032 0.341452
vt 0.014058 0.342974
vt 0.030451 0.344919
vt 0.035769 0.339378
vt 0.037016 0.335101
vt 0.002574 0.346699
vt 0.006667 0.345106
vt 0.004259 0.344064
vt 0.002574 0.346698
vt 0.008817 0.346181
vt 0.006048 0.348394
vt 0.007760 0.347324
vt 0.012383 0.350042
vt 0.018613 0.348381
vt 0.026734 0.352562
vt 0.033440 0.352325
vt 0.028651 0.350303
vt 0.020370 0.351590
vt 0.043612 0.350887
vt 0.039312 0.348040
vt 0.054646 0.343868
vt 0.058610 0.347572
vt 0.051001 0.339830
vt 0.049427 0.332855
vt 0.049581 0.336471
vt 0.007935 0.319406
vt 0.020548 0.320363
vt 0.006032 0.321942
vt 0.014059 0.323532
vt 0.029660 0.325978
vt 0.035771 0.320493
vt 0.002574 0.327098
vt 0.006668 0.325593
vt 0.004260 0.324512
vt 0.008499 0.326740
vt 0.004259 0.329364
vt 0.006671 0.328018
vt 0.006025 0.331652
vt 0.014052 0.329593
vt 0.020508 0.332476
vt 0.007908 0.333987
vt 0.035770 0.330612
vt 0.049581 0.328044
vt 0.049736 0.323070
vt 0.049582 0.318964
vt 0.993660 0.624880
vt 0.981512 0.624918
vt 0.983793 0.626637
vt 0.994715 0.626021
vt 0.968015 0.624982
vt 0.969201 0.627072
vt 0.975710 0.629501
vt 0.989709 0.628054
vt 0.996615 0.627154
vt 0.948315 0.625252
vt 0.944399 0.626719
vt 0.956717 0.627146
vt 0.956824 0.625101
vt 0.942271 0.628834
vt 0.956610 0.629273
vt 0.948314 0.633048
vt 0.956823 0.633671
vt 0.956717 0.631512
vt 0.944399 0.631251
vt 0.968014 0.634043
vt 0.969201 0.631912
vt 0.993662 0.634078
vt 0.994708 0.632924
vt 0.983780 0.632397
vt 0.981517 0.634132
vt 0.996613 0.631758
vt 0.989708 0.630933
vt 1.000100 0.629407
vt 0.996284 0.630030
vt 0.998396 0.630584
vt 0.989010 -0.320505
vt 0.990540 -0.321712
vt 0.994743 0.629465
vt 0.998396 0.628282
vt 0.996283 0.628879
vt 0.935488 0.603661
vt 0.918382 0.601958
vt 0.920628 0.611833
vt 0.937039 0.610095
vt 0.896929 0.600157
vt 0.899624 0.612849
vt 0.911749 0.626295
vt 0.926274 0.618383
vt 0.940431 0.614675
vt 0.833810 0.597959
vt 0.834826 0.609920
vt 0.869335 0.611734
vt 0.867303 0.598845
vt 0.835587 0.618795
vt 0.870858 0.621513
vt 0.831265 0.629364
vt 0.862217 0.632740
vt 0.867300 0.628188
vt 0.833808 0.624981
vt 0.890184 0.637150
vt 0.896926 0.632755
vt 0.931604 0.646814
vt 0.935485 0.644322
vt 0.918379 0.638751
vt 0.912761 0.642270
vt 0.940042 0.642104
vt 0.925711 0.636207
vt 0.948314 0.640844
vt 0.944399 0.638530
vt 0.934224 0.636713
vt 0.944399 0.641277
vt 0.942270 0.635655
vt 0.929673 0.632578
vt 0.934224 0.631182
vt 0.944399 0.633998
vt 0.929673 0.628076
vt 0.944400 0.623972
vt 0.934225 0.625651
vt 0.942271 0.622013
vt 0.929673 0.623574
vt 0.948315 0.617456
vt 0.944400 0.616693
vt 0.934225 0.620120
vt 0.944400 0.619440
vt 0.573555 0.626095
vt 0.573557 0.621887
vt 0.541162 0.621890
vt 0.541160 0.626098
vt 0.573558 0.616192
vt 0.541163 0.616195
vt 0.508768 0.616195
vt 0.508767 0.621890
vt 0.508765 0.626098
vt 0.573560 0.597190
vt 0.541165 0.597193
vt 0.541164 0.608226
vt 0.573559 0.608222
vt 0.508769 0.597193
vt 0.508769 0.608226
vt 0.443978 0.597183
vt 0.443977 0.608215
vt 0.476373 0.608222
vt 0.476374 0.597190
vt 0.443976 0.616185
vt 0.476372 0.616192
vt 0.443973 0.626088
vt 0.476369 0.626095
vt 0.476371 0.621887
vt 0.443975 0.621880
vt 0.181751 0.597924
vt 0.146303 0.598806
vt 0.144083 0.611694
vt 0.180640 0.609884
vt 0.114493 0.600115
vt 0.111550 0.612807
vt 0.098447 0.626251
vt 0.142419 0.621474
vt 0.179807 0.618759
vt 0.072340 0.603614
vt 0.070654 0.610048
vt 0.088728 0.611788
vt 0.091178 0.601913
vt 0.066939 0.614628
vt 0.082544 0.618337
vt 0.058179 0.617408
vt 0.062539 0.619392
vt 0.073791 0.620073
vt 0.062539 0.616645
vt 0.064910 0.621965
vt 0.078809 0.623528
vt 0.058179 0.625203
vt 0.062538 0.626671
vt 0.073790 0.625604
vt 0.062538 0.623924
vt 0.064909 0.628786
vt 0.078809 0.628030
vt 0.058178 0.632999
vt 0.062537 0.633950
vt 0.073790 0.631135
vt 0.062538 0.631203
vt 0.064909 0.635607
vt 0.078809 0.632532
vt 0.058178 0.640796
vt 0.062537 0.641229
vt 0.073789 0.636666
vt 0.062537 0.638482
vt 0.067358 0.642056
vt 0.083155 0.636161
vt 0.076551 0.646767
vt 0.097299 0.642226
vt 0.091175 0.638706
vt 0.072337 0.644275
vt 0.121845 0.637108
vt 0.114491 0.632712
vt 0.184521 0.629329
vt 0.181748 0.624946
vt 0.146301 0.628149
vt 0.151847 0.632701
vt 0.048703 0.625051
vt 0.048858 0.627097
vt 0.036207 0.624931
vt 0.034951 0.627022
vt 0.028805 0.629450
vt 0.049013 0.629224
vt 0.007979 0.624827
vt 0.006919 0.625968
vt 0.019604 0.626585
vt 0.022015 0.624866
vt 0.005014 0.627101
vt 0.013091 0.628002
vt 0.001534 0.629353
vt 0.005659 0.628825
vt 0.003233 0.628228
vt 0.007503 0.629412
vt 0.003232 0.630531
vt 0.005658 0.629977
vt 0.005015 0.631704
vt 0.013092 0.630881
vt 0.007976 0.634025
vt 0.022009 0.634080
vt 0.019615 0.632345
vt 0.006926 0.632870
vt 0.036206 0.633993
vt 0.034951 0.631861
vt 0.048857 0.631463
vt 0.048702 0.633621
vt 0.993051 0.556905
vt 0.980970 0.556909
vt 0.983634 0.560007
vt 0.994445 0.558970
vt 0.968019 0.557065
vt 0.969205 0.560844
vt 0.975671 0.565174
vt 0.989706 0.562587
vt 0.996559 0.561035
vt 0.948319 0.558227
vt 0.944404 0.561147
vt 0.956721 0.561282
vt 0.956828 0.557523
vt 0.942275 0.565195
vt 0.956615 0.565184
vt 0.948318 0.572152
vt 0.956827 0.572844
vt 0.956721 0.569086
vt 0.944403 0.569238
vt 0.968018 0.573290
vt 0.969205 0.569509
vt 0.993050 0.573432
vt 0.994444 0.571365
vt 0.983633 0.570336
vt 0.980968 0.573436
vt 0.996559 0.569298
vt 0.989706 0.567752
vt 1.000102 0.565161
vt 0.996270 0.566199
vt 0.998397 0.567230
vt 0.994674 0.565166
vt 0.998397 0.563098
vt 0.996270 0.564133
vt 0.935493 0.523887
vt 0.918387 0.523907
vt 0.920633 0.538365
vt 0.937045 0.533181
vt 0.896934 0.523937
vt 0.899629 0.543041
vt 0.911922 0.565070
vt 0.926279 0.548600
vt 0.940437 0.540343
vt 0.833815 0.524022
vt 0.834830 0.544679
vt 0.869339 0.544633
vt 0.867308 0.523978
vt 0.835845 0.564466
vt 0.871371 0.564512
vt 0.869337 0.582843
vt 0.834827 0.582517
vt 0.899626 0.584892
vt 0.937040 0.596078
vt 0.920630 0.590243
vt 0.940433 0.589766
vt 0.926277 0.581367
vt 0.948317 0.586077
vt 0.944402 0.582236
vt 0.934228 0.580008
vt 0.944402 0.587142
vt 0.942274 0.577375
vt 0.929677 0.573242
vt 0.934229 0.570138
vt 0.944403 0.574145
vt 0.929677 0.565208
vt 0.944404 0.556241
vt 0.934229 0.560268
vt 0.942276 0.553015
vt 0.929678 0.557174
vt 0.948320 0.544302
vt 0.944405 0.543243
vt 0.934230 0.550398
vt 0.944405 0.548150
vt 0.573561 0.582307
vt 0.541166 0.582310
vt 0.573562 0.564536
vt 0.541167 0.564540
vt 0.508772 0.564540
vt 0.508770 0.582310
vt 0.573565 0.524182
vt 0.541170 0.524186
vt 0.541168 0.544844
vt 0.573563 0.544840
vt 0.508774 0.524186
vt 0.508773 0.544844
vt 0.443983 0.524175
vt 0.443981 0.544833
vt 0.476377 0.544840
vt 0.476379 0.524182
vt 0.443980 0.564529
vt 0.476376 0.564536
vt 0.476375 0.582307
vt 0.443979 0.582300
vt 0.181756 0.523987
vt 0.146309 0.523939
vt 0.144088 0.544594
vt 0.180645 0.544643
vt 0.114499 0.523894
vt 0.111555 0.542998
vt 0.098268 0.565026
vt 0.141868 0.564472
vt 0.179534 0.564430
vt 0.072346 0.523840
vt 0.070659 0.533134
vt 0.088733 0.538319
vt 0.091184 0.523862
vt 0.066944 0.540295
vt 0.082549 0.548554
vt 0.058185 0.544253
vt 0.062544 0.548102
vt 0.073796 0.550351
vt 0.062544 0.543195
vt 0.064915 0.552968
vt 0.078814 0.557128
vt 0.058184 0.558179
vt 0.062543 0.561099
vt 0.073795 0.560221
vt 0.062543 0.556193
vt 0.064914 0.565148
vt 0.078814 0.565162
vt 0.058183 0.572104
vt 0.062542 0.574097
vt 0.073794 0.570091
vt 0.062542 0.569190
vt 0.064913 0.577327
vt 0.078813 0.573196
vt 0.058182 0.586029
vt 0.062541 0.587094
vt 0.073794 0.579961
vt 0.062541 0.582188
vt 0.066941 0.589719
vt 0.082547 0.581321
vt 0.088730 0.590198
vt 0.070655 0.596031
vt 0.111552 0.584849
vt 0.180642 0.582481
vt 0.144085 0.582804
vt 0.048708 0.557473
vt 0.048863 0.561232
vt 0.036212 0.557014
vt 0.034956 0.560793
vt 0.028837 0.565123
vt 0.049018 0.565135
vt 0.008604 0.556852
vt 0.007199 0.558917
vt 0.019762 0.559955
vt 0.022518 0.556857
vt 0.005074 0.560981
vt 0.013100 0.562535
vt 0.001536 0.565107
vt 0.005676 0.564080
vt 0.003234 0.563044
vt 0.007581 0.565114
vt 0.003234 0.567176
vt 0.005676 0.566145
vt 0.005074 0.569244
vt 0.013100 0.567699
vt 0.008603 0.573379
vt 0.022516 0.573384
vt 0.019762 0.570284
vt 0.007198 0.571312
vt 0.036211 0.573239
vt 0.034956 0.569458
vt 0.048862 0.569037
vt 0.048707 0.572795
vt 0.993054 0.474272
vt 0.980975 0.474276
vt 0.983638 0.477374
vt 0.994448 0.476337
vt 0.968025 0.474431
vt 0.969211 0.478211
vt 0.975676 0.482541
vt 0.989710 0.479954
vt 0.996562 0.478401
vt 0.948325 0.475594
vt 0.944410 0.478514
vt 0.956727 0.478649
vt 0.956834 0.474889
vt 0.942281 0.482562
vt 0.956620 0.482551
vt 0.948324 0.489519
vt 0.956833 0.490211
vt 0.956727 0.486453
vt 0.944409 0.486605
vt 0.968024 0.490657
vt 0.969211 0.486876
vt 0.993053 0.490799
vt 0.994447 0.488732
vt 0.983638 0.487703
vt 0.980974 0.490803
vt 0.996561 0.486665
vt 0.989710 0.485119
vt 1.000104 0.482528
vt 0.996272 0.483565
vt 0.998399 0.484596
vt 0.994677 0.482533
vt 0.998400 0.480465
vt 0.996273 0.481499
vt 0.935499 0.441253
vt 0.918393 0.441274
vt 0.920639 0.455731
vt 0.937051 0.450548
vt 0.896940 0.441303
vt 0.899635 0.460408
vt 0.911928 0.482597
vt 0.926285 0.465967
vt 0.940443 0.457710
vt 0.833821 0.441389
vt 0.834836 0.462045
vt 0.869345 0.462000
vt 0.867314 0.441345
vt 0.835851 0.482702
vt 0.871376 0.482655
vt 0.869342 0.503317
vt 0.834833 0.503362
vt 0.899632 0.504823
vt 0.937046 0.514588
vt 0.920635 0.509443
vt 0.940439 0.507419
vt 0.926283 0.499192
vt 0.948323 0.503444
vt 0.944408 0.499603
vt 0.934234 0.497375
vt 0.944408 0.504509
vt 0.942280 0.494742
vt 0.929683 0.490609
vt 0.934234 0.487505
vt 0.944409 0.491512
vt 0.929683 0.482575
vt 0.944410 0.473608
vt 0.934235 0.477635
vt 0.942282 0.470382
vt 0.929684 0.474541
vt 0.948326 0.461668
vt 0.944411 0.460610
vt 0.934236 0.467764
vt 0.944411 0.465517
vt 0.573566 0.503524
vt 0.541171 0.503527
vt 0.573568 0.482865
vt 0.541173 0.482869
vt 0.508777 0.482869
vt 0.508776 0.503528
vt 0.573571 0.441549
vt 0.541176 0.441552
vt 0.541174 0.462211
vt 0.573569 0.462207
vt 0.508780 0.441552
vt 0.508779 0.462211
vt 0.443989 0.441542
vt 0.443987 0.462200
vt 0.476383 0.462207
vt 0.476385 0.441549
vt 0.443986 0.482858
vt 0.476382 0.482865
vt 0.476380 0.503524
vt 0.443984 0.503517
vt 0.181762 0.441353
vt 0.146314 0.441306
vt 0.144094 0.461960
vt 0.180651 0.462010
vt 0.114505 0.441261
vt 0.111561 0.460365
vt 0.098274 0.482553
vt 0.141874 0.482615
vt 0.179540 0.482667
vt 0.072352 0.441206
vt 0.070665 0.450501
vt 0.088739 0.455686
vt 0.091190 0.441229
vt 0.066950 0.457662
vt 0.082555 0.465921
vt 0.058191 0.461620
vt 0.062550 0.465469
vt 0.073802 0.467718
vt 0.062550 0.460562
vt 0.064920 0.470334
vt 0.078820 0.474495
vt 0.058190 0.475545
vt 0.062549 0.478466
vt 0.073801 0.477588
vt 0.062549 0.473560
vt 0.064920 0.482514
vt 0.078819 0.482529
vt 0.058189 0.489470
vt 0.062548 0.491464
vt 0.073800 0.487458
vt 0.062548 0.486557
vt 0.064919 0.494694
vt 0.078819 0.490563
vt 0.058188 0.503396
vt 0.062547 0.504461
vt 0.073799 0.497328
vt 0.062547 0.499555
vt 0.066946 0.507371
vt 0.082553 0.499146
vt 0.088735 0.509398
vt 0.070660 0.514541
vt 0.111558 0.504780
vt 0.180648 0.503327
vt 0.144091 0.503277
vt 0.048713 0.474840
vt 0.048868 0.478599
vt 0.036218 0.474380
vt 0.034962 0.478160
vt 0.028843 0.482489
vt 0.049023 0.482502
vt 0.008607 0.474219
vt 0.007202 0.476284
vt 0.019767 0.477322
vt 0.022523 0.474224
vt 0.005077 0.478348
vt 0.013104 0.479901
vt 0.001538 0.482474
vt 0.005679 0.481446
vt 0.003237 0.480411
vt 0.007584 0.482481
vt 0.003236 0.484543
vt 0.005679 0.483512
vt 0.005077 0.486611
vt 0.013103 0.485066
vt 0.008607 0.490745
vt 0.022522 0.490751
vt 0.019767 0.487651
vt 0.007201 0.488679
vt 0.036217 0.490606
vt 0.034962 0.486825
vt 0.048868 0.486403
vt 0.048712 0.490162
vt 0.993058 0.391639
vt 0.980980 0.391643
vt 0.983643 0.394741
vt 0.994451 0.393704
vt 0.968031 0.391798
vt 0.969217 0.395578
vt 0.975682 0.399907
vt 0.989714 0.397321
vt 0.996564 0.395768
vt 0.948331 0.392960
vt 0.944416 0.395881
vt 0.956733 0.396015
vt 0.956840 0.392256
vt 0.942287 0.399929
vt 0.956626 0.399918
vt 0.948330 0.406886
vt 0.956839 0.407578
vt 0.956733 0.403820
vt 0.944415 0.403972
vt 0.968030 0.408023
vt 0.969216 0.404243
vt 0.993057 0.408165
vt 0.994450 0.406099
vt 0.983642 0.405070
vt 0.980979 0.408169
vt 0.996564 0.404031
vt 0.989714 0.402485
vt 1.000106 0.399894
vt 0.996275 0.400932
vt 0.998402 0.401963
vt 0.994680 0.399900
vt 0.998402 0.397831
vt 0.996275 0.398866
vt 0.935505 0.361601
vt 0.918399 0.363424
vt 0.920645 0.375011
vt 0.937056 0.369107
vt 0.896945 0.365352
vt 0.899640 0.380447
vt 0.911934 0.400131
vt 0.926291 0.383812
vt 0.940448 0.375374
vt 0.833826 0.367744
vt 0.834842 0.383008
vt 0.869351 0.382590
vt 0.867319 0.366770
vt 0.835857 0.400968
vt 0.871382 0.400827
vt 0.869348 0.420683
vt 0.834839 0.420729
vt 0.899638 0.422190
vt 0.937052 0.431955
vt 0.920641 0.426810
vt 0.940445 0.424785
vt 0.926289 0.416559
vt 0.948329 0.420811
vt 0.944414 0.416969
vt 0.934240 0.414741
vt 0.944414 0.421876
vt 0.942286 0.412108
vt 0.929689 0.407975
vt 0.934240 0.404871
vt 0.944415 0.408878
vt 0.929689 0.399942
vt 0.944416 0.390974
vt 0.934241 0.395001
vt 0.942288 0.387749
vt 0.929690 0.391908
vt 0.948332 0.379035
vt 0.944417 0.377977
vt 0.934242 0.385131
vt 0.944416 0.382883
vt 0.573572 0.420890
vt 0.541177 0.420894
vt 0.573574 0.401224
vt 0.541178 0.401228
vt 0.508783 0.401228
vt 0.508782 0.420894
vt 0.573576 0.368834
vt 0.541181 0.368838
vt 0.541180 0.383545
vt 0.573575 0.383541
vt 0.508785 0.368838
vt 0.508784 0.383545
vt 0.443994 0.368827
vt 0.443993 0.383534
vt 0.476389 0.383541
vt 0.476390 0.368834
vt 0.443991 0.401217
vt 0.476387 0.401224
vt 0.476386 0.420891
vt 0.443990 0.420883
vt 0.181767 0.367709
vt 0.146320 0.366731
vt 0.144100 0.382551
vt 0.180656 0.382972
vt 0.114510 0.365309
vt 0.111567 0.380404
vt 0.098280 0.400087
vt 0.141879 0.400788
vt 0.179546 0.400932
vt 0.072357 0.361554
vt 0.070671 0.369060
vt 0.088745 0.374966
vt 0.091195 0.363379
vt 0.066956 0.375327
vt 0.082561 0.383766
vt 0.058196 0.378987
vt 0.062555 0.382835
vt 0.073807 0.385085
vt 0.062556 0.377929
vt 0.064926 0.387701
vt 0.078826 0.391862
vt 0.058195 0.392912
vt 0.062555 0.395833
vt 0.073807 0.394955
vt 0.062555 0.390926
vt 0.064925 0.399881
vt 0.078825 0.399895
vt 0.058195 0.406837
vt 0.062554 0.408830
vt 0.073806 0.404824
vt 0.062554 0.403924
vt 0.064925 0.412061
vt 0.078825 0.407929
vt 0.058194 0.420762
vt 0.062553 0.421828
vt 0.073805 0.414695
vt 0.062553 0.416921
vt 0.066952 0.424738
vt 0.082558 0.416513
vt 0.088741 0.426764
vt 0.070666 0.431908
vt 0.111564 0.422147
vt 0.180654 0.420693
vt 0.144097 0.420644
vt 0.048719 0.392207
vt 0.048874 0.395966
vt 0.036224 0.391747
vt 0.034968 0.395527
vt 0.028849 0.399856
vt 0.049029 0.399868
vt 0.008611 0.391585
vt 0.007205 0.393650
vt 0.019772 0.394688
vt 0.022528 0.391590
vt 0.005079 0.395715
vt 0.013108 0.397268
vt 0.001540 0.399840
vt 0.005681 0.398813
vt 0.003239 0.397778
vt 0.007587 0.399847
vt 0.003239 0.401909
vt 0.005681 0.400879
vt 0.005079 0.403978
vt 0.013108 0.402433
vt 0.008610 0.408112
vt 0.022527 0.408117
vt 0.019772 0.405018
vt 0.007204 0.406045
vt 0.036223 0.407973
vt 0.034967 0.404192
vt 0.048874 0.403770
vt 0.048718 0.407528
vt 0.993687 0.331254
vt 0.981558 0.331375
vt 0.983823 0.333060
vt 0.994735 0.332383
vt 0.968038 0.331635
vt 0.969224 0.333701
vt 0.975738 0.335980
vt 0.989725 0.334424
vt 0.996626 0.333486
vt 0.948336 0.332897
vt 0.944421 0.334689
vt 0.956739 0.334272
vt 0.956846 0.332173
vt 0.942292 0.337053
vt 0.956632 0.336448
vt 0.948335 0.340465
vt 0.956845 0.340518
vt 0.956738 0.338521
vt 0.944420 0.339082
vt 0.968036 0.340505
vt 0.969222 0.338437
vt 0.993679 0.340365
vt 0.994716 0.339206
vt 0.983792 0.338728
vt 0.981544 0.340446
vt 0.996621 0.338030
vt 0.989721 0.337260
vt 1.000108 0.335649
vt 0.996294 0.336322
vt 0.998404 0.336842
vt 0.994757 0.335778
vt 0.998404 0.334572
vt 0.996292 0.335187
vt 0.931629 0.319843
vt 0.912784 0.324492
vt 0.918402 0.327785
vt 0.935509 0.322169
vt 0.890206 0.329671
vt 0.896947 0.333782
vt 0.911770 0.339817
vt 0.925734 0.330115
vt 0.940066 0.324223
vt 0.831286 0.337603
vt 0.833828 0.341704
vt 0.867321 0.338412
vt 0.862238 0.334154
vt 0.835606 0.347543
vt 0.870878 0.344731
vt 0.869353 0.354167
vt 0.834844 0.356072
vt 0.899642 0.352921
vt 0.937057 0.355284
vt 0.920646 0.353742
vt 0.940450 0.350803
vt 0.926294 0.347337
vt 0.948334 0.348032
vt 0.944419 0.346140
vt 0.934245 0.345575
vt 0.944419 0.348806
vt 0.942291 0.343667
vt 0.929693 0.342277
vt 0.934245 0.340224
vt 0.944420 0.341748
vt 0.929694 0.337922
vt 0.944421 0.332024
vt 0.934246 0.334872
vt 0.942293 0.330439
vt 0.929694 0.333566
vt 0.948338 0.325329
vt 0.944422 0.324966
vt 0.934247 0.329520
vt 0.944422 0.327631
vt 0.573577 0.358094
vt 0.541182 0.358097
vt 0.573577 0.350469
vt 0.541182 0.350473
vt 0.508786 0.350473
vt 0.508786 0.358097
vt 0.573575 0.341159
vt 0.541180 0.341162
vt 0.541181 0.345112
vt 0.573577 0.345108
vt 0.508785 0.341162
vt 0.508786 0.345112
vt 0.443993 0.341152
vt 0.443994 0.345101
vt 0.476390 0.345108
vt 0.476389 0.341158
vt 0.443995 0.350462
vt 0.476391 0.350469
vt 0.476390 0.358094
vt 0.443994 0.358087
vt 0.184541 0.337568
vt 0.151868 0.334115
vt 0.146321 0.338373
vt 0.181768 0.341668
vt 0.121867 0.329629
vt 0.114512 0.333740
vt 0.098468 0.339773
vt 0.142438 0.344692
vt 0.179827 0.347507
vt 0.076572 0.319797
vt 0.072358 0.322122
vt 0.091197 0.327740
vt 0.097320 0.324448
vt 0.067379 0.324176
vt 0.083176 0.330070
vt 0.058198 0.325281
vt 0.062558 0.327583
vt 0.073810 0.329473
vt 0.062558 0.324918
vt 0.064929 0.330391
vt 0.078829 0.333520
vt 0.058198 0.332849
vt 0.062558 0.334642
vt 0.073810 0.334825
vt 0.062558 0.331976
vt 0.064929 0.337005
vt 0.078829 0.337876
vt 0.058199 0.340416
vt 0.062558 0.341700
vt 0.073810 0.340177
vt 0.062558 0.339034
vt 0.064929 0.343620
vt 0.078829 0.342231
vt 0.058198 0.347984
vt 0.062558 0.348758
vt 0.073810 0.345528
vt 0.062558 0.346092
vt 0.066957 0.350755
vt 0.082563 0.347291
vt 0.088746 0.353697
vt 0.070672 0.355237
vt 0.111569 0.352878
vt 0.180658 0.356037
vt 0.144102 0.354128
vt 0.048722 0.332123
vt 0.048877 0.334222
vt 0.036226 0.331584
vt 0.034970 0.333650
vt 0.028820 0.335929
vt 0.049033 0.336398
vt 0.007974 0.331201
vt 0.006919 0.332330
vt 0.019608 0.333008
vt 0.022008 0.331323
vt 0.005019 0.333432
vt 0.013102 0.334372
vt 0.001542 0.335595
vt 0.005668 0.335134
vt 0.003240 0.334518
vt 0.002573 0.307496
vt 0.008501 0.307218
vt 0.006671 0.308482
vt 0.007510 0.335725
vt 0.003240 0.336789
vt 0.005666 0.336269
vt 0.005024 0.337977
vt 0.013107 0.337208
vt 0.007982 0.340311
vt 0.022020 0.340394
vt 0.019637 0.338675
vt 0.006938 0.339153
vt 0.036226 0.340454
vt 0.034971 0.338386
vt 0.048877 0.338471
vt 0.048722 0.340468
vt 0.314387 0.626029
vt 0.314388 0.621819
vt 0.281991 0.621795
vt 0.281989 0.626007
vt 0.314389 0.616122
vt 0.281992 0.616098
vt 0.249095 0.616347
vt 0.249288 0.622093
vt 0.249564 0.626323
vt 0.314391 0.597119
vt 0.281993 0.597096
vt 0.281992 0.608128
vt 0.314390 0.608152
vt 0.249291 0.597160
vt 0.249179 0.608286
vt 0.215533 0.608810
vt 0.215978 0.597406
vt 0.215200 0.617142
vt 0.217084 0.627317
vt 0.215976 0.623035
vt 0.411579 0.621870
vt 0.411577 0.626078
vt 0.411580 0.616174
vt 0.379183 0.616160
vt 0.379182 0.621856
vt 0.379180 0.626065
vt 0.411581 0.597172
vt 0.411581 0.608204
vt 0.379185 0.597158
vt 0.379184 0.608190
vt 0.346787 0.608173
vt 0.346788 0.597140
vt 0.346786 0.616143
vt 0.346784 0.626049
vt 0.346785 0.621839
vt 0.703137 0.597141
vt 0.703136 0.608173
vt 0.735530 0.608153
vt 0.735531 0.597120
vt 0.703135 0.616143
vt 0.735529 0.616123
vt 0.768210 0.616375
vt 0.768135 0.608314
vt 0.768034 0.597189
vt 0.703133 0.626051
vt 0.735527 0.626032
vt 0.735528 0.621820
vt 0.703134 0.621840
vt 0.767776 0.626351
vt 0.768031 0.622121
vt 0.800755 0.623067
vt 0.799737 0.627348
vt 0.801467 0.617174
vt 0.800757 0.597438
vt 0.801163 0.608841
vt 0.605954 0.608215
vt 0.605954 0.597182
vt 0.605953 0.616185
vt 0.638347 0.616174
vt 0.638348 0.608204
vt 0.638349 0.597172
vt 0.605950 0.626089
vt 0.605952 0.621880
vt 0.638345 0.626079
vt 0.638346 0.621870
vt 0.670741 0.621856
vt 0.670739 0.626066
vt 0.670741 0.616160
vt 0.670743 0.597158
vt 0.670742 0.608190
vt 0.314392 0.582237
vt 0.281994 0.582213
vt 0.314393 0.564466
vt 0.281996 0.564442
vt 0.249071 0.564423
vt 0.249181 0.582222
vt 0.314396 0.524112
vt 0.281998 0.524088
vt 0.281997 0.544747
vt 0.314394 0.544770
vt 0.249296 0.524060
vt 0.249183 0.544718
vt 0.215538 0.544684
vt 0.215983 0.524027
vt 0.215093 0.564416
vt 0.215535 0.582299
vt 0.411582 0.582289
vt 0.411584 0.564518
vt 0.379187 0.564504
vt 0.379186 0.582275
vt 0.411586 0.524164
vt 0.411585 0.544823
vt 0.379190 0.524150
vt 0.379188 0.544809
vt 0.346792 0.544791
vt 0.346793 0.524133
vt 0.346790 0.564487
vt 0.346789 0.582257
vt 0.703142 0.524133
vt 0.703141 0.544791
vt 0.735534 0.544771
vt 0.735536 0.524113
vt 0.703139 0.564487
vt 0.735533 0.564467
vt 0.768240 0.564451
vt 0.768139 0.544746
vt 0.768039 0.524088
vt 0.735532 0.582237
vt 0.703138 0.582258
vt 0.768137 0.582250
vt 0.801165 0.582331
vt 0.801573 0.564448
vt 0.800762 0.524058
vt 0.801167 0.544716
vt 0.605958 0.544833
vt 0.605960 0.524175
vt 0.605957 0.564529
vt 0.638351 0.564518
vt 0.638353 0.544823
vt 0.638354 0.524164
vt 0.605955 0.582300
vt 0.638350 0.582289
vt 0.670744 0.582275
vt 0.670745 0.564504
vt 0.670748 0.524150
vt 0.670747 0.544809
vt 0.314397 0.503454
vt 0.282000 0.503430
vt 0.314399 0.482795
vt 0.282001 0.482772
vt 0.249077 0.482743
vt 0.249186 0.503402
vt 0.314402 0.441479
vt 0.282004 0.441455
vt 0.282003 0.462113
vt 0.314400 0.462137
vt 0.249302 0.441427
vt 0.249189 0.462085
vt 0.215544 0.462051
vt 0.215989 0.441393
vt 0.215099 0.482709
vt 0.215541 0.503368
vt 0.411588 0.503506
vt 0.411589 0.482848
vt 0.379193 0.482834
vt 0.379191 0.503492
vt 0.411592 0.441531
vt 0.411591 0.462189
vt 0.379196 0.441517
vt 0.379194 0.462175
vt 0.346797 0.462158
vt 0.346799 0.441499
vt 0.346796 0.482816
vt 0.346794 0.503474
vt 0.703148 0.441500
vt 0.703147 0.462158
vt 0.735540 0.462138
vt 0.735542 0.441479
vt 0.703145 0.482817
vt 0.735539 0.482796
vt 0.768245 0.482771
vt 0.768145 0.462113
vt 0.768045 0.441455
vt 0.735537 0.503455
vt 0.703144 0.503475
vt 0.768142 0.503430
vt 0.801170 0.503399
vt 0.801578 0.482740
vt 0.800768 0.441425
vt 0.801173 0.462083
vt 0.605964 0.462200
vt 0.605965 0.441542
vt 0.605963 0.482858
vt 0.638357 0.482848
vt 0.638358 0.462189
vt 0.638360 0.441531
vt 0.605961 0.503517
vt 0.638356 0.503506
vt 0.670750 0.503492
vt 0.670751 0.482834
vt 0.670754 0.441517
vt 0.670753 0.462175
vt 0.314403 0.420820
vt 0.282006 0.420797
vt 0.314405 0.401154
vt 0.282007 0.401130
vt 0.249083 0.401092
vt 0.249192 0.420768
vt 0.314407 0.368764
vt 0.282009 0.368740
vt 0.282008 0.383447
vt 0.314406 0.383471
vt 0.249307 0.368619
vt 0.249195 0.383382
vt 0.215549 0.383236
vt 0.215994 0.368306
vt 0.215104 0.401030
vt 0.215547 0.420734
vt 0.411594 0.420873
vt 0.411595 0.401206
vt 0.379199 0.401192
vt 0.379197 0.420859
vt 0.411597 0.368816
vt 0.411596 0.383523
vt 0.379201 0.368802
vt 0.379200 0.383509
vt 0.346803 0.383492
vt 0.346804 0.368784
vt 0.346802 0.401175
vt 0.346800 0.420841
vt 0.703153 0.368785
vt 0.703152 0.383492
vt 0.735546 0.383472
vt 0.735547 0.368765
vt 0.703151 0.401175
vt 0.735545 0.401155
vt 0.768251 0.401120
vt 0.768151 0.383410
vt 0.768050 0.368647
vt 0.735543 0.420821
vt 0.703149 0.420842
vt 0.768148 0.420796
vt 0.801176 0.420766
vt 0.801584 0.401062
vt 0.800773 0.368338
vt 0.801179 0.383268
vt 0.605970 0.383534
vt 0.605971 0.368827
vt 0.605968 0.401217
vt 0.638363 0.401206
vt 0.638364 0.383523
vt 0.638365 0.368816
vt 0.605967 0.420883
vt 0.638361 0.420873
vt 0.670756 0.420859
vt 0.670757 0.401192
vt 0.670759 0.368802
vt 0.670758 0.383509
vt 0.314408 0.358024
vt 0.282010 0.358000
vt 0.314408 0.350400
vt 0.282010 0.350376
vt 0.249114 0.350071
vt 0.249197 0.357786
vt 0.314407 0.341093
vt 0.282009 0.341071
vt 0.282010 0.345017
vt 0.314408 0.345040
vt 0.249584 0.340704
vt 0.249308 0.344664
vt 0.215995 0.343657
vt 0.217104 0.339650
vt 0.215219 0.349208
vt 0.215551 0.357194
vt 0.411598 0.358076
vt 0.411599 0.350452
vt 0.379202 0.350438
vt 0.379202 0.358062
vt 0.411597 0.341141
vt 0.411598 0.345091
vt 0.379201 0.341128
vt 0.379202 0.345077
vt 0.346805 0.345060
vt 0.346804 0.341112
vt 0.346805 0.350420
vt 0.346805 0.358044
vt 0.703153 0.341114
vt 0.703154 0.345061
vt 0.735548 0.345041
vt 0.735547 0.341096
vt 0.703154 0.350421
vt 0.735548 0.350401
vt 0.768229 0.350099
vt 0.768051 0.344693
vt 0.767796 0.340732
vt 0.735547 0.358025
vt 0.703154 0.358045
vt 0.768153 0.357814
vt 0.801181 0.357226
vt 0.801486 0.349239
vt 0.799757 0.339682
vt 0.800774 0.343689
vt 0.605971 0.345101
vt 0.605970 0.341152
vt 0.605972 0.350462
vt 0.638366 0.350452
vt 0.638366 0.345091
vt 0.638365 0.341142
vt 0.605971 0.358087
vt 0.638366 0.358076
vt 0.670760 0.358062
vt 0.670760 0.350438
vt 0.670759 0.341130
vt 0.670760 0.345078
vt 0.993665 0.643275
vt 0.981522 0.643346
vt 0.983798 0.645060
vt 0.994718 0.644412
vt 0.968014 0.643105
vt 0.969200 0.645110
vt 0.974903 0.647641
vt 0.989710 0.646460
vt 0.996615 0.645533
vt 0.956716 0.643963
vt 0.956823 0.642241
vt 0.955448 0.645586
vt 0.948373 0.649495
vt 0.952069 0.647613
vt 0.961914 0.650820
vt 0.965939 0.649339
vt 0.977748 0.651272
vt 0.983629 0.650694
vt 0.976256 0.650214
vt 0.971133 0.651294
vt 0.990919 0.649792
vt 0.985682 0.649112
vt 1.000100 0.647750
vt 0.995326 0.648347
vt 0.996760 0.648795
vt 0.988736 -0.359762
vt 0.989589 -0.360856
vt 0.994467 0.647835
vt 0.998396 0.646644
vt 0.996282 0.647256
vt 0.983795 0.635849
vt 0.994717 0.635217
vt 0.969200 0.636091
vt 0.975709 0.638609
vt 0.989709 0.637257
vt 0.996615 0.636344
vt 0.956717 0.635554
vt 0.956610 0.637519
vt 0.956717 0.639920
vt 0.969200 0.640931
vt 0.994706 0.642119
vt 0.983778 0.641608
vt 0.996612 0.640947
vt 0.989707 0.640136
vt 1.000100 0.638578
vt 0.996284 0.639219
vt 0.998396 0.639765
vt 0.994744 0.638657
vt 0.998396 0.637463
vt 0.996282 0.638067
vt 0.956824 0.616531
vt 0.956718 0.614696
vt 0.968015 0.615921
vt 0.969202 0.613875
vt 0.975584 0.611214
vt 0.955819 0.612460
vt 0.993657 0.615683
vt 0.994711 0.614533
vt 0.983786 0.613974
vt 0.981508 0.615703
vt 0.996614 0.613379
vt 0.989709 0.612527
vt 1.000101 0.611063
vt 0.996284 0.611652
vt 0.998396 0.612222
vt 0.994743 0.611079
vt 0.998396 0.609920
vt 0.996284 0.610501
vt 0.996612 0.608718
vt 0.989708 0.609563
vt 0.990540 -0.279980
vt 0.989010 -0.281216
vt 0.993553 0.605911
vt 0.981364 0.605631
vt 0.983758 0.607871
vt 0.994687 0.607401
vt 0.966827 0.605253
vt 0.968410 0.608400
vt 0.953549 0.609046
vt 0.952071 0.604677
vt 0.956717 0.623104
vt 0.969201 0.622894
vt 0.975713 0.620393
vt 0.956611 0.621027
vt 0.994709 0.623729
vt 0.983783 0.623186
vt 0.996613 0.622569
vt 0.989708 0.621730
vt 1.000100 0.620235
vt 0.996284 0.620841
vt 0.998396 0.621403
vt 0.994743 0.620272
vt 0.998396 0.619101
vt 0.996283 0.619690
vt 0.996615 0.617965
vt 0.989709 0.618851
vt 0.990540 -0.299616
vt 0.989010 -0.300860
vt 0.983791 0.617426
vt 0.994714 0.616826
vt 0.969201 0.618054
vt 0.956717 0.618738
vt 0.993049 0.589959
vt 0.980968 0.589963
vt 0.983632 0.593061
vt 0.994444 0.592024
vt 0.968017 0.589515
vt 0.969203 0.593152
vt 0.975562 0.597809
vt 0.989705 0.595641
vt 0.996558 0.594088
vt 0.956719 0.591351
vt 0.956826 0.588166
vt 0.955820 0.594785
vt 0.953549 0.599575
vt 0.968410 0.601608
vt 0.994485 0.604189
vt 0.983678 0.603047
vt 0.996562 0.602294
vt 0.989707 0.600719
vt 1.000101 0.598214
vt 0.996269 0.599252
vt 0.998396 0.600283
vt 0.994673 0.598220
vt 0.998397 0.596151
vt 0.996269 0.597186
vt 0.983633 0.576534
vt 0.994444 0.575497
vt 0.969204 0.576998
vt 0.975681 0.581503
vt 0.989706 0.579114
vt 0.996559 0.577561
vt 0.956721 0.576317
vt 0.956614 0.579932
vt 0.956720 0.584121
vt 0.969204 0.585663
vt 0.994444 0.587892
vt 0.983632 0.586863
vt 0.996559 0.585825
vt 0.989706 0.584279
vt 1.000101 0.581688
vt 0.996269 0.582725
vt 0.998397 0.583756
vt 0.994673 0.581693
vt 0.998397 0.579625
vt 0.996269 0.580659
vt 0.956830 0.542201
vt 0.956723 0.539017
vt 0.968020 0.540839
vt 0.969207 0.537202
vt 0.975564 0.532484
vt 0.955824 0.535403
vt 0.993051 0.540379
vt 0.994446 0.538312
vt 0.983635 0.537283
vt 0.980971 0.540383
vt 0.996560 0.536245
vt 0.989708 0.534698
vt 1.000103 0.532107
vt 0.996271 0.533145
vt 0.998398 0.534176
vt 0.994675 0.532113
vt 0.998398 0.530045
vt 0.996271 0.531079
vt 0.996560 0.527981
vt 0.989708 0.529534
vt 0.993052 0.523852
vt 0.980972 0.523856
vt 0.983635 0.526954
vt 0.994446 0.525917
vt 0.966833 0.523862
vt 0.968415 0.528251
vt 0.953554 0.530068
vt 0.952077 0.523872
vt 0.956722 0.554051
vt 0.969206 0.553356
vt 0.975683 0.548845
vt 0.956616 0.550437
vt 0.994445 0.554839
vt 0.983634 0.553810
vt 0.996559 0.552771
vt 0.989707 0.551225
vt 1.000102 0.548634
vt 0.996271 0.549672
vt 0.998398 0.550703
vt 0.994675 0.548640
vt 0.998398 0.546571
vt 0.996271 0.547606
vt 0.996560 0.544508
vt 0.989707 0.546061
vt 0.983634 0.543481
vt 0.994446 0.542444
vt 0.969207 0.544691
vt 0.956722 0.546247
vt 0.993053 0.507325
vt 0.980973 0.507329
vt 0.983636 0.510427
vt 0.994447 0.509391
vt 0.968023 0.506882
vt 0.969209 0.510518
vt 0.975565 0.515231
vt 0.989709 0.513007
vt 0.996561 0.511455
vt 0.956725 0.508718
vt 0.956832 0.505533
vt 0.955826 0.512334
vt 0.953555 0.517673
vt 0.968416 0.519471
vt 0.994446 0.521785
vt 0.983636 0.520756
vt 0.996560 0.519718
vt 0.989709 0.518172
vt 1.000103 0.515581
vt 0.996271 0.516618
vt 0.998399 0.517650
vt 0.994676 0.515586
vt 0.998399 0.513518
vt 0.996271 0.514553
vt 0.983637 0.493901
vt 0.994447 0.492864
vt 0.969210 0.494365
vt 0.975686 0.498870
vt 0.989709 0.496481
vt 0.996561 0.494928
vt 0.956726 0.493683
vt 0.956619 0.497299
vt 0.956726 0.501488
vt 0.969209 0.503030
vt 0.994447 0.505259
vt 0.983637 0.504230
vt 0.996561 0.503191
vt 0.989709 0.501645
vt 1.000103 0.499054
vt 0.996272 0.500092
vt 0.998399 0.501123
vt 0.994676 0.499060
vt 0.998399 0.496991
vt 0.996272 0.498026
vt 0.956835 0.459568
vt 0.956729 0.456384
vt 0.968026 0.458206
vt 0.969213 0.454569
vt 0.975569 0.449851
vt 0.955830 0.452770
vt 0.993055 0.457745
vt 0.994449 0.455679
vt 0.983639 0.454650
vt 0.980976 0.457749
vt 0.996562 0.453611
vt 0.989711 0.452065
vt 0.996273 0.450512
vt 0.998401 0.451543
vt 0.994678 0.449480
vt 0.998401 0.447411
vt 0.996274 0.448446
vt 0.996563 0.445348
vt 0.989712 0.446901
vt 0.993055 0.441219
vt 0.980977 0.441223
vt 0.983640 0.444321
vt 0.994449 0.443284
vt 0.966839 0.441229
vt 0.968421 0.445618
vt 0.953560 0.447435
vt 0.952083 0.441239
vt 0.956728 0.471418
vt 0.969212 0.470722
vt 0.975688 0.466212
vt 0.956621 0.467803
vt 0.994448 0.472206
vt 0.983639 0.471176
vt 0.996562 0.470138
vt 0.989711 0.468592
vt 1.000104 0.466001
vt 0.996273 0.467039
vt 0.998400 0.468070
vt 0.994677 0.466007
vt 0.998400 0.463938
vt 0.996273 0.464973
vt 0.996562 0.461875
vt 0.989711 0.463427
vt 0.983639 0.460847
vt 0.994449 0.459810
vt 0.969212 0.462057
vt 0.956728 0.463614
vt 0.993056 0.424692
vt 0.980978 0.424696
vt 0.983641 0.427794
vt 0.994450 0.426757
vt 0.968029 0.424249
vt 0.969215 0.427885
vt 0.975570 0.432597
vt 0.989712 0.430374
vt 0.996563 0.428821
vt 0.956731 0.426085
vt 0.956838 0.422899
vt 0.955832 0.429701
vt 0.953561 0.435040
vt 0.968422 0.436838
vt 0.994449 0.439152
vt 0.983641 0.438123
vt 0.996563 0.437085
vt 0.989712 0.435539
vt 1.000105 0.432948
vt 0.996274 0.433985
vt 0.998401 0.435016
vt 0.994679 0.432953
vt 0.998401 0.430885
vt 0.996274 0.431920
vt 0.983642 0.411267
vt 0.994450 0.410231
vt 0.969216 0.411731
vt 0.975692 0.416237
vt 0.989713 0.413847
vt 0.996564 0.412295
vt 0.956732 0.411050
vt 0.956625 0.414666
vt 0.956731 0.418854
vt 0.969215 0.420396
vt 0.994450 0.422625
vt 0.983641 0.421597
vt 0.996563 0.420558
vt 0.989713 0.419012
vt 1.000106 0.416421
vt 0.996274 0.417459
vt 0.998401 0.418490
vt 0.994679 0.416427
vt 0.998401 0.414358
vt 0.996274 0.415393
vt 0.956841 0.376935
vt 0.956735 0.373750
vt 0.968032 0.375573
vt 0.969219 0.371935
vt 0.975577 0.367274
vt 0.955836 0.370326
vt 0.993058 0.375112
vt 0.994452 0.373046
vt 0.983644 0.372016
vt 0.980981 0.375116
vt 0.996565 0.370978
vt 0.989715 0.369432
vt 1.000107 0.366841
vt 0.996276 0.367879
vt 0.998403 0.368910
vt 0.994681 0.366847
vt 0.998403 0.364778
vt 0.996276 0.365813
vt 0.996570 0.362772
vt 0.989718 0.364354
vt 0.993562 0.359160
vt 0.981377 0.359460
vt 0.983693 0.362036
vt 0.994493 0.360880
vt 0.966845 0.359870
vt 0.968427 0.363494
vt 0.953566 0.365560
vt 0.952088 0.360501
vt 0.956734 0.388785
vt 0.969218 0.388089
vt 0.975694 0.383578
vt 0.956627 0.385170
vt 0.994451 0.389572
vt 0.983643 0.388543
vt 0.996564 0.387505
vt 0.989714 0.385958
vt 1.000107 0.383368
vt 0.996275 0.384405
vt 0.998402 0.385436
vt 0.994680 0.383373
vt 0.998402 0.381305
vt 0.996275 0.382339
vt 0.996565 0.379241
vt 0.989715 0.380794
vt 0.983644 0.378214
vt 0.994452 0.377177
vt 0.969218 0.379424
vt 0.956734 0.380981
vt 0.993671 0.349475
vt 0.981531 0.349518
vt 0.983808 0.351216
vt 0.994725 0.350615
vt 0.968034 0.349376
vt 0.969220 0.351376
vt 0.975600 0.353957
vt 0.989722 0.352619
vt 0.996623 0.351746
vt 0.956737 0.350656
vt 0.956843 0.348863
vt 0.955837 0.352849
vt 0.953567 0.356197
vt 0.968427 0.356755
vt 0.994695 0.357668
vt 0.983769 0.357232
vt 0.996619 0.356348
vt 0.989719 0.355543
vt 1.000107 0.353992
vt 0.996292 0.354585
vt 0.998403 0.355141
vt 0.989020 0.268117
vt 0.990548 0.266916
vt 0.994753 0.354022
vt 0.998403 0.352870
vt 0.996292 0.353449
vt 0.983815 0.342138
vt 0.994730 0.341499
vt 0.969222 0.342539
vt 0.975731 0.344933
vt 0.989723 0.343522
vt 0.996625 0.342616
vt 0.956738 0.342464
vt 0.956631 0.344487
vt 0.956737 0.346713
vt 0.969221 0.347274
vt 0.994718 0.348322
vt 0.983796 0.347806
vt 0.996621 0.347160
vt 0.989720 0.346358
vt 1.000108 0.344820
vt 0.996293 0.345453
vt 0.998403 0.345992
vt 0.989021 0.287611
vt 0.990549 0.286429
vt 0.994755 0.344900
vt 0.998404 0.343721
vt 0.996292 0.344318
vt 0.956848 0.323828
vt 0.956742 0.322137
vt 0.968040 0.322765
vt 0.969252 0.320762
vt 0.975097 0.318169
vt 0.955473 0.320568
vt 0.994031 0.322143
vt 0.995021 0.320974
vt 0.984555 0.320572
vt 0.982254 0.322303
vt 0.996614 0.319848
vt 0.989668 0.319112
vt 0.999044 0.318079
vt 0.997963 0.317777
vt 0.995083 0.318248
vt 0.997979 0.318853
vt 0.997154 0.317421
vt 0.992249 0.317601
vt 0.997006 0.316538
vt 0.995270 0.316198
vt 0.993197 0.316870
vt 0.997073 0.316958
vt 0.991013 0.315672
vt 0.985578 0.316497
vt 0.978949 0.314581
vt 0.971618 0.314697
vt 0.977278 0.315641
vt 0.984900 0.315033
vt 0.961944 0.315381
vt 0.965967 0.316711
vt 0.952095 0.318682
vt 0.948401 0.316951
vt 0.956740 0.330329
vt 0.969224 0.329599
vt 0.975744 0.327027
vt 0.956633 0.328408
vt 0.994714 0.330090
vt 0.983788 0.329650
vt 0.996621 0.328900
vt 0.989721 0.328163
vt 1.000108 0.326477
vt 0.996294 0.327191
vt 0.998404 0.327693
vt 0.994759 0.326656
vt 0.998405 0.325422
vt 0.996292 0.326056
vt 0.996629 0.324356
vt 0.989727 0.325326
vt 0.983959 0.323982
vt 0.994741 0.323267
vt 0.969226 0.324864
vt 0.956741 0.326080
vt 0.048701 0.642191
vt 0.048856 0.643913
vt 0.036205 0.643054
vt 0.034949 0.645059
vt 0.029601 0.647590
vt 0.050286 0.645537
vt 0.007973 0.643222
vt 0.006915 0.644359
vt 0.019597 0.645008
vt 0.022004 0.643294
vt 0.005012 0.645479
vt 0.013089 0.646408
vt 0.001534 0.647696
vt 0.005658 0.647203
vt 0.003232 0.646590
vt 0.007829 0.647782
vt 0.001534 0.647696
vt 0.005043 0.648742
vt 0.006769 0.648294
vt 0.001534 0.647696
vt 0.011466 0.649740
vt 0.017729 0.649060
vt 0.002565 -0.359465
vt 0.007765 -0.360743
vt 0.008818 -0.359649
vt 0.025935 0.651220
vt 0.032607 0.651243
vt 0.027830 0.650163
vt 0.019541 0.650642
vt 0.042847 0.650770
vt 0.038518 0.649289
vt 0.053957 0.647564
vt 0.057948 0.649446
vt 0.048857 0.635505
vt 0.034951 0.636040
vt 0.028805 0.638558
vt 0.049012 0.637470
vt 0.006917 0.635163
vt 0.019601 0.635796
vt 0.005013 0.636290
vt 0.013090 0.637205
vt 0.001534 0.638524
vt 0.005658 0.638014
vt 0.003232 0.637409
vt 0.007502 0.638605
vt 0.003232 0.639711
vt 0.005657 0.639166
vt 0.005015 0.640894
vt 0.013092 0.640084
vt 0.019617 0.641556
vt 0.006927 0.642066
vt 0.034950 0.640880
vt 0.048857 0.639871
vt 0.007983 0.615629
vt 0.022020 0.615651
vt 0.019612 0.613922
vt 0.006924 0.614480
vt 0.036208 0.615870
vt 0.034952 0.613824
vt 0.028935 0.611163
vt 0.013093 0.612475
vt 0.005015 0.613326
vt 0.048859 0.614647
vt 0.048703 0.616481
vt 0.049890 0.612410
vt 0.053960 0.604629
vt 0.052363 0.608997
vt 0.037523 0.605202
vt 0.035829 0.608349
vt 0.008089 0.605857
vt 0.006949 0.607348
vt 0.019639 0.607819
vt 0.022153 0.605579
vt 0.005018 0.608665
vt 0.013094 0.609510
vt 0.001535 0.611010
vt 0.005659 0.610448
vt 0.003233 0.609866
vt 0.002566 -0.281067
vt 0.008496 -0.281103
vt 0.006662 -0.279866
vt 0.007505 0.611027
vt 0.003233 0.612168
vt 0.005659 0.611599
vt 0.019614 0.623133
vt 0.006925 0.623675
vt 0.034952 0.622843
vt 0.028805 0.620341
vt 0.013092 0.621678
vt 0.005015 0.622515
vt 0.048858 0.623055
vt 0.049014 0.620977
vt 0.048858 0.618689
vt 0.034952 0.618003
vt 0.006921 0.616773
vt 0.019607 0.617374
vt 0.005014 0.617912
vt 0.013092 0.618799
vt 0.001534 0.620181
vt 0.005659 0.619637
vt 0.003233 0.619047
vt 0.002566 -0.300666
vt 0.008495 -0.300748
vt 0.006662 -0.299503
vt 0.007504 0.620219
vt 0.003233 0.621349
vt 0.005658 0.620788
vt 0.048706 0.588116
vt 0.048860 0.591302
vt 0.036210 0.589465
vt 0.034954 0.593101
vt 0.028951 0.597757
vt 0.049891 0.594736
vt 0.008602 0.589905
vt 0.007198 0.591970
vt 0.019760 0.593008
vt 0.022515 0.589911
vt 0.005073 0.594034
vt 0.013098 0.595588
vt 0.001535 0.598161
vt 0.005675 0.597133
vt 0.003233 0.596098
vt 0.007580 0.598167
vt 0.003233 0.600229
vt 0.005675 0.599199
vt 0.005069 0.602240
vt 0.013096 0.600667
vt 0.019715 0.602994
vt 0.007155 0.604136
vt 0.035830 0.601557
vt 0.052364 0.599526
vt 0.048862 0.576267
vt 0.034955 0.576947
vt 0.028830 0.581452
vt 0.049016 0.579883
vt 0.007198 0.575444
vt 0.019761 0.576482
vt 0.005074 0.577508
vt 0.013099 0.579061
vt 0.001535 0.581634
vt 0.005676 0.580606
vt 0.003234 0.579571
vt 0.007580 0.581640
vt 0.003234 0.583703
vt 0.005676 0.582672
vt 0.005074 0.585771
vt 0.013099 0.584226
vt 0.019761 0.586811
vt 0.007198 0.587839
vt 0.034955 0.585612
vt 0.048861 0.584071
vt 0.008604 0.540325
vt 0.022519 0.540331
vt 0.019764 0.537231
vt 0.007199 0.538259
vt 0.036213 0.540788
vt 0.034958 0.537151
vt 0.028957 0.532433
vt 0.013101 0.534646
vt 0.005075 0.536191
vt 0.048864 0.538967
vt 0.048709 0.542152
vt 0.049896 0.535354
vt 0.053966 0.523823
vt 0.052369 0.530019
vt 0.037529 0.523811
vt 0.035835 0.528200
vt 0.008605 0.523799
vt 0.007200 0.525864
vt 0.019764 0.526902
vt 0.022520 0.523804
vt 0.005075 0.527928
vt 0.013101 0.529481
vt 0.001537 0.532054
vt 0.005677 0.531026
vt 0.003235 0.529991
vt 0.007582 0.532061
vt 0.003235 0.534123
vt 0.005677 0.533092
vt 0.019763 0.553758
vt 0.007199 0.554785
vt 0.034957 0.553305
vt 0.028832 0.548794
vt 0.013100 0.551173
vt 0.005075 0.552718
vt 0.048863 0.554002
vt 0.049019 0.550387
vt 0.048864 0.546198
vt 0.034957 0.544640
vt 0.007199 0.542390
vt 0.019763 0.543428
vt 0.005075 0.544454
vt 0.013101 0.546008
vt 0.001536 0.548581
vt 0.005677 0.547553
vt 0.003235 0.546518
vt 0.007581 0.548587
vt 0.003235 0.550649
vt 0.005677 0.549619
vt 0.048711 0.505483
vt 0.048866 0.508669
vt 0.036216 0.506831
vt 0.034960 0.510467
vt 0.028958 0.515179
vt 0.049897 0.512285
vt 0.008606 0.507272
vt 0.007201 0.509337
vt 0.019765 0.510375
vt 0.022521 0.507277
vt 0.005076 0.511401
vt 0.013102 0.512955
vt 0.001537 0.515527
vt 0.005678 0.514500
vt 0.003236 0.513464
vt 0.007583 0.515534
vt 0.003236 0.517596
vt 0.005678 0.516566
vt 0.005076 0.519664
vt 0.013102 0.518119
vt 0.019765 0.520704
vt 0.007200 0.521732
vt 0.035835 0.519420
vt 0.052370 0.517624
vt 0.048867 0.493634
vt 0.034961 0.494314
vt 0.028835 0.498818
vt 0.049022 0.497250
vt 0.007201 0.492810
vt 0.019766 0.493848
vt 0.005076 0.494874
vt 0.013103 0.496428
vt 0.001538 0.499001
vt 0.005678 0.497973
vt 0.003236 0.496938
vt 0.007583 0.499007
vt 0.003236 0.501069
vt 0.005678 0.500039
vt 0.005076 0.503138
vt 0.013103 0.501593
vt 0.019766 0.504178
vt 0.007201 0.505205
vt 0.034960 0.502979
vt 0.048867 0.501438
vt 0.008608 0.457692
vt 0.022524 0.457697
vt 0.019769 0.454598
vt 0.007202 0.455625
vt 0.036219 0.458155
vt 0.034964 0.454518
vt 0.028962 0.449800
vt 0.013105 0.452013
vt 0.005078 0.453558
vt 0.048870 0.456334
vt 0.048715 0.459518
vt 0.049901 0.452720
vt 0.053972 0.441190
vt 0.052375 0.447386
vt 0.037535 0.441178
vt 0.035840 0.445567
vt 0.008609 0.441165
vt 0.007203 0.443230
vt 0.019769 0.444268
vt 0.022525 0.441171
vt 0.005078 0.445294
vt 0.013105 0.446848
vt 0.001539 0.449421
vt 0.005680 0.448393
vt 0.003237 0.447358
vt 0.007585 0.449427
vt 0.003237 0.451489
vt 0.005680 0.450459
vt 0.019768 0.471124
vt 0.007202 0.472152
vt 0.034963 0.470671
vt 0.028837 0.466160
vt 0.013104 0.468539
vt 0.005077 0.470084
vt 0.048869 0.471369
vt 0.049024 0.467754
vt 0.048869 0.463565
vt 0.034963 0.462006
vt 0.007202 0.459757
vt 0.019768 0.460795
vt 0.005077 0.461821
vt 0.013104 0.463375
vt 0.001539 0.465947
vt 0.005679 0.464920
vt 0.003237 0.463884
vt 0.007584 0.465954
vt 0.003237 0.468016
vt 0.005679 0.466986
vt 0.048717 0.422850
vt 0.048872 0.426035
vt 0.036222 0.424198
vt 0.034966 0.427834
vt 0.028964 0.432546
vt 0.049903 0.429652
vt 0.008609 0.424639
vt 0.007204 0.426704
vt 0.019770 0.427742
vt 0.022526 0.424644
vt 0.005078 0.428768
vt 0.013106 0.430321
vt 0.001539 0.432894
vt 0.005680 0.431866
vt 0.003238 0.430831
vt 0.007585 0.432900
vt 0.003238 0.434963
vt 0.005680 0.433932
vt 0.005078 0.437031
vt 0.013106 0.435486
vt 0.019770 0.438071
vt 0.007203 0.439099
vt 0.035841 0.436787
vt 0.052376 0.434991
vt 0.048873 0.411000
vt 0.034967 0.411681
vt 0.028841 0.416185
vt 0.049028 0.414616
vt 0.007204 0.410177
vt 0.019771 0.411215
vt 0.005079 0.412241
vt 0.013107 0.413795
vt 0.001540 0.416367
vt 0.005681 0.415340
vt 0.003238 0.414304
vt 0.007586 0.416374
vt 0.003238 0.418436
vt 0.005681 0.417405
vt 0.005079 0.420504
vt 0.013107 0.418959
vt 0.019771 0.421544
vt 0.007204 0.422572
vt 0.034966 0.420345
vt 0.048873 0.418805
vt 0.008611 0.375059
vt 0.022529 0.375064
vt 0.019774 0.371964
vt 0.007205 0.372992
vt 0.036225 0.375522
vt 0.034970 0.371884
vt 0.028967 0.367223
vt 0.013109 0.369379
vt 0.005080 0.370924
vt 0.048876 0.373701
vt 0.048720 0.376885
vt 0.049907 0.370277
vt 0.053978 0.360452
vt 0.052380 0.365511
vt 0.037540 0.359820
vt 0.035846 0.363444
vt 0.008099 0.359107
vt 0.007164 0.360827
vt 0.019729 0.361984
vt 0.022171 0.359408
vt 0.005076 0.362719
vt 0.013107 0.364302
vt 0.001541 0.366787
vt 0.005682 0.365760
vt 0.003240 0.364724
vt 0.007588 0.366794
vt 0.003239 0.368856
vt 0.005682 0.367826
vt 0.019773 0.388491
vt 0.007205 0.389519
vt 0.034969 0.388038
vt 0.028843 0.383527
vt 0.013108 0.385906
vt 0.005080 0.387451
vt 0.048875 0.388735
vt 0.049030 0.385121
vt 0.048875 0.380931
vt 0.034969 0.379373
vt 0.007205 0.377124
vt 0.019773 0.378162
vt 0.005080 0.379188
vt 0.013108 0.380741
vt 0.001541 0.383314
vt 0.005682 0.382286
vt 0.003239 0.381251
vt 0.007587 0.383320
vt 0.003239 0.385383
vt 0.005682 0.384352
vt 0.048722 0.348813
vt 0.048877 0.350607
vt 0.036227 0.349325
vt 0.034971 0.351325
vt 0.028954 0.353906
vt 0.049908 0.352800
vt 0.007989 0.349422
vt 0.006928 0.350562
vt 0.019621 0.351164
vt 0.022031 0.349466
vt 0.005022 0.351692
vt 0.013104 0.352567
vt 0.001542 0.353938
vt 0.005667 0.353396
vt 0.003240 0.352817
vt 0.007513 0.353970
vt 0.003240 0.355087
vt 0.005666 0.354532
vt 0.005025 0.356294
vt 0.013107 0.355490
vt 0.002573 0.268297
vt 0.006669 0.267029
vt 0.008503 0.268230
vt 0.019656 0.357180
vt 0.006958 0.357615
vt 0.035847 0.356704
vt 0.052381 0.356148
vt 0.048877 0.342414
vt 0.034971 0.342488
vt 0.028824 0.344882
vt 0.049033 0.344437
vt 0.006924 0.341446
vt 0.019615 0.342086
vt 0.005020 0.342562
vt 0.013103 0.343469
vt 0.001542 0.344766
vt 0.005667 0.344265
vt 0.003240 0.343667
vt 0.007511 0.344848
vt 0.003240 0.345938
vt 0.005666 0.345400
vt 0.005023 0.347107
vt 0.013106 0.346305
vt 0.019632 0.347753
vt 0.006935 0.348269
vt 0.034971 0.347223
vt 0.048877 0.346663
vt 0.007965 0.322090
vt 0.021995 0.322251
vt 0.019646 0.320520
vt 0.006943 0.320921
vt 0.036224 0.322714
vt 0.034968 0.320711
vt 0.029613 0.318113
vt 0.013107 0.319012
vt 0.005025 0.319717
vt 0.048876 0.322087
vt 0.048721 0.323778
vt 0.050307 0.320518
vt 0.057968 0.316903
vt 0.053976 0.318633
vt 0.042865 0.315331
vt 0.038536 0.316660
vt 0.025870 0.314529
vt 0.019462 0.314981
vt 0.027800 0.315589
vt 0.032623 0.314646
vt 0.011419 0.315700
vt 0.017693 0.316483
vt 0.001543 0.317252
vt 0.001543 0.317252
vt 0.006765 0.316969
vt 0.005041 0.316464
vt 0.002574 0.346695
vt 0.008817 0.346154
vt 0.007761 0.347300
vt 0.007829 0.317506
vt 0.001543 0.317252
vt 0.003240 0.318490
vt 0.005664 0.318007
vt 0.019642 0.329598
vt 0.006941 0.330037
vt 0.034970 0.329549
vt 0.028817 0.326976
vt 0.013107 0.328110
vt 0.005024 0.328847
vt 0.048877 0.330279
vt 0.049032 0.328359
vt 0.048876 0.326030
vt 0.034969 0.324813
vt 0.006914 0.323214
vt 0.019601 0.323930
vt 0.005017 0.324303
vt 0.013101 0.325274
vt 0.001542 0.326423
vt 0.005668 0.326003
vt 0.003239 0.325369
vt 0.002574 0.327096
vt 0.008499 0.326712
vt 0.006671 0.327995
vt 0.007508 0.326603
vt 0.003240 0.327639
vt 0.005665 0.327138
vt 0.016053 0.651182
vt 0.024847 0.651682
vt 0.009328 0.650359
vt 0.010167 0.651244
vt 0.016529 0.651682
vt 0.025192 0.652077
vt 0.001534 0.647696
vt 0.004457 0.649129
vt 0.001534 0.647695
vt 0.004374 0.649307
vt 0.001534 0.647695
vt 0.005469 -0.362520
vt 0.002565 -0.359463
vt 0.010306 -0.365140
vt 0.011139 -0.367049
vt 0.005386 -0.362908
vt 0.002565 -0.359464
vt 0.025718 -0.367940
vt 0.016985 -0.366887
vt 0.026061 -0.368791
vt 0.017458 -0.367960
vt 0.031813 -0.369445
vt 0.028705 -0.369269
vt 0.021332 -0.368724
vt 0.028709 -0.369266
vt 0.026047 -0.369325
vt 0.017565 -0.368591
vt 0.026421 -0.371475
vt 0.018801 -0.370931
vt 0.017414 -0.369403
vt 0.025689 -0.370060
vt 0.016238 -0.370626
vt 0.014599 -0.369030
vt 0.025554 0.653325
vt 0.024816 0.652664
vt 0.016485 0.652351
vt 0.017881 0.653066
vt 0.025178 0.652321
vt 0.016637 0.651973
vt 0.013650 0.652172
vt 0.015300 0.652919
vt 0.031814 -0.369482
vt 0.028710 -0.369303
vt 0.021333 -0.368749
vt 0.028707 -0.369300
vt 0.020431 0.652040
vt 0.027858 0.652299
vt 0.025178 0.652321
vt 0.027854 0.652298
vt 0.036877 -0.369727
vt 0.037587 -0.369783
vt 0.026048 -0.369350
vt 0.035868 -0.369882
vt 0.047492 -0.369818
vt 0.047741 -0.369567
vt 0.047918 -0.369522
vt 0.035062 0.653518
vt 0.034873 0.652890
vt 0.046805 0.653496
vt 0.046733 0.652868
vt 0.035677 -0.370565
vt 0.047457 -0.370518
vt 0.025689 -0.370082
vt 0.080855 0.652208
vt 0.080800 0.651436
vt 0.061967 0.652437
vt 0.062009 0.653110
vt 0.080772 0.650931
vt 0.061945 0.652053
vt 0.046769 0.652540
vt 0.080764 0.650309
vt 0.061939 0.651744
vt 0.061939 0.651856
vt 0.080764 0.650589
vt 0.047198 0.652402
vt 0.047019 0.652423
vt 0.103418 0.648414
vt 0.103419 0.647852
vt 0.103428 0.648996
vt 0.129205 0.646656
vt 0.129195 0.645782
vt 0.129196 0.644881
vt 0.103520 0.650643
vt 0.103459 0.649705
vt 0.129299 0.648747
vt 0.129236 0.647609
vt 0.081264 -0.366378
vt 0.081291 -0.367458
vt 0.103796 -0.363758
vt 0.103765 -0.362244
vt 0.187367 0.645297
vt 0.187316 0.643787
vt 0.157424 0.645514
vt 0.157484 0.646854
vt 0.187292 0.642377
vt 0.157395 0.644314
vt 0.187287 0.639425
vt 0.157388 0.641903
vt 0.157387 0.643146
vt 0.187285 0.640959
vt 0.218182 0.639671
vt 0.218185 0.637955
vt 0.218187 0.641250
vt 0.249831 0.640726
vt 0.249829 0.639056
vt 0.249832 0.637238
vt 0.218242 0.644408
vt 0.218205 0.642794
vt 0.249863 0.644018
vt 0.249841 0.642347
vt 0.314360 0.644039
vt 0.314365 0.642339
vt 0.281977 0.642258
vt 0.281984 0.643952
vt 0.314369 0.640666
vt 0.281975 0.640600
vt 0.314375 0.637054
vt 0.281979 0.637022
vt 0.281976 0.638886
vt 0.314372 0.638934
vt 0.346768 0.638972
vt 0.346772 0.637080
vt 0.346764 0.640718
vt 0.379160 0.640758
vt 0.379164 0.639001
vt 0.379168 0.637101
vt 0.346747 0.644106
vt 0.346757 0.642402
vt 0.379140 0.644157
vt 0.379152 0.642450
vt 0.443938 0.644219
vt 0.443946 0.642507
vt 0.411549 0.642484
vt 0.411538 0.644194
vt 0.443952 0.640806
vt 0.411556 0.640787
vt 0.443960 0.637128
vt 0.411564 0.637116
vt 0.411560 0.639023
vt 0.443956 0.639038
vt 0.476352 0.639048
vt 0.476355 0.637135
vt 0.476348 0.640819
vt 0.508744 0.640824
vt 0.508747 0.639053
vt 0.508751 0.637139
vt 0.476339 0.644234
vt 0.476344 0.642522
vt 0.508739 0.644240
vt 0.508741 0.642528
vt 0.573539 0.644226
vt 0.573536 0.642515
vt 0.541138 0.642526
vt 0.541138 0.644238
vt 0.573536 0.640813
vt 0.541140 0.640823
vt 0.573542 0.637134
vt 0.541146 0.637138
vt 0.541143 0.639052
vt 0.573538 0.639045
vt 0.605933 0.639034
vt 0.605937 0.637127
vt 0.605931 0.640797
vt 0.638327 0.640772
vt 0.638328 0.639015
vt 0.638332 0.637115
vt 0.605939 0.644204
vt 0.605933 0.642495
vt 0.638337 0.644171
vt 0.638329 0.642464
vt 0.605933 0.642495
vt 0.638329 0.642464
vt 0.703114 0.644060
vt 0.703114 0.642360
vt 0.670723 0.642420
vt 0.670729 0.644124
vt 0.703116 0.640687
vt 0.670722 0.640736
vt 0.703121 0.637075
vt 0.670727 0.637098
vt 0.670724 0.638990
vt 0.703118 0.638955
vt 0.735513 0.638911
vt 0.735516 0.637047
vt 0.735509 0.640625
vt 0.767503 0.640754
vt 0.767510 0.639084
vt 0.767512 0.637266
vt 0.735488 0.643976
vt 0.735501 0.642282
vt 0.767459 0.644045
vt 0.767487 0.642375
vt 0.828614 0.645331
vt 0.828673 0.643822
vt 0.798677 0.642825
vt 0.798632 0.644440
vt 0.828704 0.642412
vt 0.798700 0.641281
vt 0.828717 0.639460
vt 0.798712 0.637986
vt 0.798710 0.639702
vt 0.828715 0.640993
vt 0.857127 0.643184
vt 0.857129 0.641941
vt 0.857115 0.644352
vt 0.883425 0.646697
vt 0.883438 0.645823
vt 0.883439 0.644922
vt 0.857013 0.646891
vt 0.857080 0.645552
vt 0.883318 0.648788
vt 0.883389 0.647649
vt 0.927620 0.652254
vt 0.927681 0.651482
vt 0.907092 0.649748
vt 0.907024 0.650686
vt 0.927711 0.650977
vt 0.907127 0.649040
vt 0.927722 0.650355
vt 0.907140 0.647895
vt 0.907139 0.648457
vt 0.927721 0.650635
vt 0.944677 0.651904
vt 0.944677 0.651793
vt 0.944669 0.652101
vt 0.958236 0.652590
vt 0.958015 0.652472
vt 0.957855 0.652452
vt 0.944599 0.653157
vt 0.944646 0.652485
vt 0.958187 0.653546
vt 0.958261 0.652918
vt 0.977529 0.653377
vt 0.978290 0.652716
vt 0.968800 0.652941
vt 0.968610 0.653569
vt 0.978031 0.652373
vt 0.968647 0.652621
vt 0.972490 0.652435
vt 0.967106 0.652575
vt 0.967745 0.652549
vt 0.975563 0.652350
vt 0.967745 0.652549
vt 0.997234 0.649182
vt 0.992624 0.650412
vt 0.991612 0.651297
vt 0.997286 0.649360
vt 0.978567 0.651734
vt 0.986478 0.651235
vt 0.978091 0.652129
vt 0.985876 0.651734
vt 0.982324 0.652092
vt 0.975558 0.652351
vt 0.985685 0.652026
vt 0.985900 -0.367161
vt 0.980203 -0.368094
vt 0.976675 -0.368860
vt 0.980014 -0.368718
vt 0.984342 0.653118
vt 0.985717 0.652404
vt 0.986629 0.652971
vt 0.988258 0.652225
vt 0.971912 -0.371584
vt 0.972669 -0.370170
vt 0.980045 -0.369514
vt 0.978679 -0.371042
vt 0.972411 -0.369434
vt 0.980013 -0.368702
vt 0.982569 -0.369143
vt 0.980952 -0.370738
vt 0.966906 -0.369553
vt 0.969954 -0.369376
vt 0.976675 -0.368835
vt 0.969959 -0.369378
vt 0.972470 -0.368901
vt 0.980202 -0.368072
vt 0.980800 -0.366998
vt 0.972942 -0.368050
vt 0.986905 -0.365253
vt 0.991484 -0.362635
vt 0.991536 -0.363022
vt 0.998526 0.316959
vt 0.997875 0.316445
vt 0.998853 0.317300
vt 0.999401 0.317253
vt 0.998998 0.316937
vt 0.998193 0.316389
vt 0.997875 0.316445
vt 0.998526 0.316959
vt 0.999683 0.317615
vt 0.999250 0.317494
vt 0.999895 0.317460
vt 0.999679 0.317399
vt 0.999401 0.317253
vt 0.993486 0.346184
vt 0.993916 0.345923
vt 0.993092 0.346600
vt 0.999250 0.317491
vt 0.998853 0.317297
vt 0.994127 0.346251
vt 0.993912 0.346381
vt 0.992120 0.348428
vt 0.992767 0.347328
vt 0.992437 0.348540
vt 0.993236 0.347368
vt 0.998526 0.316956
vt 0.987766 0.314446
vt 0.979851 0.314114
vt 0.992910 0.315001
vt 0.992507 0.314228
vt 0.987239 0.313968
vt 0.979388 0.313736
vt 0.996237 0.315730
vt 0.996516 0.315546
vt 0.990494 0.349958
vt 0.987189 0.351522
vt 0.986789 0.353157
vt 0.990770 0.350341
vt 0.997875 0.316441
vt 0.996237 0.315725
vt 0.974218 0.353445
vt 0.982080 0.352722
vt 0.973758 0.354249
vt 0.981557 0.353736
vt 0.967659 0.354650
vt 0.971089 0.354606
vt 0.978095 0.354336
vt 0.971079 0.354609
vt 0.973712 0.354759
vt 0.981397 0.354340
vt 0.973143 0.356877
vt 0.980100 0.356605
vt 0.981439 0.355145
vt 0.973975 0.355499
vt 0.982327 0.356392
vt 0.983863 0.354883
vt 0.978768 0.312497
vt 0.979606 0.313143
vt 0.987121 0.313304
vt 0.985772 0.312620
vt 0.979341 0.313491
vt 0.987079 0.313682
vt 0.989560 0.313420
vt 0.988014 0.312714
vt 0.973247 0.313547
vt 0.976691 0.313567
vt 0.983755 0.313688
vt 0.976700 0.313565
vt 0.976691 0.313567
vt 0.967778 0.313558
vt 0.967139 0.313551
vt 0.968679 0.313459
vt 0.958260 0.313734
vt 0.958046 0.313860
vt 0.957886 0.313888
vt 0.968572 0.312512
vt 0.968815 0.313135
vt 0.958153 0.312776
vt 0.958266 0.313404
vt 0.927601 0.314504
vt 0.927689 0.315282
vt 0.944652 0.314078
vt 0.944571 0.313402
vt 0.927732 0.315793
vt 0.944692 0.314465
vt 0.927748 0.316431
vt 0.944706 0.314782
vt 0.944705 0.314665
vt 0.927747 0.316142
vt 0.907163 0.318457
vt 0.907164 0.319035
vt 0.907148 0.317861
vt 0.883446 0.320281
vt 0.883461 0.321175
vt 0.883462 0.322100
vt 0.907014 0.316193
vt 0.907103 0.317142
vt 0.883319 0.318156
vt 0.883404 0.319310
vt 0.828630 0.321644
vt 0.828693 0.323180
vt 0.857098 0.321439
vt 0.857022 0.320078
vt 0.828725 0.324622
vt 0.857136 0.322664
vt 0.857136 0.322664
vt 0.828739 0.327652
vt 0.857151 0.325136
vt 0.857150 0.323860
vt 0.828737 0.326077
vt 0.857150 0.323860
vt 0.828739 0.327652
vt 0.798732 0.327391
vt 0.798734 0.329156
vt 0.798723 0.325768
vt 0.798732 0.327391
vt 0.767525 0.326307
vt 0.767532 0.328028
vt 0.767534 0.329901
vt 0.798652 0.322538
vt 0.798698 0.324185
vt 0.767481 0.322935
vt 0.767509 0.324642
vt 0.703137 0.322922
vt 0.703137 0.324666
vt 0.735524 0.324740
vt 0.735511 0.323005
vt 0.703138 0.326392
vt 0.735531 0.326447
vt 0.703143 0.330133
vt 0.735538 0.330143
vt 0.735535 0.328217
vt 0.703140 0.328186
vt 0.735531 0.326447
vt 0.670745 0.328162
vt 0.670748 0.330126
vt 0.670744 0.326350
vt 0.638349 0.326319
vt 0.638350 0.328145
vt 0.638354 0.330122
vt 0.670752 0.322857
vt 0.670746 0.324609
vt 0.638359 0.322809
vt 0.638351 0.324566
vt 0.638349 0.326319
vt 0.670744 0.326350
vt 0.573561 0.322751
vt 0.573558 0.324515
vt 0.605955 0.324536
vt 0.605961 0.322775
vt 0.573558 0.326281
vt 0.605954 0.326296
vt 0.573563 0.330116
vt 0.605959 0.330118
vt 0.605955 0.328132
vt 0.573560 0.328124
vt 0.541165 0.328118
vt 0.541168 0.330114
vt 0.541162 0.326271
vt 0.508766 0.326267
vt 0.508769 0.328115
vt 0.508773 0.330112
vt 0.541161 0.322736
vt 0.541161 0.324502
vt 0.508761 0.322730
vt 0.508763 0.324496
vt 0.443961 0.322744
vt 0.443969 0.324508
vt 0.476366 0.324498
vt 0.476361 0.322733
vt 0.443974 0.326274
vt 0.476370 0.326268
vt 0.443981 0.330109
vt 0.476377 0.330110
vt 0.476374 0.328115
vt 0.443978 0.328117
vt 0.411582 0.328122
vt 0.411585 0.330108
vt 0.411578 0.326286
vt 0.379182 0.326305
vt 0.379186 0.328131
vt 0.379189 0.330108
vt 0.411561 0.322764
vt 0.411571 0.324525
vt 0.379163 0.322795
vt 0.379174 0.324552
vt 0.314383 0.322901
vt 0.314388 0.324645
vt 0.346780 0.324591
vt 0.346769 0.322840
vt 0.314391 0.326371
vt 0.346786 0.326332
vt 0.314397 0.330112
vt 0.346793 0.330109
vt 0.346790 0.328145
vt 0.314394 0.328165
vt 0.281998 0.328192
vt 0.282000 0.330118
vt 0.281997 0.326422
vt 0.249853 0.326279
vt 0.249851 0.328000
vt 0.249854 0.329873
vt 0.282007 0.322980
vt 0.281999 0.324715
vt 0.249886 0.322906
vt 0.249863 0.324614
vt 0.187396 0.321608
vt 0.187342 0.323145
vt 0.218228 0.324153
vt 0.218267 0.322507
vt 0.187315 0.324587
vt 0.218209 0.325736
vt 0.187309 0.327617
vt 0.218206 0.329124
vt 0.218204 0.327359
vt 0.187307 0.326042
vt 0.157409 0.323822
vt 0.157410 0.325098
vt 0.157419 0.322626
vt 0.129230 0.320240
vt 0.129218 0.321134
vt 0.129219 0.322059
vt 0.157519 0.320040
vt 0.157452 0.321401
vt 0.129343 0.318115
vt 0.129267 0.319269
vt 0.080916 0.314457
vt 0.080837 0.315235
vt 0.103493 0.317098
vt 0.103573 0.316149
vt 0.080798 0.315747
vt 0.103453 0.317818
vt 0.080785 0.316385
vt 0.103441 0.318991
vt 0.103441 0.318413
vt 0.080785 0.316096
vt 0.061958 0.314617
vt 0.061958 0.314734
vt 0.061970 0.314417
vt 0.046791 0.313684
vt 0.047036 0.313810
vt 0.047215 0.313838
vt 0.062078 0.313353
vt 0.062006 0.314029
vt 0.046880 0.312725
vt 0.046773 0.313354
vt 0.025538 0.312446
vt 0.024748 0.313091
vt 0.034912 0.313083
vt 0.035140 0.312460
vt 0.025090 0.313439
vt 0.035085 0.313408
vt 0.030982 0.313496
vt 0.036810 0.313501
vt 0.036096 0.313507
vt 0.027790 0.313514
vt 0.004456 0.316057
vt 0.001543 0.317251
vt 0.009276 0.315044
vt 0.010090 0.314200
vt 0.004372 0.315877
vt 0.001542 0.317251
vt 0.024762 0.314062
vt 0.015956 0.314393
vt 0.025101 0.313684
vt 0.016416 0.313915
vt 0.020311 0.313636
vt 0.027794 0.313515
vt 0.025961 0.354843
vt 0.017453 0.354437
vt 0.021214 0.354423
vt 0.028643 0.354684
vt 0.016523 0.313629
vt 0.017817 0.312568
vt 0.016386 0.313251
vt 0.015231 0.312662
vt 0.013558 0.313368
vt 0.026405 0.356987
vt 0.025620 0.355609
vt 0.017316 0.355256
vt 0.018737 0.356716
vt 0.025960 0.354868
vt 0.017452 0.354452
vt 0.011063 0.353219
vt 0.014508 0.354995
vt 0.016169 0.356504
vt 0.031812 0.354759
vt 0.028645 0.354718
vt 0.021214 0.354447
vt 0.028642 0.354716
vt 0.025970 0.354358
vt 0.017345 0.353848
vt 0.016888 0.352834
vt 0.025634 0.353554
vt 0.010255 0.351431
vt 0.002574 0.346698
vt 0.005467 0.349257
vt 0.002574 0.346696
vt 0.005385 0.349634
vt 0.962227 0.354635
vt 0.961593 0.354649
vt 0.963307 0.354356
vt 0.953131 0.353507
vt 0.952560 0.353875
vt 0.952402 0.353945
vt 0.964047 0.353577
vt 0.954210 0.352557
vt 0.924006 0.344674
vt 0.940776 0.349821
vt 0.922850 0.346720
vt 0.939676 0.351152
vt 0.922465 0.348579
vt 0.939310 0.352062
vt 0.939309 0.351788
vt 0.922465 0.347891
vt 0.963258 0.355527
vt 0.963016 0.356856
vt 0.963122 0.354838
vt 0.952774 0.354264
vt 0.952779 0.354964
vt 0.952667 0.356302
vt 0.962227 0.354631
vt 0.952561 0.353999
vt 0.922466 0.349178
vt 0.939310 0.352299
vt 0.922452 0.349908
vt 0.939297 0.352720
vt 0.922323 0.352635
vt 0.939178 0.354974
vt 0.939257 0.353540
vt 0.922409 0.350987
vt 0.927748 0.316764
vt 0.944706 0.314916
vt 0.928137 0.317323
vt 0.945076 0.315221
vt 0.958621 0.314101
vt 0.958046 0.313924
vt 0.946184 0.315848
vt 0.929301 0.318289
vt 0.959708 0.314549
vt 0.969611 0.314060
vt 0.968866 0.313693
vt 0.967778 0.313560
vt 0.967778 0.313560
vt 0.902018 0.341700
vt 0.902019 0.343080
vt 0.902576 0.339643
vt 0.879143 0.331347
vt 0.878475 0.334394
vt 0.878476 0.336607
vt 0.904249 0.336416
vt 0.881151 0.326925
vt 0.825123 0.310988
vt 0.854356 0.318080
vt 0.824367 0.316617
vt 0.852842 0.323261
vt 0.824119 0.324906
vt 0.852341 0.330201
vt 0.852339 0.327151
vt 0.824117 0.321154
vt 0.901963 0.347038
vt 0.901875 0.349041
vt 0.902006 0.345526
vt 0.878464 0.340400
vt 0.878423 0.342435
vt 0.878340 0.344866
vt 0.902020 0.344282
vt 0.878477 0.338533
vt 0.824121 0.328184
vt 0.852342 0.332859
vt 0.824112 0.331214
vt 0.852331 0.335354
vt 0.824023 0.337452
vt 0.852221 0.340779
vt 0.852295 0.337918
vt 0.824083 0.334227
vt 0.828741 0.329452
vt 0.857152 0.326598
vt 0.828996 0.331617
vt 0.857662 0.328452
vt 0.884138 0.324611
vt 0.883463 0.323162
vt 0.859188 0.330902
vt 0.829760 0.334287
vt 0.886161 0.326697
vt 0.909413 0.322199
vt 0.907727 0.320677
vt 0.907164 0.319698
vt 0.794313 0.317580
vt 0.794315 0.321764
vt 0.794412 0.312652
vt 0.763345 0.310694
vt 0.763323 0.315821
vt 0.763326 0.320232
vt 0.794712 0.306754
vt 0.763419 0.304660
vt 0.699360 0.304037
vt 0.731537 0.303994
vt 0.699363 0.310114
vt 0.731539 0.310071
vt 0.699369 0.319840
vt 0.731545 0.319772
vt 0.731542 0.315271
vt 0.699366 0.315320
vt 0.794291 0.332105
vt 0.794248 0.335555
vt 0.794312 0.328805
vt 0.763326 0.327686
vt 0.763314 0.331150
vt 0.763289 0.334719
vt 0.794317 0.325431
vt 0.763328 0.324118
vt 0.699372 0.323856
vt 0.731548 0.323754
vt 0.699375 0.327558
vt 0.731548 0.327418
vt 0.699382 0.334765
vt 0.731536 0.334579
vt 0.731545 0.330959
vt 0.699378 0.331133
vt 0.703146 0.332319
vt 0.735540 0.332314
vt 0.703149 0.334824
vt 0.735543 0.334811
vt 0.767564 0.334482
vt 0.767536 0.332025
vt 0.735545 0.337712
vt 0.703151 0.337729
vt 0.767642 0.337356
vt 0.799146 0.336327
vt 0.798839 0.333522
vt 0.798736 0.331165
vt 0.667190 0.315362
vt 0.667194 0.319894
vt 0.667187 0.310151
vt 0.635011 0.310182
vt 0.635014 0.315396
vt 0.635018 0.319938
vt 0.667184 0.304075
vt 0.635008 0.304107
vt 0.570657 0.304153
vt 0.602832 0.304133
vt 0.570660 0.310226
vt 0.602835 0.310207
vt 0.570667 0.319996
vt 0.602843 0.319972
vt 0.602839 0.315423
vt 0.570664 0.315443
vt 0.667207 0.331268
vt 0.667218 0.334910
vt 0.667201 0.327670
vt 0.635026 0.327755
vt 0.635033 0.331369
vt 0.635045 0.335018
vt 0.667197 0.323938
vt 0.635021 0.324001
vt 0.570671 0.324080
vt 0.602846 0.324047
vt 0.570675 0.327858
vt 0.602851 0.327815
vt 0.570688 0.335150
vt 0.602868 0.335096
vt 0.602858 0.331443
vt 0.570681 0.331493
vt 0.573567 0.332332
vt 0.605962 0.332330
vt 0.573570 0.334854
vt 0.605965 0.334850
vt 0.638360 0.334843
vt 0.638357 0.332327
vt 0.605968 0.337763
vt 0.573573 0.337769
vt 0.638363 0.337754
vt 0.670757 0.337743
vt 0.670754 0.334834
vt 0.670752 0.332323
vt 0.538488 0.315456
vt 0.538492 0.320012
vt 0.538485 0.310239
vt 0.506310 0.310246
vt 0.506313 0.315463
vt 0.506317 0.320020
vt 0.538481 0.304167
vt 0.506306 0.304174
vt 0.441957 0.304168
vt 0.474132 0.304174
vt 0.441960 0.310241
vt 0.474135 0.310247
vt 0.441968 0.320011
vt 0.474142 0.320019
vt 0.474139 0.315464
vt 0.441964 0.315458
vt 0.538504 0.331525
vt 0.538509 0.335183
vt 0.538500 0.327885
vt 0.506324 0.327897
vt 0.506327 0.331538
vt 0.506330 0.335196
vt 0.538496 0.324101
vt 0.506321 0.324110
vt 0.441971 0.324095
vt 0.474146 0.324109
vt 0.441974 0.327873
vt 0.474149 0.327892
vt 0.441971 0.335165
vt 0.474150 0.335191
vt 0.474151 0.331533
vt 0.441974 0.331509
vt 0.443985 0.332325
vt 0.476381 0.332328
vt 0.443988 0.334847
vt 0.476384 0.334853
vt 0.508780 0.334856
vt 0.508776 0.332331
vt 0.476387 0.337768
vt 0.443991 0.337762
vt 0.508783 0.337771
vt 0.541178 0.337771
vt 0.541175 0.334856
vt 0.541172 0.332332
vt 0.409790 0.315445
vt 0.409793 0.319994
vt 0.409786 0.310230
vt 0.377612 0.310212
vt 0.377615 0.315426
vt 0.377619 0.319969
vt 0.409783 0.304156
vt 0.377609 0.304137
vt 0.313262 0.304082
vt 0.345435 0.304113
vt 0.313264 0.310159
vt 0.345438 0.310189
vt 0.313271 0.319884
vt 0.345445 0.319933
vt 0.345441 0.315399
vt 0.313267 0.315365
vt 0.409797 0.331466
vt 0.409792 0.335120
vt 0.409799 0.327838
vt 0.377624 0.327784
vt 0.377622 0.331399
vt 0.377614 0.335049
vt 0.409797 0.324070
vt 0.377622 0.324031
vt 0.313274 0.323902
vt 0.345448 0.323976
vt 0.313276 0.327604
vt 0.345449 0.327707
vt 0.313276 0.334811
vt 0.345442 0.334948
vt 0.345448 0.331305
vt 0.313277 0.331177
vt 0.314400 0.332297
vt 0.346796 0.332305
vt 0.314402 0.334802
vt 0.346799 0.334817
vt 0.379196 0.334829
vt 0.379193 0.332313
vt 0.346802 0.337725
vt 0.314405 0.337707
vt 0.379198 0.337740
vt 0.411595 0.337752
vt 0.411592 0.334839
vt 0.411589 0.332319
vt 0.281094 0.315323
vt 0.281097 0.319824
vt 0.281091 0.310124
vt 0.249138 0.310755
vt 0.249168 0.315882
vt 0.249171 0.320293
vt 0.281088 0.304046
vt 0.249053 0.304721
vt 0.185950 0.311062
vt 0.217295 0.306821
vt 0.186778 0.316691
vt 0.217627 0.312719
vt 0.187057 0.324981
vt 0.217742 0.321831
vt 0.217740 0.317647
vt 0.187056 0.321227
vt 0.281110 0.331013
vt 0.281121 0.334632
vt 0.281103 0.327470
vt 0.249180 0.327746
vt 0.249194 0.331210
vt 0.249219 0.334780
vt 0.281099 0.323807
vt 0.249174 0.324177
vt 0.187059 0.328258
vt 0.217744 0.325499
vt 0.187070 0.331289
vt 0.217753 0.328872
vt 0.187156 0.337527
vt 0.217816 0.335622
vt 0.217775 0.332173
vt 0.187100 0.334302
vt 0.187310 0.329417
vt 0.218209 0.331134
vt 0.187035 0.331582
vt 0.218100 0.333491
vt 0.249831 0.334454
vt 0.249856 0.331997
vt 0.217769 0.336295
vt 0.186204 0.334252
vt 0.249749 0.337328
vt 0.282008 0.337687
vt 0.282006 0.334786
vt 0.282003 0.332290
vt 0.157364 0.327233
vt 0.157366 0.330283
vt 0.156812 0.323342
vt 0.128637 0.331436
vt 0.129369 0.334481
vt 0.129370 0.336694
vt 0.155158 0.318162
vt 0.126445 0.327013
vt 0.079596 0.344772
vt 0.101336 0.336509
vt 0.080852 0.346819
vt 0.103161 0.339736
vt 0.081272 0.348678
vt 0.103771 0.343174
vt 0.103770 0.341792
vt 0.081271 0.347989
vt 0.157415 0.337999
vt 0.157484 0.340862
vt 0.157380 0.335435
vt 0.129384 0.340487
vt 0.129423 0.342523
vt 0.129499 0.344955
vt 0.157367 0.332940
vt 0.129371 0.338620
vt 0.081272 0.349277
vt 0.103772 0.344375
vt 0.081286 0.350006
vt 0.103785 0.345619
vt 0.081404 0.352734
vt 0.103906 0.349136
vt 0.103826 0.347132
vt 0.081325 0.351085
vt 0.080786 0.316718
vt 0.103442 0.319655
vt 0.080365 0.317277
vt 0.102830 0.320633
vt 0.128485 0.324570
vt 0.129220 0.323121
vt 0.100994 0.322155
vt 0.079101 0.318242
vt 0.126280 0.326656
vt 0.155195 0.330864
vt 0.156858 0.328414
vt 0.157412 0.326560
vt 0.062574 0.351891
vt 0.062574 0.352164
vt 0.062177 0.351254
vt 0.047135 0.353612
vt 0.047755 0.353981
vt 0.047933 0.354050
vt 0.060988 0.349924
vt 0.045987 0.352662
vt 0.035067 0.353685
vt 0.035725 0.354464
vt 0.037600 0.354756
vt 0.036890 0.354743
vt 0.062623 0.353642
vt 0.062695 0.355079
vt 0.062587 0.352822
vt 0.047513 0.354369
vt 0.047495 0.355070
vt 0.047601 0.356408
vt 0.062575 0.352401
vt 0.047755 0.354105
vt 0.036890 0.354738
vt 0.035887 0.354946
vt 0.035941 0.356964
vt 0.035715 0.355636
vt 0.036096 0.313509
vt 0.034923 0.313642
vt 0.046413 0.314051
vt 0.047036 0.313875
vt 0.034261 0.314008
vt 0.045256 0.314499
vt 0.060362 0.315800
vt 0.061559 0.315173
vt 0.061958 0.314868
vt 0.036876 -0.369684
vt 0.037585 -0.369739
vt 0.035710 -0.369328
vt 0.047119 -0.368956
vt 0.047738 -0.369376
vt 0.047916 -0.369463
vt 0.035052 -0.368481
vt 0.045970 -0.367909
vt 0.079575 -0.360812
vt 0.060969 -0.365624
vt 0.080831 -0.362979
vt 0.062158 -0.367061
vt 0.081251 -0.364919
vt 0.062555 -0.368030
vt 0.062555 -0.367744
vt 0.081250 -0.364208
vt 0.035676 -0.370533
vt 0.035864 -0.371878
vt 0.035866 -0.369846
vt 0.047490 -0.369769
vt 0.047455 -0.370473
vt 0.047526 -0.371821
vt 0.036876 -0.369687
vt 0.047739 -0.369513
vt 0.081251 -0.365537
vt 0.062556 -0.368279
vt 0.081260 -0.366283
vt 0.062563 -0.368708
vt 0.081343 -0.369042
vt 0.062627 -0.370983
vt 0.062584 -0.369536
vt 0.081288 -0.367378
vt 0.080764 0.649987
vt 0.061939 0.651617
vt 0.080343 0.649423
vt 0.061540 0.651304
vt 0.046396 0.652173
vt 0.047019 0.652365
vt 0.060343 0.650637
vt 0.079080 0.648416
vt 0.045239 0.651686
vt 0.034246 0.651942
vt 0.034908 0.652336
vt 0.036878 -0.369731
vt 0.047741 -0.369443
vt 0.047122 -0.369032
vt 0.035712 -0.369380
vt 0.036081 0.652500
vt 0.103748 -0.358186
vt 0.103749 -0.359604
vt 0.103139 -0.356048
vt 0.128615 -0.347754
vt 0.129346 -0.350909
vt 0.129347 -0.353178
vt 0.101314 -0.352657
vt 0.126423 -0.343119
vt 0.185929 -0.326925
vt 0.155137 -0.334159
vt 0.186757 -0.332819
vt 0.156790 -0.339582
vt 0.187036 -0.341356
vt 0.157344 -0.346732
vt 0.157342 -0.343607
vt 0.187034 -0.337510
vt 0.103791 -0.363651
vt 0.103854 -0.365679
vt 0.103760 -0.362112
vt 0.129360 -0.357065
vt 0.129392 -0.359141
vt 0.129456 -0.361608
vt 0.103749 -0.360838
vt 0.129348 -0.355154
vt 0.187037 -0.344720
vt 0.157345 -0.349458
vt 0.187047 -0.347829
vt 0.157356 -0.352014
vt 0.187127 -0.354196
vt 0.157448 -0.357543
vt 0.157387 -0.354632
vt 0.187075 -0.350912
vt 0.187289 0.637669
vt 0.157390 0.640476
vt 0.187013 0.635517
vt 0.156837 0.638626
vt 0.128463 0.642392
vt 0.129197 0.643845
vt 0.155174 0.636114
vt 0.186183 0.632795
vt 0.126258 0.640241
vt 0.100972 0.644646
vt 0.102808 0.646222
vt 0.103420 0.647206
vt 0.217718 -0.333847
vt 0.217720 -0.338142
vt 0.217606 -0.328748
vt 0.249117 -0.326697
vt 0.249147 -0.332010
vt 0.249150 -0.336548
vt 0.217274 -0.322567
vt 0.249033 -0.320367
vt 0.313241 -0.319572
vt 0.281068 -0.319608
vt 0.313244 -0.325967
vt 0.281070 -0.325994
vt 0.313249 -0.336053
vt 0.281075 -0.336033
vt 0.281073 -0.331392
vt 0.313246 -0.331382
vt 0.217751 -0.348764
vt 0.217791 -0.352283
vt 0.217731 -0.345381
vt 0.249158 -0.344229
vt 0.249171 -0.347787
vt 0.249196 -0.351436
vt 0.217722 -0.341913
vt 0.249152 -0.340552
vt 0.313252 -0.340214
vt 0.281078 -0.340147
vt 0.313254 -0.344047
vt 0.281081 -0.343931
vt 0.313254 -0.351463
vt 0.281098 -0.351286
vt 0.281088 -0.347579
vt 0.313255 -0.347737
vt 0.314378 0.634939
vt 0.281982 0.634916
vt 0.314382 0.632474
vt 0.281985 0.632454
vt 0.249810 0.632745
vt 0.249835 0.635174
vt 0.281987 0.629522
vt 0.314384 0.629543
vt 0.249729 0.629834
vt 0.217748 0.630813
vt 0.218078 0.633662
vt 0.218187 0.635997
vt 0.345420 -0.331373
vt 0.345423 -0.336067
vt 0.345417 -0.325943
vt 0.377591 -0.325925
vt 0.377594 -0.331365
vt 0.377597 -0.336077
vt 0.345415 -0.319541
vt 0.377588 -0.319516
vt 0.441937 -0.319486
vt 0.409762 -0.319498
vt 0.441940 -0.325901
vt 0.409765 -0.325910
vt 0.441946 -0.336089
vt 0.409772 -0.336085
vt 0.409768 -0.331359
vt 0.441943 -0.331355
vt 0.345426 -0.347859
vt 0.345419 -0.351601
vt 0.345427 -0.344137
vt 0.377602 -0.344204
vt 0.377599 -0.347950
vt 0.377592 -0.351704
vt 0.345426 -0.340265
vt 0.377600 -0.340302
vt 0.441950 -0.340347
vt 0.409775 -0.340328
vt 0.441952 -0.344284
vt 0.409777 -0.344252
vt 0.441948 -0.351828
vt 0.409769 -0.351778
vt 0.409775 -0.348015
vt 0.441952 -0.348059
vt 0.443963 0.634997
vt 0.411568 0.634987
vt 0.443967 0.632527
vt 0.411571 0.632518
vt 0.379175 0.632506
vt 0.379171 0.634975
vt 0.411574 0.629588
vt 0.443970 0.629597
vt 0.379178 0.629575
vt 0.346781 0.629560
vt 0.346778 0.632492
vt 0.346775 0.634959
vt 0.474117 -0.331354
vt 0.474121 -0.336094
vt 0.474114 -0.325897
vt 0.506289 -0.325898
vt 0.506292 -0.331356
vt 0.506296 -0.336098
vt 0.474111 -0.319480
vt 0.506286 -0.319480
vt 0.570636 -0.319500
vt 0.538461 -0.319487
vt 0.570639 -0.325916
vt 0.538464 -0.325904
vt 0.570646 -0.336105
vt 0.538471 -0.336101
vt 0.538467 -0.331361
vt 0.570642 -0.331370
vt 0.474128 -0.348087
vt 0.474128 -0.351860
vt 0.474127 -0.344305
vt 0.506302 -0.344315
vt 0.506305 -0.348098
vt 0.506307 -0.351873
vt 0.474124 -0.340359
vt 0.506299 -0.340366
vt 0.570649 -0.340362
vt 0.538474 -0.340367
vt 0.570653 -0.344299
vt 0.538478 -0.344313
vt 0.570666 -0.351843
vt 0.538486 -0.351867
vt 0.538482 -0.348095
vt 0.570658 -0.348074
vt 0.573546 0.635004
vt 0.541150 0.635007
vt 0.573549 0.632534
vt 0.541154 0.632536
vt 0.508759 0.632536
vt 0.508755 0.635006
vt 0.541157 0.629607
vt 0.573553 0.629604
vt 0.508762 0.629607
vt 0.476366 0.629603
vt 0.476363 0.632533
vt 0.476359 0.635003
vt 0.602818 -0.331381
vt 0.602821 -0.336107
vt 0.602814 -0.325933
vt 0.634990 -0.325955
vt 0.634993 -0.331395
vt 0.634996 -0.336107
vt 0.602812 -0.319521
vt 0.634987 -0.319546
vt 0.699340 -0.319617
vt 0.667163 -0.319579
vt 0.699342 -0.326012
vt 0.667166 -0.325981
vt 0.699348 -0.336098
vt 0.667172 -0.336105
vt 0.667169 -0.331411
vt 0.699345 -0.331427
vt 0.602835 -0.348037
vt 0.602846 -0.351801
vt 0.602829 -0.344275
vt 0.635004 -0.344234
vt 0.635011 -0.347979
vt 0.635023 -0.351735
vt 0.602824 -0.340351
vt 0.635000 -0.340332
vt 0.699350 -0.340259
vt 0.667175 -0.340302
vt 0.699353 -0.344093
vt 0.667179 -0.344175
vt 0.699360 -0.351508
vt 0.667195 -0.351639
vt 0.667185 -0.347896
vt 0.699356 -0.347782
vt 0.703125 0.634961
vt 0.670730 0.634977
vt 0.703128 0.632495
vt 0.670734 0.632509
vt 0.638339 0.632520
vt 0.638335 0.634989
vt 0.670736 0.629578
vt 0.703131 0.629564
vt 0.638342 0.629590
vt 0.605947 0.629598
vt 0.605944 0.632528
vt 0.605941 0.634998
vt 0.731521 -0.331444
vt 0.731524 -0.336085
vt 0.731518 -0.326046
vt 0.763324 -0.326757
vt 0.763302 -0.332071
vt 0.763304 -0.336608
vt 0.731516 -0.319660
vt 0.763398 -0.320427
vt 0.825102 -0.326999
vt 0.794692 -0.322635
vt 0.824346 -0.332894
vt 0.794391 -0.328816
vt 0.824097 -0.341430
vt 0.794294 -0.338209
vt 0.794292 -0.333914
vt 0.824095 -0.337584
vt 0.731523 -0.347631
vt 0.731514 -0.351338
vt 0.731526 -0.343984
vt 0.763304 -0.344289
vt 0.763292 -0.347847
vt 0.763267 -0.351496
vt 0.731526 -0.340200
vt 0.763306 -0.340611
vt 0.824099 -0.344794
vt 0.794296 -0.341981
vt 0.824091 -0.347904
vt 0.794290 -0.345448
vt 0.824007 -0.354270
vt 0.794228 -0.352350
vt 0.794270 -0.348832
vt 0.824063 -0.350986
vt 0.828719 0.637704
vt 0.798714 0.636028
vt 0.828975 0.635552
vt 0.798818 0.633693
vt 0.767543 0.632773
vt 0.767515 0.635202
vt 0.799125 0.630845
vt 0.829739 0.632830
vt 0.767622 0.629862
vt 0.735525 0.629547
vt 0.735522 0.632479
vt 0.735519 0.634941
vt 0.852317 -0.343688
vt 0.852319 -0.346812
vt 0.852821 -0.339664
vt 0.879121 -0.347842
vt 0.878452 -0.350997
vt 0.878453 -0.353266
vt 0.854334 -0.334241
vt 0.881129 -0.343207
vt 0.923980 -0.360910
vt 0.904226 -0.352751
vt 0.922824 -0.363078
vt 0.902552 -0.356141
vt 0.922440 -0.365017
vt 0.901995 -0.359697
vt 0.901995 -0.358279
vt 0.922439 -0.364306
vt 0.852278 -0.354714
vt 0.852212 -0.357623
vt 0.852310 -0.352095
vt 0.878443 -0.357153
vt 0.878409 -0.359228
vt 0.878340 -0.361695
vt 0.852320 -0.349538
vt 0.878454 -0.355242
vt 0.922440 -0.365635
vt 0.901996 -0.360931
vt 0.922431 -0.366381
vt 0.901985 -0.362205
vt 0.922341 -0.369140
vt 0.901885 -0.365771
vt 0.901952 -0.363743
vt 0.922401 -0.367476
vt 0.927722 0.650033
vt 0.907140 0.647249
vt 0.928111 0.649469
vt 0.907703 0.646266
vt 0.884116 0.642433
vt 0.883440 0.643886
vt 0.909389 0.644690
vt 0.929275 0.648463
vt 0.886139 0.640282
vt 0.859166 0.636152
vt 0.857640 0.638664
vt 0.857130 0.640514
vt 0.939281 -0.367846
vt 0.939281 -0.368133
vt 0.939648 -0.367163
vt 0.953100 -0.369061
vt 0.952529 -0.369481
vt 0.952371 -0.369568
vt 0.940749 -0.365727
vt 0.954180 -0.368014
vt 0.963923 -0.368589
vt 0.963260 -0.369435
vt 0.961560 -0.369846
vt 0.962193 -0.369791
vt 0.939251 -0.369639
vt 0.939205 -0.371084
vt 0.939274 -0.368811
vt 0.952749 -0.369875
vt 0.952775 -0.370578
vt 0.952701 -0.371926
vt 0.939282 -0.368382
vt 0.952530 -0.369619
vt 0.962194 -0.369795
vt 0.963090 -0.369954
vt 0.963054 -0.371986
vt 0.963242 -0.370640
vt 0.967745 0.652551
vt 0.968819 0.652387
vt 0.958590 0.652222
vt 0.958015 0.652415
vt 0.969486 0.651993
vt 0.959677 0.651736
vt 0.946156 0.650685
vt 0.945047 0.651352
vt 0.944677 0.651665
vt 0.026947 -0.373565
vt 0.019788 -0.372945
vt 0.028034 -0.375652
vt 0.021421 -0.374874
vt 0.019609 -0.374149
vt 0.017395 -0.372594
vt 0.032594 -0.377647
vt 0.030209 -0.377060
vt 0.024726 -0.376147
vt 0.030209 -0.377055
vt 0.027177 0.655276
vt 0.020519 0.654909
vt 0.023846 0.655502
vt 0.029368 0.655929
vt 0.021421 -0.374879
vt 0.018875 0.654007
vt 0.026084 0.654302
vt 0.016466 0.653839
vt 0.018694 0.654567
vt 0.035189 0.654516
vt 0.035587 0.655559
vt 0.047021 0.655621
vt 0.046877 0.654517
vt 0.031768 0.656204
vt 0.037246 0.656641
vt 0.036592 0.656327
vt 0.047489 0.656882
vt 0.047309 0.656500
vt 0.081167 0.655944
vt 0.081130 0.655522
vt 0.062222 0.656253
vt 0.062251 0.656663
vt 0.081048 0.654556
vt 0.062158 0.655322
vt 0.062080 0.654173
vt 0.080947 0.653350
vt 0.103624 0.651917
vt 0.103738 0.653219
vt 0.129522 0.651594
vt 0.129405 0.650178
vt 0.081656 -0.377090
vt 0.104206 -0.374398
vt 0.104165 -0.373457
vt 0.081620 -0.376190
vt 0.129660 0.653151
vt 0.129617 0.652688
vt 0.103831 0.654243
vt 0.103872 0.654684
vt 0.187659 0.650341
vt 0.187625 0.649840
vt 0.157784 0.651129
vt 0.157824 0.651614
vt 0.187548 0.648628
vt 0.157694 0.649969
vt 0.157584 0.648441
vt 0.187453 0.647012
vt 0.218306 0.646196
vt 0.218376 0.647857
vt 0.249943 0.647511
vt 0.249901 0.645837
vt 0.218459 0.649598
vt 0.218433 0.649091
vt 0.249992 0.649252
vt 0.249977 0.648747
vt 0.314341 0.649207
vt 0.314343 0.648716
vt 0.282025 0.648668
vt 0.282030 0.649167
vt 0.314348 0.647505
vt 0.282012 0.647442
vt 0.281997 0.645775
vt 0.314354 0.645854
vt 0.314354 0.645853
vt 0.346731 0.645915
vt 0.346714 0.647554
vt 0.379103 0.647591
vt 0.379122 0.645960
vt 0.346694 0.649239
vt 0.346701 0.648753
vt 0.379080 0.649263
vt 0.379087 0.648781
vt 0.346714 0.647554
vt 0.443903 0.649292
vt 0.443908 0.648816
vt 0.411493 0.648802
vt 0.411487 0.649280
vt 0.443917 0.647636
vt 0.411506 0.647618
vt 0.411493 0.648802
vt 0.443908 0.648816
vt 0.411523 0.645993
vt 0.443928 0.646016
vt 0.443917 0.647636
vt 0.476332 0.646030
vt 0.476326 0.647648
vt 0.476332 0.646030
vt 0.508735 0.647653
vt 0.508737 0.646036
vt 0.476319 0.649300
vt 0.476321 0.648825
vt 0.508734 0.649304
vt 0.508735 0.648829
vt 0.476326 0.647648
vt 0.573565 0.649299
vt 0.573562 0.648823
vt 0.541148 0.648828
vt 0.541149 0.649303
vt 0.573554 0.647643
vt 0.541145 0.647651
vt 0.541141 0.646033
vt 0.573546 0.646023
vt 0.605951 0.646004
vt 0.605965 0.647628
vt 0.638368 0.647605
vt 0.638351 0.645974
vt 0.605981 0.649291
vt 0.605976 0.648812
vt 0.638387 0.649277
vt 0.638381 0.648796
vt 0.638368 0.647605
vt 0.638381 0.648795
vt 0.703119 0.649228
vt 0.703119 0.648737
vt 0.670766 0.648771
vt 0.670770 0.649256
vt 0.703117 0.647526
vt 0.670755 0.647572
vt 0.703114 0.644060
vt 0.670741 0.645932
vt 0.703115 0.645875
vt 0.735469 0.645799
vt 0.735448 0.647466
vt 0.767362 0.647538
vt 0.767413 0.645864
vt 0.767459 0.644045
vt 0.735422 0.649191
vt 0.735430 0.648692
vt 0.767302 0.649279
vt 0.767321 0.648774
vt 0.828284 0.650374
vt 0.828323 0.649873
vt 0.798412 0.649122
vt 0.798382 0.649629
vt 0.828411 0.648662
vt 0.798478 0.647888
vt 0.798558 0.646227
vt 0.828517 0.647046
vt 0.828517 0.647046
vt 0.856901 0.648479
vt 0.856778 0.650006
vt 0.883072 0.651634
vt 0.883201 0.650218
vt 0.856632 0.651651
vt 0.856677 0.651166
vt 0.882919 0.653191
vt 0.882966 0.652727
vt 0.927278 0.655988
vt 0.927318 0.655567
vt 0.906682 0.654285
vt 0.906636 0.654726
vt 0.927409 0.654601
vt 0.906785 0.653261
vt 0.906910 0.651959
vt 0.927519 0.653395
vt 0.944522 0.654220
vt 0.944436 0.655369
vt 0.957972 0.655670
vt 0.958111 0.654566
vt 0.944335 0.656710
vt 0.944367 0.656300
vt 0.957546 0.656931
vt 0.957709 0.656549
vt 0.971481 0.656255
vt 0.973777 0.655980
vt 0.967226 0.656377
vt 0.966646 0.656691
vt 0.975895 0.655327
vt 0.968120 0.655610
vt 0.968482 0.654566
vt 0.976963 0.654353
vt 0.983357 0.654060
vt 0.981844 0.654961
vt 0.983468 0.654619
vt 0.985478 0.653892
vt 0.965906 -0.377755
vt 0.968186 -0.377163
vt 0.973252 -0.376257
vt 0.968187 -0.377169
vt 0.970290 -0.375761
vt 0.976199 -0.374985
vt 0.977812 -0.374260
vt 0.976199 -0.374990
vt 0.978877 0.655553
vt 0.977701 -0.373056
vt 0.971350 -0.373675
vt 0.979808 -0.372705
vt 0.081435 -0.371498
vt 0.062698 -0.373265
vt 0.081536 -0.374092
vt 0.062776 -0.375734
vt 0.047742 -0.376379
vt 0.047599 -0.374009
vt 0.062869 -0.378628
vt 0.062840 -0.377738
vt 0.081619 -0.376173
vt 0.048207 -0.379096
vt 0.048028 -0.378268
vt 0.037384 -0.377901
vt 0.038034 -0.378580
vt 0.036386 -0.376252
vt 0.035990 -0.374015
vt 0.187214 -0.357908
vt 0.157549 -0.360973
vt 0.187310 -0.361399
vt 0.157660 -0.364269
vt 0.129680 -0.367749
vt 0.129563 -0.364696
vt 0.187423 -0.365118
vt 0.157791 -0.367839
vt 0.157750 -0.366777
vt 0.187388 -0.364018
vt 0.129818 -0.371123
vt 0.129776 -0.370110
vt 0.104165 -0.373437
vt 0.104071 -0.371227
vt 0.103958 -0.368423
vt 0.313250 -0.355410
vt 0.281114 -0.355246
vt 0.313246 -0.358990
vt 0.281131 -0.358856
vt 0.249280 -0.359005
vt 0.249236 -0.355383
vt 0.313242 -0.362695
vt 0.281151 -0.362608
vt 0.281145 -0.361511
vt 0.313243 -0.361614
vt 0.249332 -0.362790
vt 0.249316 -0.361681
vt 0.217986 -0.362419
vt 0.218013 -0.363531
vt 0.217928 -0.359748
vt 0.217856 -0.356157
vt 0.441941 -0.355749
vt 0.409757 -0.355702
vt 0.441932 -0.359267
vt 0.409743 -0.359228
vt 0.377560 -0.359172
vt 0.377577 -0.355634
vt 0.441922 -0.362876
vt 0.409726 -0.362850
vt 0.409731 -0.361797
vt 0.441925 -0.361827
vt 0.377540 -0.362813
vt 0.377546 -0.361754
vt 0.345380 -0.361694
vt 0.345375 -0.362762
vt 0.345392 -0.359094
vt 0.345407 -0.355538
vt 0.570676 -0.355764
vt 0.538492 -0.355786
vt 0.570687 -0.359282
vt 0.538498 -0.359299
vt 0.506310 -0.359302
vt 0.506309 -0.355790
vt 0.570700 -0.362891
vt 0.538505 -0.362900
vt 0.538503 -0.361854
vt 0.570696 -0.361843
vt 0.506311 -0.362901
vt 0.506310 -0.361856
vt 0.474118 -0.361847
vt 0.474117 -0.362893
vt 0.474121 -0.359291
vt 0.474125 -0.355778
vt 0.699364 -0.355455
vt 0.667210 -0.355576
vt 0.699368 -0.359035
vt 0.667225 -0.359131
vt 0.635059 -0.359203
vt 0.635040 -0.355663
vt 0.699372 -0.362739
vt 0.667244 -0.362800
vt 0.667238 -0.361731
vt 0.699371 -0.361659
vt 0.635081 -0.362844
vt 0.635074 -0.361784
vt 0.602890 -0.361820
vt 0.602896 -0.362873
vt 0.602877 -0.359251
vt 0.602861 -0.355725
vt 0.823912 -0.357981
vt 0.794157 -0.356223
vt 0.823808 -0.361471
vt 0.794079 -0.359814
vt 0.763175 -0.359063
vt 0.763223 -0.355441
vt 0.823685 -0.365189
vt 0.793986 -0.363596
vt 0.794014 -0.362483
vt 0.823722 -0.364090
vt 0.763118 -0.362849
vt 0.763135 -0.361740
vt 0.731462 -0.361563
vt 0.731455 -0.362660
vt 0.731478 -0.358908
vt 0.731497 -0.355298
vt 0.922242 -0.371594
vt 0.901772 -0.368514
vt 0.922133 -0.374188
vt 0.901649 -0.371317
vt 0.878097 -0.367834
vt 0.878224 -0.364782
vt 0.922004 -0.377185
vt 0.901503 -0.374488
vt 0.901548 -0.373527
vt 0.922043 -0.376269
vt 0.877947 -0.371208
vt 0.877993 -0.370194
vt 0.851883 -0.366855
vt 0.851840 -0.367917
vt 0.851982 -0.364348
vt 0.852103 -0.361052
vt 0.962927 -0.374123
vt 0.962567 -0.376360
vt 0.952488 -0.376483
vt 0.952626 -0.374115
vt 0.961105 -0.378687
vt 0.961680 -0.378008
vt 0.952066 -0.379200
vt 0.952227 -0.378372
vt 0.938976 -0.377838
vt 0.938945 -0.378728
vt 0.939045 -0.375834
vt 0.939129 -0.373366
vt 0.972466 0.358942
vt 0.979094 0.358576
vt 0.971209 0.360984
vt 0.977518 0.360444
vt 0.979176 0.359781
vt 0.981193 0.358308
vt 0.971501 0.309738
vt 0.974334 0.309959
vt 0.980032 0.310281
vt 0.974334 0.309956
vt 0.976820 0.310572
vt 0.983172 0.310821
vt 0.974399 0.361594
vt 0.977518 0.360438
vt 0.968740 0.362287
vt 0.984759 0.311697
vt 0.978087 0.311529
vt 0.986873 0.311818
vt 0.984842 0.311129
vt 0.968372 0.311517
vt 0.967935 0.310480
vt 0.957801 0.310649
vt 0.958011 0.311754
vt 0.966391 0.309430
vt 0.966990 0.309733
vt 0.957295 0.309389
vt 0.957482 0.309772
vt 0.966391 0.309431
vt 0.927106 0.310743
vt 0.927165 0.311172
vt 0.944171 0.310246
vt 0.944117 0.309830
vt 0.927296 0.312144
vt 0.944291 0.311182
vt 0.944438 0.312336
vt 0.927456 0.313356
vt 0.906867 0.314911
vt 0.906705 0.313601
vt 0.883024 0.315286
vt 0.883178 0.316713
vt 0.906513 0.312119
vt 0.906572 0.312568
vt 0.877870 0.354269
vt 0.877926 0.353256
vt 0.901439 0.356705
vt 0.901381 0.357665
vt 0.882897 0.314182
vt 0.823677 0.348227
vt 0.823719 0.347128
vt 0.851852 0.349884
vt 0.851802 0.350946
vt 0.828412 0.318274
vt 0.856758 0.316932
vt 0.856645 0.315760
vt 0.828319 0.317049
vt 0.856645 0.315760
vt 0.856896 0.318474
vt 0.828526 0.319907
vt 0.856896 0.318474
vt 0.798576 0.320726
vt 0.798492 0.319046
vt 0.767383 0.319394
vt 0.767434 0.321088
vt 0.793997 0.346643
vt 0.794028 0.345530
vt 0.763138 0.345904
vt 0.763157 0.344795
vt 0.798424 0.317797
vt 0.767341 0.318141
vt 0.699396 0.345810
vt 0.699395 0.344729
vt 0.731486 0.344626
vt 0.731479 0.345723
vt 0.703140 0.319400
vt 0.735471 0.319463
vt 0.735454 0.318220
vt 0.703142 0.318172
vt 0.735492 0.321152
vt 0.703138 0.321075
vt 0.703140 0.319400
vt 0.670764 0.321015
vt 0.670778 0.319351
vt 0.638391 0.319314
vt 0.638374 0.320970
vt 0.667267 0.345878
vt 0.667262 0.344809
vt 0.635104 0.345929
vt 0.635098 0.344869
vt 0.670789 0.318134
vt 0.638405 0.318106
vt 0.570723 0.345991
vt 0.570720 0.344943
vt 0.602914 0.344913
vt 0.602919 0.345966
vt 0.573577 0.319270
vt 0.605988 0.319288
vt 0.606000 0.318086
vt 0.573585 0.318072
vt 0.638405 0.318106
vt 0.605974 0.320938
vt 0.573569 0.320916
vt 0.541164 0.320903
vt 0.541168 0.319259
vt 0.508759 0.319254
vt 0.508760 0.320897
vt 0.538528 0.346008
vt 0.538527 0.344962
vt 0.506334 0.346017
vt 0.506335 0.344972
vt 0.541171 0.318063
vt 0.508758 0.318059
vt 0.441945 0.346007
vt 0.441949 0.344958
vt 0.474142 0.344970
vt 0.474140 0.346016
vt 0.443940 0.319263
vt 0.476349 0.319255
vt 0.476345 0.318060
vt 0.443931 0.318065
vt 0.476355 0.320899
vt 0.443951 0.320909
vt 0.411546 0.320928
vt 0.411529 0.319278
vt 0.379126 0.319300
vt 0.379145 0.320956
vt 0.409749 0.345989
vt 0.409755 0.344936
vt 0.377563 0.345959
vt 0.377570 0.344900
vt 0.411516 0.318075
vt 0.379111 0.318092
vt 0.313265 0.345856
vt 0.313267 0.344775
vt 0.345404 0.344848
vt 0.345398 0.345916
vt 0.314371 0.319379
vt 0.346737 0.319334
vt 0.346724 0.318117
vt 0.314366 0.318151
vt 0.346754 0.320997
vt 0.314377 0.321054
vt 0.282020 0.321127
vt 0.282035 0.319438
vt 0.249968 0.319365
vt 0.249925 0.321060
vt 0.281174 0.345776
vt 0.281169 0.344680
vt 0.249357 0.345966
vt 0.249342 0.344857
vt 0.282048 0.318195
vt 0.250003 0.318112
vt 0.187473 0.348306
vt 0.187437 0.347206
vt 0.218021 0.345600
vt 0.218047 0.346713
vt 0.187590 0.318238
vt 0.218407 0.319014
vt 0.218467 0.317764
vt 0.187673 0.317013
vt 0.218333 0.320694
vt 0.187488 0.319872
vt 0.157632 0.318435
vt 0.157756 0.316893
vt 0.129609 0.315243
vt 0.129469 0.316671
vt 0.157869 0.351032
vt 0.157824 0.349970
vt 0.129931 0.354361
vt 0.129881 0.353348
vt 0.157857 0.315720
vt 0.129723 0.314139
vt 0.081363 0.310695
vt 0.081311 0.311123
vt 0.103973 0.312522
vt 0.104026 0.312073
vt 0.081192 0.312097
vt 0.103853 0.313555
vt 0.104359 0.357763
vt 0.104306 0.356803
vt 0.103706 0.314866
vt 0.081048 0.313309
vt 0.062199 0.312286
vt 0.062332 0.311132
vt 0.047217 0.310598
vt 0.047010 0.311703
vt 0.062488 0.309780
vt 0.062440 0.310196
vt 0.047755 0.309337
vt 0.047554 0.309721
vt 0.032848 0.362865
vt 0.030441 0.362392
vt 0.037635 0.362875
vt 0.038302 0.363521
vt 0.027337 0.310519
vt 0.035795 0.310428
vt 0.036844 0.309681
vt 0.029601 0.309907
vt 0.048472 0.363609
vt 0.048272 0.362790
vt 0.035330 0.311465
vt 0.026152 0.311477
vt 0.018880 0.311644
vt 0.020602 0.310768
vt 0.018743 0.311077
vt 0.016454 0.311766
vt 0.032024 0.309686
vt 0.029601 0.309904
vt 0.023997 0.310228
vt 0.028192 0.361095
vt 0.021503 0.360556
vt 0.024876 0.361705
vt 0.030441 0.362398
vt 0.019657 0.359893
vt 0.021504 0.360551
vt 0.019793 0.358687
vt 0.027016 0.359053
vt 0.017384 0.358420
vt 0.922179 0.355071
vt 0.939046 0.357243
vt 0.922021 0.357645
vt 0.938900 0.359695
vt 0.952318 0.360828
vt 0.952527 0.358478
vt 0.921834 0.360604
vt 0.938729 0.362556
vt 0.938781 0.361682
vt 0.921891 0.359706
vt 0.951817 0.363498
vt 0.952002 0.362692
vt 0.965926 0.362753
vt 0.961446 0.362772
vt 0.960851 0.363410
vt 0.962384 0.361185
vt 0.962817 0.358977
vt 0.823921 0.341117
vt 0.852098 0.344170
vt 0.823809 0.344569
vt 0.851962 0.347432
vt 0.878050 0.350945
vt 0.878202 0.347921
vt 0.851851 0.349910
vt 0.823718 0.347156
vt 0.877925 0.353280
vt 0.901439 0.356725
vt 0.901570 0.354539
vt 0.901730 0.351759
vt 0.699386 0.338643
vt 0.731520 0.338475
vt 0.699391 0.342173
vt 0.731501 0.342037
vt 0.763196 0.342183
vt 0.763245 0.338606
vt 0.731485 0.344656
vt 0.699394 0.344760
vt 0.763156 0.344825
vt 0.794026 0.345560
vt 0.794093 0.342923
vt 0.794174 0.339374
vt 0.570699 0.338990
vt 0.602883 0.338943
vt 0.570710 0.342452
vt 0.602900 0.342414
vt 0.635082 0.342357
vt 0.635063 0.338872
vt 0.602913 0.344944
vt 0.570719 0.344974
vt 0.635097 0.344900
vt 0.667261 0.344840
vt 0.667248 0.342278
vt 0.667232 0.338774
vt 0.441964 0.339006
vt 0.474148 0.339028
vt 0.441955 0.342467
vt 0.474144 0.342485
vt 0.506333 0.342488
vt 0.506331 0.339033
vt 0.474141 0.345001
vt 0.441948 0.344989
vt 0.506334 0.345002
vt 0.538526 0.344993
vt 0.538521 0.342477
vt 0.538515 0.339021
vt 0.313273 0.338689
vt 0.345429 0.338812
vt 0.313269 0.342218
vt 0.345415 0.342316
vt 0.377583 0.342387
vt 0.377600 0.338903
vt 0.345403 0.344878
vt 0.313266 0.344806
vt 0.377569 0.344931
vt 0.409754 0.344967
vt 0.409766 0.342437
vt 0.409780 0.338965
vt 0.187249 0.341192
vt 0.217884 0.339443
vt 0.187352 0.344646
vt 0.217959 0.342993
vt 0.249305 0.342245
vt 0.249260 0.338668
vt 0.218019 0.345630
vt 0.187436 0.347235
vt 0.249341 0.344887
vt 0.281168 0.344711
vt 0.281154 0.342090
vt 0.281137 0.338528
vt 0.081536 0.355172
vt 0.104039 0.351855
vt 0.081680 0.357747
vt 0.104186 0.354636
vt 0.129766 0.351036
vt 0.129627 0.348011
vt 0.081851 0.360707
vt 0.104306 0.356823
vt 0.081798 0.359809
vt 0.129880 0.353371
vt 0.157823 0.349995
vt 0.157721 0.347516
vt 0.157597 0.344253
vt 0.036130 0.359086
vt 0.036592 0.361294
vt 0.047937 0.360938
vt 0.047731 0.358585
vt 0.037635 0.362883
vt 0.048272 0.362801
vt 0.063057 0.361789
vt 0.063105 0.362664
vt 0.062948 0.359801
vt 0.062816 0.357347
s 1
usemtl kek05.002
f 1/1/1 2/2/2 3/3/3
f 1/1/1 3/3/3 4/4/4
f 5/5/5 6/6/6 3/3/3
f 5/5/5 3/3/3 2/2/2
f 7/7/7 8/8/8 3/3/3
f 7/7/7 3/3/3 6/6/6
f 9/9/9 4/4/4 3/3/3
f 9/9/9 3/3/3 8/8/8
f 10/10/10 11/11/11 12/12/12
f 13/10/13 14/13/14 11/11/11
f 7/7/7 6/6/6 11/11/11
f 7/7/7 11/11/11 14/13/14
f 5/5/5 12/12/12 11/11/11
f 5/5/5 11/11/11 6/6/6
f 15/10/15 16/14/16 17/15/17
f 18/16/18 19/17/19 17/15/17
f 18/16/18 17/15/17 16/14/16
f 7/7/7 14/13/14 17/15/17
f 7/7/7 17/15/17 19/17/19
f 13/10/13 17/15/17 14/13/14
f 20/18/20 21/19/21 22/20/22
f 20/18/20 22/20/22 23/21/23
f 24/22/24 25/23/25 22/20/22
f 24/22/24 22/20/22 21/19/21
f 7/7/7 19/17/19 22/20/22
f 7/7/7 22/20/22 25/23/25
f 18/16/18 23/21/23 22/20/22
f 18/16/18 22/20/22 19/17/19
f 26/24/26 27/25/27 28/26/28
f 26/24/26 28/26/28 29/27/29
f 30/28/30 31/29/31 28/26/28
f 30/28/30 28/26/28 27/25/27
f 7/7/7 25/23/25 28/26/28
f 7/7/7 28/26/28 31/29/31
f 24/22/24 29/27/29 28/26/28
f 24/22/24 28/26/28 25/23/25
f 32/30/32 33/31/33 34/32/34
f 32/30/32 34/32/34 35/33/35
f 9/9/9 8/8/8 34/32/34
f 9/9/9 34/32/34 33/31/33
f 7/7/7 31/29/31 34/32/34
f 7/7/7 34/32/34 8/8/8
f 30/28/30 35/33/35 34/32/34
f 30/28/30 34/32/34 31/29/31
f 36/34/36 37/35/37 38/36/38
f 36/34/36 38/36/38 39/37/39
f 40/38/40 41/39/41 38/36/38
f 40/38/40 38/36/38 37/35/37
f 42/40/42 43/41/43 38/36/38
f 42/40/42 38/36/38 41/39/41
f 44/42/44 39/37/39 38/36/38
f 44/42/44 38/36/38 43/41/43
f 45/43/45 46/44/46 47/45/47
f 45/43/45 47/45/47 48/46/48
f 49/47/49 50/48/50 47/45/47
f 49/47/49 47/45/47 46/44/46
f 42/40/42 41/39/41 47/45/47
f 42/40/42 47/45/47 50/48/50
f 40/38/40 48/46/48 47/45/47
f 40/38/40 47/45/47 41/39/41
f 32/30/32 35/33/35 51/49/51
f 32/30/32 51/49/51 52/50/52
f 30/28/30 53/51/53 51/49/51
f 30/28/30 51/49/51 35/33/35
f 42/40/42 50/48/50 51/49/51
f 42/40/42 51/49/51 53/51/53
f 49/47/49 52/50/52 51/49/51
f 49/47/49 51/49/51 50/48/50
f 26/24/26 54/52/54 55/53/55
f 26/24/26 55/53/55 27/25/27
f 56/54/56 57/55/57 55/53/55
f 56/54/56 55/53/55 54/52/54
f 42/40/42 53/51/53 55/53/55
f 42/40/42 55/53/55 57/55/57
f 30/28/30 27/25/27 55/53/55
f 30/28/30 55/53/55 53/51/53
f 58/56/58 59/57/59 60/58/60
f 58/56/58 60/58/60 61/59/61
f 62/60/62 63/61/63 60/58/60
f 62/60/62 60/58/60 59/57/59
f 42/40/42 57/55/57 60/58/60
f 42/40/42 60/58/60 63/61/63
f 56/54/56 61/59/61 60/58/60
f 56/54/56 60/58/60 57/55/57
f 64/62/64 65/63/65 66/64/66
f 64/62/64 66/64/66 67/65/67
f 68/66/68 69/67/69 66/64/66
f 68/66/68 66/64/66 65/63/65
f 42/40/42 63/61/63 66/64/66
f 42/40/42 66/64/66 69/67/69
f 62/60/62 67/65/67 66/64/66
f 62/60/62 66/64/66 63/61/63
f 70/68/70 71/69/71 72/70/72
f 70/68/70 72/70/72 73/71/73
f 74/72/74 75/73/75 72/70/72
f 74/72/74 72/70/72 71/69/71
f 42/40/42 69/67/69 72/70/72
f 42/40/42 72/70/72 75/73/75
f 68/66/68 73/71/73 72/70/72
f 68/66/68 72/70/72 69/67/69
f 76/74/76 77/75/77 78/76/78
f 76/74/76 78/76/78 79/77/79
f 44/42/44 43/41/43 78/76/78
f 44/42/44 78/76/78 77/75/77
f 42/40/42 75/73/75 78/76/78
f 42/40/42 78/76/78 43/41/43
f 74/72/74 79/77/79 78/76/78
f 74/72/74 78/76/78 75/73/75
f 80/78/80 81/79/81 82/80/82
f 80/78/80 82/80/82 83/81/83
f 84/82/84 85/83/85 82/80/82
f 84/82/84 82/80/82 81/79/81
f 86/84/86 87/85/87 82/80/82
f 86/84/86 82/80/82 85/83/85
f 88/86/88 83/81/83 82/80/82
f 88/86/88 82/80/82 87/85/87
f 89/87/89 90/88/90 91/89/91
f 89/87/89 91/89/91 92/90/92
f 93/91/93 94/92/94 91/89/91
f 93/91/93 91/89/91 90/88/90
f 86/84/86 85/83/85 91/89/91
f 86/84/86 91/89/91 94/92/94
f 84/82/84 92/90/92 91/89/91
f 84/82/84 91/89/91 85/83/85
f 95/93/95 96/94/96 97/95/97
f 95/93/95 97/95/97 98/96/98
f 99/97/99 100/98/100 97/95/97
f 99/97/99 97/95/97 96/94/96
f 86/84/86 94/92/94 97/95/97
f 86/84/86 97/95/97 100/98/100
f 93/91/93 98/96/98 97/95/97
f 93/91/93 97/95/97 94/92/94
f 101/99/101 102/100/102 103/101/103
f 101/99/101 103/101/103 104/102/104
f 88/86/88 87/85/87 103/101/103
f 88/86/88 103/101/103 102/100/102
f 86/84/86 100/98/100 103/101/103
f 86/84/86 103/101/103 87/85/87
f 99/97/99 104/102/104 103/101/103
f 99/97/99 103/101/103 100/98/100
f 105/103/105 106/104/106 107/105/107
f 105/103/105 107/105/107 108/106/108
f 109/107/109 110/108/110 107/105/107
f 109/107/109 107/105/107 106/104/106
f 111/109/111 112/110/112 107/105/107
f 111/109/111 107/105/107 110/108/110
f 113/111/113 108/106/108 107/105/107
f 113/111/113 107/105/107 112/110/112
f 114/112/114 115/113/115 116/114/116
f 114/112/114 116/114/116 117/115/117
f 118/116/118 119/117/119 116/114/116
f 118/116/118 116/114/116 115/113/115
f 111/109/111 110/108/110 116/114/116
f 111/109/111 116/114/116 119/117/119
f 109/107/109 117/115/117 116/114/116
f 109/107/109 116/114/116 110/108/110
f 120/118/120 121/119/121 122/120/122
f 120/118/120 122/120/122 123/121/123
f 124/122/124 125/123/125 122/120/122
f 124/122/124 122/120/122 121/119/121
f 111/109/111 119/117/119 122/120/122
f 111/109/111 122/120/122 125/123/125
f 118/116/118 123/121/123 122/120/122
f 118/116/118 122/120/122 119/117/119
f 126/124/126 127/125/127 128/126/128
f 126/124/126 128/126/128 129/127/129
f 130/128/130 131/129/131 128/126/128
f 130/128/130 128/126/128 127/125/127
f 111/109/111 125/123/125 128/126/128
f 111/109/111 128/126/128 131/129/131
f 124/122/124 129/127/129 128/126/128
f 124/122/124 128/126/128 125/123/125
f 132/130/132 133/131/133 134/132/134
f 132/130/132 134/132/134 135/133/135
f 136/134/136 137/135/137 134/132/134
f 136/134/136 134/132/134 133/131/133
f 111/109/111 131/129/131 134/132/134
f 111/109/111 134/132/134 137/135/137
f 130/128/130 135/133/135 134/132/134
f 130/128/130 134/132/134 131/129/131
f 138/136/138 139/137/139 140/138/140
f 138/136/138 140/138/140 141/139/141
f 142/140/142 143/141/143 140/138/140
f 142/140/142 140/138/140 139/137/139
f 111/109/111 137/135/137 140/138/140
f 111/109/111 140/138/140 143/141/143
f 136/134/136 141/139/141 140/138/140
f 136/134/136 140/138/140 137/135/137
f 144/142/144 145/143/145 146/144/146
f 144/142/144 146/144/146 147/145/147
f 148/146/148 149/147/149 146/144/146
f 148/146/148 146/144/146 145/143/145
f 111/109/111 143/141/143 146/144/146
f 111/109/111 146/144/146 149/147/149
f 142/140/142 147/145/147 146/144/146
f 142/140/142 146/144/146 143/141/143
f 150/148/150 151/149/151 152/150/152
f 150/148/150 152/150/152 153/151/153
f 113/111/113 112/110/112 152/150/152
f 113/111/113 152/150/152 151/149/151
f 111/109/111 149/147/149 152/150/152
f 111/109/111 152/150/152 112/110/112
f 148/146/148 153/151/153 152/150/152
f 148/146/148 152/150/152 149/147/149
f 138/136/138 141/139/141 154/152/154
f 138/136/138 154/152/154 155/153/155
f 136/134/136 156/154/156 154/152/154
f 136/134/136 154/152/154 141/139/141
f 157/155/157 158/156/158 154/152/154
f 157/155/157 154/152/154 156/154/156
f 159/157/159 155/153/155 154/152/154
f 159/157/159 154/152/154 158/156/158
f 132/130/132 160/158/160 161/159/161
f 132/130/132 161/159/161 133/131/133
f 162/160/162 163/161/163 161/159/161
f 162/160/162 161/159/161 160/158/160
f 157/155/157 156/154/156 161/159/161
f 157/155/157 161/159/161 163/161/163
f 136/134/136 133/131/133 161/159/161
f 136/134/136 161/159/161 156/154/156
f 164/162/164 165/163/165 166/164/166
f 164/162/164 166/164/166 167/165/167
f 168/166/168 169/167/169 166/164/166
f 168/166/168 166/164/166 165/163/165
f 157/155/157 163/161/163 166/164/166
f 157/155/157 166/164/166 169/167/169
f 162/160/162 167/165/167 166/164/166
f 162/160/162 166/164/166 163/161/163
f 170/168/170 171/169/171 172/170/172
f 173/168/173 174/171/174 171/169/171
f 157/155/157 169/167/169 171/169/171
f 157/155/157 171/169/171 174/171/174
f 168/166/168 172/170/172 171/169/171
f 168/166/168 171/169/171 169/167/169
f 175/168/175 176/172/176 177/173/177
f 178/174/178 179/175/179 177/173/177
f 178/174/178 177/173/177 176/172/176
f 157/155/157 174/171/174 177/173/177
f 157/155/157 177/173/177 179/175/179
f 173/168/173 177/173/177 174/171/174
f 180/176/180 181/177/181 182/178/182
f 180/176/180 182/178/182 183/179/183
f 159/157/159 158/156/158 182/178/182
f 159/157/159 182/178/182 181/177/181
f 157/155/157 179/175/179 182/178/182
f 157/155/157 182/178/182 158/156/158
f 178/174/178 183/179/183 182/178/182
f 178/174/178 182/178/182 179/175/179
f 184/180/184 185/181/185 186/182/186
f 184/180/184 186/182/186 187/183/187
f 188/184/188 189/185/189 190/186/186
f 188/184/188 190/186/186 191/187/185
f 192/188/190 193/189/191 186/182/186
f 192/188/190 186/182/186 194/190/189
f 195/191/192 187/183/187 186/182/186
f 195/191/192 186/182/186 193/189/191
f 196/192/193 197/193/194 198/194/195
f 199/192/196 200/195/197 197/193/194
f 192/188/190 194/190/189 197/193/194
f 192/188/190 197/193/194 200/195/197
f 201/196/188 198/194/195 197/193/194
f 201/196/188 197/193/194 194/190/189
f 202/192/198 203/197/199 204/198/200
f 205/199/201 206/200/202 204/198/200
f 205/199/201 204/198/200 203/197/199
f 192/188/190 200/195/197 204/198/200
f 192/188/190 204/198/200 206/200/202
f 199/192/196 204/198/200 200/195/197
f 207/201/184 208/202/203 209/203/204
f 207/201/184 209/203/204 210/204/205
f 211/205/206 212/206/207 209/203/204
f 211/205/206 209/203/204 208/202/203
f 192/188/190 206/200/202 209/203/204
f 192/188/190 209/203/204 212/206/207
f 205/199/201 210/204/205 209/203/204
f 205/199/201 209/203/204 206/200/202
f 213/207/208 214/208/209 215/209/210
f 213/207/208 215/209/210 216/210/211
f 217/211/212 218/212/213 215/209/210
f 217/211/212 215/209/210 214/208/209
f 192/188/190 212/206/207 215/209/210
f 192/188/190 215/209/210 218/212/213
f 211/205/206 216/210/211 215/209/210
f 211/205/206 215/209/210 212/206/207
f 219/213/214 220/214/215 221/215/216
f 219/213/214 221/215/216 222/216/217
f 195/191/192 193/189/191 221/215/216
f 195/191/192 221/215/216 220/214/215
f 192/188/190 218/212/213 221/215/216
f 192/188/190 221/215/216 193/189/191
f 217/211/212 222/216/217 221/215/216
f 217/211/212 221/215/216 218/212/213
f 223/217/218 224/218/219 225/219/220
f 223/217/218 225/219/220 226/220/221
f 227/221/222 228/222/223 225/219/220
f 227/221/222 225/219/220 224/218/219
f 229/223/224 230/224/225 225/219/220
f 229/223/224 225/219/220 228/222/223
f 231/225/226 226/220/221 225/219/220
f 231/225/226 225/219/220 230/224/225
f 232/226/227 233/227/228 234/228/229
f 232/226/227 234/228/229 235/229/230
f 236/230/231 237/231/232 234/228/229
f 236/230/231 234/228/229 233/227/228
f 229/223/224 228/222/223 234/228/229
f 229/223/224 234/228/229 237/231/232
f 227/221/222 235/229/230 234/228/229
f 227/221/222 234/228/229 228/222/223
f 219/213/214 222/216/217 238/232/233
f 219/213/214 238/232/233 239/233/234
f 217/211/212 240/234/235 238/232/233
f 217/211/212 238/232/233 222/216/217
f 229/223/224 237/231/232 238/232/233
f 229/223/224 238/232/233 240/234/235
f 236/230/231 239/233/234 238/232/233
f 236/230/231 238/232/233 237/231/232
f 213/207/208 241/235/236 242/236/237
f 213/207/208 242/236/237 214/208/209
f 243/237/238 244/238/239 242/236/237
f 243/237/238 242/236/237 241/235/236
f 229/223/224 240/234/235 242/236/237
f 229/223/224 242/236/237 244/238/239
f 217/211/212 214/208/209 242/236/237
f 217/211/212 242/236/237 240/234/235
f 245/239/240 246/240/241 247/241/242
f 245/239/240 247/241/242 248/242/243
f 249/243/244 250/244/245 247/241/242
f 249/243/244 247/241/242 246/240/241
f 229/223/224 244/238/239 247/241/242
f 229/223/224 247/241/242 250/244/245
f 243/237/238 248/242/243 247/241/242
f 243/237/238 247/241/242 244/238/239
f 36/34/36 39/37/39 251/245/246
f 36/34/36 251/245/246 252/246/247
f 44/42/44 253/247/248 251/245/246
f 44/42/44 251/245/246 39/37/39
f 229/223/224 250/244/245 251/245/246
f 229/223/224 251/245/246 253/247/248
f 249/243/244 252/246/247 251/245/246
f 249/243/244 251/245/246 250/244/245
f 76/74/76 254/248/249 255/249/250
f 76/74/76 255/249/250 77/75/77
f 256/250/251 257/251/252 255/249/250
f 256/250/251 255/249/250 254/248/249
f 229/223/224 253/247/248 255/249/250
f 229/223/224 255/249/250 257/251/252
f 44/42/44 77/75/77 255/249/250
f 44/42/44 255/249/250 253/247/248
f 258/252/253 259/253/254 260/254/255
f 258/252/253 260/254/255 261/255/256
f 231/225/226 230/224/225 260/254/255
f 231/225/226 260/254/255 259/253/254
f 229/223/224 257/251/252 260/254/255
f 229/223/224 260/254/255 230/224/225
f 256/250/251 261/255/256 260/254/255
f 256/250/251 260/254/255 257/251/252
f 101/99/101 104/102/104 262/256/257
f 101/99/101 262/256/257 263/257/258
f 99/97/99 264/258/99 262/256/257
f 99/97/99 262/256/257 104/102/104
f 265/259/99 266/260/257 262/256/257
f 265/259/99 262/256/257 264/258/99
f 267/261/258 263/257/258 262/256/257
f 267/261/258 262/256/257 266/260/257
f 95/93/95 268/262/95 269/263/96
f 95/93/95 269/263/96 96/94/96
f 270/264/95 271/265/96 269/263/96
f 270/264/95 269/263/96 268/262/95
f 265/259/99 264/258/99 269/263/96
f 265/259/99 269/263/96 271/265/96
f 99/97/99 96/94/96 269/263/96
f 99/97/99 269/263/96 264/258/99
f 272/266/259 273/267/96 274/268/96
f 272/266/259 274/268/96 275/269/95
f 276/270/99 277/271/99 274/268/96
f 276/270/99 274/268/96 273/267/96
f 265/259/99 271/265/96 274/268/96
f 265/259/99 274/268/96 277/271/99
f 270/264/95 275/269/95 274/268/96
f 270/264/95 274/268/96 271/265/96
f 278/272/260 279/273/258 280/274/257
f 278/272/260 280/274/257 281/275/257
f 267/261/258 266/260/257 280/274/257
f 267/261/258 280/274/257 279/273/258
f 265/259/99 277/271/99 280/274/257
f 265/259/99 280/274/257 266/260/257
f 276/270/99 281/275/257 280/274/257
f 276/270/99 280/274/257 277/271/99
f 282/276/261 283/277/262 284/278/263
f 282/276/261 284/278/263 285/279/264
f 286/280/265 287/281/266 284/278/263
f 286/280/265 284/278/263 283/277/262
f 288/282/267 289/283/268 284/278/263
f 288/282/267 284/278/263 287/281/266
f 290/284/269 285/279/264 284/278/263
f 290/284/269 284/278/263 289/283/268
f 105/103/105 108/106/108 291/285/270
f 105/103/105 291/285/270 292/286/271
f 113/111/113 293/287/272 291/285/270
f 113/111/113 291/285/270 108/106/108
f 288/282/267 287/281/266 291/285/270
f 288/282/267 291/285/270 293/287/272
f 286/280/265 292/286/271 291/285/270
f 286/280/265 291/285/270 287/281/266
f 150/148/150 294/288/273 295/289/274
f 150/148/150 295/289/274 151/149/151
f 296/290/275 297/291/276 295/289/274
f 296/290/275 295/289/274 294/288/273
f 288/282/267 293/287/272 295/289/274
f 288/282/267 295/289/274 297/291/276
f 113/111/113 151/149/151 295/289/274
f 113/111/113 295/289/274 293/287/272
f 298/292/277 299/293/278 300/294/279
f 298/292/277 300/294/279 301/295/280
f 302/296/281 303/297/282 300/294/279
f 302/296/281 300/294/279 299/293/278
f 288/282/267 297/291/276 300/294/279
f 288/282/267 300/294/279 303/297/282
f 296/290/275 301/295/280 300/294/279
f 296/290/275 300/294/279 297/291/276
f 304/298/283 305/299/284 306/300/285
f 304/298/283 306/300/285 307/301/286
f 308/302/287 309/303/288 306/300/285
f 308/302/287 306/300/285 305/299/284
f 288/282/267 303/297/282 306/300/285
f 288/282/267 306/300/285 309/303/288
f 302/296/281 307/301/286 306/300/285
f 302/296/281 306/300/285 303/297/282
f 310/304/289 311/305/290 312/306/291
f 310/304/289 312/306/291 313/307/292
f 314/308/293 315/309/294 312/306/291
f 314/308/293 312/306/291 311/305/290
f 288/282/267 309/303/288 312/306/291
f 288/282/267 312/306/291 315/309/294
f 308/302/287 313/307/292 312/306/291
f 308/302/287 312/306/291 309/303/288
f 316/310/295 317/311/296 318/312/297
f 316/310/295 318/312/297 319/313/298
f 320/314/299 321/315/300 318/312/297
f 320/314/299 318/312/297 317/311/296
f 288/282/267 315/309/294 318/312/297
f 288/282/267 318/312/297 321/315/300
f 314/308/293 319/313/298 318/312/297
f 314/308/293 318/312/297 315/309/294
f 322/316/301 323/317/302 324/318/303
f 322/316/301 324/318/303 325/319/304
f 290/284/269 289/283/268 324/318/303
f 290/284/269 324/318/303 323/317/302
f 288/282/267 321/315/300 324/318/303
f 288/282/267 324/318/303 289/283/268
f 320/314/299 325/319/304 324/318/303
f 320/314/299 324/318/303 321/315/300
f 310/304/289 313/307/292 326/320/305
f 310/304/289 326/320/305 327/321/306
f 308/302/287 328/322/307 326/320/305
f 308/302/287 326/320/305 313/307/292
f 329/323/308 330/324/309 326/320/305
f 329/323/308 326/320/305 328/322/307
f 331/325/310 327/321/306 326/320/305
f 331/325/310 326/320/305 330/324/309
f 304/298/283 332/326/311 333/327/312
f 304/298/283 333/327/312 305/299/284
f 334/328/313 335/329/314 333/327/312
f 334/328/313 333/327/312 332/326/311
f 329/323/308 328/322/307 333/327/312
f 329/323/308 333/327/312 335/329/314
f 308/302/287 305/299/284 333/327/312
f 308/302/287 333/327/312 328/322/307
f 336/330/315 337/331/316 338/332/317
f 336/330/315 338/332/317 339/333/318
f 340/334/319 341/335/320 338/332/317
f 340/334/319 338/332/317 337/331/316
f 329/323/308 335/329/314 338/332/317
f 329/323/308 338/332/317 341/335/320
f 334/328/313 339/333/318 338/332/317
f 334/328/313 338/332/317 335/329/314
f 342/336/321 343/337/322 344/338/323
f 345/336/324 346/339/325 343/337/322
f 329/323/308 341/335/320 343/337/322
f 329/323/308 343/337/322 346/339/325
f 340/334/319 344/338/323 343/337/322
f 340/334/319 343/337/322 341/335/320
f 347/336/326 348/340/327 349/341/328
f 350/342/329 351/343/330 349/341/328
f 350/342/329 349/341/328 348/340/327
f 329/323/308 346/339/325 349/341/328
f 329/323/308 349/341/328 351/343/330
f 345/336/324 349/341/328 346/339/325
f 352/344/331 353/345/332 354/346/333
f 352/344/331 354/346/333 355/347/334
f 331/325/310 330/324/309 354/346/333
f 331/325/310 354/346/333 353/345/332
f 329/323/308 351/343/330 354/346/333
f 329/323/308 354/346/333 330/324/309
f 350/342/329 355/347/334 354/346/333
f 350/342/329 354/346/333 351/343/330
f 356/348/335 357/349/185 358/350/186
f 356/348/335 358/350/186 359/351/187
f 360/352/188 361/353/189 358/350/186
f 360/352/188 358/350/186 357/349/185
f 362/354/190 363/355/191 358/350/186
f 362/354/190 358/350/186 361/353/189
f 364/356/192 359/351/187 358/350/186
f 364/356/192 358/350/186 363/355/191
f 365/357/193 366/358/194 367/359/336
f 368/357/196 369/360/197 366/358/194
f 362/354/190 361/353/189 366/358/194
f 362/354/190 366/358/194 369/360/197
f 360/352/188 367/359/336 366/358/194
f 360/352/188 366/358/194 361/353/189
f 370/357/198 371/361/337 372/362/338
f 373/363/201 374/364/202 372/362/338
f 373/363/201 372/362/338 371/361/337
f 362/354/190 369/360/197 372/362/338
f 362/354/190 372/362/338 374/364/202
f 368/357/196 372/362/338 369/360/197
f 375/365/335 376/366/339 377/367/340
f 375/365/335 377/367/340 378/368/205
f 379/369/341 380/370/342 377/367/340
f 379/369/341 377/367/340 376/366/339
f 362/354/190 374/364/202 377/367/340
f 362/354/190 377/367/340 380/370/342
f 373/363/201 378/368/205 377/367/340
f 373/363/201 377/367/340 374/364/202
f 381/371/343 382/372/344 383/373/345
f 381/371/343 383/373/345 384/374/346
f 385/375/347 386/376/348 383/373/345
f 385/375/347 383/373/345 382/372/344
f 362/354/190 380/370/342 383/373/345
f 362/354/190 383/373/345 386/376/348
f 379/369/341 384/374/346 383/373/345
f 379/369/341 383/373/345 380/370/342
f 387/377/349 388/378/350 389/379/351
f 387/377/349 389/379/351 390/380/352
f 364/356/192 363/355/191 389/379/351
f 364/356/192 389/379/351 388/378/350
f 362/354/190 386/376/348 389/379/351
f 362/354/190 389/379/351 363/355/191
f 385/375/347 390/380/352 389/379/351
f 385/375/347 389/379/351 386/376/348
f 391/381/353 392/382/354 393/383/355
f 391/381/353 393/383/355 394/384/356
f 395/385/357 396/386/358 393/383/355
f 395/385/357 393/383/355 392/382/354
f 397/387/359 398/388/360 393/383/355
f 397/387/359 393/383/355 396/386/358
f 399/389/226 394/384/356 393/383/355
f 399/389/226 393/383/355 398/388/360
f 400/390/361 401/391/362 402/392/363
f 400/390/361 402/392/363 403/393/364
f 404/394/365 405/395/366 402/392/363
f 404/394/365 402/392/363 401/391/362
f 397/387/359 396/386/358 402/392/363
f 397/387/359 402/392/363 405/395/366
f 395/385/357 403/393/364 402/392/363
f 395/385/357 402/392/363 396/386/358
f 387/377/349 390/380/352 406/396/367
f 387/377/349 406/396/367 407/397/368
f 385/375/347 408/398/369 406/396/367
f 385/375/347 406/396/367 390/380/352
f 397/387/359 405/395/366 406/396/367
f 397/387/359 406/396/367 408/398/369
f 404/394/365 407/397/368 406/396/367
f 404/394/365 406/396/367 405/395/366
f 381/371/343 409/399/370 410/400/371
f 381/371/343 410/400/371 382/372/344
f 411/401/372 412/402/373 410/400/371
f 411/401/372 410/400/371 409/399/370
f 397/387/359 408/398/369 410/400/371
f 397/387/359 410/400/371 412/402/373
f 385/375/347 382/372/344 410/400/371
f 385/375/347 410/400/371 408/398/369
f 413/403/374 414/404/375 415/405/376
f 413/403/374 415/405/376 416/406/377
f 417/407/378 418/408/379 415/405/376
f 417/407/378 415/405/376 414/404/375
f 397/387/359 412/402/373 415/405/376
f 397/387/359 415/405/376 418/408/379
f 411/401/372 416/406/377 415/405/376
f 411/401/372 415/405/376 412/402/373
f 223/217/218 226/220/221 419/409/380
f 223/217/218 419/409/380 420/410/381
f 231/225/226 421/411/382 419/409/380
f 231/225/226 419/409/380 226/220/221
f 397/387/359 418/408/379 419/409/380
f 397/387/359 419/409/380 421/411/382
f 417/407/378 420/410/381 419/409/380
f 417/407/378 419/409/380 418/408/379
f 258/252/253 422/412/383 423/413/384
f 258/252/253 423/413/384 259/253/254
f 424/414/385 425/415/252 423/413/384
f 424/414/385 423/413/384 422/412/383
f 397/387/359 421/411/382 423/413/384
f 397/387/359 423/413/384 425/415/252
f 231/225/226 259/253/254 423/413/384
f 231/225/226 423/413/384 421/411/382
f 426/416/386 427/417/387 428/418/388
f 426/416/386 428/418/388 429/419/389
f 399/389/226 398/388/360 428/418/388
f 399/389/226 428/418/388 427/417/387
f 397/387/359 425/415/252 428/418/388
f 397/387/359 428/418/388 398/388/360
f 424/414/385 429/419/389 428/418/388
f 424/414/385 428/418/388 425/415/252
f 278/272/260 281/275/257 430/420/257
f 278/272/260 430/420/257 431/421/260
f 276/270/99 432/422/99 430/420/257
f 276/270/99 430/420/257 281/275/257
f 433/423/99 434/424/257 430/420/257
f 433/423/99 430/420/257 432/422/99
f 435/425/260 431/421/260 430/420/257
f 435/425/260 430/420/257 434/424/257
f 272/266/259 436/426/259 437/427/96
f 272/266/259 437/427/96 273/267/96
f 438/428/390 439/429/96 437/427/96
f 438/428/390 437/427/96 436/426/259
f 433/423/99 432/422/99 437/427/96
f 433/423/99 437/427/96 439/429/96
f 276/270/99 273/267/96 437/427/96
f 276/270/99 437/427/96 432/422/99
f 440/430/390 441/431/96 442/432/96
f 440/430/390 442/432/96 443/433/390
f 444/434/99 445/435/99 442/432/96
f 444/434/99 442/432/96 441/431/96
f 433/423/99 439/429/96 442/432/96
f 433/423/99 442/432/96 445/435/99
f 438/428/390 443/433/390 442/432/96
f 438/428/390 442/432/96 439/429/96
f 446/436/391 447/437/391 448/438/257
f 446/436/391 448/438/257 449/439/257
f 435/425/260 434/424/257 448/438/257
f 435/425/260 448/438/257 447/437/391
f 433/423/99 445/435/99 448/438/257
f 433/423/99 448/438/257 434/424/257
f 444/434/99 449/439/257 448/438/257
f 444/434/99 448/438/257 445/435/99
f 450/440/392 451/441/393 452/442/394
f 450/440/392 452/442/394 453/443/395
f 454/444/396 455/445/266 452/442/394
f 454/444/396 452/442/394 451/441/393
f 456/446/397 457/447/398 452/442/394
f 456/446/397 452/442/394 455/445/266
f 458/448/399 453/443/395 452/442/394
f 458/448/399 452/442/394 457/447/398
f 282/276/261 285/279/264 459/449/400
f 282/276/261 459/449/400 460/450/401
f 290/284/269 461/451/402 459/449/400
f 290/284/269 459/449/400 285/279/264
f 456/446/397 455/445/266 459/449/400
f 456/446/397 459/449/400 461/451/402
f 454/444/396 460/450/401 459/449/400
f 454/444/396 459/449/400 455/445/266
f 322/316/301 462/452/403 463/453/404
f 322/316/301 463/453/404 323/317/302
f 464/454/405 465/455/406 463/453/404
f 464/454/405 463/453/404 462/452/403
f 456/446/397 461/451/402 463/453/404
f 456/446/397 463/453/404 465/455/406
f 290/284/269 323/317/302 463/453/404
f 290/284/269 463/453/404 461/451/402
f 466/456/407 467/457/408 468/458/409
f 466/456/407 468/458/409 469/459/410
f 470/460/411 471/461/412 468/458/409
f 470/460/411 468/458/409 467/457/408
f 456/446/397 465/455/406 468/458/409
f 456/446/397 468/458/409 471/461/412
f 464/454/405 469/459/410 468/458/409
f 464/454/405 468/458/409 465/455/406
f 472/462/413 473/463/414 474/464/415
f 472/462/413 474/464/415 475/465/416
f 476/466/417 477/467/418 474/464/415
f 476/466/417 474/464/415 473/463/414
f 456/446/397 471/461/412 474/464/415
f 456/446/397 474/464/415 477/467/418
f 470/460/411 475/465/416 474/464/415
f 470/460/411 474/464/415 471/461/412
f 478/468/419 479/469/420 480/470/421
f 478/468/419 480/470/421 481/471/422
f 482/472/423 483/473/424 480/470/421
f 482/472/423 480/470/421 479/469/420
f 456/446/397 477/467/418 480/470/421
f 456/446/397 480/470/421 483/473/424
f 476/466/417 481/471/422 480/470/421
f 476/466/417 480/470/421 477/467/418
f 484/474/425 485/475/426 486/476/427
f 484/474/425 486/476/427 487/477/428
f 488/478/429 489/479/430 486/476/427
f 488/478/429 486/476/427 485/475/426
f 456/446/397 483/473/424 486/476/427
f 456/446/397 486/476/427 489/479/430
f 482/472/423 487/477/428 486/476/427
f 482/472/423 486/476/427 483/473/424
f 490/480/431 491/481/432 492/482/433
f 490/480/431 492/482/433 493/483/434
f 458/448/399 457/447/398 492/482/433
f 458/448/399 492/482/433 491/481/432
f 456/446/397 489/479/430 492/482/433
f 456/446/397 492/482/433 457/447/398
f 488/478/429 493/483/434 492/482/433
f 488/478/429 492/482/433 489/479/430
f 478/468/419 481/471/422 494/484/435
f 478/468/419 494/484/435 495/485/436
f 476/466/417 496/486/437 494/484/435
f 476/466/417 494/484/435 481/471/422
f 497/487/438 498/488/309 494/484/435
f 497/487/438 494/484/435 496/486/437
f 499/489/310 495/485/436 494/484/435
f 499/489/310 494/484/435 498/488/309
f 472/462/413 500/490/439 501/491/440
f 472/462/413 501/491/440 473/463/414
f 502/492/441 503/493/314 501/491/440
f 502/492/441 501/491/440 500/490/439
f 497/487/438 496/486/437 501/491/440
f 497/487/438 501/491/440 503/493/314
f 476/466/417 473/463/414 501/491/440
f 476/466/417 501/491/440 496/486/437
f 504/494/315 505/495/316 506/496/442
f 504/494/315 506/496/442 507/497/318
f 508/498/319 509/499/443 506/496/442
f 508/498/319 506/496/442 505/495/316
f 497/487/438 503/493/314 506/496/442
f 497/487/438 506/496/442 509/499/443
f 502/492/441 507/497/318 506/496/442
f 502/492/441 506/496/442 503/493/314
f 510/500/321 511/501/322 512/502/323
f 513/500/324 514/503/325 511/501/322
f 497/487/438 509/499/443 511/501/322
f 497/487/438 511/501/322 514/503/325
f 508/498/319 512/502/323 511/501/322
f 508/498/319 511/501/322 509/499/443
f 515/500/444 516/504/327 517/505/445
f 518/506/329 519/507/446 517/505/445
f 518/506/329 517/505/445 516/504/327
f 497/487/438 514/503/325 517/505/445
f 497/487/438 517/505/445 519/507/446
f 513/500/324 517/505/445 514/503/325
f 520/508/315 521/509/447 522/510/448
f 520/508/315 522/510/448 523/511/334
f 499/489/310 498/488/309 522/510/448
f 499/489/310 522/510/448 521/509/447
f 497/487/438 519/507/446 522/510/448
f 497/487/438 522/510/448 498/488/309
f 518/506/329 523/511/334 522/510/448
f 518/506/329 522/510/448 519/507/446
f 524/512/335 525/513/185 526/514/186
f 524/512/335 526/514/186 527/515/449
f 528/516/188 529/517/189 526/514/186
f 528/516/188 526/514/186 525/513/185
f 530/518/450 531/519/191 526/514/186
f 530/518/450 526/514/186 529/517/189
f 532/520/451 527/515/449 526/514/186
f 532/520/451 526/514/186 531/519/191
f 533/521/193 534/522/194 535/523/452
f 536/521/196 537/524/197 534/522/194
f 530/518/450 529/517/189 534/522/194
f 530/518/450 534/522/194 537/524/197
f 528/516/188 535/523/452 534/522/194
f 528/516/188 534/522/194 529/517/189
f 538/521/453 539/525/337 540/526/338
f 541/527/201 542/528/202 540/526/338
f 541/527/201 540/526/338 539/525/337
f 530/518/450 537/524/197 540/526/338
f 530/518/450 540/526/338 542/528/202
f 536/521/196 540/526/338 537/524/197
f 543/529/335 544/530/339 545/531/340
f 543/529/335 545/531/340 546/532/205
f 547/533/341 548/534/454 545/531/340
f 547/533/341 545/531/340 544/530/339
f 530/518/450 542/528/202 545/531/340
f 530/518/450 545/531/340 548/534/454
f 541/527/201 546/532/205 545/531/340
f 541/527/201 545/531/340 542/528/202
f 549/535/455 550/536/456 551/537/457
f 549/535/455 551/537/457 552/538/458
f 553/539/459 554/540/460 551/537/457
f 553/539/459 551/537/457 550/536/456
f 530/518/450 548/534/454 551/537/457
f 530/518/450 551/537/457 554/540/460
f 547/533/341 552/538/458 551/537/457
f 547/533/341 551/537/457 548/534/454
f 555/541/461 556/542/462 557/543/463
f 555/541/461 557/543/463 558/544/464
f 532/520/451 531/519/191 557/543/463
f 532/520/451 557/543/463 556/542/462
f 530/518/450 554/540/460 557/543/463
f 530/518/450 557/543/463 531/519/191
f 553/539/459 558/544/464 557/543/463
f 553/539/459 557/543/463 554/540/460
f 559/545/465 560/546/466 561/547/467
f 559/545/465 561/547/467 562/548/468
f 563/549/469 564/550/470 561/547/467
f 563/549/469 561/547/467 560/546/466
f 565/551/471 566/552/472 561/547/467
f 565/551/471 561/547/467 564/550/470
f 567/553/473 562/548/468 561/547/467
f 567/553/473 561/547/467 566/552/472
f 568/554/474 569/555/475 570/556/476
f 568/554/474 570/556/476 571/557/477
f 572/558/478 573/559/479 570/556/476
f 572/558/478 570/556/476 569/555/475
f 565/551/471 564/550/470 570/556/476
f 565/551/471 570/556/476 573/559/479
f 563/549/469 571/557/477 570/556/476
f 563/549/469 570/556/476 564/550/470
f 555/541/461 558/544/464 574/560/480
f 555/541/461 574/560/480 575/561/481
f 553/539/459 576/562/482 574/560/480
f 553/539/459 574/560/480 558/544/464
f 565/551/471 573/559/479 574/560/480
f 565/551/471 574/560/480 576/562/482
f 572/558/478 575/561/481 574/560/480
f 572/558/478 574/560/480 573/559/479
f 549/535/455 577/563/483 578/564/484
f 549/535/455 578/564/484 550/536/456
f 579/565/485 580/566/486 578/564/484
f 579/565/485 578/564/484 577/563/483
f 565/551/471 576/562/482 578/564/484
f 565/551/471 578/564/484 580/566/486
f 553/539/459 550/536/456 578/564/484
f 553/539/459 578/564/484 576/562/482
f 581/567/487 582/568/488 583/569/489
f 581/567/487 583/569/489 584/570/490
f 585/571/491 586/572/492 583/569/489
f 585/571/491 583/569/489 582/568/488
f 565/551/471 580/566/486 583/569/489
f 565/551/471 583/569/489 586/572/492
f 579/565/485 584/570/490 583/569/489
f 579/565/485 583/569/489 580/566/486
f 391/381/353 394/384/356 587/573/493
f 391/381/353 587/573/493 588/574/494
f 399/389/226 589/575/495 587/573/493
f 399/389/226 587/573/493 394/384/356
f 565/551/471 586/572/492 587/573/493
f 565/551/471 587/573/493 589/575/495
f 585/571/491 588/574/494 587/573/493
f 585/571/491 587/573/493 586/572/492
f 426/416/386 590/576/496 591/577/497
f 426/416/386 591/577/497 427/417/387
f 592/578/498 593/579/499 591/577/497
f 592/578/498 591/577/497 590/576/496
f 565/551/471 589/575/495 591/577/497
f 565/551/471 591/577/497 593/579/499
f 399/389/226 427/417/387 591/577/497
f 399/389/226 591/577/497 589/575/495
f 594/580/500 595/581/501 596/582/502
f 594/580/500 596/582/502 597/583/503
f 567/553/473 566/552/472 596/582/502
f 567/553/473 596/582/502 595/581/501
f 565/551/471 593/579/499 596/582/502
f 565/551/471 596/582/502 566/552/472
f 592/578/498 597/583/503 596/582/502
f 592/578/498 596/582/502 593/579/499
f 446/436/391 449/439/257 598/584/257
f 446/436/391 598/584/257 599/585/391
f 444/434/99 600/586/99 598/584/257
f 444/434/99 598/584/257 449/439/257
f 601/587/99 602/588/257 598/584/257
f 601/587/99 598/584/257 600/586/99
f 603/589/504 599/585/391 598/584/257
f 603/589/504 598/584/257 602/588/257
f 440/430/390 604/590/505 605/591/96
f 440/430/390 605/591/96 441/431/96
f 606/592/505 607/593/96 605/591/96
f 606/592/505 605/591/96 604/590/505
f 601/587/99 600/586/99 605/591/96
f 601/587/99 605/591/96 607/593/96
f 444/434/99 441/431/96 605/591/96
f 444/434/99 605/591/96 600/586/99
f 608/594/506 609/595/507 610/596/507
f 608/594/506 610/596/507 611/597/505
f 612/598/99 613/599/99 610/596/507
f 612/598/99 610/596/507 609/595/507
f 601/587/99 607/593/96 610/596/507
f 601/587/99 610/596/507 613/599/99
f 606/592/505 611/597/505 610/596/507
f 606/592/505 610/596/507 607/593/96
f 614/600/504 615/601/504 616/602/257
f 614/600/504 616/602/257 617/603/508
f 603/589/504 602/588/257 616/602/257
f 603/589/504 616/602/257 615/601/504
f 601/587/99 613/599/99 616/602/257
f 601/587/99 616/602/257 602/588/257
f 612/598/99 617/603/508 616/602/257
f 612/598/99 616/602/257 613/599/99
f 618/604/509 619/605/510 620/606/511
f 618/604/509 620/606/511 621/607/512
f 622/608/513 623/609/514 620/606/511
f 622/608/513 620/606/511 619/605/510
f 624/610/515 625/611/516 620/606/511
f 624/610/515 620/606/511 623/609/514
f 626/612/517 621/607/512 620/606/511
f 626/612/517 620/606/511 625/611/516
f 450/440/392 453/443/395 627/613/518
f 450/440/392 627/613/518 628/614/519
f 458/448/399 629/615/520 627/613/518
f 458/448/399 627/613/518 453/443/395
f 624/610/515 623/609/514 627/613/518
f 624/610/515 627/613/518 629/615/520
f 622/608/513 628/614/519 627/613/518
f 622/608/513 627/613/518 623/609/514
f 490/480/431 630/616/521 631/617/522
f 490/480/431 631/617/522 491/481/432
f 632/618/523 633/619/524 631/617/522
f 632/618/523 631/617/522 630/616/521
f 624/610/515 629/615/520 631/617/522
f 624/610/515 631/617/522 633/619/524
f 458/448/399 491/481/432 631/617/522
f 458/448/399 631/617/522 629/615/520
f 634/620/525 635/621/526 636/622/527
f 634/620/525 636/622/527 637/623/528
f 638/624/529 639/625/530 636/622/527
f 638/624/529 636/622/527 635/621/526
f 624/610/515 633/619/524 636/622/527
f 624/610/515 636/622/527 639/625/530
f 632/618/523 637/623/528 636/622/527
f 632/618/523 636/622/527 633/619/524
f 640/626/531 641/627/532 642/628/533
f 640/626/531 642/628/533 643/629/534
f 644/630/535 645/631/536 642/628/533
f 644/630/535 642/628/533 641/627/532
f 624/610/515 639/625/530 642/628/533
f 624/610/515 642/628/533 645/631/536
f 638/624/529 643/629/534 642/628/533
f 638/624/529 642/628/533 639/625/530
f 646/632/537 647/633/538 648/634/539
f 646/632/537 648/634/539 649/635/540
f 650/636/541 651/637/542 648/634/539
f 650/636/541 648/634/539 647/633/538
f 624/610/515 645/631/536 648/634/539
f 624/610/515 648/634/539 651/637/542
f 644/630/535 649/635/540 648/634/539
f 644/630/535 648/634/539 645/631/536
f 652/638/543 653/639/544 654/640/545
f 652/638/543 654/640/545 655/641/546
f 656/642/547 657/643/548 654/640/545
f 656/642/547 654/640/545 653/639/544
f 624/610/515 651/637/542 654/640/545
f 624/610/515 654/640/545 657/643/548
f 650/636/541 655/641/546 654/640/545
f 650/636/541 654/640/545 651/637/542
f 658/644/549 659/645/550 660/646/551
f 658/644/549 660/646/551 661/647/552
f 626/612/517 625/611/516 660/646/551
f 626/612/517 660/646/551 659/645/550
f 624/610/515 657/643/548 660/646/551
f 624/610/515 660/646/551 625/611/516
f 656/642/547 661/647/552 660/646/551
f 656/642/547 660/646/551 657/643/548
f 646/632/537 649/635/540 662/648/553
f 646/632/537 662/648/553 663/649/554
f 644/630/535 664/650/437 662/648/553
f 644/630/535 662/648/553 649/635/540
f 665/651/308 666/652/309 662/648/553
f 665/651/308 662/648/553 664/650/437
f 667/653/310 663/649/554 662/648/553
f 667/653/310 662/648/553 666/652/309
f 640/626/531 668/654/555 669/655/556
f 640/626/531 669/655/556 641/627/532
f 670/656/557 671/657/314 669/655/556
f 670/656/557 669/655/556 668/654/555
f 665/651/308 664/650/437 669/655/556
f 665/651/308 669/655/556 671/657/314
f 644/630/535 641/627/532 669/655/556
f 644/630/535 669/655/556 664/650/437
f 672/658/558 673/659/316 674/660/317
f 672/658/558 674/660/317 675/661/559
f 676/662/319 677/663/320 674/660/317
f 676/662/319 674/660/317 673/659/316
f 665/651/308 671/657/314 674/660/317
f 665/651/308 674/660/317 677/663/320
f 670/656/557 675/661/559 674/660/317
f 670/656/557 674/660/317 671/657/314
f 678/664/321 679/665/322 680/666/560
f 681/664/561 682/667/325 679/665/322
f 665/651/308 677/663/320 679/665/322
f 665/651/308 679/665/322 682/667/325
f 676/662/319 680/666/560 679/665/322
f 676/662/319 679/665/322 677/663/320
f 683/668/444 684/669/327 685/670/328
f 686/671/329 687/672/330 688/673/562
f 686/671/329 688/673/562 689/674/327
f 665/651/308 682/667/325 688/673/562
f 665/651/308 688/673/562 687/672/330
f 681/664/561 688/673/562 682/667/325
f 690/675/331 691/676/563 692/677/448
f 690/675/331 692/677/448 693/678/334
f 667/653/310 666/652/309 694/679/448
f 667/653/310 694/679/448 695/680/564
f 665/651/308 687/672/330 694/679/448
f 665/651/308 694/679/448 666/652/309
f 686/671/329 696/681/334 694/679/448
f 686/671/329 694/679/448 687/672/330
f 697/682/565 698/683/566 699/684/567
f 697/682/565 699/684/567 700/685/568
f 701/686/569 702/687/570 699/684/567
f 701/686/569 699/684/567 698/683/566
f 703/688/571 704/689/572 699/684/567
f 703/688/571 699/684/567 702/687/570
f 705/690/573 700/685/568 699/684/567
f 705/690/573 699/684/567 704/689/572
f 706/691/574 707/692/575 708/693/576
f 709/691/577 710/694/578 707/692/575
f 703/688/571 702/687/570 707/692/575
f 703/688/571 707/692/575 710/694/578
f 701/686/569 708/693/576 707/692/575
f 701/686/569 707/692/575 702/687/570
f 711/691/579 712/695/580 713/696/581
f 714/697/582 715/698/583 713/696/581
f 714/697/582 713/696/581 712/695/580
f 703/688/571 710/694/578 713/696/581
f 703/688/571 713/696/581 715/698/583
f 709/691/577 713/696/581 710/694/578
f 716/699/584 717/700/585 718/701/586
f 716/699/584 718/701/586 719/702/587
f 720/703/588 721/704/589 718/701/586
f 720/703/588 718/701/586 717/700/585
f 703/688/571 715/698/583 718/701/586
f 703/688/571 718/701/586 721/704/589
f 714/697/582 719/702/587 718/701/586
f 714/697/582 718/701/586 715/698/583
f 722/705/590 723/706/591 724/707/592
f 722/705/590 724/707/592 725/708/593
f 726/709/594 727/710/595 724/707/592
f 726/709/594 724/707/592 723/706/591
f 703/688/571 721/704/589 724/707/592
f 703/688/571 724/707/592 727/710/595
f 720/703/588 725/708/593 724/707/592
f 720/703/588 724/707/592 721/704/589
f 728/711/596 729/712/597 730/713/598
f 728/711/596 730/713/598 731/714/599
f 705/690/573 704/689/572 730/713/598
f 705/690/573 730/713/598 729/712/597
f 703/688/571 727/710/595 730/713/598
f 703/688/571 730/713/598 704/689/572
f 726/709/594 731/714/599 730/713/598
f 726/709/594 730/713/598 727/710/595
f 732/715/600 733/716/601 734/717/602
f 732/715/600 734/717/602 735/718/603
f 736/719/604 737/720/605 734/717/602
f 736/719/604 734/717/602 733/716/601
f 738/721/606 739/722/607 734/717/602
f 738/721/606 734/717/602 737/720/605
f 740/723/608 735/718/603 734/717/602
f 740/723/608 734/717/602 739/722/607
f 741/724/609 742/725/610 743/726/611
f 741/724/609 743/726/611 744/727/612
f 745/728/613 746/729/614 743/726/611
f 745/728/613 743/726/611 742/725/610
f 738/721/606 737/720/605 743/726/611
f 738/721/606 743/726/611 746/729/614
f 736/719/604 744/727/612 743/726/611
f 736/719/604 743/726/611 737/720/605
f 728/711/596 731/714/599 747/730/615
f 728/711/596 747/730/615 748/731/616
f 726/709/594 749/732/617 747/730/615
f 726/709/594 747/730/615 731/714/599
f 738/721/606 746/729/614 747/730/615
f 738/721/606 747/730/615 749/732/617
f 745/728/613 748/731/616 747/730/615
f 745/728/613 747/730/615 746/729/614
f 722/705/590 750/733/618 751/734/619
f 722/705/590 751/734/619 723/706/591
f 752/735/620 753/736/621 751/734/619
f 752/735/620 751/734/619 750/733/618
f 738/721/606 749/732/617 751/734/619
f 738/721/606 751/734/619 753/736/621
f 726/709/594 723/706/591 751/734/619
f 726/709/594 751/734/619 749/732/617
f 754/737/622 755/738/623 756/739/624
f 754/737/622 756/739/624 757/740/625
f 758/741/626 759/742/627 756/739/624
f 758/741/626 756/739/624 755/738/623
f 738/721/606 753/736/621 756/739/624
f 738/721/606 756/739/624 759/742/627
f 752/735/620 757/740/625 756/739/624
f 752/735/620 756/739/624 753/736/621
f 559/545/465 562/548/468 760/743/628
f 559/545/465 760/743/628 761/744/629
f 567/553/473 762/745/630 760/743/628
f 567/553/473 760/743/628 562/548/468
f 738/721/606 759/742/627 760/743/628
f 738/721/606 760/743/628 762/745/630
f 758/741/626 761/744/629 760/743/628
f 758/741/626 760/743/628 759/742/627
f 594/580/500 763/746/631 764/747/632
f 594/580/500 764/747/632 595/581/501
f 765/748/633 766/749/634 764/747/632
f 765/748/633 764/747/632 763/746/631
f 738/721/606 762/745/630 764/747/632
f 738/721/606 764/747/632 766/749/634
f 567/553/473 595/581/501 764/747/632
f 567/553/473 764/747/632 762/745/630
f 767/750/635 768/751/636 769/752/637
f 767/750/635 769/752/637 770/753/638
f 740/723/608 739/722/607 769/752/637
f 740/723/608 769/752/637 768/751/636
f 738/721/606 766/749/634 769/752/637
f 738/721/606 769/752/637 739/722/607
f 765/748/633 770/753/638 769/752/637
f 765/748/633 769/752/637 766/749/634
f 614/600/504 617/603/508 771/754/639
f 614/600/504 771/754/639 772/755/640
f 612/598/99 773/756/641 771/754/639
f 612/598/99 771/754/639 617/603/508
f 774/757/642 775/758/643 771/754/639
f 774/757/642 771/754/639 773/756/641
f 776/759/644 772/755/640 771/754/639
f 776/759/644 771/754/639 775/758/643
f 608/594/506 777/760/645 778/761/646
f 608/594/506 778/761/646 609/595/507
f 779/762/647 780/763/648 778/761/646
f 779/762/647 778/761/646 777/760/645
f 774/757/642 773/756/641 778/761/646
f 774/757/642 778/761/646 780/763/648
f 612/598/99 609/595/507 778/761/646
f 612/598/99 778/761/646 773/756/641
f 781/764/649 782/765/650 783/766/651
f 781/764/649 783/766/651 784/767/652
f 785/768/653 786/769/654 783/766/651
f 785/768/653 783/766/651 782/765/650
f 774/757/642 780/763/648 783/766/651
f 774/757/642 783/766/651 786/769/654
f 779/762/647 784/767/652 783/766/651
f 779/762/647 783/766/651 780/763/648
f 787/770/655 788/771/656 789/772/657
f 787/770/655 789/772/657 790/773/658
f 776/759/644 775/758/643 789/772/657
f 776/759/644 789/772/657 788/771/656
f 774/757/642 786/769/654 789/772/657
f 774/757/642 789/772/657 775/758/643
f 785/768/653 790/773/658 789/772/657
f 785/768/653 789/772/657 786/769/654
f 791/774/659 792/775/660 793/776/661
f 791/774/659 793/776/661 794/777/662
f 795/778/663 796/779/664 793/776/661
f 795/778/663 793/776/661 792/775/660
f 797/780/665 798/781/666 793/776/661
f 797/780/665 793/776/661 796/779/664
f 799/782/667 794/777/662 793/776/661
f 799/782/667 793/776/661 798/781/666
f 618/604/509 621/607/512 800/783/668
f 618/604/509 800/783/668 801/784/669
f 626/612/517 802/785/670 800/783/668
f 626/612/517 800/783/668 621/607/512
f 797/780/665 796/779/664 800/783/668
f 797/780/665 800/783/668 802/785/670
f 795/778/663 801/784/669 800/783/668
f 795/778/663 800/783/668 796/779/664
f 658/644/549 803/786/671 804/787/672
f 658/644/549 804/787/672 659/645/550
f 805/788/673 806/789/674 804/787/672
f 805/788/673 804/787/672 803/786/671
f 797/780/665 802/785/670 804/787/672
f 797/780/665 804/787/672 806/789/674
f 626/612/517 659/645/550 804/787/672
f 626/612/517 804/787/672 802/785/670
f 807/790/675 808/791/676 809/792/677
f 807/790/675 809/792/677 810/793/678
f 811/794/679 812/795/680 809/792/677
f 811/794/679 809/792/677 808/791/676
f 797/780/665 806/789/674 809/792/677
f 797/780/665 809/792/677 812/795/680
f 805/788/673 810/793/678 809/792/677
f 805/788/673 809/792/677 806/789/674
f 813/796/681 814/797/682 815/798/683
f 813/796/681 815/798/683 816/799/684
f 817/800/685 818/801/686 815/798/683
f 817/800/685 815/798/683 814/797/682
f 797/780/665 812/795/680 815/798/683
f 797/780/665 815/798/683 818/801/686
f 811/794/679 816/799/684 815/798/683
f 811/794/679 815/798/683 812/795/680
f 819/802/687 820/803/688 821/804/689
f 819/802/687 821/804/689 822/805/690
f 823/806/691 824/807/692 821/804/689
f 823/806/691 821/804/689 820/803/688
f 797/780/665 818/801/686 821/804/689
f 797/780/665 821/804/689 824/807/692
f 817/800/685 822/805/690 821/804/689
f 817/800/685 821/804/689 818/801/686
f 825/808/693 826/809/694 827/810/695
f 825/808/693 827/810/695 828/811/696
f 829/812/697 830/813/698 827/810/695
f 829/812/697 827/810/695 826/809/694
f 797/780/665 824/807/692 827/810/695
f 797/780/665 827/810/695 830/813/698
f 823/806/691 828/811/696 827/810/695
f 823/806/691 827/810/695 824/807/692
f 831/814/699 832/815/700 833/816/701
f 831/814/699 833/816/701 834/817/702
f 799/782/667 798/781/666 833/816/701
f 799/782/667 833/816/701 832/815/700
f 797/780/665 830/813/698 833/816/701
f 797/780/665 833/816/701 798/781/666
f 829/812/697 834/817/702 833/816/701
f 829/812/697 833/816/701 830/813/698
f 819/802/687 822/805/690 835/818/703
f 819/802/687 835/818/703 836/819/704
f 817/800/685 837/820/705 835/818/703
f 817/800/685 835/818/703 822/805/690
f 838/821/706 839/822/707 835/818/703
f 838/821/706 835/818/703 837/820/705
f 840/823/708 836/819/704 835/818/703
f 840/823/708 835/818/703 839/822/707
f 813/796/681 841/824/709 842/825/710
f 813/796/681 842/825/710 814/797/682
f 843/826/711 844/827/712 842/825/710
f 843/826/711 842/825/710 841/824/709
f 838/821/706 837/820/705 842/825/710
f 838/821/706 842/825/710 844/827/712
f 817/800/685 814/797/682 842/825/710
f 817/800/685 842/825/710 837/820/705
f 845/828/713 846/829/714 847/830/715
f 845/828/713 847/830/715 848/831/716
f 849/832/717 850/833/718 847/830/715
f 849/832/717 847/830/715 846/829/714
f 838/821/706 844/827/712 847/830/715
f 838/821/706 847/830/715 850/833/718
f 843/826/711 848/831/716 847/830/715
f 843/826/711 847/830/715 844/827/712
f 851/834/719 852/835/720 853/836/721
f 854/834/722 855/837/723 852/835/720
f 838/821/706 850/833/718 852/835/720
f 838/821/706 852/835/720 855/837/723
f 849/832/717 853/836/721 852/835/720
f 849/832/717 852/835/720 850/833/718
f 856/834/724 857/838/725 858/839/726
f 859/840/727 860/841/728 858/839/726
f 859/840/727 858/839/726 857/838/725
f 838/821/706 855/837/723 858/839/726
f 838/821/706 858/839/726 860/841/728
f 854/834/722 858/839/726 855/837/723
f 861/842/729 862/843/716 863/844/730
f 861/842/729 863/844/730 864/845/731
f 840/823/708 839/822/707 863/844/730
f 840/823/708 863/844/730 862/843/716
f 838/821/706 860/841/728 863/844/730
f 838/821/706 863/844/730 839/822/707
f 859/840/727 864/845/731 863/844/730
f 859/840/727 863/844/730 860/841/728
f 865/846/732 866/847/733 867/848/734
f 865/846/732 867/848/734 868/849/735
f 869/850/736 870/851/737 867/848/734
f 869/850/736 867/848/734 866/847/733
f 871/852/738 872/853/739 867/848/734
f 871/852/738 867/848/734 870/851/737
f 873/854/740 868/849/735 867/848/734
f 873/854/740 867/848/734 872/853/739
f 114/112/114 117/115/117 874/855/741
f 114/112/114 874/855/741 875/856/742
f 109/107/109 876/857/743 874/855/741
f 109/107/109 874/855/741 117/115/117
f 871/852/738 870/851/737 874/855/741
f 871/852/738 874/855/741 876/857/743
f 869/850/736 875/856/742 874/855/741
f 869/850/736 874/855/741 870/851/737
f 105/103/105 877/858/744 878/859/745
f 105/103/105 878/859/745 106/104/106
f 879/860/746 880/861/747 878/859/745
f 879/860/746 878/859/745 877/858/744
f 871/852/738 876/857/743 878/859/745
f 871/852/738 878/859/745 880/861/747
f 109/107/109 106/104/106 878/859/745
f 109/107/109 878/859/745 876/857/743
f 881/862/748 882/863/749 883/864/750
f 881/862/748 883/864/750 884/865/751
f 873/854/740 872/853/739 883/864/750
f 873/854/740 883/864/750 882/863/749
f 871/852/738 880/861/747 883/864/750
f 871/852/738 883/864/750 872/853/739
f 879/860/746 884/865/751 883/864/750
f 879/860/746 883/864/750 880/861/747
f 89/87/89 885/866/752 886/867/753
f 89/87/89 886/867/753 90/88/90
f 887/868/754 888/869/755 886/867/753
f 887/868/754 886/867/753 885/866/752
f 889/870/756 890/871/757 886/867/753
f 889/870/756 886/867/753 888/869/755
f 93/91/93 90/88/90 886/867/753
f 93/91/93 886/867/753 890/871/757
f 865/846/732 868/849/735 891/872/758
f 865/846/732 891/872/758 892/873/759
f 873/854/740 893/874/760 891/872/758
f 873/854/740 891/872/758 868/849/735
f 889/870/756 888/869/755 891/872/758
f 889/870/756 891/872/758 893/874/760
f 887/868/754 892/873/759 891/872/758
f 887/868/754 891/872/758 888/869/755
f 881/862/748 894/875/761 895/876/762
f 881/862/748 895/876/762 882/863/749
f 896/877/763 897/878/764 895/876/762
f 896/877/763 895/876/762 894/875/761
f 889/870/756 893/874/760 895/876/762
f 889/870/756 895/876/762 897/878/764
f 873/854/740 882/863/749 895/876/762
f 873/854/740 895/876/762 893/874/760
f 95/93/95 98/96/98 898/879/765
f 95/93/95 898/879/765 899/880/766
f 93/91/93 890/871/757 898/879/765
f 93/91/93 898/879/765 98/96/98
f 889/870/756 897/878/764 898/879/765
f 889/870/756 898/879/765 890/871/757
f 896/877/763 899/880/766 898/879/765
f 896/877/763 898/879/765 897/878/764
f 900/881/767 901/882/768 902/883/769
f 900/881/767 902/883/769 903/884/770
f 904/885/771 905/886/772 902/883/769
f 904/885/771 902/883/769 901/882/768
f 906/887/773 907/888/774 902/883/769
f 906/887/773 902/883/769 905/886/772
f 908/889/775 903/884/770 902/883/769
f 908/889/775 902/883/769 907/888/774
f 76/74/76 79/77/79 909/890/776
f 76/74/76 909/890/776 910/891/777
f 74/72/74 911/892/778 909/890/776
f 74/72/74 909/890/776 79/77/79
f 906/887/773 905/886/772 909/890/776
f 906/887/773 909/890/776 911/892/778
f 904/885/771 910/891/777 909/890/776
f 904/885/771 909/890/776 905/886/772
f 70/68/70 912/893/779 913/894/780
f 70/68/70 913/894/780 71/69/71
f 914/895/781 915/896/782 913/894/780
f 914/895/781 913/894/780 912/893/779
f 906/887/773 911/892/778 913/894/780
f 906/887/773 913/894/780 915/896/782
f 74/72/74 71/69/71 913/894/780
f 74/72/74 913/894/780 911/892/778
f 916/897/783 917/898/784 918/899/785
f 916/897/783 918/899/785 919/900/786
f 908/889/775 907/888/774 918/899/785
f 908/889/775 918/899/785 917/898/784
f 906/887/773 915/896/782 918/899/785
f 906/887/773 918/899/785 907/888/774
f 914/895/781 919/900/786 918/899/785
f 914/895/781 918/899/785 915/896/782
f 101/99/101 920/901/787 921/902/788
f 101/99/101 921/902/788 102/100/102
f 922/903/789 923/904/790 921/902/788
f 922/903/789 921/902/788 920/901/787
f 924/905/791 925/906/792 921/902/788
f 924/905/791 921/902/788 923/904/790
f 88/86/88 102/100/102 921/902/788
f 88/86/88 921/902/788 925/906/792
f 900/881/767 903/884/770 926/907/793
f 900/881/767 926/907/793 927/908/794
f 908/889/775 928/909/795 926/907/793
f 908/889/775 926/907/793 903/884/770
f 924/905/791 923/904/790 926/907/793
f 924/905/791 926/907/793 928/909/795
f 922/903/789 927/908/794 926/907/793
f 922/903/789 926/907/793 923/904/790
f 916/897/783 929/910/796 930/911/797
f 916/897/783 930/911/797 917/898/784
f 931/912/798 932/913/799 930/911/797
f 931/912/798 930/911/797 929/910/796
f 924/905/791 928/909/795 930/911/797
f 924/905/791 930/911/797 932/913/799
f 908/889/775 917/898/784 930/911/797
f 908/889/775 930/911/797 928/909/795
f 80/78/80 83/81/83 933/914/800
f 80/78/80 933/914/800 934/915/801
f 88/86/88 925/906/792 933/914/800
f 88/86/88 933/914/800 83/81/83
f 924/905/791 932/913/799 933/914/800
f 924/905/791 933/914/800 925/906/792
f 931/912/798 934/915/801 933/914/800
f 931/912/798 933/914/800 932/913/799
f 881/862/748 884/865/751 935/916/802
f 881/862/748 935/916/802 936/917/748
f 879/860/746 937/918/803 935/916/802
f 879/860/746 935/916/802 884/865/751
f 938/919/804 939/920/805 935/916/802
f 938/919/804 935/916/802 937/918/803
f 940/921/806 936/917/748 935/916/802
f 940/921/806 935/916/802 939/920/805
f 105/103/105 292/286/271 941/922/807
f 105/103/105 941/922/807 877/858/744
f 286/280/265 942/923/808 941/922/807
f 286/280/265 941/922/807 292/286/271
f 938/919/804 937/918/803 941/922/807
f 938/919/804 941/922/807 942/923/808
f 879/860/746 877/858/744 941/922/807
f 879/860/746 941/922/807 937/918/803
f 282/276/261 943/924/809 944/925/810
f 282/276/261 944/925/810 283/277/262
f 945/926/811 946/927/812 944/925/810
f 945/926/811 944/925/810 943/924/809
f 938/919/804 942/923/808 944/925/810
f 938/919/804 944/925/810 946/927/812
f 286/280/265 283/277/262 944/925/810
f 286/280/265 944/925/810 942/923/808
f 947/928/813 948/929/814 949/930/815
f 947/928/813 949/930/815 950/931/805
f 940/921/806 939/920/805 949/930/815
f 940/921/806 949/930/815 948/929/814
f 938/919/804 946/927/812 949/930/815
f 938/919/804 949/930/815 939/920/805
f 945/926/811 950/931/805 949/930/815
f 945/926/811 949/930/815 946/927/812
f 95/93/95 899/880/766 951/932/816
f 95/93/95 951/932/816 268/262/95
f 896/877/763 952/933/817 951/932/816
f 896/877/763 951/932/816 899/880/766
f 953/934/817 954/935/816 951/932/816
f 953/934/817 951/932/816 952/933/817
f 270/264/95 268/262/95 951/932/816
f 270/264/95 951/932/816 954/935/816
f 881/862/748 936/917/748 955/936/818
f 881/862/748 955/936/818 894/875/761
f 940/921/806 956/937/819 955/936/818
f 940/921/806 955/936/818 936/917/748
f 953/934/817 952/933/817 955/936/818
f 953/934/817 955/936/818 956/937/819
f 896/877/763 894/875/761 955/936/818
f 896/877/763 955/936/818 952/933/817
f 947/928/813 957/938/820 958/939/821
f 947/928/813 958/939/821 948/929/814
f 959/940/822 960/941/823 958/939/821
f 959/940/822 958/939/821 957/938/820
f 953/934/817 956/937/819 958/939/821
f 953/934/817 958/939/821 960/941/823
f 940/921/806 948/929/814 958/939/821
f 940/921/806 958/939/821 956/937/819
f 272/266/259 275/269/95 961/942/824
f 272/266/259 961/942/824 962/943/824
f 270/264/95 954/935/816 961/942/824
f 270/264/95 961/942/824 275/269/95
f 953/934/817 960/941/823 961/942/824
f 953/934/817 961/942/824 954/935/816
f 959/940/822 962/943/824 961/942/824
f 959/940/822 961/942/824 960/941/823
f 963/944/825 964/945/826 965/946/827
f 963/944/825 965/946/827 966/947/828
f 967/948/829 968/949/830 965/946/827
f 967/948/829 965/946/827 964/945/826
f 969/950/831 970/951/832 965/946/827
f 969/950/831 965/946/827 968/949/830
f 971/952/833 966/947/828 965/946/827
f 971/952/833 965/946/827 970/951/832
f 258/252/253 261/255/256 972/953/834
f 258/252/253 972/953/834 973/954/835
f 256/250/251 974/955/836 972/953/834
f 256/250/251 972/953/834 261/255/256
f 969/950/831 968/949/830 972/953/834
f 969/950/831 972/953/834 974/955/836
f 967/948/829 973/954/835 972/953/834
f 967/948/829 972/953/834 968/949/830
f 76/74/76 910/891/777 975/956/837
f 76/74/76 975/956/837 254/248/249
f 904/885/771 976/957/838 975/956/837
f 904/885/771 975/956/837 910/891/777
f 969/950/831 974/955/836 975/956/837
f 969/950/831 975/956/837 976/957/838
f 256/250/251 254/248/249 975/956/837
f 256/250/251 975/956/837 974/955/836
f 900/881/767 977/958/839 978/959/840
f 900/881/767 978/959/840 901/882/768
f 971/952/833 970/951/832 978/959/840
f 971/952/833 978/959/840 977/958/839
f 969/950/831 976/957/838 978/959/840
f 969/950/831 978/959/840 970/951/832
f 904/885/771 901/882/768 978/959/840
f 904/885/771 978/959/840 976/957/838
f 278/272/260 979/960/841 980/961/842
f 278/272/260 980/961/842 279/273/258
f 981/962/843 982/963/844 980/961/842
f 981/962/843 980/961/842 979/960/841
f 983/964/845 984/965/846 980/961/842
f 983/964/845 980/961/842 982/963/844
f 267/261/258 279/273/258 980/961/842
f 267/261/258 980/961/842 984/965/846
f 963/944/825 966/947/828 985/966/847
f 963/944/825 985/966/847 986/967/848
f 971/952/833 987/968/849 985/966/847
f 971/952/833 985/966/847 966/947/828
f 983/964/845 982/963/844 985/966/847
f 983/964/845 985/966/847 987/968/849
f 981/962/843 986/967/848 985/966/847
f 981/962/843 985/966/847 982/963/844
f 900/881/767 927/908/794 988/969/850
f 900/881/767 988/969/850 977/958/839
f 922/903/789 989/970/789 988/969/850
f 922/903/789 988/969/850 927/908/794
f 983/964/845 987/968/849 988/969/850
f 983/964/845 988/969/850 989/970/789
f 971/952/833 977/958/839 988/969/850
f 971/952/833 988/969/850 987/968/849
f 101/99/101 263/257/258 990/971/846
f 101/99/101 990/971/846 920/901/787
f 267/261/258 984/965/846 990/971/846
f 267/261/258 990/971/846 263/257/258
f 983/964/845 989/970/789 990/971/846
f 983/964/845 990/971/846 984/965/846
f 922/903/789 920/901/787 990/971/846
f 922/903/789 990/971/846 989/970/789
f 947/928/813 950/931/805 991/972/851
f 947/928/813 991/972/851 992/973/852
f 945/926/811 993/974/853 991/972/851
f 945/926/811 991/972/851 950/931/805
f 994/975/854 995/976/855 991/972/851
f 994/975/854 991/972/851 993/974/853
f 996/977/856 992/973/852 991/972/851
f 996/977/856 991/972/851 995/976/855
f 282/276/261 460/450/401 997/978/857
f 282/276/261 997/978/857 943/924/809
f 454/444/396 998/979/858 997/978/857
f 454/444/396 997/978/857 460/450/401
f 994/975/854 993/974/853 997/978/857
f 994/975/854 997/978/857 998/979/858
f 945/926/811 943/924/809 997/978/857
f 945/926/811 997/978/857 993/974/853
f 450/440/392 999/980/859 1000/981/860
f 450/440/392 1000/981/860 451/441/393
f 1001/982/861 1002/983/862 1000/981/860
f 1001/982/861 1000/981/860 999/980/859
f 994/975/854 998/979/858 1000/981/860
f 994/975/854 1000/981/860 1002/983/862
f 454/444/396 451/441/393 1000/981/860
f 454/444/396 1000/981/860 998/979/858
f 1003/984/863 1004/985/864 1005/986/865
f 1003/984/863 1005/986/865 1006/987/866
f 996/977/856 995/976/855 1005/986/865
f 996/977/856 1005/986/865 1004/985/864
f 994/975/854 1002/983/862 1005/986/865
f 994/975/854 1005/986/865 995/976/855
f 1001/982/861 1006/987/866 1005/986/865
f 1001/982/861 1005/986/865 1002/983/862
f 272/266/259 962/943/824 1007/988/867
f 272/266/259 1007/988/867 436/426/259
f 959/940/822 1008/989/868 1007/988/867
f 959/940/822 1007/988/867 962/943/824
f 1009/990/869 1010/991/870 1007/988/867
f 1009/990/869 1007/988/867 1008/989/868
f 438/428/390 436/426/259 1007/988/867
f 438/428/390 1007/988/867 1010/991/870
f 947/928/813 992/973/852 1011/992/871
f 947/928/813 1011/992/871 957/938/820
f 996/977/856 1012/993/872 1011/992/871
f 996/977/856 1011/992/871 992/973/852
f 1009/990/869 1008/989/868 1011/992/871
f 1009/990/869 1011/992/871 1012/993/872
f 959/940/822 957/938/820 1011/992/871
f 959/940/822 1011/992/871 1008/989/868
f 1003/984/863 1013/994/873 1014/995/874
f 1003/984/863 1014/995/874 1004/985/864
f 1015/996/875 1016/997/876 1014/995/874
f 1015/996/875 1014/995/874 1013/994/873
f 1009/990/869 1012/993/872 1014/995/874
f 1009/990/869 1014/995/874 1016/997/876
f 996/977/856 1004/985/864 1014/995/874
f 996/977/856 1014/995/874 1012/993/872
f 440/430/390 443/433/390 1017/998/870
f 440/430/390 1017/998/870 1018/999/877
f 438/428/390 1010/991/870 1017/998/870
f 438/428/390 1017/998/870 443/433/390
f 1009/990/869 1016/997/876 1017/998/870
f 1009/990/869 1017/998/870 1010/991/870
f 1015/996/875 1018/999/877 1017/998/870
f 1015/996/875 1017/998/870 1016/997/876
f 1019/1000/878 1020/1001/879 1021/1002/880
f 1019/1000/878 1021/1002/880 1022/1003/881
f 1023/1004/882 1024/1005/883 1021/1002/880
f 1023/1004/882 1021/1002/880 1020/1001/879
f 1025/1006/884 1026/1007/885 1021/1002/880
f 1025/1006/884 1021/1002/880 1024/1005/883
f 1027/1008/886 1022/1003/881 1021/1002/880
f 1027/1008/886 1021/1002/880 1026/1007/885
f 426/416/386 429/419/389 1028/1009/887
f 426/416/386 1028/1009/887 1029/1010/888
f 424/414/385 1030/1011/889 1028/1009/887
f 424/414/385 1028/1009/887 429/419/389
f 1025/1006/884 1024/1005/883 1028/1009/887
f 1025/1006/884 1028/1009/887 1030/1011/889
f 1023/1004/882 1029/1010/888 1028/1009/887
f 1023/1004/882 1028/1009/887 1024/1005/883
f 258/252/253 973/954/835 1031/1012/890
f 258/252/253 1031/1012/890 422/412/383
f 967/948/829 1032/1013/891 1031/1012/890
f 967/948/829 1031/1012/890 973/954/835
f 1025/1006/884 1030/1011/889 1031/1012/890
f 1025/1006/884 1031/1012/890 1032/1013/891
f 424/414/385 422/412/383 1031/1012/890
f 424/414/385 1031/1012/890 1030/1011/889
f 963/944/825 1033/1014/892 1034/1015/893
f 963/944/825 1034/1015/893 964/945/826
f 1027/1008/886 1026/1007/885 1034/1015/893
f 1027/1008/886 1034/1015/893 1033/1014/892
f 1025/1006/884 1032/1013/891 1034/1015/893
f 1025/1006/884 1034/1015/893 1026/1007/885
f 967/948/829 964/945/826 1034/1015/893
f 967/948/829 1034/1015/893 1032/1013/891
f 446/436/391 1035/1016/894 1036/1017/894
f 446/436/391 1036/1017/894 447/437/391
f 1037/1018/895 1038/1019/896 1036/1017/894
f 1037/1018/895 1036/1017/894 1035/1016/894
f 1039/1020/897 1040/1021/898 1036/1017/894
f 1039/1020/897 1036/1017/894 1038/1019/896
f 435/425/260 447/437/391 1036/1017/894
f 435/425/260 1036/1017/894 1040/1021/898
f 1019/1000/878 1022/1003/881 1041/1022/899
f 1019/1000/878 1041/1022/899 1042/1023/900
f 1027/1008/886 1043/1024/901 1041/1022/899
f 1027/1008/886 1041/1022/899 1022/1003/881
f 1039/1020/897 1038/1019/896 1041/1022/899
f 1039/1020/897 1041/1022/899 1043/1024/901
f 1037/1018/895 1042/1023/900 1041/1022/899
f 1037/1018/895 1041/1022/899 1038/1019/896
f 963/944/825 986/967/848 1044/1025/902
f 963/944/825 1044/1025/902 1033/1014/892
f 981/962/843 1045/1026/903 1044/1025/902
f 981/962/843 1044/1025/902 986/967/848
f 1039/1020/897 1043/1024/901 1044/1025/902
f 1039/1020/897 1044/1025/902 1045/1026/903
f 1027/1008/886 1033/1014/892 1044/1025/902
f 1027/1008/886 1044/1025/902 1043/1024/901
f 278/272/260 431/421/260 1046/1027/841
f 278/272/260 1046/1027/841 979/960/841
f 435/425/260 1040/1021/898 1046/1027/841
f 435/425/260 1046/1027/841 431/421/260
f 1039/1020/897 1045/1026/903 1046/1027/841
f 1039/1020/897 1046/1027/841 1040/1021/898
f 981/962/843 979/960/841 1046/1027/841
f 981/962/843 1046/1027/841 1045/1026/903
f 1003/984/863 1006/987/866 1047/1028/904
f 1003/984/863 1047/1028/904 1048/1029/905
f 1001/982/861 1049/1030/906 1047/1028/904
f 1001/982/861 1047/1028/904 1006/987/866
f 1050/1031/907 1051/1032/908 1047/1028/904
f 1050/1031/907 1047/1028/904 1049/1030/906
f 1052/1033/909 1048/1029/905 1047/1028/904
f 1052/1033/909 1047/1028/904 1051/1032/908
f 450/440/392 628/614/519 1053/1034/910
f 450/440/392 1053/1034/910 999/980/859
f 622/608/513 1054/1035/911 1053/1034/910
f 622/608/513 1053/1034/910 628/614/519
f 1050/1031/907 1049/1030/906 1053/1034/910
f 1050/1031/907 1053/1034/910 1054/1035/911
f 1001/982/861 999/980/859 1053/1034/910
f 1001/982/861 1053/1034/910 1049/1030/906
f 618/604/509 1055/1036/912 1056/1037/913
f 618/604/509 1056/1037/913 619/605/510
f 1057/1038/914 1058/1039/915 1056/1037/913
f 1057/1038/914 1056/1037/913 1055/1036/912
f 1050/1031/907 1054/1035/911 1056/1037/913
f 1050/1031/907 1056/1037/913 1058/1039/915
f 622/608/513 619/605/510 1056/1037/913
f 622/608/513 1056/1037/913 1054/1035/911
f 1059/1040/916 1060/1041/917 1061/1042/918
f 1059/1040/916 1061/1042/918 1062/1043/919
f 1052/1033/909 1051/1032/908 1061/1042/918
f 1052/1033/909 1061/1042/918 1060/1041/917
f 1050/1031/907 1058/1039/915 1061/1042/918
f 1050/1031/907 1061/1042/918 1051/1032/908
f 1057/1038/914 1062/1043/919 1061/1042/918
f 1057/1038/914 1061/1042/918 1058/1039/915
f 440/430/390 1018/999/877 1063/1044/920
f 440/430/390 1063/1044/920 604/590/505
f 1015/996/875 1064/1045/921 1063/1044/920
f 1015/996/875 1063/1044/920 1018/999/877
f 1065/1046/922 1066/1047/920 1063/1044/920
f 1065/1046/922 1063/1044/920 1064/1045/921
f 606/592/505 604/590/505 1063/1044/920
f 606/592/505 1063/1044/920 1066/1047/920
f 1003/984/863 1048/1029/905 1067/1048/923
f 1003/984/863 1067/1048/923 1013/994/873
f 1052/1033/909 1068/1049/924 1067/1048/923
f 1052/1033/909 1067/1048/923 1048/1029/905
f 1065/1046/922 1064/1045/921 1067/1048/923
f 1065/1046/922 1067/1048/923 1068/1049/924
f 1015/996/875 1013/994/873 1067/1048/923
f 1015/996/875 1067/1048/923 1064/1045/921
f 1059/1040/916 1069/1050/925 1070/1051/926
f 1059/1040/916 1070/1051/926 1060/1041/917
f 1071/1052/927 1072/1053/927 1070/1051/926
f 1071/1052/927 1070/1051/926 1069/1050/925
f 1065/1046/922 1068/1049/924 1070/1051/926
f 1065/1046/922 1070/1051/926 1072/1053/927
f 1052/1033/909 1060/1041/917 1070/1051/926
f 1052/1033/909 1070/1051/926 1068/1049/924
f 608/594/506 611/597/505 1073/1054/928
f 608/594/506 1073/1054/928 1074/1055/928
f 606/592/505 1066/1047/920 1073/1054/928
f 606/592/505 1073/1054/928 611/597/505
f 1065/1046/922 1072/1053/927 1073/1054/928
f 1065/1046/922 1073/1054/928 1066/1047/920
f 1071/1052/927 1074/1055/928 1073/1054/928
f 1071/1052/927 1073/1054/928 1072/1053/927
f 1075/1056/929 1076/1057/930 1077/1058/931
f 1075/1056/929 1077/1058/931 1078/1059/932
f 1079/1060/933 1080/1061/934 1077/1058/931
f 1079/1060/933 1077/1058/931 1076/1057/930
f 1081/1062/935 1082/1063/936 1077/1058/931
f 1081/1062/935 1077/1058/931 1080/1061/934
f 1083/1064/937 1078/1059/932 1077/1058/931
f 1083/1064/937 1077/1058/931 1082/1063/936
f 594/580/500 597/583/503 1084/1065/938
f 594/580/500 1084/1065/938 1085/1066/939
f 592/578/498 1086/1067/940 1084/1065/938
f 592/578/498 1084/1065/938 597/583/503
f 1081/1062/935 1080/1061/934 1084/1065/938
f 1081/1062/935 1084/1065/938 1086/1067/940
f 1079/1060/933 1085/1066/939 1084/1065/938
f 1079/1060/933 1084/1065/938 1080/1061/934
f 426/416/386 1029/1010/888 1087/1068/941
f 426/416/386 1087/1068/941 590/576/496
f 1023/1004/882 1088/1069/942 1087/1068/941
f 1023/1004/882 1087/1068/941 1029/1010/888
f 1081/1062/935 1086/1067/940 1087/1068/941
f 1081/1062/935 1087/1068/941 1088/1069/942
f 592/578/498 590/576/496 1087/1068/941
f 592/578/498 1087/1068/941 1086/1067/940
f 1019/1000/878 1089/1070/943 1090/1071/944
f 1019/1000/878 1090/1071/944 1020/1001/879
f 1083/1064/937 1082/1063/936 1090/1071/944
f 1083/1064/937 1090/1071/944 1089/1070/943
f 1081/1062/935 1088/1069/942 1090/1071/944
f 1081/1062/935 1090/1071/944 1082/1063/936
f 1023/1004/882 1020/1001/879 1090/1071/944
f 1023/1004/882 1090/1071/944 1088/1069/942
f 614/600/504 1091/1072/945 1092/1073/946
f 614/600/504 1092/1073/946 615/601/504
f 1093/1074/947 1094/1075/948 1092/1073/946
f 1093/1074/947 1092/1073/946 1091/1072/945
f 1095/1076/948 1096/1077/946 1092/1073/946
f 1095/1076/948 1092/1073/946 1094/1075/948
f 603/589/504 615/601/504 1092/1073/946
f 603/589/504 1092/1073/946 1096/1077/946
f 1075/1056/929 1078/1059/932 1097/1078/949
f 1075/1056/929 1097/1078/949 1098/1079/950
f 1083/1064/937 1099/1080/951 1097/1078/949
f 1083/1064/937 1097/1078/949 1078/1059/932
f 1095/1076/948 1094/1075/948 1097/1078/949
f 1095/1076/948 1097/1078/949 1099/1080/951
f 1093/1074/947 1098/1079/950 1097/1078/949
f 1093/1074/947 1097/1078/949 1094/1075/948
f 1019/1000/878 1042/1023/900 1100/1081/952
f 1019/1000/878 1100/1081/952 1089/1070/943
f 1037/1018/895 1101/1082/953 1100/1081/952
f 1037/1018/895 1100/1081/952 1042/1023/900
f 1095/1076/948 1099/1080/951 1100/1081/952
f 1095/1076/948 1100/1081/952 1101/1082/953
f 1083/1064/937 1089/1070/943 1100/1081/952
f 1083/1064/937 1100/1081/952 1099/1080/951
f 446/436/391 599/585/391 1102/1083/954
f 446/436/391 1102/1083/954 1035/1016/894
f 603/589/504 1096/1077/946 1102/1083/954
f 603/589/504 1102/1083/954 599/585/391
f 1095/1076/948 1101/1082/953 1102/1083/954
f 1095/1076/948 1102/1083/954 1096/1077/946
f 1037/1018/895 1035/1016/894 1102/1083/954
f 1037/1018/895 1102/1083/954 1101/1082/953
f 1059/1040/916 1062/1043/919 1103/1084/955
f 1059/1040/916 1103/1084/955 1104/1085/956
f 1057/1038/914 1105/1086/957 1103/1084/955
f 1057/1038/914 1103/1084/955 1062/1043/919
f 1106/1087/958 1107/1088/959 1103/1084/955
f 1106/1087/958 1103/1084/955 1105/1086/957
f 1108/1089/960 1104/1085/956 1103/1084/955
f 1108/1089/960 1103/1084/955 1107/1088/959
f 618/604/509 801/784/669 1109/1090/961
f 618/604/509 1109/1090/961 1055/1036/912
f 795/778/663 1110/1091/962 1109/1090/961
f 795/778/663 1109/1090/961 801/784/669
f 1106/1087/958 1105/1086/957 1109/1090/961
f 1106/1087/958 1109/1090/961 1110/1091/962
f 1057/1038/914 1055/1036/912 1109/1090/961
f 1057/1038/914 1109/1090/961 1105/1086/957
f 791/774/659 1111/1092/963 1112/1093/964
f 791/774/659 1112/1093/964 792/775/660
f 1113/1094/965 1114/1095/966 1112/1093/964
f 1113/1094/965 1112/1093/964 1111/1092/963
f 1106/1087/958 1110/1091/962 1112/1093/964
f 1106/1087/958 1112/1093/964 1114/1095/966
f 795/778/663 792/775/660 1112/1093/964
f 795/778/663 1112/1093/964 1110/1091/962
f 1115/1096/967 1116/1097/968 1117/1098/969
f 1115/1096/967 1117/1098/969 1118/1099/970
f 1108/1089/960 1107/1088/959 1117/1098/969
f 1108/1089/960 1117/1098/969 1116/1097/968
f 1106/1087/958 1114/1095/966 1117/1098/969
f 1106/1087/958 1117/1098/969 1107/1088/959
f 1113/1094/965 1118/1099/970 1117/1098/969
f 1113/1094/965 1117/1098/969 1114/1095/966
f 608/594/506 1074/1055/928 1119/1100/971
f 608/594/506 1119/1100/971 777/760/645
f 1071/1052/927 1120/1101/972 1119/1100/971
f 1071/1052/927 1119/1100/971 1074/1055/928
f 1121/1102/973 1122/1103/974 1119/1100/971
f 1121/1102/973 1119/1100/971 1120/1101/972
f 779/762/647 777/760/645 1119/1100/971
f 779/762/647 1119/1100/971 1122/1103/974
f 1059/1040/916 1104/1085/956 1123/1104/975
f 1059/1040/916 1123/1104/975 1069/1050/925
f 1108/1089/960 1124/1105/976 1123/1104/975
f 1108/1089/960 1123/1104/975 1104/1085/956
f 1121/1102/973 1120/1101/972 1123/1104/975
f 1121/1102/973 1123/1104/975 1124/1105/976
f 1071/1052/927 1069/1050/925 1123/1104/975
f 1071/1052/927 1123/1104/975 1120/1101/972
f 1115/1096/967 1125/1106/977 1126/1107/978
f 1115/1096/967 1126/1107/978 1116/1097/968
f 1127/1108/979 1128/1109/980 1126/1107/978
f 1127/1108/979 1126/1107/978 1125/1106/977
f 1121/1102/973 1124/1105/976 1126/1107/978
f 1121/1102/973 1126/1107/978 1128/1109/980
f 1108/1089/960 1116/1097/968 1126/1107/978
f 1108/1089/960 1126/1107/978 1124/1105/976
f 781/764/649 784/767/652 1129/1110/981
f 781/764/649 1129/1110/981 1130/1111/982
f 779/762/647 1122/1103/974 1129/1110/981
f 779/762/647 1129/1110/981 784/767/652
f 1121/1102/973 1128/1109/980 1129/1110/981
f 1121/1102/973 1129/1110/981 1122/1103/974
f 1127/1108/979 1130/1111/982 1129/1110/981
f 1127/1108/979 1129/1110/981 1128/1109/980
f 1131/1112/983 1132/1113/984 1133/1114/985
f 1131/1112/983 1133/1114/985 1134/1115/986
f 1135/1116/987 1136/1117/988 1133/1114/985
f 1135/1116/987 1133/1114/985 1132/1113/984
f 1137/1118/989 1138/1119/990 1133/1114/985
f 1137/1118/989 1133/1114/985 1136/1117/988
f 1139/1120/991 1134/1115/986 1133/1114/985
f 1139/1120/991 1133/1114/985 1138/1119/990
f 767/750/635 770/753/638 1140/1121/992
f 767/750/635 1140/1121/992 1141/1122/993
f 765/748/633 1142/1123/994 1140/1121/992
f 765/748/633 1140/1121/992 770/753/638
f 1137/1118/989 1136/1117/988 1140/1121/992
f 1137/1118/989 1140/1121/992 1142/1123/994
f 1135/1116/987 1141/1122/993 1140/1121/992
f 1135/1116/987 1140/1121/992 1136/1117/988
f 594/580/500 1085/1066/939 1143/1124/995
f 594/580/500 1143/1124/995 763/746/631
f 1079/1060/933 1144/1125/996 1143/1124/995
f 1079/1060/933 1143/1124/995 1085/1066/939
f 1137/1118/989 1142/1123/994 1143/1124/995
f 1137/1118/989 1143/1124/995 1144/1125/996
f 765/748/633 763/746/631 1143/1124/995
f 765/748/633 1143/1124/995 1142/1123/994
f 1075/1056/929 1145/1126/997 1146/1127/998
f 1075/1056/929 1146/1127/998 1076/1057/930
f 1139/1120/991 1138/1119/990 1146/1127/998
f 1139/1120/991 1146/1127/998 1145/1126/997
f 1137/1118/989 1144/1125/996 1146/1127/998
f 1137/1118/989 1146/1127/998 1138/1119/990
f 1079/1060/933 1076/1057/930 1146/1127/998
f 1079/1060/933 1146/1127/998 1144/1125/996
f 787/770/655 1147/1128/999 1148/1129/1000
f 787/770/655 1148/1129/1000 788/771/656
f 1149/1130/1001 1150/1131/1002 1148/1129/1000
f 1149/1130/1001 1148/1129/1000 1147/1128/999
f 1151/1132/1003 1152/1133/1004 1148/1129/1000
f 1151/1132/1003 1148/1129/1000 1150/1131/1002
f 776/759/644 788/771/656 1148/1129/1000
f 776/759/644 1148/1129/1000 1152/1133/1004
f 1131/1112/983 1134/1115/986 1153/1134/1005
f 1131/1112/983 1153/1134/1005 1154/1135/1006
f 1139/1120/991 1155/1136/1007 1153/1134/1005
f 1139/1120/991 1153/1134/1005 1134/1115/986
f 1151/1132/1003 1150/1131/1002 1153/1134/1005
f 1151/1132/1003 1153/1134/1005 1155/1136/1007
f 1149/1130/1001 1154/1135/1006 1153/1134/1005
f 1149/1130/1001 1153/1134/1005 1150/1131/1002
f 1075/1056/929 1098/1079/950 1156/1137/1008
f 1075/1056/929 1156/1137/1008 1145/1126/997
f 1093/1074/947 1157/1138/1009 1156/1137/1008
f 1093/1074/947 1156/1137/1008 1098/1079/950
f 1151/1132/1003 1155/1136/1007 1156/1137/1008
f 1151/1132/1003 1156/1137/1008 1157/1138/1009
f 1139/1120/991 1145/1126/997 1156/1137/1008
f 1139/1120/991 1156/1137/1008 1155/1136/1007
f 614/600/504 772/755/640 1158/1139/1010
f 614/600/504 1158/1139/1010 1091/1072/945
f 776/759/644 1152/1133/1004 1158/1139/1010
f 776/759/644 1158/1139/1010 772/755/640
f 1151/1132/1003 1157/1138/1009 1158/1139/1010
f 1151/1132/1003 1158/1139/1010 1152/1133/1004
f 1093/1074/947 1091/1072/945 1158/1139/1010
f 1093/1074/947 1158/1139/1010 1157/1138/1009
f 1159/1140/1011 1160/1141/1012 1161/1142/1013
f 1159/1140/1011 1161/1142/1013 1162/1143/1014
f 1163/1144/1015 1164/1145/1016 1161/1142/1013
f 1163/1144/1015 1161/1142/1013 1160/1141/1012
f 1165/1146/1017 1166/1147/1018 1161/1142/1013
f 1165/1146/1017 1161/1142/1013 1164/1145/1016
f 1167/1148/1019 1162/1143/1014 1161/1142/1013
f 1167/1148/1019 1161/1142/1013 1166/1147/1018
f 1168/1149/1020 1169/1150/1021 1170/1151/1022
f 1171/1149/1023 1172/1152/1024 1169/1150/1021
f 1171/1149/1023 1169/1150/1021 1173/1149/1025
f 1165/1146/1017 1164/1145/1016 1169/1150/1021
f 1165/1146/1017 1169/1150/1021 1172/1152/1024
f 1163/1144/1015 1170/1151/1022 1169/1150/1021
f 1163/1144/1015 1169/1150/1021 1164/1145/1016
f 1174/1149/1026 1175/1153/1027 1176/1154/1028
f 1174/1149/1026 1176/1154/1028 1177/1149/1029
f 1178/1155/1030 1179/1156/1031 1176/1154/1028
f 1178/1155/1030 1176/1154/1028 1175/1153/1027
f 1165/1146/1017 1172/1152/1024 1176/1154/1028
f 1165/1146/1017 1176/1154/1028 1179/1156/1031
f 1171/1149/1023 1177/1149/1029 1176/1154/1028
f 1171/1149/1023 1176/1154/1028 1172/1152/1024
f 1180/1157/1032 1181/1158/1033 1182/1159/1034
f 1180/1157/1032 1182/1159/1034 1183/1160/1035
f 1184/1161/1036 1185/1162/1037 1182/1159/1034
f 1184/1161/1036 1182/1159/1034 1181/1158/1033
f 1165/1146/1017 1179/1156/1031 1182/1159/1034
f 1165/1146/1017 1182/1159/1034 1185/1162/1037
f 1178/1155/1030 1183/1160/1035 1182/1159/1034
f 1178/1155/1030 1182/1159/1034 1179/1156/1031
f 64/62/64 67/65/67 1186/1163/1038
f 64/62/64 1186/1163/1038 1187/1164/1039
f 62/60/62 1188/1165/1040 1186/1163/1038
f 62/60/62 1186/1163/1038 67/65/67
f 1165/1146/1017 1185/1162/1037 1186/1163/1038
f 1165/1146/1017 1186/1163/1038 1188/1165/1040
f 1184/1161/1036 1187/1164/1039 1186/1163/1038
f 1184/1161/1036 1186/1163/1038 1185/1162/1037
f 58/56/58 1189/1166/1041 1190/1167/1042
f 58/56/58 1190/1167/1042 59/57/59
f 1167/1148/1019 1166/1147/1018 1190/1167/1042
f 1167/1148/1019 1190/1167/1042 1189/1166/1041
f 1165/1146/1017 1188/1165/1040 1190/1167/1042
f 1165/1146/1017 1190/1167/1042 1166/1147/1018
f 62/60/62 59/57/59 1190/1167/1042
f 62/60/62 1190/1167/1042 1188/1165/1040
f 20/18/20 1191/1168/1012 1192/1169/1043
f 20/18/20 1192/1169/1043 21/19/21
f 1193/1170/1044 1194/1171/1045 1192/1169/1043
f 1193/1170/1044 1192/1169/1043 1191/1168/1012
f 1195/1172/1046 1196/1173/1047 1192/1169/1043
f 1195/1172/1046 1192/1169/1043 1194/1171/1045
f 24/22/24 21/19/21 1192/1169/1043
f 24/22/24 1192/1169/1043 1196/1173/1047
f 1197/1174/1048 1198/1174/1049 1199/1175/1050
f 1197/1174/1048 1199/1175/1050 1200/1176/1051
f 1201/1174/1052 1202/1177/1053 1199/1175/1050
f 1195/1172/1046 1194/1171/1045 1199/1175/1050
f 1195/1172/1046 1199/1175/1050 1202/1177/1053
f 1193/1170/1044 1200/1176/1051 1199/1175/1050
f 1193/1170/1044 1199/1175/1050 1194/1171/1045
f 1203/1174/1054 1204/1178/1055 1205/1179/1056
f 1206/1180/1057 1207/1181/1058 1205/1179/1056
f 1206/1180/1057 1205/1179/1056 1204/1178/1055
f 1195/1172/1046 1202/1177/1053 1205/1179/1056
f 1195/1172/1046 1205/1179/1056 1207/1181/1058
f 1201/1174/1052 1205/1179/1056 1202/1177/1053
f 1159/1140/1011 1162/1143/1014 1208/1182/1059
f 1159/1140/1011 1208/1182/1059 1209/1183/1060
f 1167/1148/1019 1210/1184/1061 1208/1182/1059
f 1167/1148/1019 1208/1182/1059 1162/1143/1014
f 1195/1172/1046 1207/1181/1058 1208/1182/1059
f 1195/1172/1046 1208/1182/1059 1210/1184/1061
f 1206/1180/1057 1209/1183/1060 1208/1182/1059
f 1206/1180/1057 1208/1182/1059 1207/1181/1058
f 58/56/58 61/59/61 1211/1185/1062
f 58/56/58 1211/1185/1062 1189/1166/1041
f 56/54/56 1212/1186/1063 1211/1185/1062
f 56/54/56 1211/1185/1062 61/59/61
f 1195/1172/1046 1210/1184/1061 1211/1185/1062
f 1195/1172/1046 1211/1185/1062 1212/1186/1063
f 1167/1148/1019 1189/1166/1041 1211/1185/1062
f 1167/1148/1019 1211/1185/1062 1210/1184/1061
f 26/24/26 29/27/29 1213/1187/1064
f 26/24/26 1213/1187/1064 54/52/54
f 24/22/24 1196/1173/1047 1213/1187/1064
f 24/22/24 1213/1187/1064 29/27/29
f 1195/1172/1046 1212/1186/1063 1213/1187/1064
f 1195/1172/1046 1213/1187/1064 1196/1173/1047
f 56/54/56 54/52/54 1213/1187/1064
f 56/54/56 1213/1187/1064 1212/1186/1063
f 45/43/45 48/46/48 1214/1188/1065
f 45/43/45 1214/1188/1065 1215/1189/1066
f 40/38/40 1216/1190/1067 1214/1188/1065
f 40/38/40 1214/1188/1065 48/46/48
f 1217/1191/1068 1218/1192/1069 1214/1188/1065
f 1217/1191/1068 1214/1188/1065 1216/1190/1067
f 1219/1193/1070 1215/1189/1066 1214/1188/1065
f 1219/1193/1070 1214/1188/1065 1218/1192/1069
f 36/34/36 1220/1194/1071 1221/1195/1072
f 36/34/36 1221/1195/1072 37/35/37
f 1222/1196/1073 1223/1197/1074 1221/1195/1072
f 1222/1196/1073 1221/1195/1072 1220/1194/1071
f 1217/1191/1068 1216/1190/1067 1221/1195/1072
f 1217/1191/1068 1221/1195/1072 1223/1197/1074
f 40/38/40 37/35/37 1221/1195/1072
f 40/38/40 1221/1195/1072 1216/1190/1067
f 1224/1198/1075 1225/1199/1076 1226/1200/1077
f 1224/1198/1075 1226/1200/1077 1227/1201/1078
f 1228/1202/1079 1229/1203/1080 1226/1200/1077
f 1228/1202/1079 1226/1200/1077 1225/1199/1076
f 1217/1191/1068 1223/1197/1074 1226/1200/1077
f 1217/1191/1068 1226/1200/1077 1229/1203/1080
f 1222/1196/1073 1227/1201/1078 1226/1200/1077
f 1222/1196/1073 1226/1200/1077 1223/1197/1074
f 1230/1204/1081 1231/1205/1082 1232/1206/1083
f 1233/1204/1084 1234/1207/1085 1231/1205/1082
f 1217/1191/1068 1229/1203/1080 1231/1205/1082
f 1217/1191/1068 1231/1205/1082 1234/1207/1085
f 1228/1202/1079 1232/1206/1083 1231/1205/1082
f 1228/1202/1079 1231/1205/1082 1229/1203/1080
f 1235/1204/1086 1236/1208/1087 1237/1209/1088
f 1238/1210/1089 1239/1211/1090 1237/1209/1088
f 1238/1210/1089 1237/1209/1088 1236/1208/1087
f 1217/1191/1068 1234/1207/1085 1237/1209/1088
f 1217/1191/1068 1237/1209/1088 1239/1211/1090
f 1233/1204/1084 1237/1209/1088 1234/1207/1085
f 1240/1212/1091 1241/1213/1092 1242/1214/1093
f 1240/1212/1091 1242/1214/1093 1243/1215/1094
f 1219/1193/1070 1218/1192/1069 1242/1214/1093
f 1219/1193/1070 1242/1214/1093 1241/1213/1092
f 1217/1191/1068 1239/1211/1090 1242/1214/1093
f 1217/1191/1068 1242/1214/1093 1218/1192/1069
f 1238/1210/1089 1243/1215/1094 1242/1214/1093
f 1238/1210/1089 1242/1214/1093 1239/1211/1090
f 32/30/32 52/50/52 1244/1216/1095
f 32/30/32 1244/1216/1095 33/31/33
f 49/47/49 1245/1217/1096 1244/1216/1095
f 49/47/49 1244/1216/1095 52/50/52
f 1246/1218/1097 1247/1219/1098 1244/1216/1095
f 1246/1218/1097 1244/1216/1095 1245/1217/1096
f 9/9/9 33/31/33 1244/1216/1095
f 9/9/9 1244/1216/1095 1247/1219/1098
f 45/43/45 1215/1189/1066 1248/1220/1099
f 45/43/45 1248/1220/1099 46/44/46
f 1219/1193/1070 1249/1221/1100 1248/1220/1099
f 1219/1193/1070 1248/1220/1099 1215/1189/1066
f 1246/1218/1097 1245/1217/1096 1248/1220/1099
f 1246/1218/1097 1248/1220/1099 1249/1221/1100
f 49/47/49 46/44/46 1248/1220/1099
f 49/47/49 1248/1220/1099 1245/1217/1096
f 1240/1212/1091 1250/1222/1101 1251/1223/1102
f 1240/1212/1091 1251/1223/1102 1241/1213/1092
f 1252/1224/1103 1253/1225/1104 1251/1223/1102
f 1252/1224/1103 1251/1223/1102 1250/1222/1101
f 1246/1218/1097 1249/1221/1100 1251/1223/1102
f 1246/1218/1097 1251/1223/1102 1253/1225/1104
f 1219/1193/1070 1241/1213/1092 1251/1223/1102
f 1219/1193/1070 1251/1223/1102 1249/1221/1100
f 1254/1226/1105 1255/1227/1106 1256/1228/1107
f 1257/1226/1108 1258/1229/1109 1255/1227/1106
f 1246/1218/1097 1253/1225/1104 1255/1227/1106
f 1246/1218/1097 1255/1227/1106 1258/1229/1109
f 1252/1224/1103 1256/1228/1107 1255/1227/1106
f 1252/1224/1103 1255/1227/1106 1253/1225/1104
f 1259/1230/1110 1260/1231/1111 1261/1232/1112
f 1259/1230/1110 1261/1232/1112 1262/1226/1113
f 1263/1233/1114 1264/1234/1115 1261/1232/1112
f 1263/1233/1114 1261/1232/1112 1260/1231/1111
f 1246/1218/1097 1258/1229/1109 1261/1232/1112
f 1246/1218/1097 1261/1232/1112 1264/1234/1115
f 1257/1226/1108 1261/1232/1112 1258/1229/1109
f 1/1/1 4/4/4 1265/1235/1116
f 1/1/1 1265/1235/1116 1266/1236/1094
f 9/9/9 1247/1219/1098 1265/1235/1116
f 9/9/9 1265/1235/1116 4/4/4
f 1246/1218/1097 1264/1234/1115 1265/1235/1116
f 1246/1218/1097 1265/1235/1116 1247/1219/1098
f 1263/1233/1114 1266/1236/1094 1265/1235/1116
f 1263/1233/1114 1265/1235/1116 1264/1234/1115
f 1267/1237/184 1268/1238/185 1269/1239/1117
f 1267/1237/184 1269/1239/1117 1270/1240/1118
f 1271/1241/188 1272/1242/1119 1269/1239/1117
f 1271/1241/188 1269/1239/1117 1268/1238/185
f 1273/1243/1120 1274/1244/1121 1269/1239/1117
f 1273/1243/1120 1269/1239/1117 1272/1242/1119
f 1275/1245/1122 1270/1240/1118 1269/1239/1117
f 1275/1245/1122 1269/1239/1117 1274/1244/1121
f 1276/1246/1123 1277/1247/1124 1278/1248/195
f 1279/1246/196 1280/1249/1125 1277/1247/1124
f 1273/1243/1120 1272/1242/1119 1277/1247/1124
f 1273/1243/1120 1277/1247/1124 1280/1249/1125
f 1271/1241/188 1278/1248/195 1277/1247/1124
f 1271/1241/188 1277/1247/1124 1272/1242/1119
f 1281/1246/198 1282/1250/1126 1283/1251/1127
f 1284/1252/1128 1285/1253/1129 1283/1251/1127
f 1284/1252/1128 1283/1251/1127 1282/1250/1126
f 1273/1243/1120 1280/1249/1125 1283/1251/1127
f 1273/1243/1120 1283/1251/1127 1285/1253/1129
f 1279/1246/196 1283/1251/1127 1280/1249/1125
f 1224/1198/1075 1227/1201/1078 1286/1254/1130
f 1224/1198/1075 1286/1254/1130 1287/1255/1131
f 1222/1196/1073 1288/1256/1132 1286/1254/1130
f 1222/1196/1073 1286/1254/1130 1227/1201/1078
f 1273/1243/1120 1285/1253/1129 1286/1254/1130
f 1273/1243/1120 1286/1254/1130 1288/1256/1132
f 1284/1252/1128 1287/1255/1131 1286/1254/1130
f 1284/1252/1128 1286/1254/1130 1285/1253/1129
f 36/34/36 252/246/247 1289/1257/1133
f 36/34/36 1289/1257/1133 1220/1194/1071
f 249/243/244 1290/1258/1134 1289/1257/1133
f 249/243/244 1289/1257/1133 252/246/247
f 1273/1243/1120 1288/1256/1132 1289/1257/1133
f 1273/1243/1120 1289/1257/1133 1290/1258/1134
f 1222/1196/1073 1220/1194/1071 1289/1257/1133
f 1222/1196/1073 1289/1257/1133 1288/1256/1132
f 245/239/240 1291/1259/1135 1292/1260/1136
f 245/239/240 1292/1260/1136 246/240/241
f 1275/1245/1122 1274/1244/1121 1292/1260/1136
f 1275/1245/1122 1292/1260/1136 1291/1259/1135
f 1273/1243/1120 1290/1258/1134 1292/1260/1136
f 1273/1243/1120 1292/1260/1136 1274/1244/1121
f 249/243/244 246/240/241 1292/1260/1136
f 249/243/244 1292/1260/1136 1290/1258/1134
f 207/201/184 1293/1261/185 1294/1262/1137
f 207/201/184 1294/1262/1137 208/202/203
f 1295/1263/1138 1296/1264/1139 1294/1262/1137
f 1295/1263/1138 1294/1262/1137 1293/1261/185
f 1297/1265/1140 1298/1266/1141 1294/1262/1137
f 1297/1265/1140 1294/1262/1137 1296/1264/1139
f 211/205/206 208/202/203 1294/1262/1137
f 211/205/206 1294/1262/1137 1298/1266/1141
f 1299/1267/1123 1300/1268/1142 1301/1269/195
f 1302/1267/196 1303/1270/1143 1300/1268/1142
f 1297/1265/1140 1296/1264/1139 1300/1268/1142
f 1297/1265/1140 1300/1268/1142 1303/1270/1143
f 1304/1271/188 1305/1272/336 1306/1273/1142
f 1304/1271/188 1306/1273/1142 1307/1274/1139
f 1308/1267/198 1309/1275/337 1310/1276/1144
f 1311/1277/201 1312/1278/1145 1310/1276/1144
f 1311/1277/201 1310/1276/1144 1309/1275/337
f 1297/1265/1140 1303/1270/1143 1310/1276/1144
f 1297/1265/1140 1310/1276/1144 1312/1278/1145
f 1302/1267/196 1310/1276/1144 1303/1270/1143
f 1267/1237/184 1270/1240/1118 1313/1279/1146
f 1267/1237/184 1313/1279/1146 1314/1280/205
f 1275/1245/1122 1315/1281/1147 1313/1279/1146
f 1275/1245/1122 1313/1279/1146 1270/1240/1118
f 1297/1265/1140 1312/1278/1145 1313/1279/1146
f 1297/1265/1140 1313/1279/1146 1315/1281/1147
f 1311/1277/201 1314/1280/205 1313/1279/1146
f 1311/1277/201 1313/1279/1146 1312/1278/1145
f 245/239/240 248/242/243 1316/1282/1148
f 245/239/240 1316/1282/1148 1291/1259/1135
f 243/237/238 1317/1283/1149 1316/1282/1148
f 243/237/238 1316/1282/1148 248/242/243
f 1297/1265/1140 1315/1281/1147 1316/1282/1148
f 1297/1265/1140 1316/1282/1148 1317/1283/1149
f 1275/1245/1122 1291/1259/1135 1316/1282/1148
f 1275/1245/1122 1316/1282/1148 1315/1281/1147
f 213/207/208 216/210/211 1318/1284/1150
f 213/207/208 1318/1284/1150 241/235/236
f 211/205/206 1298/1266/1141 1318/1284/1150
f 211/205/206 1318/1284/1150 216/210/211
f 1297/1265/1140 1317/1283/1149 1318/1284/1150
f 1297/1265/1140 1318/1284/1150 1298/1266/1141
f 243/237/238 241/235/236 1318/1284/1150
f 243/237/238 1318/1284/1150 1317/1283/1149
f 232/226/227 235/229/230 1319/1285/1151
f 232/226/227 1319/1285/1151 1320/1286/1152
f 227/221/222 1321/1287/1153 1319/1285/1151
f 227/221/222 1319/1285/1151 235/229/230
f 1322/1288/1154 1323/1289/1155 1319/1285/1151
f 1322/1288/1154 1319/1285/1151 1321/1287/1153
f 1324/1290/1156 1320/1286/1152 1319/1285/1151
f 1324/1290/1156 1319/1285/1151 1323/1289/1155
f 223/217/218 1325/1291/1157 1326/1292/1158
f 223/217/218 1326/1292/1158 224/218/219
f 1327/1293/1159 1328/1294/1160 1326/1292/1158
f 1327/1293/1159 1326/1292/1158 1325/1291/1157
f 1322/1288/1154 1321/1287/1153 1326/1292/1158
f 1322/1288/1154 1326/1292/1158 1328/1294/1160
f 227/221/222 224/218/219 1326/1292/1158
f 227/221/222 1326/1292/1158 1321/1287/1153
f 1329/1295/335 1330/1296/185 1331/1297/1161
f 1329/1295/335 1331/1297/1161 1332/1298/1162
f 1333/1299/188 1334/1300/1163 1331/1297/1161
f 1333/1299/188 1331/1297/1161 1330/1296/185
f 1322/1288/1154 1328/1294/1160 1331/1297/1161
f 1322/1288/1154 1331/1297/1161 1334/1300/1163
f 1327/1293/1159 1332/1298/1162 1331/1297/1161
f 1327/1293/1159 1331/1297/1161 1328/1294/1160
f 1335/1301/193 1336/1302/1164 1337/1303/452
f 1338/1301/196 1339/1304/1165 1336/1302/1164
f 1322/1288/1154 1334/1300/1163 1336/1302/1164
f 1322/1288/1154 1336/1302/1164 1339/1304/1165
f 1333/1299/188 1337/1303/452 1336/1302/1164
f 1333/1299/188 1336/1302/1164 1334/1300/1163
f 1340/1301/198 1341/1305/337 1342/1306/1166
f 1343/1307/201 1344/1308/1167 1342/1306/1166
f 1343/1307/201 1342/1306/1166 1341/1305/337
f 1322/1288/1154 1339/1304/1165 1342/1306/1166
f 1322/1288/1154 1342/1306/1166 1344/1308/1167
f 1338/1301/196 1342/1306/1166 1339/1304/1165
f 1345/1309/184 1346/1310/1168 1347/1311/1169
f 1345/1309/184 1347/1311/1169 1348/1312/205
f 1324/1290/1156 1323/1289/1155 1347/1311/1169
f 1324/1290/1156 1347/1311/1169 1346/1310/1168
f 1322/1288/1154 1344/1308/1167 1347/1311/1169
f 1322/1288/1154 1347/1311/1169 1323/1289/1155
f 1343/1307/201 1348/1312/205 1347/1311/1169
f 1343/1307/201 1347/1311/1169 1344/1308/1167
f 219/213/214 239/233/234 1349/1313/1170
f 219/213/214 1349/1313/1170 220/214/215
f 236/230/231 1350/1314/1171 1349/1313/1170
f 236/230/231 1349/1313/1170 239/233/234
f 1351/1315/1172 1352/1316/1173 1349/1313/1170
f 1351/1315/1172 1349/1313/1170 1350/1314/1171
f 195/191/192 220/214/215 1349/1313/1170
f 195/191/192 1349/1313/1170 1352/1316/1173
f 232/226/227 1320/1286/1152 1353/1317/1174
f 232/226/227 1353/1317/1174 233/227/228
f 1324/1290/1156 1354/1318/1175 1353/1317/1174
f 1324/1290/1156 1353/1317/1174 1320/1286/1152
f 1351/1315/1172 1350/1314/1171 1353/1317/1174
f 1351/1315/1172 1353/1317/1174 1354/1318/1175
f 236/230/231 233/227/228 1353/1317/1174
f 236/230/231 1353/1317/1174 1350/1314/1171
f 1345/1309/184 1355/1319/185 1356/1320/1176
f 1345/1309/184 1356/1320/1176 1346/1310/1168
f 1357/1321/188 1358/1322/1177 1356/1320/1176
f 1357/1321/188 1356/1320/1176 1355/1319/185
f 1351/1315/1172 1354/1318/1175 1356/1320/1176
f 1351/1315/1172 1356/1320/1176 1358/1322/1177
f 1324/1290/1156 1346/1310/1168 1356/1320/1176
f 1324/1290/1156 1356/1320/1176 1354/1318/1175
f 1359/1323/193 1360/1324/1178 1361/1325/195
f 1362/1323/196 1363/1326/1179 1360/1324/1178
f 1351/1315/1172 1358/1322/1177 1360/1324/1178
f 1351/1315/1172 1360/1324/1178 1363/1326/1179
f 1357/1321/188 1361/1325/195 1360/1324/1178
f 1357/1321/188 1360/1324/1178 1358/1322/1177
f 1364/1323/198 1365/1327/337 1366/1328/1166
f 1367/1329/201 1368/1330/1180 1366/1328/1166
f 1367/1329/201 1366/1328/1166 1365/1327/337
f 1351/1315/1172 1363/1326/1179 1366/1328/1166
f 1351/1315/1172 1366/1328/1166 1368/1330/1180
f 1362/1323/196 1366/1328/1166 1363/1326/1179
f 184/180/184 187/183/187 1369/1331/1181
f 184/180/184 1369/1331/1181 1370/1332/205
f 195/191/192 1352/1316/1173 1369/1331/1181
f 195/191/192 1369/1331/1181 187/183/187
f 1351/1315/1172 1368/1330/1180 1369/1331/1181
f 1351/1315/1172 1369/1331/1181 1352/1316/1173
f 1367/1329/201 1370/1332/205 1369/1331/1181
f 1367/1329/201 1369/1331/1181 1368/1330/1180
f 1371/1333/184 1372/1334/185 1373/1335/1117
f 1371/1333/184 1373/1335/1117 1374/1336/1118
f 1375/1337/188 1376/1338/1182 1373/1335/1117
f 1375/1337/188 1373/1335/1117 1372/1334/185
f 1377/1339/1183 1378/1340/1184 1373/1335/1117
f 1377/1339/1183 1373/1335/1117 1376/1338/1182
f 1379/1341/1185 1374/1336/1118 1373/1335/1117
f 1379/1341/1185 1373/1335/1117 1378/1340/1184
f 1380/1342/193 1381/1343/1142 1382/1344/452
f 1383/1342/196 1384/1345/1186 1381/1343/1142
f 1377/1339/1183 1376/1338/1182 1381/1343/1142
f 1377/1339/1183 1381/1343/1142 1384/1345/1186
f 1375/1337/188 1382/1344/452 1381/1343/1142
f 1375/1337/188 1381/1343/1142 1376/1338/1182
f 1385/1342/198 1386/1346/337 1387/1347/1187
f 1388/1348/201 1389/1349/1188 1387/1347/1187
f 1388/1348/201 1387/1347/1187 1386/1346/337
f 1377/1339/1183 1384/1345/1186 1387/1347/1187
f 1377/1339/1183 1387/1347/1187 1389/1349/1188
f 1383/1342/196 1387/1347/1187 1384/1345/1186
f 1329/1295/335 1332/1298/1162 1390/1350/1189
f 1329/1295/335 1390/1350/1189 1391/1351/205
f 1327/1293/1159 1392/1352/1190 1390/1350/1189
f 1327/1293/1159 1390/1350/1189 1332/1298/1162
f 1377/1339/1183 1389/1349/1188 1390/1350/1189
f 1377/1339/1183 1390/1350/1189 1392/1352/1190
f 1388/1348/201 1391/1351/205 1390/1350/1189
f 1388/1348/201 1390/1350/1189 1389/1349/1188
f 223/217/218 420/410/381 1393/1353/1191
f 223/217/218 1393/1353/1191 1325/1291/1157
f 417/407/378 1394/1354/1192 1393/1353/1191
f 417/407/378 1393/1353/1191 420/410/381
f 1377/1339/1183 1392/1352/1190 1393/1353/1191
f 1377/1339/1183 1393/1353/1191 1394/1354/1192
f 1327/1293/1159 1325/1291/1157 1393/1353/1191
f 1327/1293/1159 1393/1353/1191 1392/1352/1190
f 413/403/374 1395/1355/1193 1396/1356/1194
f 413/403/374 1396/1356/1194 414/404/375
f 1379/1341/1185 1378/1340/1184 1396/1356/1194
f 1379/1341/1185 1396/1356/1194 1395/1355/1193
f 1377/1339/1183 1394/1354/1192 1396/1356/1194
f 1377/1339/1183 1396/1356/1194 1378/1340/1184
f 417/407/378 414/404/375 1396/1356/1194
f 417/407/378 1396/1356/1194 1394/1354/1192
f 375/365/335 1397/1357/185 1398/1358/1137
f 375/365/335 1398/1358/1137 376/366/339
f 1399/1359/188 1400/1360/1139 1398/1358/1137
f 1399/1359/188 1398/1358/1137 1397/1357/185
f 1401/1361/1195 1402/1362/1196 1398/1358/1137
f 1401/1361/1195 1398/1358/1137 1400/1360/1139
f 379/369/341 376/366/339 1398/1358/1137
f 379/369/341 1398/1358/1137 1402/1362/1196
f 1403/1363/193 1404/1364/1142 1405/1365/195
f 1406/1363/196 1407/1366/1143 1404/1364/1142
f 1401/1361/1195 1400/1360/1139 1404/1364/1142
f 1401/1361/1195 1404/1364/1142 1407/1366/1143
f 1399/1359/188 1405/1365/195 1404/1364/1142
f 1399/1359/188 1404/1364/1142 1400/1360/1139
f 1408/1363/198 1409/1367/337 1410/1368/1144
f 1411/1369/201 1412/1370/1145 1410/1368/1144
f 1411/1369/201 1410/1368/1144 1409/1367/337
f 1401/1361/1195 1407/1366/1143 1410/1368/1144
f 1401/1361/1195 1410/1368/1144 1412/1370/1145
f 1406/1363/196 1410/1368/1144 1407/1366/1143
f 1371/1333/184 1374/1336/1118 1413/1371/1197
f 1371/1333/184 1413/1371/1197 1414/1372/205
f 1379/1341/1185 1415/1373/1198 1413/1371/1197
f 1379/1341/1185 1413/1371/1197 1374/1336/1118
f 1401/1361/1195 1412/1370/1145 1413/1371/1197
f 1401/1361/1195 1413/1371/1197 1415/1373/1198
f 1411/1369/201 1414/1372/205 1413/1371/1197
f 1411/1369/201 1413/1371/1197 1412/1370/1145
f 413/403/374 416/406/377 1416/1374/1199
f 413/403/374 1416/1374/1199 1395/1355/1193
f 411/401/372 1417/1375/1200 1416/1374/1199
f 411/401/372 1416/1374/1199 416/406/377
f 1401/1361/1195 1415/1373/1198 1416/1374/1199
f 1401/1361/1195 1416/1374/1199 1417/1375/1200
f 1379/1341/1185 1395/1355/1193 1416/1374/1199
f 1379/1341/1185 1416/1374/1199 1415/1373/1198
f 381/371/343 384/374/346 1418/1376/1201
f 381/371/343 1418/1376/1201 409/399/370
f 379/369/341 1402/1362/1196 1418/1376/1201
f 379/369/341 1418/1376/1201 384/374/346
f 1401/1361/1195 1417/1375/1200 1418/1376/1201
f 1401/1361/1195 1418/1376/1201 1402/1362/1196
f 411/401/372 409/399/370 1418/1376/1201
f 411/401/372 1418/1376/1201 1417/1375/1200
f 400/390/361 403/393/364 1419/1377/1202
f 400/390/361 1419/1377/1202 1420/1378/1203
f 395/385/357 1421/1379/1204 1419/1377/1202
f 395/385/357 1419/1377/1202 403/393/364
f 1422/1380/1205 1423/1381/1206 1419/1377/1202
f 1422/1380/1205 1419/1377/1202 1421/1379/1204
f 1424/1382/1207 1420/1378/1203 1419/1377/1202
f 1424/1382/1207 1419/1377/1202 1423/1381/1206
f 391/381/353 1425/1383/1208 1426/1384/1209
f 391/381/353 1426/1384/1209 392/382/354
f 1427/1385/1159 1428/1386/1160 1426/1384/1209
f 1427/1385/1159 1426/1384/1209 1425/1383/1208
f 1422/1380/1205 1421/1379/1204 1426/1384/1209
f 1422/1380/1205 1426/1384/1209 1428/1386/1160
f 395/385/357 392/382/354 1426/1384/1209
f 395/385/357 1426/1384/1209 1421/1379/1204
f 1429/1387/184 1430/1388/185 1431/1389/1161
f 1429/1387/184 1431/1389/1161 1432/1390/1210
f 1433/1391/188 1434/1392/1163 1431/1389/1161
f 1433/1391/188 1431/1389/1161 1430/1388/185
f 1422/1380/1205 1428/1386/1160 1431/1389/1161
f 1422/1380/1205 1431/1389/1161 1434/1392/1163
f 1427/1385/1159 1432/1390/1210 1431/1389/1161
f 1427/1385/1159 1431/1389/1161 1428/1386/1160
f 1435/1393/193 1436/1394/1164 1437/1395/452
f 1438/1393/196 1439/1396/1165 1436/1394/1164
f 1422/1380/1205 1434/1392/1163 1436/1394/1164
f 1422/1380/1205 1436/1394/1164 1439/1396/1165
f 1433/1391/188 1437/1395/452 1436/1394/1164
f 1433/1391/188 1436/1394/1164 1434/1392/1163
f 1440/1393/198 1441/1397/337 1442/1398/1166
f 1443/1399/201 1444/1400/1167 1442/1398/1166
f 1443/1399/201 1442/1398/1166 1441/1397/337
f 1422/1380/1205 1439/1396/1165 1442/1398/1166
f 1422/1380/1205 1442/1398/1166 1444/1400/1167
f 1445/1401/1211 1446/1402/1166 1447/1403/1165
f 1448/1404/335 1449/1405/1212 1450/1406/1169
f 1448/1404/335 1450/1406/1169 1451/1407/205
f 1424/1382/1207 1423/1381/1206 1450/1406/1169
f 1424/1382/1207 1450/1406/1169 1449/1405/1212
f 1422/1380/1205 1444/1400/1167 1450/1406/1169
f 1422/1380/1205 1450/1406/1169 1423/1381/1206
f 1443/1399/201 1451/1407/205 1450/1406/1169
f 1443/1399/201 1450/1406/1169 1444/1400/1167
f 387/377/349 407/397/368 1452/1408/1213
f 387/377/349 1452/1408/1213 388/378/350
f 404/394/365 1453/1409/1214 1452/1408/1213
f 404/394/365 1452/1408/1213 407/397/368
f 1454/1410/1215 1455/1411/1216 1452/1408/1213
f 1454/1410/1215 1452/1408/1213 1453/1409/1214
f 364/356/192 388/378/350 1452/1408/1213
f 364/356/192 1452/1408/1213 1455/1411/1216
f 400/390/361 1420/1378/1203 1456/1412/1217
f 400/390/361 1456/1412/1217 401/391/362
f 1424/1382/1207 1457/1413/1218 1456/1412/1217
f 1424/1382/1207 1456/1412/1217 1420/1378/1203
f 1454/1410/1215 1453/1409/1214 1456/1412/1217
f 1454/1410/1215 1456/1412/1217 1457/1413/1218
f 404/394/365 401/391/362 1456/1412/1217
f 404/394/365 1456/1412/1217 1453/1409/1214
f 1448/1404/335 1458/1414/185 1459/1415/1176
f 1448/1404/335 1459/1415/1176 1449/1405/1212
f 1460/1416/188 1461/1417/1177 1459/1415/1176
f 1460/1416/188 1459/1415/1176 1458/1414/185
f 1454/1410/1215 1457/1413/1218 1459/1415/1176
f 1454/1410/1215 1459/1415/1176 1461/1417/1177
f 1424/1382/1207 1449/1405/1212 1459/1415/1176
f 1424/1382/1207 1459/1415/1176 1457/1413/1218
f 1462/1418/193 1463/1419/1178 1464/1420/452
f 1465/1418/196 1466/1421/1219 1463/1419/1178
f 1454/1410/1215 1461/1417/1177 1463/1419/1178
f 1454/1410/1215 1463/1419/1178 1466/1421/1219
f 1460/1416/188 1464/1420/452 1463/1419/1178
f 1460/1416/188 1463/1419/1178 1461/1417/1177
f 1467/1418/198 1468/1422/337 1469/1423/1220
f 1470/1424/201 1471/1425/1180 1469/1423/1220
f 1470/1424/201 1469/1423/1220 1468/1422/337
f 1454/1410/1215 1466/1421/1219 1469/1423/1220
f 1454/1410/1215 1469/1423/1220 1471/1425/1180
f 1465/1418/196 1469/1423/1220 1466/1421/1219
f 356/348/335 359/351/187 1472/1426/1221
f 356/348/335 1472/1426/1221 1473/1427/205
f 364/356/192 1455/1411/1216 1472/1426/1221
f 364/356/192 1472/1426/1221 359/351/187
f 1454/1410/1215 1471/1425/1180 1472/1426/1221
f 1454/1410/1215 1472/1426/1221 1455/1411/1216
f 1470/1424/201 1473/1427/205 1472/1426/1221
f 1470/1424/201 1472/1426/1221 1471/1425/1180
f 1474/1428/184 1475/1429/185 1476/1430/1222
f 1474/1428/184 1476/1430/1222 1477/1431/1223
f 1478/1432/188 1479/1433/1182 1476/1430/1222
f 1478/1432/188 1476/1430/1222 1475/1429/185
f 1480/1434/1224 1481/1435/1225 1476/1430/1222
f 1480/1434/1224 1476/1430/1222 1479/1433/1182
f 1482/1436/1226 1477/1431/1223 1476/1430/1222
f 1482/1436/1226 1476/1430/1222 1481/1435/1225
f 1483/1437/193 1484/1438/1124 1485/1439/452
f 1486/1437/196 1487/1440/1186 1484/1438/1124
f 1480/1434/1224 1479/1433/1182 1484/1438/1124
f 1480/1434/1224 1484/1438/1124 1487/1440/1186
f 1478/1432/188 1485/1439/452 1484/1438/1124
f 1478/1432/188 1484/1438/1124 1479/1433/1182
f 1488/1437/198 1489/1441/337 1490/1442/1227
f 1491/1443/201 1492/1444/1228 1490/1442/1227
f 1491/1443/201 1490/1442/1227 1489/1441/337
f 1480/1434/1224 1487/1440/1186 1490/1442/1227
f 1480/1434/1224 1490/1442/1227 1492/1444/1228
f 1486/1437/196 1490/1442/1227 1487/1440/1186
f 1429/1387/184 1432/1390/1210 1493/1445/1189
f 1429/1387/184 1493/1445/1189 1494/1446/205
f 1427/1385/1159 1495/1447/1190 1493/1445/1189
f 1427/1385/1159 1493/1445/1189 1432/1390/1210
f 1480/1434/1224 1492/1444/1228 1493/1445/1189
f 1480/1434/1224 1493/1445/1189 1495/1447/1190
f 1491/1443/201 1494/1446/205 1493/1445/1189
f 1491/1443/201 1493/1445/1189 1492/1444/1228
f 391/381/353 588/574/494 1496/1448/1229
f 391/381/353 1496/1448/1229 1425/1383/1208
f 585/571/491 1497/1449/1230 1496/1448/1229
f 585/571/491 1496/1448/1229 588/574/494
f 1480/1434/1224 1495/1447/1190 1496/1448/1229
f 1480/1434/1224 1496/1448/1229 1497/1449/1230
f 1427/1385/1159 1425/1383/1208 1496/1448/1229
f 1427/1385/1159 1496/1448/1229 1495/1447/1190
f 581/567/487 1498/1450/1231 1499/1451/1232
f 581/567/487 1499/1451/1232 582/568/488
f 1482/1436/1226 1481/1435/1225 1499/1451/1232
f 1482/1436/1226 1499/1451/1232 1498/1450/1231
f 1480/1434/1224 1497/1449/1230 1499/1451/1232
f 1480/1434/1224 1499/1451/1232 1481/1435/1225
f 585/571/491 582/568/488 1499/1451/1232
f 585/571/491 1499/1451/1232 1497/1449/1230
f 543/529/335 1500/1452/185 1501/1453/1137
f 543/529/335 1501/1453/1137 544/530/339
f 1502/1454/188 1503/1455/1139 1501/1453/1137
f 1502/1454/188 1501/1453/1137 1500/1452/185
f 1504/1456/1233 1505/1457/1234 1501/1453/1137
f 1504/1456/1233 1501/1453/1137 1503/1455/1139
f 547/533/341 544/530/339 1501/1453/1137
f 547/533/341 1501/1453/1137 1505/1457/1234
f 1506/1458/193 1507/1459/1235 1508/1460/452
f 1509/1458/196 1510/1461/1236 1507/1459/1235
f 1504/1456/1233 1503/1455/1139 1507/1459/1235
f 1504/1456/1233 1507/1459/1235 1510/1461/1236
f 1502/1454/188 1508/1460/452 1507/1459/1235
f 1502/1454/188 1507/1459/1235 1503/1455/1139
f 1511/1458/453 1512/1462/337 1513/1463/1237
f 1514/1464/201 1515/1465/1145 1513/1463/1237
f 1514/1464/201 1513/1463/1237 1512/1462/337
f 1504/1456/1233 1510/1461/1236 1513/1463/1237
f 1504/1456/1233 1513/1463/1237 1515/1465/1145
f 1509/1458/196 1513/1463/1237 1510/1461/1236
f 1474/1428/184 1477/1431/1223 1516/1466/1197
f 1474/1428/184 1516/1466/1197 1517/1467/205
f 1482/1436/1226 1518/1468/1198 1516/1466/1197
f 1482/1436/1226 1516/1466/1197 1477/1431/1223
f 1504/1456/1233 1515/1465/1145 1516/1466/1197
f 1504/1456/1233 1516/1466/1197 1518/1468/1198
f 1514/1464/201 1517/1467/205 1516/1466/1197
f 1514/1464/201 1516/1466/1197 1515/1465/1145
f 581/567/487 584/570/490 1519/1469/1238
f 581/567/487 1519/1469/1238 1498/1450/1231
f 579/565/485 1520/1470/1239 1519/1469/1238
f 579/565/485 1519/1469/1238 584/570/490
f 1504/1456/1233 1518/1468/1198 1519/1469/1238
f 1504/1456/1233 1519/1469/1238 1520/1470/1239
f 1482/1436/1226 1498/1450/1231 1519/1469/1238
f 1482/1436/1226 1519/1469/1238 1518/1468/1198
f 549/535/455 552/538/458 1521/1471/1240
f 549/535/455 1521/1471/1240 577/563/483
f 547/533/341 1505/1457/1234 1521/1471/1240
f 547/533/341 1521/1471/1240 552/538/458
f 1504/1456/1233 1520/1470/1239 1521/1471/1240
f 1504/1456/1233 1521/1471/1240 1505/1457/1234
f 579/565/485 577/563/483 1521/1471/1240
f 579/565/485 1521/1471/1240 1520/1470/1239
f 568/554/474 571/557/477 1522/1472/1241
f 568/554/474 1522/1472/1241 1523/1473/1242
f 563/549/469 1524/1474/1243 1522/1472/1241
f 563/549/469 1522/1472/1241 571/557/477
f 1525/1475/1244 1526/1476/1245 1522/1472/1241
f 1525/1475/1244 1522/1472/1241 1524/1474/1243
f 1527/1477/1246 1523/1473/1242 1522/1472/1241
f 1527/1477/1246 1522/1472/1241 1526/1476/1245
f 559/545/465 1528/1478/1247 1529/1479/1248
f 559/545/465 1529/1479/1248 560/546/466
f 1530/1480/1249 1531/1481/1250 1529/1479/1248
f 1530/1480/1249 1529/1479/1248 1528/1478/1247
f 1525/1475/1244 1524/1474/1243 1529/1479/1248
f 1525/1475/1244 1529/1479/1248 1531/1481/1250
f 563/549/469 560/546/466 1529/1479/1248
f 563/549/469 1529/1479/1248 1524/1474/1243
f 1532/1482/1251 1533/1483/1252 1534/1484/1253
f 1532/1482/1251 1534/1484/1253 1535/1485/1254
f 1536/1486/1255 1537/1487/1256 1534/1484/1253
f 1536/1486/1255 1534/1484/1253 1533/1483/1252
f 1525/1475/1244 1531/1481/1250 1534/1484/1253
f 1525/1475/1244 1534/1484/1253 1537/1487/1256
f 1530/1480/1249 1535/1485/1254 1534/1484/1253
f 1530/1480/1249 1534/1484/1253 1531/1481/1250
f 1538/1488/193 1539/1489/1257 1540/1490/1258
f 1541/1488/196 1542/1491/1259 1539/1489/1257
f 1525/1475/1244 1537/1487/1256 1539/1489/1257
f 1525/1475/1244 1539/1489/1257 1542/1491/1259
f 1536/1486/1255 1540/1490/1258 1539/1489/1257
f 1536/1486/1255 1539/1489/1257 1537/1487/1256
f 1543/1488/453 1544/1492/337 1545/1493/1166
f 1546/1494/201 1547/1495/1260 1545/1493/1166
f 1546/1494/201 1545/1493/1166 1544/1492/337
f 1525/1475/1244 1542/1491/1259 1545/1493/1166
f 1525/1475/1244 1545/1493/1166 1547/1495/1260
f 1541/1488/196 1545/1493/1166 1542/1491/1259
f 1548/1496/335 1549/1497/1261 1550/1498/1262
f 1548/1496/335 1550/1498/1262 1551/1499/205
f 1527/1477/1246 1526/1476/1245 1550/1498/1262
f 1527/1477/1246 1550/1498/1262 1549/1497/1261
f 1525/1475/1244 1547/1495/1260 1550/1498/1262
f 1525/1475/1244 1550/1498/1262 1526/1476/1245
f 1546/1494/201 1551/1499/205 1550/1498/1262
f 1546/1494/201 1550/1498/1262 1547/1495/1260
f 555/541/461 575/561/481 1552/1500/1263
f 555/541/461 1552/1500/1263 556/542/462
f 572/558/478 1553/1501/1264 1552/1500/1263
f 572/558/478 1552/1500/1263 575/561/481
f 1554/1502/1265 1555/1503/1173 1552/1500/1263
f 1554/1502/1265 1552/1500/1263 1553/1501/1264
f 532/520/451 556/542/462 1552/1500/1263
f 532/520/451 1552/1500/1263 1555/1503/1173
f 568/554/474 1523/1473/1242 1556/1504/1266
f 568/554/474 1556/1504/1266 569/555/475
f 1527/1477/1246 1557/1505/1267 1556/1504/1266
f 1527/1477/1246 1556/1504/1266 1523/1473/1242
f 1554/1502/1265 1553/1501/1264 1556/1504/1266
f 1554/1502/1265 1556/1504/1266 1557/1505/1267
f 572/558/478 569/555/475 1556/1504/1266
f 572/558/478 1556/1504/1266 1553/1501/1264
f 1548/1496/335 1558/1506/185 1559/1507/1176
f 1548/1496/335 1559/1507/1176 1549/1497/1261
f 1560/1508/188 1561/1509/1177 1559/1507/1176
f 1560/1508/188 1559/1507/1176 1558/1506/185
f 1554/1502/1265 1557/1505/1267 1559/1507/1176
f 1554/1502/1265 1559/1507/1176 1561/1509/1177
f 1527/1477/1246 1549/1497/1261 1559/1507/1176
f 1527/1477/1246 1559/1507/1176 1557/1505/1267
f 1562/1510/193 1563/1511/1178 1564/1512/452
f 1565/1510/196 1566/1513/1219 1563/1511/1178
f 1554/1502/1265 1561/1509/1177 1563/1511/1178
f 1554/1502/1265 1563/1511/1178 1566/1513/1219
f 1560/1508/188 1564/1512/452 1563/1511/1178
f 1560/1508/188 1563/1511/1178 1561/1509/1177
f 1567/1510/453 1568/1514/337 1569/1515/1220
f 1570/1516/201 1571/1517/1180 1569/1515/1220
f 1570/1516/201 1569/1515/1220 1568/1514/337
f 1554/1502/1265 1566/1513/1219 1569/1515/1220
f 1554/1502/1265 1569/1515/1220 1571/1517/1180
f 1565/1510/196 1569/1515/1220 1566/1513/1219
f 524/512/335 527/515/449 1572/1518/1221
f 524/512/335 1572/1518/1221 1573/1519/205
f 532/520/451 1555/1503/1173 1572/1518/1221
f 532/520/451 1572/1518/1221 527/515/449
f 1554/1502/1265 1571/1517/1180 1572/1518/1221
f 1554/1502/1265 1572/1518/1221 1555/1503/1173
f 1570/1516/201 1573/1519/205 1572/1518/1221
f 1570/1516/201 1572/1518/1221 1571/1517/1180
f 1574/1520/20 1575/1521/1268 1576/1522/1269
f 1574/1520/20 1576/1522/1269 1577/1523/1014
f 1578/1524/1270 1579/1525/1271 1576/1522/1269
f 1578/1524/1270 1576/1522/1269 1575/1521/1268
f 1580/1526/1272 1581/1527/1273 1576/1522/1269
f 1580/1526/1272 1576/1522/1269 1579/1525/1271
f 1582/1528/1274 1577/1523/1014 1576/1522/1269
f 1582/1528/1274 1576/1522/1269 1581/1527/1273
f 1583/1529/1275 1584/1530/1276 1585/1531/1277
f 1586/1529/1278 1587/1532/1279 1584/1530/1276
f 1580/1526/1272 1579/1525/1271 1584/1530/1276
f 1580/1526/1272 1584/1530/1276 1587/1532/1279
f 1578/1524/1270 1585/1531/1277 1584/1530/1276
f 1578/1524/1270 1584/1530/1276 1579/1525/1271
f 1588/1529/1280 1589/1533/1281 1590/1534/1282
f 1591/1535/1283 1592/1536/1284 1590/1534/1282
f 1591/1535/1283 1590/1534/1282 1589/1533/1281
f 1580/1526/1272 1587/1532/1279 1590/1534/1282
f 1580/1526/1272 1590/1534/1282 1592/1536/1284
f 1586/1529/1278 1590/1534/1282 1587/1532/1279
f 1532/1482/1251 1535/1485/1254 1593/1537/1285
f 1532/1482/1251 1593/1537/1285 1594/1538/1286
f 1530/1480/1249 1595/1539/1287 1593/1537/1285
f 1530/1480/1249 1593/1537/1285 1535/1485/1254
f 1580/1526/1272 1592/1536/1284 1593/1537/1285
f 1580/1526/1272 1593/1537/1285 1595/1539/1287
f 1591/1535/1283 1594/1538/1286 1593/1537/1285
f 1591/1535/1283 1593/1537/1285 1592/1536/1284
f 559/545/465 761/744/629 1596/1540/1288
f 559/545/465 1596/1540/1288 1528/1478/1247
f 758/741/626 1597/1541/1289 1596/1540/1288
f 758/741/626 1596/1540/1288 761/744/629
f 1580/1526/1272 1595/1539/1287 1596/1540/1288
f 1580/1526/1272 1596/1540/1288 1597/1541/1289
f 1530/1480/1249 1528/1478/1247 1596/1540/1288
f 1530/1480/1249 1596/1540/1288 1595/1539/1287
f 754/737/622 1598/1542/1290 1599/1543/1291
f 754/737/622 1599/1543/1291 755/738/623
f 1582/1528/1274 1581/1527/1273 1599/1543/1291
f 1582/1528/1274 1599/1543/1291 1598/1542/1290
f 1580/1526/1272 1597/1541/1289 1599/1543/1291
f 1580/1526/1272 1599/1543/1291 1581/1527/1273
f 758/741/626 755/738/623 1599/1543/1291
f 758/741/626 1599/1543/1291 1597/1541/1289
f 716/699/584 1600/1544/1292 1601/1545/1293
f 716/699/584 1601/1545/1293 717/700/585
f 1602/1546/1294 1603/1547/1295 1601/1545/1293
f 1602/1546/1294 1601/1545/1293 1600/1544/1292
f 1604/1548/1046 1605/1549/1296 1601/1545/1293
f 1604/1548/1046 1601/1545/1293 1603/1547/1295
f 720/703/588 717/700/585 1601/1545/1293
f 720/703/588 1601/1545/1293 1605/1549/1296
f 1606/1550/1297 1607/1550/1298 1608/1551/1299
f 1606/1550/1297 1608/1551/1299 1609/1552/1300
f 1610/1550/1301 1611/1553/1302 1608/1551/1299
f 1604/1548/1046 1603/1547/1295 1608/1551/1299
f 1604/1548/1046 1608/1551/1299 1611/1553/1302
f 1602/1546/1294 1609/1552/1300 1608/1551/1299
f 1602/1546/1294 1608/1551/1299 1603/1547/1295
f 1612/1550/1303 1613/1554/1304 1614/1555/1305
f 1615/1556/1306 1616/1557/1307 1614/1555/1305
f 1615/1556/1306 1614/1555/1305 1613/1554/1304
f 1604/1548/1046 1611/1553/1302 1614/1555/1305
f 1604/1548/1046 1614/1555/1305 1616/1557/1307
f 1610/1550/1301 1614/1555/1305 1611/1553/1302
f 1574/1520/20 1577/1523/1014 1617/1558/1308
f 1574/1520/20 1617/1558/1308 1618/1559/1309
f 1582/1528/1274 1619/1560/1310 1617/1558/1308
f 1582/1528/1274 1617/1558/1308 1577/1523/1014
f 1604/1548/1046 1616/1557/1307 1617/1558/1308
f 1604/1548/1046 1617/1558/1308 1619/1560/1310
f 1615/1556/1306 1618/1559/1309 1617/1558/1308
f 1615/1556/1306 1617/1558/1308 1616/1557/1307
f 754/737/622 757/740/625 1620/1561/1311
f 754/737/622 1620/1561/1311 1598/1542/1290
f 752/735/620 1621/1562/1312 1620/1561/1311
f 752/735/620 1620/1561/1311 757/740/625
f 1604/1548/1046 1619/1560/1310 1620/1561/1311
f 1604/1548/1046 1620/1561/1311 1621/1562/1312
f 1582/1528/1274 1598/1542/1290 1620/1561/1311
f 1582/1528/1274 1620/1561/1311 1619/1560/1310
f 722/705/590 725/708/593 1622/1563/1313
f 722/705/590 1622/1563/1313 750/733/618
f 720/703/588 1605/1549/1296 1622/1563/1313
f 720/703/588 1622/1563/1313 725/708/593
f 1604/1548/1046 1621/1562/1312 1622/1563/1313
f 1604/1548/1046 1622/1563/1313 1605/1549/1296
f 752/735/620 750/733/618 1622/1563/1313
f 752/735/620 1622/1563/1313 1621/1562/1312
f 741/724/609 744/727/612 1623/1564/1314
f 741/724/609 1623/1564/1314 1624/1565/1315
f 736/719/604 1625/1566/1316 1623/1564/1314
f 736/719/604 1623/1564/1314 744/727/612
f 1626/1567/1317 1627/1568/1318 1623/1564/1314
f 1626/1567/1317 1623/1564/1314 1625/1566/1316
f 1628/1569/1319 1624/1565/1315 1623/1564/1314
f 1628/1569/1319 1623/1564/1314 1627/1568/1318
f 732/715/600 1629/1570/1320 1630/1571/1321
f 732/715/600 1630/1571/1321 733/716/601
f 1631/1572/1322 1632/1573/1323 1630/1571/1321
f 1631/1572/1322 1630/1571/1321 1629/1570/1320
f 1626/1567/1317 1625/1566/1316 1630/1571/1321
f 1626/1567/1317 1630/1571/1321 1632/1573/1323
f 736/719/604 733/716/601 1630/1571/1321
f 736/719/604 1630/1571/1321 1625/1566/1316
f 1633/1574/1324 1634/1575/1325 1635/1576/1326
f 1633/1574/1324 1635/1576/1326 1636/1577/1327
f 1637/1578/1328 1638/1579/1329 1635/1576/1326
f 1637/1578/1328 1635/1576/1326 1634/1575/1325
f 1626/1567/1317 1632/1573/1323 1635/1576/1326
f 1626/1567/1317 1635/1576/1326 1638/1579/1329
f 1631/1572/1322 1636/1577/1327 1635/1576/1326
f 1631/1572/1322 1635/1576/1326 1632/1573/1323
f 1639/1580/1330 1640/1581/1331 1641/1582/1332
f 1639/1580/1330 1641/1582/1332 1642/1583/1333
f 1643/1584/1334 1644/1585/1335 1641/1582/1332
f 1643/1584/1334 1641/1582/1332 1640/1581/1331
f 1626/1567/1317 1638/1579/1329 1641/1582/1332
f 1626/1567/1317 1641/1582/1332 1644/1585/1335
f 1637/1578/1328 1642/1583/1333 1641/1582/1332
f 1637/1578/1328 1641/1582/1332 1638/1579/1329
f 1645/1586/1336 1646/1587/1337 1647/1588/1338
f 1645/1586/1336 1647/1588/1338 1648/1589/1339
f 1649/1590/1340 1650/1591/1341 1647/1588/1338
f 1649/1590/1340 1647/1588/1338 1646/1587/1337
f 1626/1567/1317 1644/1585/1335 1647/1588/1338
f 1626/1567/1317 1647/1588/1338 1650/1591/1341
f 1643/1584/1334 1648/1589/1339 1647/1588/1338
f 1643/1584/1334 1647/1588/1338 1644/1585/1335
f 1651/1592/1342 1652/1593/1343 1653/1594/1344
f 1651/1592/1342 1653/1594/1344 1654/1595/1345
f 1628/1569/1319 1627/1568/1318 1653/1594/1344
f 1628/1569/1319 1653/1594/1344 1652/1593/1343
f 1626/1567/1317 1650/1591/1341 1653/1594/1344
f 1626/1567/1317 1653/1594/1344 1627/1568/1318
f 1649/1590/1340 1654/1595/1345 1653/1594/1344
f 1649/1590/1340 1653/1594/1344 1650/1591/1341
f 728/711/596 748/731/616 1655/1596/1346
f 728/711/596 1655/1596/1346 729/712/597
f 745/728/613 1656/1597/1347 1655/1596/1346
f 745/728/613 1655/1596/1346 748/731/616
f 1657/1598/1348 1658/1599/1349 1655/1596/1346
f 1657/1598/1348 1655/1596/1346 1656/1597/1347
f 705/690/573 729/712/597 1655/1596/1346
f 705/690/573 1655/1596/1346 1658/1599/1349
f 741/724/609 1624/1565/1315 1659/1600/1350
f 741/724/609 1659/1600/1350 742/725/610
f 1628/1569/1319 1660/1601/1351 1659/1600/1350
f 1628/1569/1319 1659/1600/1350 1624/1565/1315
f 1657/1598/1348 1656/1597/1347 1659/1600/1350
f 1657/1598/1348 1659/1600/1350 1660/1601/1351
f 745/728/613 742/725/610 1659/1600/1350
f 745/728/613 1659/1600/1350 1656/1597/1347
f 1651/1592/1342 1661/1602/1352 1662/1603/1353
f 1651/1592/1342 1662/1603/1353 1652/1593/1343
f 1663/1604/1354 1664/1605/1355 1662/1603/1353
f 1663/1604/1354 1662/1603/1353 1661/1602/1352
f 1657/1598/1348 1660/1601/1351 1662/1603/1353
f 1657/1598/1348 1662/1603/1353 1664/1605/1355
f 1628/1569/1319 1652/1593/1343 1662/1603/1353
f 1628/1569/1319 1662/1603/1353 1660/1601/1351
f 1665/1606/1356 1666/1607/1357 1667/1608/1358
f 1668/1606/1359 1669/1609/1360 1666/1607/1357
f 1657/1598/1348 1664/1605/1355 1666/1607/1357
f 1657/1598/1348 1666/1607/1357 1669/1609/1360
f 1663/1604/1354 1667/1608/1358 1666/1607/1357
f 1663/1604/1354 1666/1607/1357 1664/1605/1355
f 1670/1606/1361 1671/1610/1362 1672/1611/1363
f 1670/1606/1361 1672/1611/1363 1673/1606/1364
f 1674/1612/1365 1675/1613/1366 1672/1611/1363
f 1674/1612/1365 1672/1611/1363 1671/1610/1362
f 1657/1598/1348 1669/1609/1360 1672/1611/1363
f 1657/1598/1348 1672/1611/1363 1675/1613/1366
f 1668/1606/1359 1672/1611/1363 1669/1609/1360
f 697/682/565 700/685/568 1676/1614/1367
f 697/682/565 1676/1614/1367 1677/1615/1368
f 705/690/573 1658/1599/1349 1676/1614/1367
f 705/690/573 1676/1614/1367 700/685/568
f 1657/1598/1348 1675/1613/1366 1676/1614/1367
f 1657/1598/1348 1676/1614/1367 1658/1599/1349
f 1674/1612/1365 1677/1615/1368 1676/1614/1367
f 1674/1612/1365 1676/1614/1367 1675/1613/1366
f 126/124/126 129/127/129 1678/1616/1369
f 126/124/126 1678/1616/1369 1679/1617/1370
f 124/122/124 1680/1618/1371 1678/1616/1369
f 124/122/124 1678/1616/1369 129/127/129
f 1681/1619/1372 1682/1620/1373 1678/1616/1369
f 1681/1619/1372 1678/1616/1369 1680/1618/1371
f 1683/1621/1374 1679/1617/1370 1678/1616/1369
f 1683/1621/1374 1678/1616/1369 1682/1620/1373
f 120/118/120 1684/1622/1375 1685/1623/1376
f 120/118/120 1685/1623/1376 121/119/121
f 1686/1624/1377 1687/1625/1378 1685/1623/1376
f 1686/1624/1377 1685/1623/1376 1684/1622/1375
f 1681/1619/1372 1680/1618/1371 1685/1623/1376
f 1681/1619/1372 1685/1623/1376 1687/1625/1378
f 124/122/124 121/119/121 1685/1623/1376
f 124/122/124 1685/1623/1376 1680/1618/1371
f 1688/1626/1379 1689/1627/1380 1690/1628/1381
f 1688/1626/1379 1690/1628/1381 1691/1629/1382
f 1692/1630/1383 1693/1631/1384 1690/1628/1381
f 1692/1630/1383 1690/1628/1381 1689/1627/1380
f 1681/1619/1372 1687/1625/1378 1690/1628/1381
f 1681/1619/1372 1690/1628/1381 1693/1631/1384
f 1686/1624/1377 1691/1629/1382 1690/1628/1381
f 1686/1624/1377 1690/1628/1381 1687/1625/1378
f 1694/1632/1385 1695/1632/1386 1696/1633/1387
f 1694/1632/1385 1696/1633/1387 1697/1634/1388
f 1698/1632/1389 1699/1635/1390 1696/1633/1387
f 1698/1632/1389 1696/1633/1387 1695/1632/1386
f 1681/1619/1372 1693/1631/1384 1696/1633/1387
f 1681/1619/1372 1696/1633/1387 1699/1635/1390
f 1692/1630/1383 1697/1634/1388 1696/1633/1387
f 1692/1630/1383 1696/1633/1387 1693/1631/1384
f 1700/1632/1391 1701/1636/1392 1702/1637/1393
f 1703/1638/1394 1704/1639/1395 1702/1637/1393
f 1703/1638/1394 1702/1637/1393 1701/1636/1392
f 1681/1619/1372 1699/1635/1390 1702/1637/1393
f 1681/1619/1372 1702/1637/1393 1704/1639/1395
f 1698/1632/1389 1705/1632/1396 1702/1637/1393
f 1698/1632/1389 1702/1637/1393 1699/1635/1390
f 1706/1640/713 1707/1641/1397 1708/1642/1398
f 1706/1640/713 1708/1642/1398 1709/1643/1399
f 1683/1621/1374 1682/1620/1373 1708/1642/1398
f 1683/1621/1374 1708/1642/1398 1707/1641/1397
f 1681/1619/1372 1704/1639/1395 1708/1642/1398
f 1681/1619/1372 1708/1642/1398 1682/1620/1373
f 1703/1638/1394 1709/1643/1399 1708/1642/1398
f 1703/1638/1394 1708/1642/1398 1704/1639/1395
f 132/130/132 135/133/135 1710/1644/1400
f 132/130/132 1710/1644/1400 160/158/160
f 130/128/130 1711/1645/1401 1710/1644/1400
f 130/128/130 1710/1644/1400 135/133/135
f 1712/1646/1402 1713/1647/1403 1710/1644/1400
f 1712/1646/1402 1710/1644/1400 1711/1645/1401
f 162/160/162 160/158/160 1710/1644/1400
f 162/160/162 1710/1644/1400 1713/1647/1403
f 126/124/126 1679/1617/1370 1714/1648/1404
f 126/124/126 1714/1648/1404 127/125/127
f 1683/1621/1374 1715/1649/1405 1714/1648/1404
f 1683/1621/1374 1714/1648/1404 1679/1617/1370
f 1712/1646/1402 1711/1645/1401 1714/1648/1404
f 1712/1646/1402 1714/1648/1404 1715/1649/1405
f 130/128/130 127/125/127 1714/1648/1404
f 130/128/130 1714/1648/1404 1711/1645/1401
f 1706/1640/713 1716/1650/1406 1717/1651/1407
f 1706/1640/713 1717/1651/1407 1707/1641/1397
f 1718/1652/1408 1719/1653/1409 1717/1651/1407
f 1718/1652/1408 1717/1651/1407 1716/1650/1406
f 1712/1646/1402 1715/1649/1405 1717/1651/1407
f 1712/1646/1402 1717/1651/1407 1719/1653/1409
f 1683/1621/1374 1707/1641/1397 1717/1651/1407
f 1683/1621/1374 1717/1651/1407 1715/1649/1405
f 1720/1654/1410 1721/1655/1411 1722/1656/1412
f 1723/1654/1413 1724/1657/1414 1721/1655/1411
f 1712/1646/1402 1719/1653/1409 1721/1655/1411
f 1712/1646/1402 1721/1655/1411 1724/1657/1414
f 1718/1652/1408 1722/1656/1412 1721/1655/1411
f 1718/1652/1408 1721/1655/1411 1719/1653/1409
f 1725/1658/1415 1726/1659/1416 1727/1660/1417
f 1725/1658/1415 1727/1660/1417 1728/1654/1418
f 1729/1661/1419 1730/1662/1420 1727/1660/1417
f 1729/1661/1419 1727/1660/1417 1726/1659/1416
f 1712/1646/1402 1724/1657/1414 1727/1660/1417
f 1712/1646/1402 1727/1660/1417 1730/1662/1420
f 1723/1654/1413 1727/1660/1417 1724/1657/1414
f 164/162/164 167/165/167 1731/1663/1421
f 164/162/164 1731/1663/1421 1732/1664/1422
f 162/160/162 1713/1647/1403 1731/1663/1421
f 162/160/162 1731/1663/1421 167/165/167
f 1712/1646/1402 1730/1662/1420 1731/1663/1421
f 1712/1646/1402 1731/1663/1421 1713/1647/1403
f 1729/1661/1419 1732/1664/1422 1731/1663/1421
f 1729/1661/1419 1731/1663/1421 1730/1662/1420
f 1733/1665/1423 1734/1666/1424 1735/1667/1425
f 1733/1665/1423 1735/1667/1425 1736/1668/1426
f 1737/1669/1427 1738/1670/1428 1735/1667/1425
f 1737/1669/1427 1735/1667/1425 1734/1666/1424
f 1739/1671/1429 1740/1672/1430 1735/1667/1425
f 1739/1671/1429 1735/1667/1425 1738/1670/1428
f 1741/1673/1431 1736/1668/1426 1735/1667/1425
f 1741/1673/1431 1735/1667/1425 1740/1672/1430
f 1742/1674/1432 1743/1675/1433 1744/1676/1434
f 1745/1674/1435 1746/1677/1436 1743/1675/1433
f 1739/1671/1429 1738/1670/1428 1743/1675/1433
f 1739/1671/1429 1743/1675/1433 1746/1677/1436
f 1737/1669/1427 1744/1676/1434 1743/1675/1433
f 1737/1669/1427 1743/1675/1433 1738/1670/1428
f 1747/1674/1437 1748/1678/1438 1749/1679/1439
f 1750/1680/1440 1751/1681/1441 1749/1679/1439
f 1750/1680/1440 1749/1679/1439 1748/1678/1438
f 1739/1671/1429 1746/1677/1436 1749/1679/1439
f 1739/1671/1429 1749/1679/1439 1751/1681/1441
f 1745/1674/1435 1749/1679/1439 1746/1677/1436
f 1752/1682/1442 1753/1683/1443 1754/1684/1444
f 1752/1682/1442 1754/1684/1444 1755/1685/1445
f 1756/1686/1446 1757/1687/1447 1754/1684/1444
f 1756/1686/1446 1754/1684/1444 1753/1683/1443
f 1739/1671/1429 1751/1681/1441 1754/1684/1444
f 1739/1671/1429 1754/1684/1444 1757/1687/1447
f 1750/1680/1440 1755/1685/1445 1754/1684/1444
f 1750/1680/1440 1754/1684/1444 1751/1681/1441
f 150/148/150 153/151/153 1758/1688/1448
f 150/148/150 1758/1688/1448 1759/1689/1449
f 148/146/148 1760/1690/1450 1758/1688/1448
f 148/146/148 1758/1688/1448 153/151/153
f 1739/1671/1429 1757/1687/1447 1758/1688/1448
f 1739/1671/1429 1758/1688/1448 1760/1690/1450
f 1756/1686/1446 1759/1689/1449 1758/1688/1448
f 1756/1686/1446 1758/1688/1448 1757/1687/1447
f 144/142/144 1761/1691/1451 1762/1692/1452
f 144/142/144 1762/1692/1452 145/143/145
f 1741/1673/1431 1740/1672/1430 1762/1692/1452
f 1741/1673/1431 1762/1692/1452 1761/1691/1451
f 1739/1671/1429 1760/1690/1450 1762/1692/1452
f 1739/1671/1429 1762/1692/1452 1740/1672/1430
f 148/146/148 145/143/145 1762/1692/1452
f 148/146/148 1762/1692/1452 1760/1690/1450
f 180/176/180 1763/1693/1424 1764/1694/1453
f 180/176/180 1764/1694/1453 181/177/181
f 1765/1695/1454 1766/1696/1455 1764/1694/1453
f 1765/1695/1454 1764/1694/1453 1763/1693/1424
f 1767/1697/1456 1768/1698/1457 1764/1694/1453
f 1767/1697/1456 1764/1694/1453 1766/1696/1455
f 159/157/159 181/177/181 1764/1694/1453
f 159/157/159 1764/1694/1453 1768/1698/1457
f 1769/1699/1458 1770/1700/1459 1771/1701/1460
f 1772/1699/1461 1773/1702/1462 1770/1700/1459
f 1767/1697/1456 1766/1696/1455 1770/1700/1459
f 1767/1697/1456 1770/1700/1459 1773/1702/1462
f 1765/1695/1454 1771/1701/1460 1770/1700/1459
f 1765/1695/1454 1770/1700/1459 1766/1696/1455
f 1774/1699/1463 1775/1703/1464 1776/1704/1465
f 1777/1705/1466 1778/1706/1467 1776/1704/1465
f 1777/1705/1466 1776/1704/1465 1775/1703/1464
f 1767/1697/1456 1773/1702/1462 1776/1704/1465
f 1767/1697/1456 1776/1704/1465 1778/1706/1467
f 1772/1699/1461 1776/1704/1465 1773/1702/1462
f 1733/1665/1423 1736/1668/1426 1779/1707/1468
f 1733/1665/1423 1779/1707/1468 1780/1708/1469
f 1741/1673/1431 1781/1709/1470 1779/1707/1468
f 1741/1673/1431 1779/1707/1468 1736/1668/1426
f 1767/1697/1456 1778/1706/1467 1779/1707/1468
f 1767/1697/1456 1779/1707/1468 1781/1709/1470
f 1777/1705/1466 1780/1708/1469 1779/1707/1468
f 1777/1705/1466 1779/1707/1468 1778/1706/1467
f 144/142/144 147/145/147 1782/1710/1471
f 144/142/144 1782/1710/1471 1761/1691/1451
f 142/140/142 1783/1711/1472 1782/1710/1471
f 142/140/142 1782/1710/1471 147/145/147
f 1767/1697/1456 1781/1709/1470 1782/1710/1471
f 1767/1697/1456 1782/1710/1471 1783/1711/1472
f 1741/1673/1431 1761/1691/1451 1782/1710/1471
f 1741/1673/1431 1782/1710/1471 1781/1709/1470
f 138/136/138 155/153/155 1784/1712/1473
f 138/136/138 1784/1712/1473 139/137/139
f 159/157/159 1768/1698/1457 1784/1712/1473
f 159/157/159 1784/1712/1473 155/153/155
f 1767/1697/1456 1783/1711/1472 1784/1712/1473
f 1767/1697/1456 1784/1712/1473 1768/1698/1457
f 142/140/142 139/137/139 1784/1712/1473
f 142/140/142 1784/1712/1473 1783/1711/1472
f 298/292/277 301/295/280 1785/1713/1474
f 298/292/277 1785/1713/1474 1786/1714/1475
f 296/290/275 1787/1715/1476 1785/1713/1474
f 296/290/275 1785/1713/1474 301/295/280
f 1788/1716/1477 1789/1717/1478 1785/1713/1474
f 1788/1716/1477 1785/1713/1474 1787/1715/1476
f 1790/1718/1479 1786/1714/1475 1785/1713/1474
f 1790/1718/1479 1785/1713/1474 1789/1717/1478
f 150/148/150 1759/1689/1449 1791/1719/1480
f 150/148/150 1791/1719/1480 294/288/273
f 1756/1686/1446 1792/1720/1481 1791/1719/1480
f 1756/1686/1446 1791/1719/1480 1759/1689/1449
f 1788/1716/1477 1787/1715/1476 1791/1719/1480
f 1788/1716/1477 1791/1719/1480 1792/1720/1481
f 296/290/275 294/288/273 1791/1719/1480
f 296/290/275 1791/1719/1480 1787/1715/1476
f 1752/1682/1442 1793/1721/1482 1794/1722/1483
f 1752/1682/1442 1794/1722/1483 1753/1683/1443
f 1795/1723/1484 1796/1724/1485 1794/1722/1483
f 1795/1723/1484 1794/1722/1483 1793/1721/1482
f 1788/1716/1477 1792/1720/1481 1794/1722/1483
f 1788/1716/1477 1794/1722/1483 1796/1724/1485
f 1756/1686/1446 1753/1683/1443 1794/1722/1483
f 1756/1686/1446 1794/1722/1483 1792/1720/1481
f 1797/1725/321 1798/1726/1486 1799/1727/1487
f 1800/1725/324 1801/1728/1488 1798/1726/1486
f 1788/1716/1477 1796/1724/1485 1798/1726/1486
f 1788/1716/1477 1798/1726/1486 1801/1728/1488
f 1795/1723/1484 1799/1727/1487 1798/1726/1486
f 1795/1723/1484 1798/1726/1486 1796/1724/1485
f 1802/1725/326 1803/1729/327 1804/1730/562
f 1805/1731/329 1806/1732/1489 1804/1730/562
f 1805/1731/329 1804/1730/562 1803/1729/327
f 1788/1716/1477 1801/1728/1488 1804/1730/562
f 1788/1716/1477 1804/1730/562 1806/1732/1489
f 1800/1725/324 1804/1730/562 1801/1728/1488
f 1807/1733/315 1808/1734/1490 1809/1735/1491
f 1807/1733/315 1809/1735/1491 1810/1736/334
f 1790/1718/1479 1789/1717/1478 1809/1735/1491
f 1790/1718/1479 1809/1735/1491 1808/1734/1490
f 1788/1716/1477 1806/1732/1489 1809/1735/1491
f 1788/1716/1477 1809/1735/1491 1789/1717/1478
f 1805/1731/329 1810/1736/334 1809/1735/1491
f 1805/1731/329 1809/1735/1491 1806/1732/1489
f 304/298/283 307/301/286 1811/1737/1492
f 304/298/283 1811/1737/1492 332/326/311
f 302/296/281 1812/1738/1493 1811/1737/1492
f 302/296/281 1811/1737/1492 307/301/286
f 1813/1739/1494 1814/1740/1495 1811/1737/1492
f 1813/1739/1494 1811/1737/1492 1812/1738/1493
f 334/328/313 332/326/311 1811/1737/1492
f 334/328/313 1811/1737/1492 1814/1740/1495
f 298/292/277 1786/1714/1475 1815/1741/1496
f 298/292/277 1815/1741/1496 299/293/278
f 1790/1718/1479 1816/1742/1497 1815/1741/1496
f 1790/1718/1479 1815/1741/1496 1786/1714/1475
f 1813/1739/1494 1812/1738/1493 1815/1741/1496
f 1813/1739/1494 1815/1741/1496 1816/1742/1497
f 302/296/281 299/293/278 1815/1741/1496
f 302/296/281 1815/1741/1496 1812/1738/1493
f 1807/1733/315 1817/1743/316 1818/1744/1498
f 1807/1733/315 1818/1744/1498 1808/1734/1490
f 1819/1745/319 1820/1746/1499 1818/1744/1498
f 1819/1745/319 1818/1744/1498 1817/1743/316
f 1813/1739/1494 1816/1742/1497 1818/1744/1498
f 1813/1739/1494 1818/1744/1498 1820/1746/1499
f 1790/1718/1479 1808/1734/1490 1818/1744/1498
f 1790/1718/1479 1818/1744/1498 1816/1742/1497
f 1821/1747/321 1822/1748/1500 1823/1749/323
f 1824/1747/324 1825/1750/1501 1822/1748/1500
f 1813/1739/1494 1820/1746/1499 1822/1748/1500
f 1813/1739/1494 1822/1748/1500 1825/1750/1501
f 1819/1745/319 1823/1749/323 1822/1748/1500
f 1819/1745/319 1822/1748/1500 1820/1746/1499
f 1826/1747/326 1827/1751/327 1828/1752/562
f 1829/1753/329 1830/1754/1502 1828/1752/562
f 1829/1753/329 1828/1752/562 1827/1751/327
f 1813/1739/1494 1825/1750/1501 1828/1752/562
f 1813/1739/1494 1828/1752/562 1830/1754/1502
f 1824/1747/324 1828/1752/562 1825/1750/1501
f 336/330/315 339/333/318 1831/1755/1503
f 336/330/315 1831/1755/1503 1832/1756/334
f 334/328/313 1814/1740/1495 1831/1755/1503
f 334/328/313 1831/1755/1503 339/333/318
f 1813/1739/1494 1830/1754/1502 1831/1755/1503
f 1813/1739/1494 1831/1755/1503 1814/1740/1495
f 1829/1753/329 1832/1756/334 1831/1755/1503
f 1829/1753/329 1831/1755/1503 1830/1754/1502
f 1833/1757/315 1834/1758/316 1835/1759/1504
f 1833/1757/315 1835/1759/1504 1836/1760/1505
f 1837/1761/319 1838/1762/1506 1835/1759/1504
f 1837/1761/319 1835/1759/1504 1834/1758/316
f 1839/1763/1507 1840/1764/1508 1835/1759/1504
f 1839/1763/1507 1835/1759/1504 1838/1762/1506
f 1841/1765/1509 1836/1760/1505 1835/1759/1504
f 1841/1765/1509 1835/1759/1504 1840/1764/1508
f 1842/1766/321 1843/1767/1510 1844/1768/323
f 1845/1766/324 1846/1769/1511 1843/1767/1510
f 1839/1763/1507 1838/1762/1506 1843/1767/1510
f 1839/1763/1507 1843/1767/1510 1846/1769/1511
f 1837/1761/319 1844/1768/323 1843/1767/1510
f 1837/1761/319 1843/1767/1510 1838/1762/1506
f 1847/1766/444 1848/1770/327 1849/1771/1512
f 1850/1772/329 1851/1773/1513 1849/1771/1512
f 1850/1772/329 1849/1771/1512 1848/1770/327
f 1839/1763/1507 1846/1769/1511 1849/1771/1512
f 1839/1763/1507 1849/1771/1512 1851/1773/1513
f 1845/1766/324 1849/1771/1512 1846/1769/1511
f 1852/1774/315 1853/1775/1514 1854/1776/1515
f 1852/1774/315 1854/1776/1515 1855/1777/334
f 1856/1778/1516 1857/1779/1517 1854/1776/1515
f 1856/1778/1516 1854/1776/1515 1853/1775/1514
f 1839/1763/1507 1851/1773/1513 1854/1776/1515
f 1839/1763/1507 1854/1776/1515 1857/1779/1517
f 1850/1772/329 1855/1777/334 1854/1776/1515
f 1850/1772/329 1854/1776/1515 1851/1773/1513
f 322/316/301 325/319/304 1858/1780/1518
f 322/316/301 1858/1780/1518 1859/1781/1519
f 320/314/299 1860/1782/1520 1858/1780/1518
f 320/314/299 1858/1780/1518 325/319/304
f 1839/1763/1507 1857/1779/1517 1858/1780/1518
f 1839/1763/1507 1858/1780/1518 1860/1782/1520
f 1856/1778/1516 1859/1781/1519 1858/1780/1518
f 1856/1778/1516 1858/1780/1518 1857/1779/1517
f 316/310/295 1861/1783/1521 1862/1784/1522
f 316/310/295 1862/1784/1522 317/311/296
f 1841/1765/1509 1840/1764/1508 1862/1784/1522
f 1841/1765/1509 1862/1784/1522 1861/1783/1521
f 1839/1763/1507 1860/1782/1520 1862/1784/1522
f 1839/1763/1507 1862/1784/1522 1840/1764/1508
f 320/314/299 317/311/296 1862/1784/1522
f 320/314/299 1862/1784/1522 1860/1782/1520
f 352/344/331 1863/1785/316 1864/1786/1523
f 352/344/331 1864/1786/1523 353/345/332
f 1865/1787/319 1866/1788/1524 1864/1786/1523
f 1865/1787/319 1864/1786/1523 1863/1785/316
f 1867/1789/1525 1868/1790/1526 1864/1786/1523
f 1867/1789/1525 1864/1786/1523 1866/1788/1524
f 331/325/310 353/345/332 1864/1786/1523
f 331/325/310 1864/1786/1523 1868/1790/1526
f 1869/1791/321 1870/1792/1510 1871/1793/323
f 1872/1791/324 1873/1794/1527 1870/1792/1510
f 1867/1789/1525 1866/1788/1524 1870/1792/1510
f 1867/1789/1525 1870/1792/1510 1873/1794/1527
f 1865/1787/319 1871/1793/323 1870/1792/1510
f 1865/1787/319 1870/1792/1510 1866/1788/1524
f 1874/1791/326 1875/1795/327 1876/1796/1528
f 1877/1797/329 1878/1798/1529 1876/1796/1528
f 1877/1797/329 1876/1796/1528 1875/1795/327
f 1867/1789/1525 1873/1794/1527 1876/1796/1528
f 1867/1789/1525 1876/1796/1528 1878/1798/1529
f 1872/1791/324 1876/1796/1528 1873/1794/1527
f 1833/1757/315 1836/1760/1505 1879/1799/1530
f 1833/1757/315 1879/1799/1530 1880/1800/334
f 1841/1765/1509 1881/1801/1531 1879/1799/1530
f 1841/1765/1509 1879/1799/1530 1836/1760/1505
f 1867/1789/1525 1878/1798/1529 1879/1799/1530
f 1867/1789/1525 1879/1799/1530 1881/1801/1531
f 1877/1797/329 1880/1800/334 1879/1799/1530
f 1877/1797/329 1879/1799/1530 1878/1798/1529
f 316/310/295 319/313/298 1882/1802/1532
f 316/310/295 1882/1802/1532 1861/1783/1521
f 314/308/293 1883/1803/1533 1882/1802/1532
f 314/308/293 1882/1802/1532 319/313/298
f 1867/1789/1525 1881/1801/1531 1882/1802/1532
f 1867/1789/1525 1882/1802/1532 1883/1803/1533
f 1841/1765/1509 1861/1783/1521 1882/1802/1532
f 1841/1765/1509 1882/1802/1532 1881/1801/1531
f 310/304/289 327/321/306 1884/1804/1534
f 310/304/289 1884/1804/1534 311/305/290
f 331/325/310 1868/1790/1526 1884/1804/1534
f 331/325/310 1884/1804/1534 327/321/306
f 1867/1789/1525 1883/1803/1533 1884/1804/1534
f 1867/1789/1525 1884/1804/1534 1868/1790/1526
f 314/308/293 311/305/290 1884/1804/1534
f 314/308/293 1884/1804/1534 1883/1803/1533
f 466/456/407 469/459/410 1885/1805/1535
f 466/456/407 1885/1805/1535 1886/1806/1536
f 464/454/405 1887/1807/1537 1885/1805/1535
f 464/454/405 1885/1805/1535 469/459/410
f 1888/1808/1538 1889/1809/1539 1885/1805/1535
f 1888/1808/1538 1885/1805/1535 1887/1807/1537
f 1890/1810/1479 1886/1806/1536 1885/1805/1535
f 1890/1810/1479 1885/1805/1535 1889/1809/1539
f 322/316/301 1859/1781/1519 1891/1811/1540
f 322/316/301 1891/1811/1540 462/452/403
f 1856/1778/1516 1892/1812/1541 1891/1811/1540
f 1856/1778/1516 1891/1811/1540 1859/1781/1519
f 1888/1808/1538 1887/1807/1537 1891/1811/1540
f 1888/1808/1538 1891/1811/1540 1892/1812/1541
f 464/454/405 462/452/403 1891/1811/1540
f 464/454/405 1891/1811/1540 1887/1807/1537
f 1852/1774/315 1893/1813/316 1894/1814/1542
f 1852/1774/315 1894/1814/1542 1853/1775/1514
f 1895/1815/319 1896/1816/1543 1894/1814/1542
f 1895/1815/319 1894/1814/1542 1893/1813/316
f 1888/1808/1538 1892/1812/1541 1894/1814/1542
f 1888/1808/1538 1894/1814/1542 1896/1816/1543
f 1856/1778/1516 1853/1775/1514 1894/1814/1542
f 1856/1778/1516 1894/1814/1542 1892/1812/1541
f 1897/1817/321 1898/1818/1544 1899/1819/323
f 1900/1817/324 1901/1820/1545 1898/1818/1544
f 1888/1808/1538 1896/1816/1543 1898/1818/1544
f 1888/1808/1538 1898/1818/1544 1901/1820/1545
f 1895/1815/319 1899/1819/323 1898/1818/1544
f 1895/1815/319 1898/1818/1544 1896/1816/1543
f 1902/1817/444 1903/1821/327 1904/1822/562
f 1905/1823/329 1906/1824/1546 1904/1822/562
f 1905/1823/329 1904/1822/562 1903/1821/327
f 1888/1808/1538 1901/1820/1545 1904/1822/562
f 1888/1808/1538 1904/1822/562 1906/1824/1546
f 1900/1817/324 1904/1822/562 1901/1820/1545
f 1907/1825/315 1908/1826/1490 1909/1827/1491
f 1907/1825/315 1909/1827/1491 1910/1828/334
f 1890/1810/1479 1889/1809/1539 1909/1827/1491
f 1890/1810/1479 1909/1827/1491 1908/1826/1490
f 1888/1808/1538 1906/1824/1546 1909/1827/1491
f 1888/1808/1538 1909/1827/1491 1889/1809/1539
f 1905/1823/329 1910/1828/334 1909/1827/1491
f 1905/1823/329 1909/1827/1491 1906/1824/1546
f 472/462/413 475/465/416 1911/1829/1547
f 472/462/413 1911/1829/1547 500/490/439
f 470/460/411 1912/1830/1548 1911/1829/1547
f 470/460/411 1911/1829/1547 475/465/416
f 1913/1831/1494 1914/1832/1495 1911/1829/1547
f 1913/1831/1494 1911/1829/1547 1912/1830/1548
f 502/492/441 500/490/439 1911/1829/1547
f 502/492/441 1911/1829/1547 1914/1832/1495
f 466/456/407 1886/1806/1536 1915/1833/1549
f 466/456/407 1915/1833/1549 467/457/408
f 1890/1810/1479 1916/1834/1497 1915/1833/1549
f 1890/1810/1479 1915/1833/1549 1886/1806/1536
f 1913/1831/1494 1912/1830/1548 1915/1833/1549
f 1913/1831/1494 1915/1833/1549 1916/1834/1497
f 470/460/411 467/457/408 1915/1833/1549
f 470/460/411 1915/1833/1549 1912/1830/1548
f 1907/1825/315 1917/1835/316 1918/1836/1498
f 1907/1825/315 1918/1836/1498 1908/1826/1490
f 1919/1837/319 1920/1838/1499 1918/1836/1498
f 1919/1837/319 1918/1836/1498 1917/1835/316
f 1913/1831/1494 1916/1834/1497 1918/1836/1498
f 1913/1831/1494 1918/1836/1498 1920/1838/1499
f 1890/1810/1479 1908/1826/1490 1918/1836/1498
f 1890/1810/1479 1918/1836/1498 1916/1834/1497
f 1921/1839/321 1922/1840/1500 1923/1841/323
f 1924/1839/324 1925/1842/1501 1922/1840/1500
f 1913/1831/1494 1920/1838/1499 1922/1840/1500
f 1913/1831/1494 1922/1840/1500 1925/1842/1501
f 1919/1837/319 1923/1841/323 1922/1840/1500
f 1919/1837/319 1922/1840/1500 1920/1838/1499
f 1926/1839/444 1927/1843/1550 1928/1844/562
f 1929/1845/329 1930/1846/1551 1928/1844/562
f 1929/1845/329 1928/1844/562 1927/1843/1550
f 1913/1831/1494 1925/1842/1501 1928/1844/562
f 1913/1831/1494 1928/1844/562 1930/1846/1551
f 1924/1839/324 1928/1844/562 1925/1842/1501
f 504/494/315 507/497/318 1931/1847/1503
f 504/494/315 1931/1847/1503 1932/1848/334
f 502/492/441 1914/1832/1495 1931/1847/1503
f 502/492/441 1931/1847/1503 507/497/318
f 1913/1831/1494 1930/1846/1551 1931/1847/1503
f 1913/1831/1494 1931/1847/1503 1914/1832/1495
f 1929/1845/329 1932/1848/334 1931/1847/1503
f 1929/1845/329 1931/1847/1503 1930/1846/1551
f 1933/1849/558 1934/1850/316 1935/1851/1504
f 1933/1849/558 1935/1851/1504 1936/1852/1505
f 1937/1853/319 1938/1854/1506 1935/1851/1504
f 1937/1853/319 1935/1851/1504 1934/1850/316
f 1939/1855/1507 1940/1856/1508 1935/1851/1504
f 1939/1855/1507 1935/1851/1504 1938/1854/1506
f 1941/1857/1552 1936/1852/1505 1935/1851/1504
f 1941/1857/1552 1935/1851/1504 1940/1856/1508
f 1942/1858/321 1943/1859/1510 1944/1860/560
f 1945/1858/1553 1946/1861/1511 1943/1859/1510
f 1939/1855/1507 1938/1854/1506 1943/1859/1510
f 1939/1855/1507 1943/1859/1510 1946/1861/1511
f 1937/1853/319 1944/1860/560 1943/1859/1510
f 1937/1853/319 1943/1859/1510 1938/1854/1506
f 1947/1858/444 1948/1862/327 1949/1863/1512
f 1950/1864/329 1951/1865/1513 1949/1863/1512
f 1950/1864/329 1949/1863/1512 1948/1862/327
f 1939/1855/1507 1946/1861/1511 1949/1863/1512
f 1939/1855/1507 1949/1863/1512 1951/1865/1513
f 1945/1858/1553 1949/1863/1512 1946/1861/1511
f 1952/1866/315 1953/1867/1514 1954/1868/1515
f 1952/1866/315 1954/1868/1515 1955/1869/334
f 1956/1870/1516 1957/1871/1517 1954/1868/1515
f 1956/1870/1516 1954/1868/1515 1953/1867/1514
f 1939/1855/1507 1951/1865/1513 1954/1868/1515
f 1939/1855/1507 1954/1868/1515 1957/1871/1517
f 1950/1864/329 1955/1869/334 1954/1868/1515
f 1950/1864/329 1954/1868/1515 1951/1865/1513
f 490/480/431 493/483/434 1958/1872/1554
f 490/480/431 1958/1872/1554 1959/1873/1555
f 488/478/429 1960/1874/1556 1958/1872/1554
f 488/478/429 1958/1872/1554 493/483/434
f 1939/1855/1507 1957/1871/1517 1958/1872/1554
f 1939/1855/1507 1958/1872/1554 1960/1874/1556
f 1956/1870/1516 1959/1873/1555 1958/1872/1554
f 1956/1870/1516 1958/1872/1554 1957/1871/1517
f 484/474/425 1961/1875/1557 1962/1876/1558
f 484/474/425 1962/1876/1558 485/475/426
f 1941/1857/1552 1940/1856/1508 1962/1876/1558
f 1941/1857/1552 1962/1876/1558 1961/1875/1557
f 1939/1855/1507 1960/1874/1556 1962/1876/1558
f 1939/1855/1507 1962/1876/1558 1940/1856/1508
f 488/478/429 485/475/426 1962/1876/1558
f 488/478/429 1962/1876/1558 1960/1874/1556
f 520/508/315 1963/1877/316 1964/1878/1523
f 520/508/315 1964/1878/1523 521/509/447
f 1965/1879/319 1966/1880/1559 1964/1878/1523
f 1965/1879/319 1964/1878/1523 1963/1877/316
f 1967/1881/1560 1968/1882/1526 1964/1878/1523
f 1967/1881/1560 1964/1878/1523 1966/1880/1559
f 499/489/310 521/509/447 1964/1878/1523
f 499/489/310 1964/1878/1523 1968/1882/1526
f 1969/1883/321 1970/1884/1510 1971/1885/323
f 1972/1883/1553 1973/1886/1527 1970/1884/1510
f 1967/1881/1560 1966/1880/1559 1970/1884/1510
f 1967/1881/1560 1970/1884/1510 1973/1886/1527
f 1965/1879/319 1971/1885/323 1970/1884/1510
f 1965/1879/319 1970/1884/1510 1966/1880/1559
f 1974/1883/444 1975/1887/327 1976/1888/328
f 1977/1889/329 1978/1890/1561 1976/1888/328
f 1977/1889/329 1976/1888/328 1975/1887/327
f 1967/1881/1560 1973/1886/1527 1976/1888/328
f 1967/1881/1560 1976/1888/328 1978/1890/1561
f 1972/1883/1553 1976/1888/328 1973/1886/1527
f 1933/1849/558 1936/1852/1505 1979/1891/1530
f 1933/1849/558 1979/1891/1530 1980/1892/334
f 1941/1857/1552 1981/1893/1531 1979/1891/1530
f 1941/1857/1552 1979/1891/1530 1936/1852/1505
f 1967/1881/1560 1978/1890/1561 1979/1891/1530
f 1967/1881/1560 1979/1891/1530 1981/1893/1531
f 1977/1889/329 1980/1892/334 1979/1891/1530
f 1977/1889/329 1979/1891/1530 1978/1890/1561
f 484/474/425 487/477/428 1982/1894/1562
f 484/474/425 1982/1894/1562 1961/1875/1557
f 482/472/423 1983/1895/1533 1982/1894/1562
f 482/472/423 1982/1894/1562 487/477/428
f 1967/1881/1560 1981/1893/1531 1982/1894/1562
f 1967/1881/1560 1982/1894/1562 1983/1895/1533
f 1941/1857/1552 1961/1875/1557 1982/1894/1562
f 1941/1857/1552 1982/1894/1562 1981/1893/1531
f 478/468/419 495/485/436 1984/1896/1563
f 478/468/419 1984/1896/1563 479/469/420
f 499/489/310 1968/1882/1526 1984/1896/1563
f 499/489/310 1984/1896/1563 495/485/436
f 1967/1881/1560 1983/1895/1533 1984/1896/1563
f 1967/1881/1560 1984/1896/1563 1968/1882/1526
f 482/472/423 479/469/420 1984/1896/1563
f 482/472/423 1984/1896/1563 1983/1895/1533
f 634/620/525 637/623/528 1985/1897/1564
f 634/620/525 1985/1897/1564 1986/1898/1536
f 632/618/523 1987/1899/1565 1985/1897/1564
f 632/618/523 1985/1897/1564 637/623/528
f 1988/1900/1566 1989/1901/1539 1985/1897/1564
f 1988/1900/1566 1985/1897/1564 1987/1899/1565
f 1990/1902/1567 1986/1898/1536 1985/1897/1564
f 1990/1902/1567 1985/1897/1564 1989/1901/1539
f 490/480/431 1959/1873/1555 1991/1903/1568
f 490/480/431 1991/1903/1568 630/616/521
f 1956/1870/1516 1992/1904/1569 1991/1903/1568
f 1956/1870/1516 1991/1903/1568 1959/1873/1555
f 1988/1900/1566 1987/1899/1565 1991/1903/1568
f 1988/1900/1566 1991/1903/1568 1992/1904/1569
f 632/618/523 630/616/521 1991/1903/1568
f 632/618/523 1991/1903/1568 1987/1899/1565
f 1952/1866/315 1993/1905/316 1994/1906/1542
f 1952/1866/315 1994/1906/1542 1953/1867/1514
f 1995/1907/319 1996/1908/1570 1994/1906/1542
f 1995/1907/319 1994/1906/1542 1993/1905/316
f 1988/1900/1566 1992/1904/1569 1994/1906/1542
f 1988/1900/1566 1994/1906/1542 1996/1908/1570
f 1956/1870/1516 1953/1867/1514 1994/1906/1542
f 1956/1870/1516 1994/1906/1542 1992/1904/1569
f 1997/1909/321 1998/1910/1571 1999/1911/560
f 2000/1909/561 2001/1912/1572 1998/1910/1571
f 1988/1900/1566 1996/1908/1570 1998/1910/1571
f 1988/1900/1566 1998/1910/1571 2001/1912/1572
f 1995/1907/319 1999/1911/560 1998/1910/1571
f 1995/1907/319 1998/1910/1571 1996/1908/1570
f 2002/1909/444 2003/1913/327 2004/1914/562
f 2005/1915/329 2006/1916/1546 2004/1914/562
f 2005/1915/329 2004/1914/562 2003/1913/327
f 1988/1900/1566 2001/1912/1572 2004/1914/562
f 1988/1900/1566 2004/1914/562 2006/1916/1546
f 2000/1909/561 2004/1914/562 2001/1912/1572
f 2007/1917/315 2008/1918/1490 2009/1919/1573
f 2007/1917/315 2009/1919/1573 2010/1920/334
f 1990/1902/1567 1989/1901/1539 2009/1919/1573
f 1990/1902/1567 2009/1919/1573 2008/1918/1490
f 1988/1900/1566 2006/1916/1546 2009/1919/1573
f 1988/1900/1566 2009/1919/1573 1989/1901/1539
f 2005/1915/329 2010/1920/334 2009/1919/1573
f 2005/1915/329 2009/1919/1573 2006/1916/1546
f 640/626/531 643/629/534 2011/1921/1492
f 640/626/531 2011/1921/1492 668/654/555
f 638/624/529 2012/1922/1574 2011/1921/1492
f 638/624/529 2011/1921/1492 643/629/534
f 2013/1923/1575 2014/1924/1495 2011/1921/1492
f 2013/1923/1575 2011/1921/1492 2012/1922/1574
f 670/656/557 668/654/555 2011/1921/1492
f 670/656/557 2011/1921/1492 2014/1924/1495
f 634/620/525 1986/1898/1536 2015/1925/1576
f 634/620/525 2015/1925/1576 635/621/526
f 1990/1902/1567 2016/1926/1497 2015/1925/1576
f 1990/1902/1567 2015/1925/1576 1986/1898/1536
f 2013/1923/1575 2012/1922/1574 2015/1925/1576
f 2013/1923/1575 2015/1925/1576 2016/1926/1497
f 638/624/529 635/621/526 2015/1925/1576
f 638/624/529 2015/1925/1576 2012/1922/1574
f 2007/1917/315 2017/1927/316 2018/1928/1498
f 2007/1917/315 2018/1928/1498 2008/1918/1490
f 2019/1929/319 2020/1930/1499 2018/1928/1498
f 2019/1929/319 2018/1928/1498 2017/1927/316
f 2013/1923/1575 2016/1926/1497 2018/1928/1498
f 2013/1923/1575 2018/1928/1498 2020/1930/1499
f 1990/1902/1567 2008/1918/1490 2018/1928/1498
f 1990/1902/1567 2018/1928/1498 2016/1926/1497
f 2021/1931/321 2022/1932/1577 2023/1933/560
f 2024/1931/561 2025/1934/1501 2022/1932/1577
f 2013/1923/1575 2020/1930/1499 2022/1932/1577
f 2013/1923/1575 2022/1932/1577 2025/1934/1501
f 2019/1929/319 2023/1933/560 2022/1932/1577
f 2019/1929/319 2022/1932/1577 2020/1930/1499
f 2026/1931/444 2027/1935/1578 2028/1936/562
f 2029/1937/329 2030/1938/1551 2028/1936/562
f 2029/1937/329 2028/1936/562 2027/1935/1578
f 2013/1923/1575 2025/1934/1501 2028/1936/562
f 2013/1923/1575 2028/1936/562 2030/1938/1551
f 2024/1931/561 2028/1936/562 2025/1934/1501
f 672/658/558 675/661/559 2031/1939/1503
f 672/658/558 2031/1939/1503 2032/1940/334
f 670/656/557 2014/1924/1495 2031/1939/1503
f 670/656/557 2031/1939/1503 675/661/559
f 2013/1923/1575 2030/1938/1551 2031/1939/1503
f 2013/1923/1575 2031/1939/1503 2014/1924/1495
f 2029/1937/329 2032/1940/334 2031/1939/1503
f 2029/1937/329 2031/1939/1503 2030/1938/1551
f 2033/1941/558 2034/1942/316 2035/1943/1504
f 2033/1941/558 2035/1943/1504 2036/1944/1505
f 2037/1945/319 2038/1946/1559 2035/1943/1504
f 2037/1945/319 2035/1943/1504 2034/1942/316
f 2039/1947/1579 2040/1948/1580 2035/1943/1504
f 2039/1947/1579 2035/1943/1504 2038/1946/1559
f 2041/1949/1509 2036/1944/1505 2035/1943/1504
f 2041/1949/1509 2035/1943/1504 2040/1948/1580
f 2042/1950/1581 2043/1951/1582 2044/1952/560
f 2045/1950/561 2046/1953/1583 2043/1951/1582
f 2039/1947/1579 2038/1946/1559 2043/1951/1582
f 2039/1947/1579 2043/1951/1582 2046/1953/1583
f 2037/1945/319 2044/1952/560 2043/1951/1582
f 2037/1945/319 2043/1951/1582 2038/1946/1559
f 2047/1950/444 2048/1954/1584 2049/1955/1585
f 2050/1956/1586 2051/1957/1587 2049/1955/1585
f 2050/1956/1586 2049/1955/1585 2048/1954/1584
f 2039/1947/1579 2046/1953/1583 2049/1955/1585
f 2039/1947/1579 2049/1955/1585 2051/1957/1587
f 2045/1950/561 2049/1955/1585 2046/1953/1583
f 2052/1958/1588 2053/1959/1589 2054/1960/1590
f 2052/1958/1588 2054/1960/1590 2055/1961/1591
f 2056/1962/1592 2057/1963/1593 2054/1960/1590
f 2056/1962/1592 2054/1960/1590 2053/1959/1589
f 2039/1947/1579 2051/1957/1587 2054/1960/1590
f 2039/1947/1579 2054/1960/1590 2057/1963/1593
f 2050/1956/1586 2055/1961/1591 2054/1960/1590
f 2050/1956/1586 2054/1960/1590 2051/1957/1587
f 658/644/549 661/647/552 2058/1964/1594
f 658/644/549 2058/1964/1594 2059/1965/1595
f 656/642/547 2060/1966/1596 2058/1964/1594
f 656/642/547 2058/1964/1594 661/647/552
f 2039/1947/1579 2057/1963/1593 2058/1964/1594
f 2039/1947/1579 2058/1964/1594 2060/1966/1596
f 2056/1962/1592 2059/1965/1595 2058/1964/1594
f 2056/1962/1592 2058/1964/1594 2057/1963/1593
f 652/638/543 2061/1967/1597 2062/1968/1598
f 652/638/543 2062/1968/1598 653/639/544
f 2041/1949/1509 2040/1948/1580 2062/1968/1598
f 2041/1949/1509 2062/1968/1598 2061/1967/1597
f 2039/1947/1579 2060/1966/1596 2062/1968/1598
f 2039/1947/1579 2062/1968/1598 2040/1948/1580
f 656/642/547 653/639/544 2062/1968/1598
f 656/642/547 2062/1968/1598 2060/1966/1596
f 2063/1969/315 2064/1970/316 2065/1971/1523
f 2063/1969/315 2065/1971/1523 695/680/564
f 2066/1972/319 2067/1973/1559 2065/1971/1523
f 2066/1972/319 2065/1971/1523 2064/1970/316
f 2068/1974/1560 2069/1975/1526 2065/1971/1523
f 2068/1974/1560 2065/1971/1523 2067/1973/1559
f 667/653/310 695/680/564 2065/1971/1523
f 667/653/310 2065/1971/1523 2069/1975/1526
f 2070/1976/1581 2071/1977/1510 2072/1978/560
f 2073/1976/561 2074/1979/1527 2071/1977/1510
f 2068/1974/1560 2067/1973/1559 2071/1977/1510
f 2068/1974/1560 2071/1977/1510 2074/1979/1527
f 2066/1972/319 2072/1978/560 2071/1977/1510
f 2066/1972/319 2071/1977/1510 2067/1973/1559
f 2075/1976/444 2076/1980/1578 2077/1981/328
f 2078/1982/329 2079/1983/1529 2077/1981/328
f 2078/1982/329 2077/1981/328 2076/1980/1578
f 2068/1974/1560 2074/1979/1527 2077/1981/328
f 2068/1974/1560 2077/1981/328 2079/1983/1529
f 2073/1976/561 2077/1981/328 2074/1979/1527
f 2033/1941/558 2036/1944/1505 2080/1984/1530
f 2033/1941/558 2080/1984/1530 2081/1985/334
f 2041/1949/1509 2082/1986/1531 2080/1984/1530
f 2041/1949/1509 2080/1984/1530 2036/1944/1505
f 2068/1974/1560 2079/1983/1529 2080/1984/1530
f 2068/1974/1560 2080/1984/1530 2082/1986/1531
f 2078/1982/329 2081/1985/334 2080/1984/1530
f 2078/1982/329 2080/1984/1530 2079/1983/1529
f 652/638/543 655/641/546 2083/1987/1599
f 652/638/543 2083/1987/1599 2061/1967/1597
f 650/636/541 2084/1988/1600 2083/1987/1599
f 650/636/541 2083/1987/1599 655/641/546
f 2068/1974/1560 2082/1986/1531 2083/1987/1599
f 2068/1974/1560 2083/1987/1599 2084/1988/1600
f 2041/1949/1509 2061/1967/1597 2083/1987/1599
f 2041/1949/1509 2083/1987/1599 2082/1986/1531
f 646/632/537 663/649/554 2085/1989/1601
f 646/632/537 2085/1989/1601 647/633/538
f 667/653/310 2069/1975/1526 2085/1989/1601
f 667/653/310 2085/1989/1601 663/649/554
f 2068/1974/1560 2084/1988/1600 2085/1989/1601
f 2068/1974/1560 2085/1989/1601 2069/1975/1526
f 650/636/541 647/633/538 2085/1989/1601
f 650/636/541 2085/1989/1601 2084/1988/1600
f 807/790/675 810/793/678 2086/1990/1602
f 807/790/675 2086/1990/1602 2087/1991/1603
f 805/788/673 2088/1992/1604 2086/1990/1602
f 805/788/673 2086/1990/1602 810/793/678
f 2089/1993/1605 2090/1994/1606 2086/1990/1602
f 2089/1993/1605 2086/1990/1602 2088/1992/1604
f 2091/1995/1607 2087/1991/1603 2086/1990/1602
f 2091/1995/1607 2086/1990/1602 2090/1994/1606
f 658/644/549 2059/1965/1595 2092/1996/1608
f 658/644/549 2092/1996/1608 803/786/671
f 2056/1962/1592 2093/1997/1609 2092/1996/1608
f 2056/1962/1592 2092/1996/1608 2059/1965/1595
f 2089/1993/1605 2088/1992/1604 2092/1996/1608
f 2089/1993/1605 2092/1996/1608 2093/1997/1609
f 805/788/673 803/786/671 2092/1996/1608
f 805/788/673 2092/1996/1608 2088/1992/1604
f 2052/1958/1588 2094/1998/1610 2095/1999/1611
f 2052/1958/1588 2095/1999/1611 2053/1959/1589
f 2096/2000/1612 2097/2001/1613 2095/1999/1611
f 2096/2000/1612 2095/1999/1611 2094/1998/1610
f 2089/1993/1605 2093/1997/1609 2095/1999/1611
f 2089/1993/1605 2095/1999/1611 2097/2001/1613
f 2056/1962/1592 2053/1959/1589 2095/1999/1611
f 2056/1962/1592 2095/1999/1611 2093/1997/1609
f 2098/2002/1614 2099/2003/1615 2100/2004/1616
f 2101/2002/1617 2102/2005/1618 2099/2003/1615
f 2089/1993/1605 2097/2001/1613 2099/2003/1615
f 2089/1993/1605 2099/2003/1615 2102/2005/1618
f 2096/2000/1612 2100/2004/1616 2099/2003/1615
f 2096/2000/1612 2099/2003/1615 2097/2001/1613
f 2103/2002/1619 2104/2006/1620 2105/2007/1621
f 2106/2008/1622 2107/2009/1623 2105/2007/1621
f 2106/2008/1622 2105/2007/1621 2104/2006/1620
f 2089/1993/1605 2102/2005/1618 2105/2007/1621
f 2089/1993/1605 2105/2007/1621 2107/2009/1623
f 2101/2002/1617 2105/2007/1621 2102/2005/1618
f 2108/2010/180 2109/2011/1624 2110/2012/1625
f 2108/2010/180 2110/2012/1625 2111/2013/1626
f 2091/1995/1607 2090/1994/1606 2110/2012/1625
f 2091/1995/1607 2110/2012/1625 2109/2011/1624
f 2089/1993/1605 2107/2009/1623 2110/2012/1625
f 2089/1993/1605 2110/2012/1625 2090/1994/1606
f 2106/2008/1622 2111/2013/1626 2110/2012/1625
f 2106/2008/1622 2110/2012/1625 2107/2009/1623
f 813/796/681 816/799/684 2112/2014/1627
f 813/796/681 2112/2014/1627 841/824/709
f 811/794/679 2113/2015/1628 2112/2014/1627
f 811/794/679 2112/2014/1627 816/799/684
f 2114/2016/1629 2115/2017/1630 2112/2014/1627
f 2114/2016/1629 2112/2014/1627 2113/2015/1628
f 843/826/711 841/824/709 2112/2014/1627
f 843/826/711 2112/2014/1627 2115/2017/1630
f 807/790/675 2087/1991/1603 2116/2018/1631
f 807/790/675 2116/2018/1631 808/791/676
f 2091/1995/1607 2117/2019/1632 2116/2018/1631
f 2091/1995/1607 2116/2018/1631 2087/1991/1603
f 2114/2016/1629 2113/2015/1628 2116/2018/1631
f 2114/2016/1629 2116/2018/1631 2117/2019/1632
f 811/794/679 808/791/676 2116/2018/1631
f 811/794/679 2116/2018/1631 2113/2015/1628
f 2108/2010/180 2118/2020/1633 2119/2021/1634
f 2108/2010/180 2119/2021/1634 2109/2011/1624
f 2120/2022/1635 2121/2023/1636 2119/2021/1634
f 2120/2022/1635 2119/2021/1634 2118/2020/1633
f 2114/2016/1629 2117/2019/1632 2119/2021/1634
f 2114/2016/1629 2119/2021/1634 2121/2023/1636
f 2091/1995/1607 2109/2011/1624 2119/2021/1634
f 2091/1995/1607 2119/2021/1634 2117/2019/1632
f 2122/2024/1637 2123/2025/1638 2124/2026/1639
f 2125/2024/1640 2126/2027/1641 2123/2025/1638
f 2114/2016/1629 2121/2023/1636 2123/2025/1638
f 2114/2016/1629 2123/2025/1638 2126/2027/1641
f 2120/2022/1635 2124/2026/1639 2123/2025/1638
f 2120/2022/1635 2123/2025/1638 2121/2023/1636
f 2127/2024/1642 2128/2028/1643 2129/2029/1644
f 2127/2024/1642 2129/2029/1644 2130/2024/1645
f 2131/2030/1646 2132/2031/1647 2129/2029/1644
f 2131/2030/1646 2129/2029/1644 2128/2028/1643
f 2114/2016/1629 2126/2027/1641 2129/2029/1644
f 2114/2016/1629 2129/2029/1644 2132/2031/1647
f 2125/2024/1640 2129/2029/1644 2126/2027/1641
f 845/828/713 848/831/716 2133/2032/1648
f 845/828/713 2133/2032/1648 2134/2033/1649
f 843/826/711 2115/2017/1630 2133/2032/1648
f 843/826/711 2133/2032/1648 848/831/716
f 2114/2016/1629 2132/2031/1647 2133/2032/1648
f 2114/2016/1629 2133/2032/1648 2115/2017/1630
f 2131/2030/1646 2134/2033/1649 2133/2032/1648
f 2131/2030/1646 2133/2032/1648 2132/2031/1647
f 2135/2034/1650 2136/2035/1651 2137/2036/1652
f 2135/2034/1650 2137/2036/1652 2138/2037/1653
f 2139/2038/1654 2140/2039/1655 2137/2036/1652
f 2139/2038/1654 2137/2036/1652 2136/2035/1651
f 2141/2040/1656 2142/2041/1657 2137/2036/1652
f 2141/2040/1656 2137/2036/1652 2140/2039/1655
f 2143/2042/1658 2138/2037/1653 2137/2036/1652
f 2143/2042/1658 2137/2036/1652 2142/2041/1657
f 2144/2043/1659 2145/2044/1660 2146/2045/1661
f 2147/2046/1662 2148/2047/1663 2145/2044/1660
f 2147/2046/1662 2145/2044/1660 2149/2043/1664
f 2141/2040/1656 2140/2039/1655 2145/2044/1660
f 2141/2040/1656 2145/2044/1660 2148/2047/1663
f 2139/2038/1654 2146/2045/1661 2145/2044/1660
f 2139/2038/1654 2145/2044/1660 2140/2039/1655
f 2150/2046/1665 2151/2048/1666 2152/2049/1667
f 2150/2046/1665 2152/2049/1667 2153/2046/1668
f 2154/2050/1669 2155/2051/1670 2152/2049/1667
f 2154/2050/1669 2152/2049/1667 2151/2048/1666
f 2141/2040/1656 2148/2047/1663 2152/2049/1667
f 2141/2040/1656 2152/2049/1667 2155/2051/1670
f 2147/2046/1662 2153/2046/1668 2152/2049/1667
f 2147/2046/1662 2152/2049/1667 2148/2047/1663
f 2156/2052/1671 2157/2053/1672 2158/2054/1673
f 2156/2052/1671 2158/2054/1673 2159/2055/1674
f 2160/2056/1675 2161/2057/1676 2158/2054/1673
f 2160/2056/1675 2158/2054/1673 2157/2053/1672
f 2141/2040/1656 2155/2051/1670 2158/2054/1673
f 2141/2040/1656 2158/2054/1673 2161/2057/1676
f 2154/2050/1669 2159/2055/1674 2158/2054/1673
f 2154/2050/1669 2158/2054/1673 2155/2051/1670
f 831/814/699 834/817/702 2162/2058/1677
f 831/814/699 2162/2058/1677 2163/2059/1678
f 829/812/697 2164/2060/1679 2162/2058/1677
f 829/812/697 2162/2058/1677 834/817/702
f 2141/2040/1656 2161/2057/1676 2162/2058/1677
f 2141/2040/1656 2162/2058/1677 2164/2060/1679
f 2160/2056/1675 2163/2059/1678 2162/2058/1677
f 2160/2056/1675 2162/2058/1677 2161/2057/1676
f 825/808/693 2165/2061/1680 2166/2062/1681
f 825/808/693 2166/2062/1681 826/809/694
f 2143/2042/1658 2142/2041/1657 2166/2062/1681
f 2143/2042/1658 2166/2062/1681 2165/2061/1680
f 2141/2040/1656 2164/2060/1679 2166/2062/1681
f 2141/2040/1656 2166/2062/1681 2142/2041/1657
f 829/812/697 826/809/694 2166/2062/1681
f 829/812/697 2166/2062/1681 2164/2060/1679
f 861/842/729 2167/2063/1682 2168/2064/1683
f 861/842/729 2168/2064/1683 862/843/716
f 2169/2065/1684 2170/2066/1685 2168/2064/1683
f 2169/2065/1684 2168/2064/1683 2167/2063/1682
f 2171/2067/1686 2172/2068/1687 2168/2064/1683
f 2171/2067/1686 2168/2064/1683 2170/2066/1685
f 840/823/708 862/843/716 2168/2064/1683
f 840/823/708 2168/2064/1683 2172/2068/1687
f 2173/2069/1688 2174/2069/1689 2175/2070/1690
f 2173/2069/1688 2175/2070/1690 2176/2071/1691
f 2177/2069/1692 2178/2072/1693 2175/2070/1690
f 2171/2067/1686 2170/2066/1685 2175/2070/1690
f 2171/2067/1686 2175/2070/1690 2178/2072/1693
f 2169/2065/1684 2176/2071/1691 2175/2070/1690
f 2169/2065/1684 2175/2070/1690 2170/2066/1685
f 2179/2069/1694 2180/2073/1695 2181/2074/1696
f 2182/2075/1697 2183/2076/1698 2181/2074/1696
f 2182/2075/1697 2181/2074/1696 2180/2073/1695
f 2171/2067/1686 2178/2072/1693 2181/2074/1696
f 2171/2067/1686 2181/2074/1696 2183/2076/1698
f 2177/2069/1692 2181/2074/1696 2178/2072/1693
f 2135/2034/1650 2138/2037/1653 2184/2077/1699
f 2135/2034/1650 2184/2077/1699 2185/2078/1700
f 2143/2042/1658 2186/2079/1701 2184/2077/1699
f 2143/2042/1658 2184/2077/1699 2138/2037/1653
f 2171/2067/1686 2183/2076/1698 2184/2077/1699
f 2171/2067/1686 2184/2077/1699 2186/2079/1701
f 2182/2075/1697 2185/2078/1700 2184/2077/1699
f 2182/2075/1697 2184/2077/1699 2183/2076/1698
f 825/808/693 828/811/696 2187/2080/1702
f 825/808/693 2187/2080/1702 2165/2061/1680
f 823/806/691 2188/2081/1703 2187/2080/1702
f 823/806/691 2187/2080/1702 828/811/696
f 2171/2067/1686 2186/2079/1701 2187/2080/1702
f 2171/2067/1686 2187/2080/1702 2188/2081/1703
f 2143/2042/1658 2165/2061/1680 2187/2080/1702
f 2143/2042/1658 2187/2080/1702 2186/2079/1701
f 819/802/687 836/819/704 2189/2082/1704
f 819/802/687 2189/2082/1704 820/803/688
f 840/823/708 2172/2068/1687 2189/2082/1704
f 840/823/708 2189/2082/1704 836/819/704
f 2171/2067/1686 2188/2081/1703 2189/2082/1704
f 2171/2067/1686 2189/2082/1704 2172/2068/1687
f 823/806/691 820/803/688 2189/2082/1704
f 823/806/691 2189/2082/1704 2188/2081/1703
f 2190/2083/1705 2191/2084/1706 2192/2085/1707
f 2190/2083/1705 2192/2085/1707 2193/2086/1708
f 2194/2087/1709 2195/2088/1710 2192/2085/1707
f 2194/2087/1709 2192/2085/1707 2191/2084/1706
f 2196/2089/1711 2197/2090/1712 2192/2085/1707
f 2196/2089/1711 2192/2085/1707 2195/2088/1710
f 2198/2091/1713 2193/2086/1708 2192/2085/1707
f 2198/2091/1713 2192/2085/1707 2197/2090/1712
f 2199/2092/1714 2200/2093/1715 2201/2094/1716
f 2199/2092/1714 2201/2094/1716 2202/2095/1717
f 2203/2096/1718 2204/2097/1719 2201/2094/1716
f 2203/2096/1718 2201/2094/1716 2200/2093/1715
f 2196/2089/1711 2195/2088/1710 2201/2094/1716
f 2196/2089/1711 2201/2094/1716 2204/2097/1719
f 2194/2087/1709 2202/2095/1717 2201/2094/1716
f 2194/2087/1709 2201/2094/1716 2195/2088/1710
f 2205/2098/1720 2206/2099/1721 2207/2100/1722
f 2205/2098/1720 2207/2100/1722 2208/2101/1723
f 2209/2102/1724 2210/2103/1725 2207/2100/1722
f 2209/2102/1724 2207/2100/1722 2206/2099/1721
f 2196/2089/1711 2204/2097/1719 2207/2100/1722
f 2196/2089/1711 2207/2100/1722 2210/2103/1725
f 2203/2096/1718 2208/2101/1723 2207/2100/1722
f 2203/2096/1718 2207/2100/1722 2204/2097/1719
f 2211/2104/1726 2212/2105/1727 2213/2106/1728
f 2211/2104/1726 2213/2106/1728 2214/2107/1729
f 2215/2108/1730 2216/2109/1731 2213/2106/1728
f 2215/2108/1730 2213/2106/1728 2212/2105/1727
f 2196/2089/1711 2210/2103/1725 2213/2106/1728
f 2196/2089/1711 2213/2106/1728 2216/2109/1731
f 2209/2102/1724 2214/2107/1729 2213/2106/1728
f 2209/2102/1724 2213/2106/1728 2210/2103/1725
f 2217/2110/1732 2218/2111/1733 2219/2112/1734
f 2220/10/1735 2221/2113/1736 2222/2114/1737
f 2196/2089/1711 2216/2109/1731 2218/2111/1733
f 2196/2089/1711 2218/2111/1733 2223/2115/1738
f 2215/2108/1730 2219/2112/1734 2218/2111/1733
f 2215/2108/1730 2218/2111/1733 2216/2109/1731
f 2224/2110/1739 2225/2116/1740 2226/2117/1741
f 2198/2091/1713 2197/2090/1712 2226/2117/1741
f 2198/2091/1713 2226/2117/1741 2225/2116/1740
f 2196/2089/1711 2223/2115/1738 2226/2117/1741
f 2196/2089/1711 2226/2117/1741 2197/2090/1712
f 2227/2110/1742 2226/2117/1741 2223/2115/1738
f 2228/2118/1743 2229/2119/1744 2230/2120/1745
f 2228/2118/1743 2230/2120/1745 2231/2121/1746
f 2232/2122/1747 2233/2123/1748 2230/2120/1745
f 2232/2122/1747 2230/2120/1745 2229/2119/1744
f 2234/2124/1749 2235/2125/1750 2230/2120/1745
f 2234/2124/1749 2230/2120/1745 2233/2123/1748
f 2236/2126/1751 2231/2121/1746 2230/2120/1745
f 2236/2126/1751 2230/2120/1745 2235/2125/1750
f 2237/2127/1752 2238/2128/1753 2239/2129/1754
f 2237/2127/1752 2239/2129/1754 2240/2130/1755
f 2241/2131/1756 2242/2132/1757 2239/2129/1754
f 2241/2131/1756 2239/2129/1754 2238/2128/1753
f 2234/2124/1749 2233/2123/1748 2239/2129/1754
f 2234/2124/1749 2239/2129/1754 2242/2132/1757
f 2232/2122/1747 2240/2130/1755 2239/2129/1754
f 2232/2122/1747 2239/2129/1754 2233/2123/1748
f 2243/2133/1758 2244/2134/1759 2245/2135/1760
f 2243/2133/1758 2245/2135/1760 2246/2136/1761
f 2247/2137/1762 2248/2138/1763 2245/2135/1760
f 2247/2137/1762 2245/2135/1760 2244/2134/1759
f 2234/2124/1749 2242/2132/1757 2245/2135/1760
f 2234/2124/1749 2245/2135/1760 2248/2138/1763
f 2241/2131/1756 2246/2136/1761 2245/2135/1760
f 2241/2131/1756 2245/2135/1760 2242/2132/1757
f 2249/2139/1764 2250/2140/1765 2251/2141/1766
f 2249/2139/1764 2251/2141/1766 2252/2142/1767
f 2253/2143/1768 2254/2144/1769 2251/2141/1766
f 2253/2143/1768 2251/2141/1766 2250/2140/1765
f 2234/2124/1749 2248/2138/1763 2251/2141/1766
f 2234/2124/1749 2251/2141/1766 2254/2144/1769
f 2247/2137/1762 2252/2142/1767 2251/2141/1766
f 2247/2137/1762 2251/2141/1766 2248/2138/1763
f 2255/2145/1770 2256/2146/1771 2257/2147/1772
f 2255/2145/1770 2257/2147/1772 2258/2148/1773
f 2259/2149/1774 2260/2150/1775 2257/2147/1772
f 2259/2149/1774 2257/2147/1772 2256/2146/1771
f 2234/2124/1749 2254/2144/1769 2257/2147/1772
f 2234/2124/1749 2257/2147/1772 2260/2150/1775
f 2253/2143/1768 2258/2148/1773 2257/2147/1772
f 2253/2143/1768 2257/2147/1772 2254/2144/1769
f 2205/2098/1720 2208/2101/1723 2261/2151/1776
f 2205/2098/1720 2261/2151/1776 2262/2152/1777
f 2203/2096/1718 2263/2153/1778 2261/2151/1776
f 2203/2096/1718 2261/2151/1776 2208/2101/1723
f 2234/2124/1749 2260/2150/1775 2261/2151/1776
f 2234/2124/1749 2261/2151/1776 2263/2153/1778
f 2259/2149/1774 2262/2152/1777 2261/2151/1776
f 2259/2149/1774 2261/2151/1776 2260/2150/1775
f 2199/2092/1714 2264/2154/1779 2265/2155/1780
f 2199/2092/1714 2265/2155/1780 2200/2093/1715
f 2266/2156/1781 2267/2157/1782 2265/2155/1780
f 2266/2156/1781 2265/2155/1780 2264/2154/1779
f 2234/2124/1749 2263/2153/1778 2265/2155/1780
f 2234/2124/1749 2265/2155/1780 2267/2157/1782
f 2203/2096/1718 2200/2093/1715 2265/2155/1780
f 2203/2096/1718 2265/2155/1780 2263/2153/1778
f 2268/2158/1783 2269/2159/1784 2270/2160/1785
f 2268/2158/1783 2270/2160/1785 2271/2161/1786
f 2236/2126/1751 2235/2125/1750 2270/2160/1785
f 2236/2126/1751 2270/2160/1785 2269/2159/1784
f 2234/2124/1749 2267/2157/1782 2270/2160/1785
f 2234/2124/1749 2270/2160/1785 2235/2125/1750
f 2266/2156/1781 2271/2161/1786 2270/2160/1785
f 2266/2156/1781 2270/2160/1785 2267/2157/1782
f 2272/2162/1787 2273/2163/1788 2274/2164/1789
f 2272/2162/1787 2274/2164/1789 2275/2165/1790
f 2276/2166/1791 2277/2167/1792 2274/2164/1789
f 2276/2166/1791 2274/2164/1789 2273/2163/1788
f 2278/2168/1793 2279/2169/1794 2274/2164/1789
f 2278/2168/1793 2274/2164/1789 2277/2167/1792
f 2280/2170/1795 2275/2165/1790 2274/2164/1789
f 2280/2170/1795 2274/2164/1789 2279/2169/1794
f 2281/2171/1796 2282/2172/1797 2283/2173/1798
f 2281/2171/1796 2283/2173/1798 2284/2174/1799
f 2285/2175/1800 2286/2176/1801 2283/2173/1798
f 2285/2175/1800 2283/2173/1798 2282/2172/1797
f 2278/2168/1793 2277/2167/1792 2283/2173/1798
f 2278/2168/1793 2283/2173/1798 2286/2176/1801
f 2276/2166/1791 2284/2174/1799 2283/2173/1798
f 2276/2166/1791 2283/2173/1798 2277/2167/1792
f 2287/2177/1802 2288/2178/1803 2289/2179/1804
f 2287/2177/1802 2289/2179/1804 2290/2180/1805
f 2291/2181/1806 2292/2182/1807 2289/2179/1804
f 2291/2181/1806 2289/2179/1804 2288/2178/1803
f 2278/2168/1793 2286/2176/1801 2289/2179/1804
f 2278/2168/1793 2289/2179/1804 2292/2182/1807
f 2285/2175/1800 2290/2180/1805 2289/2179/1804
f 2285/2175/1800 2289/2179/1804 2286/2176/1801
f 2293/2183/1808 2294/2184/1809 2295/2185/1810
f 2293/2183/1808 2295/2185/1810 2296/2186/1811
f 2280/2170/1795 2279/2169/1794 2295/2185/1810
f 2280/2170/1795 2295/2185/1810 2294/2184/1809
f 2278/2168/1793 2292/2182/1807 2295/2185/1810
f 2278/2168/1793 2295/2185/1810 2279/2169/1794
f 2291/2181/1806 2296/2186/1811 2295/2185/1810
f 2291/2181/1806 2295/2185/1810 2292/2182/1807
f 2297/2187/1812 2298/2188/1813 2299/2189/1814
f 2297/2187/1812 2299/2189/1814 2300/2190/1815
f 2301/2191/1816 2302/2192/1817 2299/2189/1814
f 2301/2191/1816 2299/2189/1814 2298/2188/1813
f 2303/2193/1818 2304/2194/1819 2299/2189/1814
f 2303/2193/1818 2299/2189/1814 2302/2192/1817
f 2305/2195/1820 2300/2190/1815 2299/2189/1814
f 2305/2195/1820 2299/2189/1814 2304/2194/1819
f 2306/2196/1821 2307/2197/1822 2308/2198/1823
f 2306/2196/1821 2308/2198/1823 2309/2199/1824
f 2310/2200/1825 2311/2201/1826 2308/2198/1823
f 2310/2200/1825 2308/2198/1823 2307/2197/1822
f 2303/2193/1818 2302/2192/1817 2308/2198/1823
f 2303/2193/1818 2308/2198/1823 2311/2201/1826
f 2301/2191/1816 2309/2199/1824 2308/2198/1823
f 2301/2191/1816 2308/2198/1823 2302/2192/1817
f 2312/2202/1827 2313/2203/1828 2314/2204/1829
f 2312/2202/1827 2314/2204/1829 2315/2205/1830
f 2316/2206/1831 2317/2207/1832 2314/2204/1829
f 2316/2206/1831 2314/2204/1829 2313/2203/1828
f 2303/2193/1818 2311/2201/1826 2314/2204/1829
f 2303/2193/1818 2314/2204/1829 2317/2207/1832
f 2310/2200/1825 2315/2205/1830 2314/2204/1829
f 2310/2200/1825 2314/2204/1829 2311/2201/1826
f 2318/2208/1833 2319/2209/1834 2320/2210/1835
f 2318/2208/1833 2320/2210/1835 2321/2211/1836
f 2322/2212/1837 2323/2213/1838 2320/2210/1835
f 2322/2212/1837 2320/2210/1835 2319/2209/1834
f 2303/2193/1818 2317/2207/1832 2320/2210/1835
f 2303/2193/1818 2320/2210/1835 2323/2213/1838
f 2316/2206/1831 2321/2211/1836 2320/2210/1835
f 2316/2206/1831 2320/2210/1835 2317/2207/1832
f 2324/2214/1839 2325/2215/1840 2326/2216/1841
f 2324/2214/1839 2326/2216/1841 2327/2217/1842
f 2328/2218/1843 2329/2219/1844 2326/2216/1841
f 2328/2218/1843 2326/2216/1841 2325/2215/1840
f 2303/2193/1818 2323/2213/1838 2326/2216/1841
f 2303/2193/1818 2326/2216/1841 2329/2219/1844
f 2322/2212/1837 2327/2217/1842 2326/2216/1841
f 2322/2212/1837 2326/2216/1841 2323/2213/1838
f 2330/2220/1845 2331/2221/1846 2332/2222/1847
f 2330/2220/1845 2332/2222/1847 2333/2223/1848
f 2334/2224/1849 2335/2225/1850 2332/2222/1847
f 2334/2224/1849 2332/2222/1847 2331/2221/1846
f 2303/2193/1818 2329/2219/1844 2332/2222/1847
f 2303/2193/1818 2332/2222/1847 2335/2225/1850
f 2328/2218/1843 2333/2223/1848 2332/2222/1847
f 2328/2218/1843 2332/2222/1847 2329/2219/1844
f 2336/2226/1851 2337/2227/1852 2338/2228/1853
f 2336/2226/1851 2338/2228/1853 2339/2229/1854
f 2340/2230/1855 2341/2231/1856 2338/2228/1853
f 2340/2230/1855 2338/2228/1853 2337/2227/1852
f 2303/2193/1818 2335/2225/1850 2338/2228/1853
f 2303/2193/1818 2338/2228/1853 2341/2231/1856
f 2334/2224/1849 2339/2229/1854 2338/2228/1853
f 2334/2224/1849 2338/2228/1853 2335/2225/1850
f 2342/2232/1857 2343/2233/1858 2344/2234/1859
f 2342/2232/1857 2344/2234/1859 2345/2235/1860
f 2305/2195/1820 2304/2194/1819 2344/2234/1859
f 2305/2195/1820 2344/2234/1859 2343/2233/1858
f 2303/2193/1818 2341/2231/1856 2344/2234/1859
f 2303/2193/1818 2344/2234/1859 2304/2194/1819
f 2340/2230/1855 2345/2235/1860 2344/2234/1859
f 2340/2230/1855 2344/2234/1859 2341/2231/1856
f 2318/2208/1833 2346/2236/1861 2347/2237/1862
f 2318/2208/1833 2347/2237/1862 2319/2209/1834
f 2348/2238/1863 2349/2239/1864 2347/2237/1862
f 2348/2238/1863 2347/2237/1862 2346/2236/1861
f 2350/2240/1865 2351/2241/1866 2347/2237/1862
f 2350/2240/1865 2347/2237/1862 2349/2239/1864
f 2322/2212/1837 2319/2209/1834 2347/2237/1862
f 2322/2212/1837 2347/2237/1862 2351/2241/1866
f 2352/2242/1867 2353/2243/1868 2354/2244/1869
f 2352/2242/1867 2354/2244/1869 2355/2245/1870
f 2356/2246/1871 2357/2247/1872 2354/2244/1869
f 2356/2246/1871 2354/2244/1869 2353/2243/1868
f 2350/2240/1865 2349/2239/1864 2354/2244/1869
f 2350/2240/1865 2354/2244/1869 2357/2247/1872
f 2348/2238/1863 2355/2245/1870 2354/2244/1869
f 2348/2238/1863 2354/2244/1869 2349/2239/1864
f 2358/2248/1873 2359/2249/1874 2360/2250/1875
f 2361/2248/1876 2362/2251/1877 2359/2249/1874
f 2350/2240/1865 2357/2247/1872 2359/2249/1874
f 2350/2240/1865 2359/2249/1874 2362/2251/1877
f 2356/2246/1871 2360/2250/1875 2359/2249/1874
f 2356/2246/1871 2359/2249/1874 2357/2247/1872
f 2363/2248/1878 2364/2252/1879 2365/2253/1880
f 2366/2254/1881 2367/2255/1882 2365/2253/1880
f 2366/2254/1881 2365/2253/1880 2364/2252/1879
f 2350/2240/1865 2362/2251/1877 2365/2253/1880
f 2350/2240/1865 2365/2253/1880 2367/2255/1882
f 2361/2248/1876 2365/2253/1880 2362/2251/1877
f 2368/2256/1883 2369/2257/1884 2370/2258/1885
f 2368/2256/1883 2370/2258/1885 2371/2259/1886
f 2372/2260/1887 2373/2261/1888 2370/2258/1885
f 2372/2260/1887 2370/2258/1885 2369/2257/1884
f 2350/2240/1865 2367/2255/1882 2370/2258/1885
f 2350/2240/1865 2370/2258/1885 2373/2261/1888
f 2366/2254/1881 2371/2259/1886 2370/2258/1885
f 2366/2254/1881 2370/2258/1885 2367/2255/1882
f 2324/2214/1839 2327/2217/1842 2374/2262/1889
f 2324/2214/1839 2374/2262/1889 2375/2263/1890
f 2322/2212/1837 2351/2241/1866 2374/2262/1889
f 2322/2212/1837 2374/2262/1889 2327/2217/1842
f 2350/2240/1865 2373/2261/1888 2374/2262/1889
f 2350/2240/1865 2374/2262/1889 2351/2241/1866
f 2372/2260/1887 2375/2263/1890 2374/2262/1889
f 2372/2260/1887 2374/2262/1889 2373/2261/1888
f 2376/2264/1891 2377/2265/1892 2378/2266/1893
f 2376/2264/1891 2378/2266/1893 2379/2267/1894
f 2380/2268/1895 2381/2269/1896 2378/2266/1893
f 2380/2268/1895 2378/2266/1893 2377/2265/1892
f 2382/2270/1897 2383/2271/1898 2378/2266/1893
f 2382/2270/1897 2378/2266/1893 2381/2269/1896
f 2384/2272/1899 2379/2267/1894 2378/2266/1893
f 2384/2272/1899 2378/2266/1893 2383/2271/1898
f 2385/2273/1900 2386/2274/1901 2387/2275/1902
f 2385/2273/1900 2387/2275/1902 2388/2276/1903
f 2389/2277/1904 2390/2278/1905 2387/2275/1902
f 2389/2277/1904 2387/2275/1902 2386/2274/1901
f 2382/2270/1897 2381/2269/1896 2387/2275/1902
f 2382/2270/1897 2387/2275/1902 2390/2278/1905
f 2380/2268/1895 2388/2276/1903 2387/2275/1902
f 2380/2268/1895 2387/2275/1902 2381/2269/1896
f 2391/2279/1906 2392/2280/1907 2393/2281/1908
f 2391/2279/1906 2393/2281/1908 2394/2282/1909
f 2395/2283/1910 2396/2284/1911 2393/2281/1908
f 2395/2283/1910 2393/2281/1908 2392/2280/1907
f 2382/2270/1897 2390/2278/1905 2393/2281/1908
f 2382/2270/1897 2393/2281/1908 2396/2284/1911
f 2389/2277/1904 2394/2282/1909 2393/2281/1908
f 2389/2277/1904 2393/2281/1908 2390/2278/1905
f 2397/2285/1891 2398/2286/1912 2399/2287/1913
f 2397/2285/1891 2399/2287/1913 2400/2288/1914
f 2401/2289/1915 2402/2290/1916 2399/2287/1913
f 2401/2289/1915 2399/2287/1913 2398/2286/1912
f 2382/2270/1897 2396/2284/1911 2399/2287/1913
f 2382/2270/1897 2399/2287/1913 2402/2290/1916
f 2395/2283/1910 2400/2288/1914 2399/2287/1913
f 2395/2283/1910 2399/2287/1913 2396/2284/1911
f 2403/2291/1917 2404/2292/1918 2405/2293/1919
f 2406/2291/1920 2407/2294/1921 2404/2292/1918
f 2382/2270/1897 2402/2290/1916 2404/2292/1918
f 2382/2270/1897 2404/2292/1918 2407/2294/1921
f 2401/2289/1915 2405/2293/1919 2404/2292/1918
f 2401/2289/1915 2404/2292/1918 2402/2290/1916
f 2408/2291/1922 2409/2295/1923 2410/2296/1924
f 2384/2272/1899 2383/2271/1898 2410/2296/1924
f 2384/2272/1899 2410/2296/1924 2409/2295/1923
f 2382/2270/1897 2407/2294/1921 2410/2296/1924
f 2382/2270/1897 2410/2296/1924 2383/2271/1898
f 2406/2291/1920 2410/2296/1924 2407/2294/1921
f 2411/2297/1925 2412/2298/1926 2413/2299/1927
f 2411/2297/1925 2413/2299/1927 2414/2300/1928
f 2415/2301/1929 2416/2302/1930 2413/2299/1927
f 2415/2301/1929 2413/2299/1927 2412/2298/1926
f 2417/2303/1931 2418/2304/1932 2413/2299/1927
f 2417/2303/1931 2413/2299/1927 2416/2302/1930
f 2419/2305/1933 2414/2300/1928 2413/2299/1927
f 2419/2305/1933 2413/2299/1927 2418/2304/1932
f 2420/2306/1934 2421/2307/1935 2422/2308/1936
f 2420/2306/1934 2422/2308/1936 2423/2309/1937
f 2424/2310/1938 2425/2311/1939 2422/2308/1936
f 2424/2310/1938 2422/2308/1936 2421/2307/1935
f 2417/2303/1931 2416/2302/1930 2422/2308/1936
f 2417/2303/1931 2422/2308/1936 2425/2311/1939
f 2415/2301/1929 2423/2309/1937 2422/2308/1936
f 2415/2301/1929 2422/2308/1936 2416/2302/1930
f 2237/2127/1752 2240/2130/1755 2426/2312/1940
f 2237/2127/1752 2426/2312/1940 2427/2313/1941
f 2232/2122/1747 2428/2314/1942 2426/2312/1940
f 2232/2122/1747 2426/2312/1940 2240/2130/1755
f 2417/2303/1931 2425/2311/1939 2426/2312/1940
f 2417/2303/1931 2426/2312/1940 2428/2314/1942
f 2424/2310/1938 2427/2313/1941 2426/2312/1940
f 2424/2310/1938 2426/2312/1940 2425/2311/1939
f 2228/2118/1743 2429/2315/1943 2430/2316/1944
f 2228/2118/1743 2430/2316/1944 2229/2119/1744
f 2431/2317/1945 2432/2318/1946 2430/2316/1944
f 2431/2317/1945 2430/2316/1944 2429/2315/1943
f 2417/2303/1931 2428/2314/1942 2430/2316/1944
f 2417/2303/1931 2430/2316/1944 2432/2318/1946
f 2232/2122/1747 2229/2119/1744 2430/2316/1944
f 2232/2122/1747 2430/2316/1944 2428/2314/1942
f 2433/2319/1947 2434/2320/1948 2435/2321/1949
f 2433/2319/1947 2435/2321/1949 2436/2322/1950
f 2437/2323/1951 2438/2324/1952 2435/2321/1949
f 2437/2323/1951 2435/2321/1949 2434/2320/1948
f 2417/2303/1931 2432/2318/1946 2435/2321/1949
f 2417/2303/1931 2435/2321/1949 2438/2324/1952
f 2431/2317/1945 2436/2322/1950 2435/2321/1949
f 2431/2317/1945 2435/2321/1949 2432/2318/1946
f 2391/2279/1906 2394/2282/1909 2439/2325/1953
f 2391/2279/1906 2439/2325/1953 2440/2326/1954
f 2389/2277/1904 2441/2327/1955 2439/2325/1953
f 2389/2277/1904 2439/2325/1953 2394/2282/1909
f 2417/2303/1931 2438/2324/1952 2439/2325/1953
f 2417/2303/1931 2439/2325/1953 2441/2327/1955
f 2437/2323/1951 2440/2326/1954 2439/2325/1953
f 2437/2323/1951 2439/2325/1953 2438/2324/1952
f 2385/2273/1900 2442/2328/1956 2443/2329/1957
f 2385/2273/1900 2443/2329/1957 2386/2274/1901
f 2444/2330/1958 2445/2331/1959 2443/2329/1957
f 2444/2330/1958 2443/2329/1957 2442/2328/1956
f 2417/2303/1931 2441/2327/1955 2443/2329/1957
f 2417/2303/1931 2443/2329/1957 2445/2331/1959
f 2389/2277/1904 2386/2274/1901 2443/2329/1957
f 2389/2277/1904 2443/2329/1957 2441/2327/1955
f 2446/2332/1960 2447/2333/1961 2448/2334/1962
f 2446/2332/1960 2448/2334/1962 2449/2335/1963
f 2419/2305/1933 2418/2304/1932 2448/2334/1962
f 2419/2305/1933 2448/2334/1962 2447/2333/1961
f 2417/2303/1931 2445/2331/1959 2448/2334/1962
f 2417/2303/1931 2448/2334/1962 2418/2304/1932
f 2444/2330/1958 2449/2335/1963 2448/2334/1962
f 2444/2330/1958 2448/2334/1962 2445/2331/1959
f 2281/2171/1796 2450/2336/1796 2451/2337/1797
f 2281/2171/1796 2451/2337/1797 2282/2172/1797
f 2452/2338/1796 2453/2339/1964 2451/2337/1797
f 2452/2338/1796 2451/2337/1797 2450/2336/1796
f 2454/2340/1800 2455/2341/1800 2451/2337/1797
f 2454/2340/1800 2451/2337/1797 2453/2339/1964
f 2285/2175/1800 2282/2172/1797 2451/2337/1797
f 2285/2175/1800 2451/2337/1797 2455/2341/1800
f 2456/2342/1965 2457/2343/1964 2458/2344/1964
f 2456/2342/1965 2458/2344/1964 2459/2345/1796
f 2460/2346/1800 2461/2347/1800 2458/2344/1964
f 2460/2346/1800 2458/2344/1964 2457/2343/1964
f 2454/2340/1800 2453/2339/1964 2458/2344/1964
f 2454/2340/1800 2458/2344/1964 2461/2347/1800
f 2452/2338/1796 2459/2345/1796 2458/2344/1964
f 2452/2338/1796 2458/2344/1964 2453/2339/1964
f 2462/2348/1966 2463/2349/1966 2464/2350/1967
f 2462/2348/1966 2464/2350/1967 2465/2351/1967
f 2466/2352/1802 2467/2353/1967 2464/2350/1967
f 2466/2352/1802 2464/2350/1967 2463/2349/1966
f 2454/2340/1800 2461/2347/1800 2464/2350/1967
f 2454/2340/1800 2464/2350/1967 2467/2353/1967
f 2460/2346/1800 2465/2351/1967 2464/2350/1967
f 2460/2346/1800 2464/2350/1967 2461/2347/1800
f 2287/2177/1802 2290/2180/1805 2468/2354/1967
f 2287/2177/1802 2468/2354/1967 2469/2355/1802
f 2285/2175/1800 2455/2341/1800 2468/2354/1967
f 2285/2175/1800 2468/2354/1967 2290/2180/1805
f 2454/2340/1800 2467/2353/1967 2468/2354/1967
f 2454/2340/1800 2468/2354/1967 2455/2341/1800
f 2466/2352/1802 2469/2355/1802 2468/2354/1967
f 2466/2352/1802 2468/2354/1967 2467/2353/1967
f 2470/2356/1968 2471/2357/1969 2472/2358/1970
f 2470/2356/1968 2472/2358/1970 2473/2359/1971
f 2474/2360/1972 2475/2361/1973 2472/2358/1970
f 2474/2360/1972 2472/2358/1970 2471/2357/1969
f 2476/2362/1974 2477/2363/1975 2472/2358/1970
f 2476/2362/1974 2472/2358/1970 2475/2361/1973
f 2478/2364/1976 2473/2359/1971 2472/2358/1970
f 2478/2364/1976 2472/2358/1970 2477/2363/1975
f 2479/2365/1977 2480/2366/1978 2481/2367/1979
f 2479/2365/1977 2481/2367/1979 2482/2368/1980
f 2483/2369/1981 2484/2370/1982 2481/2367/1979
f 2483/2369/1981 2481/2367/1979 2480/2366/1978
f 2476/2362/1974 2475/2361/1973 2481/2367/1979
f 2476/2362/1974 2481/2367/1979 2484/2370/1982
f 2474/2360/1972 2482/2368/1980 2481/2367/1979
f 2474/2360/1972 2481/2367/1979 2475/2361/1973
f 2485/2371/1983 2486/2372/1984 2487/2373/1985
f 2485/2371/1983 2487/2373/1985 2488/2374/1986
f 2489/2375/1987 2490/2376/1988 2487/2373/1985
f 2489/2375/1987 2487/2373/1985 2486/2372/1984
f 2476/2362/1974 2484/2370/1982 2487/2373/1985
f 2476/2362/1974 2487/2373/1985 2490/2376/1988
f 2483/2369/1981 2488/2374/1986 2487/2373/1985
f 2483/2369/1981 2487/2373/1985 2484/2370/1982
f 2491/2377/1989 2492/2378/1990 2493/2379/1991
f 2491/2377/1989 2493/2379/1991 2494/2380/1992
f 2495/2381/1993 2496/2382/1994 2493/2379/1991
f 2495/2381/1993 2493/2379/1991 2492/2378/1990
f 2476/2362/1974 2490/2376/1988 2493/2379/1991
f 2476/2362/1974 2493/2379/1991 2496/2382/1994
f 2489/2375/1987 2494/2380/1992 2493/2379/1991
f 2489/2375/1987 2493/2379/1991 2490/2376/1988
f 2497/2383/1995 2498/2384/1996 2499/2385/1997
f 2497/2383/1995 2499/2385/1997 2500/2386/1998
f 2501/2387/1999 2502/2388/2000 2499/2385/1997
f 2501/2387/1999 2499/2385/1997 2498/2384/1996
f 2476/2362/1974 2496/2382/1994 2499/2385/1997
f 2476/2362/1974 2499/2385/1997 2502/2388/2000
f 2495/2381/1993 2500/2386/1998 2499/2385/1997
f 2495/2381/1993 2499/2385/1997 2496/2382/1994
f 2503/2389/2001 2504/2390/2002 2505/2391/2003
f 2503/2389/2001 2505/2391/2003 2506/2392/2004
f 2507/2393/2005 2508/2394/2006 2505/2391/2003
f 2507/2393/2005 2505/2391/2003 2504/2390/2002
f 2476/2362/1974 2502/2388/2000 2505/2391/2003
f 2476/2362/1974 2505/2391/2003 2508/2394/2006
f 2501/2387/1999 2506/2392/2004 2505/2391/2003
f 2501/2387/1999 2505/2391/2003 2502/2388/2000
f 2306/2196/1821 2309/2199/1824 2509/2395/2007
f 2306/2196/1821 2509/2395/2007 2510/2396/2008
f 2301/2191/1816 2511/2397/2009 2509/2395/2007
f 2301/2191/1816 2509/2395/2007 2309/2199/1824
f 2476/2362/1974 2508/2394/2006 2509/2395/2007
f 2476/2362/1974 2509/2395/2007 2511/2397/2009
f 2507/2393/2005 2510/2396/2008 2509/2395/2007
f 2507/2393/2005 2509/2395/2007 2508/2394/2006
f 2297/2187/1812 2512/2398/2010 2513/2399/2011
f 2297/2187/1812 2513/2399/2011 2298/2188/1813
f 2478/2364/1976 2477/2363/1975 2513/2399/2011
f 2478/2364/1976 2513/2399/2011 2512/2398/2010
f 2476/2362/1974 2511/2397/2009 2513/2399/2011
f 2476/2362/1974 2513/2399/2011 2477/2363/1975
f 2301/2191/1816 2298/2188/1813 2513/2399/2011
f 2301/2191/1816 2513/2399/2011 2511/2397/2009
f 2491/2377/1989 2514/2400/2012 2515/2401/2013
f 2491/2377/1989 2515/2401/2013 2492/2378/1990
f 2516/2402/2014 2517/2403/2015 2515/2401/2013
f 2516/2402/2014 2515/2401/2013 2514/2400/2012
f 2518/2404/2016 2519/2405/2017 2515/2401/2013
f 2518/2404/2016 2515/2401/2013 2517/2403/2015
f 2495/2381/1993 2492/2378/1990 2515/2401/2013
f 2495/2381/1993 2515/2401/2013 2519/2405/2017
f 2520/2406/2018 2521/2407/2019 2522/2408/2020
f 2520/2406/2018 2522/2408/2020 2523/2409/2021
f 2524/2410/2022 2525/2411/2023 2522/2408/2020
f 2524/2410/2022 2522/2408/2020 2521/2407/2019
f 2518/2404/2016 2517/2403/2015 2522/2408/2020
f 2518/2404/2016 2522/2408/2020 2525/2411/2023
f 2516/2402/2014 2523/2409/2021 2522/2408/2020
f 2516/2402/2014 2522/2408/2020 2517/2403/2015
f 2526/2412/2024 2527/2413/2025 2528/2414/2026
f 2529/2412/2027 2530/2415/2028 2527/2413/2025
f 2518/2404/2016 2525/2411/2023 2527/2413/2025
f 2518/2404/2016 2527/2413/2025 2530/2415/2028
f 2524/2410/2022 2528/2414/2026 2527/2413/2025
f 2524/2410/2022 2527/2413/2025 2525/2411/2023
f 2531/2412/2029 2532/2416/2030 2533/2417/2031
f 2534/2418/2032 2535/2419/2033 2533/2417/2031
f 2534/2418/2032 2533/2417/2031 2532/2416/2030
f 2518/2404/2016 2530/2415/2028 2533/2417/2031
f 2518/2404/2016 2533/2417/2031 2535/2419/2033
f 2529/2412/2027 2533/2417/2031 2530/2415/2028
f 2536/2420/2018 2537/2421/2034 2538/2422/2035
f 2536/2420/2018 2538/2422/2035 2539/2423/2036
f 2540/2424/2037 2541/2425/2038 2538/2422/2035
f 2540/2424/2037 2538/2422/2035 2537/2421/2034
f 2518/2404/2016 2535/2419/2033 2538/2422/2035
f 2518/2404/2016 2538/2422/2035 2541/2425/2038
f 2534/2418/2032 2539/2423/2036 2538/2422/2035
f 2534/2418/2032 2538/2422/2035 2535/2419/2033
f 2497/2383/1995 2500/2386/1998 2542/2426/2039
f 2497/2383/1995 2542/2426/2039 2543/2427/2040
f 2495/2381/1993 2519/2405/2017 2542/2426/2039
f 2495/2381/1993 2542/2426/2039 2500/2386/1998
f 2518/2404/2016 2541/2425/2038 2542/2426/2039
f 2518/2404/2016 2542/2426/2039 2519/2405/2017
f 2540/2424/2037 2543/2427/2040 2542/2426/2039
f 2540/2424/2037 2542/2426/2039 2541/2425/2038
f 2544/2428/2041 2545/2429/2042 2546/2430/1893
f 2544/2428/2041 2546/2430/1893 2547/2431/2043
f 2548/2432/2044 2549/2433/2045 2546/2430/1893
f 2548/2432/2044 2546/2430/1893 2545/2429/2042
f 2550/2434/2046 2551/2435/1898 2546/2430/1893
f 2550/2434/2046 2546/2430/1893 2549/2433/2045
f 2552/2436/1899 2547/2431/2043 2546/2430/1893
f 2552/2436/1899 2546/2430/1893 2551/2435/1898
f 2553/2437/2047 2554/2438/2048 2555/2439/2049
f 2553/2437/2047 2555/2439/2049 2556/2440/2050
f 2557/2441/2051 2558/2442/2052 2555/2439/2049
f 2557/2441/2051 2555/2439/2049 2554/2438/2048
f 2550/2434/2046 2549/2433/2045 2555/2439/2049
f 2550/2434/2046 2555/2439/2049 2558/2442/2052
f 2548/2432/2044 2556/2440/2050 2555/2439/2049
f 2548/2432/2044 2555/2439/2049 2549/2433/2045
f 2559/2443/2053 2560/2444/2054 2561/2445/2055
f 2559/2443/2053 2561/2445/2055 2562/2446/2056
f 2563/2447/2057 2564/2448/2058 2561/2445/2055
f 2563/2447/2057 2561/2445/2055 2560/2444/2054
f 2550/2434/2046 2558/2442/2052 2561/2445/2055
f 2550/2434/2046 2561/2445/2055 2564/2448/2058
f 2557/2441/2051 2562/2446/2056 2561/2445/2055
f 2557/2441/2051 2561/2445/2055 2558/2442/2052
f 2565/2449/1891 2566/2450/2059 2567/2451/1913
f 2565/2449/1891 2567/2451/1913 2568/2452/1914
f 2569/2453/1915 2570/2454/1916 2567/2451/1913
f 2569/2453/1915 2567/2451/1913 2566/2450/2059
f 2550/2434/2046 2564/2448/2058 2567/2451/1913
f 2550/2434/2046 2567/2451/1913 2570/2454/1916
f 2563/2447/2057 2568/2452/1914 2567/2451/1913
f 2563/2447/2057 2567/2451/1913 2564/2448/2058
f 2571/2455/2060 2572/2456/1918 2573/2457/1919
f 2574/2455/1920 2575/2458/2061 2572/2456/1918
f 2550/2434/2046 2570/2454/1916 2572/2456/1918
f 2550/2434/2046 2572/2456/1918 2575/2458/2061
f 2569/2453/1915 2573/2457/1919 2572/2456/1918
f 2569/2453/1915 2572/2456/1918 2570/2454/1916
f 2576/2455/1922 2577/2459/2062 2578/2460/1924
f 2552/2436/1899 2551/2435/1898 2578/2460/1924
f 2552/2436/1899 2578/2460/1924 2577/2459/2062
f 2550/2434/2046 2575/2458/2061 2578/2460/1924
f 2550/2434/2046 2578/2460/1924 2551/2435/1898
f 2574/2455/1920 2578/2460/1924 2575/2458/2061
f 2579/2461/2063 2580/2462/2064 2581/2463/2065
f 2579/2461/2063 2581/2463/2065 2582/2464/2066
f 2583/2465/2067 2584/2466/2068 2581/2463/2065
f 2583/2465/2067 2581/2463/2065 2580/2462/2064
f 2585/2467/2069 2586/2468/2070 2581/2463/2065
f 2585/2467/2069 2581/2463/2065 2584/2466/2068
f 2587/2469/2071 2582/2464/2066 2581/2463/2065
f 2587/2469/2071 2581/2463/2065 2586/2468/2070
f 2588/2470/2072 2589/2471/2073 2590/2472/2074
f 2588/2470/2072 2590/2472/2074 2591/2473/2075
f 2592/2474/2076 2593/2475/2077 2590/2472/2074
f 2592/2474/2076 2590/2472/2074 2589/2471/2073
f 2585/2467/2069 2584/2466/2068 2590/2472/2074
f 2585/2467/2069 2590/2472/2074 2593/2475/2077
f 2583/2465/2067 2591/2473/2075 2590/2472/2074
f 2583/2465/2067 2590/2472/2074 2584/2466/2068
f 2420/2306/1934 2423/2309/1937 2594/2476/2078
f 2420/2306/1934 2594/2476/2078 2595/2477/2079
f 2415/2301/1929 2596/2478/2080 2594/2476/2078
f 2415/2301/1929 2594/2476/2078 2423/2309/1937
f 2585/2467/2069 2593/2475/2077 2594/2476/2078
f 2585/2467/2069 2594/2476/2078 2596/2478/2080
f 2592/2474/2076 2595/2477/2079 2594/2476/2078
f 2592/2474/2076 2594/2476/2078 2593/2475/2077
f 2411/2297/1925 2597/2479/2081 2598/2480/2082
f 2411/2297/1925 2598/2480/2082 2412/2298/1926
f 2599/2481/2083 2600/2482/2084 2598/2480/2082
f 2599/2481/2083 2598/2480/2082 2597/2479/2081
f 2585/2467/2069 2596/2478/2080 2598/2480/2082
f 2585/2467/2069 2598/2480/2082 2600/2482/2084
f 2415/2301/1929 2412/2298/1926 2598/2480/2082
f 2415/2301/1929 2598/2480/2082 2596/2478/2080
f 2601/2483/2085 2602/2484/2086 2603/2485/2087
f 2601/2483/2085 2603/2485/2087 2604/2486/2088
f 2605/2487/2089 2606/2488/2090 2603/2485/2087
f 2605/2487/2089 2603/2485/2087 2602/2484/2086
f 2585/2467/2069 2600/2482/2084 2603/2485/2087
f 2585/2467/2069 2603/2485/2087 2606/2488/2090
f 2599/2481/2083 2604/2486/2088 2603/2485/2087
f 2599/2481/2083 2603/2485/2087 2600/2482/2084
f 2559/2443/2053 2562/2446/2056 2607/2489/2091
f 2559/2443/2053 2607/2489/2091 2608/2490/2092
f 2557/2441/2051 2609/2491/2093 2607/2489/2091
f 2557/2441/2051 2607/2489/2091 2562/2446/2056
f 2585/2467/2069 2606/2488/2090 2607/2489/2091
f 2585/2467/2069 2607/2489/2091 2609/2491/2093
f 2605/2487/2089 2608/2490/2092 2607/2489/2091
f 2605/2487/2089 2607/2489/2091 2606/2488/2090
f 2553/2437/2047 2610/2492/2094 2611/2493/1957
f 2553/2437/2047 2611/2493/1957 2554/2438/2048
f 2612/2494/2095 2613/2495/2096 2611/2493/1957
f 2612/2494/2095 2611/2493/1957 2610/2492/2094
f 2585/2467/2069 2609/2491/2093 2611/2493/1957
f 2585/2467/2069 2611/2493/1957 2613/2495/2096
f 2557/2441/2051 2554/2438/2048 2611/2493/1957
f 2557/2441/2051 2611/2493/1957 2609/2491/2093
f 2614/2496/2097 2615/2497/2098 2616/2498/2099
f 2614/2496/2097 2616/2498/2099 2617/2499/2100
f 2587/2469/2071 2586/2468/2070 2616/2498/2099
f 2587/2469/2071 2616/2498/2099 2615/2497/2098
f 2585/2467/2069 2613/2495/2096 2616/2498/2099
f 2585/2467/2069 2616/2498/2099 2586/2468/2070
f 2612/2494/2095 2617/2499/2100 2616/2498/2099
f 2612/2494/2095 2616/2498/2099 2613/2495/2096
f 2456/2342/1965 2618/2500/1965 2619/2501/1964
f 2456/2342/1965 2619/2501/1964 2457/2343/1964
f 2620/2502/1965 2621/2503/1964 2619/2501/1964
f 2620/2502/1965 2619/2501/1964 2618/2500/1965
f 2622/2504/1800 2623/2505/1800 2619/2501/1964
f 2622/2504/1800 2619/2501/1964 2621/2503/1964
f 2460/2346/1800 2457/2343/1964 2619/2501/1964
f 2460/2346/1800 2619/2501/1964 2623/2505/1800
f 2624/2506/2101 2625/2507/1964 2626/2508/1964
f 2624/2506/2101 2626/2508/1964 2627/2509/2101
f 2628/2510/1800 2629/2511/1800 2626/2508/1964
f 2628/2510/1800 2626/2508/1964 2625/2507/1964
f 2622/2504/1800 2621/2503/1964 2626/2508/1964
f 2622/2504/1800 2626/2508/1964 2629/2511/1800
f 2620/2502/1965 2627/2509/2101 2626/2508/1964
f 2620/2502/1965 2626/2508/1964 2621/2503/1964
f 2630/2512/2102 2631/2513/2103 2632/2514/1967
f 2630/2512/2102 2632/2514/1967 2633/2515/1967
f 2634/2516/2103 2635/2517/1967 2632/2514/1967
f 2634/2516/2103 2632/2514/1967 2631/2513/2103
f 2622/2504/1800 2629/2511/1800 2632/2514/1967
f 2622/2504/1800 2632/2514/1967 2635/2517/1967
f 2628/2510/1800 2633/2515/1967 2632/2514/1967
f 2628/2510/1800 2632/2514/1967 2629/2511/1800
f 2462/2348/1966 2465/2351/1967 2636/2518/1967
f 2462/2348/1966 2636/2518/1967 2637/2519/1966
f 2460/2346/1800 2623/2505/1800 2636/2518/1967
f 2460/2346/1800 2636/2518/1967 2465/2351/1967
f 2622/2504/1800 2635/2517/1967 2636/2518/1967
f 2622/2504/1800 2636/2518/1967 2623/2505/1800
f 2634/2516/2103 2637/2519/1966 2636/2518/1967
f 2634/2516/2103 2636/2518/1967 2635/2517/1967
f 2638/2520/2104 2639/2521/2105 2640/2522/2106
f 2638/2520/2104 2640/2522/2106 2641/2523/2107
f 2642/2524/2108 2643/2525/2109 2640/2522/2106
f 2642/2524/2108 2640/2522/2106 2639/2521/2105
f 2644/2526/2110 2645/2527/2111 2640/2522/2106
f 2644/2526/2110 2640/2522/2106 2643/2525/2109
f 2646/2528/2112 2641/2523/2107 2640/2522/2106
f 2646/2528/2112 2640/2522/2106 2645/2527/2111
f 2647/2529/2113 2648/2530/2114 2649/2531/2115
f 2647/2529/2113 2649/2531/2115 2650/2532/2116
f 2651/2533/2117 2652/2534/2118 2649/2531/2115
f 2651/2533/2117 2649/2531/2115 2648/2530/2114
f 2644/2526/2110 2643/2525/2109 2649/2531/2115
f 2644/2526/2110 2649/2531/2115 2652/2534/2118
f 2642/2524/2108 2650/2532/2116 2649/2531/2115
f 2642/2524/2108 2649/2531/2115 2643/2525/2109
f 2653/2535/2119 2654/2536/2120 2655/2537/2121
f 2653/2535/2119 2655/2537/2121 2656/2538/2122
f 2657/2539/2123 2658/2540/2124 2655/2537/2121
f 2657/2539/2123 2655/2537/2121 2654/2536/2120
f 2644/2526/2110 2652/2534/2118 2655/2537/2121
f 2644/2526/2110 2655/2537/2121 2658/2540/2124
f 2651/2533/2117 2656/2538/2122 2655/2537/2121
f 2651/2533/2117 2655/2537/2121 2652/2534/2118
f 2659/2541/2125 2660/2542/2126 2661/2543/2127
f 2659/2541/2125 2661/2543/2127 2662/2544/2128
f 2663/2545/2129 2664/2546/2130 2661/2543/2127
f 2663/2545/2129 2661/2543/2127 2660/2542/2126
f 2644/2526/2110 2658/2540/2124 2661/2543/2127
f 2644/2526/2110 2661/2543/2127 2664/2546/2130
f 2657/2539/2123 2662/2544/2128 2661/2543/2127
f 2657/2539/2123 2661/2543/2127 2658/2540/2124
f 2665/2547/2131 2666/2548/2132 2667/2549/2133
f 2665/2547/2131 2667/2549/2133 2668/2550/2134
f 2669/2551/2135 2670/2552/2136 2667/2549/2133
f 2669/2551/2135 2667/2549/2133 2666/2548/2132
f 2644/2526/2110 2664/2546/2130 2667/2549/2133
f 2644/2526/2110 2667/2549/2133 2670/2552/2136
f 2663/2545/2129 2668/2550/2134 2667/2549/2133
f 2663/2545/2129 2667/2549/2133 2664/2546/2130
f 2671/2553/2137 2672/2554/2138 2673/2555/2139
f 2671/2553/2137 2673/2555/2139 2674/2556/2140
f 2675/2557/2141 2676/2558/2142 2673/2555/2139
f 2675/2557/2141 2673/2555/2139 2672/2554/2138
f 2644/2526/2110 2670/2552/2136 2673/2555/2139
f 2644/2526/2110 2673/2555/2139 2676/2558/2142
f 2669/2551/2135 2674/2556/2140 2673/2555/2139
f 2669/2551/2135 2673/2555/2139 2670/2552/2136
f 2479/2365/1977 2482/2368/1980 2677/2559/2143
f 2479/2365/1977 2677/2559/2143 2678/2560/2144
f 2474/2360/1972 2679/2561/2145 2677/2559/2143
f 2474/2360/1972 2677/2559/2143 2482/2368/1980
f 2644/2526/2110 2676/2558/2142 2677/2559/2143
f 2644/2526/2110 2677/2559/2143 2679/2561/2145
f 2675/2557/2141 2678/2560/2144 2677/2559/2143
f 2675/2557/2141 2677/2559/2143 2676/2558/2142
f 2470/2356/1968 2680/2562/2146 2681/2563/2147
f 2470/2356/1968 2681/2563/2147 2471/2357/1969
f 2646/2528/2112 2645/2527/2111 2681/2563/2147
f 2646/2528/2112 2681/2563/2147 2680/2562/2146
f 2644/2526/2110 2679/2561/2145 2681/2563/2147
f 2644/2526/2110 2681/2563/2147 2645/2527/2111
f 2474/2360/1972 2471/2357/1969 2681/2563/2147
f 2474/2360/1972 2681/2563/2147 2679/2561/2145
f 2659/2541/2125 2682/2564/2148 2683/2565/2149
f 2659/2541/2125 2683/2565/2149 2660/2542/2126
f 2684/2566/2150 2685/2567/2015 2683/2565/2149
f 2684/2566/2150 2683/2565/2149 2682/2564/2148
f 2686/2568/2016 2687/2569/2151 2683/2565/2149
f 2686/2568/2016 2683/2565/2149 2685/2567/2015
f 2663/2545/2129 2660/2542/2126 2683/2565/2149
f 2663/2545/2129 2683/2565/2149 2687/2569/2151
f 2688/2570/2018 2689/2571/2152 2690/2572/2020
f 2688/2570/2018 2690/2572/2020 2691/2573/2021
f 2692/2574/2153 2693/2575/2023 2690/2572/2020
f 2692/2574/2153 2690/2572/2020 2689/2571/2152
f 2686/2568/2016 2685/2567/2015 2690/2572/2020
f 2686/2568/2016 2690/2572/2020 2693/2575/2023
f 2684/2566/2150 2691/2573/2021 2690/2572/2020
f 2684/2566/2150 2690/2572/2020 2685/2567/2015
f 2694/2576/2154 2695/2577/2025 2696/2578/2026
f 2697/2576/2027 2698/2579/2028 2695/2577/2025
f 2686/2568/2016 2693/2575/2023 2695/2577/2025
f 2686/2568/2016 2695/2577/2025 2698/2579/2028
f 2692/2574/2153 2696/2578/2026 2695/2577/2025
f 2692/2574/2153 2695/2577/2025 2693/2575/2023
f 2699/2576/2029 2700/2580/2030 2701/2581/2031
f 2702/2582/2155 2703/2583/2156 2701/2581/2031
f 2702/2582/2155 2701/2581/2031 2700/2580/2030
f 2686/2568/2016 2698/2579/2028 2701/2581/2031
f 2686/2568/2016 2701/2581/2031 2703/2583/2156
f 2697/2576/2027 2701/2581/2031 2698/2579/2028
f 2704/2584/2018 2705/2585/2034 2706/2586/2035
f 2704/2584/2018 2706/2586/2035 2707/2587/2157
f 2708/2588/2037 2709/2589/2038 2706/2586/2035
f 2708/2588/2037 2706/2586/2035 2705/2585/2034
f 2686/2568/2016 2703/2583/2156 2706/2586/2035
f 2686/2568/2016 2706/2586/2035 2709/2589/2038
f 2702/2582/2155 2707/2587/2157 2706/2586/2035
f 2702/2582/2155 2706/2586/2035 2703/2583/2156
f 2665/2547/2131 2668/2550/2134 2710/2590/2158
f 2665/2547/2131 2710/2590/2158 2711/2591/2159
f 2663/2545/2129 2687/2569/2151 2710/2590/2158
f 2663/2545/2129 2710/2590/2158 2668/2550/2134
f 2686/2568/2016 2709/2589/2038 2710/2590/2158
f 2686/2568/2016 2710/2590/2158 2687/2569/2151
f 2708/2588/2037 2711/2591/2159 2710/2590/2158
f 2708/2588/2037 2710/2590/2158 2709/2589/2038
f 2712/2592/1891 2713/2593/2042 2714/2594/1893
f 2712/2592/1891 2714/2594/1893 2715/2595/2043
f 2716/2596/2160 2717/2597/2045 2714/2594/1893
f 2716/2596/2160 2714/2594/1893 2713/2593/2042
f 2718/2598/2161 2719/2599/1898 2714/2594/1893
f 2718/2598/2161 2714/2594/1893 2717/2597/2045
f 2720/2600/1899 2715/2595/2043 2714/2594/1893
f 2720/2600/1899 2714/2594/1893 2719/2599/1898
f 2721/2601/2162 2722/2602/2163 2723/2603/2164
f 2721/2601/2162 2723/2603/2164 2724/2604/2165
f 2725/2605/2166 2726/2606/2167 2723/2603/2164
f 2725/2605/2166 2723/2603/2164 2722/2602/2163
f 2718/2598/2161 2717/2597/2045 2723/2603/2164
f 2718/2598/2161 2723/2603/2164 2726/2606/2167
f 2716/2596/2160 2724/2604/2165 2723/2603/2164
f 2716/2596/2160 2723/2603/2164 2717/2597/2045
f 2727/2607/2168 2728/2608/2169 2729/2609/2170
f 2727/2607/2168 2729/2609/2170 2730/2610/2171
f 2731/2611/2057 2732/2612/1911 2729/2609/2170
f 2731/2611/2057 2729/2609/2170 2728/2608/2169
f 2718/2598/2161 2726/2606/2167 2729/2609/2170
f 2718/2598/2161 2729/2609/2170 2732/2612/1911
f 2725/2605/2166 2730/2610/2171 2729/2609/2170
f 2725/2605/2166 2729/2609/2170 2726/2606/2167
f 2733/2613/2172 2734/2614/2059 2735/2615/1913
f 2733/2613/2172 2735/2615/1913 2736/2616/2173
f 2737/2617/1915 2738/2618/1916 2735/2615/1913
f 2737/2617/1915 2735/2615/1913 2734/2614/2059
f 2718/2598/2161 2732/2612/1911 2735/2615/1913
f 2718/2598/2161 2735/2615/1913 2738/2618/1916
f 2731/2611/2057 2736/2616/2173 2735/2615/1913
f 2731/2611/2057 2735/2615/1913 2732/2612/1911
f 2739/2619/2060 2740/2620/2174 2741/2621/2175
f 2742/2619/1920 2743/2622/2061 2740/2620/2174
f 2718/2598/2161 2738/2618/1916 2740/2620/2174
f 2718/2598/2161 2740/2620/2174 2743/2622/2061
f 2737/2617/1915 2741/2621/2175 2740/2620/2174
f 2737/2617/1915 2740/2620/2174 2738/2618/1916
f 2744/2619/1922 2745/2623/2062 2746/2624/2176
f 2720/2600/1899 2719/2599/1898 2746/2624/2176
f 2720/2600/1899 2746/2624/2176 2745/2623/2062
f 2718/2598/2161 2743/2622/2061 2746/2624/2176
f 2718/2598/2161 2746/2624/2176 2719/2599/1898
f 2742/2619/1920 2746/2624/2176 2743/2622/2061
f 2747/2625/2177 2748/2626/2178 2749/2627/2179
f 2747/2625/2177 2749/2627/2179 2750/2628/2180
f 2751/2629/2181 2752/2630/2182 2749/2627/2179
f 2751/2629/2181 2749/2627/2179 2748/2626/2178
f 2753/2631/2183 2754/2632/2184 2749/2627/2179
f 2753/2631/2183 2749/2627/2179 2752/2630/2182
f 2755/2633/2185 2750/2628/2180 2749/2627/2179
f 2755/2633/2185 2749/2627/2179 2754/2632/2184
f 2756/2634/2186 2757/2635/2187 2758/2636/2188
f 2756/2634/2186 2758/2636/2188 2759/2637/2189
f 2760/2638/2190 2761/2639/2191 2758/2636/2188
f 2760/2638/2190 2758/2636/2188 2757/2635/2187
f 2753/2631/2183 2752/2630/2182 2758/2636/2188
f 2753/2631/2183 2758/2636/2188 2761/2639/2191
f 2751/2629/2181 2759/2637/2189 2758/2636/2188
f 2751/2629/2181 2758/2636/2188 2752/2630/2182
f 2588/2470/2072 2591/2473/2075 2762/2640/2192
f 2588/2470/2072 2762/2640/2192 2763/2641/2193
f 2583/2465/2067 2764/2642/2194 2762/2640/2192
f 2583/2465/2067 2762/2640/2192 2591/2473/2075
f 2753/2631/2183 2761/2639/2191 2762/2640/2192
f 2753/2631/2183 2762/2640/2192 2764/2642/2194
f 2760/2638/2190 2763/2641/2193 2762/2640/2192
f 2760/2638/2190 2762/2640/2192 2761/2639/2191
f 2579/2461/2063 2765/2643/2195 2766/2644/2196
f 2579/2461/2063 2766/2644/2196 2580/2462/2064
f 2767/2645/2197 2768/2646/2198 2766/2644/2196
f 2767/2645/2197 2766/2644/2196 2765/2643/2195
f 2753/2631/2183 2764/2642/2194 2766/2644/2196
f 2753/2631/2183 2766/2644/2196 2768/2646/2198
f 2583/2465/2067 2580/2462/2064 2766/2644/2196
f 2583/2465/2067 2766/2644/2196 2764/2642/2194
f 2769/2647/2199 2770/2648/2200 2771/2649/2201
f 2769/2647/2199 2771/2649/2201 2772/2650/2202
f 2773/2651/2203 2774/2652/2204 2771/2649/2201
f 2773/2651/2203 2771/2649/2201 2770/2648/2200
f 2753/2631/2183 2768/2646/2198 2771/2649/2201
f 2753/2631/2183 2771/2649/2201 2774/2652/2204
f 2767/2645/2197 2772/2650/2202 2771/2649/2201
f 2767/2645/2197 2771/2649/2201 2768/2646/2198
f 2727/2607/2168 2730/2610/2171 2775/2653/2205
f 2727/2607/2168 2775/2653/2205 2776/2654/2206
f 2725/2605/2166 2777/2655/2207 2775/2653/2205
f 2725/2605/2166 2775/2653/2205 2730/2610/2171
f 2753/2631/2183 2774/2652/2204 2775/2653/2205
f 2753/2631/2183 2775/2653/2205 2777/2655/2207
f 2773/2651/2203 2776/2654/2206 2775/2653/2205
f 2773/2651/2203 2775/2653/2205 2774/2652/2204
f 2721/2601/2162 2778/2656/2208 2779/2657/2209
f 2721/2601/2162 2779/2657/2209 2722/2602/2163
f 2780/2658/2210 2781/2659/2211 2779/2657/2209
f 2780/2658/2210 2779/2657/2209 2778/2656/2208
f 2753/2631/2183 2777/2655/2207 2779/2657/2209
f 2753/2631/2183 2779/2657/2209 2781/2659/2211
f 2725/2605/2166 2722/2602/2163 2779/2657/2209
f 2725/2605/2166 2779/2657/2209 2777/2655/2207
f 2782/2660/2212 2783/2661/2213 2784/2662/2214
f 2782/2660/2212 2784/2662/2214 2785/2663/2215
f 2755/2633/2185 2754/2632/2184 2784/2662/2214
f 2755/2633/2185 2784/2662/2214 2783/2661/2213
f 2753/2631/2183 2781/2659/2211 2784/2662/2214
f 2753/2631/2183 2784/2662/2214 2754/2632/2184
f 2780/2658/2210 2785/2663/2215 2784/2662/2214
f 2780/2658/2210 2784/2662/2214 2781/2659/2211
f 2624/2506/2101 2786/2664/2216 2787/2665/1964
f 2624/2506/2101 2787/2665/1964 2625/2507/1964
f 2788/2666/2216 2789/2667/1964 2787/2665/1964
f 2788/2666/2216 2787/2665/1964 2786/2664/2216
f 2790/2668/1800 2791/2669/1800 2787/2665/1964
f 2790/2668/1800 2787/2665/1964 2789/2667/1964
f 2628/2510/1800 2625/2507/1964 2787/2665/1964
f 2628/2510/1800 2787/2665/1964 2791/2669/1800
f 2792/2670/2216 2793/2671/1964 2794/2672/1964
f 2792/2670/2216 2794/2672/1964 2795/2673/2216
f 2796/2674/1800 2797/2675/1800 2794/2672/1964
f 2796/2674/1800 2794/2672/1964 2793/2671/1964
f 2790/2668/1800 2789/2667/1964 2794/2672/1964
f 2790/2668/1800 2794/2672/1964 2797/2675/1800
f 2788/2666/2216 2795/2673/2216 2794/2672/1964
f 2788/2666/2216 2794/2672/1964 2789/2667/1964
f 2798/2676/2217 2799/2677/2217 2800/2678/1967
f 2798/2676/2217 2800/2678/1967 2801/2679/2218
f 2802/2680/2102 2803/2681/1967 2800/2678/1967
f 2802/2680/2102 2800/2678/1967 2799/2677/2217
f 2790/2668/1800 2797/2675/1800 2800/2678/1967
f 2790/2668/1800 2800/2678/1967 2803/2681/1967
f 2796/2674/1800 2801/2679/2218 2800/2678/1967
f 2796/2674/1800 2800/2678/1967 2797/2675/1800
f 2630/2512/2102 2633/2515/1967 2804/2682/1967
f 2630/2512/2102 2804/2682/1967 2805/2683/2102
f 2628/2510/1800 2791/2669/1800 2804/2682/1967
f 2628/2510/1800 2804/2682/1967 2633/2515/1967
f 2790/2668/1800 2803/2681/1967 2804/2682/1967
f 2790/2668/1800 2804/2682/1967 2791/2669/1800
f 2802/2680/2102 2805/2683/2102 2804/2682/1967
f 2802/2680/2102 2804/2682/1967 2803/2681/1967
f 2806/2684/2219 2807/2685/2220 2808/2686/2221
f 2806/2684/2219 2808/2686/2221 2809/2687/2222
f 2810/2688/2223 2811/2689/2224 2808/2686/2221
f 2810/2688/2223 2808/2686/2221 2807/2685/2220
f 2812/2690/2225 2813/2691/2111 2808/2686/2221
f 2812/2690/2225 2808/2686/2221 2811/2689/2224
f 2814/2692/2226 2809/2687/2222 2808/2686/2221
f 2814/2692/2226 2808/2686/2221 2813/2691/2111
f 2815/2693/2227 2816/2694/2228 2817/2695/2229
f 2815/2693/2227 2817/2695/2229 2818/2696/2230
f 2819/2697/2231 2820/2698/2232 2817/2695/2229
f 2819/2697/2231 2817/2695/2229 2816/2694/2228
f 2812/2690/2225 2811/2689/2224 2817/2695/2229
f 2812/2690/2225 2817/2695/2229 2820/2698/2232
f 2810/2688/2223 2818/2696/2230 2817/2695/2229
f 2810/2688/2223 2817/2695/2229 2811/2689/2224
f 2821/2699/2233 2822/2700/2234 2823/2701/2235
f 2821/2699/2233 2823/2701/2235 2824/2702/2236
f 2825/2703/2237 2826/2704/2238 2823/2701/2235
f 2825/2703/2237 2823/2701/2235 2822/2700/2234
f 2812/2690/2225 2820/2698/2232 2823/2701/2235
f 2812/2690/2225 2823/2701/2235 2826/2704/2238
f 2819/2697/2231 2824/2702/2236 2823/2701/2235
f 2819/2697/2231 2823/2701/2235 2820/2698/2232
f 2827/2705/2239 2828/2706/2240 2829/2707/2241
f 2827/2705/2239 2829/2707/2241 2830/2708/2242
f 2831/2709/2243 2832/2710/2244 2829/2707/2241
f 2831/2709/2243 2829/2707/2241 2828/2706/2240
f 2812/2690/2225 2826/2704/2238 2829/2707/2241
f 2812/2690/2225 2829/2707/2241 2832/2710/2244
f 2825/2703/2237 2830/2708/2242 2829/2707/2241
f 2825/2703/2237 2829/2707/2241 2826/2704/2238
f 2833/2711/2245 2834/2712/2246 2835/2713/2247
f 2833/2711/2245 2835/2713/2247 2836/2714/2248
f 2837/2715/2249 2838/2716/2250 2835/2713/2247
f 2837/2715/2249 2835/2713/2247 2834/2712/2246
f 2812/2690/2225 2832/2710/2244 2835/2713/2247
f 2812/2690/2225 2835/2713/2247 2838/2716/2250
f 2831/2709/2243 2836/2714/2248 2835/2713/2247
f 2831/2709/2243 2835/2713/2247 2832/2710/2244
f 2839/2717/2251 2840/2718/2252 2841/2719/2253
f 2839/2717/2251 2841/2719/2253 2842/2720/2254
f 2843/2721/2255 2844/2722/2256 2841/2719/2253
f 2843/2721/2255 2841/2719/2253 2840/2718/2252
f 2812/2690/2225 2838/2716/2250 2841/2719/2253
f 2812/2690/2225 2841/2719/2253 2844/2722/2256
f 2837/2715/2249 2842/2720/2254 2841/2719/2253
f 2837/2715/2249 2841/2719/2253 2838/2716/2250
f 2647/2529/2113 2650/2532/2116 2845/2723/2257
f 2647/2529/2113 2845/2723/2257 2846/2724/2258
f 2642/2524/2108 2847/2725/2259 2845/2723/2257
f 2642/2524/2108 2845/2723/2257 2650/2532/2116
f 2812/2690/2225 2844/2722/2256 2845/2723/2257
f 2812/2690/2225 2845/2723/2257 2847/2725/2259
f 2843/2721/2255 2846/2724/2258 2845/2723/2257
f 2843/2721/2255 2845/2723/2257 2844/2722/2256
f 2638/2520/2104 2848/2726/2260 2849/2727/2261
f 2638/2520/2104 2849/2727/2261 2639/2521/2105
f 2814/2692/2226 2813/2691/2111 2849/2727/2261
f 2814/2692/2226 2849/2727/2261 2848/2726/2260
f 2812/2690/2225 2847/2725/2259 2849/2727/2261
f 2812/2690/2225 2849/2727/2261 2813/2691/2111
f 2642/2524/2108 2639/2521/2105 2849/2727/2261
f 2642/2524/2108 2849/2727/2261 2847/2725/2259
f 2827/2705/2239 2850/2728/2262 2851/2729/2263
f 2827/2705/2239 2851/2729/2263 2828/2706/2240
f 2852/2730/2150 2853/2731/2015 2851/2729/2263
f 2852/2730/2150 2851/2729/2263 2850/2728/2262
f 2854/2732/2264 2855/2733/2265 2851/2729/2263
f 2854/2732/2264 2851/2729/2263 2853/2731/2015
f 2831/2709/2243 2828/2706/2240 2851/2729/2263
f 2831/2709/2243 2851/2729/2263 2855/2733/2265
f 2856/2734/2018 2857/2735/2152 2858/2736/2020
f 2856/2734/2018 2858/2736/2020 2859/2737/2021
f 2860/2738/2153 2861/2739/2023 2858/2736/2020
f 2860/2738/2153 2858/2736/2020 2857/2735/2152
f 2854/2732/2264 2853/2731/2015 2858/2736/2020
f 2854/2732/2264 2858/2736/2020 2861/2739/2023
f 2852/2730/2150 2859/2737/2021 2858/2736/2020
f 2852/2730/2150 2858/2736/2020 2853/2731/2015
f 2862/2740/2154 2863/2741/2025 2864/2742/2266
f 2865/2740/2027 2866/2743/2028 2863/2741/2025
f 2854/2732/2264 2861/2739/2023 2863/2741/2025
f 2854/2732/2264 2863/2741/2025 2866/2743/2028
f 2860/2738/2153 2864/2742/2266 2863/2741/2025
f 2860/2738/2153 2863/2741/2025 2861/2739/2023
f 2867/2740/2029 2868/2744/2030 2869/2745/2031
f 2870/2746/2155 2871/2747/2156 2869/2745/2031
f 2870/2746/2155 2869/2745/2031 2868/2744/2030
f 2854/2732/2264 2866/2743/2028 2869/2745/2031
f 2854/2732/2264 2869/2745/2031 2871/2747/2156
f 2865/2740/2027 2869/2745/2031 2866/2743/2028
f 2872/2748/2018 2873/2749/2267 2874/2750/2035
f 2872/2748/2018 2874/2750/2035 2875/2751/2268
f 2876/2752/2037 2877/2753/2038 2874/2750/2035
f 2876/2752/2037 2874/2750/2035 2873/2749/2267
f 2854/2732/2264 2871/2747/2156 2874/2750/2035
f 2854/2732/2264 2874/2750/2035 2877/2753/2038
f 2870/2746/2155 2875/2751/2268 2874/2750/2035
f 2870/2746/2155 2874/2750/2035 2871/2747/2156
f 2833/2711/2245 2836/2714/2248 2878/2754/2039
f 2833/2711/2245 2878/2754/2039 2879/2755/2269
f 2831/2709/2243 2855/2733/2265 2878/2754/2039
f 2831/2709/2243 2878/2754/2039 2836/2714/2248
f 2854/2732/2264 2877/2753/2038 2878/2754/2039
f 2854/2732/2264 2878/2754/2039 2855/2733/2265
f 2876/2752/2037 2879/2755/2269 2878/2754/2039
f 2876/2752/2037 2878/2754/2039 2877/2753/2038
f 2880/2756/2270 2881/2757/2271 2882/2758/2272
f 2880/2756/2270 2882/2758/2272 2883/2759/2273
f 2884/2760/2274 2885/2761/2275 2882/2758/2272
f 2884/2760/2274 2882/2758/2272 2881/2757/2271
f 2886/2762/2276 2887/2763/2277 2882/2758/2272
f 2886/2762/2276 2882/2758/2272 2885/2761/2275
f 2888/2764/2278 2883/2759/2273 2882/2758/2272
f 2888/2764/2278 2882/2758/2272 2887/2763/2277
f 2889/2765/2279 2890/2766/2280 2891/2767/2281
f 2889/2765/2279 2891/2767/2281 2892/2768/2282
f 2893/2769/2283 2894/2770/2284 2891/2767/2281
f 2893/2769/2283 2891/2767/2281 2890/2766/2280
f 2886/2762/2276 2885/2761/2275 2891/2767/2281
f 2886/2762/2276 2891/2767/2281 2894/2770/2284
f 2884/2760/2274 2892/2768/2282 2891/2767/2281
f 2884/2760/2274 2891/2767/2281 2885/2761/2275
f 2895/2771/2285 2896/2772/2286 2897/2773/2287
f 2895/2771/2285 2897/2773/2287 2898/2774/2288
f 2899/2775/2289 2900/2776/2290 2897/2773/2287
f 2899/2775/2289 2897/2773/2287 2896/2772/2286
f 2886/2762/2276 2894/2770/2284 2897/2773/2287
f 2886/2762/2276 2897/2773/2287 2900/2776/2290
f 2893/2769/2283 2898/2774/2288 2897/2773/2287
f 2893/2769/2283 2897/2773/2287 2894/2770/2284
f 2901/2777/2291 2902/2778/2292 2903/2779/2293
f 2901/2777/2291 2903/2779/2293 2904/2780/2294
f 2905/2781/2295 2906/2782/2296 2903/2779/2293
f 2905/2781/2295 2903/2779/2293 2902/2778/2292
f 2886/2762/2276 2900/2776/2290 2903/2779/2293
f 2886/2762/2276 2903/2779/2293 2906/2782/2296
f 2899/2775/2289 2904/2780/2294 2903/2779/2293
f 2899/2775/2289 2903/2779/2293 2900/2776/2290
f 2907/2783/2297 2908/2784/2298 2909/2785/2299
f 2910/2783/2300 2911/2786/2301 2908/2784/2298
f 2886/2762/2276 2906/2782/2296 2908/2784/2298
f 2886/2762/2276 2908/2784/2298 2911/2786/2301
f 2905/2781/2295 2909/2785/2299 2908/2784/2298
f 2905/2781/2295 2908/2784/2298 2906/2782/2296
f 2912/2783/2302 2913/2787/2303 2914/2788/2304
f 2888/2764/2278 2887/2763/2277 2914/2788/2304
f 2888/2764/2278 2914/2788/2304 2913/2787/2303
f 2886/2762/2276 2911/2786/2301 2914/2788/2304
f 2886/2762/2276 2914/2788/2304 2887/2763/2277
f 2910/2783/2300 2914/2788/2304 2911/2786/2301
f 2915/2789/2305 2916/2790/2306 2917/2791/2307
f 2915/2789/2305 2917/2791/2307 2918/2792/2308
f 2919/2793/2309 2920/2794/2310 2917/2791/2307
f 2919/2793/2309 2917/2791/2307 2916/2790/2306
f 2921/2795/2311 2922/2796/2312 2917/2791/2307
f 2921/2795/2311 2917/2791/2307 2920/2794/2310
f 2923/2797/2313 2918/2792/2308 2917/2791/2307
f 2923/2797/2313 2917/2791/2307 2922/2796/2312
f 2924/2798/2314 2925/2799/2315 2926/2800/2316
f 2924/2798/2314 2926/2800/2316 2927/2801/2317
f 2928/2802/2318 2929/2803/2319 2926/2800/2316
f 2928/2802/2318 2926/2800/2316 2925/2799/2315
f 2921/2795/2311 2920/2794/2310 2926/2800/2316
f 2921/2795/2311 2926/2800/2316 2929/2803/2319
f 2919/2793/2309 2927/2801/2317 2926/2800/2316
f 2919/2793/2309 2926/2800/2316 2920/2794/2310
f 2756/2634/2186 2759/2637/2189 2930/2804/2320
f 2756/2634/2186 2930/2804/2320 2931/2805/2321
f 2751/2629/2181 2932/2806/2322 2930/2804/2320
f 2751/2629/2181 2930/2804/2320 2759/2637/2189
f 2921/2795/2311 2929/2803/2319 2930/2804/2320
f 2921/2795/2311 2930/2804/2320 2932/2806/2322
f 2928/2802/2318 2931/2805/2321 2930/2804/2320
f 2928/2802/2318 2930/2804/2320 2929/2803/2319
f 2747/2625/2177 2933/2807/2323 2934/2808/2324
f 2747/2625/2177 2934/2808/2324 2748/2626/2178
f 2935/2809/2325 2936/2810/2326 2934/2808/2324
f 2935/2809/2325 2934/2808/2324 2933/2807/2323
f 2921/2795/2311 2932/2806/2322 2934/2808/2324
f 2921/2795/2311 2934/2808/2324 2936/2810/2326
f 2751/2629/2181 2748/2626/2178 2934/2808/2324
f 2751/2629/2181 2934/2808/2324 2932/2806/2322
f 2937/2811/2327 2938/2812/2328 2939/2813/2329
f 2937/2811/2327 2939/2813/2329 2940/2814/2330
f 2941/2815/2331 2942/2816/2332 2939/2813/2329
f 2941/2815/2331 2939/2813/2329 2938/2812/2328
f 2921/2795/2311 2936/2810/2326 2939/2813/2329
f 2921/2795/2311 2939/2813/2329 2942/2816/2332
f 2935/2809/2325 2940/2814/2330 2939/2813/2329
f 2935/2809/2325 2939/2813/2329 2936/2810/2326
f 2895/2771/2285 2898/2774/2288 2943/2817/2333
f 2895/2771/2285 2943/2817/2333 2944/2818/2334
f 2893/2769/2283 2945/2819/2335 2943/2817/2333
f 2893/2769/2283 2943/2817/2333 2898/2774/2288
f 2921/2795/2311 2942/2816/2332 2943/2817/2333
f 2921/2795/2311 2943/2817/2333 2945/2819/2335
f 2941/2815/2331 2944/2818/2334 2943/2817/2333
f 2941/2815/2331 2943/2817/2333 2942/2816/2332
f 2889/2765/2279 2946/2820/2336 2947/2821/2337
f 2889/2765/2279 2947/2821/2337 2890/2766/2280
f 2948/2822/2338 2949/2823/2339 2947/2821/2337
f 2948/2822/2338 2947/2821/2337 2946/2820/2336
f 2921/2795/2311 2945/2819/2335 2947/2821/2337
f 2921/2795/2311 2947/2821/2337 2949/2823/2339
f 2893/2769/2283 2890/2766/2280 2947/2821/2337
f 2893/2769/2283 2947/2821/2337 2945/2819/2335
f 2950/2824/2340 2951/2825/2341 2952/2826/2342
f 2950/2824/2340 2952/2826/2342 2953/2827/2343
f 2923/2797/2313 2922/2796/2312 2952/2826/2342
f 2923/2797/2313 2952/2826/2342 2951/2825/2341
f 2921/2795/2311 2949/2823/2339 2952/2826/2342
f 2921/2795/2311 2952/2826/2342 2922/2796/2312
f 2948/2822/2338 2953/2827/2343 2952/2826/2342
f 2948/2822/2338 2952/2826/2342 2949/2823/2339
f 2792/2670/2216 2954/2828/2344 2955/2829/2345
f 2792/2670/2216 2955/2829/2345 2793/2671/1964
f 2956/2830/2346 2957/2831/2347 2955/2829/2345
f 2956/2830/2346 2955/2829/2345 2954/2828/2344
f 2958/2832/2348 2959/2833/2349 2955/2829/2345
f 2958/2832/2348 2955/2829/2345 2957/2831/2347
f 2796/2674/1800 2793/2671/1964 2955/2829/2345
f 2796/2674/1800 2955/2829/2345 2959/2833/2349
f 2960/2834/2350 2961/2835/2351 2962/2836/2352
f 2960/2834/2350 2962/2836/2352 2963/2837/2353
f 2964/2838/2354 2965/2839/2355 2962/2836/2352
f 2964/2838/2354 2962/2836/2352 2961/2835/2351
f 2958/2832/2348 2957/2831/2347 2962/2836/2352
f 2958/2832/2348 2962/2836/2352 2965/2839/2355
f 2956/2830/2346 2963/2837/2353 2962/2836/2352
f 2956/2830/2346 2962/2836/2352 2957/2831/2347
f 2966/2840/2356 2967/2841/2357 2968/2842/2358
f 2966/2840/2356 2968/2842/2358 2969/2843/2359
f 2970/2844/2360 2971/2845/2361 2968/2842/2358
f 2970/2844/2360 2968/2842/2358 2967/2841/2357
f 2958/2832/2348 2965/2839/2355 2968/2842/2358
f 2958/2832/2348 2968/2842/2358 2971/2845/2361
f 2964/2838/2354 2969/2843/2359 2968/2842/2358
f 2964/2838/2354 2968/2842/2358 2965/2839/2355
f 2798/2676/2217 2801/2679/2218 2972/2846/2362
f 2798/2676/2217 2972/2846/2362 2973/2847/2363
f 2796/2674/1800 2959/2833/2349 2972/2846/2362
f 2796/2674/1800 2972/2846/2362 2801/2679/2218
f 2958/2832/2348 2971/2845/2361 2972/2846/2362
f 2958/2832/2348 2972/2846/2362 2959/2833/2349
f 2970/2844/2360 2973/2847/2363 2972/2846/2362
f 2970/2844/2360 2972/2846/2362 2971/2845/2361
f 2974/2848/2364 2975/2849/2365 2976/2850/2366
f 2974/2848/2364 2976/2850/2366 2977/2851/2367
f 2978/2852/2368 2979/2853/2369 2976/2850/2366
f 2978/2852/2368 2976/2850/2366 2975/2849/2365
f 2980/2854/2370 2981/2855/2371 2976/2850/2366
f 2980/2854/2370 2976/2850/2366 2979/2853/2369
f 2982/2856/2372 2977/2851/2367 2976/2850/2366
f 2982/2856/2372 2976/2850/2366 2981/2855/2371
f 2983/2857/2373 2984/2858/2374 2985/2859/2375
f 2983/2857/2373 2985/2859/2375 2986/2860/2376
f 2987/2861/2377 2988/2862/2378 2985/2859/2375
f 2987/2861/2377 2985/2859/2375 2984/2858/2374
f 2980/2854/2370 2979/2853/2369 2985/2859/2375
f 2980/2854/2370 2985/2859/2375 2988/2862/2378
f 2978/2852/2368 2986/2860/2376 2985/2859/2375
f 2978/2852/2368 2985/2859/2375 2979/2853/2369
f 2989/2863/2379 2990/2864/2380 2991/2865/2381
f 2989/2863/2379 2991/2865/2381 2992/2866/2382
f 2993/2867/2383 2994/2868/2384 2991/2865/2381
f 2993/2867/2383 2991/2865/2381 2990/2864/2380
f 2980/2854/2370 2988/2862/2378 2991/2865/2381
f 2980/2854/2370 2991/2865/2381 2994/2868/2384
f 2987/2861/2377 2992/2866/2382 2991/2865/2381
f 2987/2861/2377 2991/2865/2381 2988/2862/2378
f 2995/2869/2385 2996/2870/2386 2997/2871/2387
f 2995/2869/2385 2997/2871/2387 2998/2872/2388
f 2999/2873/2389 3000/2874/2390 2997/2871/2387
f 2999/2873/2389 2997/2871/2387 2996/2870/2386
f 2980/2854/2370 2994/2868/2384 2997/2871/2387
f 2980/2854/2370 2997/2871/2387 3000/2874/2390
f 2993/2867/2383 2998/2872/2388 2997/2871/2387
f 2993/2867/2383 2997/2871/2387 2994/2868/2384
f 3001/2875/2391 3002/2876/2392 3003/2877/2393
f 3001/2875/2391 3003/2877/2393 3004/2878/2394
f 3005/2879/2395 3006/2880/2396 3003/2877/2393
f 3005/2879/2395 3003/2877/2393 3002/2876/2392
f 2980/2854/2370 3000/2874/2390 3003/2877/2393
f 2980/2854/2370 3003/2877/2393 3006/2880/2396
f 2999/2873/2389 3004/2878/2394 3003/2877/2393
f 2999/2873/2389 3003/2877/2393 3000/2874/2390
f 3007/2881/2397 3008/2882/2398 3009/2883/2399
f 3007/2881/2397 3009/2883/2399 3010/2884/2400
f 3011/2885/2401 3012/2886/2402 3009/2883/2399
f 3011/2885/2401 3009/2883/2399 3008/2882/2398
f 2980/2854/2370 3006/2880/2396 3009/2883/2399
f 2980/2854/2370 3009/2883/2399 3012/2886/2402
f 3005/2879/2395 3010/2884/2400 3009/2883/2399
f 3005/2879/2395 3009/2883/2399 3006/2880/2396
f 2815/2693/2227 2818/2696/2230 3013/2887/2403
f 2815/2693/2227 3013/2887/2403 3014/2888/2404
f 2810/2688/2223 3015/2889/2405 3013/2887/2403
f 2810/2688/2223 3013/2887/2403 2818/2696/2230
f 2980/2854/2370 3012/2886/2402 3013/2887/2403
f 2980/2854/2370 3013/2887/2403 3015/2889/2405
f 3011/2885/2401 3014/2888/2404 3013/2887/2403
f 3011/2885/2401 3013/2887/2403 3012/2886/2402
f 2806/2684/2219 3016/2890/2406 3017/2891/2407
f 2806/2684/2219 3017/2891/2407 2807/2685/2220
f 2982/2856/2372 2981/2855/2371 3017/2891/2407
f 2982/2856/2372 3017/2891/2407 3016/2890/2406
f 2980/2854/2370 3015/2889/2405 3017/2891/2407
f 2980/2854/2370 3017/2891/2407 2981/2855/2371
f 2810/2688/2223 2807/2685/2220 3017/2891/2407
f 2810/2688/2223 3017/2891/2407 3015/2889/2405
f 2995/2869/2385 3018/2892/2408 3019/2893/2409
f 2995/2869/2385 3019/2893/2409 2996/2870/2386
f 3020/2894/2410 3021/2895/2411 3019/2893/2409
f 3020/2894/2410 3019/2893/2409 3018/2892/2408
f 3022/2896/2412 3023/2897/2413 3019/2893/2409
f 3022/2896/2412 3019/2893/2409 3021/2895/2411
f 2999/2873/2389 2996/2870/2386 3019/2893/2409
f 2999/2873/2389 3019/2893/2409 3023/2897/2413
f 3024/2898/2414 3025/2899/2415 3026/2900/2416
f 3024/2898/2414 3026/2900/2416 3027/2901/2417
f 3028/2902/2418 3029/2903/2419 3026/2900/2416
f 3028/2902/2418 3026/2900/2416 3025/2899/2415
f 3022/2896/2412 3021/2895/2411 3026/2900/2416
f 3022/2896/2412 3026/2900/2416 3029/2903/2419
f 3020/2894/2410 3027/2901/2417 3026/2900/2416
f 3020/2894/2410 3026/2900/2416 3021/2895/2411
f 3030/2904/2420 3031/2905/2421 3032/2906/2422
f 3033/2907/2423 3034/2908/2424 3035/2909/2425
f 3022/2896/2412 3029/2903/2419 3031/2905/2421
f 3022/2896/2412 3031/2905/2421 3036/2910/2426
f 3028/2902/2418 3032/2906/2422 3031/2905/2421
f 3028/2902/2418 3031/2905/2421 3029/2903/2419
f 3037/2904/2427 3038/2911/2428 3039/2912/2429
f 3040/2913/2430 3041/2914/2431 3039/2912/2429
f 3040/2913/2430 3039/2912/2429 3038/2911/2428
f 3022/2896/2412 3036/2910/2426 3039/2912/2429
f 3022/2896/2412 3039/2912/2429 3041/2914/2431
f 3042/2904/2432 3039/2912/2429 3036/2910/2426
f 3043/2915/2433 3044/2916/1884 3045/2917/2434
f 3043/2915/2433 3045/2917/2434 3046/2918/2435
f 3047/2919/2436 3048/2920/2437 3045/2917/2434
f 3047/2919/2436 3045/2917/2434 3044/2916/1884
f 3022/2896/2412 3041/2914/2431 3045/2917/2434
f 3022/2896/2412 3045/2917/2434 3048/2920/2437
f 3040/2913/2430 3046/2918/2435 3045/2917/2434
f 3040/2913/2430 3045/2917/2434 3041/2914/2431
f 3001/2875/2391 3004/2878/2394 3049/2921/2438
f 3001/2875/2391 3049/2921/2438 3050/2922/2439
f 2999/2873/2389 3023/2897/2413 3049/2921/2438
f 2999/2873/2389 3049/2921/2438 3004/2878/2394
f 3022/2896/2412 3048/2920/2437 3049/2921/2438
f 3022/2896/2412 3049/2921/2438 3023/2897/2413
f 3047/2919/2436 3050/2922/2439 3049/2921/2438
f 3047/2919/2436 3049/2921/2438 3048/2920/2437
f 3051/2923/2440 3052/2924/2441 3053/2925/2442
f 3051/2923/2440 3053/2925/2442 3054/2926/2443
f 3055/2927/2444 3056/2928/2445 3053/2925/2442
f 3055/2927/2444 3053/2925/2442 3052/2924/2441
f 3057/2929/2446 3058/2930/2447 3053/2925/2442
f 3057/2929/2446 3053/2925/2442 3056/2928/2445
f 3059/2931/2448 3054/2926/2443 3053/2925/2442
f 3059/2931/2448 3053/2925/2442 3058/2930/2447
f 3060/2932/2449 3061/2933/2450 3062/2934/2451
f 3060/2932/2449 3062/2934/2451 3063/2935/2452
f 3064/2936/2453 3065/2937/2454 3062/2934/2451
f 3064/2936/2453 3062/2934/2451 3061/2933/2450
f 3057/2929/2446 3056/2928/2445 3062/2934/2451
f 3057/2929/2446 3062/2934/2451 3065/2937/2454
f 3055/2927/2444 3063/2935/2452 3062/2934/2451
f 3055/2927/2444 3062/2934/2451 3056/2928/2445
f 2297/2187/1812 2300/2190/1815 3066/2938/2455
f 2297/2187/1812 3066/2938/2455 3067/2939/2456
f 2305/2195/1820 3068/2940/2457 3066/2938/2455
f 2305/2195/1820 3066/2938/2455 2300/2190/1815
f 3057/2929/2446 3065/2937/2454 3066/2938/2455
f 3057/2929/2446 3066/2938/2455 3068/2940/2457
f 3064/2936/2453 3067/2939/2456 3066/2938/2455
f 3064/2936/2453 3066/2938/2455 3065/2937/2454
f 2342/2232/1857 3069/2941/2458 3070/2942/2459
f 2342/2232/1857 3070/2942/2459 2343/2233/1858
f 3059/2931/2448 3058/2930/2447 3070/2942/2459
f 3059/2931/2448 3070/2942/2459 3069/2941/2458
f 3057/2929/2446 3068/2940/2457 3070/2942/2459
f 3057/2929/2446 3070/2942/2459 3058/2930/2447
f 2305/2195/1820 2343/2233/1858 3070/2942/2459
f 2305/2195/1820 3070/2942/2459 3068/2940/2457
f 2293/2183/1808 2296/2186/1811 3071/2943/2460
f 2293/2183/1808 3071/2943/2460 3072/2944/2461
f 2291/2181/1806 3073/2945/2462 3071/2943/2460
f 2291/2181/1806 3071/2943/2460 2296/2186/1811
f 3074/2946/2463 3075/2947/2464 3071/2943/2460
f 3074/2946/2463 3071/2943/2460 3073/2945/2462
f 3076/2948/2465 3072/2944/2461 3071/2943/2460
f 3076/2948/2465 3071/2943/2460 3075/2947/2464
f 2287/2177/1802 3077/2949/2466 3078/2950/2467
f 2287/2177/1802 3078/2950/2467 2288/2178/1803
f 3079/2951/2468 3080/2952/2469 3078/2950/2467
f 3079/2951/2468 3078/2950/2467 3077/2949/2466
f 3074/2946/2463 3073/2945/2462 3078/2950/2467
f 3074/2946/2463 3078/2950/2467 3080/2952/2469
f 2291/2181/1806 2288/2178/1803 3078/2950/2467
f 2291/2181/1806 3078/2950/2467 3073/2945/2462
f 3060/2932/2449 3063/2935/2452 3081/2953/2470
f 3060/2932/2449 3081/2953/2470 3082/2954/2471
f 3055/2927/2444 3083/2955/2472 3081/2953/2470
f 3055/2927/2444 3081/2953/2470 3063/2935/2452
f 3074/2946/2463 3080/2952/2469 3081/2953/2470
f 3074/2946/2463 3081/2953/2470 3083/2955/2472
f 3079/2951/2468 3082/2954/2471 3081/2953/2470
f 3079/2951/2468 3081/2953/2470 3080/2952/2469
f 3051/2923/2440 3084/2956/2473 3085/2957/2474
f 3051/2923/2440 3085/2957/2474 3052/2924/2441
f 3076/2948/2465 3075/2947/2464 3085/2957/2474
f 3076/2948/2465 3085/2957/2474 3084/2956/2473
f 3074/2946/2463 3083/2955/2472 3085/2957/2474
f 3074/2946/2463 3085/2957/2474 3075/2947/2464
f 3055/2927/2444 3052/2924/2441 3085/2957/2474
f 3055/2927/2444 3085/2957/2474 3083/2955/2472
f 3086/2958/2475 3087/2959/2476 3088/2960/2477
f 3086/2958/2475 3088/2960/2477 3089/2961/2478
f 3090/2962/2479 3091/2963/2480 3088/2960/2477
f 3090/2962/2479 3088/2960/2477 3087/2959/2476
f 3092/2964/2481 3093/2965/2482 3088/2960/2477
f 3092/2964/2481 3088/2960/2477 3091/2963/2480
f 3094/2966/2483 3089/2961/2478 3088/2960/2477
f 3094/2966/2483 3088/2960/2477 3093/2965/2482
f 3095/2967/2484 3096/2968/2485 3097/2969/2486
f 3095/2967/2484 3097/2969/2486 3098/2970/2487
f 3099/2971/2488 3100/2972/2489 3097/2969/2486
f 3099/2971/2488 3097/2969/2486 3096/2968/2485
f 3092/2964/2481 3091/2963/2480 3097/2969/2486
f 3092/2964/2481 3097/2969/2486 3100/2972/2489
f 3090/2962/2479 3098/2970/2487 3097/2969/2486
f 3090/2962/2479 3097/2969/2486 3091/2963/2480
f 2243/2133/1758 2246/2136/1761 3101/2973/2490
f 2243/2133/1758 3101/2973/2490 3102/2974/2491
f 2241/2131/1756 3103/2975/2492 3101/2973/2490
f 2241/2131/1756 3101/2973/2490 2246/2136/1761
f 3092/2964/2481 3100/2972/2489 3101/2973/2490
f 3092/2964/2481 3101/2973/2490 3103/2975/2492
f 3099/2971/2488 3102/2974/2491 3101/2973/2490
f 3099/2971/2488 3101/2973/2490 3100/2972/2489
f 2237/2127/1752 3104/2976/2493 3105/2977/2494
f 2237/2127/1752 3105/2977/2494 2238/2128/1753
f 3094/2966/2483 3093/2965/2482 3105/2977/2494
f 3094/2966/2483 3105/2977/2494 3104/2976/2493
f 3092/2964/2481 3103/2975/2492 3105/2977/2494
f 3092/2964/2481 3105/2977/2494 3093/2965/2482
f 2241/2131/1756 2238/2128/1753 3105/2977/2494
f 2241/2131/1756 3105/2977/2494 3103/2975/2492
f 2281/2171/1796 2284/2174/1799 3106/2978/2495
f 2281/2171/1796 3106/2978/2495 3107/2979/2496
f 2276/2166/1791 3108/2980/2497 3106/2978/2495
f 2276/2166/1791 3106/2978/2495 2284/2174/1799
f 3109/2981/2498 3110/2982/2499 3106/2978/2495
f 3109/2981/2498 3106/2978/2495 3108/2980/2497
f 3111/2983/2500 3107/2979/2496 3106/2978/2495
f 3111/2983/2500 3106/2978/2495 3110/2982/2499
f 2272/2162/1787 3112/2984/2501 3113/2985/2502
f 2272/2162/1787 3113/2985/2502 2273/2163/1788
f 3114/2986/2503 3115/2987/2504 3113/2985/2502
f 3114/2986/2503 3113/2985/2502 3112/2984/2501
f 3109/2981/2498 3108/2980/2497 3113/2985/2502
f 3109/2981/2498 3113/2985/2502 3115/2987/2504
f 2276/2166/1791 2273/2163/1788 3113/2985/2502
f 2276/2166/1791 3113/2985/2502 3108/2980/2497
f 3095/2967/2484 3098/2970/2487 3116/2988/2505
f 3095/2967/2484 3116/2988/2505 3117/2989/2506
f 3090/2962/2479 3118/2990/2507 3116/2988/2505
f 3090/2962/2479 3116/2988/2505 3098/2970/2487
f 3109/2981/2498 3115/2987/2504 3116/2988/2505
f 3109/2981/2498 3116/2988/2505 3118/2990/2507
f 3114/2986/2503 3117/2989/2506 3116/2988/2505
f 3114/2986/2503 3116/2988/2505 3115/2987/2504
f 3086/2958/2475 3119/2991/2508 3120/2992/2509
f 3086/2958/2475 3120/2992/2509 3087/2959/2476
f 3111/2983/2500 3110/2982/2499 3120/2992/2509
f 3111/2983/2500 3120/2992/2509 3119/2991/2508
f 3109/2981/2498 3118/2990/2507 3120/2992/2509
f 3109/2981/2498 3120/2992/2509 3110/2982/2499
f 3090/2962/2479 3087/2959/2476 3120/2992/2509
f 3090/2962/2479 3120/2992/2509 3118/2990/2507
f 3060/2932/2449 3121/2993/2510 3122/2994/2511
f 3060/2932/2449 3122/2994/2511 3061/2933/2450
f 3123/2995/2512 3124/2996/2513 3122/2994/2511
f 3123/2995/2512 3122/2994/2511 3121/2993/2510
f 3125/2997/2514 3126/2998/2515 3122/2994/2511
f 3125/2997/2514 3122/2994/2511 3124/2996/2513
f 3064/2936/2453 3061/2933/2450 3122/2994/2511
f 3064/2936/2453 3122/2994/2511 3126/2998/2515
f 3127/2999/2516 3128/3000/2517 3129/3001/2518
f 3127/2999/2516 3129/3001/2518 3130/3002/2519
f 3131/3003/2520 3132/3004/2521 3129/3001/2518
f 3131/3003/2520 3129/3001/2518 3128/3000/2517
f 3125/2997/2514 3124/2996/2513 3129/3001/2518
f 3125/2997/2514 3129/3001/2518 3132/3004/2521
f 3123/2995/2512 3130/3002/2519 3129/3001/2518
f 3123/2995/2512 3129/3001/2518 3124/2996/2513
f 2470/2356/1968 2473/2359/1971 3133/3005/2522
f 2470/2356/1968 3133/3005/2522 3134/3006/2523
f 2478/2364/1976 3135/3007/2524 3133/3005/2522
f 2478/2364/1976 3133/3005/2522 2473/2359/1971
f 3125/2997/2514 3132/3004/2521 3133/3005/2522
f 3125/2997/2514 3133/3005/2522 3135/3007/2524
f 3131/3003/2520 3134/3006/2523 3133/3005/2522
f 3131/3003/2520 3133/3005/2522 3132/3004/2521
f 2297/2187/1812 3067/2939/2456 3136/3008/2525
f 2297/2187/1812 3136/3008/2525 2512/2398/2010
f 3064/2936/2453 3126/2998/2515 3136/3008/2525
f 3064/2936/2453 3136/3008/2525 3067/2939/2456
f 3125/2997/2514 3135/3007/2524 3136/3008/2525
f 3125/2997/2514 3136/3008/2525 3126/2998/2515
f 2478/2364/1976 2512/2398/2010 3136/3008/2525
f 2478/2364/1976 3136/3008/2525 3135/3007/2524
f 2287/2177/1802 2469/2355/1802 3137/3009/2526
f 2287/2177/1802 3137/3009/2526 3077/2949/2466
f 2466/2352/1802 3138/3010/2526 3137/3009/2526
f 2466/2352/1802 3137/3009/2526 2469/2355/1802
f 3139/3011/2527 3140/3012/2527 3137/3009/2526
f 3139/3011/2527 3137/3009/2526 3138/3010/2526
f 3079/2951/2468 3077/2949/2466 3137/3009/2526
f 3079/2951/2468 3137/3009/2526 3140/3012/2527
f 2462/2348/1966 3141/3013/2528 3142/3014/2529
f 2462/2348/1966 3142/3014/2529 2463/2349/1966
f 3143/3015/2530 3144/3016/2531 3142/3014/2529
f 3143/3015/2530 3142/3014/2529 3141/3013/2528
f 3139/3011/2527 3138/3010/2526 3142/3014/2529
f 3139/3011/2527 3142/3014/2529 3144/3016/2531
f 2466/2352/1802 2463/2349/1966 3142/3014/2529
f 2466/2352/1802 3142/3014/2529 3138/3010/2526
f 3127/2999/2516 3130/3002/2519 3145/3017/2532
f 3127/2999/2516 3145/3017/2532 3146/3018/2533
f 3123/2995/2512 3147/3019/2534 3145/3017/2532
f 3123/2995/2512 3145/3017/2532 3130/3002/2519
f 3139/3011/2527 3144/3016/2531 3145/3017/2532
f 3139/3011/2527 3145/3017/2532 3147/3019/2534
f 3143/3015/2530 3146/3018/2533 3145/3017/2532
f 3143/3015/2530 3145/3017/2532 3144/3016/2531
f 3060/2932/2449 3082/2954/2471 3148/3020/2535
f 3060/2932/2449 3148/3020/2535 3121/2993/2510
f 3079/2951/2468 3140/3012/2527 3148/3020/2535
f 3079/2951/2468 3148/3020/2535 3082/2954/2471
f 3139/3011/2527 3147/3019/2534 3148/3020/2535
f 3139/3011/2527 3148/3020/2535 3140/3012/2527
f 3123/2995/2512 3121/2993/2510 3148/3020/2535
f 3123/2995/2512 3148/3020/2535 3147/3019/2534
f 3149/3021/2536 3150/3022/2537 3151/3023/2538
f 3149/3021/2536 3151/3023/2538 3152/3024/2539
f 3153/3025/2540 3154/3026/2541 3151/3023/2538
f 3153/3025/2540 3151/3023/2538 3150/3022/2537
f 3155/3027/2542 3156/3028/2543 3151/3023/2538
f 3155/3027/2542 3151/3023/2538 3154/3026/2541
f 3157/3029/2544 3152/3024/2539 3151/3023/2538
f 3157/3029/2544 3151/3023/2538 3156/3028/2543
f 3086/2958/2475 3089/2961/2478 3158/3030/2545
f 3086/2958/2475 3158/3030/2545 3159/3031/2546
f 3094/2966/2483 3160/3032/2547 3158/3030/2545
f 3094/2966/2483 3158/3030/2545 3089/2961/2478
f 3155/3027/2542 3154/3026/2541 3158/3030/2545
f 3155/3027/2542 3158/3030/2545 3160/3032/2547
f 3153/3025/2540 3159/3031/2546 3158/3030/2545
f 3153/3025/2540 3158/3030/2545 3154/3026/2541
f 2237/2127/1752 2427/2313/1941 3161/3033/2548
f 2237/2127/1752 3161/3033/2548 3104/2976/2493
f 2424/2310/1938 3162/3034/2549 3161/3033/2548
f 2424/2310/1938 3161/3033/2548 2427/2313/1941
f 3155/3027/2542 3160/3032/2547 3161/3033/2548
f 3155/3027/2542 3161/3033/2548 3162/3034/2549
f 3094/2966/2483 3104/2976/2493 3161/3033/2548
f 3094/2966/2483 3161/3033/2548 3160/3032/2547
f 2420/2306/1934 3163/3035/2550 3164/3036/2551
f 2420/2306/1934 3164/3036/2551 2421/2307/1935
f 3157/3029/2544 3156/3028/2543 3164/3036/2551
f 3157/3029/2544 3164/3036/2551 3163/3035/2550
f 3155/3027/2542 3162/3034/2549 3164/3036/2551
f 3155/3027/2542 3164/3036/2551 3156/3028/2543
f 2424/2310/1938 2421/2307/1935 3164/3036/2551
f 2424/2310/1938 3164/3036/2551 3162/3034/2549
f 2456/2342/1965 2459/2345/1796 3165/3037/2552
f 2456/2342/1965 3165/3037/2552 3166/3038/2553
f 2452/2338/1796 3167/3039/2552 3165/3037/2552
f 2452/2338/1796 3165/3037/2552 2459/2345/1796
f 3168/3040/2554 3169/3041/2555 3165/3037/2552
f 3168/3040/2554 3165/3037/2552 3167/3039/2552
f 3170/3042/2556 3166/3038/2553 3165/3037/2552
f 3170/3042/2556 3165/3037/2552 3169/3041/2555
f 2281/2171/1796 3107/2979/2496 3171/3043/2496
f 2281/2171/1796 3171/3043/2496 2450/2336/1796
f 3111/2983/2500 3172/3044/2500 3171/3043/2496
f 3111/2983/2500 3171/3043/2496 3107/2979/2496
f 3168/3040/2554 3167/3039/2552 3171/3043/2496
f 3168/3040/2554 3171/3043/2496 3172/3044/2500
f 2452/2338/1796 2450/2336/1796 3171/3043/2496
f 2452/2338/1796 3171/3043/2496 3167/3039/2552
f 3086/2958/2475 3159/3031/2546 3173/3045/2557
f 3086/2958/2475 3173/3045/2557 3119/2991/2508
f 3153/3025/2540 3174/3046/2558 3173/3045/2557
f 3153/3025/2540 3173/3045/2557 3159/3031/2546
f 3168/3040/2554 3172/3044/2500 3173/3045/2557
f 3168/3040/2554 3173/3045/2557 3174/3046/2558
f 3111/2983/2500 3119/2991/2508 3173/3045/2557
f 3111/2983/2500 3173/3045/2557 3172/3044/2500
f 3149/3021/2536 3175/3047/2559 3176/3048/2560
f 3149/3021/2536 3176/3048/2560 3150/3022/2537
f 3170/3042/2556 3169/3041/2555 3176/3048/2560
f 3170/3042/2556 3176/3048/2560 3175/3047/2559
f 3168/3040/2554 3174/3046/2558 3176/3048/2560
f 3168/3040/2554 3176/3048/2560 3169/3041/2555
f 3153/3025/2540 3150/3022/2537 3176/3048/2560
f 3153/3025/2540 3176/3048/2560 3174/3046/2558
f 3127/2999/2516 3177/3049/2561 3178/3050/2562
f 3127/2999/2516 3178/3050/2562 3128/3000/2517
f 3179/3051/2563 3180/3052/2564 3178/3050/2562
f 3179/3051/2563 3178/3050/2562 3177/3049/2561
f 3181/3053/2565 3182/3054/2566 3178/3050/2562
f 3181/3053/2565 3178/3050/2562 3180/3052/2564
f 3131/3003/2520 3128/3000/2517 3178/3050/2562
f 3131/3003/2520 3178/3050/2562 3182/3054/2566
f 3183/3055/2567 3184/3056/2568 3185/3057/2569
f 3183/3055/2567 3185/3057/2569 3186/3058/2570
f 3187/3059/2571 3188/3060/2572 3185/3057/2569
f 3187/3059/2571 3185/3057/2569 3184/3056/2568
f 3181/3053/2565 3180/3052/2564 3185/3057/2569
f 3181/3053/2565 3185/3057/2569 3188/3060/2572
f 3179/3051/2563 3186/3058/2570 3185/3057/2569
f 3179/3051/2563 3185/3057/2569 3180/3052/2564
f 2638/2520/2104 2641/2523/2107 3189/3061/2573
f 2638/2520/2104 3189/3061/2573 3190/3062/2574
f 2646/2528/2112 3191/3063/2575 3189/3061/2573
f 2646/2528/2112 3189/3061/2573 2641/2523/2107
f 3181/3053/2565 3188/3060/2572 3189/3061/2573
f 3181/3053/2565 3189/3061/2573 3191/3063/2575
f 3187/3059/2571 3190/3062/2574 3189/3061/2573
f 3187/3059/2571 3189/3061/2573 3188/3060/2572
f 2470/2356/1968 3134/3006/2523 3192/3064/2576
f 2470/2356/1968 3192/3064/2576 2680/2562/2146
f 3131/3003/2520 3182/3054/2566 3192/3064/2576
f 3131/3003/2520 3192/3064/2576 3134/3006/2523
f 3181/3053/2565 3191/3063/2575 3192/3064/2576
f 3181/3053/2565 3192/3064/2576 3182/3054/2566
f 2646/2528/2112 2680/2562/2146 3192/3064/2576
f 2646/2528/2112 3192/3064/2576 3191/3063/2575
f 2462/2348/1966 2637/2519/1966 3193/3065/2528
f 2462/2348/1966 3193/3065/2528 3141/3013/2528
f 2634/2516/2103 3194/3066/2577 3193/3065/2528
f 2634/2516/2103 3193/3065/2528 2637/2519/1966
f 3195/3067/2578 3196/3068/2579 3193/3065/2528
f 3195/3067/2578 3193/3065/2528 3194/3066/2577
f 3143/3015/2530 3141/3013/2528 3193/3065/2528
f 3143/3015/2530 3193/3065/2528 3196/3068/2579
f 2630/2512/2102 3197/3069/2580 3198/3070/2580
f 2630/2512/2102 3198/3070/2580 2631/2513/2103
f 3199/3071/2581 3200/3072/2582 3198/3070/2580
f 3199/3071/2581 3198/3070/2580 3197/3069/2580
f 3195/3067/2578 3194/3066/2577 3198/3070/2580
f 3195/3067/2578 3198/3070/2580 3200/3072/2582
f 2634/2516/2103 2631/2513/2103 3198/3070/2580
f 2634/2516/2103 3198/3070/2580 3194/3066/2577
f 3183/3055/2567 3186/3058/2570 3201/3073/2583
f 3183/3055/2567 3201/3073/2583 3202/3074/2584
f 3179/3051/2563 3203/3075/2585 3201/3073/2583
f 3179/3051/2563 3201/3073/2583 3186/3058/2570
f 3195/3067/2578 3200/3072/2582 3201/3073/2583
f 3195/3067/2578 3201/3073/2583 3203/3075/2585
f 3199/3071/2581 3202/3074/2584 3201/3073/2583
f 3199/3071/2581 3201/3073/2583 3200/3072/2582
f 3127/2999/2516 3146/3018/2533 3204/3076/2586
f 3127/2999/2516 3204/3076/2586 3177/3049/2561
f 3143/3015/2530 3196/3068/2579 3204/3076/2586
f 3143/3015/2530 3204/3076/2586 3146/3018/2533
f 3195/3067/2578 3203/3075/2585 3204/3076/2586
f 3195/3067/2578 3204/3076/2586 3196/3068/2579
f 3179/3051/2563 3177/3049/2561 3204/3076/2586
f 3179/3051/2563 3204/3076/2586 3203/3075/2585
f 3205/3077/2587 3206/3078/2588 3207/3079/2589
f 3205/3077/2587 3207/3079/2589 3208/3080/2590
f 3209/3081/2591 3210/3082/2592 3207/3079/2589
f 3209/3081/2591 3207/3079/2589 3206/3078/2588
f 3211/3083/2593 3212/3084/2594 3207/3079/2589
f 3211/3083/2593 3207/3079/2589 3210/3082/2592
f 3213/3085/2595 3208/3080/2590 3207/3079/2589
f 3213/3085/2595 3207/3079/2589 3212/3084/2594
f 3149/3021/2536 3152/3024/2539 3214/3086/2596
f 3149/3021/2536 3214/3086/2596 3215/3087/2597
f 3157/3029/2544 3216/3088/2598 3214/3086/2596
f 3157/3029/2544 3214/3086/2596 3152/3024/2539
f 3211/3083/2593 3210/3082/2592 3214/3086/2596
f 3211/3083/2593 3214/3086/2596 3216/3088/2598
f 3209/3081/2591 3215/3087/2597 3214/3086/2596
f 3209/3081/2591 3214/3086/2596 3210/3082/2592
f 2420/2306/1934 2595/2477/2079 3217/3089/2599
f 2420/2306/1934 3217/3089/2599 3163/3035/2550
f 2592/2474/2076 3218/3090/2600 3217/3089/2599
f 2592/2474/2076 3217/3089/2599 2595/2477/2079
f 3211/3083/2593 3216/3088/2598 3217/3089/2599
f 3211/3083/2593 3217/3089/2599 3218/3090/2600
f 3157/3029/2544 3163/3035/2550 3217/3089/2599
f 3157/3029/2544 3217/3089/2599 3216/3088/2598
f 2588/2470/2072 3219/3091/2601 3220/3092/2602
f 2588/2470/2072 3220/3092/2602 2589/2471/2073
f 3213/3085/2595 3212/3084/2594 3220/3092/2602
f 3213/3085/2595 3220/3092/2602 3219/3091/2601
f 3211/3083/2593 3218/3090/2600 3220/3092/2602
f 3211/3083/2593 3220/3092/2602 3212/3084/2594
f 2592/2474/2076 2589/2471/2073 3220/3092/2602
f 2592/2474/2076 3220/3092/2602 3218/3090/2600
f 2624/2506/2101 2627/2509/2101 3221/3093/2603
f 2624/2506/2101 3221/3093/2603 3222/3094/2604
f 2620/2502/1965 3223/3095/2605 3221/3093/2603
f 2620/2502/1965 3221/3093/2603 2627/2509/2101
f 3224/3096/2606 3225/3097/2607 3221/3093/2603
f 3224/3096/2606 3221/3093/2603 3223/3095/2605
f 3226/3098/2608 3222/3094/2604 3221/3093/2603
f 3226/3098/2608 3221/3093/2603 3225/3097/2607
f 2456/2342/1965 3166/3038/2553 3227/3099/2605
f 2456/2342/1965 3227/3099/2605 2618/2500/1965
f 3170/3042/2556 3228/3100/2609 3227/3099/2605
f 3170/3042/2556 3227/3099/2605 3166/3038/2553
f 3224/3096/2606 3223/3095/2605 3227/3099/2605
f 3224/3096/2606 3227/3099/2605 3228/3100/2609
f 2620/2502/1965 2618/2500/1965 3227/3099/2605
f 2620/2502/1965 3227/3099/2605 3223/3095/2605
f 3149/3021/2536 3215/3087/2597 3229/3101/2610
f 3149/3021/2536 3229/3101/2610 3175/3047/2559
f 3209/3081/2591 3230/3102/2611 3229/3101/2610
f 3209/3081/2591 3229/3101/2610 3215/3087/2597
f 3224/3096/2606 3228/3100/2609 3229/3101/2610
f 3224/3096/2606 3229/3101/2610 3230/3102/2611
f 3170/3042/2556 3175/3047/2559 3229/3101/2610
f 3170/3042/2556 3229/3101/2610 3228/3100/2609
f 3205/3077/2587 3231/3103/2612 3232/3104/2613
f 3205/3077/2587 3232/3104/2613 3206/3078/2588
f 3226/3098/2608 3225/3097/2607 3232/3104/2613
f 3226/3098/2608 3232/3104/2613 3231/3103/2612
f 3224/3096/2606 3230/3102/2611 3232/3104/2613
f 3224/3096/2606 3232/3104/2613 3225/3097/2607
f 3209/3081/2591 3206/3078/2588 3232/3104/2613
f 3209/3081/2591 3232/3104/2613 3230/3102/2611
f 3183/3055/2567 3233/3105/2614 3234/3106/2615
f 3183/3055/2567 3234/3106/2615 3184/3056/2568
f 3235/3107/2616 3236/3108/2617 3234/3106/2615
f 3235/3107/2616 3234/3106/2615 3233/3105/2614
f 3237/3109/2618 3238/3110/2619 3234/3106/2615
f 3237/3109/2618 3234/3106/2615 3236/3108/2617
f 3187/3059/2571 3184/3056/2568 3234/3106/2615
f 3187/3059/2571 3234/3106/2615 3238/3110/2619
f 3239/3111/2620 3240/3112/2621 3241/3113/2622
f 3239/3111/2620 3241/3113/2622 3242/3114/2623
f 3243/3115/2624 3244/3116/2625 3241/3113/2622
f 3243/3115/2624 3241/3113/2622 3240/3112/2621
f 3237/3109/2618 3236/3108/2617 3241/3113/2622
f 3237/3109/2618 3241/3113/2622 3244/3116/2625
f 3235/3107/2616 3242/3114/2623 3241/3113/2622
f 3235/3107/2616 3241/3113/2622 3236/3108/2617
f 2806/2684/2219 2809/2687/2222 3245/3117/2626
f 2806/2684/2219 3245/3117/2626 3246/3118/2627
f 2814/2692/2226 3247/3119/2628 3245/3117/2626
f 2814/2692/2226 3245/3117/2626 2809/2687/2222
f 3237/3109/2618 3244/3116/2625 3245/3117/2626
f 3237/3109/2618 3245/3117/2626 3247/3119/2628
f 3243/3115/2624 3246/3118/2627 3245/3117/2626
f 3243/3115/2624 3245/3117/2626 3244/3116/2625
f 2638/2520/2104 3190/3062/2574 3248/3120/2629
f 2638/2520/2104 3248/3120/2629 2848/2726/2260
f 3187/3059/2571 3238/3110/2619 3248/3120/2629
f 3187/3059/2571 3248/3120/2629 3190/3062/2574
f 3237/3109/2618 3247/3119/2628 3248/3120/2629
f 3237/3109/2618 3248/3120/2629 3238/3110/2619
f 2814/2692/2226 2848/2726/2260 3248/3120/2629
f 2814/2692/2226 3248/3120/2629 3247/3119/2628
f 2630/2512/2102 2805/2683/2102 3249/3121/2630
f 2630/2512/2102 3249/3121/2630 3197/3069/2580
f 2802/2680/2102 3250/3122/2631 3249/3121/2630
f 2802/2680/2102 3249/3121/2630 2805/2683/2102
f 3251/3123/2632 3252/3124/2633 3249/3121/2630
f 3251/3123/2632 3249/3121/2630 3250/3122/2631
f 3199/3071/2581 3197/3069/2580 3249/3121/2630
f 3199/3071/2581 3249/3121/2630 3252/3124/2633
f 2798/2676/2217 3253/3125/2634 3254/3126/2631
f 2798/2676/2217 3254/3126/2631 2799/2677/2217
f 3255/3127/2635 3256/3128/2635 3254/3126/2631
f 3255/3127/2635 3254/3126/2631 3253/3125/2634
f 3251/3123/2632 3250/3122/2631 3254/3126/2631
f 3251/3123/2632 3254/3126/2631 3256/3128/2635
f 2802/2680/2102 2799/2677/2217 3254/3126/2631
f 2802/2680/2102 3254/3126/2631 3250/3122/2631
f 3239/3111/2620 3242/3114/2623 3257/3129/2636
f 3239/3111/2620 3257/3129/2636 3258/3130/2637
f 3235/3107/2616 3259/3131/2638 3257/3129/2636
f 3235/3107/2616 3257/3129/2636 3242/3114/2623
f 3251/3123/2632 3256/3128/2635 3257/3129/2636
f 3251/3123/2632 3257/3129/2636 3259/3131/2638
f 3255/3127/2635 3258/3130/2637 3257/3129/2636
f 3255/3127/2635 3257/3129/2636 3256/3128/2635
f 3183/3055/2567 3202/3074/2584 3260/3132/2639
f 3183/3055/2567 3260/3132/2639 3233/3105/2614
f 3199/3071/2581 3252/3124/2633 3260/3132/2639
f 3199/3071/2581 3260/3132/2639 3202/3074/2584
f 3251/3123/2632 3259/3131/2638 3260/3132/2639
f 3251/3123/2632 3260/3132/2639 3252/3124/2633
f 3235/3107/2616 3233/3105/2614 3260/3132/2639
f 3235/3107/2616 3260/3132/2639 3259/3131/2638
f 3261/3133/2640 3262/3134/2641 3263/3135/2642
f 3261/3133/2640 3263/3135/2642 3264/3136/2643
f 3265/3137/2644 3266/3138/2645 3263/3135/2642
f 3265/3137/2644 3263/3135/2642 3262/3134/2641
f 3267/3139/2646 3268/3140/2647 3263/3135/2642
f 3267/3139/2646 3263/3135/2642 3266/3138/2645
f 3269/3141/2648 3264/3136/2643 3263/3135/2642
f 3269/3141/2648 3263/3135/2642 3268/3140/2647
f 3205/3077/2587 3208/3080/2590 3270/3142/2649
f 3205/3077/2587 3270/3142/2649 3271/3143/2650
f 3213/3085/2595 3272/3144/2651 3270/3142/2649
f 3213/3085/2595 3270/3142/2649 3208/3080/2590
f 3267/3139/2646 3266/3138/2645 3270/3142/2649
f 3267/3139/2646 3270/3142/2649 3272/3144/2651
f 3265/3137/2644 3271/3143/2650 3270/3142/2649
f 3265/3137/2644 3270/3142/2649 3266/3138/2645
f 2588/2470/2072 2763/2641/2193 3273/3145/2652
f 2588/2470/2072 3273/3145/2652 3219/3091/2601
f 2760/2638/2190 3274/3146/2653 3273/3145/2652
f 2760/2638/2190 3273/3145/2652 2763/2641/2193
f 3267/3139/2646 3272/3144/2651 3273/3145/2652
f 3267/3139/2646 3273/3145/2652 3274/3146/2653
f 3213/3085/2595 3219/3091/2601 3273/3145/2652
f 3213/3085/2595 3273/3145/2652 3272/3144/2651
f 2756/2634/2186 3275/3147/2654 3276/3148/2655
f 2756/2634/2186 3276/3148/2655 2757/2635/2187
f 3269/3141/2648 3268/3140/2647 3276/3148/2655
f 3269/3141/2648 3276/3148/2655 3275/3147/2654
f 3267/3139/2646 3274/3146/2653 3276/3148/2655
f 3267/3139/2646 3276/3148/2655 3268/3140/2647
f 2760/2638/2190 2757/2635/2187 3276/3148/2655
f 2760/2638/2190 3276/3148/2655 3274/3146/2653
f 2792/2670/2216 2795/2673/2216 3277/3149/2656
f 2792/2670/2216 3277/3149/2656 3278/3150/2657
f 2788/2666/2216 3279/3151/2656 3277/3149/2656
f 2788/2666/2216 3277/3149/2656 2795/2673/2216
f 3280/3152/2658 3281/3153/2658 3277/3149/2656
f 3280/3152/2658 3277/3149/2656 3279/3151/2656
f 3282/3154/2659 3278/3150/2657 3277/3149/2656
f 3282/3154/2659 3277/3149/2656 3281/3153/2658
f 2624/2506/2101 3222/3094/2604 3283/3155/2604
f 2624/2506/2101 3283/3155/2604 2786/2664/2216
f 3226/3098/2608 3284/3156/2660 3283/3155/2604
f 3226/3098/2608 3283/3155/2604 3222/3094/2604
f 3280/3152/2658 3279/3151/2656 3283/3155/2604
f 3280/3152/2658 3283/3155/2604 3284/3156/2660
f 2788/2666/2216 2786/2664/2216 3283/3155/2604
f 2788/2666/2216 3283/3155/2604 3279/3151/2656
f 3205/3077/2587 3271/3143/2650 3285/3157/2661
f 3205/3077/2587 3285/3157/2661 3231/3103/2612
f 3265/3137/2644 3286/3158/2662 3285/3157/2661
f 3265/3137/2644 3285/3157/2661 3271/3143/2650
f 3280/3152/2658 3284/3156/2660 3285/3157/2661
f 3280/3152/2658 3285/3157/2661 3286/3158/2662
f 3226/3098/2608 3231/3103/2612 3285/3157/2661
f 3226/3098/2608 3285/3157/2661 3284/3156/2660
f 3261/3133/2640 3287/3159/2663 3288/3160/2664
f 3261/3133/2640 3288/3160/2664 3262/3134/2641
f 3282/3154/2659 3281/3153/2658 3288/3160/2664
f 3282/3154/2659 3288/3160/2664 3287/3159/2663
f 3280/3152/2658 3286/3158/2662 3288/3160/2664
f 3280/3152/2658 3288/3160/2664 3281/3153/2658
f 3265/3137/2644 3262/3134/2641 3288/3160/2664
f 3265/3137/2644 3288/3160/2664 3286/3158/2662
f 3239/3111/2620 3289/3161/2665 3290/3162/2666
f 3239/3111/2620 3290/3162/2666 3240/3112/2621
f 3291/3163/2667 3292/3164/2668 3290/3162/2666
f 3291/3163/2667 3290/3162/2666 3289/3161/2665
f 3293/3165/2669 3294/3166/2670 3290/3162/2666
f 3293/3165/2669 3290/3162/2666 3292/3164/2668
f 3243/3115/2624 3240/3112/2621 3290/3162/2666
f 3243/3115/2624 3290/3162/2666 3294/3166/2670
f 3295/3167/2671 3296/3168/2672 3297/3169/2673
f 3295/3167/2671 3297/3169/2673 3298/3170/2674
f 3299/3171/2675 3300/3172/2676 3297/3169/2673
f 3299/3171/2675 3297/3169/2673 3296/3168/2672
f 3293/3165/2669 3292/3164/2668 3297/3169/2673
f 3293/3165/2669 3297/3169/2673 3300/3172/2676
f 3291/3163/2667 3298/3170/2674 3297/3169/2673
f 3291/3163/2667 3297/3169/2673 3292/3164/2668
f 2974/2848/2364 2977/2851/2367 3301/3173/2677
f 2974/2848/2364 3301/3173/2677 3302/3174/2678
f 2982/2856/2372 3303/3175/2679 3301/3173/2677
f 2982/2856/2372 3301/3173/2677 2977/2851/2367
f 3293/3165/2669 3300/3172/2676 3301/3173/2677
f 3293/3165/2669 3301/3173/2677 3303/3175/2679
f 3299/3171/2675 3302/3174/2678 3301/3173/2677
f 3299/3171/2675 3301/3173/2677 3300/3172/2676
f 2806/2684/2219 3246/3118/2627 3304/3176/2680
f 2806/2684/2219 3304/3176/2680 3016/2890/2406
f 3243/3115/2624 3294/3166/2670 3304/3176/2680
f 3243/3115/2624 3304/3176/2680 3246/3118/2627
f 3293/3165/2669 3303/3175/2679 3304/3176/2680
f 3293/3165/2669 3304/3176/2680 3294/3166/2670
f 2982/2856/2372 3016/2890/2406 3304/3176/2680
f 2982/2856/2372 3304/3176/2680 3303/3175/2679
f 2798/2676/2217 2973/2847/2363 3305/3177/2681
f 2798/2676/2217 3305/3177/2681 3253/3125/2634
f 2970/2844/2360 3306/3178/2682 3305/3177/2681
f 2970/2844/2360 3305/3177/2681 2973/2847/2363
f 3307/3179/2683 3308/3180/2684 3305/3177/2681
f 3307/3179/2683 3305/3177/2681 3306/3178/2682
f 3255/3127/2635 3253/3125/2634 3305/3177/2681
f 3255/3127/2635 3305/3177/2681 3308/3180/2684
f 2966/2840/2356 3309/3181/2685 3310/3182/2686
f 2966/2840/2356 3310/3182/2686 2967/2841/2357
f 3311/3183/2687 3312/3184/2688 3310/3182/2686
f 3311/3183/2687 3310/3182/2686 3309/3181/2685
f 3307/3179/2683 3306/3178/2682 3310/3182/2686
f 3307/3179/2683 3310/3182/2686 3312/3184/2688
f 2970/2844/2360 2967/2841/2357 3310/3182/2686
f 2970/2844/2360 3310/3182/2686 3306/3178/2682
f 3295/3167/2671 3298/3170/2674 3313/3185/2689
f 3295/3167/2671 3313/3185/2689 3314/3186/2690
f 3291/3163/2667 3315/3187/2691 3313/3185/2689
f 3291/3163/2667 3313/3185/2689 3298/3170/2674
f 3307/3179/2683 3312/3184/2688 3313/3185/2689
f 3307/3179/2683 3313/3185/2689 3315/3187/2691
f 3311/3183/2687 3314/3186/2690 3313/3185/2689
f 3311/3183/2687 3313/3185/2689 3312/3184/2688
f 3239/3111/2620 3258/3130/2637 3316/3188/2692
f 3239/3111/2620 3316/3188/2692 3289/3161/2665
f 3255/3127/2635 3308/3180/2684 3316/3188/2692
f 3255/3127/2635 3316/3188/2692 3258/3130/2637
f 3307/3179/2683 3315/3187/2691 3316/3188/2692
f 3307/3179/2683 3316/3188/2692 3308/3180/2684
f 3291/3163/2667 3289/3161/2665 3316/3188/2692
f 3291/3163/2667 3316/3188/2692 3315/3187/2691
f 3317/3189/2693 3318/3190/2694 3319/3191/2695
f 3317/3189/2693 3319/3191/2695 3320/3192/2696
f 3321/3193/2697 3322/3194/2698 3319/3191/2695
f 3321/3193/2697 3319/3191/2695 3318/3190/2694
f 3323/3195/2699 3324/3196/2700 3319/3191/2695
f 3323/3195/2699 3319/3191/2695 3322/3194/2698
f 3325/3197/2701 3320/3192/2696 3319/3191/2695
f 3325/3197/2701 3319/3191/2695 3324/3196/2700
f 3261/3133/2640 3264/3136/2643 3326/3198/2702
f 3261/3133/2640 3326/3198/2702 3327/3199/2703
f 3269/3141/2648 3328/3200/2704 3326/3198/2702
f 3269/3141/2648 3326/3198/2702 3264/3136/2643
f 3323/3195/2699 3322/3194/2698 3326/3198/2702
f 3323/3195/2699 3326/3198/2702 3328/3200/2704
f 3321/3193/2697 3327/3199/2703 3326/3198/2702
f 3321/3193/2697 3326/3198/2702 3322/3194/2698
f 2756/2634/2186 2931/2805/2321 3329/3201/2705
f 2756/2634/2186 3329/3201/2705 3275/3147/2654
f 2928/2802/2318 3330/3202/2706 3329/3201/2705
f 2928/2802/2318 3329/3201/2705 2931/2805/2321
f 3323/3195/2699 3328/3200/2704 3329/3201/2705
f 3323/3195/2699 3329/3201/2705 3330/3202/2706
f 3269/3141/2648 3275/3147/2654 3329/3201/2705
f 3269/3141/2648 3329/3201/2705 3328/3200/2704
f 2924/2798/2314 3331/3203/2707 3332/3204/2708
f 2924/2798/2314 3332/3204/2708 2925/2799/2315
f 3325/3197/2701 3324/3196/2700 3332/3204/2708
f 3325/3197/2701 3332/3204/2708 3331/3203/2707
f 3323/3195/2699 3330/3202/2706 3332/3204/2708
f 3323/3195/2699 3332/3204/2708 3324/3196/2700
f 2928/2802/2318 2925/2799/2315 3332/3204/2708
f 2928/2802/2318 3332/3204/2708 3330/3202/2706
f 2960/2834/2350 2963/2837/2353 3333/3205/2709
f 2960/2834/2350 3333/3205/2709 3334/3206/2710
f 2956/2830/2346 3335/3207/2711 3333/3205/2709
f 2956/2830/2346 3333/3205/2709 2963/2837/2353
f 3336/3208/2712 3337/3209/2713 3333/3205/2709
f 3336/3208/2712 3333/3205/2709 3335/3207/2711
f 3338/3210/2714 3334/3206/2710 3333/3205/2709
f 3338/3210/2714 3333/3205/2709 3337/3209/2713
f 2792/2670/2216 3278/3150/2657 3339/3211/2715
f 2792/2670/2216 3339/3211/2715 2954/2828/2344
f 3282/3154/2659 3340/3212/2716 3339/3211/2715
f 3282/3154/2659 3339/3211/2715 3278/3150/2657
f 3336/3208/2712 3335/3207/2711 3339/3211/2715
f 3336/3208/2712 3339/3211/2715 3340/3212/2716
f 2956/2830/2346 2954/2828/2344 3339/3211/2715
f 2956/2830/2346 3339/3211/2715 3335/3207/2711
f 3261/3133/2640 3327/3199/2703 3341/3213/2717
f 3261/3133/2640 3341/3213/2717 3287/3159/2663
f 3321/3193/2697 3342/3214/2718 3341/3213/2717
f 3321/3193/2697 3341/3213/2717 3327/3199/2703
f 3336/3208/2712 3340/3212/2716 3341/3213/2717
f 3336/3208/2712 3341/3213/2717 3342/3214/2718
f 3282/3154/2659 3287/3159/2663 3341/3213/2717
f 3282/3154/2659 3341/3213/2717 3340/3212/2716
f 3317/3189/2693 3343/3215/2719 3344/3216/2720
f 3317/3189/2693 3344/3216/2720 3318/3190/2694
f 3338/3210/2714 3337/3209/2713 3344/3216/2720
f 3338/3210/2714 3344/3216/2720 3343/3215/2719
f 3336/3208/2712 3342/3214/2718 3344/3216/2720
f 3336/3208/2712 3344/3216/2720 3337/3209/2713
f 3321/3193/2697 3318/3190/2694 3344/3216/2720
f 3321/3193/2697 3344/3216/2720 3342/3214/2718
f 3345/3217/2721 3346/3218/2722 3347/3219/2723
f 3345/3217/2721 3347/3219/2723 3348/3220/2724
f 3349/3221/2725 3350/3222/2726 3347/3219/2723
f 3349/3221/2725 3347/3219/2723 3346/3218/2722
f 3351/3223/2727 3352/3224/2728 3347/3219/2723
f 3351/3223/2727 3347/3219/2723 3350/3222/2726
f 3353/3225/2729 3348/3220/2724 3347/3219/2723
f 3353/3225/2729 3347/3219/2723 3352/3224/2728
f 2255/2145/1770 2258/2148/1773 3354/3226/2730
f 2255/2145/1770 3354/3226/2730 3355/3227/2731
f 2253/2143/1768 3356/3228/2732 3354/3226/2730
f 2253/2143/1768 3354/3226/2730 2258/2148/1773
f 3351/3223/2727 3350/3222/2726 3354/3226/2730
f 3351/3223/2727 3354/3226/2730 3356/3228/2732
f 3349/3221/2725 3355/3227/2731 3354/3226/2730
f 3349/3221/2725 3354/3226/2730 3350/3222/2726
f 2249/2139/1764 3357/3229/2733 3358/3230/2734
f 2249/2139/1764 3358/3230/2734 2250/2140/1765
f 3359/3231/2735 3360/3232/2736 3358/3230/2734
f 3359/3231/2735 3358/3230/2734 3357/3229/2733
f 3351/3223/2727 3356/3228/2732 3358/3230/2734
f 3351/3223/2727 3358/3230/2734 3360/3232/2736
f 2253/2143/1768 2250/2140/1765 3358/3230/2734
f 2253/2143/1768 3358/3230/2734 3356/3228/2732
f 3361/3233/2737 3362/3234/2738 3363/3235/2739
f 3361/3233/2737 3363/3235/2739 3364/3236/2740
f 3365/3237/2741 3366/3238/2742 3363/3235/2739
f 3365/3237/2741 3363/3235/2739 3362/3234/2738
f 3351/3223/2727 3360/3232/2736 3363/3235/2739
f 3351/3223/2727 3363/3235/2739 3366/3238/2742
f 3359/3231/2735 3364/3236/2740 3363/3235/2739
f 3359/3231/2735 3363/3235/2739 3360/3232/2736
f 3367/3239/2743 3368/3239/2744 3369/3240/2745
f 3367/3239/2743 3369/3240/2745 3370/3241/2746
f 3371/1149/2747 3372/3242/2748 3373/3243/2749
f 3351/3223/2727 3366/3238/2742 3369/3240/2745
f 3351/3223/2727 3369/3240/2745 3374/3244/2748
f 3365/3237/2741 3370/3241/2746 3369/3240/2745
f 3365/3237/2741 3369/3240/2745 3366/3238/2742
f 3375/3239/2750 3376/3245/2751 3377/3246/2752
f 3353/3225/2729 3352/3224/2728 3377/3246/2752
f 3353/3225/2729 3377/3246/2752 3376/3245/2751
f 3351/3223/2727 3374/3244/2748 3377/3246/2752
f 3351/3223/2727 3377/3246/2752 3352/3224/2728
f 3378/3239/2753 3377/3246/2752 3374/3244/2748
f 2211/2104/1726 2214/2107/1729 3379/3247/2754
f 2211/2104/1726 3379/3247/2754 3380/3248/2755
f 2209/2102/1724 3381/3249/2756 3379/3247/2754
f 2209/2102/1724 3379/3247/2754 2214/2107/1729
f 3382/3250/1711 3383/3251/2757 3379/3247/2754
f 3382/3250/1711 3379/3247/2754 3381/3249/2756
f 3384/3252/2758 3380/3248/2755 3379/3247/2754
f 3384/3252/2758 3379/3247/2754 3383/3251/2757
f 2205/2098/1720 2262/2152/1777 3385/3253/2759
f 2205/2098/1720 3385/3253/2759 2206/2099/1721
f 2259/2149/1774 3386/3254/2760 3385/3253/2759
f 2259/2149/1774 3385/3253/2759 2262/2152/1777
f 3382/3250/1711 3381/3249/2756 3385/3253/2759
f 3382/3250/1711 3385/3253/2759 3386/3254/2760
f 2209/2102/1724 2206/2099/1721 3385/3253/2759
f 2209/2102/1724 3385/3253/2759 3381/3249/2756
f 2255/2145/1770 3355/3227/2731 3387/3255/2761
f 2255/2145/1770 3387/3255/2761 2256/2146/1771
f 3349/3221/2725 3388/3256/2762 3387/3255/2761
f 3349/3221/2725 3387/3255/2761 3355/3227/2731
f 3382/3250/1711 3386/3254/2760 3387/3255/2761
f 3382/3250/1711 3387/3255/2761 3388/3256/2762
f 2259/2149/1774 2256/2146/1771 3387/3255/2761
f 2259/2149/1774 3387/3255/2761 3386/3254/2760
f 3345/3217/2721 3389/3257/1727 3390/3258/2763
f 3345/3217/2721 3390/3258/2763 3346/3218/2722
f 3391/3259/2764 3392/3260/2765 3390/3258/2763
f 3391/3259/2764 3390/3258/2763 3389/3257/1727
f 3382/3250/1711 3388/3256/2762 3390/3258/2763
f 3382/3250/1711 3390/3258/2763 3392/3260/2765
f 3349/3221/2725 3346/3218/2722 3390/3258/2763
f 3349/3221/2725 3390/3258/2763 3388/3256/2762
f 3393/3261/2766 3394/3261/2767 3395/3262/2768
f 3393/3261/2766 3395/3262/2768 3396/3263/2769
f 3397/3261/2770 3398/3264/2771 3395/3262/2768
f 3382/3250/1711 3392/3260/2765 3395/3262/2768
f 3382/3250/1711 3395/3262/2768 3398/3264/2771
f 3391/3259/2764 3396/3263/2769 3395/3262/2768
f 3391/3259/2764 3395/3262/2768 3392/3260/2765
f 3399/3261/2772 3400/3265/2773 3401/3266/2774
f 3384/3252/2758 3383/3251/2757 3401/3266/2774
f 3384/3252/2758 3401/3266/2774 3400/3265/2773
f 3382/3250/1711 3398/3264/2771 3401/3266/2774
f 3382/3250/1711 3401/3266/2774 3383/3251/2757
f 3397/3261/2770 3401/3266/2774 3398/3264/2771
f 2268/2158/1783 3402/3267/2775 3403/3268/2776
f 2268/2158/1783 3403/3268/2776 2269/2159/1784
f 3404/3269/2777 3405/3270/2778 3403/3268/2776
f 3404/3269/2777 3403/3268/2776 3402/3267/2775
f 3406/3271/2779 3407/3272/2780 3403/3268/2776
f 3406/3271/2779 3403/3268/2776 3405/3270/2778
f 2236/2126/1751 2269/2159/1784 3403/3268/2776
f 2236/2126/1751 3403/3268/2776 3407/3272/2780
f 3408/3273/2781 3409/3274/2782 3410/3275/2783
f 3408/3273/2781 3410/3275/2783 3411/3276/2784
f 3412/3277/2785 3413/3278/2786 3410/3275/2783
f 3412/3277/2785 3410/3275/2783 3409/3274/2782
f 3406/3271/2779 3405/3270/2778 3410/3275/2783
f 3406/3271/2779 3410/3275/2783 3413/3278/2786
f 3404/3269/2777 3411/3276/2784 3410/3275/2783
f 3404/3269/2777 3410/3275/2783 3405/3270/2778
f 3414/3279/2787 3415/3280/2788 3416/3281/2789
f 3417/3279/2790 3418/3282/2791 3415/3280/2788
f 3406/3271/2779 3413/3278/2786 3415/3280/2788
f 3406/3271/2779 3415/3280/2788 3418/3282/2791
f 3412/3277/2785 3416/3281/2789 3415/3280/2788
f 3412/3277/2785 3415/3280/2788 3413/3278/2786
f 3419/3279/2792 3420/3283/2793 3421/3284/2794
f 3422/3285/2795 3423/3286/2796 3421/3284/2794
f 3422/3285/2795 3421/3284/2794 3420/3283/2793
f 3406/3271/2779 3418/3282/2791 3421/3284/2794
f 3406/3271/2779 3421/3284/2794 3423/3286/2796
f 3424/1204/2797 3425/3287/2794 3426/3288/2798
f 3427/3289/2799 3428/3290/2800 3429/3291/2801
f 3427/3289/2799 3429/3291/2801 3430/3292/2802
f 3431/3293/2803 3432/3294/2804 3429/3291/2801
f 3431/3293/2803 3429/3291/2801 3428/3290/2800
f 3406/3271/2779 3423/3286/2796 3429/3291/2801
f 3406/3271/2779 3429/3291/2801 3432/3294/2804
f 3422/3285/2795 3430/3292/2802 3429/3291/2801
f 3422/3285/2795 3429/3291/2801 3423/3286/2796
f 2228/2118/1743 2231/2121/1746 3433/3295/2805
f 2228/2118/1743 3433/3295/2805 3434/3296/2806
f 2236/2126/1751 3407/3272/2780 3433/3295/2805
f 2236/2126/1751 3433/3295/2805 2231/2121/1746
f 3406/3271/2779 3432/3294/2804 3433/3295/2805
f 3406/3271/2779 3433/3295/2805 3407/3272/2780
f 3431/3293/2803 3434/3296/2806 3433/3295/2805
f 3431/3293/2803 3433/3295/2805 3432/3294/2804
f 2199/2092/1714 2202/2095/1717 3435/3297/2807
f 2199/2092/1714 3435/3297/2807 2264/2154/1779
f 2194/2087/1709 3436/3298/2808 3435/3297/2807
f 2194/2087/1709 3435/3297/2807 2202/2095/1717
f 3437/3299/2809 3438/3300/2810 3435/3297/2807
f 3437/3299/2809 3435/3297/2807 3436/3298/2808
f 2266/2156/1781 2264/2154/1779 3435/3297/2807
f 2266/2156/1781 3435/3297/2807 3438/3300/2810
f 2190/2083/1705 3439/3301/2811 3440/3302/2812
f 2190/2083/1705 3440/3302/2812 2191/2084/1706
f 3441/3303/2813 3442/3304/2814 3440/3302/2812
f 3441/3303/2813 3440/3302/2812 3439/3301/2811
f 3437/3299/2809 3436/3298/2808 3440/3302/2812
f 3437/3299/2809 3440/3302/2812 3442/3304/2814
f 2194/2087/1709 2191/2084/1706 3440/3302/2812
f 2194/2087/1709 3440/3302/2812 3436/3298/2808
f 3443/3305/2815 3444/3306/2816 3445/3307/2817
f 3446/3305/2818 3447/3308/2819 3444/3306/2816
f 3437/3299/2809 3442/3304/2814 3444/3306/2816
f 3437/3299/2809 3444/3306/2816 3447/3308/2819
f 3441/3303/2813 3445/3307/2817 3444/3306/2816
f 3441/3303/2813 3444/3306/2816 3442/3304/2814
f 3448/3305/2820 3449/3309/2821 3450/3310/2822
f 3448/3305/2820 3450/3310/2822 3451/3305/2823
f 3452/3311/2824 3453/3312/2825 3450/3310/2822
f 3452/3311/2824 3450/3310/2822 3449/3309/2821
f 3437/3299/2809 3447/3308/2819 3450/3310/2822
f 3437/3299/2809 3450/3310/2822 3453/3312/2825
f 3454/1226/2818 3455/3313/2826 3456/3314/2819
f 3408/3273/2781 3411/3276/2784 3457/3315/2827
f 3408/3273/2781 3457/3315/2827 3458/3316/2828
f 3404/3269/2777 3459/3317/2829 3457/3315/2827
f 3404/3269/2777 3457/3315/2827 3411/3276/2784
f 3437/3299/2809 3453/3312/2825 3457/3315/2827
f 3437/3299/2809 3457/3315/2827 3459/3317/2829
f 3452/3311/2824 3458/3316/2828 3457/3315/2827
f 3452/3311/2824 3457/3315/2827 3453/3312/2825
f 2268/2158/1783 2271/2161/1786 3460/3318/2830
f 2268/2158/1783 3460/3318/2830 3402/3267/2775
f 2266/2156/1781 3438/3300/2810 3460/3318/2830
f 2266/2156/1781 3460/3318/2830 2271/2161/1786
f 3437/3299/2809 3459/3317/2829 3460/3318/2830
f 3437/3299/2809 3460/3318/2830 3438/3300/2810
f 3404/3269/2777 3402/3267/2775 3460/3318/2830
f 3404/3269/2777 3460/3318/2830 3459/3317/2829
f 3461/3319/1891 3462/3320/2831 3463/3321/2832
f 3461/3319/1891 3463/3321/2832 3464/3322/1894
f 3465/3323/2833 3466/3324/2834 3463/3321/2832
f 3465/3323/2833 3463/3321/2832 3462/3320/2831
f 3467/3325/2835 3468/3326/2836 3463/3321/2832
f 3467/3325/2835 3463/3321/2832 3466/3324/2834
f 3469/3327/2837 3464/3322/1894 3463/3321/2832
f 3469/3327/2837 3463/3321/2832 3468/3326/2836
f 2433/2319/1947 2436/2322/1950 3470/3328/2838
f 2433/2319/1947 3470/3328/2838 3471/3329/2839
f 2431/2317/1945 3472/3330/2840 3470/3328/2838
f 2431/2317/1945 3470/3328/2838 2436/2322/1950
f 3467/3325/2835 3466/3324/2834 3470/3328/2838
f 3467/3325/2835 3470/3328/2838 3472/3330/2840
f 3465/3323/2833 3471/3329/2839 3470/3328/2838
f 3465/3323/2833 3470/3328/2838 3466/3324/2834
f 2228/2118/1743 3434/3296/2806 3473/3331/2841
f 2228/2118/1743 3473/3331/2841 2429/2315/1943
f 3431/3293/2803 3474/3332/2842 3473/3331/2841
f 3431/3293/2803 3473/3331/2841 3434/3296/2806
f 3467/3325/2835 3472/3330/2840 3473/3331/2841
f 3467/3325/2835 3473/3331/2841 3474/3332/2842
f 2431/2317/1945 2429/2315/1943 3473/3331/2841
f 2431/2317/1945 3473/3331/2841 3472/3330/2840
f 3427/3289/2799 3475/3333/2843 3476/3334/2844
f 3427/3289/2799 3476/3334/2844 3428/3290/2800
f 3477/3335/2845 3478/3336/2846 3476/3334/2844
f 3477/3335/2845 3476/3334/2844 3475/3333/2843
f 3467/3325/2835 3474/3332/2842 3476/3334/2844
f 3467/3325/2835 3476/3334/2844 3478/3336/2846
f 3431/3293/2803 3428/3290/2800 3476/3334/2844
f 3431/3293/2803 3476/3334/2844 3474/3332/2842
f 3479/3337/1917 3480/3338/2847 3481/3339/2848
f 3482/3337/1920 3483/3340/2849 3480/3338/2847
f 3467/3325/2835 3478/3336/2846 3480/3338/2847
f 3467/3325/2835 3480/3338/2847 3483/3340/2849
f 3477/3335/2845 3481/3339/2848 3480/3338/2847
f 3477/3335/2845 3480/3338/2847 3478/3336/2846
f 3484/3337/1922 3485/3341/2850 3486/3342/2851
f 3469/3327/2837 3468/3326/2836 3486/3342/2851
f 3469/3327/2837 3486/3342/2851 3485/3341/2850
f 3467/3325/2835 3483/3340/2849 3486/3342/2851
f 3467/3325/2835 3486/3342/2851 3468/3326/2836
f 3482/3337/1920 3486/3342/2851 3483/3340/2849
f 2397/2285/1891 2400/2288/1914 3487/3343/2852
f 2397/2285/1891 3487/3343/2852 3488/3344/1894
f 2395/2283/1910 3489/3345/2853 3487/3343/2852
f 2395/2283/1910 3487/3343/2852 2400/2288/1914
f 3490/3346/2854 3491/3347/2855 3487/3343/2852
f 3490/3346/2854 3487/3343/2852 3489/3345/2853
f 3492/3348/2837 3488/3344/1894 3487/3343/2852
f 3492/3348/2837 3487/3343/2852 3491/3347/2855
f 2391/2279/1906 2440/2326/1954 3493/3349/2856
f 2391/2279/1906 3493/3349/2856 2392/2280/1907
f 2437/2323/1951 3494/3350/2857 3493/3349/2856
f 2437/2323/1951 3493/3349/2856 2440/2326/1954
f 3490/3346/2854 3489/3345/2853 3493/3349/2856
f 3490/3346/2854 3493/3349/2856 3494/3350/2857
f 2395/2283/1910 2392/2280/1907 3493/3349/2856
f 2395/2283/1910 3493/3349/2856 3489/3345/2853
f 2433/2319/1947 3471/3329/2839 3495/3351/2858
f 2433/2319/1947 3495/3351/2858 2434/2320/1948
f 3465/3323/2833 3496/3352/2859 3495/3351/2858
f 3465/3323/2833 3495/3351/2858 3471/3329/2839
f 3490/3346/2854 3494/3350/2857 3495/3351/2858
f 3490/3346/2854 3495/3351/2858 3496/3352/2859
f 2437/2323/1951 2434/2320/1948 3495/3351/2858
f 2437/2323/1951 3495/3351/2858 3494/3350/2857
f 3461/3319/1891 3497/3353/1912 3498/3354/2860
f 3461/3319/1891 3498/3354/2860 3462/3320/2831
f 3499/3355/1915 3500/3356/2861 3498/3354/2860
f 3499/3355/1915 3498/3354/2860 3497/3353/1912
f 3490/3346/2854 3496/3352/2859 3498/3354/2860
f 3490/3346/2854 3498/3354/2860 3500/3356/2861
f 3465/3323/2833 3462/3320/2831 3498/3354/2860
f 3465/3323/2833 3498/3354/2860 3496/3352/2859
f 3501/3357/1917 3502/3358/2862 3503/3359/1919
f 3504/3357/1920 3505/3360/2863 3502/3358/2862
f 3490/3346/2854 3500/3356/2861 3502/3358/2862
f 3490/3346/2854 3502/3358/2862 3505/3360/2863
f 3499/3355/1915 3503/3359/1919 3502/3358/2862
f 3499/3355/1915 3502/3358/2862 3500/3356/2861
f 3506/3357/1922 3507/3361/2062 3508/3362/2864
f 3492/3348/2837 3491/3347/2855 3508/3362/2864
f 3492/3348/2837 3508/3362/2864 3507/3361/2062
f 3490/3346/2854 3505/3360/2863 3508/3362/2864
f 3490/3346/2854 3508/3362/2864 3491/3347/2855
f 3504/3357/1920 3508/3362/2864 3505/3360/2863
f 2446/2332/1960 3509/3363/2865 3510/3364/2866
f 2446/2332/1960 3510/3364/2866 2447/2333/1961
f 3511/3365/2867 3512/3366/2868 3510/3364/2866
f 3511/3365/2867 3510/3364/2866 3509/3363/2865
f 3513/3367/2869 3514/3368/2870 3510/3364/2866
f 3513/3367/2869 3510/3364/2866 3512/3366/2868
f 2419/2305/1933 2447/2333/1961 3510/3364/2866
f 2419/2305/1933 3510/3364/2866 3514/3368/2870
f 3515/3369/2041 3516/3370/1912 3517/3371/2871
f 3515/3369/2041 3517/3371/2871 3518/3372/2872
f 3519/3373/1915 3520/3374/2873 3517/3371/2871
f 3519/3373/1915 3517/3371/2871 3516/3370/1912
f 3513/3367/2869 3512/3366/2868 3517/3371/2871
f 3513/3367/2869 3517/3371/2871 3520/3374/2873
f 3511/3365/2867 3518/3372/2872 3517/3371/2871
f 3511/3365/2867 3517/3371/2871 3512/3366/2868
f 3521/3375/1917 3522/3376/2874 3523/3377/1919
f 3524/3375/1920 3525/3378/2875 3522/3376/2874
f 3513/3367/2869 3520/3374/2873 3522/3376/2874
f 3513/3367/2869 3522/3376/2874 3525/3378/2875
f 3519/3373/1915 3523/3377/1919 3522/3376/2874
f 3519/3373/1915 3522/3376/2874 3520/3374/2873
f 3526/3375/1922 3527/3379/2062 3528/3380/2876
f 3529/3381/1899 3530/3382/2877 3528/3380/2876
f 3529/3381/1899 3528/3380/2876 3527/3379/2062
f 3513/3367/2869 3525/3378/2875 3528/3380/2876
f 3513/3367/2869 3528/3380/2876 3530/3382/2877
f 3524/3375/1920 3528/3380/2876 3525/3378/2875
f 3531/3383/1891 3532/3384/2878 3533/3385/2879
f 3531/3383/1891 3533/3385/2879 3534/3386/1894
f 3535/3387/2880 3536/3388/2881 3533/3385/2879
f 3535/3387/2880 3533/3385/2879 3532/3384/2878
f 3513/3367/2869 3530/3382/2877 3533/3385/2879
f 3513/3367/2869 3533/3385/2879 3536/3388/2881
f 3529/3381/1899 3534/3386/1894 3533/3385/2879
f 3529/3381/1899 3533/3385/2879 3530/3382/2877
f 2411/2297/1925 2414/2300/1928 3537/3389/2882
f 2411/2297/1925 3537/3389/2882 3538/3390/2883
f 2419/2305/1933 3514/3368/2870 3537/3389/2882
f 2419/2305/1933 3537/3389/2882 2414/2300/1928
f 3513/3367/2869 3536/3388/2881 3537/3389/2882
f 3513/3367/2869 3537/3389/2882 3514/3368/2870
f 3535/3387/2880 3538/3390/2883 3537/3389/2882
f 3535/3387/2880 3537/3389/2882 3536/3388/2881
f 2385/2273/1900 2388/2276/1903 3539/3391/2884
f 2385/2273/1900 3539/3391/2884 2442/2328/1956
f 2380/2268/1895 3540/3392/2885 3539/3391/2884
f 2380/2268/1895 3539/3391/2884 2388/2276/1903
f 3541/3393/2886 3542/3394/2887 3539/3391/2884
f 3541/3393/2886 3539/3391/2884 3540/3392/2885
f 2444/2330/1958 2442/2328/1956 3539/3391/2884
f 2444/2330/1958 3539/3391/2884 3542/3394/2887
f 2376/2264/1891 3543/3395/1912 3544/3396/2888
f 2376/2264/1891 3544/3396/2888 2377/2265/1892
f 3545/3397/1915 3546/3398/2889 3544/3396/2888
f 3545/3397/1915 3544/3396/2888 3543/3395/1912
f 3541/3393/2886 3540/3392/2885 3544/3396/2888
f 3541/3393/2886 3544/3396/2888 3546/3398/2889
f 2380/2268/1895 2377/2265/1892 3544/3396/2888
f 2380/2268/1895 3544/3396/2888 3540/3392/2885
f 3547/3399/1917 3548/3400/2890 3549/3401/1919
f 3550/3399/1920 3551/3402/2891 3548/3400/2890
f 3541/3393/2886 3546/3398/2889 3548/3400/2890
f 3541/3393/2886 3548/3400/2890 3551/3402/2891
f 3545/3397/1915 3549/3401/1919 3548/3400/2890
f 3545/3397/1915 3548/3400/2890 3546/3398/2889
f 3552/3399/1922 3553/3403/2062 3554/3404/2892
f 3555/3405/1899 3556/3406/2893 3554/3404/2892
f 3555/3405/1899 3554/3404/2892 3553/3403/2062
f 3541/3393/2886 3551/3402/2891 3554/3404/2892
f 3541/3393/2886 3554/3404/2892 3556/3406/2893
f 3550/3399/1920 3554/3404/2892 3551/3402/2891
f 3515/3369/2041 3518/3372/2872 3557/3407/2894
f 3515/3369/2041 3557/3407/2894 3558/3408/1894
f 3511/3365/2867 3559/3409/2895 3557/3407/2894
f 3511/3365/2867 3557/3407/2894 3518/3372/2872
f 3541/3393/2886 3556/3406/2893 3557/3407/2894
f 3541/3393/2886 3557/3407/2894 3559/3409/2895
f 3555/3405/1899 3558/3408/1894 3557/3407/2894
f 3555/3405/1899 3557/3407/2894 3556/3406/2893
f 2446/2332/1960 2449/2335/1963 3560/3410/2896
f 2446/2332/1960 3560/3410/2896 3509/3363/2865
f 2444/2330/1958 3542/3394/2887 3560/3410/2896
f 2444/2330/1958 3560/3410/2896 2449/2335/1963
f 3541/3393/2886 3559/3409/2895 3560/3410/2896
f 3541/3393/2886 3560/3410/2896 3542/3394/2887
f 3511/3365/2867 3509/3363/2865 3560/3410/2896
f 3511/3365/2867 3560/3410/2896 3559/3409/2895
f 3561/3411/1891 3562/3412/2897 3563/3413/2832
f 3561/3411/1891 3563/3413/2832 3564/3414/2043
f 3565/3415/2898 3566/3416/2899 3563/3413/2832
f 3565/3415/2898 3563/3413/2832 3562/3412/2897
f 3567/3417/2900 3568/3418/2901 3563/3413/2832
f 3567/3417/2900 3563/3413/2832 3566/3416/2899
f 3569/3419/1899 3564/3414/2043 3563/3413/2832
f 3569/3419/1899 3563/3413/2832 3568/3418/2901
f 2601/2483/2085 2604/2486/2088 3570/3420/2902
f 2601/2483/2085 3570/3420/2902 3571/3421/2903
f 2599/2481/2083 3572/3422/2904 3570/3420/2902
f 2599/2481/2083 3570/3420/2902 2604/2486/2088
f 3567/3417/2900 3566/3416/2899 3570/3420/2902
f 3567/3417/2900 3570/3420/2902 3572/3422/2904
f 3565/3415/2898 3571/3421/2903 3570/3420/2902
f 3565/3415/2898 3570/3420/2902 3566/3416/2899
f 2411/2297/1925 3538/3390/2883 3573/3423/2905
f 2411/2297/1925 3573/3423/2905 2597/2479/2081
f 3535/3387/2880 3574/3424/2906 3573/3423/2905
f 3535/3387/2880 3573/3423/2905 3538/3390/2883
f 3567/3417/2900 3572/3422/2904 3573/3423/2905
f 3567/3417/2900 3573/3423/2905 3574/3424/2906
f 2599/2481/2083 2597/2479/2081 3573/3423/2905
f 2599/2481/2083 3573/3423/2905 3572/3422/2904
f 3531/3383/1891 3575/3425/2059 3576/3426/2907
f 3531/3383/1891 3576/3426/2907 3532/3384/2878
f 3577/3427/1915 3578/3428/2908 3576/3426/2907
f 3577/3427/1915 3576/3426/2907 3575/3425/2059
f 3567/3417/2900 3574/3424/2906 3576/3426/2907
f 3567/3417/2900 3576/3426/2907 3578/3428/2908
f 3535/3387/2880 3532/3384/2878 3576/3426/2907
f 3535/3387/2880 3576/3426/2907 3574/3424/2906
f 3579/3429/1917 3580/3430/2909 3581/3431/1919
f 3582/3429/1920 3583/3432/2910 3580/3430/2909
f 3567/3417/2900 3578/3428/2908 3580/3430/2909
f 3567/3417/2900 3580/3430/2909 3583/3432/2910
f 3577/3427/1915 3581/3431/1919 3580/3430/2909
f 3577/3427/1915 3580/3430/2909 3578/3428/2908
f 3584/3429/1922 3585/3433/2062 3586/3434/2851
f 3569/3419/1899 3568/3418/2901 3586/3434/2851
f 3569/3419/1899 3586/3434/2851 3585/3433/2062
f 3567/3417/2900 3583/3432/2910 3586/3434/2851
f 3567/3417/2900 3586/3434/2851 3568/3418/2901
f 3582/3429/1920 3586/3434/2851 3583/3432/2910
f 2565/2449/1891 2568/2452/1914 3587/3435/2852
f 2565/2449/1891 3587/3435/2852 3588/3436/2043
f 2563/2447/2057 3589/3437/2911 3587/3435/2852
f 2563/2447/2057 3587/3435/2852 2568/2452/1914
f 3590/3438/2912 3591/3439/2855 3587/3435/2852
f 3590/3438/2912 3587/3435/2852 3589/3437/2911
f 3592/3440/1899 3588/3436/2043 3587/3435/2852
f 3592/3440/1899 3587/3435/2852 3591/3439/2855
f 2559/2443/2053 2608/2490/2092 3593/3441/2913
f 2559/2443/2053 3593/3441/2913 2560/2444/2054
f 2605/2487/2089 3594/3442/2914 3593/3441/2913
f 2605/2487/2089 3593/3441/2913 2608/2490/2092
f 3590/3438/2912 3589/3437/2911 3593/3441/2913
f 3590/3438/2912 3593/3441/2913 3594/3442/2914
f 2563/2447/2057 2560/2444/2054 3593/3441/2913
f 2563/2447/2057 3593/3441/2913 3589/3437/2911
f 2601/2483/2085 3571/3421/2903 3595/3443/2915
f 2601/2483/2085 3595/3443/2915 2602/2484/2086
f 3565/3415/2898 3596/3444/2916 3595/3443/2915
f 3565/3415/2898 3595/3443/2915 3571/3421/2903
f 3590/3438/2912 3594/3442/2914 3595/3443/2915
f 3590/3438/2912 3595/3443/2915 3596/3444/2916
f 2605/2487/2089 2602/2484/2086 3595/3443/2915
f 2605/2487/2089 3595/3443/2915 3594/3442/2914
f 3561/3411/1891 3597/3445/2059 3598/3446/2917
f 3561/3411/1891 3598/3446/2917 3562/3412/2897
f 3599/3447/1915 3600/3448/2861 3598/3446/2917
f 3599/3447/1915 3598/3446/2917 3597/3445/2059
f 3590/3438/2912 3596/3444/2916 3598/3446/2917
f 3590/3438/2912 3598/3446/2917 3600/3448/2861
f 3565/3415/2898 3562/3412/2897 3598/3446/2917
f 3565/3415/2898 3598/3446/2917 3596/3444/2916
f 3601/3449/1917 3602/3450/2918 3603/3451/1919
f 3604/3449/1920 3605/3452/2863 3602/3450/2918
f 3590/3438/2912 3600/3448/2861 3602/3450/2918
f 3590/3438/2912 3602/3450/2918 3605/3452/2863
f 3599/3447/1915 3603/3451/1919 3602/3450/2918
f 3599/3447/1915 3602/3450/2918 3600/3448/2861
f 3606/3449/1922 3607/3453/2062 3608/3454/2919
f 3592/3440/1899 3591/3439/2855 3608/3454/2919
f 3592/3440/1899 3608/3454/2919 3607/3453/2062
f 3590/3438/2912 3605/3452/2863 3608/3454/2919
f 3590/3438/2912 3608/3454/2919 3591/3439/2855
f 3604/3449/1920 3608/3454/2919 3605/3452/2863
f 2614/2496/2097 3609/3455/2920 3610/3456/2921
f 2614/2496/2097 3610/3456/2921 2615/2497/2098
f 3611/3457/2922 3612/3458/2923 3610/3456/2921
f 3611/3457/2922 3610/3456/2921 3609/3455/2920
f 3613/3459/2924 3614/3460/2925 3610/3456/2921
f 3613/3459/2924 3610/3456/2921 3612/3458/2923
f 2587/2469/2071 2615/2497/2098 3610/3456/2921
f 2587/2469/2071 3610/3456/2921 3614/3460/2925
f 3615/3461/2172 3616/3462/2059 3617/3463/2871
f 3615/3461/2172 3617/3463/2871 3618/3464/2926
f 3619/3465/1915 3620/3466/2873 3617/3463/2871
f 3619/3465/1915 3617/3463/2871 3616/3462/2059
f 3613/3459/2924 3612/3458/2923 3617/3463/2871
f 3613/3459/2924 3617/3463/2871 3620/3466/2873
f 3611/3457/2922 3618/3464/2926 3617/3463/2871
f 3611/3457/2922 3617/3463/2871 3612/3458/2923
f 3621/1401/1917 3622/3467/2890 3623/3468/1919
f 3624/1401/1920 3625/3469/2875 3622/3467/2890
f 3613/3459/2924 3620/3466/2873 3622/3467/2890
f 3613/3459/2924 3622/3467/2890 3625/3469/2875
f 3619/3465/1915 3623/3468/1919 3622/3467/2890
f 3619/3465/1915 3622/3467/2890 3620/3466/2873
f 3626/1401/1922 3627/3470/2062 3628/3471/2927
f 3629/3472/1899 3630/3473/2877 3628/3471/2927
f 3629/3472/1899 3628/3471/2927 3627/3470/2062
f 3613/3459/2924 3625/3469/2875 3628/3471/2927
f 3613/3459/2924 3628/3471/2927 3630/3473/2877
f 3624/1401/1920 3628/3471/2927 3625/3469/2875
f 3631/3474/1891 3632/3475/2928 3633/3476/2879
f 3631/3474/1891 3633/3476/2879 3634/3477/2043
f 3635/3478/2929 3636/3479/2930 3633/3476/2879
f 3635/3478/2929 3633/3476/2879 3632/3475/2928
f 3613/3459/2924 3630/3473/2877 3633/3476/2879
f 3613/3459/2924 3633/3476/2879 3636/3479/2930
f 3629/3472/1899 3634/3477/2043 3633/3476/2879
f 3629/3472/1899 3633/3476/2879 3630/3473/2877
f 2579/2461/2063 2582/2464/2066 3637/3480/2931
f 2579/2461/2063 3637/3480/2931 3638/3481/2883
f 2587/2469/2071 3614/3460/2925 3637/3480/2931
f 2587/2469/2071 3637/3480/2931 2582/2464/2066
f 3613/3459/2924 3636/3479/2930 3637/3480/2931
f 3613/3459/2924 3637/3480/2931 3614/3460/2925
f 3635/3478/2929 3638/3481/2883 3637/3480/2931
f 3635/3478/2929 3637/3480/2931 3636/3479/2930
f 2553/2437/2047 2556/2440/2050 3639/3482/2932
f 2553/2437/2047 3639/3482/2932 2610/2492/2094
f 2548/2432/2044 3640/3483/2933 3639/3482/2932
f 2548/2432/2044 3639/3482/2932 2556/2440/2050
f 3641/3484/2934 3642/3485/2935 3639/3482/2932
f 3641/3484/2934 3639/3482/2932 3640/3483/2933
f 2612/2494/2095 2610/2492/2094 3639/3482/2932
f 2612/2494/2095 3639/3482/2932 3642/3485/2935
f 2544/2428/2041 3643/3486/2059 3644/3487/2888
f 2544/2428/2041 3644/3487/2888 2545/2429/2042
f 3645/3488/1915 3646/3489/2889 3644/3487/2888
f 3645/3488/1915 3644/3487/2888 3643/3486/2059
f 3641/3484/2934 3640/3483/2933 3644/3487/2888
f 3641/3484/2934 3644/3487/2888 3646/3489/2889
f 2548/2432/2044 2545/2429/2042 3644/3487/2888
f 2548/2432/2044 3644/3487/2888 3640/3483/2933
f 3647/3490/2060 3648/3491/2890 3649/3492/1919
f 3650/3490/1920 3651/3493/2891 3648/3491/2890
f 3641/3484/2934 3646/3489/2889 3648/3491/2890
f 3641/3484/2934 3648/3491/2890 3651/3493/2891
f 3645/3488/1915 3649/3492/1919 3648/3491/2890
f 3645/3488/1915 3648/3491/2890 3646/3489/2889
f 3652/3490/2936 3653/3494/2062 3654/3495/2892
f 3655/3496/1899 3656/3497/2937 3654/3495/2892
f 3655/3496/1899 3654/3495/2892 3653/3494/2062
f 3641/3484/2934 3651/3493/2891 3654/3495/2892
f 3641/3484/2934 3654/3495/2892 3656/3497/2937
f 3650/3490/1920 3654/3495/2892 3651/3493/2891
f 3615/3461/2172 3618/3464/2926 3657/3498/2938
f 3615/3461/2172 3657/3498/2938 3658/3499/2043
f 3611/3457/2922 3659/3500/2939 3657/3498/2938
f 3611/3457/2922 3657/3498/2938 3618/3464/2926
f 3641/3484/2934 3656/3497/2937 3657/3498/2938
f 3641/3484/2934 3657/3498/2938 3659/3500/2939
f 3655/3496/1899 3658/3499/2043 3657/3498/2938
f 3655/3496/1899 3657/3498/2938 3656/3497/2937
f 2614/2496/2097 2617/2499/2100 3660/3501/2940
f 2614/2496/2097 3660/3501/2940 3609/3455/2920
f 2612/2494/2095 3642/3485/2935 3660/3501/2940
f 2612/2494/2095 3660/3501/2940 2617/2499/2100
f 3641/3484/2934 3659/3500/2939 3660/3501/2940
f 3641/3484/2934 3660/3501/2940 3642/3485/2935
f 3611/3457/2922 3609/3455/2920 3660/3501/2940
f 3611/3457/2922 3660/3501/2940 3659/3500/2939
f 3661/3502/2172 3662/3503/2941 3663/3504/2942
f 3661/3502/2172 3663/3504/2942 3664/3505/2043
f 3665/3506/2943 3666/3507/2944 3663/3504/2942
f 3665/3506/2943 3663/3504/2942 3662/3503/2941
f 3667/3508/2900 3668/3509/2901 3663/3504/2942
f 3667/3508/2900 3663/3504/2942 3666/3507/2944
f 3669/3510/1899 3664/3505/2043 3663/3504/2942
f 3669/3510/1899 3663/3504/2942 3668/3509/2901
f 2769/2647/2199 2772/2650/2202 3670/3511/2945
f 2769/2647/2199 3670/3511/2945 3671/3512/2946
f 2767/2645/2197 3672/3513/2947 3670/3511/2945
f 2767/2645/2197 3670/3511/2945 2772/2650/2202
f 3667/3508/2900 3666/3507/2944 3670/3511/2945
f 3667/3508/2900 3670/3511/2945 3672/3513/2947
f 3665/3506/2943 3671/3512/2946 3670/3511/2945
f 3665/3506/2943 3670/3511/2945 3666/3507/2944
f 2579/2461/2063 3638/3481/2883 3673/3514/2948
f 2579/2461/2063 3673/3514/2948 2765/2643/2195
f 3635/3478/2929 3674/3515/2949 3673/3514/2948
f 3635/3478/2929 3673/3514/2948 3638/3481/2883
f 3667/3508/2900 3672/3513/2947 3673/3514/2948
f 3667/3508/2900 3673/3514/2948 3674/3515/2949
f 2767/2645/2197 2765/2643/2195 3673/3514/2948
f 2767/2645/2197 3673/3514/2948 3672/3513/2947
f 3631/3474/1891 3675/3516/2059 3676/3517/2950
f 3631/3474/1891 3676/3517/2950 3632/3475/2928
f 3677/3518/1915 3678/3519/2951 3676/3517/2950
f 3677/3518/1915 3676/3517/2950 3675/3516/2059
f 3667/3508/2900 3674/3515/2949 3676/3517/2950
f 3667/3508/2900 3676/3517/2950 3678/3519/2951
f 3635/3478/2929 3632/3475/2928 3676/3517/2950
f 3635/3478/2929 3676/3517/2950 3674/3515/2949
f 3679/3520/2060 3680/3521/2909 3681/3522/1919
f 3682/3520/1920 3683/3523/2910 3680/3521/2909
f 3667/3508/2900 3678/3519/2951 3680/3521/2909
f 3667/3508/2900 3680/3521/2909 3683/3523/2910
f 3677/3518/1915 3681/3522/1919 3680/3521/2909
f 3677/3518/1915 3680/3521/2909 3678/3519/2951
f 3684/3520/1922 3685/3524/2062 3686/3525/2952
f 3669/3510/1899 3668/3509/2901 3686/3525/2952
f 3669/3510/1899 3686/3525/2952 3685/3524/2062
f 3667/3508/2900 3683/3523/2910 3686/3525/2952
f 3667/3508/2900 3686/3525/2952 3668/3509/2901
f 3682/3520/1920 3686/3525/2952 3683/3523/2910
f 2733/2613/2172 2736/2616/2173 3687/3526/2852
f 2733/2613/2172 3687/3526/2852 3688/3527/2043
f 2731/2611/2057 3689/3528/2911 3687/3526/2852
f 2731/2611/2057 3687/3526/2852 2736/2616/2173
f 3690/3529/2953 3691/3530/2855 3687/3526/2852
f 3690/3529/2953 3687/3526/2852 3689/3528/2911
f 3692/3531/1899 3688/3527/2043 3687/3526/2852
f 3692/3531/1899 3687/3526/2852 3691/3530/2855
f 2727/2607/2168 2776/2654/2206 3693/3532/2954
f 2727/2607/2168 3693/3532/2954 2728/2608/2169
f 2773/2651/2203 3694/3533/2955 3693/3532/2954
f 2773/2651/2203 3693/3532/2954 2776/2654/2206
f 3690/3529/2953 3689/3528/2911 3693/3532/2954
f 3690/3529/2953 3693/3532/2954 3694/3533/2955
f 2731/2611/2057 2728/2608/2169 3693/3532/2954
f 2731/2611/2057 3693/3532/2954 3689/3528/2911
f 2769/2647/2199 3671/3512/2946 3695/3534/2956
f 2769/2647/2199 3695/3534/2956 2770/2648/2200
f 3665/3506/2943 3696/3535/2957 3695/3534/2956
f 3665/3506/2943 3695/3534/2956 3671/3512/2946
f 3690/3529/2953 3694/3533/2955 3695/3534/2956
f 3690/3529/2953 3695/3534/2956 3696/3535/2957
f 2773/2651/2203 2770/2648/2200 3695/3534/2956
f 2773/2651/2203 3695/3534/2956 3694/3533/2955
f 3661/3502/2172 3697/3536/2059 3698/3537/2917
f 3661/3502/2172 3698/3537/2917 3662/3503/2941
f 3699/3538/1915 3700/3539/2958 3698/3537/2917
f 3699/3538/1915 3698/3537/2917 3697/3536/2059
f 3690/3529/2953 3696/3535/2957 3698/3537/2917
f 3690/3529/2953 3698/3537/2917 3700/3539/2958
f 3665/3506/2943 3662/3503/2941 3698/3537/2917
f 3665/3506/2943 3698/3537/2917 3696/3535/2957
f 3701/3540/2060 3702/3541/2918 3703/3542/1919
f 3704/3540/1920 3705/3543/2863 3702/3541/2918
f 3690/3529/2953 3700/3539/2958 3702/3541/2918
f 3690/3529/2953 3702/3541/2918 3705/3543/2863
f 3699/3538/1915 3703/3542/1919 3702/3541/2918
f 3699/3538/1915 3702/3541/2918 3700/3539/2958
f 3706/3540/1922 3707/3544/2062 3708/3545/2919
f 3692/3531/1899 3691/3530/2855 3708/3545/2919
f 3692/3531/1899 3708/3545/2919 3707/3544/2062
f 3690/3529/2953 3705/3543/2863 3708/3545/2919
f 3690/3529/2953 3708/3545/2919 3691/3530/2855
f 3704/3540/1920 3708/3545/2919 3705/3543/2863
f 2782/2660/2212 3709/3546/2959 3710/3547/2960
f 2782/2660/2212 3710/3547/2960 2783/2661/2213
f 3711/3548/2961 3712/3549/2962 3710/3547/2960
f 3711/3548/2961 3710/3547/2960 3709/3546/2959
f 3713/3550/2963 3714/3551/2964 3710/3547/2960
f 3713/3550/2963 3710/3547/2960 3712/3549/2962
f 2755/2633/2185 2783/2661/2213 3710/3547/2960
f 2755/2633/2185 3710/3547/2960 3714/3551/2964
f 3715/3552/1891 3716/3553/2059 3717/3554/2965
f 3715/3552/1891 3717/3554/2965 3718/3555/2872
f 3719/3556/1915 3720/3557/2966 3717/3554/2965
f 3719/3556/1915 3717/3554/2965 3716/3553/2059
f 3713/3550/2963 3712/3549/2962 3717/3554/2965
f 3713/3550/2963 3717/3554/2965 3720/3557/2966
f 3711/3548/2961 3718/3555/2872 3717/3554/2965
f 3711/3548/2961 3717/3554/2965 3712/3549/2962
f 3721/3558/2060 3722/3559/2967 3723/3560/2175
f 3724/3558/1920 3725/3561/2968 3722/3559/2967
f 3713/3550/2963 3720/3557/2966 3722/3559/2967
f 3713/3550/2963 3722/3559/2967 3725/3561/2968
f 3719/3556/1915 3723/3560/2175 3722/3559/2967
f 3719/3556/1915 3722/3559/2967 3720/3557/2966
f 3726/3558/2936 3727/3562/2969 3728/3563/2970
f 3729/3564/2971 3730/3565/2972 3728/3563/2970
f 3729/3564/2971 3728/3563/2970 3727/3562/2969
f 3713/3550/2963 3725/3561/2968 3728/3563/2970
f 3713/3550/2963 3728/3563/2970 3730/3565/2972
f 3724/3558/1920 3728/3563/2970 3725/3561/2968
f 3731/3566/2973 3732/3567/2974 3733/3568/2975
f 3731/3566/2973 3733/3568/2975 3734/3569/2976
f 3735/3570/2977 3736/3571/2978 3733/3568/2975
f 3735/3570/2977 3733/3568/2975 3732/3567/2974
f 3713/3550/2963 3730/3565/2972 3733/3568/2975
f 3713/3550/2963 3733/3568/2975 3736/3571/2978
f 3729/3564/2971 3734/3569/2976 3733/3568/2975
f 3729/3564/2971 3733/3568/2975 3730/3565/2972
f 2747/2625/2177 2750/2628/2180 3737/3572/2979
f 2747/2625/2177 3737/3572/2979 3738/3573/2980
f 2755/2633/2185 3714/3551/2964 3737/3572/2979
f 2755/2633/2185 3737/3572/2979 2750/2628/2180
f 3713/3550/2963 3736/3571/2978 3737/3572/2979
f 3713/3550/2963 3737/3572/2979 3714/3551/2964
f 3735/3570/2977 3738/3573/2980 3737/3572/2979
f 3735/3570/2977 3737/3572/2979 3736/3571/2978
f 2721/2601/2162 2724/2604/2165 3739/3574/2981
f 2721/2601/2162 3739/3574/2981 2778/2656/2208
f 2716/2596/2160 3740/3575/2982 3739/3574/2981
f 2716/2596/2160 3739/3574/2981 2724/2604/2165
f 3741/3576/2886 3742/3577/2983 3739/3574/2981
f 3741/3576/2886 3739/3574/2981 3740/3575/2982
f 2780/2658/2210 2778/2656/2208 3739/3574/2981
f 2780/2658/2210 3739/3574/2981 3742/3577/2983
f 2712/2592/1891 3743/3578/2059 3744/3579/2888
f 2712/2592/1891 3744/3579/2888 2713/2593/2042
f 3745/3580/1915 3746/3581/2984 3744/3579/2888
f 3745/3580/1915 3744/3579/2888 3743/3578/2059
f 3741/3576/2886 3740/3575/2982 3744/3579/2888
f 3741/3576/2886 3744/3579/2888 3746/3581/2984
f 2716/2596/2160 2713/2593/2042 3744/3579/2888
f 2716/2596/2160 3744/3579/2888 3740/3575/2982
f 3747/3582/2060 3748/3583/2890 3749/3584/2175
f 3750/3582/1920 3751/3585/2891 3748/3583/2890
f 3741/3576/2886 3746/3581/2984 3748/3583/2890
f 3741/3576/2886 3748/3583/2890 3751/3585/2891
f 3745/3580/1915 3749/3584/2175 3748/3583/2890
f 3745/3580/1915 3748/3583/2890 3746/3581/2984
f 3752/3582/2936 3753/3586/2062 3754/3587/2985
f 3755/3588/1899 3756/3589/2986 3754/3587/2985
f 3755/3588/1899 3754/3587/2985 3753/3586/2062
f 3741/3576/2886 3751/3585/2891 3754/3587/2985
f 3741/3576/2886 3754/3587/2985 3756/3589/2986
f 3750/3582/1920 3754/3587/2985 3751/3585/2891
f 3715/3552/1891 3718/3555/2872 3757/3590/2938
f 3715/3552/1891 3757/3590/2938 3758/3591/2043
f 3711/3548/2961 3759/3592/2987 3757/3590/2938
f 3711/3548/2961 3757/3590/2938 3718/3555/2872
f 3741/3576/2886 3756/3589/2986 3757/3590/2938
f 3741/3576/2886 3757/3590/2938 3759/3592/2987
f 3755/3588/1899 3758/3591/2043 3757/3590/2938
f 3755/3588/1899 3757/3590/2938 3756/3589/2986
f 2782/2660/2212 2785/2663/2215 3760/3593/2988
f 2782/2660/2212 3760/3593/2988 3709/3546/2959
f 2780/2658/2210 3742/3577/2983 3760/3593/2988
f 2780/2658/2210 3760/3593/2988 2785/2663/2215
f 3741/3576/2886 3759/3592/2987 3760/3593/2988
f 3741/3576/2886 3760/3593/2988 3742/3577/2983
f 3711/3548/2961 3709/3546/2959 3760/3593/2988
f 3711/3548/2961 3760/3593/2988 3759/3592/2987
f 3761/3594/1726 3762/3595/1729 3763/3596/2989
f 3761/3594/1726 3763/3596/2989 3764/3597/2990
f 3765/3598/2991 3766/3599/2992 3763/3596/2989
f 3765/3598/2991 3763/3596/2989 3762/3595/1729
f 3767/3600/2993 3768/3601/2994 3763/3596/2989
f 3767/3600/2993 3763/3596/2989 3766/3599/2992
f 3769/3602/2995 3764/3597/2990 3763/3596/2989
f 3769/3602/2995 3763/3596/2989 3768/3601/2994
f 2937/2811/2327 2940/2814/2330 3770/3603/2996
f 2937/2811/2327 3770/3603/2996 3771/3604/2997
f 2935/2809/2325 3772/3605/2998 3770/3603/2996
f 2935/2809/2325 3770/3603/2996 2940/2814/2330
f 3767/3600/2993 3766/3599/2992 3770/3603/2996
f 3767/3600/2993 3770/3603/2996 3772/3605/2998
f 3765/3598/2991 3771/3604/2997 3770/3603/2996
f 3765/3598/2991 3770/3603/2996 3766/3599/2992
f 2747/2625/2177 3738/3573/2980 3773/3606/2999
f 2747/2625/2177 3773/3606/2999 2933/2807/2323
f 3735/3570/2977 3774/3607/3000 3773/3606/2999
f 3735/3570/2977 3773/3606/2999 3738/3573/2980
f 3767/3600/2993 3772/3605/2998 3773/3606/2999
f 3767/3600/2993 3773/3606/2999 3774/3607/3000
f 2935/2809/2325 2933/2807/2323 3773/3606/2999
f 2935/2809/2325 3773/3606/2999 3772/3605/2998
f 3731/3566/2973 3775/3608/3001 3776/3609/3002
f 3731/3566/2973 3776/3609/3002 3732/3567/2974
f 3777/3610/3003 3778/3611/3004 3776/3609/3002
f 3777/3610/3003 3776/3609/3002 3775/3608/3001
f 3767/3600/2993 3774/3607/3000 3776/3609/3002
f 3767/3600/2993 3776/3609/3002 3778/3611/3004
f 3735/3570/2977 3732/3567/2974 3776/3609/3002
f 3735/3570/2977 3776/3609/3002 3774/3607/3000
f 3779/3612/3005 3780/3613/3006 3781/3614/3007
f 3782/1529/3008 3783/3615/3009 3784/3616/3006
f 3767/3600/2993 3778/3611/3004 3780/3613/3006
f 3767/3600/2993 3780/3613/3006 3785/3617/3010
f 3777/3610/3003 3781/3614/3007 3780/3613/3006
f 3777/3610/3003 3780/3613/3006 3778/3611/3004
f 3786/3612/3011 3787/3618/3012 3788/3619/3013
f 3769/3602/2995 3768/3601/2994 3788/3619/3013
f 3769/3602/2995 3788/3619/3013 3787/3618/3012
f 3767/3600/2993 3785/3617/3010 3788/3619/3013
f 3767/3600/2993 3788/3619/3013 3768/3601/2994
f 3789/3612/3014 3788/3619/3013 3785/3617/3010
f 2901/2777/2291 2904/2780/2294 3790/3620/3015
f 2901/2777/2291 3790/3620/3015 3791/3621/3016
f 2899/2775/2289 3792/3622/3017 3790/3620/3015
f 2899/2775/2289 3790/3620/3015 2904/2780/2294
f 3793/3623/3018 3794/3624/3019 3790/3620/3015
f 3793/3623/3018 3790/3620/3015 3792/3622/3017
f 3795/3625/3020 3791/3621/3016 3790/3620/3015
f 3795/3625/3020 3790/3620/3015 3794/3624/3019
f 2895/2771/2285 2944/2818/2334 3796/3626/3021
f 2895/2771/2285 3796/3626/3021 2896/2772/2286
f 2941/2815/2331 3797/3627/3022 3796/3626/3021
f 2941/2815/2331 3796/3626/3021 2944/2818/2334
f 3793/3623/3018 3792/3622/3017 3796/3626/3021
f 3793/3623/3018 3796/3626/3021 3797/3627/3022
f 2899/2775/2289 2896/2772/2286 3796/3626/3021
f 2899/2775/2289 3796/3626/3021 3792/3622/3017
f 2937/2811/2327 3771/3604/2997 3798/3628/3023
f 2937/2811/2327 3798/3628/3023 2938/2812/2328
f 3765/3598/2991 3799/3629/3024 3798/3628/3023
f 3765/3598/2991 3798/3628/3023 3771/3604/2997
f 3793/3623/3018 3797/3627/3022 3798/3628/3023
f 3793/3623/3018 3798/3628/3023 3799/3629/3024
f 2941/2815/2331 2938/2812/2328 3798/3628/3023
f 2941/2815/2331 3798/3628/3023 3797/3627/3022
f 3761/3594/1726 3800/3630/3025 3801/3631/3026
f 3761/3594/1726 3801/3631/3026 3762/3595/1729
f 3802/3632/3027 3803/3633/3028 3801/3631/3026
f 3802/3632/3027 3801/3631/3026 3800/3630/3025
f 3793/3623/3018 3799/3629/3024 3801/3631/3026
f 3793/3623/3018 3801/3631/3026 3803/3633/3028
f 3765/3598/2991 3762/3595/1729 3801/3631/3026
f 3765/3598/2991 3801/3631/3026 3799/3629/3024
f 3804/3634/3029 3805/3635/3030 3806/3636/3031
f 3807/1550/3032 3808/3637/3033 3809/3638/3030
f 3793/3623/3018 3803/3633/3028 3805/3635/3030
f 3793/3623/3018 3805/3635/3030 3810/3639/3034
f 3802/3632/3027 3806/3636/3031 3805/3635/3030
f 3802/3632/3027 3805/3635/3030 3803/3633/3028
f 3811/3634/3035 3812/3640/3036 3813/3641/3037
f 3795/3625/3020 3794/3624/3019 3813/3641/3037
f 3795/3625/3020 3813/3641/3037 3812/3640/3036
f 3793/3623/3018 3810/3639/3034 3813/3641/3037
f 3793/3623/3018 3813/3641/3037 3794/3624/3019
f 3814/3634/3038 3813/3641/3037 3810/3639/3034
f 2950/2824/2340 3815/3642/3039 3816/3643/3040
f 2950/2824/2340 3816/3643/3040 2951/2825/2341
f 3817/3644/3041 3818/3645/3042 3816/3643/3040
f 3817/3644/3041 3816/3643/3040 3815/3642/3039
f 3819/3646/3043 3820/3647/3044 3816/3643/3040
f 3819/3646/3043 3816/3643/3040 3818/3645/3042
f 2923/2797/2313 2951/2825/2341 3816/3643/3040
f 2923/2797/2313 3816/3643/3040 3820/3647/3044
f 3821/3648/3045 3822/3649/3046 3823/3650/3047
f 3821/3648/3045 3823/3650/3047 3824/3651/3048
f 3825/3652/3049 3826/3653/3050 3823/3650/3047
f 3825/3652/3049 3823/3650/3047 3822/3649/3046
f 3819/3646/3043 3818/3645/3042 3823/3650/3047
f 3819/3646/3043 3823/3650/3047 3826/3653/3050
f 3817/3644/3041 3824/3651/3048 3823/3650/3047
f 3817/3644/3041 3823/3650/3047 3818/3645/3042
f 3827/3654/3051 3828/3655/3052 3829/3656/3053
f 3827/3654/3051 3829/3656/3053 3830/3657/3054
f 3831/3658/3055 3832/3659/3056 3829/3656/3053
f 3831/3658/3055 3829/3656/3053 3828/3655/3052
f 3819/3646/3043 3826/3653/3050 3829/3656/3053
f 3819/3646/3043 3829/3656/3053 3832/3659/3056
f 3825/3652/3049 3830/3657/3054 3829/3656/3053
f 3825/3652/3049 3829/3656/3053 3826/3653/3050
f 3833/3660/3057 3834/3661/3058 3835/3662/3059
f 3833/3660/3057 3835/3662/3059 3836/3663/3060
f 3837/3664/3061 3838/3665/3062 3835/3662/3059
f 3837/3664/3061 3835/3662/3059 3834/3661/3058
f 3819/3646/3043 3832/3659/3056 3835/3662/3059
f 3819/3646/3043 3835/3662/3059 3838/3665/3062
f 3831/3658/3055 3836/3663/3060 3835/3662/3059
f 3831/3658/3055 3835/3662/3059 3832/3659/3056
f 3839/3666/3063 3840/3667/3064 3841/3668/3065
f 3839/3666/3063 3841/3668/3065 3842/3669/3066
f 3843/3670/3067 3844/3671/3068 3841/3668/3065
f 3843/3670/3067 3841/3668/3065 3840/3667/3064
f 3819/3646/3043 3838/3665/3062 3841/3668/3065
f 3819/3646/3043 3841/3668/3065 3844/3671/3068
f 3837/3664/3061 3842/3669/3066 3841/3668/3065
f 3837/3664/3061 3841/3668/3065 3838/3665/3062
f 2915/2789/2305 2918/2792/2308 3845/3672/3069
f 2915/2789/2305 3845/3672/3069 3846/3673/3070
f 2923/2797/2313 3820/3647/3044 3845/3672/3069
f 2923/2797/2313 3845/3672/3069 2918/2792/2308
f 3819/3646/3043 3844/3671/3068 3845/3672/3069
f 3819/3646/3043 3845/3672/3069 3820/3647/3044
f 3843/3670/3067 3846/3673/3070 3845/3672/3069
f 3843/3670/3067 3845/3672/3069 3844/3671/3068
f 2889/2765/2279 2892/2768/2282 3847/3674/3071
f 2889/2765/2279 3847/3674/3071 2946/2820/2336
f 2884/2760/2274 3848/3675/3072 3847/3674/3071
f 2884/2760/2274 3847/3674/3071 2892/2768/2282
f 3849/3676/3073 3850/3677/3074 3847/3674/3071
f 3849/3676/3073 3847/3674/3071 3848/3675/3072
f 2948/2822/2338 2946/2820/2336 3847/3674/3071
f 2948/2822/2338 3847/3674/3071 3850/3677/3074
f 2880/2756/2270 3851/3678/3075 3852/3679/3076
f 2880/2756/2270 3852/3679/3076 2881/2757/2271
f 3853/3680/3077 3854/3681/3078 3852/3679/3076
f 3853/3680/3077 3852/3679/3076 3851/3678/3075
f 3849/3676/3073 3848/3675/3072 3852/3679/3076
f 3849/3676/3073 3852/3679/3076 3854/3681/3078
f 2884/2760/2274 2881/2757/2271 3852/3679/3076
f 2884/2760/2274 3852/3679/3076 3848/3675/3072
f 3855/3682/3079 3856/3683/3080 3857/3684/3081
f 3858/3682/3082 3859/3685/3083 3856/3683/3080
f 3849/3676/3073 3854/3681/3078 3856/3683/3080
f 3849/3676/3073 3856/3683/3080 3859/3685/3083
f 3853/3680/3077 3857/3684/3081 3856/3683/3080
f 3853/3680/3077 3856/3683/3080 3854/3681/3078
f 3860/3682/3084 3861/3686/3085 3862/3687/3086
f 3863/3688/3087 3864/3689/3088 3862/3687/3086
f 3863/3688/3087 3862/3687/3086 3861/3686/3085
f 3849/3676/3073 3859/3685/3083 3862/3687/3086
f 3849/3676/3073 3862/3687/3086 3864/3689/3088
f 3858/3682/3082 3862/3687/3086 3859/3685/3083
f 3821/3648/3045 3824/3651/3048 3865/3690/3089
f 3821/3648/3045 3865/3690/3089 3866/3691/3090
f 3817/3644/3041 3867/3692/3091 3865/3690/3089
f 3817/3644/3041 3865/3690/3089 3824/3651/3048
f 3849/3676/3073 3864/3689/3088 3865/3690/3089
f 3849/3676/3073 3865/3690/3089 3867/3692/3091
f 3863/3688/3087 3866/3691/3090 3865/3690/3089
f 3863/3688/3087 3865/3690/3089 3864/3689/3088
f 2950/2824/2340 2953/2827/2343 3868/3693/3092
f 2950/2824/2340 3868/3693/3092 3815/3642/3039
f 2948/2822/2338 3850/3677/3074 3868/3693/3092
f 2948/2822/2338 3868/3693/3092 2953/2827/2343
f 3849/3676/3073 3867/3692/3091 3868/3693/3092
f 3849/3676/3073 3868/3693/3092 3850/3677/3074
f 3817/3644/3041 3815/3642/3039 3868/3693/3092
f 3817/3644/3041 3868/3693/3092 3867/3692/3091
f 2330/2220/1845 3869/3694/3093 3870/3695/3094
f 2330/2220/1845 3870/3695/3094 2331/2221/1846
f 3871/3696/3095 3872/3697/3096 3870/3695/3094
f 3871/3696/3095 3870/3695/3094 3869/3694/3093
f 3873/3698/3097 3874/3699/3098 3870/3695/3094
f 3873/3698/3097 3870/3695/3094 3872/3697/3096
f 2334/2224/1849 2331/2221/1846 3870/3695/3094
f 2334/2224/1849 3870/3695/3094 3874/3699/3098
f 3875/3700/1883 3876/3701/3099 3877/3702/3100
f 3875/3700/1883 3877/3702/3100 3878/3703/3101
f 3879/3704/3102 3880/3705/3103 3877/3702/3100
f 3879/3704/3102 3877/3702/3100 3876/3701/3099
f 3873/3698/3097 3872/3697/3096 3877/3702/3100
f 3873/3698/3097 3877/3702/3100 3880/3705/3103
f 3871/3696/3095 3878/3703/3101 3877/3702/3100
f 3871/3696/3095 3877/3702/3100 3872/3697/3096
f 3881/3706/3104 3882/3707/3105 3883/3708/3106
f 3884/3706/3107 3885/3709/3108 3882/3707/3105
f 3884/3706/3107 3882/3707/3105 3886/3706/3109
f 3873/3698/3097 3880/3705/3103 3882/3707/3105
f 3873/3698/3097 3882/3707/3105 3885/3709/3108
f 3879/3704/3102 3883/3708/3106 3882/3707/3105
f 3879/3704/3102 3882/3707/3105 3880/3705/3103
f 3887/3710/3110 3888/3711/3111 3889/3712/3112
f 3887/3710/3110 3889/3712/3112 3890/3713/3113
f 3891/3714/3114 3892/3715/3115 3889/3712/3112
f 3891/3714/3114 3889/3712/3112 3888/3711/3111
f 3873/3698/3097 3885/3709/3108 3889/3712/3112
f 3873/3698/3097 3889/3712/3112 3892/3715/3115
f 3893/3716/3116 3894/3716/3113 3895/3717/3117
f 3893/3716/3116 3895/3717/3117 3896/3718/3108
f 3897/3719/3118 3898/3720/3119 3899/3721/3120
f 3897/3719/3118 3899/3721/3120 3900/3722/3121
f 3901/3723/3122 3902/3724/3123 3899/3721/3120
f 3901/3723/3122 3899/3721/3120 3898/3720/3119
f 3873/3698/3097 3892/3715/3115 3899/3721/3120
f 3873/3698/3097 3899/3721/3120 3902/3724/3123
f 3891/3714/3114 3900/3722/3121 3899/3721/3120
f 3891/3714/3114 3899/3721/3120 3892/3715/3115
f 2336/2226/1851 2339/2229/1854 3903/3725/3124
f 2336/2226/1851 3903/3725/3124 3904/3726/3125
f 2334/2224/1849 3874/3699/3098 3903/3725/3124
f 2334/2224/1849 3903/3725/3124 2339/2229/1854
f 3873/3698/3097 3902/3724/3123 3903/3725/3124
f 3873/3698/3097 3903/3725/3124 3874/3699/3098
f 3901/3723/3122 3904/3726/3125 3903/3725/3124
f 3901/3723/3122 3903/3725/3124 3902/3724/3123
f 2324/2214/1839 2375/2263/1890 3905/3727/3126
f 2324/2214/1839 3905/3727/3126 2325/2215/1840
f 2372/2260/1887 3906/3728/3127 3905/3727/3126
f 2372/2260/1887 3905/3727/3126 2375/2263/1890
f 3907/3729/3128 3908/3730/3129 3905/3727/3126
f 3907/3729/3128 3905/3727/3126 3906/3728/3127
f 2328/2218/1843 2325/2215/1840 3905/3727/3126
f 2328/2218/1843 3905/3727/3126 3908/3730/3129
f 2368/2256/1883 3909/3731/3130 3910/3732/3131
f 2368/2256/1883 3910/3732/3131 2369/2257/1884
f 3911/3733/3132 3912/3734/3133 3910/3732/3131
f 3911/3733/3132 3910/3732/3131 3909/3731/3130
f 3907/3729/3128 3906/3728/3127 3910/3732/3131
f 3907/3729/3128 3910/3732/3131 3912/3734/3133
f 2372/2260/1887 2369/2257/1884 3910/3732/3131
f 2372/2260/1887 3910/3732/3131 3906/3728/3127
f 3913/3735/3134 3914/3736/3135 3915/3737/3136
f 3916/3735/3137 3917/3738/3138 3914/3736/3135
f 3907/3729/3128 3912/3734/3133 3914/3736/3135
f 3907/3729/3128 3914/3736/3135 3917/3738/3138
f 3911/3733/3132 3915/3737/3136 3914/3736/3135
f 3911/3733/3132 3914/3736/3135 3912/3734/3133
f 3918/3735/3139 3919/3739/3140 3920/3740/3141
f 3921/3741/3142 3922/3742/3143 3920/3740/3141
f 3921/3741/3142 3920/3740/3141 3919/3739/3140
f 3907/3729/3128 3917/3738/3138 3920/3740/3141
f 3907/3729/3128 3920/3740/3141 3922/3742/3143
f 3916/3735/3137 3920/3740/3141 3917/3738/3138
f 3875/3700/1883 3878/3703/3101 3923/3743/3144
f 3875/3700/1883 3923/3743/3144 3924/3744/3145
f 3871/3696/3095 3925/3745/3146 3923/3743/3144
f 3871/3696/3095 3923/3743/3144 3878/3703/3101
f 3907/3729/3128 3922/3742/3143 3923/3743/3144
f 3907/3729/3128 3923/3743/3144 3925/3745/3146
f 3921/3741/3142 3924/3744/3145 3923/3743/3144
f 3921/3741/3142 3923/3743/3144 3922/3742/3143
f 2330/2220/1845 2333/2223/1848 3926/3746/3147
f 2330/2220/1845 3926/3746/3147 3869/3694/3093
f 2328/2218/1843 3908/3730/3129 3926/3746/3147
f 2328/2218/1843 3926/3746/3147 2333/2223/1848
f 3907/3729/3128 3925/3745/3146 3926/3746/3147
f 3907/3729/3128 3926/3746/3147 3908/3730/3129
f 3871/3696/3095 3869/3694/3093 3926/3746/3147
f 3871/3696/3095 3926/3746/3147 3925/3745/3146
f 3927/3747/3148 3928/3748/3149 3929/3749/3150
f 3927/3747/3148 3929/3749/3150 3930/3750/3151
f 3931/3751/3152 3932/3752/3153 3929/3749/3150
f 3931/3751/3152 3929/3749/3150 3928/3748/3149
f 3933/3753/3154 3934/3754/3155 3929/3749/3150
f 3933/3753/3154 3929/3749/3150 3932/3752/3153
f 3935/3755/3156 3930/3750/3151 3929/3749/3150
f 3935/3755/3156 3929/3749/3150 3934/3754/3155
f 2312/2202/1827 2315/2205/1830 3936/3756/3157
f 2312/2202/1827 3936/3756/3157 3937/3757/3158
f 2310/2200/1825 3938/3758/3159 3936/3756/3157
f 2310/2200/1825 3936/3756/3157 2315/2205/1830
f 3933/3753/3154 3932/3752/3153 3936/3756/3157
f 3933/3753/3154 3936/3756/3157 3938/3758/3159
f 3931/3751/3152 3937/3757/3158 3936/3756/3157
f 3931/3751/3152 3936/3756/3157 3932/3752/3153
f 2306/2196/1821 3939/3759/3160 3940/3760/3161
f 2306/2196/1821 3940/3760/3161 2307/2197/1822
f 3941/3761/3162 3942/3762/3163 3940/3760/3161
f 3941/3761/3162 3940/3760/3161 3939/3759/3160
f 3933/3753/3154 3938/3758/3159 3940/3760/3161
f 3933/3753/3154 3940/3760/3161 3942/3762/3163
f 2310/2200/1825 2307/2197/1822 3940/3760/3161
f 2310/2200/1825 3940/3760/3161 3938/3758/3159
f 3943/3763/3164 3944/3764/3165 3945/3765/3166
f 3943/3763/3164 3945/3765/3166 3946/3766/3167
f 3947/3767/3168 3948/3768/3169 3945/3765/3166
f 3947/3767/3168 3945/3765/3166 3944/3764/3165
f 3933/3753/3154 3942/3762/3163 3945/3765/3166
f 3933/3753/3154 3945/3765/3166 3948/3768/3169
f 3941/3761/3162 3946/3766/3167 3945/3765/3166
f 3941/3761/3162 3945/3765/3166 3942/3762/3163
f 3949/3769/3170 3950/3770/3171 3951/3771/3172
f 3952/3772/3173 3953/3773/3174 3954/3774/3175
f 3933/3753/3154 3948/3768/3169 3950/3770/3171
f 3933/3753/3154 3950/3770/3171 3955/3775/3174
f 3947/3767/3168 3951/3771/3172 3950/3770/3171
f 3947/3767/3168 3950/3770/3171 3948/3768/3169
f 3956/3769/3176 3957/3776/3177 3958/3777/3178
f 3935/3755/3156 3934/3754/3155 3958/3777/3178
f 3935/3755/3156 3958/3777/3178 3957/3776/3177
f 3933/3753/3154 3955/3775/3174 3958/3777/3178
f 3933/3753/3154 3958/3777/3178 3934/3754/3155
f 3959/3769/3179 3958/3777/3178 3955/3775/3174
f 2352/2242/1867 2355/2245/1870 3960/3778/3180
f 2352/2242/1867 3960/3778/3180 3961/3779/3181
f 2348/2238/1863 3962/3780/3182 3960/3778/3180
f 2348/2238/1863 3960/3778/3180 2355/2245/1870
f 3963/3781/3183 3964/3782/3184 3960/3778/3180
f 3963/3781/3183 3960/3778/3180 3962/3780/3182
f 3965/3783/3185 3961/3779/3181 3960/3778/3180
f 3965/3783/3185 3960/3778/3180 3964/3782/3184
f 2318/2208/1833 2321/2211/1836 3966/3784/3186
f 2318/2208/1833 3966/3784/3186 2346/2236/1861
f 2316/2206/1831 3967/3785/3187 3966/3784/3186
f 2316/2206/1831 3966/3784/3186 2321/2211/1836
f 3963/3781/3183 3962/3780/3182 3966/3784/3186
f 3963/3781/3183 3966/3784/3186 3967/3785/3187
f 2348/2238/1863 2346/2236/1861 3966/3784/3186
f 2348/2238/1863 3966/3784/3186 3962/3780/3182
f 2312/2202/1827 3937/3757/3158 3968/3786/3188
f 2312/2202/1827 3968/3786/3188 2313/2203/1828
f 3931/3751/3152 3969/3787/3189 3968/3786/3188
f 3931/3751/3152 3968/3786/3188 3937/3757/3158
f 3963/3781/3183 3967/3785/3187 3968/3786/3188
f 3963/3781/3183 3968/3786/3188 3969/3787/3189
f 2316/2206/1831 2313/2203/1828 3968/3786/3188
f 2316/2206/1831 3968/3786/3188 3967/3785/3187
f 3927/3747/3148 3970/3788/3190 3971/3789/3191
f 3927/3747/3148 3971/3789/3191 3928/3748/3149
f 3972/3790/3192 3973/3791/3193 3971/3789/3191
f 3972/3790/3192 3971/3789/3191 3970/3788/3190
f 3963/3781/3183 3969/3787/3189 3971/3789/3191
f 3963/3781/3183 3971/3789/3191 3973/3791/3193
f 3931/3751/3152 3928/3748/3149 3971/3789/3191
f 3931/3751/3152 3971/3789/3191 3969/3787/3189
f 3974/3792/3194 3975/3792/3195 3976/3793/3196
f 3974/3792/3194 3976/3793/3196 3977/3794/3197
f 3978/3795/3198 3979/3796/3199 3980/3797/3196
f 3963/3781/3183 3973/3791/3193 3976/3793/3196
f 3963/3781/3183 3976/3793/3196 3981/3798/3200
f 3972/3790/3192 3977/3794/3197 3976/3793/3196
f 3972/3790/3192 3976/3793/3196 3973/3791/3193
f 3982/3792/3201 3983/3799/3202 3984/3800/3203
f 3965/3783/3185 3964/3782/3184 3984/3800/3203
f 3965/3783/3185 3984/3800/3203 3983/3799/3202
f 3963/3781/3183 3981/3798/3200 3984/3800/3203
f 3963/3781/3183 3984/3800/3203 3964/3782/3184
f 3985/3792/3204 3984/3800/3203 3981/3798/3200
f 2503/2389/2001 3986/3801/3205 3987/3802/3206
f 2503/2389/2001 3987/3802/3206 2504/2390/2002
f 3988/3803/3207 3989/3804/3208 3987/3802/3206
f 3988/3803/3207 3987/3802/3206 3986/3801/3205
f 3990/3805/3209 3991/3806/3210 3987/3802/3206
f 3990/3805/3209 3987/3802/3206 3989/3804/3208
f 2507/2393/2005 2504/2390/2002 3987/3802/3206
f 2507/2393/2005 3987/3802/3206 3991/3806/3210
f 3992/3807/2018 3993/3808/2019 3994/3809/3211
f 3992/3807/2018 3994/3809/3211 3995/3810/3212
f 3996/3811/2022 3997/3812/3213 3994/3809/3211
f 3996/3811/2022 3994/3809/3211 3993/3808/2019
f 3990/3805/3209 3989/3804/3208 3994/3809/3211
f 3990/3805/3209 3994/3809/3211 3997/3812/3213
f 3988/3803/3207 3995/3810/3212 3994/3809/3211
f 3988/3803/3207 3994/3809/3211 3989/3804/3208
f 3998/3813/2024 3999/3814/3214 4000/3815/3215
f 4001/3813/2027 4002/3816/3216 3999/3814/3214
f 3990/3805/3209 3997/3812/3213 3999/3814/3214
f 3990/3805/3209 3999/3814/3214 4002/3816/3216
f 3996/3811/2022 4000/3815/3215 3999/3814/3214
f 3996/3811/2022 3999/3814/3214 3997/3812/3213
f 4003/3813/2029 4004/3817/3217 4005/3818/3218
f 4006/3819/3219 4007/3820/3220 4005/3818/3218
f 4006/3819/3219 4005/3818/3218 4004/3817/3217
f 3990/3805/3209 4002/3816/3216 4005/3818/3218
f 3990/3805/3209 4005/3818/3218 4007/3820/3220
f 4001/3813/2027 4005/3818/3218 4002/3816/3216
f 3943/3763/3164 3946/3766/3167 4008/3821/3221
f 3943/3763/3164 4008/3821/3221 4009/3822/3222
f 3941/3761/3162 4010/3823/3223 4008/3821/3221
f 3941/3761/3162 4008/3821/3221 3946/3766/3167
f 3990/3805/3209 4007/3820/3220 4008/3821/3221
f 3990/3805/3209 4008/3821/3221 4010/3823/3223
f 4006/3819/3219 4009/3822/3222 4008/3821/3221
f 4006/3819/3219 4008/3821/3221 4007/3820/3220
f 2306/2196/1821 2510/2396/2008 4011/3824/3224
f 2306/2196/1821 4011/3824/3224 3939/3759/3160
f 2507/2393/2005 3991/3806/3210 4011/3824/3224
f 2507/2393/2005 4011/3824/3224 2510/2396/2008
f 3990/3805/3209 4010/3823/3223 4011/3824/3224
f 3990/3805/3209 4011/3824/3224 3991/3806/3210
f 3941/3761/3162 3939/3759/3160 4011/3824/3224
f 3941/3761/3162 4011/3824/3224 4010/3823/3223
f 2497/2383/1995 2543/2427/2040 4012/3825/3225
f 2497/2383/1995 4012/3825/3225 2498/2384/1996
f 2540/2424/2037 4013/3826/3226 4012/3825/3225
f 2540/2424/2037 4012/3825/3225 2543/2427/2040
f 4014/3827/3227 4015/3828/3228 4012/3825/3225
f 4014/3827/3227 4012/3825/3225 4013/3826/3226
f 2501/2387/1999 2498/2384/1996 4012/3825/3225
f 2501/2387/1999 4012/3825/3225 4015/3828/3228
f 2536/2420/2018 4016/3829/2019 4017/3830/3229
f 2536/2420/2018 4017/3830/3229 2537/2421/2034
f 4018/3831/2022 4019/3832/3230 4017/3830/3229
f 4018/3831/2022 4017/3830/3229 4016/3829/2019
f 4014/3827/3227 4013/3826/3226 4017/3830/3229
f 4014/3827/3227 4017/3830/3229 4019/3832/3230
f 2540/2424/2037 2537/2421/2034 4017/3830/3229
f 2540/2424/2037 4017/3830/3229 4013/3826/3226
f 4020/3833/2024 4021/3834/3214 4022/3835/3215
f 4023/3833/2027 4024/3836/3231 4021/3834/3214
f 4014/3827/3227 4019/3832/3230 4021/3834/3214
f 4014/3827/3227 4021/3834/3214 4024/3836/3231
f 4018/3831/2022 4022/3835/3215 4021/3834/3214
f 4018/3831/2022 4021/3834/3214 4019/3832/3230
f 4025/3833/2029 4026/3837/2030 4027/3838/3232
f 4028/3839/2032 4029/3840/3233 4027/3838/3232
f 4028/3839/2032 4027/3838/3232 4026/3837/2030
f 4014/3827/3227 4024/3836/3231 4027/3838/3232
f 4014/3827/3227 4027/3838/3232 4029/3840/3233
f 4023/3833/2027 4027/3838/3232 4024/3836/3231
f 3992/3807/2018 3995/3810/3212 4030/3841/3234
f 3992/3807/2018 4030/3841/3234 4031/3842/2036
f 3988/3803/3207 4032/3843/3235 4030/3841/3234
f 3988/3803/3207 4030/3841/3234 3995/3810/3212
f 4014/3827/3227 4029/3840/3233 4030/3841/3234
f 4014/3827/3227 4030/3841/3234 4032/3843/3235
f 4028/3839/2032 4031/3842/2036 4030/3841/3234
f 4028/3839/2032 4030/3841/3234 4029/3840/3233
f 2503/2389/2001 2506/2392/2004 4033/3844/3236
f 2503/2389/2001 4033/3844/3236 3986/3801/3205
f 2501/2387/1999 4015/3828/3228 4033/3844/3236
f 2501/2387/1999 4033/3844/3236 2506/2392/2004
f 4014/3827/3227 4032/3843/3235 4033/3844/3236
f 4014/3827/3227 4033/3844/3236 4015/3828/3228
f 3988/3803/3207 3986/3801/3205 4033/3844/3236
f 3988/3803/3207 4033/3844/3236 4032/3843/3235
f 4034/3845/2018 4035/3846/3237 4036/3847/3238
f 4034/3845/2018 4036/3847/3238 4037/3848/2036
f 4038/3849/3239 4039/3850/3240 4036/3847/3238
f 4038/3849/3239 4036/3847/3238 4035/3846/3237
f 4040/3851/3241 4041/3852/3242 4036/3847/3238
f 4040/3851/3241 4036/3847/3238 4039/3850/3240
f 4042/3853/2155 4037/3848/2036 4036/3847/3238
f 4042/3853/2155 4036/3847/3238 4041/3852/3242
f 2485/2371/1983 2488/2374/1986 4043/3854/3243
f 2485/2371/1983 4043/3854/3243 4044/3855/3244
f 2483/2369/1981 4045/3856/3245 4043/3854/3243
f 2483/2369/1981 4043/3854/3243 2488/2374/1986
f 4040/3851/3241 4039/3850/3240 4043/3854/3243
f 4040/3851/3241 4043/3854/3243 4045/3856/3245
f 4038/3849/3239 4044/3855/3244 4043/3854/3243
f 4038/3849/3239 4043/3854/3243 4039/3850/3240
f 2479/2365/1977 4046/3857/3246 4047/3858/3247
f 2479/2365/1977 4047/3858/3247 2480/2366/1978
f 4048/3859/3248 4049/3860/3249 4047/3858/3247
f 4048/3859/3248 4047/3858/3247 4046/3857/3246
f 4040/3851/3241 4045/3856/3245 4047/3858/3247
f 4040/3851/3241 4047/3858/3247 4049/3860/3249
f 2483/2369/1981 2480/2366/1978 4047/3858/3247
f 2483/2369/1981 4047/3858/3247 4045/3856/3245
f 4050/3861/2018 4051/3862/2019 4052/3863/3250
f 4050/3861/2018 4052/3863/3250 4053/3864/3251
f 4054/3865/2153 4055/3866/3252 4052/3863/3250
f 4054/3865/2153 4052/3863/3250 4051/3862/2019
f 4040/3851/3241 4049/3860/3249 4052/3863/3250
f 4040/3851/3241 4052/3863/3250 4055/3866/3252
f 4048/3859/3248 4053/3864/3251 4052/3863/3250
f 4048/3859/3248 4052/3863/3250 4049/3860/3249
f 4056/3867/2154 4057/3868/3253 4058/3869/2026
f 4059/3867/2027 4060/3870/3254 4057/3868/3253
f 4040/3851/3241 4055/3866/3252 4057/3868/3253
f 4040/3851/3241 4057/3868/3253 4060/3870/3254
f 4054/3865/2153 4058/3869/2026 4057/3868/3253
f 4054/3865/2153 4057/3868/3253 4055/3866/3252
f 4061/3867/2029 4062/3871/2030 4063/3872/3255
f 4042/3853/2155 4041/3852/3242 4063/3872/3255
f 4042/3853/2155 4063/3872/3255 4062/3871/2030
f 4040/3851/3241 4060/3870/3254 4063/3872/3255
f 4040/3851/3241 4063/3872/3255 4041/3852/3242
f 4059/3867/2027 4063/3872/3255 4060/3870/3254
f 2520/2406/2018 2523/2409/2021 4064/3873/3256
f 2520/2406/2018 4064/3873/3256 4065/3874/2036
f 2516/2402/2014 4066/3875/3257 4064/3873/3256
f 2516/2402/2014 4064/3873/3256 2523/2409/2021
f 4067/3876/3258 4068/3877/3259 4064/3873/3256
f 4067/3876/3258 4064/3873/3256 4066/3875/3257
f 4069/3878/2155 4065/3874/2036 4064/3873/3256
f 4069/3878/2155 4064/3873/3256 4068/3877/3259
f 2491/2377/1989 2494/2380/1992 4070/3879/3260
f 2491/2377/1989 4070/3879/3260 2514/2400/2012
f 2489/2375/1987 4071/3880/3261 4070/3879/3260
f 2489/2375/1987 4070/3879/3260 2494/2380/1992
f 4067/3876/3258 4066/3875/3257 4070/3879/3260
f 4067/3876/3258 4070/3879/3260 4071/3880/3261
f 2516/2402/2014 2514/2400/2012 4070/3879/3260
f 2516/2402/2014 4070/3879/3260 4066/3875/3257
f 2485/2371/1983 4044/3855/3244 4072/3881/3262
f 2485/2371/1983 4072/3881/3262 2486/2372/1984
f 4038/3849/3239 4073/3882/3263 4072/3881/3262
f 4038/3849/3239 4072/3881/3262 4044/3855/3244
f 4067/3876/3258 4071/3880/3261 4072/3881/3262
f 4067/3876/3258 4072/3881/3262 4073/3882/3263
f 2489/2375/1987 2486/2372/1984 4072/3881/3262
f 2489/2375/1987 4072/3881/3262 4071/3880/3261
f 4034/3845/2018 4074/3883/2019 4075/3884/3264
f 4034/3845/2018 4075/3884/3264 4035/3846/3237
f 4076/3885/2022 4077/3886/3265 4075/3884/3264
f 4076/3885/2022 4075/3884/3264 4074/3883/2019
f 4067/3876/3258 4073/3882/3263 4075/3884/3264
f 4067/3876/3258 4075/3884/3264 4077/3886/3265
f 4038/3849/3239 4035/3846/3237 4075/3884/3264
f 4038/3849/3239 4075/3884/3264 4073/3882/3263
f 4078/3887/2154 4079/3888/3266 4080/3889/2026
f 4081/3887/2027 4082/3890/3267 4079/3888/3266
f 4067/3876/3258 4077/3886/3265 4079/3888/3266
f 4067/3876/3258 4079/3888/3266 4082/3890/3267
f 4076/3885/2022 4080/3889/2026 4079/3888/3266
f 4076/3885/2022 4079/3888/3266 4077/3886/3265
f 4083/3887/2029 4084/3891/2030 4085/3892/3268
f 4069/3878/2155 4068/3877/3259 4085/3892/3268
f 4069/3878/2155 4085/3892/3268 4084/3891/2030
f 4067/3876/3258 4082/3890/3267 4085/3892/3268
f 4067/3876/3258 4085/3892/3268 4068/3877/3259
f 4081/3887/2027 4085/3892/3268 4082/3890/3267
f 2671/2553/2137 4086/3893/3269 4087/3894/3270
f 2671/2553/2137 4087/3894/3270 2672/2554/2138
f 4088/3895/3271 4089/3896/3272 4087/3894/3270
f 4088/3895/3271 4087/3894/3270 4086/3893/3269
f 4090/3897/3273 4091/3898/3274 4087/3894/3270
f 4090/3897/3273 4087/3894/3270 4089/3896/3272
f 2675/2557/2141 2672/2554/2138 4087/3894/3270
f 2675/2557/2141 4087/3894/3270 4091/3898/3274
f 4092/3899/2018 4093/3900/2152 4094/3901/3275
f 4092/3899/2018 4094/3901/3275 4095/3902/3276
f 4096/3903/2153 4097/3904/3230 4094/3901/3275
f 4096/3903/2153 4094/3901/3275 4093/3900/2152
f 4090/3897/3273 4089/3896/3272 4094/3901/3275
f 4090/3897/3273 4094/3901/3275 4097/3904/3230
f 4088/3895/3271 4095/3902/3276 4094/3901/3275
f 4088/3895/3271 4094/3901/3275 4089/3896/3272
f 4098/3905/2154 4099/3906/3277 4100/3907/2026
f 4101/3905/2027 4102/3908/3278 4099/3906/3277
f 4090/3897/3273 4097/3904/3230 4099/3906/3277
f 4090/3897/3273 4099/3906/3277 4102/3908/3278
f 4096/3903/2153 4100/3907/2026 4099/3906/3277
f 4096/3903/2153 4099/3906/3277 4097/3904/3230
f 4103/3905/2029 4104/3909/2030 4105/3910/3279
f 4106/3911/2155 4107/3912/3280 4105/3910/3279
f 4106/3911/2155 4105/3910/3279 4104/3909/2030
f 4090/3897/3273 4102/3908/3278 4105/3910/3279
f 4090/3897/3273 4105/3910/3279 4107/3912/3280
f 4101/3905/2027 4105/3910/3279 4102/3908/3278
f 4050/3861/2018 4053/3864/3251 4108/3913/3281
f 4050/3861/2018 4108/3913/3281 4109/3914/2157
f 4048/3859/3248 4110/3915/3282 4108/3913/3281
f 4048/3859/3248 4108/3913/3281 4053/3864/3251
f 4090/3897/3273 4107/3912/3280 4108/3913/3281
f 4090/3897/3273 4108/3913/3281 4110/3915/3282
f 4106/3911/2155 4109/3914/2157 4108/3913/3281
f 4106/3911/2155 4108/3913/3281 4107/3912/3280
f 2479/2365/1977 2678/2560/2144 4111/3916/3283
f 2479/2365/1977 4111/3916/3283 4046/3857/3246
f 2675/2557/2141 4091/3898/3274 4111/3916/3283
f 2675/2557/2141 4111/3916/3283 2678/2560/2144
f 4090/3897/3273 4110/3915/3282 4111/3916/3283
f 4090/3897/3273 4111/3916/3283 4091/3898/3274
f 4048/3859/3248 4046/3857/3246 4111/3916/3283
f 4048/3859/3248 4111/3916/3283 4110/3915/3282
f 2665/2547/2131 2711/2591/2159 4112/3917/3225
f 2665/2547/2131 4112/3917/3225 2666/2548/2132
f 2708/2588/2037 4113/3918/3226 4112/3917/3225
f 2708/2588/2037 4112/3917/3225 2711/2591/2159
f 4114/3919/3227 4115/3920/3228 4112/3917/3225
f 4114/3919/3227 4112/3917/3225 4113/3918/3226
f 2669/2551/2135 2666/2548/2132 4112/3917/3225
f 2669/2551/2135 4112/3917/3225 4115/3920/3228
f 2704/2584/2018 4116/3921/2152 4117/3922/3229
f 2704/2584/2018 4117/3922/3229 2705/2585/2034
f 4118/3923/2153 4119/3924/3230 4117/3922/3229
f 4118/3923/2153 4117/3922/3229 4116/3921/2152
f 4114/3919/3227 4113/3918/3226 4117/3922/3229
f 4114/3919/3227 4117/3922/3229 4119/3924/3230
f 2708/2588/2037 2705/2585/2034 4117/3922/3229
f 2708/2588/2037 4117/3922/3229 4113/3918/3226
f 4120/3925/2154 4121/3926/3214 4122/3927/2266
f 4123/3925/2027 4124/3928/3231 4121/3926/3214
f 4114/3919/3227 4119/3924/3230 4121/3926/3214
f 4114/3919/3227 4121/3926/3214 4124/3928/3231
f 4118/3923/2153 4122/3927/2266 4121/3926/3214
f 4118/3923/2153 4121/3926/3214 4119/3924/3230
f 4125/3925/2029 4126/3929/2030 4127/3930/3284
f 4128/3931/2155 4129/3932/3233 4127/3930/3284
f 4128/3931/2155 4127/3930/3284 4126/3929/2030
f 4114/3919/3227 4124/3928/3231 4127/3930/3284
f 4114/3919/3227 4127/3930/3284 4129/3932/3233
f 4123/3925/2027 4127/3930/3284 4124/3928/3231
f 4092/3899/2018 4095/3902/3276 4130/3933/3234
f 4092/3899/2018 4130/3933/3234 4131/3934/2157
f 4088/3895/3271 4132/3935/3285 4130/3933/3234
f 4088/3895/3271 4130/3933/3234 4095/3902/3276
f 4114/3919/3227 4129/3932/3233 4130/3933/3234
f 4114/3919/3227 4130/3933/3234 4132/3935/3285
f 4128/3931/2155 4131/3934/2157 4130/3933/3234
f 4128/3931/2155 4130/3933/3234 4129/3932/3233
f 2671/2553/2137 2674/2556/2140 4133/3936/3286
f 2671/2553/2137 4133/3936/3286 4086/3893/3269
f 2669/2551/2135 4115/3920/3228 4133/3936/3286
f 2669/2551/2135 4133/3936/3286 2674/2556/2140
f 4114/3919/3227 4132/3935/3285 4133/3936/3286
f 4114/3919/3227 4133/3936/3286 4115/3920/3228
f 4088/3895/3271 4086/3893/3269 4133/3936/3286
f 4088/3895/3271 4133/3936/3286 4132/3935/3285
f 4134/3937/2018 4135/3938/3237 4136/3939/3238
f 4134/3937/2018 4136/3939/3238 4137/3940/2157
f 4138/3941/3239 4139/3942/3240 4136/3939/3238
f 4138/3941/3239 4136/3939/3238 4135/3938/3237
f 4140/3943/3241 4141/3944/3242 4136/3939/3238
f 4140/3943/3241 4136/3939/3238 4139/3942/3240
f 4142/3945/2155 4137/3940/2157 4136/3939/3238
f 4142/3945/2155 4136/3939/3238 4141/3944/3242
f 2653/2535/2119 2656/2538/2122 4143/3946/3287
f 2653/2535/2119 4143/3946/3287 4144/3947/3288
f 2651/2533/2117 4145/3948/3289 4143/3946/3287
f 2651/2533/2117 4143/3946/3287 2656/2538/2122
f 4140/3943/3241 4139/3942/3240 4143/3946/3287
f 4140/3943/3241 4143/3946/3287 4145/3948/3289
f 4138/3941/3239 4144/3947/3288 4143/3946/3287
f 4138/3941/3239 4143/3946/3287 4139/3942/3240
f 2647/2529/2113 4146/3949/3290 4147/3950/3291
f 2647/2529/2113 4147/3950/3291 2648/2530/2114
f 4148/3951/3292 4149/3952/3249 4147/3950/3291
f 4148/3951/3292 4147/3950/3291 4146/3949/3290
f 4140/3943/3241 4145/3948/3289 4147/3950/3291
f 4140/3943/3241 4147/3950/3291 4149/3952/3249
f 2651/2533/2117 2648/2530/2114 4147/3950/3291
f 2651/2533/2117 4147/3950/3291 4145/3948/3289
f 4150/3953/2018 4151/3954/2152 4152/3955/3250
f 4150/3953/2018 4152/3955/3250 4153/3956/3293
f 4154/3957/2153 4155/3958/3294 4152/3955/3250
f 4154/3957/2153 4152/3955/3250 4151/3954/2152
f 4140/3943/3241 4149/3952/3249 4152/3955/3250
f 4140/3943/3241 4152/3955/3250 4155/3958/3294
f 4148/3951/3292 4153/3956/3293 4152/3955/3250
f 4148/3951/3292 4152/3955/3250 4149/3952/3249
f 4156/3959/2154 4157/3960/3253 4158/3961/2266
f 4159/3959/2027 4160/3962/3295 4157/3960/3253
f 4140/3943/3241 4155/3958/3294 4157/3960/3253
f 4140/3943/3241 4157/3960/3253 4160/3962/3295
f 4154/3957/2153 4158/3961/2266 4157/3960/3253
f 4154/3957/2153 4157/3960/3253 4155/3958/3294
f 4161/3959/2029 4162/3963/2030 4163/3964/3268
f 4142/3945/2155 4141/3944/3242 4163/3964/3268
f 4142/3945/2155 4163/3964/3268 4162/3963/2030
f 4140/3943/3241 4160/3962/3295 4163/3964/3268
f 4140/3943/3241 4163/3964/3268 4141/3944/3242
f 4159/3959/2027 4163/3964/3268 4160/3962/3295
f 2688/2570/2018 2691/2573/2021 4164/3965/3256
f 2688/2570/2018 4164/3965/3256 4165/3966/2157
f 2684/2566/2150 4166/3967/3257 4164/3965/3256
f 2684/2566/2150 4164/3965/3256 2691/2573/2021
f 4167/3968/3296 4168/3969/3259 4164/3965/3256
f 4167/3968/3296 4164/3965/3256 4166/3967/3257
f 4169/3970/2155 4165/3966/2157 4164/3965/3256
f 4169/3970/2155 4164/3965/3256 4168/3969/3259
f 2659/2541/2125 2662/2544/2128 4170/3971/3297
f 2659/2541/2125 4170/3971/3297 2682/2564/2148
f 2657/2539/2123 4171/3972/3298 4170/3971/3297
f 2657/2539/2123 4170/3971/3297 2662/2544/2128
f 4167/3968/3296 4166/3967/3257 4170/3971/3297
f 4167/3968/3296 4170/3971/3297 4171/3972/3298
f 2684/2566/2150 2682/2564/2148 4170/3971/3297
f 2684/2566/2150 4170/3971/3297 4166/3967/3257
f 2653/2535/2119 4144/3947/3288 4172/3973/3262
f 2653/2535/2119 4172/3973/3262 2654/2536/2120
f 4138/3941/3239 4173/3974/3263 4172/3973/3262
f 4138/3941/3239 4172/3973/3262 4144/3947/3288
f 4167/3968/3296 4171/3972/3298 4172/3973/3262
f 4167/3968/3296 4172/3973/3262 4173/3974/3263
f 2657/2539/2123 2654/2536/2120 4172/3973/3262
f 2657/2539/2123 4172/3973/3262 4171/3972/3298
f 4134/3937/2018 4174/3975/2152 4175/3976/3264
f 4134/3937/2018 4175/3976/3264 4135/3938/3237
f 4176/3977/2153 4177/3978/3299 4175/3976/3264
f 4176/3977/2153 4175/3976/3264 4174/3975/2152
f 4167/3968/3296 4173/3974/3263 4175/3976/3264
f 4167/3968/3296 4175/3976/3264 4177/3978/3299
f 4138/3941/3239 4135/3938/3237 4175/3976/3264
f 4138/3941/3239 4175/3976/3264 4173/3974/3263
f 4178/3979/2154 4179/3980/3300 4180/3981/2266
f 4181/3979/2027 4182/3982/3267 4179/3980/3300
f 4167/3968/3296 4177/3978/3299 4179/3980/3300
f 4167/3968/3296 4179/3980/3300 4182/3982/3267
f 4176/3977/2153 4180/3981/2266 4179/3980/3300
f 4176/3977/2153 4179/3980/3300 4177/3978/3299
f 4183/3979/2029 4184/3983/2030 4185/3984/3268
f 4169/3970/2155 4168/3969/3259 4185/3984/3268
f 4169/3970/2155 4185/3984/3268 4184/3983/2030
f 4167/3968/3296 4182/3982/3267 4185/3984/3268
f 4167/3968/3296 4185/3984/3268 4168/3969/3259
f 4181/3979/2027 4185/3984/3268 4182/3982/3267
f 2839/2717/2251 4186/3985/3301 4187/3986/3302
f 2839/2717/2251 4187/3986/3302 2840/2718/2252
f 4188/3987/3303 4189/3988/3272 4187/3986/3302
f 4188/3987/3303 4187/3986/3302 4186/3985/3301
f 4190/3989/3273 4191/3990/3304 4187/3986/3302
f 4190/3989/3273 4187/3986/3302 4189/3988/3272
f 2843/2721/2255 2840/2718/2252 4187/3986/3302
f 2843/2721/2255 4187/3986/3302 4191/3990/3304
f 4192/3991/2018 4193/3992/2152 4194/3993/3305
f 4192/3991/2018 4194/3993/3305 4195/3994/3306
f 4196/3995/2153 4197/3996/3230 4194/3993/3305
f 4196/3995/2153 4194/3993/3305 4193/3992/2152
f 4190/3989/3273 4189/3988/3272 4194/3993/3305
f 4190/3989/3273 4194/3993/3305 4197/3996/3230
f 4188/3987/3303 4195/3994/3306 4194/3993/3305
f 4188/3987/3303 4194/3993/3305 4189/3988/3272
f 4198/3997/2154 4199/3998/3214 4200/3999/2266
f 4201/3997/2027 4202/4000/3278 4199/3998/3214
f 4190/3989/3273 4197/3996/3230 4199/3998/3214
f 4190/3989/3273 4199/3998/3214 4202/4000/3278
f 4196/3995/2153 4200/3999/2266 4199/3998/3214
f 4196/3995/2153 4199/3998/3214 4197/3996/3230
f 4203/3997/2029 4204/4001/2030 4205/4002/3279
f 4206/4003/2155 4207/4004/3307 4205/4002/3279
f 4206/4003/2155 4205/4002/3279 4204/4001/2030
f 4190/3989/3273 4202/4000/3278 4205/4002/3279
f 4190/3989/3273 4205/4002/3279 4207/4004/3307
f 4201/3997/2027 4205/4002/3279 4202/4000/3278
f 4150/3953/2018 4153/3956/3293 4208/4005/3281
f 4150/3953/2018 4208/4005/3281 4209/4006/2157
f 4148/3951/3292 4210/4007/3282 4208/4005/3281
f 4148/3951/3292 4208/4005/3281 4153/3956/3293
f 4190/3989/3273 4207/4004/3307 4208/4005/3281
f 4190/3989/3273 4208/4005/3281 4210/4007/3282
f 4206/4003/2155 4209/4006/2157 4208/4005/3281
f 4206/4003/2155 4208/4005/3281 4207/4004/3307
f 2647/2529/2113 2846/2724/2258 4211/4008/3308
f 2647/2529/2113 4211/4008/3308 4146/3949/3290
f 2843/2721/2255 4191/3990/3304 4211/4008/3308
f 2843/2721/2255 4211/4008/3308 2846/2724/2258
f 4190/3989/3273 4210/4007/3282 4211/4008/3308
f 4190/3989/3273 4211/4008/3308 4191/3990/3304
f 4148/3951/3292 4146/3949/3290 4211/4008/3308
f 4148/3951/3292 4211/4008/3308 4210/4007/3282
f 2833/2711/2245 2879/2755/2269 4212/4009/3309
f 2833/2711/2245 4212/4009/3309 2834/2712/2246
f 2876/2752/2037 4213/4010/3226 4212/4009/3309
f 2876/2752/2037 4212/4009/3309 2879/2755/2269
f 4214/4011/3227 4215/4012/3310 4212/4009/3309
f 4214/4011/3227 4212/4009/3309 4213/4010/3226
f 2837/2715/2249 2834/2712/2246 4212/4009/3309
f 2837/2715/2249 4212/4009/3309 4215/4012/3310
f 2872/2748/2018 4216/4013/2152 4217/4014/3229
f 2872/2748/2018 4217/4014/3229 2873/2749/2267
f 4218/4015/2153 4219/4016/3230 4217/4014/3229
f 4218/4015/2153 4217/4014/3229 4216/4013/2152
f 4214/4011/3227 4213/4010/3226 4217/4014/3229
f 4214/4011/3227 4217/4014/3229 4219/4016/3230
f 2876/2752/2037 2873/2749/2267 4217/4014/3229
f 2876/2752/2037 4217/4014/3229 4213/4010/3226
f 4220/4017/2154 4221/4018/3311 4222/4019/2266
f 4223/4017/2027 4224/4020/3231 4221/4018/3311
f 4214/4011/3227 4219/4016/3230 4221/4018/3311
f 4214/4011/3227 4221/4018/3311 4224/4020/3231
f 4218/4015/2153 4222/4019/2266 4221/4018/3311
f 4218/4015/2153 4221/4018/3311 4219/4016/3230
f 4225/4017/2029 4226/4021/2030 4227/4022/3284
f 4228/4023/2155 4229/4024/3233 4227/4022/3284
f 4228/4023/2155 4227/4022/3284 4226/4021/2030
f 4214/4011/3227 4224/4020/3231 4227/4022/3284
f 4214/4011/3227 4227/4022/3284 4229/4024/3233
f 4223/4017/2027 4227/4022/3284 4224/4020/3231
f 4192/3991/2018 4195/3994/3306 4230/4025/3234
f 4192/3991/2018 4230/4025/3234 4231/4026/2157
f 4188/3987/3303 4232/4027/3235 4230/4025/3234
f 4188/3987/3303 4230/4025/3234 4195/3994/3306
f 4214/4011/3227 4229/4024/3233 4230/4025/3234
f 4214/4011/3227 4230/4025/3234 4232/4027/3235
f 4228/4023/2155 4231/4026/2157 4230/4025/3234
f 4228/4023/2155 4230/4025/3234 4229/4024/3233
f 2839/2717/2251 2842/2720/2254 4233/4028/3312
f 2839/2717/2251 4233/4028/3312 4186/3985/3301
f 2837/2715/2249 4215/4012/3310 4233/4028/3312
f 2837/2715/2249 4233/4028/3312 2842/2720/2254
f 4214/4011/3227 4232/4027/3235 4233/4028/3312
f 4214/4011/3227 4233/4028/3312 4215/4012/3310
f 4188/3987/3303 4186/3985/3301 4233/4028/3312
f 4188/3987/3303 4233/4028/3312 4232/4027/3235
f 4234/4029/2018 4235/4030/3237 4236/4031/3313
f 4234/4029/2018 4236/4031/3313 4237/4032/2157
f 4238/4033/3314 4239/4034/3315 4236/4031/3313
f 4238/4033/3314 4236/4031/3313 4235/4030/3237
f 4240/4035/3316 4241/4036/3259 4236/4031/3313
f 4240/4035/3316 4236/4031/3313 4239/4034/3315
f 4242/4037/2155 4237/4032/2157 4236/4031/3313
f 4242/4037/2155 4236/4031/3313 4241/4036/3259
f 2821/2699/2233 2824/2702/2236 4243/4038/3317
f 2821/2699/2233 4243/4038/3317 4244/4039/3318
f 2819/2697/2231 4245/4040/3319 4243/4038/3317
f 2819/2697/2231 4243/4038/3317 2824/2702/2236
f 4240/4035/3316 4239/4034/3315 4243/4038/3317
f 4240/4035/3316 4243/4038/3317 4245/4040/3319
f 4238/4033/3314 4244/4039/3318 4243/4038/3317
f 4238/4033/3314 4243/4038/3317 4239/4034/3315
f 2815/2693/2227 4246/4041/3320 4247/4042/3321
f 2815/2693/2227 4247/4042/3321 2816/2694/2228
f 4248/4043/3322 4249/4044/3323 4247/4042/3321
f 4248/4043/3322 4247/4042/3321 4246/4041/3320
f 4240/4035/3316 4245/4040/3319 4247/4042/3321
f 4240/4035/3316 4247/4042/3321 4249/4044/3323
f 2819/2697/2231 2816/2694/2228 4247/4042/3321
f 2819/2697/2231 4247/4042/3321 4245/4040/3319
f 4250/4045/3324 4251/4046/3325 4252/4047/3326
f 4250/4045/3324 4252/4047/3326 4253/4048/3327
f 4254/4049/3328 4255/4050/3329 4252/4047/3326
f 4254/4049/3328 4252/4047/3326 4251/4046/3325
f 4240/4035/3316 4249/4044/3323 4252/4047/3326
f 4240/4035/3316 4252/4047/3326 4255/4050/3329
f 4248/4043/3322 4253/4048/3327 4252/4047/3326
f 4248/4043/3322 4252/4047/3326 4249/4044/3323
f 4256/4051/2154 4257/4052/3330 4258/4053/3331
f 4259/4051/2027 4260/4054/3332 4257/4052/3330
f 4240/4035/3316 4255/4050/3329 4257/4052/3330
f 4240/4035/3316 4257/4052/3330 4260/4054/3332
f 4254/4049/3328 4258/4053/3331 4257/4052/3330
f 4254/4049/3328 4257/4052/3330 4255/4050/3329
f 4261/4051/3333 4262/4055/2030 4263/4056/3268
f 4242/4037/2155 4241/4036/3259 4263/4056/3268
f 4242/4037/2155 4263/4056/3268 4262/4055/2030
f 4240/4035/3316 4260/4054/3332 4263/4056/3268
f 4240/4035/3316 4263/4056/3268 4241/4036/3259
f 4259/4051/2027 4263/4056/3268 4260/4054/3332
f 2856/2734/2018 2859/2737/2021 4264/4057/3256
f 2856/2734/2018 4264/4057/3256 4265/4058/2157
f 2852/2730/2150 4266/4059/3334 4264/4057/3256
f 2852/2730/2150 4264/4057/3256 2859/2737/2021
f 4267/4060/3335 4268/4061/3259 4264/4057/3256
f 4267/4060/3335 4264/4057/3256 4266/4059/3334
f 4269/4062/2155 4265/4058/2157 4264/4057/3256
f 4269/4062/2155 4264/4057/3256 4268/4061/3259
f 2827/2705/2239 2830/2708/2242 4270/4063/3336
f 2827/2705/2239 4270/4063/3336 2850/2728/2262
f 2825/2703/2237 4271/4064/3337 4270/4063/3336
f 2825/2703/2237 4270/4063/3336 2830/2708/2242
f 4267/4060/3335 4266/4059/3334 4270/4063/3336
f 4267/4060/3335 4270/4063/3336 4271/4064/3337
f 2852/2730/2150 2850/2728/2262 4270/4063/3336
f 2852/2730/2150 4270/4063/3336 4266/4059/3334
f 2821/2699/2233 4244/4039/3318 4272/4065/3338
f 2821/2699/2233 4272/4065/3338 2822/2700/2234
f 4238/4033/3314 4273/4066/3339 4272/4065/3338
f 4238/4033/3314 4272/4065/3338 4244/4039/3318
f 4267/4060/3335 4271/4064/3337 4272/4065/3338
f 4267/4060/3335 4272/4065/3338 4273/4066/3339
f 2825/2703/2237 2822/2700/2234 4272/4065/3338
f 2825/2703/2237 4272/4065/3338 4271/4064/3337
f 4234/4029/2018 4274/4067/2152 4275/4068/3264
f 4234/4029/2018 4275/4068/3264 4235/4030/3237
f 4276/4069/2153 4277/4070/3299 4275/4068/3264
f 4276/4069/2153 4275/4068/3264 4274/4067/2152
f 4267/4060/3335 4273/4066/3339 4275/4068/3264
f 4267/4060/3335 4275/4068/3264 4277/4070/3299
f 4238/4033/3314 4235/4030/3237 4275/4068/3264
f 4238/4033/3314 4275/4068/3264 4273/4066/3339
f 4278/4071/2154 4279/4072/3300 4280/4073/2266
f 4281/4071/2027 4282/4074/3267 4279/4072/3300
f 4267/4060/3335 4277/4070/3299 4279/4072/3300
f 4267/4060/3335 4279/4072/3300 4282/4074/3267
f 4276/4069/2153 4280/4073/2266 4279/4072/3300
f 4276/4069/2153 4279/4072/3300 4277/4070/3299
f 4283/4071/2029 4284/4075/2030 4285/4076/3268
f 4269/4062/2155 4268/4061/3259 4285/4076/3268
f 4269/4062/2155 4285/4076/3268 4284/4075/2030
f 4267/4060/3335 4282/4074/3267 4285/4076/3268
f 4267/4060/3335 4285/4076/3268 4268/4061/3259
f 4281/4071/2027 4285/4076/3268 4282/4074/3267
f 3007/2881/2397 4286/4077/3340 4287/4078/3341
f 3007/2881/2397 4287/4078/3341 3008/2882/2398
f 4288/4079/3342 4289/4080/3343 4287/4078/3341
f 4288/4079/3342 4287/4078/3341 4286/4077/3340
f 4290/4081/3344 4291/4082/3345 4287/4078/3341
f 4290/4081/3344 4287/4078/3341 4289/4080/3343
f 3011/2885/2401 3008/2882/2398 4287/4078/3341
f 3011/2885/2401 4287/4078/3341 4291/4082/3345
f 4292/4083/1867 4293/4084/3346 4294/4085/3347
f 4292/4083/1867 4294/4085/3347 4295/4086/1884
f 4296/4087/3348 4297/4088/3349 4294/4085/3347
f 4296/4087/3348 4294/4085/3347 4293/4084/3346
f 4290/4081/3344 4289/4080/3343 4294/4085/3347
f 4290/4081/3344 4294/4085/3347 4297/4088/3349
f 4288/4079/3342 4295/4086/1884 4294/4085/3347
f 4288/4079/3342 4294/4085/3347 4289/4080/3343
f 4298/4089/3350 4299/4090/3351 4300/4091/3352
f 4301/4089/3353 4302/4092/3354 4299/4090/3351
f 4290/4081/3344 4297/4088/3349 4299/4090/3351
f 4290/4081/3344 4299/4090/3351 4302/4092/3354
f 4296/4087/3348 4300/4091/3352 4299/4090/3351
f 4296/4087/3348 4299/4090/3351 4297/4088/3349
f 4303/4089/3355 4304/4093/3356 4305/4094/3357
f 4306/4095/3358 4307/4096/3359 4305/4094/3357
f 4306/4095/3358 4305/4094/3357 4304/4093/3356
f 4290/4081/3344 4302/4092/3354 4305/4094/3357
f 4290/4081/3344 4305/4094/3357 4307/4096/3359
f 4308/4097/3360 4309/4098/3357 4310/4099/3361
f 4250/4045/3324 4253/4048/3327 4311/4100/3362
f 4250/4045/3324 4311/4100/3362 4312/4101/3363
f 4248/4043/3322 4313/4102/3364 4311/4100/3362
f 4248/4043/3322 4311/4100/3362 4253/4048/3327
f 4290/4081/3344 4307/4096/3359 4311/4100/3362
f 4290/4081/3344 4311/4100/3362 4313/4102/3364
f 4306/4095/3358 4312/4101/3363 4311/4100/3362
f 4306/4095/3358 4311/4100/3362 4307/4096/3359
f 2815/2693/2227 3014/2888/2404 4314/4103/3365
f 2815/2693/2227 4314/4103/3365 4246/4041/3320
f 3011/2885/2401 4291/4082/3345 4314/4103/3365
f 3011/2885/2401 4314/4103/3365 3014/2888/2404
f 4290/4081/3344 4313/4102/3364 4314/4103/3365
f 4290/4081/3344 4314/4103/3365 4291/4082/3345
f 4248/4043/3322 4246/4041/3320 4314/4103/3365
f 4248/4043/3322 4314/4103/3365 4313/4102/3364
f 3001/2875/2391 3050/2922/2439 4315/4104/3366
f 3001/2875/2391 4315/4104/3366 3002/2876/2392
f 3047/2919/2436 4316/4105/3367 4315/4104/3366
f 3047/2919/2436 4315/4104/3366 3050/2922/2439
f 4317/4106/2412 4318/4107/3368 4315/4104/3366
f 4317/4106/2412 4315/4104/3366 4316/4105/3367
f 3005/2879/2395 3002/2876/2392 4315/4104/3366
f 3005/2879/2395 4315/4104/3366 4318/4107/3368
f 3043/2915/2433 4319/4108/3369 4320/4109/3370
f 3043/2915/2433 4320/4109/3370 3044/2916/1884
f 4321/4110/3371 4322/4111/3372 4320/4109/3370
f 4321/4110/3371 4320/4109/3370 4319/4108/3369
f 4317/4106/2412 4316/4105/3367 4320/4109/3370
f 4317/4106/2412 4320/4109/3370 4322/4111/3372
f 3047/2919/2436 3044/2916/1884 4320/4109/3370
f 3047/2919/2436 4320/4109/3370 4316/4105/3367
f 4323/4112/3373 4324/4113/3374 4325/4114/3375
f 4326/4112/3376 4327/4115/3377 4324/4113/3374
f 4317/4106/2412 4322/4111/3372 4324/4113/3374
f 4317/4106/2412 4324/4113/3374 4327/4115/3377
f 4321/4110/3371 4325/4114/3375 4324/4113/3374
f 4321/4110/3371 4324/4113/3374 4322/4111/3372
f 4328/4112/3378 4329/4116/3379 4330/4117/3380
f 4331/4118/3381 4332/4119/3382 4330/4117/3380
f 4331/4118/3381 4330/4117/3380 4329/4116/3379
f 4317/4106/2412 4327/4115/3377 4330/4117/3380
f 4317/4106/2412 4330/4117/3380 4332/4119/3382
f 4326/4112/3376 4330/4117/3380 4327/4115/3377
f 4292/4083/1867 4295/4086/1884 4333/4120/3383
f 4292/4083/1867 4333/4120/3383 4334/4121/3384
f 4288/4079/3342 4335/4122/3385 4333/4120/3383
f 4288/4079/3342 4333/4120/3383 4295/4086/1884
f 4317/4106/2412 4332/4119/3382 4333/4120/3383
f 4317/4106/2412 4333/4120/3383 4335/4122/3385
f 4331/4118/3381 4334/4121/3384 4333/4120/3383
f 4331/4118/3381 4333/4120/3383 4332/4119/3382
f 3007/2881/2397 3010/2884/2400 4336/4123/3386
f 3007/2881/2397 4336/4123/3386 4286/4077/3340
f 3005/2879/2395 4318/4107/3368 4336/4123/3386
f 3005/2879/2395 4336/4123/3386 3010/2884/2400
f 4317/4106/2412 4335/4122/3385 4336/4123/3386
f 4317/4106/2412 4336/4123/3386 4318/4107/3368
f 4288/4079/3342 4286/4077/3340 4336/4123/3386
f 4288/4079/3342 4336/4123/3386 4335/4122/3385
f 4337/4124/3387 4338/4125/2417 4339/4126/3388
f 4337/4124/3387 4339/4126/3388 4340/4127/3389
f 4341/4128/3390 4342/4129/3391 4339/4126/3388
f 4341/4128/3390 4339/4126/3388 4338/4125/2417
f 4343/4130/3392 4344/4131/3393 4339/4126/3388
f 4343/4130/3392 4339/4126/3388 4342/4129/3391
f 4345/4132/3394 4340/4127/3389 4339/4126/3388
f 4345/4132/3394 4339/4126/3388 4344/4131/3393
f 2989/2863/2379 2992/2866/2382 4346/4133/3395
f 2989/2863/2379 4346/4133/3395 4347/4134/3396
f 2987/2861/2377 4348/4135/3397 4346/4133/3395
f 2987/2861/2377 4346/4133/3395 2992/2866/2382
f 4343/4130/3392 4342/4129/3391 4346/4133/3395
f 4343/4130/3392 4346/4133/3395 4348/4135/3397
f 4341/4128/3390 4347/4134/3396 4346/4133/3395
f 4341/4128/3390 4346/4133/3395 4342/4129/3391
f 2983/2857/2373 4349/4136/3398 4350/4137/3399
f 2983/2857/2373 4350/4137/3399 2984/2858/2374
f 4351/4138/3400 4352/4139/3401 4350/4137/3399
f 4351/4138/3400 4350/4137/3399 4349/4136/3398
f 4343/4130/3392 4348/4135/3397 4350/4137/3399
f 4343/4130/3392 4350/4137/3399 4352/4139/3401
f 2987/2861/2377 2984/2858/2374 4350/4137/3399
f 2987/2861/2377 4350/4137/3399 4348/4135/3397
f 4353/4140/3402 4354/4141/3403 4355/4142/3404
f 4353/4140/3402 4355/4142/3404 4356/4143/3405
f 4357/4144/3406 4358/4145/3407 4355/4142/3404
f 4357/4144/3406 4355/4142/3404 4354/4141/3403
f 4343/4130/3392 4352/4139/3401 4355/4142/3404
f 4343/4130/3392 4355/4142/3404 4358/4145/3407
f 4351/4138/3400 4356/4143/3405 4355/4142/3404
f 4351/4138/3400 4355/4142/3404 4352/4139/3401
f 4359/4146/3408 4360/4147/3409 4361/4148/3410
f 4359/4146/3408 4361/4148/3410 4362/4149/3411
f 4363/4150/3412 4364/4151/3413 4365/4152/3414
f 4363/4150/3412 4365/4152/3414 4366/4150/3415
f 4343/4130/3392 4358/4145/3407 4361/4148/3410
f 4343/4130/3392 4361/4148/3410 4367/4153/3416
f 4357/4144/3406 4362/4149/3411 4361/4148/3410
f 4357/4144/3406 4361/4148/3410 4358/4145/3407
f 4368/4154/3417 4369/4155/3418 4370/4156/3419
f 4345/4132/3394 4344/4131/3393 4370/4156/3419
f 4345/4132/3394 4370/4156/3419 4369/4155/3418
f 4343/4130/3392 4367/4153/3416 4370/4156/3419
f 4343/4130/3392 4370/4156/3419 4344/4131/3393
f 4371/4154/3420 4372/4154/3421 4370/4156/3419
f 4371/4154/3420 4370/4156/3419 4367/4153/3416
f 3024/2898/2414 3027/2901/2417 4373/4157/3422
f 3024/2898/2414 4373/4157/3422 4374/4158/3423
f 3020/2894/2410 4375/4159/3424 4373/4157/3422
f 3020/2894/2410 4373/4157/3422 3027/2901/2417
f 4376/4160/3425 4377/4161/3426 4373/4157/3422
f 4376/4160/3425 4373/4157/3422 4375/4159/3424
f 4378/4162/3427 4374/4158/3423 4373/4157/3422
f 4378/4162/3427 4373/4157/3422 4377/4161/3426
f 2995/2869/2385 2998/2872/2388 4379/4163/3428
f 2995/2869/2385 4379/4163/3428 3018/2892/2408
f 2993/2867/2383 4380/4164/3429 4379/4163/3428
f 2993/2867/2383 4379/4163/3428 2998/2872/2388
f 4376/4160/3425 4375/4159/3424 4379/4163/3428
f 4376/4160/3425 4379/4163/3428 4380/4164/3429
f 3020/2894/2410 3018/2892/2408 4379/4163/3428
f 3020/2894/2410 4379/4163/3428 4375/4159/3424
f 2989/2863/2379 4347/4134/3396 4381/4165/3430
f 2989/2863/2379 4381/4165/3430 2990/2864/2380
f 4341/4128/3390 4382/4166/3431 4381/4165/3430
f 4341/4128/3390 4381/4165/3430 4347/4134/3396
f 4376/4160/3425 4380/4164/3429 4381/4165/3430
f 4376/4160/3425 4381/4165/3430 4382/4166/3431
f 2993/2867/2383 2990/2864/2380 4381/4165/3430
f 2993/2867/2383 4381/4165/3430 4380/4164/3429
f 4337/4124/3387 4383/4167/3432 4384/4168/3433
f 4337/4124/3387 4384/4168/3433 4338/4125/2417
f 4385/4169/3434 4386/4170/3435 4384/4168/3433
f 4385/4169/3434 4384/4168/3433 4383/4167/3432
f 4376/4160/3425 4382/4166/3431 4384/4168/3433
f 4376/4160/3425 4384/4168/3433 4386/4170/3435
f 4341/4128/3390 4338/4125/2417 4384/4168/3433
f 4341/4128/3390 4384/4168/3433 4382/4166/3431
f 4387/4171/3436 4388/4172/3437 4389/4173/3438
f 4390/4174/3439 4391/4175/3440 4392/4176/3437
f 4376/4160/3425 4386/4170/3435 4388/4172/3437
f 4376/4160/3425 4388/4172/3437 4393/4177/3440
f 4385/4169/3434 4389/4173/3438 4388/4172/3437
f 4385/4169/3434 4388/4172/3437 4386/4170/3435
f 4394/4171/3441 4395/4178/3442 4396/4179/3443
f 4378/4162/3427 4377/4161/3426 4396/4179/3443
f 4378/4162/3427 4396/4179/3443 4395/4178/3442
f 4376/4160/3425 4393/4177/3440 4396/4179/3443
f 4376/4160/3425 4396/4179/3443 4377/4161/3426
f 4397/4171/3444 4396/4179/3443 4393/4177/3440
f 3897/3719/3118 3900/3722/3121 4398/4180/3445
f 3897/3719/3118 4398/4180/3445 4399/4181/3446
f 3891/3714/3114 4400/4182/3447 4398/4180/3445
f 3891/3714/3114 4398/4180/3445 3900/3722/3121
f 4401/4183/3448 4402/4184/3449 4398/4180/3445
f 4401/4183/3448 4398/4180/3445 4400/4182/3447
f 4403/4185/3450 4399/4181/3446 4398/4180/3445
f 4403/4185/3450 4398/4180/3445 4402/4184/3449
f 3887/3710/3110 4404/4186/3451 4405/4187/3452
f 3887/3710/3110 4405/4187/3452 3888/3711/3111
f 4406/4188/3453 4408/4189/3454 4409/4187/3452
f 4406/4188/3453 4409/4187/3452 4410/4190/3455
f 4401/4183/3448 4400/4182/3447 4405/4187/3452
f 4401/4183/3448 4405/4187/3452 4407/4189/3456
f 3891/3714/3114 3888/3711/3111 4405/4187/3452
f 3891/3714/3114 4405/4187/3452 4400/4182/3447
f 1694/1632/1385 1697/1634/1388 4411/4191/3457
f 1694/1632/1385 4411/4191/3457 4412/4192/3458
f 1692/1630/1383 4413/4193/3459 4411/4191/3457
f 1692/1630/1383 4411/4191/3457 1697/1634/1388
f 4414/4194/3460 4415/4195/3456 4411/4191/3457
f 4414/4194/3460 4411/4191/3457 4413/4193/3459
f 4416/4196/3461 4412/4192/3458 4411/4191/3457
f 4416/4196/3461 4411/4191/3457 4415/4195/3456
f 1688/1626/1379 4417/4197/3462 4418/4198/3463
f 1688/1626/1379 4418/4198/3463 1689/1627/1380
f 4419/4199/3464 4420/4200/3465 4418/4198/3463
f 4419/4199/3464 4418/4198/3463 4417/4197/3462
f 4414/4194/3460 4413/4193/3459 4418/4198/3463
f 4414/4194/3460 4418/4198/3463 4420/4200/3465
f 1692/1630/1383 1689/1627/1380 4418/4198/3463
f 1692/1630/1383 4418/4198/3463 4413/4193/3459
f 4421/4201/3466 4422/4202/3467 4423/4203/3468
f 4421/4201/3466 4423/4203/3468 4424/4204/3469
f 4425/4205/3470 4426/4206/3471 4423/4203/3468
f 4425/4205/3470 4423/4203/3468 4422/4202/3467
f 4414/4194/3460 4420/4200/3465 4423/4203/3468
f 4414/4194/3460 4423/4203/3468 4426/4206/3471
f 4419/4199/3464 4424/4204/3469 4423/4203/3468
f 4419/4199/3464 4423/4203/3468 4420/4200/3465
f 4427/4207/3472 4428/4208/3473 4429/4209/3474
f 4427/4207/3472 4429/4209/3474 4430/4210/3475
f 4431/4211/3476 4432/4212/3477 4429/4209/3474
f 4431/4211/3476 4429/4209/3474 4428/4208/3473
f 4414/4194/3460 4426/4206/3471 4429/4209/3474
f 4414/4194/3460 4429/4209/3474 4432/4212/3477
f 4425/4205/3470 4430/4210/3475 4429/4209/3474
f 4425/4205/3470 4429/4209/3474 4426/4206/3471
f 4433/4213/3478 4434/4214/3479 4435/4215/3480
f 4433/4213/3478 4435/4215/3480 4436/4216/3481
f 4437/4217/3482 4438/4218/3483 4435/4215/3480
f 4437/4217/3482 4435/4215/3480 4434/4214/3479
f 4401/4183/3448 4439/4219/3484 4435/4215/3480
f 4401/4183/3448 4435/4215/3480 4438/4218/3483
f 4440/4220/3485 4436/4216/3481 4435/4215/3480
f 4440/4220/3485 4435/4215/3480 4439/4219/3484
f 4441/4221/3486 4442/4222/3487 4443/4223/3488
f 4441/4221/3486 4443/4223/3488 4444/4224/3489
f 4403/4185/3450 4402/4184/3449 4445/4225/3488
f 4403/4185/3450 4445/4225/3488 4446/4226/3487
f 4401/4183/3448 4438/4218/3483 4445/4225/3488
f 4401/4183/3448 4445/4225/3488 4402/4184/3449
f 4447/4227/3490 4448/4228/3491 4445/4225/3488
f 4447/4227/3490 4445/4225/3488 4438/4218/3483
f 4441/4221/3486 4444/4224/3489 4449/4229/3492
f 4441/4221/3486 4449/4229/3492 4450/4230/3493
f 4451/4231/3494 4452/4232/3495 4449/4229/3492
f 4451/4231/3494 4449/4229/3492 4444/4224/3489
f 4453/4233/3496 4454/4234/3497 4449/4229/3492
f 4453/4233/3496 4449/4229/3492 4452/4232/3495
f 4455/4235/3498 4450/4230/3493 4449/4229/3492
f 4455/4235/3498 4449/4229/3492 4454/4234/3497
f 4433/4213/3478 4456/4236/3499 4457/4237/3500
f 4433/4213/3478 4457/4237/3500 4434/4214/3479
f 4458/4238/3501 4459/4239/3502 4457/4237/3500
f 4458/4238/3501 4457/4237/3500 4456/4236/3499
f 4453/4233/3496 4452/4232/3495 4460/4240/3500
f 4453/4233/3496 4460/4240/3500 4461/4241/3503
f 4451/4231/3494 4462/4242/3479 4460/4240/3500
f 4451/4231/3494 4460/4240/3500 4452/4232/3495
f 4463/4243/3504 4464/4244/3505 4465/4245/3506
f 4463/4243/3504 4465/4245/3506 4466/4246/3507
f 4467/4247/3508 4468/4248/3509 4465/4245/3506
f 4467/4247/3508 4465/4245/3506 4464/4244/3505
f 4469/4249/3510 4459/4239/3502 4465/4245/3506
f 4469/4249/3510 4465/4245/3506 4468/4248/3509
f 4458/4238/3501 4466/4246/3507 4465/4245/3506
f 4458/4238/3501 4465/4245/3506 4459/4239/3502
f 4470/4250/3511 4471/4251/3512 4472/4252/3513
f 4470/4250/3511 4472/4252/3513 4473/4253/3514
f 4474/4254/3498 4475/4255/3515 4477/4252/3516
f 4474/4254/3498 4477/4252/3516 4471/4251/3512
f 4469/4249/3510 4468/4248/3509 4472/4252/3513
f 4469/4249/3510 4472/4252/3513 4476/4255/3517
f 4467/4247/3508 4473/4253/3514 4472/4252/3513
f 4467/4247/3508 4472/4252/3513 4468/4248/3509
f 4470/4250/3511 4473/4253/3514 4478/4256/3518
f 4470/4250/3511 4478/4256/3518 4479/4257/3519
f 4467/4247/3508 4480/4258/3520 4478/4256/3518
f 4467/4247/3508 4478/4256/3518 4473/4253/3514
f 4481/4259/3521 4482/4260/3522 4478/4256/3518
f 4481/4259/3521 4478/4256/3518 4480/4258/3520
f 4483/4261/3523 4479/4257/3519 4478/4256/3518
f 4483/4261/3523 4478/4256/3518 4482/4260/3522
f 4463/4243/3504 4484/4262/3524 4485/4263/3525
f 4463/4243/3504 4485/4263/3525 4464/4244/3505
f 4486/4264/3526 4487/4265/3527 4485/4263/3525
f 4486/4264/3526 4485/4263/3525 4484/4262/3524
f 4481/4259/3521 4480/4258/3520 4485/4263/3525
f 4481/4259/3521 4485/4263/3525 4487/4265/3527
f 4488/4266/3508 4489/4267/3505 4490/4268/3528
f 4488/4266/3508 4490/4268/3528 4491/4269/3520
f 4492/4270/3529 4493/4271/3530 4494/4272/3531
f 4492/4270/3529 4494/4272/3531 4495/4273/3532
f 4496/4274/3533 4497/4275/3534 4494/4272/3531
f 4496/4274/3533 4494/4272/3531 4493/4271/3530
f 4481/4259/3521 4487/4265/3527 4494/4272/3531
f 4481/4259/3521 4494/4272/3531 4497/4275/3534
f 4486/4264/3526 4495/4273/3532 4494/4272/3531
f 4486/4264/3526 4494/4272/3531 4487/4265/3527
f 4498/4276/3535 4499/4277/3536 4500/4278/3537
f 4498/4276/3535 4500/4278/3537 4501/4279/3538
f 4483/4261/3523 4482/4260/3522 4500/4278/3537
f 4483/4261/3523 4500/4278/3537 4499/4277/3536
f 4481/4259/3521 4497/4275/3534 4500/4278/3537
f 4481/4259/3521 4500/4278/3537 4482/4260/3522
f 4496/4274/3533 4501/4279/3538 4500/4278/3537
f 4496/4274/3533 4500/4278/3537 4497/4275/3534
f 4498/4276/3535 4501/4279/3538 4502/4280/3539
f 4498/4276/3535 4502/4280/3539 4503/4281/3540
f 4496/4274/3533 4504/4282/3541 4502/4280/3539
f 4496/4274/3533 4502/4280/3539 4501/4279/3538
f 4505/4283/3542 4506/4284/3543 4502/4280/3539
f 4505/4283/3542 4502/4280/3539 4504/4282/3541
f 4507/4285/3544 4503/4281/3540 4502/4280/3539
f 4507/4285/3544 4502/4280/3539 4506/4284/3543
f 4492/4270/3529 4508/4286/3545 4509/4287/3546
f 4492/4270/3529 4509/4287/3546 4493/4271/3530
f 4510/4288/3547 4511/4289/3548 4509/4287/3546
f 4510/4288/3547 4509/4287/3546 4508/4286/3545
f 4505/4283/3542 4504/4282/3541 4509/4287/3546
f 4505/4283/3542 4509/4287/3546 4511/4289/3548
f 4496/4274/3533 4493/4271/3530 4509/4287/3546
f 4496/4274/3533 4509/4287/3546 4504/4282/3541
f 4512/4290/3549 4513/4291/3550 4514/4292/3551
f 4512/4290/3549 4514/4292/3551 4515/4293/3552
f 4516/4294/3553 4517/4295/3554 4514/4292/3551
f 4516/4294/3553 4514/4292/3551 4513/4291/3550
f 4505/4283/3542 4511/4289/3548 4514/4292/3551
f 4505/4283/3542 4514/4292/3551 4517/4295/3554
f 4510/4288/3547 4515/4293/3552 4514/4292/3551
f 4510/4288/3547 4514/4292/3551 4511/4289/3548
f 4518/4296/3555 4519/4297/3556 4520/4298/3557
f 4518/4296/3555 4520/4298/3557 4521/4299/3558
f 4507/4285/3544 4506/4284/3543 4520/4298/3557
f 4507/4285/3544 4520/4298/3557 4519/4297/3556
f 4505/4283/3542 4517/4295/3554 4520/4298/3557
f 4505/4283/3542 4520/4298/3557 4506/4284/3543
f 4516/4294/3553 4521/4299/3558 4520/4298/3557
f 4516/4294/3553 4520/4298/3557 4517/4295/3554
f 4518/4296/3555 4521/4299/3558 4522/4300/3559
f 4518/4296/3555 4522/4300/3559 4523/4301/3560
f 4516/4294/3553 4524/4302/3561 4522/4300/3559
f 4516/4294/3553 4522/4300/3559 4521/4299/3558
f 4525/4303/3562 4526/4304/3563 4522/4300/3559
f 4525/4303/3562 4522/4300/3559 4524/4302/3561
f 4527/4305/3564 4523/4301/3560 4522/4300/3559
f 4527/4305/3564 4522/4300/3559 4526/4304/3563
f 4512/4290/3549 4528/4306/3565 4529/4307/3566
f 4512/4290/3549 4529/4307/3566 4513/4291/3550
f 4530/4308/3567 4531/4309/3568 4529/4307/3566
f 4530/4308/3567 4529/4307/3566 4528/4306/3565
f 4525/4303/3562 4524/4302/3561 4529/4307/3566
f 4525/4303/3562 4529/4307/3566 4531/4309/3568
f 4516/4294/3553 4513/4291/3550 4529/4307/3566
f 4516/4294/3553 4529/4307/3566 4524/4302/3561
f 4532/4310/3569 4533/4311/3570 4534/4312/3571
f 4532/4310/3569 4534/4312/3571 4535/4313/3572
f 4536/4314/3573 4537/4315/3574 4534/4312/3571
f 4536/4314/3573 4534/4312/3571 4533/4311/3570
f 4525/4303/3562 4531/4309/3568 4534/4312/3571
f 4525/4303/3562 4534/4312/3571 4537/4315/3574
f 4530/4308/3567 4535/4313/3572 4534/4312/3571
f 4530/4308/3567 4534/4312/3571 4531/4309/3568
f 4538/4316/3575 4539/4317/3576 4540/4318/3577
f 4538/4316/3575 4540/4318/3577 4541/4319/3578
f 4527/4305/3564 4526/4304/3563 4540/4318/3577
f 4527/4305/3564 4540/4318/3577 4539/4317/3576
f 4525/4303/3562 4537/4315/3574 4540/4318/3577
f 4525/4303/3562 4540/4318/3577 4526/4304/3563
f 4536/4314/3573 4541/4319/3578 4540/4318/3577
f 4536/4314/3573 4540/4318/3577 4537/4315/3574
f 4538/4316/3575 4541/4319/3578 4542/4320/3579
f 4538/4316/3575 4542/4320/3579 4543/4321/3580
f 4536/4314/3573 4544/4322/3581 4542/4320/3579
f 4536/4314/3573 4542/4320/3579 4541/4319/3578
f 4545/4323/3582 4546/4324/3583 4542/4320/3579
f 4545/4323/3582 4542/4320/3579 4544/4322/3581
f 4547/4325/3584 4543/4321/3580 4542/4320/3579
f 4547/4325/3584 4542/4320/3579 4546/4324/3583
f 4532/4310/3569 4548/4326/3585 4549/4327/3586
f 4532/4310/3569 4549/4327/3586 4533/4311/3570
f 4550/4328/3587 4551/4329/3588 4549/4327/3586
f 4550/4328/3587 4549/4327/3586 4548/4326/3585
f 4545/4323/3582 4544/4322/3581 4549/4327/3586
f 4545/4323/3582 4549/4327/3586 4551/4329/3588
f 4536/4314/3573 4533/4311/3570 4549/4327/3586
f 4536/4314/3573 4549/4327/3586 4544/4322/3581
f 4552/4330/3589 4553/4331/3590 4554/4332/3591
f 4552/4330/3589 4554/4332/3591 4555/4333/3592
f 4556/4334/3593 4557/4335/3594 4554/4332/3591
f 4556/4334/3593 4554/4332/3591 4553/4331/3590
f 4545/4323/3582 4551/4329/3588 4554/4332/3591
f 4545/4323/3582 4554/4332/3591 4557/4335/3594
f 4550/4328/3587 4555/4333/3592 4554/4332/3591
f 4550/4328/3587 4554/4332/3591 4551/4329/3588
f 4558/4336/3595 4559/4337/3596 4560/4338/3597
f 4558/4336/3595 4560/4338/3597 4561/4339/3598
f 4547/4325/3584 4546/4324/3583 4560/4338/3597
f 4547/4325/3584 4560/4338/3597 4559/4337/3596
f 4545/4323/3582 4557/4335/3594 4560/4338/3597
f 4545/4323/3582 4560/4338/3597 4546/4324/3583
f 4556/4334/3593 4561/4339/3598 4560/4338/3597
f 4556/4334/3593 4560/4338/3597 4557/4335/3594
f 4558/4336/3595 4561/4339/3598 4562/4340/3599
f 4558/4336/3595 4562/4340/3599 4563/4341/3600
f 4556/4334/3593 4564/4342/3601 4562/4340/3599
f 4556/4334/3593 4562/4340/3599 4561/4339/3598
f 4565/4343/3602 4566/4344/3603 4562/4340/3599
f 4565/4343/3602 4562/4340/3599 4564/4342/3601
f 4567/4345/3604 4563/4341/3600 4562/4340/3599
f 4567/4345/3604 4562/4340/3599 4566/4344/3603
f 4552/4330/3589 4568/4346/3605 4569/4347/3606
f 4552/4330/3589 4569/4347/3606 4553/4331/3590
f 4570/4348/3607 4571/4349/3608 4569/4347/3606
f 4570/4348/3607 4569/4347/3606 4568/4346/3605
f 4565/4343/3602 4564/4342/3601 4572/4350/3606
f 4565/4343/3602 4572/4350/3606 4573/4351/3608
f 4556/4334/3593 4553/4331/3590 4572/4350/3606
f 4556/4334/3593 4572/4350/3606 4564/4342/3601
f 4574/4352/3609 4575/4353/3610 4576/4354/3611
f 4574/4352/3609 4576/4354/3611 4577/4355/3612
f 4578/4356/3613 4579/4357/3614 4576/4354/3611
f 4578/4356/3613 4576/4354/3611 4575/4353/3610
f 4565/4343/3602 4573/4351/3608 4576/4354/3611
f 4565/4343/3602 4576/4354/3611 4579/4357/3614
f 4580/4348/3607 4577/4355/3612 4576/4354/3611
f 4580/4348/3607 4576/4354/3611 4573/4351/3608
f 4581/4358/3615 4582/4359/3616 4583/4360/3617
f 4581/4358/3615 4583/4360/3617 4584/4361/3618
f 4567/4345/3604 4566/4344/3603 4583/4360/3617
f 4567/4345/3604 4583/4360/3617 4582/4359/3616
f 4565/4343/3602 4579/4357/3614 4583/4360/3617
f 4565/4343/3602 4583/4360/3617 4566/4344/3603
f 4578/4356/3613 4584/4361/3618 4583/4360/3617
f 4578/4356/3613 4583/4360/3617 4579/4357/3614
f 4581/4358/3615 4584/4361/3618 4585/4362/3619
f 4581/4358/3615 4585/4362/3619 4586/4363/3620
f 4578/4356/3613 4587/4364/3621 4585/4362/3619
f 4578/4356/3613 4585/4362/3619 4584/4361/3618
f 4588/4365/3622 4589/4366/3623 4585/4362/3619
f 4588/4365/3622 4585/4362/3619 4587/4364/3621
f 4590/4367/3624 4586/4363/3620 4585/4362/3619
f 4590/4367/3624 4585/4362/3619 4589/4366/3623
f 4574/4352/3609 4592/4368/3625 4593/4369/3626
f 4574/4352/3609 4593/4369/3626 4575/4353/3610
f 4594/4370/3627 4595/4371/3628 4593/4369/3626
f 4594/4370/3627 4593/4369/3626 4592/4368/3625
f 4588/4365/3622 4587/4364/3621 4593/4369/3626
f 4588/4365/3622 4593/4369/3626 4595/4371/3628
f 4578/4356/3613 4575/4353/3610 4593/4369/3626
f 4578/4356/3613 4593/4369/3626 4587/4364/3621
f 4596/4372/3629 4597/4373/3630 4598/4374/3631
f 4596/4372/3629 4598/4374/3631 4599/4375/3632
f 4600/4376/3633 4601/4377/3634 4598/4374/3631
f 4600/4376/3633 4598/4374/3631 4597/4373/3630
f 4588/4365/3622 4595/4371/3628 4598/4374/3631
f 4588/4365/3622 4598/4374/3631 4601/4377/3634
f 4594/4370/3627 4599/4375/3632 4598/4374/3631
f 4594/4370/3627 4598/4374/3631 4595/4371/3628
f 4602/4378/3635 4603/4379/3636 4604/4380/3637
f 4602/4378/3635 4604/4380/3637 4605/4381/3638
f 4590/4367/3624 4589/4366/3623 4604/4380/3637
f 4590/4367/3624 4604/4380/3637 4603/4379/3636
f 4588/4365/3622 4601/4377/3634 4604/4380/3637
f 4588/4365/3622 4604/4380/3637 4589/4366/3623
f 4600/4376/3633 4605/4381/3638 4604/4380/3637
f 4600/4376/3633 4604/4380/3637 4601/4377/3634
f 4602/4378/3635 4605/4381/3638 4606/4382/3639
f 4602/4378/3635 4606/4382/3639 4607/4383/3640
f 4600/4376/3633 4608/4384/3641 4606/4382/3639
f 4600/4376/3633 4606/4382/3639 4605/4381/3638
f 4609/4385/3642 4610/4386/3643 4606/4382/3639
f 4609/4385/3642 4606/4382/3639 4608/4384/3641
f 4611/4387/3644 4607/4383/3640 4606/4382/3639
f 4611/4387/3644 4606/4382/3639 4610/4386/3643
f 4596/4372/3629 4612/4388/3645 4613/4389/3646
f 4596/4372/3629 4613/4389/3646 4597/4373/3630
f 4614/4390/3647 4615/4391/3648 4613/4389/3646
f 4614/4390/3647 4613/4389/3646 4612/4388/3645
f 4609/4385/3642 4608/4384/3641 4613/4389/3646
f 4609/4385/3642 4613/4389/3646 4615/4391/3648
f 4600/4376/3633 4597/4373/3630 4613/4389/3646
f 4600/4376/3633 4613/4389/3646 4608/4384/3641
f 4616/4392/3649 4617/4393/3650 4618/4394/3651
f 4616/4392/3649 4618/4394/3651 4619/4395/3652
f 4620/4396/3653 4621/4397/3654 4618/4394/3651
f 4620/4396/3653 4618/4394/3651 4617/4393/3650
f 4609/4385/3642 4615/4391/3648 4618/4394/3651
f 4609/4385/3642 4618/4394/3651 4621/4397/3654
f 4614/4390/3647 4619/4395/3652 4618/4394/3651
f 4614/4390/3647 4618/4394/3651 4615/4391/3648
f 4622/4398/3655 4623/4399/3656 4624/4400/3657
f 4622/4398/3655 4624/4400/3657 4625/4401/3658
f 4611/4387/3644 4610/4386/3643 4624/4400/3657
f 4611/4387/3644 4624/4400/3657 4623/4399/3656
f 4609/4385/3642 4621/4397/3654 4624/4400/3657
f 4609/4385/3642 4624/4400/3657 4610/4386/3643
f 4620/4396/3653 4625/4401/3658 4624/4400/3657
f 4620/4396/3653 4624/4400/3657 4621/4397/3654
f 4622/4398/3655 4625/4401/3658 4626/4402/3659
f 4622/4398/3655 4626/4402/3659 4627/4403/3660
f 4620/4396/3653 4628/4404/3661 4626/4402/3659
f 4620/4396/3653 4626/4402/3659 4625/4401/3658
f 4629/4405/3662 4630/4406/3663 4626/4402/3659
f 4629/4405/3662 4626/4402/3659 4628/4404/3661
f 4631/4407/3664 4627/4403/3660 4626/4402/3659
f 4631/4407/3664 4626/4402/3659 4630/4406/3663
f 4616/4392/3649 4632/4408/3665 4633/4409/3666
f 4616/4392/3649 4633/4409/3666 4617/4393/3650
f 4634/4410/3667 4635/4411/3668 4633/4409/3666
f 4634/4410/3667 4633/4409/3666 4632/4408/3665
f 4629/4405/3662 4628/4404/3661 4633/4409/3666
f 4629/4405/3662 4633/4409/3666 4635/4411/3668
f 4620/4396/3653 4617/4393/3650 4633/4409/3666
f 4620/4396/3653 4633/4409/3666 4628/4404/3661
f 4636/4412/3669 4637/4413/3670 4638/4414/3671
f 4636/4412/3669 4638/4414/3671 4639/4415/3672
f 4640/4416/3673 4641/4417/3674 4638/4414/3671
f 4640/4416/3673 4638/4414/3671 4637/4413/3670
f 4629/4405/3662 4635/4411/3668 4638/4414/3671
f 4629/4405/3662 4638/4414/3671 4641/4417/3674
f 4634/4410/3667 4639/4415/3672 4638/4414/3671
f 4634/4410/3667 4638/4414/3671 4635/4411/3668
f 4642/4418/3675 4643/4419/3676 4645/4420/3677
f 4642/4418/3675 4645/4420/3677 4646/4421/3678
f 4631/4407/3664 4630/4406/3663 4647/4422/3679
f 4631/4407/3664 4647/4422/3679 4643/4419/3676
f 4629/4405/3662 4641/4417/3674 4644/4420/3680
f 4629/4405/3662 4644/4420/3680 4649/4406/3681
f 4640/4416/3673 4646/4421/3678 4648/4422/3682
f 4640/4416/3673 4648/4422/3682 4641/4417/3674
f 3367/3239/2743 3370/3241/2746 4650/4423/3683
f 3367/3239/2743 4650/4423/3683 4651/3239/3684
f 3365/3237/2741 4652/4424/3685 4650/4423/3683
f 3365/3237/2741 4650/4423/3683 3370/3241/2746
f 4654/4425/3686 4655/4426/3687 4650/4423/3683
f 4654/4425/3686 4650/4423/3683 4652/4424/3685
f 4656/3239/3688 4650/4423/3683 4655/4426/3687
f 3361/3233/2737 4657/4427/3689 4658/4428/3690
f 3361/3233/2737 4658/4428/3690 3362/3234/2738
f 4659/4429/3691 4660/4430/3692 4658/4428/3690
f 4659/4429/3691 4658/4428/3690 4657/4427/3689
f 4654/4425/3686 4652/4424/3685 4658/4428/3690
f 4654/4425/3686 4658/4428/3690 4660/4430/3692
f 3365/3237/2741 3362/3234/2738 4658/4428/3690
f 3365/3237/2741 4658/4428/3690 4652/4424/3685
f 4642/4418/3675 4646/4421/3678 4661/4431/3693
f 4642/4418/3675 4661/4431/3693 4662/4432/3694
f 4640/4416/3673 4663/4433/3695 4661/4431/3693
f 4640/4416/3673 4661/4431/3693 4646/4421/3678
f 4665/4434/3686 4666/4435/3696 4667/4436/3693
f 4665/4434/3686 4667/4436/3693 4668/4437/3697
f 4659/4429/3691 4662/4432/3694 4661/4431/3693
f 4659/4429/3691 4661/4431/3693 4660/4430/3692
f 4636/4412/3669 4669/4438/3698 4670/4439/3699
f 4636/4412/3669 4670/4439/3699 4637/4413/3670
f 4671/4440/3700 4672/4441/3701 4670/4439/3699
f 4671/4440/3700 4670/4439/3699 4669/4438/3698
f 4653/4425/3702 4663/4433/3695 4670/4439/3699
f 4653/4425/3702 4670/4439/3699 4672/4441/3701
f 4640/4416/3673 4637/4413/3670 4670/4439/3699
f 4640/4416/3673 4670/4439/3699 4663/4433/3695
f 4673/4442/3703 4674/4443/3704 4675/4444/3705
f 4673/4442/3703 4675/4444/3705 4676/4445/3706
f 4677/4446/3707 4678/4447/3708 4675/4444/3705
f 4677/4446/3707 4675/4444/3705 4674/4443/3704
f 4664/4434/3709 4679/4448/3710 4675/4444/3705
f 4664/4434/3709 4675/4444/3705 4678/4447/3708
f 4680/4449/3711 4676/4445/3706 4675/4444/3705
f 4680/4449/3711 4675/4444/3705 4679/4448/3710
f 4681/4450/3712 4682/4451/3713 4683/4452/3714
f 4681/4450/3712 4683/4452/3714 4684/4453/3715
f 4685/4454/3716 4686/4455/3717 4683/4452/3714
f 4685/4454/3716 4683/4452/3714 4682/4451/3713
f 4664/4434/3709 4678/4447/3708 4683/4452/3714
f 4664/4434/3709 4683/4452/3714 4686/4455/3717
f 4677/4446/3707 4684/4453/3715 4683/4452/3714
f 4677/4446/3707 4683/4452/3714 4678/4447/3708
f 1180/1157/1032 1183/1160/1035 4687/4456/3718
f 1180/1157/1032 4687/4456/3718 4688/4457/3719
f 1178/1155/1030 4689/4458/3720 4687/4456/3718
f 1178/1155/1030 4687/4456/3718 1183/1160/1035
f 4664/4434/3709 4686/4455/3717 4687/4456/3718
f 4664/4434/3709 4687/4456/3718 4689/4458/3720
f 4685/4454/3716 4688/4457/3719 4687/4456/3718
f 4685/4454/3716 4687/4456/3718 4686/4455/3717
f 1174/1149/1026 4690/4459/3721 1175/1153/1027
f 4691/1149/3688 4692/4460/3722 4690/4459/3721
f 4691/1149/3688 4690/4459/3721 4693/1149/3723
f 4664/4434/3709 4689/4458/3720 4690/4459/3721
f 4664/4434/3709 4690/4459/3721 4692/4460/3722
f 1178/1155/1030 1175/1153/1027 4690/4459/3721
f 1178/1155/1030 4690/4459/3721 4689/4458/3720
f 3833/3660/3057 3836/3663/3060 4694/4461/3724
f 3833/3660/3057 4694/4461/3724 4695/4462/3725
f 3831/3658/3055 4696/4463/3726 4694/4461/3724
f 3831/3658/3055 4694/4461/3724 3836/3663/3060
f 4697/4464/3727 4699/4465/3728 4694/4461/3724
f 4697/4464/3727 4694/4461/3724 4696/4463/3726
f 4702/4466/3729 4703/4467/3730 4704/4468/3731
f 4702/4466/3729 4704/4468/3731 4700/4465/3732
f 3827/3654/3051 4705/4469/3733 4706/4470/3734
f 3827/3654/3051 4706/4470/3734 3828/3655/3052
f 4707/4471/3735 4708/4472/3736 4706/4470/3734
f 4707/4471/3735 4706/4470/3734 4705/4469/3733
f 4709/4473/3737 4696/4463/3726 4706/4470/3734
f 4709/4473/3737 4706/4470/3734 4708/4472/3736
f 3831/3658/3055 3828/3655/3052 4706/4470/3734
f 3831/3658/3055 4706/4470/3734 4696/4463/3726
f 1645/1586/1336 1648/1589/1339 4710/4474/3738
f 1645/1586/1336 4710/4474/3738 4711/4475/3739
f 1643/1584/1334 4712/4476/3740 4710/4474/3738
f 1643/1584/1334 4710/4474/3738 1648/1589/1339
f 4709/4473/3737 4708/4472/3736 4713/4477/3741
f 4709/4473/3737 4713/4477/3741 4714/4478/3742
f 4715/4479/3743 4711/4475/3739 4710/4474/3738
f 4715/4479/3743 4710/4474/3738 4716/4480/3744
f 1639/1580/1330 4717/4481/3745 4718/4482/3746
f 1639/1580/1330 4718/4482/3746 1640/1581/1331
f 4719/4483/3747 4720/4484/3728 4718/4482/3746
f 4719/4483/3747 4718/4482/3746 4717/4481/3745
f 4709/4473/3737 4714/4478/3742 4721/4485/3748
f 4709/4473/3737 4721/4485/3748 4698/4465/3749
f 1643/1584/1334 1640/1581/1331 4718/4482/3746
f 1643/1584/1334 4718/4482/3746 4712/4476/3740
f 3839/3666/3063 3842/3669/3066 4722/4486/3750
f 3839/3666/3063 4722/4486/3750 4723/4487/3751
f 3837/3664/3061 4724/4488/3752 4722/4486/3750
f 3837/3664/3061 4722/4486/3750 3842/3669/3066
f 4725/4489/3753 4726/4490/3754 4722/4486/3750
f 4725/4489/3753 4722/4486/3750 4724/4488/3752
f 4727/4491/3755 4723/4487/3751 4722/4486/3750
f 4727/4491/3755 4722/4486/3750 4726/4490/3754
f 3833/3660/3057 4695/4462/3725 4728/4492/3756
f 3833/3660/3057 4728/4492/3756 3834/3661/3058
f 4701/4466/3757 4729/4493/3758 4728/4492/3756
f 4701/4466/3757 4728/4492/3756 4695/4462/3725
f 4725/4489/3753 4724/4488/3752 4728/4492/3756
f 4725/4489/3753 4728/4492/3756 4729/4493/3758
f 3837/3664/3061 3834/3661/3058 4728/4492/3756
f 3837/3664/3061 4728/4492/3756 4724/4488/3752
f 1639/1580/1330 1642/1583/1333 4730/4494/3759
f 1639/1580/1330 4730/4494/3759 4717/4481/3745
f 1637/1578/1328 4731/4495/3760 4730/4494/3759
f 1637/1578/1328 4730/4494/3759 1642/1583/1333
f 4732/4496/3761 4733/4497/3762 4730/4494/3759
f 4732/4496/3761 4730/4494/3759 4731/4495/3760
f 4701/4466/3757 4734/4498/3745 4735/4499/3763
f 4701/4466/3757 4735/4499/3763 4729/4493/3758
f 1633/1574/1324 4736/4500/3764 4737/4501/3765
f 1633/1574/1324 4737/4501/3765 1634/1575/1325
f 4738/4502/3766 4739/4503/3767 4737/4501/3765
f 4738/4502/3766 4737/4501/3765 4736/4500/3764
f 4732/4496/3761 4731/4495/3760 4737/4501/3765
f 4732/4496/3761 4737/4501/3765 4739/4503/3767
f 1637/1578/1328 1634/1575/1325 4737/4501/3765
f 1637/1578/1328 4737/4501/3765 4731/4495/3760
f 4740/4504/3768 4741/4505/3769 4742/4506/3770
f 4740/4504/3768 4742/4506/3770 4743/4507/3771
f 4744/4508/3772 4745/4509/3773 4742/4506/3770
f 4744/4508/3772 4742/4506/3770 4741/4505/3769
f 4732/4496/3761 4739/4503/3767 4742/4506/3770
f 4732/4496/3761 4742/4506/3770 4745/4509/3773
f 4738/4502/3766 4743/4507/3771 4742/4506/3770
f 4738/4502/3766 4742/4506/3770 4739/4503/3767
f 4746/4510/3774 4747/4511/3775 4748/4512/3776
f 4746/4510/3774 4748/4512/3776 4749/4513/3777
f 4750/4514/3778 4751/4515/3779 4748/4512/3776
f 4750/4514/3778 4748/4512/3776 4747/4511/3775
f 4732/4496/3761 4745/4509/3773 4748/4512/3776
f 4732/4496/3761 4748/4512/3776 4751/4515/3779
f 4744/4508/3772 4749/4513/3777 4748/4512/3776
f 4744/4508/3772 4748/4512/3776 4745/4509/3773
f 4752/4516/3780 4753/4517/3781 4754/4518/3782
f 4752/4516/3780 4754/4518/3782 4755/4519/3783
f 4756/4520/3784 4757/4521/3785 4754/4518/3782
f 4756/4520/3784 4754/4518/3782 4753/4517/3781
f 4725/4489/3753 4758/4522/3779 4754/4518/3782
f 4725/4489/3753 4754/4518/3782 4757/4521/3785
f 4759/4523/3786 4755/4519/3783 4754/4518/3782
f 4759/4523/3786 4754/4518/3782 4758/4522/3779
f 4760/4524/3787 4761/4525/3788 4762/4526/3789
f 4760/4524/3787 4762/4526/3789 4763/4527/3790
f 4727/4491/3755 4726/4490/3754 4762/4526/3789
f 4727/4491/3755 4762/4526/3789 4764/4528/3791
f 4725/4489/3753 4757/4521/3785 4762/4526/3789
f 4725/4489/3753 4762/4526/3789 4726/4490/3754
f 4756/4520/3784 4763/4527/3790 4762/4526/3789
f 4756/4520/3784 4762/4526/3789 4757/4521/3785
f 4760/4524/3787 4763/4527/3790 4765/4529/3792
f 4760/4524/3787 4765/4529/3792 4766/4530/3793
f 4756/4520/3784 4767/4531/3794 4765/4529/3792
f 4756/4520/3784 4765/4529/3792 4763/4527/3790
f 4768/4532/3795 4769/4533/3796 4765/4529/3792
f 4768/4532/3795 4765/4529/3792 4767/4531/3794
f 4770/4534/3797 4766/4530/3793 4765/4529/3792
f 4770/4534/3797 4765/4529/3792 4769/4533/3796
f 4752/4516/3780 4771/4535/3798 4772/4536/3799
f 4752/4516/3780 4772/4536/3799 4753/4517/3781
f 4773/4537/3800 4774/4538/3801 4772/4536/3799
f 4773/4537/3800 4772/4536/3799 4771/4535/3798
f 4768/4532/3795 4767/4531/3794 4772/4536/3799
f 4768/4532/3795 4772/4536/3799 4774/4538/3801
f 4756/4520/3784 4753/4517/3781 4772/4536/3799
f 4756/4520/3784 4772/4536/3799 4767/4531/3794
f 4775/4539/3802 4776/4540/3803 4777/4541/3804
f 4775/4539/3802 4777/4541/3804 4778/4542/3805
f 4779/4543/3806 4780/4544/3807 4777/4541/3804
f 4779/4543/3806 4777/4541/3804 4776/4540/3803
f 4768/4532/3795 4774/4538/3801 4777/4541/3804
f 4768/4532/3795 4777/4541/3804 4780/4544/3807
f 4773/4537/3800 4778/4542/3805 4777/4541/3804
f 4773/4537/3800 4777/4541/3804 4774/4538/3801
f 4781/4545/3808 4782/4546/3809 4783/4547/3810
f 4781/4545/3808 4783/4547/3810 4784/4548/3811
f 4770/4534/3797 4769/4533/3796 4783/4547/3810
f 4770/4534/3797 4783/4547/3810 4782/4546/3809
f 4768/4532/3795 4780/4544/3807 4783/4547/3810
f 4768/4532/3795 4783/4547/3810 4769/4533/3796
f 4779/4543/3806 4784/4548/3811 4783/4547/3810
f 4779/4543/3806 4783/4547/3810 4780/4544/3807
f 4781/4545/3808 4784/4548/3811 4785/4549/3812
f 4781/4545/3808 4785/4549/3812 4786/4550/3813
f 4779/4543/3806 4787/4551/3814 4785/4549/3812
f 4779/4543/3806 4785/4549/3812 4784/4548/3811
f 4788/4552/3815 4789/4553/3816 4785/4549/3812
f 4788/4552/3815 4785/4549/3812 4787/4551/3814
f 4790/4554/3817 4786/4550/3813 4785/4549/3812
f 4790/4554/3817 4785/4549/3812 4789/4553/3816
f 4775/4539/3802 4791/4555/3818 4792/4556/3819
f 4775/4539/3802 4792/4556/3819 4776/4540/3803
f 4793/4557/3820 4794/4558/3821 4792/4556/3819
f 4793/4557/3820 4792/4556/3819 4791/4555/3818
f 4788/4552/3815 4787/4551/3814 4792/4556/3819
f 4788/4552/3815 4792/4556/3819 4794/4558/3821
f 4779/4543/3806 4776/4540/3803 4792/4556/3819
f 4779/4543/3806 4792/4556/3819 4787/4551/3814
f 4795/4559/3822 4796/4560/3823 4797/4561/3824
f 4795/4559/3822 4797/4561/3824 4798/4562/3825
f 4799/4563/3826 4800/4564/3827 4797/4561/3824
f 4799/4563/3826 4797/4561/3824 4796/4560/3823
f 4788/4552/3815 4794/4558/3821 4797/4561/3824
f 4788/4552/3815 4797/4561/3824 4801/4565/3827
f 4793/4557/3820 4798/4562/3825 4797/4561/3824
f 4793/4557/3820 4797/4561/3824 4794/4558/3821
f 4802/4566/3828 4803/4567/3829 4804/4568/3830
f 4802/4566/3828 4804/4568/3830 4805/4569/3831
f 4790/4554/3817 4789/4553/3816 4806/4570/3830
f 4790/4554/3817 4806/4570/3830 4803/4567/3829
f 4788/4552/3815 4801/4565/3827 4806/4570/3830
f 4788/4552/3815 4806/4570/3830 4789/4553/3816
f 4799/4563/3826 4805/4569/3831 4804/4568/3830
f 4799/4563/3826 4804/4568/3830 4800/4564/3827
f 4807/4571/3828 4805/4569/3831 4808/4572/3832
f 4807/4571/3828 4808/4572/3832 4809/4573/3833
f 4799/4563/3826 4810/4574/3834 4811/4575/3835
f 4799/4563/3826 4811/4575/3835 4805/4569/3831
f 4812/4576/3836 4813/4577/3837 4811/4575/3835
f 4812/4576/3836 4811/4575/3835 4810/4574/3834
f 4814/4578/3838 4809/4573/3833 4808/4572/3832
f 4814/4578/3838 4808/4572/3832 4813/4577/3837
f 4795/4559/3822 4815/4579/3839 4816/4580/3840
f 4795/4559/3822 4816/4580/3840 4796/4560/3823
f 4817/4581/3841 4818/4582/3842 4816/4580/3840
f 4817/4581/3841 4816/4580/3840 4815/4579/3839
f 4812/4576/3836 4810/4574/3834 4816/4580/3840
f 4812/4576/3836 4816/4580/3840 4818/4582/3842
f 4799/4563/3826 4796/4560/3823 4816/4580/3840
f 4799/4563/3826 4816/4580/3840 4810/4574/3834
f 4819/4583/3843 4820/4584/3844 4821/4585/3845
f 4819/4583/3843 4821/4585/3845 4822/4586/3846
f 4823/4587/3847 4824/4588/3848 4821/4585/3845
f 4823/4587/3847 4821/4585/3845 4820/4584/3844
f 4812/4576/3836 4818/4582/3842 4821/4585/3845
f 4812/4576/3836 4821/4585/3845 4824/4588/3848
f 4817/4581/3841 4822/4586/3846 4821/4585/3845
f 4817/4581/3841 4821/4585/3845 4818/4582/3842
f 4825/4589/3849 4826/4590/3850 4827/4591/3851
f 4825/4589/3849 4827/4591/3851 4828/4592/3852
f 4814/4578/3838 4813/4577/3837 4827/4591/3851
f 4814/4578/3838 4827/4591/3851 4826/4590/3850
f 4812/4576/3836 4829/4593/3853 4827/4591/3851
f 4812/4576/3836 4827/4591/3851 4813/4577/3837
f 4823/4587/3847 4828/4592/3852 4827/4591/3851
f 4823/4587/3847 4827/4591/3851 4829/4593/3853
f 4825/4589/3849 4828/4592/3852 4830/4594/3854
f 4825/4589/3849 4830/4594/3854 4831/4595/3855
f 4823/4587/3847 4832/4596/3856 4830/4594/3854
f 4823/4587/3847 4830/4594/3854 4828/4592/3852
f 4833/4597/3857 4834/4598/3858 4830/4594/3854
f 4833/4597/3857 4830/4594/3854 4832/4596/3856
f 4835/4599/3859 4831/4595/3855 4830/4594/3854
f 4835/4599/3859 4830/4594/3854 4834/4598/3858
f 4819/4583/3843 4836/4600/3860 4837/4601/3861
f 4819/4583/3843 4837/4601/3861 4820/4584/3844
f 4838/4602/3862 4839/4603/3863 4837/4601/3861
f 4838/4602/3862 4837/4601/3861 4836/4600/3860
f 4840/4604/3857 4841/4605/3856 4837/4601/3861
f 4840/4604/3857 4837/4601/3861 4839/4603/3863
f 4823/4587/3847 4820/4584/3844 4837/4601/3861
f 4823/4587/3847 4837/4601/3861 4841/4605/3856
f 4842/4606/3864 4843/4607/3865 4844/4608/3866
f 4842/4606/3864 4844/4608/3866 4845/4609/3867
f 4846/4610/3868 4847/4611/3869 4844/4608/3866
f 4846/4610/3868 4844/4608/3866 4843/4607/3865
f 4833/4597/3857 4839/4603/3863 4844/4608/3866
f 4833/4597/3857 4844/4608/3866 4847/4611/3869
f 4838/4602/3862 4845/4609/3867 4844/4608/3866
f 4838/4602/3862 4844/4608/3866 4839/4603/3863
f 4848/4612/3870 4849/4613/3871 4850/4614/3872
f 4848/4612/3870 4850/4614/3872 4851/4615/3873
f 4835/4599/3859 4834/4598/3858 4850/4614/3872
f 4835/4599/3859 4850/4614/3872 4849/4613/3871
f 4833/4597/3857 4847/4611/3869 4850/4614/3872
f 4833/4597/3857 4850/4614/3872 4834/4598/3858
f 4846/4610/3868 4851/4615/3873 4850/4614/3872
f 4846/4610/3868 4850/4614/3872 4847/4611/3869
f 4848/4612/3870 4851/4615/3873 4852/4616/3874
f 4848/4612/3870 4852/4616/3874 4853/4617/3875
f 4846/4610/3868 4854/4618/3876 4852/4616/3874
f 4846/4610/3868 4852/4616/3874 4851/4615/3873
f 4855/4619/3877 4856/4620/3878 4852/4616/3874
f 4855/4619/3877 4852/4616/3874 4854/4618/3876
f 4857/4621/3879 4853/4617/3875 4852/4616/3874
f 4857/4621/3879 4852/4616/3874 4856/4620/3878
f 4842/4606/3864 4858/4622/3880 4859/4623/3881
f 4842/4606/3864 4859/4623/3881 4843/4607/3865
f 4860/4624/3882 4861/4625/3883 4859/4623/3881
f 4860/4624/3882 4859/4623/3881 4858/4622/3880
f 4855/4619/3877 4854/4618/3876 4859/4623/3881
f 4855/4619/3877 4859/4623/3881 4861/4625/3883
f 4846/4610/3868 4843/4607/3865 4859/4623/3881
f 4846/4610/3868 4859/4623/3881 4854/4618/3876
f 4862/4626/3884 4863/4627/3885 4864/4628/3886
f 4862/4626/3884 4864/4628/3886 4865/4629/3887
f 4866/4630/3888 4867/4631/3889 4864/4628/3886
f 4866/4630/3888 4864/4628/3886 4863/4627/3885
f 4855/4619/3877 4861/4625/3883 4864/4628/3886
f 4855/4619/3877 4864/4628/3886 4867/4631/3889
f 4860/4624/3882 4865/4629/3887 4864/4628/3886
f 4860/4624/3882 4864/4628/3886 4861/4625/3883
f 4868/4632/3890 4869/4633/3891 4870/4634/3892
f 4868/4632/3890 4870/4634/3892 4871/4635/3893
f 4857/4621/3879 4856/4620/3878 4870/4634/3892
f 4857/4621/3879 4870/4634/3892 4869/4633/3891
f 4855/4619/3877 4867/4631/3889 4870/4634/3892
f 4855/4619/3877 4870/4634/3892 4856/4620/3878
f 4866/4630/3888 4871/4635/3893 4870/4634/3892
f 4866/4630/3888 4870/4634/3892 4867/4631/3889
f 4868/4632/3890 4871/4635/3893 4872/4636/3894
f 4868/4632/3890 4872/4636/3894 4873/4637/3895
f 4866/4630/3888 4874/4638/3896 4872/4636/3894
f 4866/4630/3888 4872/4636/3894 4871/4635/3893
f 4875/4639/3897 4876/4640/3898 4872/4636/3894
f 4875/4639/3897 4872/4636/3894 4874/4638/3896
f 4877/4641/3899 4873/4637/3895 4872/4636/3894
f 4877/4641/3899 4872/4636/3894 4876/4640/3898
f 4862/4626/3884 4878/4642/3900 4879/4643/3901
f 4862/4626/3884 4879/4643/3901 4863/4627/3885
f 4880/4644/3902 4881/4645/3903 4879/4643/3901
f 4880/4644/3902 4879/4643/3901 4878/4642/3900
f 4875/4639/3897 4874/4638/3896 4879/4643/3901
f 4875/4639/3897 4879/4643/3901 4881/4645/3903
f 4866/4630/3888 4863/4627/3885 4879/4643/3901
f 4866/4630/3888 4879/4643/3901 4874/4638/3896
f 4882/4646/3904 4883/4647/3905 4884/4648/3906
f 4882/4646/3904 4884/4648/3906 4885/4649/3907
f 4886/4650/3908 4887/4651/3909 4884/4648/3906
f 4886/4650/3908 4884/4648/3906 4883/4647/3905
f 4875/4639/3897 4881/4645/3903 4884/4648/3906
f 4875/4639/3897 4884/4648/3906 4887/4651/3909
f 4880/4644/3902 4885/4649/3907 4884/4648/3906
f 4880/4644/3902 4884/4648/3906 4881/4645/3903
f 4888/4652/3910 4889/4653/3911 4890/4654/3912
f 4888/4652/3910 4890/4654/3912 4891/4655/3913
f 4877/4641/3899 4876/4640/3898 4890/4654/3912
f 4877/4641/3899 4890/4654/3912 4889/4653/3911
f 4875/4639/3897 4887/4651/3909 4890/4654/3912
f 4875/4639/3897 4890/4654/3912 4876/4640/3898
f 4886/4650/3908 4891/4655/3913 4890/4654/3912
f 4886/4650/3908 4890/4654/3912 4887/4651/3909
f 4888/4652/3910 4891/4655/3913 4892/4656/3914
f 4888/4652/3910 4892/4656/3914 4893/4657/3915
f 4886/4650/3908 4894/4658/3916 4892/4656/3914
f 4886/4650/3908 4892/4656/3914 4891/4655/3913
f 4895/4659/3917 4896/4660/3918 4892/4656/3914
f 4895/4659/3917 4892/4656/3914 4894/4658/3916
f 4897/4661/3919 4893/4657/3915 4892/4656/3914
f 4897/4661/3919 4892/4656/3914 4896/4660/3918
f 4882/4646/3904 4898/4662/3920 4899/4663/3921
f 4882/4646/3904 4899/4663/3921 4883/4647/3905
f 4900/4664/3922 4901/4665/3923 4899/4663/3921
f 4900/4664/3922 4899/4663/3921 4898/4662/3920
f 4895/4659/3917 4894/4658/3916 4899/4663/3921
f 4895/4659/3917 4899/4663/3921 4901/4665/3923
f 4886/4650/3908 4883/4647/3905 4899/4663/3921
f 4886/4650/3908 4899/4663/3921 4894/4658/3916
f 4902/4666/3924 4903/4667/3925 4904/4668/3926
f 4902/4666/3924 4904/4668/3926 4905/4669/3927
f 4906/4670/3928 4907/4671/3929 4904/4668/3926
f 4906/4670/3928 4904/4668/3926 4903/4667/3925
f 4895/4659/3917 4901/4665/3923 4904/4668/3926
f 4895/4659/3917 4904/4668/3926 4907/4671/3929
f 4900/4664/3922 4905/4669/3927 4904/4668/3926
f 4900/4664/3922 4904/4668/3926 4901/4665/3923
f 4908/4672/3930 4909/4673/3931 4910/4674/3932
f 4908/4672/3930 4910/4674/3932 4911/4675/3933
f 4897/4661/3919 4896/4660/3918 4910/4674/3932
f 4897/4661/3919 4910/4674/3932 4909/4673/3931
f 4895/4659/3917 4907/4671/3929 4910/4674/3932
f 4895/4659/3917 4910/4674/3932 4896/4660/3918
f 4906/4670/3928 4911/4675/3933 4910/4674/3932
f 4906/4670/3928 4910/4674/3932 4907/4671/3929
f 4908/4672/3930 4911/4675/3933 4912/4676/3934
f 4908/4672/3930 4912/4676/3934 4913/4677/3935
f 4906/4670/3928 4914/4678/3936 4912/4676/3934
f 4906/4670/3928 4912/4676/3934 4911/4675/3933
f 4915/4679/3937 4916/4680/3938 4912/4676/3934
f 4915/4679/3937 4912/4676/3934 4914/4678/3936
f 4917/4681/3939 4913/4677/3935 4912/4676/3934
f 4917/4681/3939 4912/4676/3934 4916/4680/3938
f 4902/4666/3924 4918/4682/3940 4919/4683/3941
f 4902/4666/3924 4919/4683/3941 4903/4667/3925
f 4920/4684/3942 4921/4685/3943 4919/4683/3941
f 4920/4684/3942 4919/4683/3941 4918/4682/3940
f 4915/4679/3937 4914/4678/3936 4919/4683/3941
f 4915/4679/3937 4919/4683/3941 4921/4685/3943
f 4906/4670/3928 4903/4667/3925 4919/4683/3941
f 4906/4670/3928 4919/4683/3941 4914/4678/3936
f 4922/4686/3944 4923/4687/3945 4924/4688/3946
f 4922/4686/3944 4924/4688/3946 4925/4689/3947
f 4926/4690/3948 4927/4691/3949 4924/4688/3946
f 4926/4690/3948 4924/4688/3946 4923/4687/3945
f 4915/4679/3937 4921/4685/3943 4924/4688/3946
f 4915/4679/3937 4924/4688/3946 4927/4691/3949
f 4920/4684/3942 4925/4689/3947 4924/4688/3946
f 4920/4684/3942 4924/4688/3946 4921/4685/3943
f 4928/4692/3950 4929/4693/3951 4930/4694/3952
f 4928/4692/3950 4930/4694/3952 4931/4695/3953
f 4917/4681/3939 4916/4680/3938 4930/4694/3952
f 4917/4681/3939 4930/4694/3952 4929/4693/3951
f 4915/4679/3937 4927/4691/3949 4930/4694/3952
f 4915/4679/3937 4930/4694/3952 4916/4680/3938
f 4926/4690/3948 4931/4695/3953 4930/4694/3952
f 4926/4690/3948 4930/4694/3952 4927/4691/3949
f 4928/4692/3950 4931/4695/3953 4932/4696/3954
f 4928/4692/3950 4932/4696/3954 4933/4697/3955
f 4926/4690/3948 4934/4698/3956 4932/4696/3954
f 4926/4690/3948 4932/4696/3954 4931/4695/3953
f 4935/4699/3957 4936/4700/3958 4932/4696/3954
f 4935/4699/3957 4932/4696/3954 4934/4698/3956
f 4937/4701/3959 4933/4697/3955 4932/4696/3954
f 4937/4701/3959 4932/4696/3954 4936/4700/3958
f 4922/4686/3944 4938/4702/3960 4939/4703/3961
f 4922/4686/3944 4939/4703/3961 4923/4687/3945
f 4940/4704/3962 4941/4705/3963 4939/4703/3961
f 4940/4704/3962 4939/4703/3961 4938/4702/3960
f 4935/4699/3957 4934/4698/3956 4939/4703/3961
f 4935/4699/3957 4939/4703/3961 4941/4705/3963
f 4926/4690/3948 4923/4687/3945 4939/4703/3961
f 4926/4690/3948 4939/4703/3961 4934/4698/3956
f 4942/4706/3964 4943/4707/3965 4944/4708/3966
f 4942/4706/3964 4944/4708/3966 4945/4709/3967
f 4946/4710/3968 4947/4711/3969 4944/4708/3966
f 4946/4710/3968 4944/4708/3966 4943/4707/3965
f 4935/4699/3957 4941/4705/3963 4944/4708/3966
f 4935/4699/3957 4944/4708/3966 4947/4711/3969
f 4940/4704/3962 4945/4709/3967 4944/4708/3966
f 4940/4704/3962 4944/4708/3966 4941/4705/3963
f 4948/4712/3970 4949/4713/3971 4950/4714/3972
f 4948/4712/3970 4950/4714/3972 4951/4715/3973
f 4937/4701/3959 4936/4700/3958 4950/4714/3972
f 4937/4701/3959 4950/4714/3972 4949/4713/3971
f 4935/4699/3957 4947/4711/3969 4950/4714/3972
f 4935/4699/3957 4950/4714/3972 4936/4700/3958
f 4946/4710/3968 4951/4715/3973 4950/4714/3972
f 4946/4710/3968 4950/4714/3972 4947/4711/3969
f 4359/4146/3408 4362/4149/3411 4952/4716/3974
f 4359/4146/3408 4952/4716/3974 4953/4717/3975
f 4357/4144/3406 4954/4718/3976 4952/4716/3974
f 4357/4144/3406 4952/4716/3974 4362/4149/3411
f 4955/4719/3977 4956/4720/3978 4952/4716/3974
f 4955/4719/3977 4952/4716/3974 4954/4718/3976
f 4957/4721/3979 4953/4717/3975 4952/4716/3974
f 4957/4721/3979 4952/4716/3974 4956/4720/3978
f 4353/4140/3402 4958/4722/3980 4959/4723/3981
f 4353/4140/3402 4959/4723/3981 4354/4141/3403
f 4960/4724/3982 4961/4725/3983 4959/4723/3981
f 4960/4724/3982 4959/4723/3981 4958/4722/3980
f 4955/4719/3977 4954/4718/3976 4959/4723/3981
f 4955/4719/3977 4959/4723/3981 4961/4725/3983
f 4357/4144/3406 4354/4141/3403 4959/4723/3981
f 4357/4144/3406 4959/4723/3981 4954/4718/3976
f 4948/4712/3970 4951/4715/3973 4962/4726/3984
f 4948/4712/3970 4962/4726/3984 4963/4727/3985
f 4964/4728/3986 4965/4729/3987 4966/4730/3984
f 4964/4728/3986 4966/4730/3984 4967/4731/3988
f 4955/4719/3977 4961/4725/3983 4962/4726/3984
f 4955/4719/3977 4962/4726/3984 4968/4732/3989
f 4960/4724/3982 4963/4727/3985 4962/4726/3984
f 4960/4724/3982 4962/4726/3984 4961/4725/3983
f 4942/4706/3964 4969/4733/3990 4970/4734/3991
f 4942/4706/3964 4970/4734/3991 4943/4707/3965
f 4971/4735/3992 4972/4736/3993 4970/4734/3991
f 4971/4735/3992 4970/4734/3991 4969/4733/3990
f 4955/4719/3977 4968/4732/3989 4970/4734/3991
f 4955/4719/3977 4970/4734/3991 4972/4736/3993
f 4946/4710/3968 4943/4707/3965 4970/4734/3991
f 4946/4710/3968 4970/4734/3991 4968/4732/3989
f 4973/4737/3994 4974/4738/3995 4975/4739/3996
f 4973/4737/3994 4975/4739/3996 4976/4740/3997
f 4977/4741/3998 4978/4742/3999 4975/4739/3996
f 4977/4741/3998 4975/4739/3996 4974/4738/3995
f 4979/4743/4000 4980/4744/4001 4975/4739/3996
f 4979/4743/4000 4975/4739/3996 4978/4742/3999
f 4981/4745/4002 4976/4740/3997 4975/4739/3996
f 4981/4745/4002 4975/4739/3996 4980/4744/4001
f 4982/4746/4003 4983/4747/4004 4984/4748/4005
f 4982/4746/4003 4984/4748/4005 4985/4749/4006
f 4986/4750/4007 4987/4751/4008 4984/4748/4005
f 4986/4750/4007 4984/4748/4005 4983/4747/4004
f 4979/4743/4000 4978/4742/3999 4984/4748/4005
f 4979/4743/4000 4984/4748/4005 4987/4751/4008
f 4977/4741/3998 4985/4749/4006 4984/4748/4005
f 4977/4741/3998 4984/4748/4005 4978/4742/3999
f 2156/2052/1671 2159/2055/1674 4988/4752/4009
f 2156/2052/1671 4988/4752/4009 4989/4753/4010
f 2154/2050/1669 4990/4754/4011 4988/4752/4009
f 2154/2050/1669 4988/4752/4009 2159/2055/1674
f 4979/4743/4000 4987/4751/4008 4988/4752/4009
f 4979/4743/4000 4988/4752/4009 4990/4754/4011
f 4986/4750/4007 4989/4753/4010 4988/4752/4009
f 4986/4750/4007 4988/4752/4009 4987/4751/4008
f 2150/2046/1665 4991/4755/4012 4992/4756/4013
f 2150/2046/1665 4992/4756/4013 2151/2048/1666
f 4993/4757/4014 4994/4758/4015 4992/4756/4013
f 4993/4757/4014 4992/4756/4013 4991/4755/4012
f 4979/4743/4000 4990/4754/4011 4992/4756/4013
f 4979/4743/4000 4992/4756/4013 4994/4758/4015
f 2154/2050/1669 2151/2048/1666 4992/4756/4013
f 2154/2050/1669 4992/4756/4013 4990/4754/4011
f 4740/4504/3768 4743/4507/3771 4995/4759/4016
f 4740/4504/3768 4995/4759/4016 4996/4760/4017
f 4738/4502/3766 4997/4761/4018 4995/4759/4016
f 4738/4502/3766 4995/4759/4016 4743/4507/3771
f 4998/4762/4019 4999/4763/4020 4995/4759/4016
f 4998/4762/4019 4995/4759/4016 4997/4761/4018
f 5000/4764/4021 4996/4760/4017 4995/4759/4016
f 5000/4764/4021 4995/4759/4016 4999/4763/4020
f 1633/1574/1324 1636/1577/1327 5001/4765/4022
f 1633/1574/1324 5001/4765/4022 4736/4500/3764
f 1631/1572/1322 5002/4766/4023 5001/4765/4022
f 1631/1572/1322 5001/4765/4022 1636/1577/1327
f 4998/4762/4019 4997/4761/4018 5001/4765/4022
f 4998/4762/4019 5001/4765/4022 5002/4766/4023
f 4738/4502/3766 4736/4500/3764 5001/4765/4022
f 4738/4502/3766 5001/4765/4022 4997/4761/4018
f 732/715/600 5003/4767/4024 5004/4768/4025
f 732/715/600 5004/4768/4025 1629/1570/1320
f 5005/4769/4026 5006/4770/4027 5004/4768/4025
f 5005/4769/4026 5004/4768/4025 5003/4767/4024
f 4998/4762/4019 5002/4766/4023 5004/4768/4025
f 4998/4762/4019 5004/4768/4025 5006/4770/4027
f 1631/1572/1322 1629/1570/1320 5004/4768/4025
f 1631/1572/1322 5004/4768/4025 5002/4766/4023
f 5007/4771/4028 5008/4772/4029 5009/4773/4030
f 5007/4771/4028 5009/4773/4030 5010/4774/4031
f 5000/4764/4021 4999/4763/4020 5009/4773/4030
f 5000/4764/4021 5009/4773/4030 5008/4772/4029
f 4998/4762/4019 5006/4770/4027 5009/4773/4030
f 4998/4762/4019 5009/4773/4030 4999/4763/4020
f 5005/4769/4026 5010/4774/4031 5009/4773/4030
f 5005/4769/4026 5009/4773/4030 5006/4770/4027
f 4746/4510/3774 4749/4513/3777 5011/4775/4032
f 4746/4510/3774 5011/4775/4032 5012/4776/4033
f 4744/4508/3772 5013/4777/4034 5011/4775/4032
f 4744/4508/3772 5011/4775/4032 4749/4513/3777
f 5014/4778/4035 5015/4779/4036 5011/4775/4032
f 5014/4778/4035 5011/4775/4032 5013/4777/4034
f 5016/4780/4037 5012/4776/4033 5011/4775/4032
f 5016/4780/4037 5011/4775/4032 5015/4779/4036
f 4740/4504/3768 4996/4760/4017 5017/4781/4038
f 4740/4504/3768 5017/4781/4038 4741/4505/3769
f 5000/4764/4021 5018/4782/4039 5017/4781/4038
f 5000/4764/4021 5017/4781/4038 4996/4760/4017
f 5014/4778/4035 5013/4777/4034 5017/4781/4038
f 5014/4778/4035 5017/4781/4038 5018/4782/4039
f 4744/4508/3772 4741/4505/3769 5017/4781/4038
f 4744/4508/3772 5017/4781/4038 5013/4777/4034
f 5007/4771/4028 5019/4783/4040 5020/4784/4041
f 5007/4771/4028 5020/4784/4041 5008/4772/4029
f 5021/4785/4042 5022/4786/4043 5020/4784/4041
f 5021/4785/4042 5020/4784/4041 5019/4783/4040
f 5014/4778/4035 5018/4782/4039 5020/4784/4041
f 5014/4778/4035 5020/4784/4041 5022/4786/4043
f 5000/4764/4021 5008/4772/4029 5020/4784/4041
f 5000/4764/4021 5020/4784/4041 5018/4782/4039
f 5023/4787/4044 5024/4788/4045 5025/4789/4046
f 5023/4787/4044 5025/4789/4046 5026/4790/4047
f 5016/4780/4037 5015/4779/4036 5025/4789/4046
f 5016/4780/4037 5025/4789/4046 5024/4788/4045
f 5014/4778/4035 5022/4786/4043 5025/4789/4046
f 5014/4778/4035 5025/4789/4046 5015/4779/4036
f 5021/4785/4042 5026/4790/4047 5025/4789/4046
f 5021/4785/4042 5025/4789/4046 5022/4786/4043
f 4781/4545/3808 5027/4791/4048 5028/4792/4049
f 4781/4545/3808 5028/4792/4049 4782/4546/3809
f 5029/4793/4050 5030/4794/4051 5028/4792/4049
f 5029/4793/4050 5028/4792/4049 5027/4791/4048
f 5031/4795/4052 5032/4796/4053 5028/4792/4049
f 5031/4795/4052 5028/4792/4049 5030/4794/4051
f 4770/4534/3797 4782/4546/3809 5028/4792/4049
f 4770/4534/3797 5028/4792/4049 5032/4796/4053
f 2915/2789/2305 3846/3673/3070 5033/4797/4054
f 2915/2789/2305 5033/4797/4054 5034/4798/4055
f 3843/3670/3067 5035/4799/4056 5033/4797/4054
f 3843/3670/3067 5033/4797/4054 3846/3673/3070
f 5031/4795/4052 5030/4794/4051 5033/4797/4054
f 5031/4795/4052 5033/4797/4054 5035/4799/4056
f 5029/4793/4050 5034/4798/4055 5033/4797/4054
f 5029/4793/4050 5033/4797/4054 5030/4794/4051
f 3839/3666/3063 4723/4487/3751 5036/4800/4057
f 3839/3666/3063 5036/4800/4057 3840/3667/3064
f 4727/4491/3755 5037/4801/4058 5036/4800/4057
f 4727/4491/3755 5036/4800/4057 4723/4487/3751
f 5031/4795/4052 5035/4799/4056 5036/4800/4057
f 5031/4795/4052 5036/4800/4057 5037/4801/4058
f 3843/3670/3067 3840/3667/3064 5036/4800/4057
f 3843/3670/3067 5036/4800/4057 5035/4799/4056
f 4760/4524/3787 4766/4530/3793 5038/4802/4059
f 4760/4524/3787 5038/4802/4059 4761/4525/3788
f 4770/4534/3797 5032/4796/4053 5039/4803/4060
f 4770/4534/3797 5039/4803/4060 4766/4530/3793
f 5031/4795/4052 5037/4801/4058 5039/4803/4060
f 5031/4795/4052 5039/4803/4060 5032/4796/4053
f 4727/4491/3755 4764/4528/3791 5039/4803/4060
f 4727/4491/3755 5039/4803/4060 5037/4801/4058
f 5007/4771/4028 5010/4774/4031 5040/4804/4061
f 5007/4771/4028 5040/4804/4061 5041/4805/4062
f 5005/4769/4026 5042/4806/4063 5040/4804/4061
f 5005/4769/4026 5040/4804/4061 5010/4774/4031
f 5043/4807/4064 5044/4808/4065 5040/4804/4061
f 5043/4807/4064 5040/4804/4061 5042/4806/4063
f 5045/4809/4066 5041/4805/4062 5040/4804/4061
f 5045/4809/4066 5040/4804/4061 5044/4808/4065
f 732/715/600 735/718/603 5046/4810/4067
f 732/715/600 5046/4810/4067 5003/4767/4024
f 740/723/608 5047/4811/4068 5046/4810/4067
f 740/723/608 5046/4810/4067 735/718/603
f 5043/4807/4064 5042/4806/4063 5046/4810/4067
f 5043/4807/4064 5046/4810/4067 5047/4811/4068
f 5005/4769/4026 5003/4767/4024 5046/4810/4067
f 5005/4769/4026 5046/4810/4067 5042/4806/4063
f 767/750/635 5048/4812/4069 5049/4813/4070
f 767/750/635 5049/4813/4070 768/751/636
f 5050/4814/4071 5051/4815/4072 5049/4813/4070
f 5050/4814/4071 5049/4813/4070 5048/4812/4069
f 5043/4807/4064 5047/4811/4068 5049/4813/4070
f 5043/4807/4064 5049/4813/4070 5051/4815/4072
f 740/723/608 768/751/636 5049/4813/4070
f 740/723/608 5049/4813/4070 5047/4811/4068
f 5052/4816/4073 5053/4817/4074 5054/4818/4075
f 5052/4816/4073 5054/4818/4075 5055/4819/4076
f 5045/4809/4066 5044/4808/4065 5054/4818/4075
f 5045/4809/4066 5054/4818/4075 5053/4817/4074
f 5043/4807/4064 5051/4815/4072 5054/4818/4075
f 5043/4807/4064 5054/4818/4075 5044/4808/4065
f 5050/4814/4071 5055/4819/4076 5054/4818/4075
f 5050/4814/4071 5054/4818/4075 5051/4815/4072
f 5023/4787/4044 5026/4790/4047 5056/4820/4077
f 5023/4787/4044 5056/4820/4077 5057/4821/4078
f 5021/4785/4042 5058/4822/4079 5056/4820/4077
f 5021/4785/4042 5056/4820/4077 5026/4790/4047
f 5059/4823/4080 5060/4824/4081 5056/4820/4077
f 5059/4823/4080 5056/4820/4077 5058/4822/4079
f 5061/4825/4082 5057/4821/4078 5056/4820/4077
f 5061/4825/4082 5056/4820/4077 5060/4824/4081
f 5007/4771/4028 5041/4805/4062 5062/4826/4083
f 5007/4771/4028 5062/4826/4083 5019/4783/4040
f 5045/4809/4066 5063/4827/4084 5062/4826/4083
f 5045/4809/4066 5062/4826/4083 5041/4805/4062
f 5059/4823/4080 5058/4822/4079 5062/4826/4083
f 5059/4823/4080 5062/4826/4083 5063/4827/4084
f 5021/4785/4042 5019/4783/4040 5062/4826/4083
f 5021/4785/4042 5062/4826/4083 5058/4822/4079
f 5052/4816/4073 5064/4828/4085 5065/4829/4086
f 5052/4816/4073 5065/4829/4086 5053/4817/4074
f 5066/4830/4087 5067/4831/4088 5065/4829/4086
f 5066/4830/4087 5065/4829/4086 5064/4828/4085
f 5059/4823/4080 5063/4827/4084 5065/4829/4086
f 5059/4823/4080 5065/4829/4086 5067/4831/4088
f 5045/4809/4066 5053/4817/4074 5065/4829/4086
f 5045/4809/4066 5065/4829/4086 5063/4827/4084
f 5068/4832/4089 5069/4833/4090 5070/4834/4091
f 5068/4832/4089 5070/4834/4091 5071/4835/4092
f 5061/4825/4082 5060/4824/4081 5070/4834/4091
f 5061/4825/4082 5070/4834/4091 5069/4833/4090
f 5059/4823/4080 5067/4831/4088 5070/4834/4091
f 5059/4823/4080 5070/4834/4091 5060/4824/4081
f 5066/4830/4087 5071/4835/4092 5070/4834/4091
f 5066/4830/4087 5070/4834/4091 5067/4831/4088
f 4807/4571/3828 5072/4836/4093 5073/4837/4094
f 4807/4571/3828 5073/4837/4094 4803/4567/3829
f 5074/4838/4095 5075/4839/4096 5073/4837/4094
f 5074/4838/4095 5073/4837/4094 5072/4836/4093
f 5076/4840/4097 5077/4841/4098 5073/4837/4094
f 5076/4840/4097 5073/4837/4094 5075/4839/4096
f 4790/4554/3817 4803/4567/3829 5073/4837/4094
f 4790/4554/3817 5073/4837/4094 5077/4841/4098
f 2924/2798/2314 2927/2801/2317 5078/4842/4099
f 2924/2798/2314 5078/4842/4099 5079/4843/4100
f 2919/2793/2309 5080/4844/4101 5078/4842/4099
f 2919/2793/2309 5078/4842/4099 2927/2801/2317
f 5076/4840/4097 5075/4839/4096 5078/4842/4099
f 5076/4840/4097 5078/4842/4099 5080/4844/4101
f 5074/4838/4095 5079/4843/4100 5078/4842/4099
f 5074/4838/4095 5078/4842/4099 5075/4839/4096
f 2915/2789/2305 5034/4798/4055 5081/4845/4102
f 2915/2789/2305 5081/4845/4102 2916/2790/2306
f 5029/4793/4050 5082/4846/4103 5081/4845/4102
f 5029/4793/4050 5081/4845/4102 5034/4798/4055
f 5076/4840/4097 5080/4844/4101 5081/4845/4102
f 5076/4840/4097 5081/4845/4102 5082/4846/4103
f 2919/2793/2309 2916/2790/2306 5081/4845/4102
f 2919/2793/2309 5081/4845/4102 5080/4844/4101
f 4781/4545/3808 4786/4550/3813 5083/4847/4104
f 4781/4545/3808 5083/4847/4104 5027/4791/4048
f 4790/4554/3817 5077/4841/4098 5083/4847/4104
f 4790/4554/3817 5083/4847/4104 4786/4550/3813
f 5076/4840/4097 5082/4846/4103 5083/4847/4104
f 5076/4840/4097 5083/4847/4104 5077/4841/4098
f 5029/4793/4050 5027/4791/4048 5083/4847/4104
f 5029/4793/4050 5083/4847/4104 5082/4846/4103
f 5052/4816/4073 5055/4819/4076 5084/4848/4105
f 5052/4816/4073 5084/4848/4105 5085/4849/4106
f 5050/4814/4071 5086/4850/4107 5084/4848/4105
f 5050/4814/4071 5084/4848/4105 5055/4819/4076
f 5087/4851/4108 5088/4852/4109 5084/4848/4105
f 5087/4851/4108 5084/4848/4105 5086/4850/4107
f 5089/4853/4110 5085/4849/4106 5084/4848/4105
f 5089/4853/4110 5084/4848/4105 5088/4852/4109
f 767/750/635 1141/1122/993 5090/4854/4111
f 767/750/635 5090/4854/4111 5048/4812/4069
f 1135/1116/987 5091/4855/4112 5090/4854/4111
f 1135/1116/987 5090/4854/4111 1141/1122/993
f 5087/4851/4108 5086/4850/4107 5090/4854/4111
f 5087/4851/4108 5090/4854/4111 5091/4855/4112
f 5050/4814/4071 5048/4812/4069 5090/4854/4111
f 5050/4814/4071 5090/4854/4111 5086/4850/4107
f 1131/1112/983 5092/4856/4113 5093/4857/4114
f 1131/1112/983 5093/4857/4114 1132/1113/984
f 5094/4858/4115 5095/4859/4116 5093/4857/4114
f 5094/4858/4115 5093/4857/4114 5092/4856/4113
f 5087/4851/4108 5091/4855/4112 5093/4857/4114
f 5087/4851/4108 5093/4857/4114 5095/4859/4116
f 1135/1116/987 1132/1113/984 5093/4857/4114
f 1135/1116/987 5093/4857/4114 5091/4855/4112
f 5096/4860/4117 5097/4861/4118 5098/4862/4119
f 5096/4860/4117 5098/4862/4119 5099/4863/4120
f 5089/4853/4110 5088/4852/4109 5098/4862/4119
f 5089/4853/4110 5098/4862/4119 5097/4861/4118
f 5087/4851/4108 5095/4859/4116 5098/4862/4119
f 5087/4851/4108 5098/4862/4119 5088/4852/4109
f 5094/4858/4115 5099/4863/4120 5098/4862/4119
f 5094/4858/4115 5098/4862/4119 5095/4859/4116
f 5068/4832/4089 5071/4835/4092 5100/4864/4121
f 5068/4832/4089 5100/4864/4121 5101/4865/4122
f 5066/4830/4087 5102/4866/4123 5100/4864/4121
f 5066/4830/4087 5100/4864/4121 5071/4835/4092
f 5103/4867/4124 5104/4868/4125 5100/4864/4121
f 5103/4867/4124 5100/4864/4121 5102/4866/4123
f 5105/4869/4126 5101/4865/4122 5100/4864/4121
f 5105/4869/4126 5100/4864/4121 5104/4868/4125
f 5052/4816/4073 5085/4849/4106 5106/4870/4127
f 5052/4816/4073 5106/4870/4127 5064/4828/4085
f 5089/4853/4110 5107/4871/4128 5106/4870/4127
f 5089/4853/4110 5106/4870/4127 5085/4849/4106
f 5103/4867/4124 5102/4866/4123 5106/4870/4127
f 5103/4867/4124 5106/4870/4127 5107/4871/4128
f 5066/4830/4087 5064/4828/4085 5106/4870/4127
f 5066/4830/4087 5106/4870/4127 5102/4866/4123
f 5096/4860/4117 5108/4872/4129 5109/4873/4130
f 5096/4860/4117 5109/4873/4130 5097/4861/4118
f 5110/4874/4131 5111/4875/4132 5109/4873/4130
f 5110/4874/4131 5109/4873/4130 5108/4872/4129
f 5103/4867/4124 5107/4871/4128 5109/4873/4130
f 5103/4867/4124 5109/4873/4130 5111/4875/4132
f 5089/4853/4110 5097/4861/4118 5109/4873/4130
f 5089/4853/4110 5109/4873/4130 5107/4871/4128
f 5112/4876/4133 5113/4877/4134 5114/4878/4135
f 5112/4876/4133 5114/4878/4135 5115/4879/4136
f 5105/4869/4126 5104/4868/4125 5114/4878/4135
f 5105/4869/4126 5114/4878/4135 5113/4877/4134
f 5103/4867/4124 5111/4875/4132 5114/4878/4135
f 5103/4867/4124 5114/4878/4135 5104/4868/4125
f 5110/4874/4131 5115/4879/4136 5114/4878/4135
f 5110/4874/4131 5114/4878/4135 5111/4875/4132
f 4825/4589/3849 5116/4880/4137 5117/4881/4138
f 4825/4589/3849 5117/4881/4138 4826/4590/3850
f 5118/4882/4139 5119/4883/4140 5117/4881/4138
f 5118/4882/4139 5117/4881/4138 5116/4880/4137
f 5120/4884/4141 5121/4885/4142 5117/4881/4138
f 5120/4884/4141 5117/4881/4138 5119/4883/4140
f 4814/4578/3838 4826/4590/3850 5117/4881/4138
f 4814/4578/3838 5117/4881/4138 5121/4885/4142
f 3317/3189/2693 3320/3192/2696 5122/4886/4143
f 3317/3189/2693 5122/4886/4143 5123/4887/4144
f 3325/3197/2701 5124/4888/4145 5122/4886/4143
f 3325/3197/2701 5122/4886/4143 3320/3192/2696
f 5120/4884/4141 5119/4883/4140 5122/4886/4143
f 5120/4884/4141 5122/4886/4143 5124/4888/4145
f 5118/4882/4139 5123/4887/4144 5122/4886/4143
f 5118/4882/4139 5122/4886/4143 5119/4883/4140
f 2924/2798/2314 5079/4843/4100 5125/4889/4146
f 2924/2798/2314 5125/4889/4146 3331/3203/2707
f 5074/4838/4095 5126/4890/4147 5125/4889/4146
f 5074/4838/4095 5125/4889/4146 5079/4843/4100
f 5120/4884/4141 5124/4888/4145 5125/4889/4146
f 5120/4884/4141 5125/4889/4146 5126/4890/4147
f 3325/3197/2701 3331/3203/2707 5125/4889/4146
f 3325/3197/2701 5125/4889/4146 5124/4888/4145
f 4807/4571/3828 4809/4573/3833 5127/4891/4148
f 4807/4571/3828 5127/4891/4148 5072/4836/4093
f 4814/4578/3838 5121/4885/4142 5127/4891/4148
f 4814/4578/3838 5127/4891/4148 4809/4573/3833
f 5120/4884/4141 5126/4890/4147 5127/4891/4148
f 5120/4884/4141 5127/4891/4148 5121/4885/4142
f 5074/4838/4095 5072/4836/4093 5127/4891/4148
f 5074/4838/4095 5127/4891/4148 5126/4890/4147
f 5096/4860/4117 5099/4863/4120 5128/4892/4149
f 5096/4860/4117 5128/4892/4149 5129/4893/4150
f 5094/4858/4115 5130/4894/4151 5128/4892/4149
f 5094/4858/4115 5128/4892/4149 5099/4863/4120
f 5131/4895/4152 5132/4896/4153 5128/4892/4149
f 5131/4895/4152 5128/4892/4149 5130/4894/4151
f 5133/4897/4154 5129/4893/4150 5128/4892/4149
f 5133/4897/4154 5128/4892/4149 5132/4896/4153
f 1131/1112/983 1154/1135/1006 5134/4898/4155
f 1131/1112/983 5134/4898/4155 5092/4856/4113
f 1149/1130/1001 5135/4899/4156 5134/4898/4155
f 1149/1130/1001 5134/4898/4155 1154/1135/1006
f 5131/4895/4152 5130/4894/4151 5134/4898/4155
f 5131/4895/4152 5134/4898/4155 5135/4899/4156
f 5094/4858/4115 5092/4856/4113 5134/4898/4155
f 5094/4858/4115 5134/4898/4155 5130/4894/4151
f 787/770/655 5136/4900/4157 5137/4901/4158
f 787/770/655 5137/4901/4158 1147/1128/999
f 5138/4902/4159 5139/4903/4160 5137/4901/4158
f 5138/4902/4159 5137/4901/4158 5136/4900/4157
f 5131/4895/4152 5135/4899/4156 5137/4901/4158
f 5131/4895/4152 5137/4901/4158 5139/4903/4160
f 1149/1130/1001 1147/1128/999 5137/4901/4158
f 1149/1130/1001 5137/4901/4158 5135/4899/4156
f 5140/4904/4161 5141/4905/4162 5142/4906/4163
f 5140/4904/4161 5142/4906/4163 5143/4907/4164
f 5133/4897/4154 5132/4896/4153 5142/4906/4163
f 5133/4897/4154 5142/4906/4163 5141/4905/4162
f 5131/4895/4152 5139/4903/4160 5142/4906/4163
f 5131/4895/4152 5142/4906/4163 5132/4896/4153
f 5138/4902/4159 5143/4907/4164 5142/4906/4163
f 5138/4902/4159 5142/4906/4163 5139/4903/4160
f 5112/4876/4133 5115/4879/4136 5144/4908/4165
f 5112/4876/4133 5144/4908/4165 5145/4909/4166
f 5110/4874/4131 5146/4910/4167 5144/4908/4165
f 5110/4874/4131 5144/4908/4165 5115/4879/4136
f 5147/4911/4168 5148/4912/4169 5144/4908/4165
f 5147/4911/4168 5144/4908/4165 5146/4910/4167
f 5149/4913/4170 5145/4909/4166 5144/4908/4165
f 5149/4913/4170 5144/4908/4165 5148/4912/4169
f 5096/4860/4117 5129/4893/4150 5150/4914/4171
f 5096/4860/4117 5150/4914/4171 5108/4872/4129
f 5133/4897/4154 5151/4915/4172 5150/4914/4171
f 5133/4897/4154 5150/4914/4171 5129/4893/4150
f 5147/4911/4168 5146/4910/4167 5150/4914/4171
f 5147/4911/4168 5150/4914/4171 5151/4915/4172
f 5110/4874/4131 5108/4872/4129 5150/4914/4171
f 5110/4874/4131 5150/4914/4171 5146/4910/4167
f 5140/4904/4161 5152/4916/4173 5153/4917/4174
f 5140/4904/4161 5153/4917/4174 5141/4905/4162
f 5154/4918/4175 5155/4919/4176 5153/4917/4174
f 5154/4918/4175 5153/4917/4174 5152/4916/4173
f 5147/4911/4168 5151/4915/4172 5153/4917/4174
f 5147/4911/4168 5153/4917/4174 5155/4919/4176
f 5133/4897/4154 5141/4905/4162 5153/4917/4174
f 5133/4897/4154 5153/4917/4174 5151/4915/4172
f 5156/4920/4177 5157/4921/4178 5158/4922/4179
f 5156/4920/4177 5158/4922/4179 5159/4923/4180
f 5149/4913/4170 5148/4912/4169 5158/4922/4179
f 5149/4913/4170 5158/4922/4179 5157/4921/4178
f 5147/4911/4168 5155/4919/4176 5158/4922/4179
f 5147/4911/4168 5158/4922/4179 5148/4912/4169
f 5154/4918/4175 5159/4923/4180 5158/4922/4179
f 5154/4918/4175 5158/4922/4179 5155/4919/4176
f 4848/4612/3870 5160/4924/4181 5161/4925/4182
f 4848/4612/3870 5161/4925/4182 4849/4613/3871
f 5162/4926/4183 5163/4927/4184 5161/4925/4182
f 5162/4926/4183 5161/4925/4182 5160/4924/4181
f 5164/4928/4185 5165/4929/4186 5161/4925/4182
f 5164/4928/4185 5161/4925/4182 5163/4927/4184
f 4835/4599/3859 4849/4613/3871 5161/4925/4182
f 4835/4599/3859 5161/4925/4182 5165/4929/4186
f 2960/2834/2350 3334/3206/2710 5166/4930/4187
f 2960/2834/2350 5166/4930/4187 5167/4931/4188
f 3338/3210/2714 5168/4932/4189 5166/4930/4187
f 3338/3210/2714 5166/4930/4187 3334/3206/2710
f 5164/4928/4185 5163/4927/4184 5166/4930/4187
f 5164/4928/4185 5166/4930/4187 5168/4932/4189
f 5162/4926/4183 5167/4931/4188 5166/4930/4187
f 5162/4926/4183 5166/4930/4187 5163/4927/4184
f 3317/3189/2693 5123/4887/4144 5169/4933/4190
f 3317/3189/2693 5169/4933/4190 3343/3215/2719
f 5118/4882/4139 5170/4934/4191 5169/4933/4190
f 5118/4882/4139 5169/4933/4190 5123/4887/4144
f 5164/4928/4185 5168/4932/4189 5169/4933/4190
f 5164/4928/4185 5169/4933/4190 5170/4934/4191
f 3338/3210/2714 3343/3215/2719 5169/4933/4190
f 3338/3210/2714 5169/4933/4190 5168/4932/4189
f 4825/4589/3849 4831/4595/3855 5171/4935/4192
f 4825/4589/3849 5171/4935/4192 5116/4880/4137
f 4835/4599/3859 5165/4929/4186 5171/4935/4192
f 4835/4599/3859 5171/4935/4192 4831/4595/3855
f 5164/4928/4185 5170/4934/4191 5171/4935/4192
f 5164/4928/4185 5171/4935/4192 5165/4929/4186
f 5118/4882/4139 5116/4880/4137 5171/4935/4192
f 5118/4882/4139 5171/4935/4192 5170/4934/4191
f 5140/4904/4161 5143/4907/4164 5172/4936/4193
f 5140/4904/4161 5172/4936/4193 5173/4937/4194
f 5138/4902/4159 5174/4938/4195 5172/4936/4193
f 5138/4902/4159 5172/4936/4193 5143/4907/4164
f 5175/4939/4196 5176/4940/4197 5172/4936/4193
f 5175/4939/4196 5172/4936/4193 5174/4938/4195
f 5177/4941/4198 5173/4937/4194 5172/4936/4193
f 5177/4941/4198 5172/4936/4193 5176/4940/4197
f 787/770/655 790/773/658 5178/4942/4199
f 787/770/655 5178/4942/4199 5136/4900/4157
f 785/768/653 5179/4943/4200 5178/4942/4199
f 785/768/653 5178/4942/4199 790/773/658
f 5175/4939/4196 5174/4938/4195 5178/4942/4199
f 5175/4939/4196 5178/4942/4199 5179/4943/4200
f 5138/4902/4159 5136/4900/4157 5178/4942/4199
f 5138/4902/4159 5178/4942/4199 5174/4938/4195
f 781/764/649 5180/4944/4201 5181/4945/4202
f 781/764/649 5181/4945/4202 782/765/650
f 5182/4946/4203 5183/4947/4204 5181/4945/4202
f 5182/4946/4203 5181/4945/4202 5180/4944/4201
f 5175/4939/4196 5179/4943/4200 5181/4945/4202
f 5175/4939/4196 5181/4945/4202 5183/4947/4204
f 785/768/653 782/765/650 5181/4945/4202
f 785/768/653 5181/4945/4202 5179/4943/4200
f 5184/4948/4205 5185/4949/4206 5186/4950/4207
f 5184/4948/4205 5186/4950/4207 5187/4951/4208
f 5177/4941/4198 5176/4940/4197 5186/4950/4207
f 5177/4941/4198 5186/4950/4207 5185/4949/4206
f 5175/4939/4196 5183/4947/4204 5186/4950/4207
f 5175/4939/4196 5186/4950/4207 5176/4940/4197
f 5182/4946/4203 5187/4951/4208 5186/4950/4207
f 5182/4946/4203 5186/4950/4207 5183/4947/4204
f 5156/4920/4177 5159/4923/4180 5188/4952/4209
f 5156/4920/4177 5188/4952/4209 5189/4953/4210
f 5154/4918/4175 5190/4954/4211 5188/4952/4209
f 5154/4918/4175 5188/4952/4209 5159/4923/4180
f 5191/4955/4212 5192/4956/4213 5188/4952/4209
f 5191/4955/4212 5188/4952/4209 5190/4954/4211
f 5193/4957/4214 5189/4953/4210 5188/4952/4209
f 5193/4957/4214 5188/4952/4209 5192/4956/4213
f 5140/4904/4161 5173/4937/4194 5194/4958/4215
f 5140/4904/4161 5194/4958/4215 5152/4916/4173
f 5177/4941/4198 5195/4959/4216 5194/4958/4215
f 5177/4941/4198 5194/4958/4215 5173/4937/4194
f 5191/4955/4212 5190/4954/4211 5194/4958/4215
f 5191/4955/4212 5194/4958/4215 5195/4959/4216
f 5154/4918/4175 5152/4916/4173 5194/4958/4215
f 5154/4918/4175 5194/4958/4215 5190/4954/4211
f 5184/4948/4205 5196/4960/4217 5197/4961/4218
f 5184/4948/4205 5197/4961/4218 5185/4949/4206
f 5198/4962/4219 5199/4963/4220 5197/4961/4218
f 5198/4962/4219 5197/4961/4218 5196/4960/4217
f 5191/4955/4212 5195/4959/4216 5197/4961/4218
f 5191/4955/4212 5197/4961/4218 5199/4963/4220
f 5177/4941/4198 5185/4949/4206 5197/4961/4218
f 5177/4941/4198 5197/4961/4218 5195/4959/4216
f 5200/4964/4221 5201/4965/4222 5202/4966/4223
f 5200/4964/4221 5202/4966/4223 5203/4967/4224
f 5193/4957/4214 5192/4956/4213 5202/4966/4223
f 5193/4957/4214 5202/4966/4223 5201/4965/4222
f 5191/4955/4212 5199/4963/4220 5202/4966/4223
f 5191/4955/4212 5202/4966/4223 5192/4956/4213
f 5198/4962/4219 5203/4967/4224 5202/4966/4223
f 5198/4962/4219 5202/4966/4223 5199/4963/4220
f 4868/4632/3890 5204/4968/4225 5205/4969/4226
f 4868/4632/3890 5205/4969/4226 4869/4633/3891
f 5206/4970/4227 5207/4971/4228 5205/4969/4226
f 5206/4970/4227 5205/4969/4226 5204/4968/4225
f 5208/4972/4229 5209/4973/4230 5205/4969/4226
f 5208/4972/4229 5205/4969/4226 5207/4971/4228
f 4857/4621/3879 4869/4633/3891 5205/4969/4226
f 4857/4621/3879 5205/4969/4226 5209/4973/4230
f 2966/2840/2356 2969/2843/2359 5210/4974/4231
f 2966/2840/2356 5210/4974/4231 5211/4975/4232
f 2964/2838/2354 5212/4976/4233 5210/4974/4231
f 2964/2838/2354 5210/4974/4231 2969/2843/2359
f 5208/4972/4229 5207/4971/4228 5210/4974/4231
f 5208/4972/4229 5210/4974/4231 5212/4976/4233
f 5206/4970/4227 5211/4975/4232 5210/4974/4231
f 5206/4970/4227 5210/4974/4231 5207/4971/4228
f 2960/2834/2350 5167/4931/4188 5213/4977/4234
f 2960/2834/2350 5213/4977/4234 2961/2835/2351
f 5162/4926/4183 5214/4978/4235 5213/4977/4234
f 5162/4926/4183 5213/4977/4234 5167/4931/4188
f 5208/4972/4229 5212/4976/4233 5213/4977/4234
f 5208/4972/4229 5213/4977/4234 5214/4978/4235
f 2964/2838/2354 2961/2835/2351 5213/4977/4234
f 2964/2838/2354 5213/4977/4234 5212/4976/4233
f 4848/4612/3870 4853/4617/3875 5215/4979/4236
f 4848/4612/3870 5215/4979/4236 5160/4924/4181
f 4857/4621/3879 5209/4973/4230 5215/4979/4236
f 4857/4621/3879 5215/4979/4236 4853/4617/3875
f 5208/4972/4229 5214/4978/4235 5215/4979/4236
f 5208/4972/4229 5215/4979/4236 5209/4973/4230
f 5162/4926/4183 5160/4924/4181 5215/4979/4236
f 5162/4926/4183 5215/4979/4236 5214/4978/4235
f 5184/4948/4205 5187/4951/4208 5216/4980/4237
f 5184/4948/4205 5216/4980/4237 5217/4981/4238
f 5182/4946/4203 5218/4982/4239 5216/4980/4237
f 5182/4946/4203 5216/4980/4237 5187/4951/4208
f 5219/4983/4240 5220/4984/4241 5216/4980/4237
f 5219/4983/4240 5216/4980/4237 5218/4982/4239
f 5221/4985/4242 5217/4981/4238 5216/4980/4237
f 5221/4985/4242 5216/4980/4237 5220/4984/4241
f 781/764/649 1130/1111/982 5222/4986/4243
f 781/764/649 5222/4986/4243 5180/4944/4201
f 1127/1108/979 5223/4987/4244 5222/4986/4243
f 1127/1108/979 5222/4986/4243 1130/1111/982
f 5219/4983/4240 5218/4982/4239 5222/4986/4243
f 5219/4983/4240 5222/4986/4243 5223/4987/4244
f 5182/4946/4203 5180/4944/4201 5222/4986/4243
f 5182/4946/4203 5222/4986/4243 5218/4982/4239
f 1115/1096/967 5224/4988/4245 5225/4989/4246
f 1115/1096/967 5225/4989/4246 1125/1106/977
f 5226/4990/4247 5227/4991/4248 5225/4989/4246
f 5226/4990/4247 5225/4989/4246 5224/4988/4245
f 5219/4983/4240 5223/4987/4244 5225/4989/4246
f 5219/4983/4240 5225/4989/4246 5227/4991/4248
f 1127/1108/979 1125/1106/977 5225/4989/4246
f 1127/1108/979 5225/4989/4246 5223/4987/4244
f 5228/4992/4249 5229/4993/4250 5230/4994/4251
f 5228/4992/4249 5230/4994/4251 5231/4995/4252
f 5221/4985/4242 5220/4984/4241 5230/4994/4251
f 5221/4985/4242 5230/4994/4251 5229/4993/4250
f 5219/4983/4240 5227/4991/4248 5230/4994/4251
f 5219/4983/4240 5230/4994/4251 5220/4984/4241
f 5226/4990/4247 5231/4995/4252 5230/4994/4251
f 5226/4990/4247 5230/4994/4251 5227/4991/4248
f 5200/4964/4221 5203/4967/4224 5232/4996/4253
f 5200/4964/4221 5232/4996/4253 5233/4997/4254
f 5198/4962/4219 5234/4998/4255 5232/4996/4253
f 5198/4962/4219 5232/4996/4253 5203/4967/4224
f 5235/4999/4256 5236/5000/4257 5232/4996/4253
f 5235/4999/4256 5232/4996/4253 5234/4998/4255
f 5237/5001/4258 5233/4997/4254 5232/4996/4253
f 5237/5001/4258 5232/4996/4253 5236/5000/4257
f 5184/4948/4205 5217/4981/4238 5238/5002/4259
f 5184/4948/4205 5238/5002/4259 5196/4960/4217
f 5221/4985/4242 5239/5003/4260 5238/5002/4259
f 5221/4985/4242 5238/5002/4259 5217/4981/4238
f 5235/4999/4256 5234/4998/4255 5238/5002/4259
f 5235/4999/4256 5238/5002/4259 5239/5003/4260
f 5198/4962/4219 5196/4960/4217 5238/5002/4259
f 5198/4962/4219 5238/5002/4259 5234/4998/4255
f 5228/4992/4249 5240/5004/4261 5241/5005/4262
f 5228/4992/4249 5241/5005/4262 5229/4993/4250
f 5242/5006/4263 5243/5007/4264 5241/5005/4262
f 5242/5006/4263 5241/5005/4262 5240/5004/4261
f 5235/4999/4256 5239/5003/4260 5241/5005/4262
f 5235/4999/4256 5241/5005/4262 5243/5007/4264
f 5221/4985/4242 5229/4993/4250 5241/5005/4262
f 5221/4985/4242 5241/5005/4262 5239/5003/4260
f 5244/5008/4265 5245/5009/4266 5246/5010/4267
f 5244/5008/4265 5246/5010/4267 5247/5011/4268
f 5237/5001/4258 5236/5000/4257 5246/5010/4267
f 5237/5001/4258 5246/5010/4267 5245/5009/4266
f 5235/4999/4256 5243/5007/4264 5246/5010/4267
f 5235/4999/4256 5246/5010/4267 5236/5000/4257
f 5242/5006/4263 5247/5011/4268 5246/5010/4267
f 5242/5006/4263 5246/5010/4267 5243/5007/4264
f 4888/4652/3910 5248/5012/4269 5249/5013/4270
f 4888/4652/3910 5249/5013/4270 4889/4653/3911
f 5250/5014/4271 5251/5015/4272 5249/5013/4270
f 5250/5014/4271 5249/5013/4270 5248/5012/4269
f 5252/5016/4273 5253/5017/4274 5249/5013/4270
f 5252/5016/4273 5249/5013/4270 5251/5015/4272
f 4877/4641/3899 4889/4653/3911 5249/5013/4270
f 4877/4641/3899 5249/5013/4270 5253/5017/4274
f 3295/3167/2671 3314/3186/2690 5254/5018/4275
f 3295/3167/2671 5254/5018/4275 5255/5019/4276
f 3311/3183/2687 5256/5020/4277 5254/5018/4275
f 3311/3183/2687 5254/5018/4275 3314/3186/2690
f 5252/5016/4273 5251/5015/4272 5254/5018/4275
f 5252/5016/4273 5254/5018/4275 5256/5020/4277
f 5250/5014/4271 5255/5019/4276 5254/5018/4275
f 5250/5014/4271 5254/5018/4275 5251/5015/4272
f 2966/2840/2356 5211/4975/4232 5257/5021/4278
f 2966/2840/2356 5257/5021/4278 3309/3181/2685
f 5206/4970/4227 5258/5022/4279 5257/5021/4278
f 5206/4970/4227 5257/5021/4278 5211/4975/4232
f 5252/5016/4273 5256/5020/4277 5257/5021/4278
f 5252/5016/4273 5257/5021/4278 5258/5022/4279
f 3311/3183/2687 3309/3181/2685 5257/5021/4278
f 3311/3183/2687 5257/5021/4278 5256/5020/4277
f 4868/4632/3890 4873/4637/3895 5259/5023/4280
f 4868/4632/3890 5259/5023/4280 5204/4968/4225
f 4877/4641/3899 5253/5017/4274 5259/5023/4280
f 4877/4641/3899 5259/5023/4280 4873/4637/3895
f 5252/5016/4273 5258/5022/4279 5259/5023/4280
f 5252/5016/4273 5259/5023/4280 5253/5017/4274
f 5206/4970/4227 5204/4968/4225 5259/5023/4280
f 5206/4970/4227 5259/5023/4280 5258/5022/4279
f 5228/4992/4249 5231/4995/4252 5260/5024/4281
f 5228/4992/4249 5260/5024/4281 5261/5025/4282
f 5226/4990/4247 5262/5026/4283 5260/5024/4281
f 5226/4990/4247 5260/5024/4281 5231/4995/4252
f 5263/5027/4284 5264/5028/4285 5260/5024/4281
f 5263/5027/4284 5260/5024/4281 5262/5026/4283
f 5265/5029/4286 5261/5025/4282 5260/5024/4281
f 5265/5029/4286 5260/5024/4281 5264/5028/4285
f 1115/1096/967 1118/1099/970 5266/5030/4287
f 1115/1096/967 5266/5030/4287 5224/4988/4245
f 1113/1094/965 5267/5031/4288 5266/5030/4287
f 1113/1094/965 5266/5030/4287 1118/1099/970
f 5263/5027/4284 5262/5026/4283 5266/5030/4287
f 5263/5027/4284 5266/5030/4287 5267/5031/4288
f 5226/4990/4247 5224/4988/4245 5266/5030/4287
f 5226/4990/4247 5266/5030/4287 5262/5026/4283
f 791/774/659 5268/5032/4289 5269/5033/4290
f 791/774/659 5269/5033/4290 1111/1092/963
f 5270/5034/4291 5271/5035/4292 5269/5033/4290
f 5270/5034/4291 5269/5033/4290 5268/5032/4289
f 5263/5027/4284 5267/5031/4288 5269/5033/4290
f 5263/5027/4284 5269/5033/4290 5271/5035/4292
f 1113/1094/965 1111/1092/963 5269/5033/4290
f 1113/1094/965 5269/5033/4290 5267/5031/4288
f 5272/5036/4293 5273/5037/4294 5274/5038/4295
f 5272/5036/4293 5274/5038/4295 5275/5039/4296
f 5265/5029/4286 5264/5028/4285 5274/5038/4295
f 5265/5029/4286 5274/5038/4295 5273/5037/4294
f 5263/5027/4284 5271/5035/4292 5274/5038/4295
f 5263/5027/4284 5274/5038/4295 5264/5028/4285
f 5270/5034/4291 5275/5039/4296 5274/5038/4295
f 5270/5034/4291 5274/5038/4295 5271/5035/4292
f 5244/5008/4265 5247/5011/4268 5276/5040/4297
f 5244/5008/4265 5276/5040/4297 5277/5041/4298
f 5242/5006/4263 5278/5042/4299 5276/5040/4297
f 5242/5006/4263 5276/5040/4297 5247/5011/4268
f 5279/5043/4300 5280/5044/4301 5276/5040/4297
f 5279/5043/4300 5276/5040/4297 5278/5042/4299
f 5281/5045/4302 5277/5041/4298 5276/5040/4297
f 5281/5045/4302 5276/5040/4297 5280/5044/4301
f 5228/4992/4249 5261/5025/4282 5282/5046/4303
f 5228/4992/4249 5282/5046/4303 5240/5004/4261
f 5265/5029/4286 5283/5047/4304 5282/5046/4303
f 5265/5029/4286 5282/5046/4303 5261/5025/4282
f 5279/5043/4300 5278/5042/4299 5282/5046/4303
f 5279/5043/4300 5282/5046/4303 5283/5047/4304
f 5242/5006/4263 5240/5004/4261 5282/5046/4303
f 5242/5006/4263 5282/5046/4303 5278/5042/4299
f 5272/5036/4293 5284/5048/4305 5285/5049/4306
f 5272/5036/4293 5285/5049/4306 5273/5037/4294
f 5286/5050/4307 5287/5051/4308 5285/5049/4306
f 5286/5050/4307 5285/5049/4306 5284/5048/4305
f 5279/5043/4300 5283/5047/4304 5285/5049/4306
f 5279/5043/4300 5285/5049/4306 5287/5051/4308
f 5265/5029/4286 5273/5037/4294 5285/5049/4306
f 5265/5029/4286 5285/5049/4306 5283/5047/4304
f 5288/5052/4309 5289/5053/4310 5290/5054/4311
f 5288/5052/4309 5290/5054/4311 5291/5055/4312
f 5281/5045/4302 5280/5044/4301 5290/5054/4311
f 5281/5045/4302 5290/5054/4311 5289/5053/4310
f 5279/5043/4300 5287/5051/4308 5290/5054/4311
f 5279/5043/4300 5290/5054/4311 5280/5044/4301
f 5286/5050/4307 5291/5055/4312 5290/5054/4311
f 5286/5050/4307 5290/5054/4311 5287/5051/4308
f 4908/4672/3930 5292/5056/4313 5293/5057/4314
f 4908/4672/3930 5293/5057/4314 4909/4673/3931
f 5294/5058/4315 5295/5059/4316 5293/5057/4314
f 5294/5058/4315 5293/5057/4314 5292/5056/4313
f 5296/5060/4317 5297/5061/4318 5293/5057/4314
f 5296/5060/4317 5293/5057/4314 5295/5059/4316
f 4897/4661/3919 4909/4673/3931 5293/5057/4314
f 4897/4661/3919 5293/5057/4314 5297/5061/4318
f 2974/2848/2364 3302/3174/2678 5298/5062/4319
f 2974/2848/2364 5298/5062/4319 5299/5063/4320
f 3299/3171/2675 5300/5064/4321 5298/5062/4319
f 3299/3171/2675 5298/5062/4319 3302/3174/2678
f 5296/5060/4317 5295/5059/4316 5298/5062/4319
f 5296/5060/4317 5298/5062/4319 5300/5064/4321
f 5294/5058/4315 5299/5063/4320 5298/5062/4319
f 5294/5058/4315 5298/5062/4319 5295/5059/4316
f 3295/3167/2671 5255/5019/4276 5301/5065/4322
f 3295/3167/2671 5301/5065/4322 3296/3168/2672
f 5250/5014/4271 5302/5066/4323 5301/5065/4322
f 5250/5014/4271 5301/5065/4322 5255/5019/4276
f 5296/5060/4317 5300/5064/4321 5301/5065/4322
f 5296/5060/4317 5301/5065/4322 5302/5066/4323
f 3299/3171/2675 3296/3168/2672 5301/5065/4322
f 3299/3171/2675 5301/5065/4322 5300/5064/4321
f 4888/4652/3910 4893/4657/3915 5303/5067/4324
f 4888/4652/3910 5303/5067/4324 5248/5012/4269
f 4897/4661/3919 5297/5061/4318 5303/5067/4324
f 4897/4661/3919 5303/5067/4324 4893/4657/3915
f 5296/5060/4317 5302/5066/4323 5303/5067/4324
f 5296/5060/4317 5303/5067/4324 5297/5061/4318
f 5250/5014/4271 5248/5012/4269 5303/5067/4324
f 5250/5014/4271 5303/5067/4324 5302/5066/4323
f 5272/5036/4293 5275/5039/4296 5304/5068/4325
f 5272/5036/4293 5304/5068/4325 5305/5069/4326
f 5270/5034/4291 5306/5070/4327 5304/5068/4325
f 5270/5034/4291 5304/5068/4325 5275/5039/4296
f 5307/5071/4328 5308/5072/4329 5304/5068/4325
f 5307/5071/4328 5304/5068/4325 5306/5070/4327
f 5309/5073/4330 5305/5069/4326 5304/5068/4325
f 5309/5073/4330 5304/5068/4325 5308/5072/4329
f 791/774/659 794/777/662 5310/5074/4331
f 791/774/659 5310/5074/4331 5268/5032/4289
f 799/782/667 5311/5075/4332 5310/5074/4331
f 799/782/667 5310/5074/4331 794/777/662
f 5307/5071/4328 5306/5070/4327 5310/5074/4331
f 5307/5071/4328 5310/5074/4331 5311/5075/4332
f 5270/5034/4291 5268/5032/4289 5310/5074/4331
f 5270/5034/4291 5310/5074/4331 5306/5070/4327
f 831/814/699 5312/5076/4333 5313/5077/4334
f 831/814/699 5313/5077/4334 832/815/700
f 5314/5078/4335 5315/5079/4336 5313/5077/4334
f 5314/5078/4335 5313/5077/4334 5312/5076/4333
f 5307/5071/4328 5311/5075/4332 5313/5077/4334
f 5307/5071/4328 5313/5077/4334 5315/5079/4336
f 799/782/667 832/815/700 5313/5077/4334
f 799/782/667 5313/5077/4334 5311/5075/4332
f 5316/5080/4337 5317/5081/4338 5318/5082/4339
f 5316/5080/4337 5318/5082/4339 5319/5083/4340
f 5309/5073/4330 5308/5072/4329 5318/5082/4339
f 5309/5073/4330 5318/5082/4339 5317/5081/4338
f 5307/5071/4328 5315/5079/4336 5318/5082/4339
f 5307/5071/4328 5318/5082/4339 5308/5072/4329
f 5314/5078/4335 5319/5083/4340 5318/5082/4339
f 5314/5078/4335 5318/5082/4339 5315/5079/4336
f 5288/5052/4309 5291/5055/4312 5320/5084/4341
f 5288/5052/4309 5320/5084/4341 5321/5085/4342
f 5286/5050/4307 5322/5086/4343 5320/5084/4341
f 5286/5050/4307 5320/5084/4341 5291/5055/4312
f 5323/5087/4344 5324/5088/4345 5320/5084/4341
f 5323/5087/4344 5320/5084/4341 5322/5086/4343
f 5325/5089/4346 5321/5085/4342 5320/5084/4341
f 5325/5089/4346 5320/5084/4341 5324/5088/4345
f 5272/5036/4293 5305/5069/4326 5326/5090/4347
f 5272/5036/4293 5326/5090/4347 5284/5048/4305
f 5309/5073/4330 5327/5091/4348 5326/5090/4347
f 5309/5073/4330 5326/5090/4347 5305/5069/4326
f 5323/5087/4344 5322/5086/4343 5326/5090/4347
f 5323/5087/4344 5326/5090/4347 5327/5091/4348
f 5286/5050/4307 5284/5048/4305 5326/5090/4347
f 5286/5050/4307 5326/5090/4347 5322/5086/4343
f 5316/5080/4337 5328/5092/4349 5329/5093/4350
f 5316/5080/4337 5329/5093/4350 5317/5081/4338
f 5330/5094/4351 5331/5095/4352 5329/5093/4350
f 5330/5094/4351 5329/5093/4350 5328/5092/4349
f 5323/5087/4344 5327/5091/4348 5329/5093/4350
f 5323/5087/4344 5329/5093/4350 5331/5095/4352
f 5309/5073/4330 5317/5081/4338 5329/5093/4350
f 5309/5073/4330 5329/5093/4350 5327/5091/4348
f 5332/5096/4353 5333/5097/4354 5334/5098/4355
f 5332/5096/4353 5334/5098/4355 5335/5099/4356
f 5325/5089/4346 5324/5088/4345 5334/5098/4355
f 5325/5089/4346 5334/5098/4355 5333/5097/4354
f 5323/5087/4344 5331/5095/4352 5334/5098/4355
f 5323/5087/4344 5334/5098/4355 5324/5088/4345
f 5330/5094/4351 5335/5099/4356 5334/5098/4355
f 5330/5094/4351 5334/5098/4355 5331/5095/4352
f 4928/4692/3950 5336/5100/4357 5337/5101/4358
f 4928/4692/3950 5337/5101/4358 4929/4693/3951
f 5338/5102/4359 5339/5103/4360 5337/5101/4358
f 5338/5102/4359 5337/5101/4358 5336/5100/4357
f 5340/5104/4361 5341/5105/4362 5337/5101/4358
f 5340/5104/4361 5337/5101/4358 5339/5103/4360
f 4917/4681/3939 4929/4693/3951 5337/5101/4358
f 4917/4681/3939 5337/5101/4358 5341/5105/4362
f 2983/2857/2373 2986/2860/2376 5342/5106/4363
f 2983/2857/2373 5342/5106/4363 5343/5107/4364
f 2978/2852/2368 5344/5108/4365 5342/5106/4363
f 2978/2852/2368 5342/5106/4363 2986/2860/2376
f 5340/5104/4361 5339/5103/4360 5342/5106/4363
f 5340/5104/4361 5342/5106/4363 5344/5108/4365
f 5338/5102/4359 5343/5107/4364 5342/5106/4363
f 5338/5102/4359 5342/5106/4363 5339/5103/4360
f 2974/2848/2364 5299/5063/4320 5345/5109/4366
f 2974/2848/2364 5345/5109/4366 2975/2849/2365
f 5294/5058/4315 5346/5110/4367 5345/5109/4366
f 5294/5058/4315 5345/5109/4366 5299/5063/4320
f 5340/5104/4361 5344/5108/4365 5345/5109/4366
f 5340/5104/4361 5345/5109/4366 5346/5110/4367
f 2978/2852/2368 2975/2849/2365 5345/5109/4366
f 2978/2852/2368 5345/5109/4366 5344/5108/4365
f 4908/4672/3930 4913/4677/3935 5347/5111/4368
f 4908/4672/3930 5347/5111/4368 5292/5056/4313
f 4917/4681/3939 5341/5105/4362 5347/5111/4368
f 4917/4681/3939 5347/5111/4368 4913/4677/3935
f 5340/5104/4361 5346/5110/4367 5347/5111/4368
f 5340/5104/4361 5347/5111/4368 5341/5105/4362
f 5294/5058/4315 5292/5056/4313 5347/5111/4368
f 5294/5058/4315 5347/5111/4368 5346/5110/4367
f 5316/5080/4337 5319/5083/4340 5348/5112/4369
f 5316/5080/4337 5348/5112/4369 5349/5113/4370
f 5314/5078/4335 5350/5114/4371 5348/5112/4369
f 5314/5078/4335 5348/5112/4369 5319/5083/4340
f 5351/5115/4372 5352/5116/4373 5348/5112/4369
f 5351/5115/4372 5348/5112/4369 5350/5114/4371
f 5353/5117/4374 5349/5113/4370 5348/5112/4369
f 5353/5117/4374 5348/5112/4369 5352/5116/4373
f 831/814/699 2163/2059/1678 5354/5118/4375
f 831/814/699 5354/5118/4375 5312/5076/4333
f 2160/2056/1675 5355/5119/4376 5354/5118/4375
f 2160/2056/1675 5354/5118/4375 2163/2059/1678
f 5351/5115/4372 5350/5114/4371 5354/5118/4375
f 5351/5115/4372 5354/5118/4375 5355/5119/4376
f 5314/5078/4335 5312/5076/4333 5354/5118/4375
f 5314/5078/4335 5354/5118/4375 5350/5114/4371
f 2156/2052/1671 4989/4753/4010 5356/5120/4377
f 2156/2052/1671 5356/5120/4377 2157/2053/1672
f 4986/4750/4007 5357/5121/4378 5356/5120/4377
f 4986/4750/4007 5356/5120/4377 4989/4753/4010
f 5351/5115/4372 5355/5119/4376 5356/5120/4377
f 5351/5115/4372 5356/5120/4377 5357/5121/4378
f 2160/2056/1675 2157/2053/1672 5356/5120/4377
f 2160/2056/1675 5356/5120/4377 5355/5119/4376
f 4982/4746/4003 5358/5122/4379 5359/5123/4380
f 4982/4746/4003 5359/5123/4380 4983/4747/4004
f 5353/5117/4374 5352/5116/4373 5359/5123/4380
f 5353/5117/4374 5359/5123/4380 5358/5122/4379
f 5351/5115/4372 5357/5121/4378 5359/5123/4380
f 5351/5115/4372 5359/5123/4380 5352/5116/4373
f 4986/4750/4007 4983/4747/4004 5359/5123/4380
f 4986/4750/4007 5359/5123/4380 5357/5121/4378
f 5332/5096/4353 5335/5099/4356 5360/5124/4381
f 5332/5096/4353 5360/5124/4381 5361/5125/4382
f 5330/5094/4351 5362/5126/4383 5360/5124/4381
f 5330/5094/4351 5360/5124/4381 5335/5099/4356
f 5363/5127/4384 5364/5128/4385 5360/5124/4381
f 5363/5127/4384 5360/5124/4381 5362/5126/4383
f 5365/5129/4386 5361/5125/4382 5360/5124/4381
f 5365/5129/4386 5360/5124/4381 5364/5128/4385
f 5316/5080/4337 5349/5113/4370 5366/5130/4387
f 5316/5080/4337 5366/5130/4387 5328/5092/4349
f 5353/5117/4374 5367/5131/4388 5366/5130/4387
f 5353/5117/4374 5366/5130/4387 5349/5113/4370
f 5363/5127/4384 5362/5126/4383 5366/5130/4387
f 5363/5127/4384 5366/5130/4387 5367/5131/4388
f 5330/5094/4351 5328/5092/4349 5366/5130/4387
f 5330/5094/4351 5366/5130/4387 5362/5126/4383
f 4982/4746/4003 4985/4749/4006 5368/5132/4389
f 4982/4746/4003 5368/5132/4389 5358/5122/4379
f 4977/4741/3998 5369/5133/4390 5368/5132/4389
f 4977/4741/3998 5368/5132/4389 4985/4749/4006
f 5363/5127/4384 5367/5131/4388 5368/5132/4389
f 5363/5127/4384 5368/5132/4389 5369/5133/4390
f 5353/5117/4374 5358/5122/4379 5368/5132/4389
f 5353/5117/4374 5368/5132/4389 5367/5131/4388
f 4973/4737/3994 5370/5134/4391 5371/5135/4392
f 4973/4737/3994 5371/5135/4392 4974/4738/3995
f 5365/5129/4386 5364/5128/4385 5371/5135/4392
f 5365/5129/4386 5371/5135/4392 5370/5134/4391
f 5363/5127/4384 5369/5133/4390 5371/5135/4392
f 5363/5127/4384 5371/5135/4392 5364/5128/4385
f 4977/4741/3998 4974/4738/3995 5371/5135/4392
f 4977/4741/3998 5371/5135/4392 5369/5133/4390
f 4948/4712/3970 4963/4727/3985 5372/5136/4393
f 4948/4712/3970 5372/5136/4393 4949/4713/3971
f 4960/4724/3982 5373/5137/4394 5372/5136/4393
f 4960/4724/3982 5372/5136/4393 4963/4727/3985
f 5374/5138/4395 5375/5139/4396 5372/5136/4393
f 5374/5138/4395 5372/5136/4393 5373/5137/4394
f 4937/4701/3959 4949/4713/3971 5372/5136/4393
f 4937/4701/3959 5372/5136/4393 5375/5139/4396
f 4353/4140/3402 4356/4143/3405 5376/5140/4397
f 4353/4140/3402 5376/5140/4397 4958/4722/3980
f 4351/4138/3400 5377/5141/4398 5376/5140/4397
f 4351/4138/3400 5376/5140/4397 4356/4143/3405
f 5374/5138/4395 5373/5137/4394 5376/5140/4397
f 5374/5138/4395 5376/5140/4397 5377/5141/4398
f 4960/4724/3982 4958/4722/3980 5376/5140/4397
f 4960/4724/3982 5376/5140/4397 5373/5137/4394
f 2983/2857/2373 5343/5107/4364 5378/5142/4399
f 2983/2857/2373 5378/5142/4399 4349/4136/3398
f 5338/5102/4359 5379/5143/4400 5378/5142/4399
f 5338/5102/4359 5378/5142/4399 5343/5107/4364
f 5374/5138/4395 5377/5141/4398 5378/5142/4399
f 5374/5138/4395 5378/5142/4399 5379/5143/4400
f 4351/4138/3400 4349/4136/3398 5378/5142/4399
f 4351/4138/3400 5378/5142/4399 5377/5141/4398
f 4928/4692/3950 4933/4697/3955 5380/5144/4401
f 4928/4692/3950 5380/5144/4401 5336/5100/4357
f 4937/4701/3959 5375/5139/4396 5380/5144/4401
f 4937/4701/3959 5380/5144/4401 4933/4697/3955
f 5374/5138/4395 5379/5143/4400 5380/5144/4401
f 5374/5138/4395 5380/5144/4401 5375/5139/4396
f 5338/5102/4359 5336/5100/4357 5380/5144/4401
f 5338/5102/4359 5380/5144/4401 5379/5143/4400
f 4421/4201/3466 4424/4204/3469 5381/5145/4402
f 4421/4201/3466 5381/5145/4402 5382/5146/4403
f 4419/4199/3464 5383/5147/4404 5381/5145/4402
f 4419/4199/3464 5381/5145/4402 4424/4204/3469
f 5384/5148/4405 5385/5149/4406 5381/5145/4402
f 5384/5148/4405 5381/5145/4402 5383/5147/4404
f 5386/5150/4407 5382/5146/4403 5381/5145/4402
f 5386/5150/4407 5381/5145/4402 5385/5149/4406
f 1688/1626/1379 1691/1629/1382 5387/5151/4408
f 1688/1626/1379 5387/5151/4408 4417/4197/3462
f 1686/1624/1377 5388/5152/4409 5387/5151/4408
f 1686/1624/1377 5387/5151/4408 1691/1629/1382
f 5384/5148/4405 5383/5147/4404 5387/5151/4408
f 5384/5148/4405 5387/5151/4408 5388/5152/4409
f 4419/4199/3464 4417/4197/3462 5387/5151/4408
f 4419/4199/3464 5387/5151/4408 5383/5147/4404
f 120/118/120 5389/5153/4410 5390/5154/4411
f 120/118/120 5390/5154/4411 1684/1622/1375
f 5391/5155/4412 5392/5156/4413 5390/5154/4411
f 5391/5155/4412 5390/5154/4411 5389/5153/4410
f 5384/5148/4405 5388/5152/4409 5390/5154/4411
f 5384/5148/4405 5390/5154/4411 5392/5156/4413
f 1686/1624/1377 1684/1622/1375 5390/5154/4411
f 1686/1624/1377 5390/5154/4411 5388/5152/4409
f 5393/5157/4414 5394/5158/4415 5395/5159/4416
f 5393/5157/4414 5395/5159/4416 5396/5160/4417
f 5386/5150/4407 5385/5149/4406 5395/5159/4416
f 5386/5150/4407 5395/5159/4416 5394/5158/4415
f 5384/5148/4405 5392/5156/4413 5395/5159/4416
f 5384/5148/4405 5395/5159/4416 5385/5149/4406
f 5391/5155/4412 5396/5160/4417 5395/5159/4416
f 5391/5155/4412 5395/5159/4416 5392/5156/4413
f 4427/4207/3472 4430/4210/3475 5397/5161/4418
f 4427/4207/3472 5397/5161/4418 5398/5162/4419
f 4425/4205/3470 5399/5163/4420 5397/5161/4418
f 4425/4205/3470 5397/5161/4418 4430/4210/3475
f 5400/5164/4421 5401/5165/4422 5397/5161/4418
f 5400/5164/4421 5397/5161/4418 5399/5163/4420
f 5402/5166/4423 5398/5162/4419 5397/5161/4418
f 5402/5166/4423 5397/5161/4418 5401/5165/4422
f 4421/4201/3466 5382/5146/4403 5403/5167/4424
f 4421/4201/3466 5403/5167/4424 4422/4202/3467
f 5386/5150/4407 5404/5168/4425 5403/5167/4424
f 5386/5150/4407 5403/5167/4424 5382/5146/4403
f 5400/5164/4421 5399/5163/4420 5403/5167/4424
f 5400/5164/4421 5403/5167/4424 5404/5168/4425
f 4425/4205/3470 4422/4202/3467 5403/5167/4424
f 4425/4205/3470 5403/5167/4424 5399/5163/4420
f 5393/5157/4414 5405/5169/4426 5406/5170/4427
f 5393/5157/4414 5406/5170/4427 5394/5158/4415
f 5407/5171/4428 5408/5172/4429 5406/5170/4427
f 5407/5171/4428 5406/5170/4427 5405/5169/4426
f 5400/5164/4421 5404/5168/4425 5406/5170/4427
f 5400/5164/4421 5406/5170/4427 5408/5172/4429
f 5386/5150/4407 5394/5158/4415 5406/5170/4427
f 5386/5150/4407 5406/5170/4427 5404/5168/4425
f 5409/5173/4430 5410/5174/4431 5411/5175/4432
f 5409/5173/4430 5411/5175/4432 5412/5176/4433
f 5402/5166/4423 5401/5165/4422 5411/5175/4432
f 5402/5166/4423 5411/5175/4432 5410/5174/4431
f 5400/5164/4421 5408/5172/4429 5411/5175/4432
f 5400/5164/4421 5411/5175/4432 5401/5165/4422
f 5407/5171/4428 5412/5176/4433 5411/5175/4432
f 5407/5171/4428 5411/5175/4432 5408/5172/4429
f 4470/4250/3511 5413/5177/4434 5414/5178/4435
f 4470/4250/3511 5414/5178/4435 4471/4251/3512
f 5415/5179/4436 5416/5180/4437 5414/5178/4435
f 5415/5179/4436 5414/5178/4435 5413/5177/4434
f 5417/5181/4438 5418/5182/4439 5414/5178/4435
f 5417/5181/4438 5414/5178/4435 5416/5180/4437
f 4474/4254/3498 4471/4251/3512 5414/5178/4435
f 4474/4254/3498 5414/5178/4435 5418/5182/4439
f 2336/2226/1851 3904/3726/3125 5419/5183/4440
f 2336/2226/1851 5419/5183/4440 5420/5184/4441
f 3901/3723/3122 5421/5185/4442 5419/5183/4440
f 3901/3723/3122 5419/5183/4440 3904/3726/3125
f 5417/5181/4438 5416/5180/4437 5419/5183/4440
f 5417/5181/4438 5419/5183/4440 5421/5185/4442
f 5415/5179/4436 5420/5184/4441 5419/5183/4440
f 5415/5179/4436 5419/5183/4440 5416/5180/4437
f 3897/3719/3118 4399/4181/3446 5422/5186/4443
f 3897/3719/3118 5422/5186/4443 3898/3720/3119
f 4403/4185/3450 5423/5187/4444 5422/5186/4443
f 4403/4185/3450 5422/5186/4443 4399/4181/3446
f 5417/5181/4438 5421/5185/4442 5422/5186/4443
f 5417/5181/4438 5422/5186/4443 5423/5187/4444
f 3901/3723/3122 3898/3720/3119 5422/5186/4443
f 3901/3723/3122 5422/5186/4443 5421/5185/4442
f 4441/4221/3486 4450/4230/3493 5424/5188/4445
f 4441/4221/3486 5424/5188/4445 4442/4222/3487
f 4455/4235/3498 5425/5189/4439 5424/5188/4445
f 4455/4235/3498 5424/5188/4445 4450/4230/3493
f 5426/5190/4446 5427/5191/4447 5424/5188/4445
f 5426/5190/4446 5424/5188/4445 5425/5189/4439
f 4403/4185/3450 4446/4226/3487 5428/5192/4445
f 4403/4185/3450 5428/5192/4445 5423/5187/4444
f 5393/5157/4414 5396/5160/4417 5429/5193/4448
f 5393/5157/4414 5429/5193/4448 5430/5194/4449
f 5391/5155/4412 5431/5195/4450 5429/5193/4448
f 5391/5155/4412 5429/5193/4448 5396/5160/4417
f 5432/5196/4451 5433/5197/4452 5429/5193/4448
f 5432/5196/4451 5429/5193/4448 5431/5195/4450
f 5434/5198/4453 5430/5194/4449 5429/5193/4448
f 5434/5198/4453 5429/5193/4448 5433/5197/4452
f 120/118/120 123/121/123 5435/5199/4454
f 120/118/120 5435/5199/4454 5389/5153/4410
f 118/116/118 5436/5200/4455 5435/5199/4454
f 118/116/118 5435/5199/4454 123/121/123
f 5432/5196/4451 5431/5195/4450 5435/5199/4454
f 5432/5196/4451 5435/5199/4454 5436/5200/4455
f 5391/5155/4412 5389/5153/4410 5435/5199/4454
f 5391/5155/4412 5435/5199/4454 5431/5195/4450
f 114/112/114 5437/5201/4456 5438/5202/4457
f 114/112/114 5438/5202/4457 115/113/115
f 5439/5203/4458 5440/5204/4459 5438/5202/4457
f 5439/5203/4458 5438/5202/4457 5437/5201/4456
f 5432/5196/4451 5436/5200/4455 5438/5202/4457
f 5432/5196/4451 5438/5202/4457 5440/5204/4459
f 118/116/118 115/113/115 5438/5202/4457
f 118/116/118 5438/5202/4457 5436/5200/4455
f 5441/5205/4460 5442/5206/4461 5443/5207/4462
f 5441/5205/4460 5443/5207/4462 5444/5208/4463
f 5434/5198/4453 5433/5197/4452 5443/5207/4462
f 5434/5198/4453 5443/5207/4462 5442/5206/4461
f 5432/5196/4451 5440/5204/4459 5443/5207/4462
f 5432/5196/4451 5443/5207/4462 5433/5197/4452
f 5439/5203/4458 5444/5208/4463 5443/5207/4462
f 5439/5203/4458 5443/5207/4462 5440/5204/4459
f 5409/5173/4430 5412/5176/4433 5445/5209/4464
f 5409/5173/4430 5445/5209/4464 5446/5210/4465
f 5407/5171/4428 5447/5211/4466 5445/5209/4464
f 5407/5171/4428 5445/5209/4464 5412/5176/4433
f 5448/5212/4467 5449/5213/4468 5445/5209/4464
f 5448/5212/4467 5445/5209/4464 5447/5211/4466
f 5450/5214/4469 5446/5210/4465 5445/5209/4464
f 5450/5214/4469 5445/5209/4464 5449/5213/4468
f 5393/5157/4414 5430/5194/4449 5451/5215/4470
f 5393/5157/4414 5451/5215/4470 5405/5169/4426
f 5434/5198/4453 5452/5216/4471 5451/5215/4470
f 5434/5198/4453 5451/5215/4470 5430/5194/4449
f 5448/5212/4467 5447/5211/4466 5451/5215/4470
f 5448/5212/4467 5451/5215/4470 5452/5216/4471
f 5407/5171/4428 5405/5169/4426 5451/5215/4470
f 5407/5171/4428 5451/5215/4470 5447/5211/4466
f 5441/5205/4460 5453/5217/4472 5454/5218/4473
f 5441/5205/4460 5454/5218/4473 5442/5206/4461
f 5455/5219/4474 5456/5220/4475 5454/5218/4473
f 5455/5219/4474 5454/5218/4473 5453/5217/4472
f 5448/5212/4467 5452/5216/4471 5454/5218/4473
f 5448/5212/4467 5454/5218/4473 5456/5220/4475
f 5434/5198/4453 5442/5206/4461 5454/5218/4473
f 5434/5198/4453 5454/5218/4473 5452/5216/4471
f 5457/5221/4476 5458/5222/4477 5459/5223/4478
f 5457/5221/4476 5459/5223/4478 5460/5224/4479
f 5450/5214/4469 5449/5213/4468 5459/5223/4478
f 5450/5214/4469 5459/5223/4478 5458/5222/4477
f 5448/5212/4467 5456/5220/4475 5459/5223/4478
f 5448/5212/4467 5459/5223/4478 5449/5213/4468
f 5455/5219/4474 5460/5224/4479 5459/5223/4478
f 5455/5219/4474 5459/5223/4478 5456/5220/4475
f 4498/4276/3535 5461/5225/4480 5462/5226/4481
f 4498/4276/3535 5462/5226/4481 4499/4277/3536
f 5463/5227/4482 5464/5228/4483 5462/5226/4481
f 5463/5227/4482 5462/5226/4481 5461/5225/4480
f 5465/5229/4484 5466/5230/4485 5462/5226/4481
f 5465/5229/4484 5462/5226/4481 5464/5228/4483
f 4483/4261/3523 4499/4277/3536 5462/5226/4481
f 4483/4261/3523 5462/5226/4481 5466/5230/4485
f 2342/2232/1857 2345/2235/1860 5467/5231/4486
f 2342/2232/1857 5467/5231/4486 5468/5232/4487
f 2340/2230/1855 5469/5233/4488 5467/5231/4486
f 2340/2230/1855 5467/5231/4486 2345/2235/1860
f 5465/5229/4484 5464/5228/4483 5467/5231/4486
f 5465/5229/4484 5467/5231/4486 5469/5233/4488
f 5463/5227/4482 5468/5232/4487 5467/5231/4486
f 5463/5227/4482 5467/5231/4486 5464/5228/4483
f 2336/2226/1851 5420/5184/4441 5470/5234/4489
f 2336/2226/1851 5470/5234/4489 2337/2227/1852
f 5415/5179/4436 5471/5235/4490 5470/5234/4489
f 5415/5179/4436 5470/5234/4489 5420/5184/4441
f 5465/5229/4484 5469/5233/4488 5470/5234/4489
f 5465/5229/4484 5470/5234/4489 5471/5235/4490
f 2340/2230/1855 2337/2227/1852 5470/5234/4489
f 2340/2230/1855 5470/5234/4489 5469/5233/4488
f 4470/4250/3511 4479/4257/3519 5472/5236/4491
f 4470/4250/3511 5472/5236/4491 5413/5177/4434
f 4483/4261/3523 5466/5230/4485 5472/5236/4491
f 4483/4261/3523 5472/5236/4491 4479/4257/3519
f 5465/5229/4484 5471/5235/4490 5472/5236/4491
f 5465/5229/4484 5472/5236/4491 5466/5230/4485
f 5415/5179/4436 5413/5177/4434 5472/5236/4491
f 5415/5179/4436 5472/5236/4491 5471/5235/4490
f 5441/5205/4460 5444/5208/4463 5473/5237/4492
f 5441/5205/4460 5473/5237/4492 5474/5238/4493
f 5439/5203/4458 5475/5239/4494 5473/5237/4492
f 5439/5203/4458 5473/5237/4492 5444/5208/4463
f 5476/5240/4495 5477/5241/4496 5473/5237/4492
f 5476/5240/4495 5473/5237/4492 5475/5239/4494
f 5478/5242/4497 5474/5238/4493 5473/5237/4492
f 5478/5242/4497 5473/5237/4492 5477/5241/4496
f 114/112/114 875/856/742 5479/5243/4498
f 114/112/114 5479/5243/4498 5437/5201/4456
f 869/850/736 5480/5244/4499 5479/5243/4498
f 869/850/736 5479/5243/4498 875/856/742
f 5476/5240/4495 5475/5239/4494 5479/5243/4498
f 5476/5240/4495 5479/5243/4498 5480/5244/4499
f 5439/5203/4458 5437/5201/4456 5479/5243/4498
f 5439/5203/4458 5479/5243/4498 5475/5239/4494
f 865/846/732 5481/5245/4500 5482/5246/4501
f 865/846/732 5482/5246/4501 866/847/733
f 5483/5247/4502 5484/5248/4503 5482/5246/4501
f 5483/5247/4502 5482/5246/4501 5481/5245/4500
f 5476/5240/4495 5480/5244/4499 5482/5246/4501
f 5476/5240/4495 5482/5246/4501 5484/5248/4503
f 869/850/736 866/847/733 5482/5246/4501
f 869/850/736 5482/5246/4501 5480/5244/4499
f 5485/5249/4504 5486/5250/4505 5487/5251/4506
f 5485/5249/4504 5487/5251/4506 5488/5252/4507
f 5478/5242/4497 5477/5241/4496 5487/5251/4506
f 5478/5242/4497 5487/5251/4506 5486/5250/4505
f 5476/5240/4495 5484/5248/4503 5487/5251/4506
f 5476/5240/4495 5487/5251/4506 5477/5241/4496
f 5483/5247/4502 5488/5252/4507 5487/5251/4506
f 5483/5247/4502 5487/5251/4506 5484/5248/4503
f 5457/5221/4476 5460/5224/4479 5489/5253/4508
f 5457/5221/4476 5489/5253/4508 5490/5254/4509
f 5455/5219/4474 5491/5255/4510 5489/5253/4508
f 5455/5219/4474 5489/5253/4508 5460/5224/4479
f 5492/5256/4511 5493/5257/4512 5489/5253/4508
f 5492/5256/4511 5489/5253/4508 5491/5255/4510
f 5494/5258/4513 5490/5254/4509 5489/5253/4508
f 5494/5258/4513 5489/5253/4508 5493/5257/4512
f 5441/5205/4460 5474/5238/4493 5495/5259/4514
f 5441/5205/4460 5495/5259/4514 5453/5217/4472
f 5478/5242/4497 5496/5260/4515 5495/5259/4514
f 5478/5242/4497 5495/5259/4514 5474/5238/4493
f 5492/5256/4511 5491/5255/4510 5495/5259/4514
f 5492/5256/4511 5495/5259/4514 5496/5260/4515
f 5455/5219/4474 5453/5217/4472 5495/5259/4514
f 5455/5219/4474 5495/5259/4514 5491/5255/4510
f 5485/5249/4504 5497/5261/4516 5498/5262/4517
f 5485/5249/4504 5498/5262/4517 5486/5250/4505
f 5499/5263/4518 5500/5264/4519 5498/5262/4517
f 5499/5263/4518 5498/5262/4517 5497/5261/4516
f 5492/5256/4511 5496/5260/4515 5498/5262/4517
f 5492/5256/4511 5498/5262/4517 5500/5264/4519
f 5478/5242/4497 5486/5250/4505 5498/5262/4517
f 5478/5242/4497 5498/5262/4517 5496/5260/4515
f 5501/5265/4520 5502/5266/4521 5503/5267/4522
f 5501/5265/4520 5503/5267/4522 5504/5268/4523
f 5494/5258/4513 5493/5257/4512 5503/5267/4522
f 5494/5258/4513 5503/5267/4522 5502/5266/4521
f 5492/5256/4511 5500/5264/4519 5503/5267/4522
f 5492/5256/4511 5503/5267/4522 5493/5257/4512
f 5499/5263/4518 5504/5268/4523 5503/5267/4522
f 5499/5263/4518 5503/5267/4522 5500/5264/4519
f 4518/4296/3555 5505/5269/4524 5506/5270/4525
f 4518/4296/3555 5506/5270/4525 4519/4297/3556
f 5507/5271/4526 5508/5272/4527 5506/5270/4525
f 5507/5271/4526 5506/5270/4525 5505/5269/4524
f 5509/5273/4528 5510/5274/4529 5506/5270/4525
f 5509/5273/4528 5506/5270/4525 5508/5272/4527
f 4507/4285/3544 4519/4297/3556 5506/5270/4525
f 4507/4285/3544 5506/5270/4525 5510/5274/4529
f 3051/2923/2440 3054/2926/2443 5511/5275/4530
f 3051/2923/2440 5511/5275/4530 5512/5276/4531
f 3059/2931/2448 5513/5277/4532 5511/5275/4530
f 3059/2931/2448 5511/5275/4530 3054/2926/2443
f 5509/5273/4528 5508/5272/4527 5511/5275/4530
f 5509/5273/4528 5511/5275/4530 5513/5277/4532
f 5507/5271/4526 5512/5276/4531 5511/5275/4530
f 5507/5271/4526 5511/5275/4530 5508/5272/4527
f 2342/2232/1857 5468/5232/4487 5514/5278/4533
f 2342/2232/1857 5514/5278/4533 3069/2941/2458
f 5463/5227/4482 5515/5279/4534 5514/5278/4533
f 5463/5227/4482 5514/5278/4533 5468/5232/4487
f 5509/5273/4528 5513/5277/4532 5514/5278/4533
f 5509/5273/4528 5514/5278/4533 5515/5279/4534
f 3059/2931/2448 3069/2941/2458 5514/5278/4533
f 3059/2931/2448 5514/5278/4533 5513/5277/4532
f 4498/4276/3535 4503/4281/3540 5516/5280/4535
f 4498/4276/3535 5516/5280/4535 5461/5225/4480
f 4507/4285/3544 5510/5274/4529 5516/5280/4535
f 4507/4285/3544 5516/5280/4535 4503/4281/3540
f 5509/5273/4528 5515/5279/4534 5516/5280/4535
f 5509/5273/4528 5516/5280/4535 5510/5274/4529
f 5463/5227/4482 5461/5225/4480 5516/5280/4535
f 5463/5227/4482 5516/5280/4535 5515/5279/4534
f 5485/5249/4504 5488/5252/4507 5517/5281/4536
f 5485/5249/4504 5517/5281/4536 5518/5282/4537
f 5483/5247/4502 5519/5283/4538 5517/5281/4536
f 5483/5247/4502 5517/5281/4536 5488/5252/4507
f 5520/5284/4539 5521/5285/4540 5517/5281/4536
f 5520/5284/4539 5517/5281/4536 5519/5283/4538
f 5522/5286/4541 5518/5282/4537 5517/5281/4536
f 5522/5286/4541 5517/5281/4536 5521/5285/4540
f 865/846/732 892/873/759 5523/5287/4542
f 865/846/732 5523/5287/4542 5481/5245/4500
f 887/868/754 5524/5288/4543 5523/5287/4542
f 887/868/754 5523/5287/4542 892/873/759
f 5520/5284/4539 5519/5283/4538 5523/5287/4542
f 5520/5284/4539 5523/5287/4542 5524/5288/4543
f 5483/5247/4502 5481/5245/4500 5523/5287/4542
f 5483/5247/4502 5523/5287/4542 5519/5283/4538
f 89/87/89 5525/5289/4544 5526/5290/4545
f 89/87/89 5526/5290/4545 885/866/752
f 5527/5291/4546 5528/5292/4547 5526/5290/4545
f 5527/5291/4546 5526/5290/4545 5525/5289/4544
f 5520/5284/4539 5524/5288/4543 5526/5290/4545
f 5520/5284/4539 5526/5290/4545 5528/5292/4547
f 887/868/754 885/866/752 5526/5290/4545
f 887/868/754 5526/5290/4545 5524/5288/4543
f 5529/5293/4548 5530/5294/4549 5531/5295/4550
f 5529/5293/4548 5531/5295/4550 5532/5296/4551
f 5522/5286/4541 5521/5285/4540 5531/5295/4550
f 5522/5286/4541 5531/5295/4550 5530/5294/4549
f 5520/5284/4539 5528/5292/4547 5531/5295/4550
f 5520/5284/4539 5531/5295/4550 5521/5285/4540
f 5527/5291/4546 5532/5296/4551 5531/5295/4550
f 5527/5291/4546 5531/5295/4550 5528/5292/4547
f 5501/5265/4520 5504/5268/4523 5533/5297/4552
f 5501/5265/4520 5533/5297/4552 5534/5298/4553
f 5499/5263/4518 5535/5299/4554 5533/5297/4552
f 5499/5263/4518 5533/5297/4552 5504/5268/4523
f 5536/5300/4555 5537/5301/4556 5533/5297/4552
f 5536/5300/4555 5533/5297/4552 5535/5299/4554
f 5538/5302/4557 5534/5298/4553 5533/5297/4552
f 5538/5302/4557 5533/5297/4552 5537/5301/4556
f 5485/5249/4504 5518/5282/4537 5539/5303/4558
f 5485/5249/4504 5539/5303/4558 5497/5261/4516
f 5522/5286/4541 5540/5304/4559 5539/5303/4558
f 5522/5286/4541 5539/5303/4558 5518/5282/4537
f 5536/5300/4555 5535/5299/4554 5539/5303/4558
f 5536/5300/4555 5539/5303/4558 5540/5304/4559
f 5499/5263/4518 5497/5261/4516 5539/5303/4558
f 5499/5263/4518 5539/5303/4558 5535/5299/4554
f 5529/5293/4548 5541/5305/4560 5542/5306/4561
f 5529/5293/4548 5542/5306/4561 5530/5294/4549
f 5543/5307/4562 5544/5308/4563 5542/5306/4561
f 5543/5307/4562 5542/5306/4561 5541/5305/4560
f 5536/5300/4555 5540/5304/4559 5542/5306/4561
f 5536/5300/4555 5542/5306/4561 5544/5308/4563
f 5522/5286/4541 5530/5294/4549 5542/5306/4561
f 5522/5286/4541 5542/5306/4561 5540/5304/4559
f 5545/5309/4564 5546/5310/4565 5547/5311/4566
f 5545/5309/4564 5547/5311/4566 5548/5312/4567
f 5538/5302/4557 5537/5301/4556 5547/5311/4566
f 5538/5302/4557 5547/5311/4566 5546/5310/4565
f 5536/5300/4555 5544/5308/4563 5547/5311/4566
f 5536/5300/4555 5547/5311/4566 5537/5301/4556
f 5543/5307/4562 5548/5312/4567 5547/5311/4566
f 5543/5307/4562 5547/5311/4566 5544/5308/4563
f 4538/4316/3575 5549/5313/4568 5550/5314/4569
f 4538/4316/3575 5550/5314/4569 4539/4317/3576
f 5551/5315/4570 5552/5316/4571 5550/5314/4569
f 5551/5315/4570 5550/5314/4569 5549/5313/4568
f 5553/5317/4572 5554/5318/4573 5550/5314/4569
f 5553/5317/4572 5550/5314/4569 5552/5316/4571
f 4527/4305/3564 4539/4317/3576 5550/5314/4569
f 4527/4305/3564 5550/5314/4569 5554/5318/4573
f 2293/2183/1808 3072/2944/2461 5555/5319/4574
f 2293/2183/1808 5555/5319/4574 5556/5320/4575
f 3076/2948/2465 5557/5321/4576 5555/5319/4574
f 3076/2948/2465 5555/5319/4574 3072/2944/2461
f 5553/5317/4572 5552/5316/4571 5555/5319/4574
f 5553/5317/4572 5555/5319/4574 5557/5321/4576
f 5551/5315/4570 5556/5320/4575 5555/5319/4574
f 5551/5315/4570 5555/5319/4574 5552/5316/4571
f 3051/2923/2440 5512/5276/4531 5558/5322/4577
f 3051/2923/2440 5558/5322/4577 3084/2956/2473
f 5507/5271/4526 5559/5323/4578 5558/5322/4577
f 5507/5271/4526 5558/5322/4577 5512/5276/4531
f 5553/5317/4572 5557/5321/4576 5558/5322/4577
f 5553/5317/4572 5558/5322/4577 5559/5323/4578
f 3076/2948/2465 3084/2956/2473 5558/5322/4577
f 3076/2948/2465 5558/5322/4577 5557/5321/4576
f 4518/4296/3555 4523/4301/3560 5560/5324/4579
f 4518/4296/3555 5560/5324/4579 5505/5269/4524
f 4527/4305/3564 5554/5318/4573 5560/5324/4579
f 4527/4305/3564 5560/5324/4579 4523/4301/3560
f 5553/5317/4572 5559/5323/4578 5560/5324/4579
f 5553/5317/4572 5560/5324/4579 5554/5318/4573
f 5507/5271/4526 5505/5269/4524 5560/5324/4579
f 5507/5271/4526 5560/5324/4579 5559/5323/4578
f 5529/5293/4548 5532/5296/4551 5561/5325/4580
f 5529/5293/4548 5561/5325/4580 5562/5326/4581
f 5527/5291/4546 5563/5327/4582 5561/5325/4580
f 5527/5291/4546 5561/5325/4580 5532/5296/4551
f 5564/5328/4583 5565/5329/4584 5561/5325/4580
f 5564/5328/4583 5561/5325/4580 5563/5327/4582
f 5566/5330/4585 5562/5326/4581 5561/5325/4580
f 5566/5330/4585 5561/5325/4580 5565/5329/4584
f 89/87/89 92/90/92 5567/5331/4586
f 89/87/89 5567/5331/4586 5525/5289/4544
f 84/82/84 5568/5332/4587 5567/5331/4586
f 84/82/84 5567/5331/4586 92/90/92
f 5564/5328/4583 5563/5327/4582 5567/5331/4586
f 5564/5328/4583 5567/5331/4586 5568/5332/4587
f 5527/5291/4546 5525/5289/4544 5567/5331/4586
f 5527/5291/4546 5567/5331/4586 5563/5327/4582
f 80/78/80 5569/5333/4588 5570/5334/4589
f 80/78/80 5570/5334/4589 81/79/81
f 5571/5335/4590 5572/5336/4591 5570/5334/4589
f 5571/5335/4590 5570/5334/4589 5569/5333/4588
f 5564/5328/4583 5568/5332/4587 5570/5334/4589
f 5564/5328/4583 5570/5334/4589 5572/5336/4591
f 84/82/84 81/79/81 5570/5334/4589
f 84/82/84 5570/5334/4589 5568/5332/4587
f 5573/5337/4592 5574/5338/4593 5575/5339/4594
f 5573/5337/4592 5575/5339/4594 5576/5340/4595
f 5566/5330/4585 5565/5329/4584 5575/5339/4594
f 5566/5330/4585 5575/5339/4594 5574/5338/4593
f 5564/5328/4583 5572/5336/4591 5575/5339/4594
f 5564/5328/4583 5575/5339/4594 5565/5329/4584
f 5571/5335/4590 5576/5340/4595 5575/5339/4594
f 5571/5335/4590 5575/5339/4594 5572/5336/4591
f 5545/5309/4564 5548/5312/4567 5577/5341/4596
f 5545/5309/4564 5577/5341/4596 5578/5342/4597
f 5543/5307/4562 5579/5343/4598 5577/5341/4596
f 5543/5307/4562 5577/5341/4596 5548/5312/4567
f 5580/5344/4599 5581/5345/4600 5577/5341/4596
f 5580/5344/4599 5577/5341/4596 5579/5343/4598
f 5582/5346/4601 5578/5342/4597 5577/5341/4596
f 5582/5346/4601 5577/5341/4596 5581/5345/4600
f 5529/5293/4548 5562/5326/4581 5583/5347/4602
f 5529/5293/4548 5583/5347/4602 5541/5305/4560
f 5566/5330/4585 5584/5348/4603 5583/5347/4602
f 5566/5330/4585 5583/5347/4602 5562/5326/4581
f 5580/5344/4599 5579/5343/4598 5583/5347/4602
f 5580/5344/4599 5583/5347/4602 5584/5348/4603
f 5543/5307/4562 5541/5305/4560 5583/5347/4602
f 5543/5307/4562 5583/5347/4602 5579/5343/4598
f 5573/5337/4592 5585/5349/4604 5586/5350/4605
f 5573/5337/4592 5586/5350/4605 5574/5338/4593
f 5587/5351/4606 5588/5352/4607 5586/5350/4605
f 5587/5351/4606 5586/5350/4605 5585/5349/4604
f 5580/5344/4599 5584/5348/4603 5586/5350/4605
f 5580/5344/4599 5586/5350/4605 5588/5352/4607
f 5566/5330/4585 5574/5338/4593 5586/5350/4605
f 5566/5330/4585 5586/5350/4605 5584/5348/4603
f 5589/5353/4608 5590/5354/4609 5591/5355/4610
f 5589/5353/4608 5591/5355/4610 5592/5356/4611
f 5582/5346/4601 5581/5345/4600 5591/5355/4610
f 5582/5346/4601 5591/5355/4610 5590/5354/4609
f 5580/5344/4599 5588/5352/4607 5591/5355/4610
f 5580/5344/4599 5591/5355/4610 5581/5345/4600
f 5587/5351/4606 5592/5356/4611 5591/5355/4610
f 5587/5351/4606 5591/5355/4610 5588/5352/4607
f 4558/4336/3595 5593/5357/4612 5594/5358/4613
f 4558/4336/3595 5594/5358/4613 4559/4337/3596
f 5595/5359/4614 5596/5360/4615 5594/5358/4613
f 5595/5359/4614 5594/5358/4613 5593/5357/4612
f 5597/5361/4616 5598/5362/4617 5594/5358/4613
f 5597/5361/4616 5594/5358/4613 5596/5360/4615
f 4547/4325/3584 4559/4337/3596 5594/5358/4613
f 4547/4325/3584 5594/5358/4613 5598/5362/4617
f 2272/2162/1787 2275/2165/1790 5599/5363/4618
f 2272/2162/1787 5599/5363/4618 5600/5364/4619
f 2280/2170/1795 5601/5365/4620 5599/5363/4618
f 2280/2170/1795 5599/5363/4618 2275/2165/1790
f 5597/5361/4616 5596/5360/4615 5599/5363/4618
f 5597/5361/4616 5599/5363/4618 5601/5365/4620
f 5595/5359/4614 5600/5364/4619 5599/5363/4618
f 5595/5359/4614 5599/5363/4618 5596/5360/4615
f 2293/2183/1808 5556/5320/4575 5602/5366/4621
f 2293/2183/1808 5602/5366/4621 2294/2184/1809
f 5551/5315/4570 5603/5367/4622 5602/5366/4621
f 5551/5315/4570 5602/5366/4621 5556/5320/4575
f 5597/5361/4616 5601/5365/4620 5602/5366/4621
f 5597/5361/4616 5602/5366/4621 5603/5367/4622
f 2280/2170/1795 2294/2184/1809 5602/5366/4621
f 2280/2170/1795 5602/5366/4621 5601/5365/4620
f 4538/4316/3575 4543/4321/3580 5604/5368/4623
f 4538/4316/3575 5604/5368/4623 5549/5313/4568
f 4547/4325/3584 5598/5362/4617 5604/5368/4623
f 4547/4325/3584 5604/5368/4623 4543/4321/3580
f 5597/5361/4616 5603/5367/4622 5604/5368/4623
f 5597/5361/4616 5604/5368/4623 5598/5362/4617
f 5551/5315/4570 5549/5313/4568 5604/5368/4623
f 5551/5315/4570 5604/5368/4623 5603/5367/4622
f 5573/5337/4592 5576/5340/4595 5605/5369/4624
f 5573/5337/4592 5605/5369/4624 5606/5370/4625
f 5571/5335/4590 5607/5371/4626 5605/5369/4624
f 5571/5335/4590 5605/5369/4624 5576/5340/4595
f 5608/5372/4627 5609/5373/4628 5605/5369/4624
f 5608/5372/4627 5605/5369/4624 5607/5371/4626
f 5610/5374/4629 5606/5370/4625 5605/5369/4624
f 5610/5374/4629 5605/5369/4624 5609/5373/4628
f 80/78/80 934/915/801 5611/5375/4630
f 80/78/80 5611/5375/4630 5569/5333/4588
f 931/912/798 5612/5376/4631 5611/5375/4630
f 931/912/798 5611/5375/4630 934/915/801
f 5608/5372/4627 5607/5371/4626 5611/5375/4630
f 5608/5372/4627 5611/5375/4630 5612/5376/4631
f 5571/5335/4590 5569/5333/4588 5611/5375/4630
f 5571/5335/4590 5611/5375/4630 5607/5371/4626
f 916/897/783 5613/5377/4632 5614/5378/4633
f 916/897/783 5614/5378/4633 929/910/796
f 5615/5379/4634 5616/5380/4635 5614/5378/4633
f 5615/5379/4634 5614/5378/4633 5613/5377/4632
f 5608/5372/4627 5612/5376/4631 5614/5378/4633
f 5608/5372/4627 5614/5378/4633 5616/5380/4635
f 931/912/798 929/910/796 5614/5378/4633
f 931/912/798 5614/5378/4633 5612/5376/4631
f 5617/5381/4636 5618/5382/4637 5619/5383/4638
f 5617/5381/4636 5619/5383/4638 5620/5384/4639
f 5610/5374/4629 5609/5373/4628 5619/5383/4638
f 5610/5374/4629 5619/5383/4638 5618/5382/4637
f 5608/5372/4627 5616/5380/4635 5619/5383/4638
f 5608/5372/4627 5619/5383/4638 5609/5373/4628
f 5615/5379/4634 5620/5384/4639 5619/5383/4638
f 5615/5379/4634 5619/5383/4638 5616/5380/4635
f 5589/5353/4608 5592/5356/4611 5621/5385/4640
f 5589/5353/4608 5621/5385/4640 5622/5386/4641
f 5587/5351/4606 5623/5387/4642 5621/5385/4640
f 5587/5351/4606 5621/5385/4640 5592/5356/4611
f 5624/5388/4643 5625/5389/4644 5621/5385/4640
f 5624/5388/4643 5621/5385/4640 5623/5387/4642
f 5626/5390/4645 5622/5386/4641 5621/5385/4640
f 5626/5390/4645 5621/5385/4640 5625/5389/4644
f 5573/5337/4592 5606/5370/4625 5627/5391/4646
f 5573/5337/4592 5627/5391/4646 5585/5349/4604
f 5610/5374/4629 5628/5392/4647 5627/5391/4646
f 5610/5374/4629 5627/5391/4646 5606/5370/4625
f 5624/5388/4643 5623/5387/4642 5627/5391/4646
f 5624/5388/4643 5627/5391/4646 5628/5392/4647
f 5587/5351/4606 5585/5349/4604 5627/5391/4646
f 5587/5351/4606 5627/5391/4646 5623/5387/4642
f 5617/5381/4636 5629/5393/4648 5630/5394/4649
f 5617/5381/4636 5630/5394/4649 5618/5382/4637
f 5631/5395/4650 5632/5396/4651 5630/5394/4649
f 5631/5395/4650 5630/5394/4649 5629/5393/4648
f 5624/5388/4643 5628/5392/4647 5630/5394/4649
f 5624/5388/4643 5630/5394/4649 5632/5396/4651
f 5610/5374/4629 5618/5382/4637 5630/5394/4649
f 5610/5374/4629 5630/5394/4649 5628/5392/4647
f 5633/5397/4652 5634/5398/4653 5635/5399/4654
f 5633/5397/4652 5635/5399/4654 5636/5400/4655
f 5626/5390/4645 5625/5389/4644 5635/5399/4654
f 5626/5390/4645 5635/5399/4654 5634/5398/4653
f 5624/5388/4643 5632/5396/4651 5635/5399/4654
f 5624/5388/4643 5635/5399/4654 5625/5389/4644
f 5631/5395/4650 5636/5400/4655 5635/5399/4654
f 5631/5395/4650 5635/5399/4654 5632/5396/4651
f 4581/4358/3615 5637/5401/4656 5638/5402/4657
f 4581/4358/3615 5638/5402/4657 4582/4359/3616
f 5639/5403/4658 5640/5404/4659 5638/5402/4657
f 5639/5403/4658 5638/5402/4657 5637/5401/4656
f 5641/5405/4660 5642/5406/4661 5638/5402/4657
f 5641/5405/4660 5638/5402/4657 5640/5404/4659
f 4567/4345/3604 4582/4359/3616 5638/5402/4657
f 4567/4345/3604 5638/5402/4657 5642/5406/4661
f 3095/2967/2484 3117/2989/2506 5643/5407/4662
f 3095/2967/2484 5643/5407/4662 5644/5408/4663
f 3114/2986/2503 5645/5409/4664 5643/5407/4662
f 3114/2986/2503 5643/5407/4662 3117/2989/2506
f 5641/5405/4660 5640/5404/4659 5643/5407/4662
f 5641/5405/4660 5643/5407/4662 5645/5409/4664
f 5639/5403/4658 5644/5408/4663 5643/5407/4662
f 5639/5403/4658 5643/5407/4662 5640/5404/4659
f 2272/2162/1787 5600/5364/4619 5646/5410/4665
f 2272/2162/1787 5646/5410/4665 3112/2984/2501
f 5595/5359/4614 5647/5411/4666 5646/5410/4665
f 5595/5359/4614 5646/5410/4665 5600/5364/4619
f 5641/5405/4660 5645/5409/4664 5646/5410/4665
f 5641/5405/4660 5646/5410/4665 5647/5411/4666
f 3114/2986/2503 3112/2984/2501 5646/5410/4665
f 3114/2986/2503 5646/5410/4665 5645/5409/4664
f 4558/4336/3595 4563/4341/3600 5648/5412/4667
f 4558/4336/3595 5648/5412/4667 5593/5357/4612
f 4567/4345/3604 5642/5406/4661 5648/5412/4667
f 4567/4345/3604 5648/5412/4667 4563/4341/3600
f 5641/5405/4660 5647/5411/4666 5648/5412/4667
f 5641/5405/4660 5648/5412/4667 5642/5406/4661
f 5595/5359/4614 5593/5357/4612 5648/5412/4667
f 5595/5359/4614 5648/5412/4667 5647/5411/4666
f 5617/5381/4636 5620/5384/4639 5649/5413/4668
f 5617/5381/4636 5649/5413/4668 5650/5414/4669
f 5615/5379/4634 5651/5415/4670 5649/5413/4668
f 5615/5379/4634 5649/5413/4668 5620/5384/4639
f 5652/5416/4671 5653/5417/4672 5649/5413/4668
f 5652/5416/4671 5649/5413/4668 5651/5415/4670
f 5654/5418/4673 5650/5414/4669 5649/5413/4668
f 5654/5418/4673 5649/5413/4668 5653/5417/4672
f 916/897/783 919/900/786 5655/5419/4674
f 916/897/783 5655/5419/4674 5613/5377/4632
f 914/895/781 5656/5420/4675 5655/5419/4674
f 914/895/781 5655/5419/4674 919/900/786
f 5652/5416/4671 5651/5415/4670 5655/5419/4674
f 5652/5416/4671 5655/5419/4674 5656/5420/4675
f 5615/5379/4634 5613/5377/4632 5655/5419/4674
f 5615/5379/4634 5655/5419/4674 5651/5415/4670
f 70/68/70 5657/5421/4676 5658/5422/4677
f 70/68/70 5658/5422/4677 912/893/779
f 5659/5423/4678 5660/5424/4679 5658/5422/4677
f 5659/5423/4678 5658/5422/4677 5657/5421/4676
f 5652/5416/4671 5656/5420/4675 5658/5422/4677
f 5652/5416/4671 5658/5422/4677 5660/5424/4679
f 914/895/781 912/893/779 5658/5422/4677
f 914/895/781 5658/5422/4677 5656/5420/4675
f 5661/5425/4680 5662/5426/4681 5663/5427/4682
f 5661/5425/4680 5663/5427/4682 5664/5428/4683
f 5654/5418/4673 5653/5417/4672 5663/5427/4682
f 5654/5418/4673 5663/5427/4682 5662/5426/4681
f 5652/5416/4671 5660/5424/4679 5663/5427/4682
f 5652/5416/4671 5663/5427/4682 5653/5417/4672
f 5659/5423/4678 5664/5428/4683 5663/5427/4682
f 5659/5423/4678 5663/5427/4682 5660/5424/4679
f 5633/5397/4652 5636/5400/4655 5665/5429/4684
f 5633/5397/4652 5665/5429/4684 5666/5430/4685
f 5631/5395/4650 5667/5431/4686 5665/5429/4684
f 5631/5395/4650 5665/5429/4684 5636/5400/4655
f 5668/5432/4687 5669/5433/4688 5665/5429/4684
f 5668/5432/4687 5665/5429/4684 5667/5431/4686
f 5670/5434/4689 5666/5430/4685 5665/5429/4684
f 5670/5434/4689 5665/5429/4684 5669/5433/4688
f 5617/5381/4636 5650/5414/4669 5671/5435/4690
f 5617/5381/4636 5671/5435/4690 5629/5393/4648
f 5654/5418/4673 5672/5436/4691 5671/5435/4690
f 5654/5418/4673 5671/5435/4690 5650/5414/4669
f 5668/5432/4687 5667/5431/4686 5671/5435/4690
f 5668/5432/4687 5671/5435/4690 5672/5436/4691
f 5631/5395/4650 5629/5393/4648 5671/5435/4690
f 5631/5395/4650 5671/5435/4690 5667/5431/4686
f 5661/5425/4680 5673/5437/4692 5674/5438/4693
f 5661/5425/4680 5674/5438/4693 5662/5426/4681
f 5675/5439/4694 5676/5440/4695 5674/5438/4693
f 5675/5439/4694 5674/5438/4693 5673/5437/4692
f 5668/5432/4687 5672/5436/4691 5674/5438/4693
f 5668/5432/4687 5674/5438/4693 5676/5440/4695
f 5654/5418/4673 5662/5426/4681 5674/5438/4693
f 5654/5418/4673 5674/5438/4693 5672/5436/4691
f 5677/5441/4696 5678/5442/4697 5679/5443/4698
f 5677/5441/4696 5679/5443/4698 5680/5444/4699
f 5670/5434/4689 5669/5433/4688 5679/5443/4698
f 5670/5434/4689 5679/5443/4698 5678/5442/4697
f 5668/5432/4687 5676/5440/4695 5679/5443/4698
f 5668/5432/4687 5679/5443/4698 5669/5433/4688
f 5675/5439/4694 5680/5444/4699 5679/5443/4698
f 5675/5439/4694 5679/5443/4698 5676/5440/4695
f 4602/4378/3635 5681/5445/4700 5682/5446/4701
f 4602/4378/3635 5682/5446/4701 4603/4379/3636
f 5683/5447/4702 5684/5448/4703 5682/5446/4701
f 5683/5447/4702 5682/5446/4701 5681/5445/4700
f 5685/5449/4704 5686/5450/4705 5682/5446/4701
f 5685/5449/4704 5682/5446/4701 5684/5448/4703
f 4590/4367/3624 4603/4379/3636 5682/5446/4701
f 4590/4367/3624 5682/5446/4701 5686/5450/4705
f 2243/2133/1758 3102/2974/2491 5687/5451/4706
f 2243/2133/1758 5687/5451/4706 5688/5452/4707
f 3099/2971/2488 5689/5453/4708 5687/5451/4706
f 3099/2971/2488 5687/5451/4706 3102/2974/2491
f 5685/5449/4704 5684/5448/4703 5687/5451/4706
f 5685/5449/4704 5687/5451/4706 5689/5453/4708
f 5683/5447/4702 5688/5452/4707 5687/5451/4706
f 5683/5447/4702 5687/5451/4706 5684/5448/4703
f 3095/2967/2484 5644/5408/4663 5690/5454/4709
f 3095/2967/2484 5690/5454/4709 3096/2968/2485
f 5639/5403/4658 5691/5455/4710 5690/5454/4709
f 5639/5403/4658 5690/5454/4709 5644/5408/4663
f 5685/5449/4704 5689/5453/4708 5690/5454/4709
f 5685/5449/4704 5690/5454/4709 5691/5455/4710
f 3099/2971/2488 3096/2968/2485 5690/5454/4709
f 3099/2971/2488 5690/5454/4709 5689/5453/4708
f 4581/4358/3615 4586/4363/3620 5692/5456/4711
f 4581/4358/3615 5692/5456/4711 5637/5401/4656
f 4590/4367/3624 5686/5450/4705 5692/5456/4711
f 4590/4367/3624 5692/5456/4711 4586/4363/3620
f 5685/5449/4704 5691/5455/4710 5692/5456/4711
f 5685/5449/4704 5692/5456/4711 5686/5450/4705
f 5639/5403/4658 5637/5401/4656 5692/5456/4711
f 5639/5403/4658 5692/5456/4711 5691/5455/4710
f 5661/5425/4680 5664/5428/4683 5693/5457/4712
f 5661/5425/4680 5693/5457/4712 5694/5458/4713
f 5659/5423/4678 5695/5459/4714 5693/5457/4712
f 5659/5423/4678 5693/5457/4712 5664/5428/4683
f 5696/5460/4715 5697/5461/4716 5693/5457/4712
f 5696/5460/4715 5693/5457/4712 5695/5459/4714
f 5698/5462/4717 5694/5458/4713 5693/5457/4712
f 5698/5462/4717 5693/5457/4712 5697/5461/4716
f 70/68/70 73/71/73 5699/5463/4718
f 70/68/70 5699/5463/4718 5657/5421/4676
f 68/66/68 5700/5464/4719 5699/5463/4718
f 68/66/68 5699/5463/4718 73/71/73
f 5696/5460/4715 5695/5459/4714 5699/5463/4718
f 5696/5460/4715 5699/5463/4718 5700/5464/4719
f 5659/5423/4678 5657/5421/4676 5699/5463/4718
f 5659/5423/4678 5699/5463/4718 5695/5459/4714
f 64/62/64 5701/5465/4720 5702/5466/4721
f 64/62/64 5702/5466/4721 65/63/65
f 5703/5467/4722 5704/5468/4723 5702/5466/4721
f 5703/5467/4722 5702/5466/4721 5701/5465/4720
f 5696/5460/4715 5700/5464/4719 5702/5466/4721
f 5696/5460/4715 5702/5466/4721 5704/5468/4723
f 68/66/68 65/63/65 5702/5466/4721
f 68/66/68 5702/5466/4721 5700/5464/4719
f 5705/5469/4724 5706/5470/4725 5707/5471/4726
f 5705/5469/4724 5707/5471/4726 5708/5472/4727
f 5698/5462/4717 5697/5461/4716 5707/5471/4726
f 5698/5462/4717 5707/5471/4726 5706/5470/4725
f 5696/5460/4715 5704/5468/4723 5707/5471/4726
f 5696/5460/4715 5707/5471/4726 5697/5461/4716
f 5703/5467/4722 5708/5472/4727 5707/5471/4726
f 5703/5467/4722 5707/5471/4726 5704/5468/4723
f 5677/5441/4696 5680/5444/4699 5709/5473/4728
f 5677/5441/4696 5709/5473/4728 5710/5474/4729
f 5675/5439/4694 5711/5475/4730 5709/5473/4728
f 5675/5439/4694 5709/5473/4728 5680/5444/4699
f 5712/5476/4731 5713/5477/4732 5709/5473/4728
f 5712/5476/4731 5709/5473/4728 5711/5475/4730
f 5714/5478/4733 5710/5474/4729 5709/5473/4728
f 5714/5478/4733 5709/5473/4728 5713/5477/4732
f 5661/5425/4680 5694/5458/4713 5715/5479/4734
f 5661/5425/4680 5715/5479/4734 5673/5437/4692
f 5698/5462/4717 5716/5480/4735 5715/5479/4734
f 5698/5462/4717 5715/5479/4734 5694/5458/4713
f 5712/5476/4731 5711/5475/4730 5715/5479/4734
f 5712/5476/4731 5715/5479/4734 5716/5480/4735
f 5675/5439/4694 5673/5437/4692 5715/5479/4734
f 5675/5439/4694 5715/5479/4734 5711/5475/4730
f 5705/5469/4724 5717/5481/4736 5718/5482/4737
f 5705/5469/4724 5718/5482/4737 5706/5470/4725
f 5719/5483/4738 5720/5484/4739 5718/5482/4737
f 5719/5483/4738 5718/5482/4737 5717/5481/4736
f 5712/5476/4731 5716/5480/4735 5718/5482/4737
f 5712/5476/4731 5718/5482/4737 5720/5484/4739
f 5698/5462/4717 5706/5470/4725 5718/5482/4737
f 5698/5462/4717 5718/5482/4737 5716/5480/4735
f 5721/5485/4740 5722/5486/4741 5723/5487/4742
f 5721/5485/4740 5723/5487/4742 5724/5488/4743
f 5714/5478/4733 5713/5477/4732 5723/5487/4742
f 5714/5478/4733 5723/5487/4742 5722/5486/4741
f 5712/5476/4731 5720/5484/4739 5723/5487/4742
f 5712/5476/4731 5723/5487/4742 5713/5477/4732
f 5719/5483/4738 5724/5488/4743 5723/5487/4742
f 5719/5483/4738 5723/5487/4742 5720/5484/4739
f 4622/4398/3655 5725/5489/4744 5726/5490/4745
f 4622/4398/3655 5726/5490/4745 4623/4399/3656
f 5727/5491/4746 5728/5492/4747 5726/5490/4745
f 5727/5491/4746 5726/5490/4745 5725/5489/4744
f 5729/5493/4748 5730/5494/4749 5726/5490/4745
f 5729/5493/4748 5726/5490/4745 5728/5492/4747
f 4611/4387/3644 4623/4399/3656 5726/5490/4745
f 4611/4387/3644 5726/5490/4745 5730/5494/4749
f 2249/2139/1764 2252/2142/1767 5731/5495/4750
f 2249/2139/1764 5731/5495/4750 5732/5496/4751
f 2247/2137/1762 5733/5497/4752 5731/5495/4750
f 2247/2137/1762 5731/5495/4750 2252/2142/1767
f 5729/5493/4748 5728/5492/4747 5731/5495/4750
f 5729/5493/4748 5731/5495/4750 5733/5497/4752
f 5727/5491/4746 5732/5496/4751 5731/5495/4750
f 5727/5491/4746 5731/5495/4750 5728/5492/4747
f 2243/2133/1758 5688/5452/4707 5734/5498/4753
f 2243/2133/1758 5734/5498/4753 2244/2134/1759
f 5683/5447/4702 5735/5499/4754 5734/5498/4753
f 5683/5447/4702 5734/5498/4753 5688/5452/4707
f 5729/5493/4748 5733/5497/4752 5734/5498/4753
f 5729/5493/4748 5734/5498/4753 5735/5499/4754
f 2247/2137/1762 2244/2134/1759 5734/5498/4753
f 2247/2137/1762 5734/5498/4753 5733/5497/4752
f 4602/4378/3635 4607/4383/3640 5736/5500/4755
f 4602/4378/3635 5736/5500/4755 5681/5445/4700
f 4611/4387/3644 5730/5494/4749 5736/5500/4755
f 4611/4387/3644 5736/5500/4755 4607/4383/3640
f 5729/5493/4748 5735/5499/4754 5736/5500/4755
f 5729/5493/4748 5736/5500/4755 5730/5494/4749
f 5683/5447/4702 5681/5445/4700 5736/5500/4755
f 5683/5447/4702 5736/5500/4755 5735/5499/4754
f 5705/5469/4724 5708/5472/4727 5737/5501/4756
f 5705/5469/4724 5737/5501/4756 5738/5502/4757
f 5703/5467/4722 5739/5503/4758 5737/5501/4756
f 5703/5467/4722 5737/5501/4756 5708/5472/4727
f 5740/5504/4759 5741/5505/4760 5737/5501/4756
f 5740/5504/4759 5737/5501/4756 5739/5503/4758
f 5742/5506/4761 5738/5502/4757 5737/5501/4756
f 5742/5506/4761 5737/5501/4756 5741/5505/4760
f 64/62/64 1187/1164/1039 5743/5507/4762
f 64/62/64 5743/5507/4762 5701/5465/4720
f 1184/1161/1036 5744/5508/4763 5743/5507/4762
f 1184/1161/1036 5743/5507/4762 1187/1164/1039
f 5740/5504/4759 5739/5503/4758 5743/5507/4762
f 5740/5504/4759 5743/5507/4762 5744/5508/4763
f 5703/5467/4722 5701/5465/4720 5743/5507/4762
f 5703/5467/4722 5743/5507/4762 5739/5503/4758
f 1180/1157/1032 4688/4457/3719 5745/5509/4764
f 1180/1157/1032 5745/5509/4764 1181/1158/1033
f 4685/4454/3716 5746/5510/4765 5745/5509/4764
f 4685/4454/3716 5745/5509/4764 4688/4457/3719
f 5740/5504/4759 5744/5508/4763 5745/5509/4764
f 5740/5504/4759 5745/5509/4764 5746/5510/4765
f 1184/1161/1036 1181/1158/1033 5745/5509/4764
f 1184/1161/1036 5745/5509/4764 5744/5508/4763
f 4681/4450/3712 5747/5511/4766 5748/5512/4767
f 4681/4450/3712 5748/5512/4767 4682/4451/3713
f 5742/5506/4761 5741/5505/4760 5748/5512/4767
f 5742/5506/4761 5748/5512/4767 5747/5511/4766
f 5740/5504/4759 5746/5510/4765 5748/5512/4767
f 5740/5504/4759 5748/5512/4767 5741/5505/4760
f 4685/4454/3716 4682/4451/3713 5748/5512/4767
f 4685/4454/3716 5748/5512/4767 5746/5510/4765
f 5721/5485/4740 5724/5488/4743 5749/5513/4768
f 5721/5485/4740 5749/5513/4768 5750/5514/4769
f 5719/5483/4738 5751/5515/4770 5749/5513/4768
f 5719/5483/4738 5749/5513/4768 5724/5488/4743
f 5752/5516/4771 5753/5517/4772 5749/5513/4768
f 5752/5516/4771 5749/5513/4768 5751/5515/4770
f 5754/5518/4773 5750/5514/4769 5749/5513/4768
f 5754/5518/4773 5749/5513/4768 5753/5517/4772
f 5705/5469/4724 5738/5502/4757 5755/5519/4774
f 5705/5469/4724 5755/5519/4774 5717/5481/4736
f 5742/5506/4761 5756/5520/4775 5755/5519/4774
f 5742/5506/4761 5755/5519/4774 5738/5502/4757
f 5752/5516/4771 5751/5515/4770 5755/5519/4774
f 5752/5516/4771 5755/5519/4774 5756/5520/4775
f 5719/5483/4738 5717/5481/4736 5755/5519/4774
f 5719/5483/4738 5755/5519/4774 5751/5515/4770
f 4681/4450/3712 4684/4453/3715 5757/5521/4776
f 4681/4450/3712 5757/5521/4776 5747/5511/4766
f 4677/4446/3707 5758/5522/4777 5757/5521/4776
f 4677/4446/3707 5757/5521/4776 4684/4453/3715
f 5752/5516/4771 5756/5520/4775 5757/5521/4776
f 5752/5516/4771 5757/5521/4776 5758/5522/4777
f 5742/5506/4761 5747/5511/4766 5757/5521/4776
f 5742/5506/4761 5757/5521/4776 5756/5520/4775
f 4673/4442/3703 5759/5523/4778 5760/5524/4779
f 4673/4442/3703 5760/5524/4779 4674/4443/3704
f 5754/5518/4773 5753/5517/4772 5760/5524/4779
f 5754/5518/4773 5760/5524/4779 5759/5523/4778
f 5752/5516/4771 5758/5522/4777 5760/5524/4779
f 5752/5516/4771 5760/5524/4779 5753/5517/4772
f 4677/4446/3707 4674/4443/3704 5760/5524/4779
f 4677/4446/3707 5760/5524/4779 5758/5522/4777
f 4642/4418/3675 4662/4432/3694 5761/5525/4780
f 4642/4418/3675 5761/5525/4780 4643/4419/3676
f 4659/4429/3691 5762/5526/4781 5761/5525/4780
f 4659/4429/3691 5761/5525/4780 4662/4432/3694
f 5763/5527/4782 5764/5528/4783 5761/5525/4780
f 5763/5527/4782 5761/5525/4780 5762/5526/4781
f 4631/4407/3664 4643/4419/3676 5761/5525/4780
f 4631/4407/3664 5761/5525/4780 5764/5528/4783
f 3361/3233/2737 3364/3236/2740 5765/5529/4784
f 3361/3233/2737 5765/5529/4784 4657/4427/3689
f 3359/3231/2735 5766/5530/4785 5765/5529/4784
f 3359/3231/2735 5765/5529/4784 3364/3236/2740
f 5763/5527/4782 5762/5526/4781 5765/5529/4784
f 5763/5527/4782 5765/5529/4784 5766/5530/4785
f 4659/4429/3691 4657/4427/3689 5765/5529/4784
f 4659/4429/3691 5765/5529/4784 5762/5526/4781
f 2249/2139/1764 5732/5496/4751 5767/5531/4786
f 2249/2139/1764 5767/5531/4786 3357/3229/2733
f 5727/5491/4746 5768/5532/4787 5767/5531/4786
f 5727/5491/4746 5767/5531/4786 5732/5496/4751
f 5763/5527/4782 5766/5530/4785 5767/5531/4786
f 5763/5527/4782 5767/5531/4786 5768/5532/4787
f 3359/3231/2735 3357/3229/2733 5767/5531/4786
f 3359/3231/2735 5767/5531/4786 5766/5530/4785
f 4622/4398/3655 4627/4403/3660 5769/5533/4788
f 4622/4398/3655 5769/5533/4788 5725/5489/4744
f 4631/4407/3664 5764/5528/4783 5769/5533/4788
f 4631/4407/3664 5769/5533/4788 4627/4403/3660
f 5763/5527/4782 5768/5532/4787 5769/5533/4788
f 5763/5527/4782 5769/5533/4788 5764/5528/4783
f 5727/5491/4746 5725/5489/4744 5769/5533/4788
f 5727/5491/4746 5769/5533/4788 5768/5532/4787
f 4427/4207/3472 5770/5534/4789 5771/5535/4790
f 4427/4207/3472 5771/5535/4790 4428/4208/3473
f 5772/5536/4791 5773/5537/4792 5771/5535/4790
f 5772/5536/4791 5771/5535/4790 5770/5534/4789
f 5774/5538/4793 5775/5539/4794 5771/5535/4790
f 5774/5538/4793 5771/5535/4790 5773/5537/4792
f 4431/4211/3476 4428/4208/3473 5771/5535/4790
f 4431/4211/3476 5771/5535/4790 5775/5539/4794
f 5776/5540/4795 5777/5541/4796 5778/5542/4797
f 5776/5540/4795 5778/5542/4797 5779/5543/4798
f 5780/5544/4799 5781/5545/4800 5782/5546/4801
f 5780/5544/4799 5782/5546/4801 5783/5547/4802
f 5774/5538/4793 5773/5537/4792 5778/5542/4797
f 5774/5538/4793 5778/5542/4797 5784/5548/4803
f 5772/5536/4791 5779/5543/4798 5778/5542/4797
f 5772/5536/4791 5778/5542/4797 5773/5537/4792
f 4433/4213/3478 4436/4216/3481 5785/5549/4804
f 4433/4213/3478 5785/5549/4804 5786/5550/4805
f 4440/4220/3485 5787/5551/4806 5785/5549/4804
f 4440/4220/3485 5785/5549/4804 4436/4216/3481
f 5788/5552/4807 5781/5545/4800 5785/5549/4804
f 5788/5552/4807 5785/5549/4804 5787/5551/4806
f 5780/5544/4799 5786/5550/4805 5785/5549/4804
f 5780/5544/4799 5785/5549/4804 5781/5545/4800
f 4433/4213/3478 5786/5550/4805 5789/5553/4808
f 4433/4213/3478 5789/5553/4808 4456/4236/3499
f 5780/5544/4799 5790/5554/4809 5789/5553/4808
f 5780/5544/4799 5789/5553/4808 5786/5550/4805
f 5791/5555/4810 5792/5556/4811 5789/5553/4808
f 5791/5555/4810 5789/5553/4808 5790/5554/4809
f 4458/4238/3501 4456/4236/3499 5789/5553/4808
f 4458/4238/3501 5789/5553/4808 5792/5556/4811
f 5793/5557/4812 5794/5558/4813 5795/5559/4814
f 5793/5557/4812 5795/5559/4814 5783/5547/4802
f 5796/5560/4815 5797/5561/4816 5795/5559/4814
f 5796/5560/4815 5795/5559/4814 5794/5558/4813
f 5791/5555/4810 5790/5554/4809 5795/5559/4814
f 5791/5555/4810 5795/5559/4814 5797/5561/4816
f 5780/5544/4799 5783/5547/4802 5795/5559/4814
f 5780/5544/4799 5795/5559/4814 5790/5554/4809
f 5798/5562/4817 5799/5563/4818 5800/5564/4819
f 5798/5562/4817 5800/5564/4819 5801/5565/4820
f 5802/5566/4821 5803/5567/4822 5800/5564/4819
f 5802/5566/4821 5800/5564/4819 5799/5563/4818
f 5791/5555/4810 5797/5561/4816 5800/5564/4819
f 5791/5555/4810 5800/5564/4819 5803/5567/4822
f 5796/5560/4815 5801/5565/4820 5800/5564/4819
f 5796/5560/4815 5800/5564/4819 5797/5561/4816
f 4463/4243/3504 4466/4246/3507 5804/5568/4823
f 4463/4243/3504 5804/5568/4823 5805/5569/4824
f 4458/4238/3501 5792/5556/4811 5804/5568/4823
f 4458/4238/3501 5804/5568/4823 4466/4246/3507
f 5791/5555/4810 5803/5567/4822 5804/5568/4823
f 5791/5555/4810 5804/5568/4823 5792/5556/4811
f 5802/5566/4821 5805/5569/4824 5804/5568/4823
f 5802/5566/4821 5804/5568/4823 5803/5567/4822
f 4463/4243/3504 5805/5569/4824 5806/5570/4825
f 4463/4243/3504 5806/5570/4825 4484/4262/3524
f 5802/5566/4821 5807/5571/4826 5806/5570/4825
f 5802/5566/4821 5806/5570/4825 5805/5569/4824
f 5808/5572/4827 5809/5573/4828 5806/5570/4825
f 5808/5572/4827 5806/5570/4825 5807/5571/4826
f 4486/4264/3526 4484/4262/3524 5806/5570/4825
f 4486/4264/3526 5806/5570/4825 5809/5573/4828
f 5810/5574/4829 5811/5575/4830 5812/5576/4831
f 5810/5574/4829 5812/5576/4831 5813/5577/4818
f 5814/5578/4832 5815/5579/4833 5816/5580/4834
f 5814/5578/4832 5816/5580/4834 5817/5581/4830
f 5808/5572/4827 5807/5571/4826 5816/5580/4834
f 5808/5572/4827 5816/5580/4834 5815/5579/4833
f 5802/5566/4821 5799/5563/4818 5816/5580/4834
f 5802/5566/4821 5816/5580/4834 5807/5571/4826
f 5818/5582/4835 5819/5583/4836 5820/5584/4837
f 5818/5582/4835 5820/5584/4837 5821/5585/4838
f 5822/5586/4839 5823/5587/4840 5820/5584/4837
f 5822/5586/4839 5820/5584/4837 5819/5583/4836
f 5808/5572/4827 5815/5579/4833 5820/5584/4837
f 5808/5572/4827 5820/5584/4837 5823/5587/4840
f 5814/5578/4832 5821/5585/4838 5820/5584/4837
f 5814/5578/4832 5820/5584/4837 5815/5579/4833
f 4492/4270/3529 4495/4273/3532 5824/5588/4841
f 4492/4270/3529 5824/5588/4841 5825/5589/4842
f 4486/4264/3526 5809/5573/4828 5824/5588/4841
f 4486/4264/3526 5824/5588/4841 4495/4273/3532
f 5808/5572/4827 5823/5587/4840 5824/5588/4841
f 5808/5572/4827 5824/5588/4841 5809/5573/4828
f 5822/5586/4839 5825/5589/4842 5824/5588/4841
f 5822/5586/4839 5824/5588/4841 5823/5587/4840
f 4492/4270/3529 5825/5589/4842 5826/5590/4843
f 4492/4270/3529 5826/5590/4843 4508/4286/3545
f 5822/5586/4839 5827/5591/4844 5826/5590/4843
f 5822/5586/4839 5826/5590/4843 5825/5589/4842
f 5828/5592/4845 5829/5593/4846 5826/5590/4843
f 5828/5592/4845 5826/5590/4843 5827/5591/4844
f 4510/4288/3547 4508/4286/3545 5826/5590/4843
f 4510/4288/3547 5826/5590/4843 5829/5593/4846
f 5818/5582/4835 5830/5594/4847 5831/5595/4848
f 5818/5582/4835 5831/5595/4848 5819/5583/4836
f 5832/5596/4849 5833/5597/4850 5831/5595/4848
f 5832/5596/4849 5831/5595/4848 5830/5594/4847
f 5828/5592/4845 5827/5591/4844 5831/5595/4848
f 5828/5592/4845 5831/5595/4848 5833/5597/4850
f 5822/5586/4839 5819/5583/4836 5831/5595/4848
f 5822/5586/4839 5831/5595/4848 5827/5591/4844
f 5834/5598/4851 5835/5599/4852 5836/5600/4853
f 5834/5598/4851 5836/5600/4853 5837/5601/4854
f 5838/5602/4855 5839/5603/4856 5836/5600/4853
f 5838/5602/4855 5836/5600/4853 5835/5599/4852
f 5828/5592/4845 5833/5597/4850 5836/5600/4853
f 5828/5592/4845 5836/5600/4853 5839/5603/4856
f 5832/5596/4849 5837/5601/4854 5836/5600/4853
f 5832/5596/4849 5836/5600/4853 5833/5597/4850
f 4512/4290/3549 4515/4293/3552 5840/5604/4857
f 4512/4290/3549 5840/5604/4857 5841/5605/4858
f 4510/4288/3547 5829/5593/4846 5840/5604/4857
f 4510/4288/3547 5840/5604/4857 4515/4293/3552
f 5828/5592/4845 5839/5603/4856 5840/5604/4857
f 5828/5592/4845 5840/5604/4857 5829/5593/4846
f 5838/5602/4855 5841/5605/4858 5840/5604/4857
f 5838/5602/4855 5840/5604/4857 5839/5603/4856
f 4512/4290/3549 5842/5606/4859 5843/5607/4860
f 4512/4290/3549 5843/5607/4860 4528/4306/3565
f 5838/5602/4855 5844/5608/4861 5843/5607/4860
f 5838/5602/4855 5843/5607/4860 5841/5605/4858
f 5845/5609/4862 5846/5610/4863 5843/5607/4860
f 5845/5609/4862 5843/5607/4860 5844/5608/4861
f 4530/4308/3567 4528/4306/3565 5843/5607/4860
f 4530/4308/3567 5843/5607/4860 5846/5610/4863
f 5834/5598/4851 5847/5611/4864 5848/5612/4865
f 5834/5598/4851 5848/5612/4865 5835/5599/4852
f 5849/5613/4866 5850/5614/4867 5848/5612/4865
f 5849/5613/4866 5848/5612/4865 5847/5611/4864
f 5845/5609/4862 5851/5615/4868 5848/5612/4865
f 5845/5609/4862 5848/5612/4865 5850/5614/4867
f 5838/5602/4855 5835/5599/4852 5848/5612/4865
f 5838/5602/4855 5848/5612/4865 5851/5615/4868
f 5852/5616/4869 5853/5617/4870 5854/5618/4871
f 5852/5616/4869 5854/5618/4871 5855/5619/4872
f 5856/5620/4873 5857/5621/4874 5858/5622/4875
f 5856/5620/4873 5858/5622/4875 5859/5623/4876
f 5845/5609/4862 5850/5614/4867 5858/5622/4875
f 5845/5609/4862 5858/5622/4875 5857/5621/4874
f 5849/5613/4866 5855/5619/4872 5854/5618/4871
f 5849/5613/4866 5854/5618/4871 5850/5614/4867
f 4532/4310/3569 4535/4313/3572 5860/5624/4877
f 4532/4310/3569 5860/5624/4877 5861/5625/4878
f 4530/4308/3567 5846/5610/4863 5860/5624/4877
f 4530/4308/3567 5860/5624/4877 4535/4313/3572
f 5845/5609/4862 5857/5621/4874 5860/5624/4877
f 5845/5609/4862 5860/5624/4877 5846/5610/4863
f 5862/5626/4873 5861/5625/4878 5860/5624/4877
f 5862/5626/4873 5860/5624/4877 5857/5621/4874
f 4532/4310/3569 5861/5625/4878 5863/5627/4879
f 4532/4310/3569 5863/5627/4879 4548/4326/3585
f 5862/5626/4873 5864/5628/4880 5865/5629/4879
f 5862/5626/4873 5865/5629/4879 5861/5625/4878
f 5866/5630/4881 5867/5631/4882 5865/5629/4879
f 5866/5630/4881 5865/5629/4879 5864/5628/4880
f 4550/4328/3587 4548/4326/3585 5863/5627/4879
f 4550/4328/3587 5863/5627/4879 5867/5631/4882
f 5852/5616/4869 5868/5632/4883 5869/5633/4884
f 5852/5616/4869 5869/5633/4884 5853/5617/4870
f 5870/5634/4885 5871/5635/4886 5869/5633/4884
f 5870/5634/4885 5869/5633/4884 5868/5632/4883
f 5866/5630/4881 5872/5636/4887 5869/5633/4884
f 5866/5630/4881 5869/5633/4884 5871/5635/4886
f 5856/5620/4873 5859/5623/4876 5869/5633/4884
f 5856/5620/4873 5869/5633/4884 5872/5636/4887
f 5873/5637/4888 5874/5638/4889 5875/5639/4890
f 5873/5637/4888 5875/5639/4890 5876/5640/4891
f 5877/5641/4892 5878/5642/4893 5875/5639/4890
f 5877/5641/4892 5875/5639/4890 5874/5638/4889
f 5866/5630/4881 5871/5635/4886 5875/5639/4890
f 5866/5630/4881 5875/5639/4890 5878/5642/4893
f 5870/5634/4885 5876/5640/4891 5875/5639/4890
f 5870/5634/4885 5875/5639/4890 5871/5635/4886
f 4552/4330/3589 4555/4333/3592 5879/5643/4894
f 4552/4330/3589 5879/5643/4894 5880/5644/4895
f 4550/4328/3587 5867/5631/4882 5879/5643/4894
f 4550/4328/3587 5879/5643/4894 4555/4333/3592
f 5866/5630/4881 5878/5642/4893 5879/5643/4894
f 5866/5630/4881 5879/5643/4894 5867/5631/4882
f 5877/5641/4892 5880/5644/4895 5879/5643/4894
f 5877/5641/4892 5879/5643/4894 5878/5642/4893
f 4552/4330/3589 5880/5644/4895 5881/5645/4896
f 4552/4330/3589 5881/5645/4896 4568/4346/3605
f 5877/5641/4892 5882/5646/4897 5881/5645/4896
f 5877/5641/4892 5881/5645/4896 5880/5644/4895
f 5883/5647/4898 5884/5648/4899 5881/5645/4896
f 5883/5647/4898 5881/5645/4896 5882/5646/4897
f 4570/4348/3607 4568/4346/3605 5881/5645/4896
f 4570/4348/3607 5881/5645/4896 5884/5648/4899
f 5873/5637/4888 5885/5649/4900 5886/5650/4901
f 5873/5637/4888 5886/5650/4901 5874/5638/4889
f 5887/5651/4902 5889/5652/4903 5886/5650/4901
f 5887/5651/4902 5886/5650/4901 5885/5649/4900
f 5891/5653/4898 5882/5646/4897 5886/5650/4901
f 5891/5653/4898 5886/5650/4901 5893/5654/4904
f 5877/5641/4892 5874/5638/4889 5886/5650/4901
f 5877/5641/4892 5886/5650/4901 5882/5646/4897
f 5895/5655/4905 5896/5656/4906 5897/5657/4907
f 5895/5655/4905 5897/5657/4907 5898/5658/4908
f 5899/5659/4909 5900/5660/4910 5897/5657/4907
f 5899/5659/4909 5897/5657/4907 5896/5656/4906
f 5883/5647/4898 5890/5652/4911 5897/5657/4907
f 5883/5647/4898 5897/5657/4907 5900/5660/4910
f 5888/5651/4912 5898/5658/4908 5897/5657/4907
f 5888/5651/4912 5897/5657/4907 5894/5654/4913
f 5901/5661/4914 4577/4355/3612 5902/5662/4915
f 5901/5661/4914 5902/5662/4915 5903/5663/4916
f 4580/4348/3607 5884/5648/4899 5902/5662/4915
f 4580/4348/3607 5902/5662/4915 4577/4355/3612
f 5892/5653/4917 5900/5660/4910 5902/5662/4915
f 5892/5653/4917 5902/5662/4915 5884/5648/4899
f 5899/5659/4909 5903/5663/4916 5902/5662/4915
f 5899/5659/4909 5902/5662/4915 5900/5660/4910
f 5901/5661/4914 5903/5663/4916 5904/5664/4918
f 5901/5661/4914 5904/5664/4918 4591/4368/4919
f 5899/5659/4909 5905/5665/4920 5904/5664/4918
f 5899/5659/4909 5904/5664/4918 5903/5663/4916
f 5906/5666/4921 5907/5667/4922 5904/5664/4918
f 5906/5666/4921 5904/5664/4918 5905/5665/4920
f 5908/5668/3627 4591/4368/4919 5904/5664/4918
f 5908/5668/3627 5904/5664/4918 5907/5667/4922
f 5895/5655/4905 5909/5669/4923 5910/5670/4924
f 5895/5655/4905 5910/5670/4924 5896/5656/4906
f 5911/5671/4925 5912/5672/4926 5910/5670/4924
f 5911/5671/4925 5910/5670/4924 5909/5669/4923
f 5906/5666/4921 5905/5665/4920 5910/5670/4924
f 5906/5666/4921 5910/5670/4924 5912/5672/4926
f 5899/5659/4909 5896/5656/4906 5910/5670/4924
f 5899/5659/4909 5910/5670/4924 5905/5665/4920
f 5913/5673/4927 5914/5674/4928 5915/5675/4929
f 5913/5673/4927 5915/5675/4929 5916/5676/4930
f 5917/5677/4931 5918/5678/4932 5915/5675/4929
f 5917/5677/4931 5915/5675/4929 5914/5674/4928
f 5906/5666/4921 5912/5672/4926 5915/5675/4929
f 5906/5666/4921 5915/5675/4929 5918/5678/4932
f 5911/5671/4925 5916/5676/4930 5915/5675/4929
f 5911/5671/4925 5915/5675/4929 5912/5672/4926
f 4596/4372/3629 4599/4375/3632 5919/5679/4933
f 4596/4372/3629 5919/5679/4933 5920/5680/4934
f 5908/5668/3627 5907/5667/4922 5919/5679/4933
f 5908/5668/3627 5919/5679/4933 4599/4375/3632
f 5906/5666/4921 5918/5678/4932 5919/5679/4933
f 5906/5666/4921 5919/5679/4933 5907/5667/4922
f 5917/5677/4931 5920/5680/4934 5919/5679/4933
f 5917/5677/4931 5919/5679/4933 5918/5678/4932
f 4596/4372/3629 5921/5681/4935 5922/5682/4936
f 4596/4372/3629 5922/5682/4936 4612/4388/3645
f 5917/5677/4931 5923/5683/4937 5922/5682/4936
f 5917/5677/4931 5922/5682/4936 5921/5681/4935
f 5924/5684/4938 5925/5685/4939 5922/5682/4936
f 5924/5684/4938 5922/5682/4936 5923/5683/4937
f 4614/4390/3647 4612/4388/3645 5922/5682/4936
f 4614/4390/3647 5922/5682/4936 5925/5685/4939
f 5913/5673/4927 5926/5686/4940 5927/5687/4941
f 5913/5673/4927 5927/5687/4941 5914/5674/4928
f 5928/5688/4942 5929/5689/4943 5927/5687/4941
f 5928/5688/4942 5927/5687/4941 5926/5686/4940
f 5924/5684/4938 5923/5683/4937 5927/5687/4941
f 5924/5684/4938 5927/5687/4941 5929/5689/4943
f 5917/5677/4931 5914/5674/4928 5927/5687/4941
f 5917/5677/4931 5927/5687/4941 5923/5683/4937
f 5930/5690/4944 5931/5691/4945 5932/5692/4946
f 5930/5690/4944 5932/5692/4946 5933/5693/4947
f 5934/5694/4948 5935/5695/4949 5932/5692/4946
f 5934/5694/4948 5932/5692/4946 5931/5691/4945
f 5924/5684/4938 5929/5689/4943 5932/5692/4946
f 5924/5684/4938 5932/5692/4946 5935/5695/4949
f 5928/5688/4942 5933/5693/4947 5932/5692/4946
f 5928/5688/4942 5932/5692/4946 5929/5689/4943
f 4616/4392/3649 4619/4395/3652 5936/5696/4950
f 4616/4392/3649 5936/5696/4950 5937/5697/4951
f 4614/4390/3647 5925/5685/4939 5936/5696/4950
f 4614/4390/3647 5936/5696/4950 4619/4395/3652
f 5924/5684/4938 5935/5695/4949 5936/5696/4950
f 5924/5684/4938 5936/5696/4950 5925/5685/4939
f 5934/5694/4948 5937/5697/4951 5936/5696/4950
f 5934/5694/4948 5936/5696/4950 5935/5695/4949
f 4616/4392/3649 5937/5697/4951 5938/5698/4952
f 4616/4392/3649 5938/5698/4952 4632/4408/3665
f 5934/5694/4948 5939/5699/4953 5938/5698/4952
f 5934/5694/4948 5938/5698/4952 5937/5697/4951
f 5940/5700/4954 5941/5701/4955 5938/5698/4952
f 5940/5700/4954 5938/5698/4952 5939/5699/4953
f 4634/4410/3667 4632/4408/3665 5938/5698/4952
f 4634/4410/3667 5938/5698/4952 5941/5701/4955
f 5930/5690/4944 5942/5702/4956 5943/5703/4957
f 5930/5690/4944 5943/5703/4957 5931/5691/4945
f 5944/5704/4958 5945/5705/4959 5943/5703/4957
f 5944/5704/4958 5943/5703/4957 5942/5702/4956
f 5940/5700/4954 5939/5699/4953 5943/5703/4957
f 5940/5700/4954 5943/5703/4957 5945/5705/4959
f 5934/5694/4948 5931/5691/4945 5943/5703/4957
f 5934/5694/4948 5943/5703/4957 5939/5699/4953
f 5946/5706/4960 5947/5707/4961 5948/5708/4962
f 5946/5706/4960 5948/5708/4962 5949/5709/4963
f 5950/5710/4964 5951/5711/4965 5948/5708/4962
f 5950/5710/4964 5948/5708/4962 5947/5707/4961
f 5940/5700/4954 5945/5705/4959 5948/5708/4962
f 5940/5700/4954 5948/5708/4962 5951/5711/4965
f 5944/5704/4958 5949/5709/4963 5948/5708/4962
f 5944/5704/4958 5948/5708/4962 5945/5705/4959
f 4636/4412/3669 4639/4415/3672 5952/5712/4966
f 4636/4412/3669 5952/5712/4966 5953/5713/4967
f 4634/4410/3667 5941/5701/4955 5952/5712/4966
f 4634/4410/3667 5952/5712/4966 4639/4415/3672
f 5940/5700/4954 5951/5711/4965 5952/5712/4966
f 5940/5700/4954 5952/5712/4966 5941/5701/4955
f 5950/5710/4964 5953/5713/4967 5952/5712/4966
f 5950/5710/4964 5952/5712/4966 5951/5711/4965
f 4636/4412/3669 5953/5713/4967 5954/5714/4968
f 4636/4412/3669 5954/5714/4968 4669/4438/3698
f 5950/5710/4964 5955/5715/4969 5954/5714/4968
f 5950/5710/4964 5954/5714/4968 5953/5713/4967
f 5956/5716/4970 5957/5717/4971 5954/5714/4968
f 5956/5716/4970 5954/5714/4968 5955/5715/4969
f 4671/4440/3700 4669/4438/3698 5954/5714/4968
f 4671/4440/3700 5954/5714/4968 5957/5717/4971
f 5958/5718/4972 5959/5719/4973 5960/5720/4974
f 5958/5718/4972 5960/5720/4974 5961/5721/4961
f 5962/5722/4975 5963/5723/4976 5960/5720/4974
f 5962/5722/4975 5960/5720/4974 5959/5719/4973
f 5964/5724/4970 5965/5725/4977 5960/5720/4974
f 5964/5724/4970 5960/5720/4974 5963/5723/4976
f 5950/5710/4964 5947/5707/4961 5966/5726/4978
f 5950/5710/4964 5966/5726/4978 5955/5715/4969
f 4673/4442/3703 4676/4445/3706 5967/5727/4979
f 4673/4442/3703 5967/5727/4979 5968/5728/4980
f 4680/4449/3711 5969/5729/4971 5967/5727/4979
f 4680/4449/3711 5967/5727/4979 4676/4445/3706
f 5964/5724/4970 5963/5723/4976 5967/5727/4979
f 5964/5724/4970 5967/5727/4979 5969/5729/4971
f 5962/5722/4975 5968/5728/4980 5967/5727/4979
f 5962/5722/4975 5967/5727/4979 5963/5723/4976
f 5409/5173/4430 5970/5730/4981 5971/5731/4982
f 5409/5173/4430 5971/5731/4982 5410/5174/4431
f 5972/5732/4983 5973/5733/4984 5971/5731/4982
f 5972/5732/4983 5971/5731/4982 5970/5730/4981
f 5974/5734/4985 5975/5735/4986 5971/5731/4982
f 5974/5734/4985 5971/5731/4982 5973/5733/4984
f 5402/5166/4423 5410/5174/4431 5971/5731/4982
f 5402/5166/4423 5971/5731/4982 5975/5735/4986
f 5810/5574/4829 5976/5736/4987 5977/5737/4988
f 5810/5574/4829 5977/5737/4988 5978/5738/4989
f 5979/5739/4990 5980/5740/4991 5977/5737/4988
f 5979/5739/4990 5977/5737/4988 5976/5736/4987
f 5974/5734/4985 5973/5733/4984 5977/5737/4988
f 5974/5734/4985 5977/5737/4988 5980/5740/4991
f 5972/5732/4983 5978/5738/4989 5977/5737/4988
f 5972/5732/4983 5977/5737/4988 5973/5733/4984
f 5776/5540/4795 5779/5543/4798 5981/5741/4992
f 5776/5540/4795 5981/5741/4992 5982/5742/4993
f 5772/5536/4791 5983/5743/4994 5981/5741/4992
f 5772/5536/4791 5981/5741/4992 5779/5543/4798
f 5974/5734/4985 5980/5740/4991 5981/5741/4992
f 5974/5734/4985 5981/5741/4992 5983/5743/4994
f 5979/5739/4990 5982/5742/4993 5981/5741/4992
f 5979/5739/4990 5981/5741/4992 5980/5740/4991
f 4427/4207/3472 5398/5162/4419 5984/5744/4995
f 4427/4207/3472 5984/5744/4995 5770/5534/4789
f 5402/5166/4423 5975/5735/4986 5984/5744/4995
f 5402/5166/4423 5984/5744/4995 5398/5162/4419
f 5974/5734/4985 5983/5743/4994 5984/5744/4995
f 5974/5734/4985 5984/5744/4995 5975/5735/4986
f 5772/5536/4791 5770/5534/4789 5984/5744/4995
f 5772/5536/4791 5984/5744/4995 5983/5743/4994
f 5457/5221/4476 5985/5745/4996 5986/5746/4997
f 5457/5221/4476 5986/5746/4997 5458/5222/4477
f 5987/5747/4998 5988/5748/4999 5986/5746/4997
f 5987/5747/4998 5986/5746/4997 5985/5745/4996
f 5989/5749/5000 5990/5750/5001 5986/5746/4997
f 5989/5749/5000 5986/5746/4997 5988/5748/4999
f 5450/5214/4469 5458/5222/4477 5986/5746/4997
f 5450/5214/4469 5986/5746/4997 5990/5750/5001
f 5991/5751/5002 5992/5752/4838 5993/5753/5003
f 5991/5751/5002 5993/5753/5003 5994/5754/5004
f 5995/5755/4832 5996/5756/5005 5993/5753/5003
f 5995/5755/4832 5993/5753/5003 5992/5752/4838
f 5989/5749/5000 5988/5748/4999 5993/5753/5003
f 5989/5749/5000 5993/5753/5003 5996/5756/5005
f 5987/5747/4998 5994/5754/5004 5993/5753/5003
f 5987/5747/4998 5993/5753/5003 5988/5748/4999
f 5810/5574/4829 5978/5738/4989 5997/5757/5006
f 5810/5574/4829 5997/5757/5006 5811/5575/4830
f 5972/5732/4983 5998/5758/5007 5997/5757/5006
f 5972/5732/4983 5997/5757/5006 5978/5738/4989
f 5989/5749/5000 5996/5756/5005 5997/5757/5006
f 5989/5749/5000 5997/5757/5006 5998/5758/5007
f 5995/5755/4832 5811/5575/4830 5997/5757/5006
f 5995/5755/4832 5997/5757/5006 5996/5756/5005
f 5409/5173/4430 5446/5210/4465 5999/5759/5008
f 5409/5173/4430 5999/5759/5008 5970/5730/4981
f 5450/5214/4469 5990/5750/5001 5999/5759/5008
f 5450/5214/4469 5999/5759/5008 5446/5210/4465
f 5989/5749/5000 5998/5758/5007 5999/5759/5008
f 5989/5749/5000 5999/5759/5008 5990/5750/5001
f 5972/5732/4983 5970/5730/4981 5999/5759/5008
f 5972/5732/4983 5999/5759/5008 5998/5758/5007
f 5501/5265/4520 6000/5760/5009 6001/5761/5010
f 5501/5265/4520 6001/5761/5010 5502/5266/4521
f 6002/5762/5011 6003/5763/5012 6001/5761/5010
f 6002/5762/5011 6001/5761/5010 6000/5760/5009
f 6004/5764/5013 6005/5765/5014 6001/5761/5010
f 6004/5764/5013 6001/5761/5010 6003/5763/5012
f 5494/5258/4513 5502/5266/4521 6001/5761/5010
f 5494/5258/4513 6001/5761/5010 6005/5765/5014
f 6006/5766/4851 6007/5767/4854 6008/5768/5015
f 6006/5766/4851 6008/5768/5015 6009/5769/5016
f 6010/5770/5017 6011/5771/5018 6008/5768/5015
f 6010/5770/5017 6008/5768/5015 6007/5767/4854
f 6004/5764/5013 6003/5763/5012 6008/5768/5015
f 6004/5764/5013 6008/5768/5015 6011/5771/5018
f 6002/5762/5011 6009/5769/5016 6008/5768/5015
f 6002/5762/5011 6008/5768/5015 6003/5763/5012
f 5991/5751/5002 5994/5754/5004 6012/5772/5019
f 5991/5751/5002 6012/5772/5019 6013/5773/4847
f 5987/5747/4998 6014/5774/5020 6012/5772/5019
f 5987/5747/4998 6012/5772/5019 5994/5754/5004
f 6004/5764/5013 6011/5771/5018 6012/5772/5019
f 6004/5764/5013 6012/5772/5019 6014/5774/5020
f 6010/5770/5017 6013/5773/4847 6012/5772/5019
f 6010/5770/5017 6012/5772/5019 6011/5771/5018
f 5457/5221/4476 5490/5254/4509 6015/5775/5021
f 5457/5221/4476 6015/5775/5021 5985/5745/4996
f 5494/5258/4513 6005/5765/5014 6015/5775/5021
f 5494/5258/4513 6015/5775/5021 5490/5254/4509
f 6004/5764/5013 6014/5774/5020 6015/5775/5021
f 6004/5764/5013 6015/5775/5021 6005/5765/5014
f 5987/5747/4998 5985/5745/4996 6015/5775/5021
f 5987/5747/4998 6015/5775/5021 6014/5774/5020
f 5545/5309/4564 6016/5776/5022 6017/5777/5023
f 5545/5309/4564 6017/5777/5023 5546/5310/4565
f 6018/5778/5024 6019/5779/5025 6017/5777/5023
f 6018/5778/5024 6017/5777/5023 6016/5776/5022
f 6020/5780/5026 6021/5781/5027 6017/5777/5023
f 6020/5780/5026 6017/5777/5023 6019/5779/5025
f 5538/5302/4557 5546/5310/4565 6017/5777/5023
f 5538/5302/4557 6017/5777/5023 6021/5781/5027
f 6022/5782/5028 6023/5783/4872 6024/5784/5029
f 6022/5782/5028 6024/5784/5029 6025/5785/5030
f 6026/5786/4866 6027/5787/5031 6024/5784/5029
f 6026/5786/4866 6024/5784/5029 6023/5783/4872
f 6020/5780/5026 6019/5779/5025 6024/5784/5029
f 6020/5780/5026 6024/5784/5029 6027/5787/5031
f 6018/5778/5024 6025/5785/5030 6024/5784/5029
f 6018/5778/5024 6024/5784/5029 6019/5779/5025
f 6006/5766/4851 6009/5769/5016 6028/5788/5032
f 6006/5766/4851 6028/5788/5032 6029/5789/5033
f 6002/5762/5011 6030/5790/5034 6028/5788/5032
f 6002/5762/5011 6028/5788/5032 6009/5769/5016
f 6020/5780/5026 6027/5787/5031 6028/5788/5032
f 6020/5780/5026 6028/5788/5032 6030/5790/5034
f 6026/5786/4866 6029/5789/5033 6028/5788/5032
f 6026/5786/4866 6028/5788/5032 6027/5787/5031
f 5501/5265/4520 5534/5298/4553 6031/5791/5035
f 5501/5265/4520 6031/5791/5035 6000/5760/5009
f 5538/5302/4557 6021/5781/5027 6031/5791/5035
f 5538/5302/4557 6031/5791/5035 5534/5298/4553
f 6020/5780/5026 6030/5790/5034 6031/5791/5035
f 6020/5780/5026 6031/5791/5035 6021/5781/5027
f 6002/5762/5011 6000/5760/5009 6031/5791/5035
f 6002/5762/5011 6031/5791/5035 6030/5790/5034
f 5589/5353/4608 6032/5792/5036 6033/5793/5037
f 5589/5353/4608 6033/5793/5037 5590/5354/4609
f 6034/5794/5038 6035/5795/5039 6033/5793/5037
f 6034/5794/5038 6033/5793/5037 6032/5792/5036
f 6036/5796/5040 6037/5797/5041 6033/5793/5037
f 6036/5796/5040 6033/5793/5037 6035/5795/5039
f 5582/5346/4601 5590/5354/4609 6033/5793/5037
f 5582/5346/4601 6033/5793/5037 6037/5797/5041
f 6038/5798/4888 6039/5799/5042 6040/5800/5043
f 6038/5798/4888 6040/5800/5043 6041/5801/5044
f 6042/5802/5042 6043/5803/5045 6040/5800/5043
f 6042/5802/5042 6040/5800/5043 6039/5799/5042
f 6036/5796/5040 6035/5795/5039 6040/5800/5043
f 6036/5796/5040 6040/5800/5043 6043/5803/5045
f 6034/5794/5038 6041/5801/5044 6040/5800/5043
f 6034/5794/5038 6040/5800/5043 6035/5795/5039
f 6022/5782/5028 6025/5785/5030 6044/5804/5046
f 6022/5782/5028 6044/5804/5046 6045/5805/4869
f 6018/5778/5024 6046/5806/5047 6044/5804/5046
f 6018/5778/5024 6044/5804/5046 6025/5785/5030
f 6036/5796/5040 6043/5803/5045 6044/5804/5046
f 6036/5796/5040 6044/5804/5046 6046/5806/5047
f 6042/5802/5042 6045/5805/4869 6044/5804/5046
f 6042/5802/5042 6044/5804/5046 6043/5803/5045
f 5545/5309/4564 5578/5342/4597 6047/5807/5048
f 5545/5309/4564 6047/5807/5048 6016/5776/5022
f 5582/5346/4601 6037/5797/5041 6047/5807/5048
f 5582/5346/4601 6047/5807/5048 5578/5342/4597
f 6036/5796/5040 6046/5806/5047 6047/5807/5048
f 6036/5796/5040 6047/5807/5048 6037/5797/5041
f 6018/5778/5024 6016/5776/5022 6047/5807/5048
f 6018/5778/5024 6047/5807/5048 6046/5806/5047
f 5633/5397/4652 6048/5808/5049 6049/5809/5050
f 5633/5397/4652 6049/5809/5050 5634/5398/4653
f 6050/5810/5051 6051/5811/5052 6049/5809/5050
f 6050/5810/5051 6049/5809/5050 6048/5808/5049
f 6052/5812/5053 6053/5813/5054 6049/5809/5050
f 6052/5812/5053 6049/5809/5050 6051/5811/5052
f 5626/5390/4645 5634/5398/4653 6049/5809/5050
f 5626/5390/4645 6049/5809/5050 6053/5813/5054
f 6054/5814/4905 6055/5815/4908 6056/5816/5055
f 6054/5814/4905 6056/5816/5055 6057/5817/5056
f 6058/5818/5057 6059/5819/5058 6056/5816/5055
f 6058/5818/5057 6056/5816/5055 6055/5815/4908
f 6052/5812/5053 6051/5811/5052 6056/5816/5055
f 6052/5812/5053 6056/5816/5055 6059/5819/5058
f 6050/5810/5051 6057/5817/5056 6056/5816/5055
f 6050/5810/5051 6056/5816/5055 6051/5811/5052
f 6038/5798/4888 6041/5801/5044 6060/5820/5059
f 6038/5798/4888 6060/5820/5059 6061/5821/4900
f 6034/5794/5038 6062/5822/5060 6060/5820/5059
f 6034/5794/5038 6060/5820/5059 6041/5801/5044
f 6052/5812/5053 6059/5819/5058 6060/5820/5059
f 6052/5812/5053 6060/5820/5059 6062/5822/5060
f 6058/5818/5057 6061/5821/4900 6060/5820/5059
f 6058/5818/5057 6060/5820/5059 6059/5819/5058
f 5589/5353/4608 5622/5386/4641 6063/5823/5061
f 5589/5353/4608 6063/5823/5061 6032/5792/5036
f 5626/5390/4645 6053/5813/5054 6063/5823/5061
f 5626/5390/4645 6063/5823/5061 5622/5386/4641
f 6052/5812/5053 6062/5822/5060 6063/5823/5061
f 6052/5812/5053 6063/5823/5061 6053/5813/5054
f 6034/5794/5038 6032/5792/5036 6063/5823/5061
f 6034/5794/5038 6063/5823/5061 6062/5822/5060
f 5677/5441/4696 6064/5824/5062 6065/5825/5063
f 5677/5441/4696 6065/5825/5063 5678/5442/4697
f 6066/5826/5064 6067/5827/5065 6065/5825/5063
f 6066/5826/5064 6065/5825/5063 6064/5824/5062
f 6068/5828/5066 6069/5829/5067 6065/5825/5063
f 6068/5828/5066 6065/5825/5063 6067/5827/5065
f 5670/5434/4689 5678/5442/4697 6065/5825/5063
f 5670/5434/4689 6065/5825/5063 6069/5829/5067
f 6070/5830/4927 6071/5831/5068 6072/5832/5069
f 6070/5830/4927 6072/5832/5069 6073/5833/5070
f 6074/5834/5071 6075/5835/5072 6072/5832/5069
f 6074/5834/5071 6072/5832/5069 6071/5831/5068
f 6068/5828/5066 6067/5827/5065 6072/5832/5069
f 6068/5828/5066 6072/5832/5069 6075/5835/5072
f 6066/5826/5064 6073/5833/5070 6072/5832/5069
f 6066/5826/5064 6072/5832/5069 6067/5827/5065
f 6054/5814/4905 6057/5817/5056 6076/5836/5073
f 6054/5814/4905 6076/5836/5073 6077/5837/4923
f 6050/5810/5051 6078/5838/5074 6076/5836/5073
f 6050/5810/5051 6076/5836/5073 6057/5817/5056
f 6068/5828/5066 6075/5835/5072 6076/5836/5073
f 6068/5828/5066 6076/5836/5073 6078/5838/5074
f 6074/5834/5071 6077/5837/4923 6076/5836/5073
f 6074/5834/5071 6076/5836/5073 6075/5835/5072
f 5633/5397/4652 5666/5430/4685 6079/5839/5075
f 5633/5397/4652 6079/5839/5075 6048/5808/5049
f 5670/5434/4689 6069/5829/5067 6079/5839/5075
f 5670/5434/4689 6079/5839/5075 5666/5430/4685
f 6068/5828/5066 6078/5838/5074 6079/5839/5075
f 6068/5828/5066 6079/5839/5075 6069/5829/5067
f 6050/5810/5051 6048/5808/5049 6079/5839/5075
f 6050/5810/5051 6079/5839/5075 6078/5838/5074
f 5721/5485/4740 6080/5840/5076 6081/5841/5077
f 5721/5485/4740 6081/5841/5077 5722/5486/4741
f 6082/5842/5078 6083/5843/5079 6081/5841/5077
f 6082/5842/5078 6081/5841/5077 6080/5840/5076
f 6084/5844/5080 6085/5845/5081 6081/5841/5077
f 6084/5844/5080 6081/5841/5077 6083/5843/5079
f 5714/5478/4733 5722/5486/4741 6081/5841/5077
f 5714/5478/4733 6081/5841/5077 6085/5845/5081
f 6086/5846/5082 6087/5847/5083 6088/5848/5084
f 6086/5846/5082 6088/5848/5084 6089/5849/5085
f 6090/5850/5086 6091/5851/5087 6088/5848/5084
f 6090/5850/5086 6088/5848/5084 6087/5847/5083
f 6084/5844/5080 6083/5843/5079 6088/5848/5084
f 6084/5844/5080 6088/5848/5084 6091/5851/5087
f 6082/5842/5078 6089/5849/5085 6088/5848/5084
f 6082/5842/5078 6088/5848/5084 6083/5843/5079
f 6070/5830/4927 6073/5833/5070 6092/5852/5088
f 6070/5830/4927 6092/5852/5088 6093/5853/4940
f 6066/5826/5064 6094/5854/5089 6092/5852/5088
f 6066/5826/5064 6092/5852/5088 6073/5833/5070
f 6084/5844/5080 6091/5851/5087 6092/5852/5088
f 6084/5844/5080 6092/5852/5088 6094/5854/5089
f 6090/5850/5086 6093/5853/4940 6092/5852/5088
f 6090/5850/5086 6092/5852/5088 6091/5851/5087
f 5677/5441/4696 5710/5474/4729 6095/5855/5090
f 5677/5441/4696 6095/5855/5090 6064/5824/5062
f 5714/5478/4733 6085/5845/5081 6095/5855/5090
f 5714/5478/4733 6095/5855/5090 5710/5474/4729
f 6084/5844/5080 6094/5854/5089 6095/5855/5090
f 6084/5844/5080 6095/5855/5090 6085/5845/5081
f 6066/5826/5064 6064/5824/5062 6095/5855/5090
f 6066/5826/5064 6095/5855/5090 6094/5854/5089
f 4673/4442/3703 5968/5728/4980 6096/5856/5091
f 4673/4442/3703 6096/5856/5091 5759/5523/4778
f 5962/5722/4975 6097/5857/5092 6096/5856/5091
f 5962/5722/4975 6096/5856/5091 5968/5728/4980
f 6098/5858/5093 6099/5859/5094 6096/5856/5091
f 6098/5858/5093 6096/5856/5091 6097/5857/5092
f 5754/5518/4773 5759/5523/4778 6096/5856/5091
f 5754/5518/4773 6096/5856/5091 6099/5859/5094
f 5958/5718/4972 6100/5860/5095 6101/5861/5096
f 5958/5718/4972 6101/5861/5096 5959/5719/4973
f 6102/5862/5097 6103/5863/5098 6101/5861/5096
f 6102/5862/5097 6101/5861/5096 6100/5860/5095
f 6098/5858/5093 6097/5857/5092 6101/5861/5096
f 6098/5858/5093 6101/5861/5096 6103/5863/5098
f 5962/5722/4975 5959/5719/4973 6101/5861/5096
f 5962/5722/4975 6101/5861/5096 6097/5857/5092
f 6086/5846/5082 6089/5849/5085 6104/5864/5099
f 6086/5846/5082 6104/5864/5099 6105/5865/5100
f 6082/5842/5078 6106/5866/5101 6104/5864/5099
f 6082/5842/5078 6104/5864/5099 6089/5849/5085
f 6098/5858/5093 6103/5863/5098 6104/5864/5099
f 6098/5858/5093 6104/5864/5099 6106/5866/5101
f 6102/5862/5097 6105/5865/5100 6104/5864/5099
f 6102/5862/5097 6104/5864/5099 6103/5863/5098
f 5721/5485/4740 5750/5514/4769 6107/5867/5102
f 5721/5485/4740 6107/5867/5102 6080/5840/5076
f 5754/5518/4773 6099/5859/5094 6107/5867/5102
f 5754/5518/4773 6107/5867/5102 5750/5514/4769
f 6098/5858/5093 6106/5866/5101 6107/5867/5102
f 6098/5858/5093 6107/5867/5102 6099/5859/5094
f 6082/5842/5078 6080/5840/5076 6107/5867/5102
f 6082/5842/5078 6107/5867/5102 6106/5866/5101
f 4746/4510/3774 6108/5868/5103 6109/5869/5104
f 4746/4510/3774 6109/5869/5104 4747/4511/3775
f 6110/5870/5105 6111/5871/5106 6109/5869/5104
f 6110/5870/5105 6109/5869/5104 6108/5868/5103
f 6112/5872/5107 6113/5873/5108 6109/5869/5104
f 6112/5872/5107 6109/5869/5104 6111/5871/5106
f 4750/4514/3778 4747/4511/3775 6109/5869/5104
f 4750/4514/3778 6109/5869/5104 6113/5873/5108
f 6114/5874/5109 6115/5875/5110 6116/5876/5111
f 6114/5874/5109 6116/5876/5111 6117/5877/5112
f 6118/5878/5113 6119/5879/5114 6116/5876/5111
f 6118/5878/5113 6116/5876/5111 6115/5875/5110
f 6112/5872/5107 6111/5871/5106 6120/5880/5115
f 6112/5872/5107 6120/5880/5115 6121/5881/5116
f 6110/5870/5105 6122/5882/5117 6120/5880/5115
f 6110/5870/5105 6120/5880/5115 6111/5871/5106
f 4752/4516/3780 4755/4519/3783 6123/5883/5118
f 4752/4516/3780 6123/5883/5118 6124/5884/5119
f 4759/4523/3786 6125/5885/5120 6123/5883/5118
f 4759/4523/3786 6123/5883/5118 4755/4519/3783
f 6126/5886/5121 6119/5879/5114 6123/5883/5118
f 6126/5886/5121 6123/5883/5118 6125/5885/5120
f 6118/5878/5113 6124/5884/5119 6123/5883/5118
f 6118/5878/5113 6123/5883/5118 6119/5879/5114
f 4752/4516/3780 6124/5884/5119 6127/5887/5122
f 4752/4516/3780 6127/5887/5122 4771/4535/3798
f 6118/5878/5113 6128/5888/5123 6127/5887/5122
f 6118/5878/5113 6127/5887/5122 6124/5884/5119
f 6129/5889/5124 6130/5890/5125 6127/5887/5122
f 6129/5889/5124 6127/5887/5122 6128/5888/5123
f 4773/4537/3800 4771/4535/3798 6127/5887/5122
f 4773/4537/3800 6127/5887/5122 6130/5890/5125
f 6114/5874/5109 6131/5891/5126 6132/5892/5127
f 6114/5874/5109 6132/5892/5127 6115/5875/5110
f 6133/5893/5128 6134/5894/5129 6132/5892/5127
f 6133/5893/5128 6132/5892/5127 6135/5895/5130
f 6129/5889/5124 6128/5888/5123 6132/5892/5127
f 6129/5889/5124 6132/5892/5127 6134/5894/5129
f 6118/5878/5113 6115/5875/5110 6132/5892/5127
f 6118/5878/5113 6132/5892/5127 6128/5888/5123
f 6136/5896/5131 6137/5897/5132 6138/5898/5133
f 6136/5896/5131 6138/5898/5133 6139/5899/5134
f 6140/5900/5135 6141/5901/5136 6138/5898/5133
f 6140/5900/5135 6138/5898/5133 6137/5897/5132
f 6129/5889/5124 6134/5894/5129 6138/5898/5133
f 6129/5889/5124 6138/5898/5133 6141/5901/5136
f 6133/5893/5128 6139/5899/5134 6138/5898/5133
f 6133/5893/5128 6138/5898/5133 6134/5894/5129
f 4775/4539/3802 4778/4542/3805 6142/5902/5137
f 4775/4539/3802 6142/5902/5137 6143/5903/5138
f 4773/4537/3800 6130/5890/5125 6142/5902/5137
f 4773/4537/3800 6142/5902/5137 4778/4542/3805
f 6129/5889/5124 6141/5901/5136 6142/5902/5137
f 6129/5889/5124 6142/5902/5137 6130/5890/5125
f 6140/5900/5135 6143/5903/5138 6142/5902/5137
f 6140/5900/5135 6142/5902/5137 6141/5901/5136
f 4775/4539/3802 6143/5903/5138 6144/5904/5139
f 4775/4539/3802 6144/5904/5139 4791/4555/3818
f 6140/5900/5135 6145/5905/5140 6144/5904/5139
f 6140/5900/5135 6144/5904/5139 6143/5903/5138
f 6146/5906/5141 6147/5907/5142 6144/5904/5139
f 6146/5906/5141 6144/5904/5139 6145/5905/5140
f 4793/4557/3820 4791/4555/3818 6144/5904/5139
f 4793/4557/3820 6144/5904/5139 6147/5907/5142
f 6136/5896/5131 6148/5908/5143 6149/5909/5144
f 6136/5896/5131 6149/5909/5144 6137/5897/5132
f 6150/5910/5145 6151/5911/5146 6152/5912/5147
f 6150/5910/5145 6152/5912/5147 6153/5913/5143
f 6146/5906/5141 6145/5905/5140 6149/5909/5144
f 6146/5906/5141 6149/5909/5144 6154/5914/5148
f 6140/5900/5135 6137/5897/5132 6149/5909/5144
f 6140/5900/5135 6149/5909/5144 6145/5905/5140
f 6155/5915/5149 6156/5916/5150 6157/5917/5151
f 6155/5915/5149 6157/5917/5151 6158/5918/5152
f 6159/5919/5153 6160/5920/5154 6162/5921/5155
f 6159/5919/5153 6162/5921/5155 6163/5922/5156
f 6146/5906/5141 6154/5914/5148 6164/5923/5157
f 6146/5906/5141 6164/5923/5157 6161/5920/5158
f 6150/5910/5145 6158/5918/5152 6157/5917/5151
f 6150/5910/5145 6157/5917/5151 6151/5911/5146
f 4795/4559/3822 4798/4562/3825 6165/5924/5159
f 4795/4559/3822 6165/5924/5159 6166/5925/5160
f 4793/4557/3820 6147/5907/5142 6167/5926/5159
f 4793/4557/3820 6167/5926/5159 4798/4562/3825
f 6146/5906/5141 6161/5920/5158 6167/5926/5159
f 6146/5906/5141 6167/5926/5159 6147/5907/5142
f 6159/5919/5153 6166/5925/5160 6165/5924/5159
f 6159/5919/5153 6165/5924/5159 6160/5920/5154
f 4795/4559/3822 6166/5925/5160 6168/5927/5161
f 4795/4559/3822 6168/5927/5161 4815/4579/3839
f 6159/5919/5153 6169/5928/5162 6168/5927/5161
f 6159/5919/5153 6168/5927/5161 6166/5925/5160
f 6170/5929/5163 6171/5930/5164 6168/5927/5161
f 6170/5929/5163 6168/5927/5161 6169/5928/5162
f 4817/4581/3841 4815/4579/3839 6168/5927/5161
f 4817/4581/3841 6168/5927/5161 6171/5930/5164
f 6155/5915/5149 6172/5931/5165 6173/5932/5166
f 6155/5915/5149 6173/5932/5166 6156/5916/5150
f 6174/5933/5167 6175/5934/5168 6173/5932/5166
f 6174/5933/5167 6173/5932/5166 6172/5931/5165
f 6170/5929/5163 6169/5928/5162 6176/5935/5169
f 6170/5929/5163 6176/5935/5169 6177/5936/5170
f 6159/5919/5153 6163/5922/5156 6176/5935/5169
f 6159/5919/5153 6176/5935/5169 6169/5928/5162
f 6178/5937/5171 6179/5938/5172 6180/5939/5173
f 6178/5937/5171 6180/5939/5173 6181/5940/5174
f 6182/5941/5175 6183/5942/5176 6184/5943/5177
f 6182/5941/5175 6184/5943/5177 6185/5944/5178
f 6170/5929/5163 6177/5936/5170 6184/5943/5177
f 6170/5929/5163 6184/5943/5177 6183/5942/5176
f 6174/5933/5167 6181/5940/5174 6180/5939/5173
f 6174/5933/5167 6180/5939/5173 6175/5934/5168
f 4819/4583/3843 4822/4586/3846 6186/5945/5179
f 4819/4583/3843 6186/5945/5179 6187/5946/5180
f 4817/4581/3841 6171/5930/5164 6186/5945/5179
f 4817/4581/3841 6186/5945/5179 4822/4586/3846
f 6170/5929/5163 6183/5942/5176 6186/5945/5179
f 6170/5929/5163 6186/5945/5179 6171/5930/5164
f 6188/5947/5181 6187/5946/5180 6186/5945/5179
f 6188/5947/5181 6186/5945/5179 6183/5942/5176
f 4819/4583/3843 6187/5946/5180 6189/5948/5182
f 4819/4583/3843 6189/5948/5182 4836/4600/3860
f 6182/5941/5175 6190/5949/5183 6189/5948/5182
f 6182/5941/5175 6189/5948/5182 6187/5946/5180
f 6191/5950/5184 6192/5951/5185 6189/5948/5182
f 6191/5950/5184 6189/5948/5182 6190/5949/5183
f 4838/4602/3862 4836/4600/3860 6189/5948/5182
f 4838/4602/3862 6189/5948/5182 6192/5951/5185
f 6178/5937/5171 6193/5952/5186 6194/5953/5187
f 6178/5937/5171 6194/5953/5187 6179/5938/5172
f 6195/5954/5188 6196/5955/5189 6194/5953/5187
f 6195/5954/5188 6194/5953/5187 6193/5952/5186
f 6191/5950/5184 6190/5949/5183 6197/5956/5190
f 6191/5950/5184 6197/5956/5190 6198/5957/5191
f 6182/5941/5175 6185/5944/5178 6197/5956/5190
f 6182/5941/5175 6197/5956/5190 6190/5949/5183
f 6199/5958/5192 6200/5959/5193 6201/5960/5194
f 6199/5958/5192 6201/5960/5194 6202/5961/5195
f 6203/5962/5196 6204/5963/5197 6205/5964/5198
f 6203/5962/5196 6205/5964/5198 6206/5965/5199
f 6191/5950/5184 6207/5966/5200 6205/5964/5198
f 6191/5950/5184 6205/5964/5198 6204/5963/5197
f 6195/5954/5188 6202/5961/5195 6201/5960/5194
f 6195/5954/5188 6201/5960/5194 6196/5955/5189
f 4842/4606/3864 4845/4609/3867 6208/5967/5201
f 4842/4606/3864 6208/5967/5201 6209/5968/5202
f 4838/4602/3862 6192/5951/5185 6208/5967/5201
f 4838/4602/3862 6208/5967/5201 4845/4609/3867
f 6191/5950/5184 6204/5963/5197 6208/5967/5201
f 6191/5950/5184 6208/5967/5201 6192/5951/5185
f 6203/5962/5196 6209/5968/5202 6208/5967/5201
f 6203/5962/5196 6208/5967/5201 6204/5963/5197
f 4842/4606/3864 6209/5968/5202 6210/5969/5203
f 4842/4606/3864 6210/5969/5203 4858/4622/3880
f 6203/5962/5196 6211/5970/5204 6210/5969/5203
f 6203/5962/5196 6210/5969/5203 6209/5968/5202
f 6212/5971/5205 6213/5972/5206 6210/5969/5203
f 6212/5971/5205 6210/5969/5203 6211/5970/5204
f 4860/4624/3882 4858/4622/3880 6210/5969/5203
f 4860/4624/3882 6210/5969/5203 6213/5972/5206
f 6199/5958/5192 6214/5973/5207 6215/5974/5208
f 6199/5958/5192 6215/5974/5208 6200/5959/5193
f 6216/5975/5209 6217/5976/5210 6215/5974/5208
f 6216/5975/5209 6215/5974/5208 6214/5973/5207
f 6212/5971/5205 6211/5970/5204 6218/5977/5210
f 6212/5971/5205 6218/5977/5210 6219/5978/5211
f 6203/5962/5196 6206/5965/5199 6218/5977/5210
f 6203/5962/5196 6218/5977/5210 6211/5970/5204
f 6220/5979/5212 6221/5980/5213 6222/5981/5210
f 6220/5979/5212 6222/5981/5210 6223/5982/5214
f 6224/5983/5215 6225/5984/5204 6226/5985/5210
f 6224/5983/5215 6226/5985/5210 6227/5986/5213
f 6212/5971/5205 6219/5978/5211 6226/5985/5210
f 6212/5971/5205 6226/5985/5210 6225/5984/5204
f 6216/5975/5209 6223/5982/5214 6222/5981/5210
f 6216/5975/5209 6222/5981/5210 6217/5976/5210
f 4862/4626/3884 4865/4629/3887 6228/5987/5216
f 4862/4626/3884 6228/5987/5216 6229/5988/5217
f 4860/4624/3882 6213/5972/5206 6228/5987/5216
f 4860/4624/3882 6228/5987/5216 4865/4629/3887
f 6212/5971/5205 6225/5984/5204 6228/5987/5216
f 6212/5971/5205 6228/5987/5216 6213/5972/5206
f 6224/5983/5215 6229/5988/5217 6228/5987/5216
f 6224/5983/5215 6228/5987/5216 6225/5984/5204
f 4862/4626/3884 6229/5988/5217 6230/5989/5218
f 4862/4626/3884 6230/5989/5218 4878/4642/3900
f 6224/5983/5215 6231/5990/5219 6230/5989/5218
f 6224/5983/5215 6230/5989/5218 6229/5988/5217
f 6232/5991/5220 6233/5992/5221 6230/5989/5218
f 6232/5991/5220 6230/5989/5218 6231/5990/5219
f 4880/4644/3902 4878/4642/3900 6230/5989/5218
f 4880/4644/3902 6230/5989/5218 6233/5992/5221
f 6220/5979/5212 6234/5993/5222 6235/5994/5223
f 6220/5979/5212 6235/5994/5223 6221/5980/5213
f 6236/5995/5224 6237/5996/5225 6235/5994/5223
f 6236/5995/5224 6235/5994/5223 6234/5993/5222
f 6232/5991/5220 6231/5990/5219 6238/5997/5223
f 6232/5991/5220 6238/5997/5223 6239/5998/5226
f 6224/5983/5215 6227/5986/5213 6238/5997/5223
f 6224/5983/5215 6238/5997/5223 6231/5990/5219
f 6240/5999/5227 6241/6000/5228 6242/6001/5229
f 6240/5999/5227 6242/6001/5229 6243/6002/5230
f 6244/6003/5231 6245/6004/5232 6246/6005/5233
f 6244/6003/5231 6246/6005/5233 6247/6006/5234
f 6232/5991/5220 6239/5998/5226 6246/6005/5233
f 6232/5991/5220 6246/6005/5233 6245/6004/5232
f 6236/5995/5224 6243/6002/5230 6242/6001/5229
f 6236/5995/5224 6242/6001/5229 6237/5996/5225
f 4882/4646/3904 4885/4649/3907 6248/6007/5235
f 4882/4646/3904 6248/6007/5235 6249/6008/5236
f 4880/4644/3902 6233/5992/5221 6248/6007/5235
f 4880/4644/3902 6248/6007/5235 4885/4649/3907
f 6232/5991/5220 6245/6004/5232 6248/6007/5235
f 6232/5991/5220 6248/6007/5235 6233/5992/5221
f 6244/6003/5231 6249/6008/5236 6248/6007/5235
f 6244/6003/5231 6248/6007/5235 6245/6004/5232
f 4882/4646/3904 6249/6008/5236 6250/6009/5237
f 4882/4646/3904 6250/6009/5237 4898/4662/3920
f 6244/6003/5231 6251/6010/5238 6250/6009/5237
f 6244/6003/5231 6250/6009/5237 6249/6008/5236
f 6252/6011/5239 6253/6012/5240 6250/6009/5237
f 6252/6011/5239 6250/6009/5237 6251/6010/5238
f 4900/4664/3922 4898/4662/3920 6250/6009/5237
f 4900/4664/3922 6250/6009/5237 6253/6012/5240
f 6240/5999/5227 6254/6013/5241 6255/6014/5242
f 6240/5999/5227 6255/6014/5242 6241/6000/5228
f 6256/6015/5243 6257/6016/5244 6255/6014/5242
f 6256/6015/5243 6255/6014/5242 6254/6013/5241
f 6252/6011/5239 6251/6010/5238 6258/6017/5245
f 6252/6011/5239 6258/6017/5245 6259/6018/5246
f 6244/6003/5231 6247/6006/5234 6258/6017/5245
f 6244/6003/5231 6258/6017/5245 6251/6010/5238
f 6260/6019/5247 6261/6020/5248 6262/6021/5249
f 6260/6019/5247 6262/6021/5249 6263/6022/5250
f 6264/6023/5251 6265/6024/5252 6266/6025/5253
f 6264/6023/5251 6266/6025/5253 6267/6026/5254
f 6252/6011/5239 6259/6018/5246 6266/6025/5253
f 6252/6011/5239 6266/6025/5253 6265/6024/5252
f 6256/6015/5243 6263/6022/5250 6262/6021/5249
f 6256/6015/5243 6262/6021/5249 6257/6016/5244
f 4902/4666/3924 4905/4669/3927 6268/6027/5255
f 4902/4666/3924 6268/6027/5255 6269/6028/5256
f 4900/4664/3922 6253/6012/5240 6268/6027/5255
f 4900/4664/3922 6268/6027/5255 4905/4669/3927
f 6252/6011/5239 6265/6024/5252 6268/6027/5255
f 6252/6011/5239 6268/6027/5255 6253/6012/5240
f 6264/6023/5251 6269/6028/5256 6268/6027/5255
f 6264/6023/5251 6268/6027/5255 6265/6024/5252
f 4902/4666/3924 6269/6028/5256 6270/6029/5257
f 4902/4666/3924 6270/6029/5257 4918/4682/3940
f 6264/6023/5251 6271/6030/5258 6270/6029/5257
f 6264/6023/5251 6270/6029/5257 6269/6028/5256
f 6272/6031/5259 6273/6032/5260 6270/6029/5257
f 6272/6031/5259 6270/6029/5257 6271/6030/5258
f 4920/4684/3942 4918/4682/3940 6270/6029/5257
f 4920/4684/3942 6270/6029/5257 6273/6032/5260
f 6260/6019/5247 6274/6033/5261 6275/6034/5262
f 6260/6019/5247 6275/6034/5262 6261/6020/5248
f 6276/6035/5263 6277/6036/5264 6275/6034/5262
f 6276/6035/5263 6275/6034/5262 6274/6033/5261
f 6272/6031/5259 6271/6030/5258 6278/6037/5262
f 6272/6031/5259 6278/6037/5262 6279/6038/5265
f 6264/6023/5251 6267/6026/5254 6278/6037/5262
f 6264/6023/5251 6278/6037/5262 6271/6030/5258
f 6280/6039/5266 6281/6040/5267 6282/6041/5268
f 6280/6039/5266 6282/6041/5268 6283/6042/5269
f 6284/6043/5270 6285/6044/5271 6282/6041/5268
f 6284/6043/5270 6282/6041/5268 6281/6040/5267
f 6272/6031/5259 6279/6038/5265 6282/6041/5268
f 6272/6031/5259 6282/6041/5268 6285/6044/5271
f 6276/6035/5263 6286/6045/5272 6287/6046/5273
f 6276/6035/5263 6287/6046/5273 6277/6036/5264
f 4922/4686/3944 4925/4689/3947 6288/6047/5274
f 4922/4686/3944 6288/6047/5274 6289/6048/5275
f 4920/4684/3942 6273/6032/5260 6288/6047/5274
f 4920/4684/3942 6288/6047/5274 4925/4689/3947
f 6272/6031/5259 6285/6044/5271 6288/6047/5274
f 6272/6031/5259 6288/6047/5274 6273/6032/5260
f 6284/6043/5270 6289/6048/5275 6288/6047/5274
f 6284/6043/5270 6288/6047/5274 6285/6044/5271
f 4922/4686/3944 6289/6048/5275 6290/6049/5276
f 4922/4686/3944 6290/6049/5276 4938/4702/3960
f 6284/6043/5270 6291/6050/5277 6290/6049/5276
f 6284/6043/5270 6290/6049/5276 6289/6048/5275
f 6292/6051/5278 6293/6052/5279 6290/6049/5276
f 6292/6051/5278 6290/6049/5276 6291/6050/5277
f 4940/4704/3962 4938/4702/3960 6290/6049/5276
f 4940/4704/3962 6290/6049/5276 6293/6052/5279
f 6280/6039/5266 6294/6053/5280 6295/6054/5281
f 6280/6039/5266 6295/6054/5281 6281/6040/5267
f 6296/6055/5282 6297/6056/5283 6295/6054/5281
f 6296/6055/5282 6295/6054/5281 6294/6053/5280
f 6292/6051/5278 6291/6050/5277 6295/6054/5281
f 6292/6051/5278 6295/6054/5281 6297/6056/5283
f 6284/6043/5270 6281/6040/5267 6295/6054/5281
f 6284/6043/5270 6295/6054/5281 6291/6050/5277
f 6298/6057/5284 6299/6058/5285 6300/6059/5286
f 6298/6057/5284 6300/6059/5286 6301/6060/5287
f 6302/6061/5288 6303/6062/5289 6304/6063/5290
f 6302/6061/5288 6304/6063/5290 6305/6064/5285
f 6292/6051/5278 6297/6056/5283 6304/6063/5290
f 6292/6051/5278 6304/6063/5290 6303/6062/5289
f 6306/6065/5291 6301/6060/5287 6300/6059/5286
f 6306/6065/5291 6300/6059/5286 6307/6066/5292
f 4942/4706/3964 4945/4709/3967 6308/6067/5293
f 4942/4706/3964 6308/6067/5293 6309/6068/5294
f 4940/4704/3962 6293/6052/5279 6308/6067/5293
f 4940/4704/3962 6308/6067/5293 4945/4709/3967
f 6292/6051/5278 6303/6062/5289 6308/6067/5293
f 6292/6051/5278 6308/6067/5293 6293/6052/5279
f 6302/6061/5288 6309/6068/5294 6308/6067/5293
f 6302/6061/5288 6308/6067/5293 6303/6062/5289
f 4942/4706/3964 6309/6068/5294 6310/6069/5295
f 4942/4706/3964 6310/6069/5295 4969/4733/3990
f 6302/6061/5288 6311/6070/5296 6310/6069/5295
f 6302/6061/5288 6310/6069/5295 6309/6068/5294
f 6312/6071/5297 6313/6072/5298 6310/6069/5295
f 6312/6071/5297 6310/6069/5295 6311/6070/5296
f 4971/4735/3992 4969/4733/3990 6310/6069/5295
f 4971/4735/3992 6310/6069/5295 6313/6072/5298
f 6314/6073/5299 6315/6074/5300 6316/6075/5301
f 6314/6073/5299 6316/6075/5301 6305/6064/5285
f 6317/6076/5302 6318/6077/5303 6319/6078/5304
f 6317/6076/5302 6319/6078/5304 6320/6079/5305
f 6321/6080/5306 6322/6081/5307 6319/6078/5304
f 6321/6080/5306 6319/6078/5304 6318/6077/5303
f 6302/6061/5288 6305/6064/5285 6316/6075/5301
f 6302/6061/5288 6316/6075/5301 6311/6070/5296
f 4973/4737/3994 4976/4740/3997 6323/6082/5308
f 4973/4737/3994 6323/6082/5308 6324/6083/5309
f 4981/4745/4002 6325/6084/5310 6323/6082/5308
f 4981/4745/4002 6323/6082/5308 4976/4740/3997
f 6321/6080/5306 6318/6077/5303 6323/6082/5308
f 6321/6080/5306 6323/6082/5308 6325/6084/5310
f 6317/6076/5302 6324/6083/5309 6323/6082/5308
f 6317/6076/5302 6323/6082/5308 6318/6077/5303
f 5023/4787/4044 6326/6085/5311 6327/6086/5312
f 5023/4787/4044 6327/6086/5312 5024/4788/4045
f 6328/6087/5313 6329/6088/5314 6327/6086/5312
f 6328/6087/5313 6327/6086/5312 6326/6085/5311
f 6330/6089/5315 6331/6090/5316 6327/6086/5312
f 6330/6089/5315 6327/6086/5312 6329/6088/5314
f 5016/4780/4037 5024/4788/4045 6327/6086/5312
f 5016/4780/4037 6327/6086/5312 6331/6090/5316
f 6332/6091/5317 6333/6092/5134 6334/6093/5318
f 6332/6091/5317 6334/6093/5318 6335/6094/5319
f 6336/6095/5320 6337/6096/5321 6334/6093/5318
f 6336/6095/5320 6334/6093/5318 6333/6092/5134
f 6330/6089/5315 6329/6088/5314 6334/6093/5318
f 6330/6089/5315 6334/6093/5318 6337/6096/5321
f 6328/6087/5313 6335/6094/5319 6334/6093/5318
f 6328/6087/5313 6334/6093/5318 6329/6088/5314
f 6338/6097/5322 6122/5882/5117 6339/6098/5323
f 6338/6097/5322 6339/6098/5323 6340/6099/5126
f 6110/5870/5105 6341/6100/5324 6339/6098/5323
f 6110/5870/5105 6339/6098/5323 6122/5882/5117
f 6330/6089/5315 6337/6096/5321 6339/6098/5323
f 6330/6089/5315 6339/6098/5323 6341/6100/5324
f 6336/6095/5320 6340/6099/5126 6339/6098/5323
f 6336/6095/5320 6339/6098/5323 6337/6096/5321
f 4746/4510/3774 5012/4776/4033 6342/6101/5325
f 4746/4510/3774 6342/6101/5325 6108/5868/5103
f 5016/4780/4037 6331/6090/5316 6342/6101/5325
f 5016/4780/4037 6342/6101/5325 5012/4776/4033
f 6330/6089/5315 6341/6100/5324 6342/6101/5325
f 6330/6089/5315 6342/6101/5325 6331/6090/5316
f 6110/5870/5105 6108/5868/5103 6342/6101/5325
f 6110/5870/5105 6342/6101/5325 6341/6100/5324
f 5068/4832/4089 6343/6102/5326 6344/6103/5327
f 5068/4832/4089 6344/6103/5327 5069/4833/4090
f 6345/6104/5328 6346/6105/5329 6344/6103/5327
f 6345/6104/5328 6344/6103/5327 6343/6102/5326
f 6347/6106/5330 6348/6107/5331 6344/6103/5327
f 6347/6106/5330 6344/6103/5327 6346/6105/5329
f 5061/4825/4082 5069/4833/4090 6344/6103/5327
f 5061/4825/4082 6344/6103/5327 6348/6107/5331
f 6155/5915/5149 6158/5918/5152 6349/6108/5332
f 6155/5915/5149 6349/6108/5332 6350/6109/5333
f 6150/5910/5145 6351/6110/5334 6349/6108/5332
f 6150/5910/5145 6349/6108/5332 6158/5918/5152
f 6347/6106/5330 6346/6105/5329 6349/6108/5332
f 6347/6106/5330 6349/6108/5332 6351/6110/5334
f 6345/6104/5328 6350/6109/5333 6349/6108/5332
f 6345/6104/5328 6349/6108/5332 6346/6105/5329
f 6332/6091/5317 6335/6094/5319 6352/6111/5335
f 6332/6091/5317 6352/6111/5335 6153/5913/5143
f 6328/6087/5313 6353/6112/5336 6352/6111/5335
f 6328/6087/5313 6352/6111/5335 6335/6094/5319
f 6347/6106/5330 6351/6110/5334 6352/6111/5335
f 6347/6106/5330 6352/6111/5335 6353/6112/5336
f 6150/5910/5145 6153/5913/5143 6352/6111/5335
f 6150/5910/5145 6352/6111/5335 6351/6110/5334
f 5023/4787/4044 5057/4821/4078 6354/6113/5337
f 5023/4787/4044 6354/6113/5337 6326/6085/5311
f 5061/4825/4082 6348/6107/5331 6354/6113/5337
f 5061/4825/4082 6354/6113/5337 5057/4821/4078
f 6347/6106/5330 6353/6112/5336 6354/6113/5337
f 6347/6106/5330 6354/6113/5337 6348/6107/5331
f 6328/6087/5313 6326/6085/5311 6354/6113/5337
f 6328/6087/5313 6354/6113/5337 6353/6112/5336
f 5112/4876/4133 6355/6114/5338 6356/6115/5339
f 5112/4876/4133 6356/6115/5339 5113/4877/4134
f 6357/6116/5340 6358/6117/5341 6356/6115/5339
f 6357/6116/5340 6356/6115/5339 6355/6114/5338
f 6359/6118/5342 6360/6119/5343 6356/6115/5339
f 6359/6118/5342 6356/6115/5339 6358/6117/5341
f 5105/4869/4126 5113/4877/4134 6356/6115/5339
f 5105/4869/4126 6356/6115/5339 6360/6119/5343
f 6178/5937/5171 6181/5940/5174 6361/6120/5344
f 6178/5937/5171 6361/6120/5344 6362/6121/5345
f 6174/5933/5167 6363/6122/5346 6361/6120/5344
f 6174/5933/5167 6361/6120/5344 6181/5940/5174
f 6359/6118/5342 6358/6117/5341 6361/6120/5344
f 6359/6118/5342 6361/6120/5344 6363/6122/5346
f 6357/6116/5340 6362/6121/5345 6361/6120/5344
f 6357/6116/5340 6361/6120/5344 6358/6117/5341
f 6155/5915/5149 6350/6109/5333 6364/6123/5347
f 6155/5915/5149 6364/6123/5347 6172/5931/5165
f 6345/6104/5328 6365/6124/5348 6364/6123/5347
f 6345/6104/5328 6364/6123/5347 6350/6109/5333
f 6359/6118/5342 6363/6122/5346 6364/6123/5347
f 6359/6118/5342 6364/6123/5347 6365/6124/5348
f 6174/5933/5167 6172/5931/5165 6364/6123/5347
f 6174/5933/5167 6364/6123/5347 6363/6122/5346
f 5068/4832/4089 5101/4865/4122 6366/6125/5349
f 5068/4832/4089 6366/6125/5349 6343/6102/5326
f 5105/4869/4126 6360/6119/5343 6366/6125/5349
f 5105/4869/4126 6366/6125/5349 5101/4865/4122
f 6359/6118/5342 6365/6124/5348 6366/6125/5349
f 6359/6118/5342 6366/6125/5349 6360/6119/5343
f 6345/6104/5328 6343/6102/5326 6366/6125/5349
f 6345/6104/5328 6366/6125/5349 6365/6124/5348
f 5156/4920/4177 6367/6126/5350 6368/6127/5351
f 5156/4920/4177 6368/6127/5351 5157/4921/4178
f 6369/6128/5352 6370/6129/5353 6368/6127/5351
f 6369/6128/5352 6368/6127/5351 6367/6126/5350
f 6371/6130/5354 6372/6131/5355 6368/6127/5351
f 6371/6130/5354 6368/6127/5351 6370/6129/5353
f 5149/4913/4170 5157/4921/4178 6368/6127/5351
f 5149/4913/4170 6368/6127/5351 6372/6131/5355
f 6199/5958/5192 6202/5961/5195 6373/6132/5356
f 6199/5958/5192 6373/6132/5356 6374/6133/5357
f 6195/5954/5188 6375/6134/5358 6373/6132/5356
f 6195/5954/5188 6373/6132/5356 6202/5961/5195
f 6371/6130/5354 6370/6129/5353 6373/6132/5356
f 6371/6130/5354 6373/6132/5356 6375/6134/5358
f 6369/6128/5352 6374/6133/5357 6373/6132/5356
f 6369/6128/5352 6373/6132/5356 6370/6129/5353
f 6178/5937/5171 6362/6121/5345 6376/6135/5359
f 6178/5937/5171 6376/6135/5359 6193/5952/5186
f 6357/6116/5340 6377/6136/5360 6376/6135/5359
f 6357/6116/5340 6376/6135/5359 6362/6121/5345
f 6371/6130/5354 6375/6134/5358 6376/6135/5359
f 6371/6130/5354 6376/6135/5359 6377/6136/5360
f 6195/5954/5188 6193/5952/5186 6376/6135/5359
f 6195/5954/5188 6376/6135/5359 6375/6134/5358
f 5112/4876/4133 5145/4909/4166 6378/6137/5361
f 5112/4876/4133 6378/6137/5361 6355/6114/5338
f 5149/4913/4170 6372/6131/5355 6378/6137/5361
f 5149/4913/4170 6378/6137/5361 5145/4909/4166
f 6371/6130/5354 6377/6136/5360 6378/6137/5361
f 6371/6130/5354 6378/6137/5361 6372/6131/5355
f 6357/6116/5340 6355/6114/5338 6378/6137/5361
f 6357/6116/5340 6378/6137/5361 6377/6136/5360
f 5200/4964/4221 6379/6138/5362 6380/6139/5363
f 5200/4964/4221 6380/6139/5363 5201/4965/4222
f 6381/6140/5364 6382/6141/5365 6380/6139/5363
f 6381/6140/5364 6380/6139/5363 6379/6138/5362
f 6383/6142/5366 6384/6143/5367 6380/6139/5363
f 6383/6142/5366 6380/6139/5363 6382/6141/5365
f 5193/4957/4214 5201/4965/4222 6380/6139/5363
f 5193/4957/4214 6380/6139/5363 6384/6143/5367
f 6220/5979/5212 6223/5982/5214 6385/6144/5368
f 6220/5979/5212 6385/6144/5368 6386/6145/5369
f 6216/5975/5209 6387/6146/5370 6385/6144/5368
f 6216/5975/5209 6385/6144/5368 6223/5982/5214
f 6383/6142/5366 6382/6141/5365 6385/6144/5368
f 6383/6142/5366 6385/6144/5368 6387/6146/5370
f 6381/6140/5364 6386/6145/5369 6385/6144/5368
f 6381/6140/5364 6385/6144/5368 6382/6141/5365
f 6199/5958/5192 6374/6133/5357 6388/6147/5371
f 6199/5958/5192 6388/6147/5371 6214/5973/5207
f 6369/6128/5352 6389/6148/5372 6388/6147/5371
f 6369/6128/5352 6388/6147/5371 6374/6133/5357
f 6383/6142/5366 6387/6146/5370 6388/6147/5371
f 6383/6142/5366 6388/6147/5371 6389/6148/5372
f 6216/5975/5209 6214/5973/5207 6388/6147/5371
f 6216/5975/5209 6388/6147/5371 6387/6146/5370
f 5156/4920/4177 5189/4953/4210 6390/6149/5373
f 5156/4920/4177 6390/6149/5373 6367/6126/5350
f 5193/4957/4214 6384/6143/5367 6390/6149/5373
f 5193/4957/4214 6390/6149/5373 5189/4953/4210
f 6383/6142/5366 6389/6148/5372 6390/6149/5373
f 6383/6142/5366 6390/6149/5373 6384/6143/5367
f 6369/6128/5352 6367/6126/5350 6390/6149/5373
f 6369/6128/5352 6390/6149/5373 6389/6148/5372
f 5244/5008/4265 6391/6150/5374 6392/6151/5375
f 5244/5008/4265 6392/6151/5375 5245/5009/4266
f 6393/6152/5376 6394/6153/5377 6392/6151/5375
f 6393/6152/5376 6392/6151/5375 6391/6150/5374
f 6395/6154/5378 6396/6155/5379 6392/6151/5375
f 6395/6154/5378 6392/6151/5375 6394/6153/5377
f 5237/5001/4258 5245/5009/4266 6392/6151/5375
f 5237/5001/4258 6392/6151/5375 6396/6155/5379
f 6240/5999/5227 6243/6002/5230 6397/6156/5380
f 6240/5999/5227 6397/6156/5380 6398/6157/5381
f 6236/5995/5224 6399/6158/5382 6397/6156/5380
f 6236/5995/5224 6397/6156/5380 6243/6002/5230
f 6395/6154/5378 6394/6153/5377 6397/6156/5380
f 6395/6154/5378 6397/6156/5380 6399/6158/5382
f 6393/6152/5376 6398/6157/5381 6397/6156/5380
f 6393/6152/5376 6397/6156/5380 6394/6153/5377
f 6220/5979/5212 6386/6145/5369 6400/6159/5383
f 6220/5979/5212 6400/6159/5383 6234/5993/5222
f 6381/6140/5364 6401/6160/5384 6400/6159/5383
f 6381/6140/5364 6400/6159/5383 6386/6145/5369
f 6395/6154/5378 6399/6158/5382 6400/6159/5383
f 6395/6154/5378 6400/6159/5383 6401/6160/5384
f 6236/5995/5224 6234/5993/5222 6400/6159/5383
f 6236/5995/5224 6400/6159/5383 6399/6158/5382
f 5200/4964/4221 5233/4997/4254 6402/6161/5385
f 5200/4964/4221 6402/6161/5385 6379/6138/5362
f 5237/5001/4258 6396/6155/5379 6402/6161/5385
f 5237/5001/4258 6402/6161/5385 5233/4997/4254
f 6395/6154/5378 6401/6160/5384 6402/6161/5385
f 6395/6154/5378 6402/6161/5385 6396/6155/5379
f 6381/6140/5364 6379/6138/5362 6402/6161/5385
f 6381/6140/5364 6402/6161/5385 6401/6160/5384
f 5288/5052/4309 6403/6162/5386 6404/6163/5387
f 5288/5052/4309 6404/6163/5387 5289/5053/4310
f 6405/6164/5388 6406/6165/5389 6404/6163/5387
f 6405/6164/5388 6404/6163/5387 6403/6162/5386
f 6407/6166/5390 6408/6167/5391 6404/6163/5387
f 6407/6166/5390 6404/6163/5387 6406/6165/5389
f 5281/5045/4302 5289/5053/4310 6404/6163/5387
f 5281/5045/4302 6404/6163/5387 6408/6167/5391
f 6260/6019/5247 6263/6022/5250 6409/6168/5392
f 6260/6019/5247 6409/6168/5392 6410/6169/5393
f 6256/6015/5243 6411/6170/5394 6409/6168/5392
f 6256/6015/5243 6409/6168/5392 6263/6022/5250
f 6407/6166/5390 6406/6165/5389 6409/6168/5392
f 6407/6166/5390 6409/6168/5392 6411/6170/5394
f 6405/6164/5388 6410/6169/5393 6409/6168/5392
f 6405/6164/5388 6409/6168/5392 6406/6165/5389
f 6240/5999/5227 6398/6157/5381 6412/6171/5395
f 6240/5999/5227 6412/6171/5395 6254/6013/5241
f 6393/6152/5376 6413/6172/5396 6412/6171/5395
f 6393/6152/5376 6412/6171/5395 6398/6157/5381
f 6407/6166/5390 6411/6170/5394 6412/6171/5395
f 6407/6166/5390 6412/6171/5395 6413/6172/5396
f 6256/6015/5243 6254/6013/5241 6412/6171/5395
f 6256/6015/5243 6412/6171/5395 6411/6170/5394
f 5244/5008/4265 5277/5041/4298 6414/6173/5397
f 5244/5008/4265 6414/6173/5397 6391/6150/5374
f 5281/5045/4302 6408/6167/5391 6414/6173/5397
f 5281/5045/4302 6414/6173/5397 5277/5041/4298
f 6407/6166/5390 6413/6172/5396 6414/6173/5397
f 6407/6166/5390 6414/6173/5397 6408/6167/5391
f 6393/6152/5376 6391/6150/5374 6414/6173/5397
f 6393/6152/5376 6414/6173/5397 6413/6172/5396
f 5332/5096/4353 6415/6174/5398 6416/6175/5399
f 5332/5096/4353 6416/6175/5399 5333/5097/4354
f 6417/6176/5400 6418/6177/5401 6416/6175/5399
f 6417/6176/5400 6416/6175/5399 6415/6174/5398
f 6419/6178/5402 6420/6179/5403 6416/6175/5399
f 6419/6178/5402 6416/6175/5399 6418/6177/5401
f 5325/5089/4346 5333/5097/4354 6416/6175/5399
f 5325/5089/4346 6416/6175/5399 6420/6179/5403
f 6421/6180/5404 6286/6045/5272 6422/6181/5405
f 6421/6180/5404 6422/6181/5405 6423/6182/5406
f 6276/6035/5263 6424/6183/5407 6422/6181/5405
f 6276/6035/5263 6422/6181/5405 6286/6045/5272
f 6419/6178/5402 6418/6177/5401 6422/6181/5405
f 6419/6178/5402 6422/6181/5405 6424/6183/5407
f 6417/6176/5400 6423/6182/5406 6422/6181/5405
f 6417/6176/5400 6422/6181/5405 6418/6177/5401
f 6260/6019/5247 6410/6169/5393 6425/6184/5408
f 6260/6019/5247 6425/6184/5408 6274/6033/5261
f 6405/6164/5388 6426/6185/5409 6425/6184/5408
f 6405/6164/5388 6425/6184/5408 6410/6169/5393
f 6419/6178/5402 6424/6183/5407 6425/6184/5408
f 6419/6178/5402 6425/6184/5408 6426/6185/5409
f 6276/6035/5263 6274/6033/5261 6425/6184/5408
f 6276/6035/5263 6425/6184/5408 6424/6183/5407
f 5288/5052/4309 5321/5085/4342 6427/6186/5410
f 5288/5052/4309 6427/6186/5410 6403/6162/5386
f 5325/5089/4346 6420/6179/5403 6427/6186/5410
f 5325/5089/4346 6427/6186/5410 5321/5085/4342
f 6419/6178/5402 6426/6185/5409 6427/6186/5410
f 6419/6178/5402 6427/6186/5410 6420/6179/5403
f 6405/6164/5388 6403/6162/5386 6427/6186/5410
f 6405/6164/5388 6427/6186/5410 6426/6185/5409
f 4973/4737/3994 6324/6083/5309 6428/6187/5411
f 4973/4737/3994 6428/6187/5411 5370/5134/4391
f 6317/6076/5302 6429/6188/5412 6428/6187/5411
f 6317/6076/5302 6428/6187/5411 6324/6083/5309
f 6430/6189/5413 6431/6190/5414 6428/6187/5411
f 6430/6189/5413 6428/6187/5411 6429/6188/5412
f 5365/5129/4386 5370/5134/4391 6428/6187/5411
f 5365/5129/4386 6428/6187/5411 6431/6190/5414
f 6298/6057/5284 6301/6060/5287 6432/6191/5415
f 6298/6057/5284 6432/6191/5415 6320/6079/5305
f 6306/6065/5291 6433/6192/5416 6432/6191/5415
f 6306/6065/5291 6432/6191/5415 6301/6060/5287
f 6430/6189/5413 6429/6188/5412 6432/6191/5415
f 6430/6189/5413 6432/6191/5415 6433/6192/5416
f 6317/6076/5302 6320/6079/5305 6432/6191/5415
f 6317/6076/5302 6432/6191/5415 6429/6188/5412
f 6421/6180/5404 6423/6182/5406 6434/6193/5417
f 6421/6180/5404 6434/6193/5417 6435/6194/5418
f 6417/6176/5400 6436/6195/5419 6434/6193/5417
f 6417/6176/5400 6434/6193/5417 6423/6182/5406
f 6430/6189/5413 6433/6192/5416 6434/6193/5417
f 6430/6189/5413 6434/6193/5417 6436/6195/5419
f 6306/6065/5291 6435/6194/5418 6434/6193/5417
f 6306/6065/5291 6434/6193/5417 6433/6192/5416
f 5332/5096/4353 5361/5125/4382 6437/6196/5420
f 5332/5096/4353 6437/6196/5420 6415/6174/5398
f 5365/5129/4386 6431/6190/5414 6437/6196/5420
f 5365/5129/4386 6437/6196/5420 5361/5125/4382
f 6430/6189/5413 6436/6195/5419 6437/6196/5420
f 6430/6189/5413 6437/6196/5420 6431/6190/5414
f 6417/6176/5400 6415/6174/5398 6437/6196/5420
f 6417/6176/5400 6437/6196/5420 6436/6195/5419
