mtllib material.mtl
usemtl wooden_storage_shelf.002
v -0.78302600 0.21776600 -0.73234800
v -0.72833700 0.21776600 -0.73234800
v -0.72833700 0.17055500 -0.73210100
v -0.78302600 0.17055500 -0.73210100
v -0.78302600 0.16801500 -0.73017500
v -0.72833700 0.16801500 -0.73017500
v -0.72833700 0.17566600 0.72848000
v -0.78302600 0.17566600 0.72848000
v -0.78557600 0.21777600 -0.73043600
v -0.78557600 0.17056500 -0.73018800
v -0.78557600 0.17821600 0.72846600
v -0.78557600 0.22542800 0.72821800
v -0.78302600 0.22797800 0.72820500
v -0.72833700 0.22797800 0.72820500
v -0.72833700 0.22032600 -0.73044900
v -0.78302600 0.22032600 -0.73044900
v -0.72578700 0.21777600 -0.73043600
v -0.72578700 0.22542800 0.72821800
v -0.72578700 0.17821600 0.72846600
v -0.72578700 0.17056500 -0.73018800
v -0.72833700 0.17822600 0.73037900
v -0.72833700 0.22543800 0.73013100
v -0.78302600 0.22543800 0.73013100
v -0.78302600 0.17822600 0.73037900
v -0.03302600 0.21776600 -0.73234800
v 0.02166300 0.21776600 -0.73234800
v 0.02166300 0.17055500 -0.73210100
v -0.03302600 0.17055500 -0.73210100
v -0.03302600 0.16801500 -0.73017500
v 0.02166300 0.16801500 -0.73017500
v 0.02166300 0.17566600 0.72848000
v -0.03302600 0.17566600 0.72848000
v -0.03557600 0.21777600 -0.73043600
v -0.03557600 0.17056500 -0.73018800
v -0.03557600 0.17821600 0.72846600
v -0.03557600 0.22542800 0.72821800
v -0.03302600 0.22797800 0.72820500
v 0.02166300 0.22797800 0.72820500
v 0.02166300 0.22032600 -0.73044900
v -0.03302600 0.22032600 -0.73044900
v 0.02421300 0.21777600 -0.73043600
v 0.02421300 0.22542800 0.72821800
v 0.02421300 0.17821600 0.72846600
v 0.02421300 0.17056500 -0.73018800
v 0.02166300 0.17822600 0.73037900
v 0.02166300 0.22543800 0.73013100
v -0.03302600 0.22543800 0.73013100
v -0.03302600 0.17822600 0.73037900
v 0.71697400 0.21776600 -0.73234800
v 0.77166300 0.21776600 -0.73234800
v 0.77166300 0.17055500 -0.73210100
v 0.71697400 0.17055500 -0.73210100
v 0.77166300 0.16801500 -0.73017500
v 0.77166300 0.17566600 0.72848000
v 0.71697400 0.17566600 0.72848000
v 0.71697400 0.16801500 -0.73017500
v 0.71442400 0.21777600 -0.73043600
v 0.71442400 0.17056500 -0.73018800
v 0.71442400 0.17821600 0.72846600
v 0.71442400 0.22542800 0.72821800
v 0.71697400 0.22797800 0.72820500
v 0.77166300 0.22797800 0.72820500
v 0.77166300 0.22032600 -0.73044900
v 0.71697400 0.22032600 -0.73044900
v 0.77421300 0.21777600 -0.73043600
v 0.77421300 0.22542800 0.72821800
v 0.77421300 0.17821600 0.72846600
v 0.77421300 0.17056500 -0.73018800
v 0.77166300 0.17822600 0.73037900
v 0.77166300 0.22543800 0.73013100
v 0.71697400 0.22543800 0.73013100
v 0.71697400 0.17822600 0.73037900
v -0.78302600 -0.19472800 -0.73018500
v -0.72833700 -0.19472800 -0.73018500
v -0.72833700 -0.24194000 -0.72993700
v -0.78302600 -0.24194000 -0.72993700
v -0.78302600 -0.24448000 -0.72801100
v -0.72833700 -0.24448000 -0.72801100
v -0.72833700 -0.23682800 0.73064300
v -0.78302600 -0.23682800 0.73064300
v -0.78557600 -0.19471800 -0.72827200
v -0.78557600 -0.24193000 -0.72802500
v -0.78557600 -0.23427800 0.73063000
v -0.78557600 -0.18706700 0.73038200
v -0.78302600 -0.18451700 0.73036900
v -0.72833700 -0.18451700 0.73036900
v -0.72833700 -0.19216800 -0.72828600
v -0.78302600 -0.19216800 -0.72828600
v -0.72578700 -0.19471800 -0.72827200
v -0.72578700 -0.18706700 0.73038200
v -0.72578700 -0.23427800 0.73063000
v -0.72578700 -0.24193000 -0.72802500
v -0.72833700 -0.23426800 0.73254200
v -0.72833700 -0.18705700 0.73229500
v -0.78302600 -0.18705700 0.73229500
v -0.78302600 -0.23426800 0.73254200
v -0.03302600 -0.19472800 -0.73018500
v 0.02166300 -0.19472800 -0.73018500
v 0.02166300 -0.24194000 -0.72993700
v -0.03302600 -0.24194000 -0.72993700
v -0.03302600 -0.24448000 -0.72801100
v 0.02166300 -0.24448000 -0.72801100
v 0.02166300 -0.23682800 0.73064300
v -0.03302600 -0.23682800 0.73064300
v -0.03557600 -0.19471800 -0.72827200
v -0.03557600 -0.24193000 -0.72802500
v -0.03557600 -0.23427800 0.73063000
v -0.03557600 -0.18706700 0.73038200
v -0.03302600 -0.18451700 0.73036900
v 0.02166300 -0.18451700 0.73036900
v 0.02166300 -0.19216800 -0.72828600
v -0.03302600 -0.19216800 -0.72828600
v 0.02421300 -0.19471800 -0.72827200
v 0.02421300 -0.18706700 0.73038200
v 0.02421300 -0.23427800 0.73063000
v 0.02421300 -0.24193000 -0.72802500
v 0.02166300 -0.23426800 0.73254200
v 0.02166300 -0.18705700 0.73229500
v -0.03302600 -0.18705700 0.73229500
v -0.03302600 -0.23426800 0.73254200
v 0.71697400 -0.19472800 -0.73018500
v 0.77166300 -0.19472800 -0.73018500
v 0.77166300 -0.24194000 -0.72993700
v 0.71697400 -0.24194000 -0.72993700
v 0.77166300 -0.24448000 -0.72801100
v 0.77166300 -0.23682800 0.73064300
v 0.71697400 -0.23682800 0.73064300
v 0.71697400 -0.24448000 -0.72801100
v 0.71442400 -0.19471800 -0.72827200
v 0.71442400 -0.24193000 -0.72802500
v 0.71442400 -0.23427800 0.73063000
v 0.71442400 -0.18706700 0.73038200
v 0.71697400 -0.18451700 0.73036900
v 0.77166300 -0.18451700 0.73036900
v 0.77166300 -0.19216800 -0.72828600
v 0.71697400 -0.19216800 -0.72828600
v 0.77421300 -0.19471800 -0.72827200
v 0.77421300 -0.18706700 0.73038200
v 0.77421300 -0.23427800 0.73063000
v 0.77421300 -0.24193000 -0.72802500
v 0.77166300 -0.23426800 0.73254200
v 0.77166300 -0.18705700 0.73229500
v 0.71697400 -0.18705700 0.73229500
v 0.71697400 -0.23426800 0.73254200
v 0.72543900 0.17931000 0.01116600
v 0.76319800 0.17931000 0.01116600
v 0.76319800 -0.19568500 0.01313300
v 0.72543900 -0.19568500 0.01313300
v 0.72288900 0.17946800 0.04139800
v 0.72288900 0.17932000 0.01307900
v 0.72288900 -0.19567500 0.01504500
v 0.72288900 -0.19552700 0.04336500
v 0.76319800 0.17947800 0.04331000
v 0.72543900 0.17947800 0.04331000
v 0.72543900 -0.19551700 0.04527700
v 0.76319800 -0.19551700 0.04527700
v 0.76574800 0.17932000 0.01307900
v 0.76574800 0.17946800 0.04139800
v 0.76574800 -0.19552700 0.04336500
v 0.76574800 -0.19567500 0.01504500
v 0.72543900 0.17753900 -0.32632900
v 0.76319800 0.17753900 -0.32632900
v 0.76319800 -0.19745500 -0.32436200
v 0.72543900 -0.19745500 -0.32436200
v 0.72288900 0.17769800 -0.29609800
v 0.72288900 0.17754900 -0.32441700
v 0.72288900 -0.19744500 -0.32245000
v 0.72288900 -0.19729700 -0.29413100
v 0.76319800 0.17770800 -0.29418500
v 0.72543900 0.17770800 -0.29418500
v 0.72543900 -0.19728700 -0.29221800
v 0.76319800 -0.19728700 -0.29221800
v 0.76574800 0.17754900 -0.32441700
v 0.76574800 0.17769800 -0.29609800
v 0.76574800 -0.19729700 -0.29413100
v 0.76574800 -0.19744500 -0.32245000
v 0.72543900 0.18108000 0.34866100
v 0.76319800 0.18108000 0.34866100
v 0.76319800 -0.19391500 0.35062800
v 0.72543900 -0.19391500 0.35062800
v 0.72288900 0.18123800 0.37889300
v 0.72288900 0.18109000 0.35057400
v 0.72288900 -0.19390500 0.35254100
v 0.72288900 -0.19375600 0.38086000
v 0.76319800 0.18124800 0.38080500
v 0.72543900 0.18124800 0.38080500
v 0.72543900 -0.19374600 0.38277200
v 0.76319800 -0.19374600 0.38277200
v 0.76574800 0.18109000 0.35057400
v 0.76574800 0.18123800 0.37889300
v 0.76574800 -0.19375600 0.38086000
v 0.76574800 -0.19390500 0.35254100
v 0.72543900 0.18270300 0.65803200
v 0.76319800 0.18270300 0.65803200
v 0.76319800 -0.19229200 0.65999900
v 0.72543900 -0.19229200 0.65999900
v 0.72288900 0.18286100 0.68826400
v 0.72288900 0.18271300 0.65994500
v 0.72288900 -0.19228200 0.66191100
v 0.72288900 -0.19213400 0.69023000
v 0.76319800 0.18287100 0.69017600
v 0.72543900 0.18287100 0.69017600
v 0.72543900 -0.19212300 0.69214300
v 0.76319800 -0.19212300 0.69214300
v 0.76574800 0.18271300 0.65994500
v 0.76574800 0.18286100 0.68826400
v 0.76574800 -0.19213400 0.69023000
v 0.76574800 -0.19228200 0.66191100
v -0.02456100 0.17931000 0.01116600
v 0.01319800 0.17931000 0.01116600
v 0.01319800 -0.19568500 0.01313300
v -0.02456100 -0.19568500 0.01313300
v -0.02711100 0.17946800 0.04139800
v -0.02711100 0.17932000 0.01307900
v -0.02711100 -0.19567500 0.01504500
v -0.02711100 -0.19552700 0.04336500
v 0.01319800 0.17947800 0.04331000
v -0.02456100 0.17947800 0.04331000
v -0.02456100 -0.19551700 0.04527700
v 0.01319800 -0.19551700 0.04527700
v 0.01574800 0.17932000 0.01307900
v 0.01574800 0.17946800 0.04139800
v 0.01574800 -0.19552700 0.04336500
v 0.01574800 -0.19567500 0.01504500
v -0.02456100 0.17753900 -0.32632900
v 0.01319800 0.17753900 -0.32632900
v 0.01319800 -0.19745500 -0.32436200
v -0.02456100 -0.19745500 -0.32436200
v -0.02711100 0.17769800 -0.29609800
v -0.02711100 0.17754900 -0.32441700
v -0.02711100 -0.19744500 -0.32245000
v -0.02711100 -0.19729700 -0.29413100
v 0.01319800 0.17770800 -0.29418500
v -0.02456100 0.17770800 -0.29418500
v -0.02456100 -0.19728700 -0.29221800
v 0.01319800 -0.19728700 -0.29221800
v 0.01574800 0.17754900 -0.32441700
v 0.01574800 0.17769800 -0.29609800
v 0.01574800 -0.19729700 -0.29413100
v 0.01574800 -0.19744500 -0.32245000
v -0.02456100 0.18108000 0.34866100
v 0.01319800 0.18108000 0.34866100
v 0.01319800 -0.19391500 0.35062800
v -0.02456100 -0.19391500 0.35062800
v -0.02711100 0.18123800 0.37889300
v -0.02711100 0.18109000 0.35057400
v -0.02711100 -0.19390500 0.35254100
v -0.02711100 -0.19375600 0.38086000
v 0.01319800 0.18124800 0.38080500
v -0.02456100 0.18124800 0.38080500
v -0.02456100 -0.19374600 0.38277200
v 0.01319800 -0.19374600 0.38277200
v 0.01574800 0.18109000 0.35057400
v 0.01574800 0.18123800 0.37889300
v 0.01574800 -0.19375600 0.38086000
v 0.01574800 -0.19390500 0.35254100
v -0.02456100 0.18270300 0.65803200
v 0.01319800 0.18270300 0.65803200
v 0.01319800 -0.19229200 0.65999900
v -0.02456100 -0.19229200 0.65999900
v -0.02711100 0.18286100 0.68826400
v -0.02711100 0.18271300 0.65994500
v -0.02711100 -0.19228200 0.66191100
v -0.02711100 -0.19213400 0.69023000
v 0.01319800 0.18287100 0.69017600
v -0.02456100 0.18287100 0.69017600
v -0.02456100 -0.19212300 0.69214300
v 0.01319800 -0.19212300 0.69214300
v 0.01574800 0.18271300 0.65994500
v 0.01574800 0.18286100 0.68826400
v 0.01574800 -0.19213400 0.69023000
v 0.01574800 -0.19228200 0.66191100
v -0.77456100 0.17931000 0.01116600
v -0.73680200 0.17931000 0.01116600
v -0.73680200 -0.19568500 0.01313300
v -0.77456100 -0.19568500 0.01313300
v -0.77711100 0.17946800 0.04139800
v -0.77711100 0.17932000 0.01307900
v -0.77711100 -0.19567500 0.01504500
v -0.77711100 -0.19552700 0.04336500
v -0.73680200 0.17947800 0.04331000
v -0.77456100 0.17947800 0.04331000
v -0.77456100 -0.19551700 0.04527700
v -0.73680200 -0.19551700 0.04527700
v -0.73425200 0.17932000 0.01307900
v -0.73425200 0.17946800 0.04139800
v -0.73425200 -0.19552700 0.04336500
v -0.73425200 -0.19567500 0.01504500
v -0.77456100 0.17753900 -0.32632900
v -0.73680200 0.17753900 -0.32632900
v -0.73680200 -0.19745500 -0.32436200
v -0.77456100 -0.19745500 -0.32436200
v -0.77711100 0.17769800 -0.29609800
v -0.77711100 0.17754900 -0.32441700
v -0.77711100 -0.19744500 -0.32245000
v -0.77711100 -0.19729700 -0.29413100
v -0.73680200 0.17770800 -0.29418500
v -0.77456100 0.17770800 -0.29418500
v -0.77456100 -0.19728700 -0.29221800
v -0.73680200 -0.19728700 -0.29221800
v -0.73425200 0.17754900 -0.32441700
v -0.73425200 0.17769800 -0.29609800
v -0.73425200 -0.19729700 -0.29413100
v -0.73425200 -0.19744500 -0.32245000
v -0.77456100 0.18108000 0.34866100
v -0.73680200 0.18108000 0.34866100
v -0.73680200 -0.19391500 0.35062800
v -0.77456100 -0.19391500 0.35062800
v -0.77711100 0.18123800 0.37889300
v -0.77711100 0.18109000 0.35057400
v -0.77711100 -0.19390500 0.35254100
v -0.77711100 -0.19375600 0.38086000
v -0.73680200 0.18124800 0.38080500
v -0.77456100 0.18124800 0.38080500
v -0.77456100 -0.19374600 0.38277200
v -0.73680200 -0.19374600 0.38277200
v -0.73425200 0.18109000 0.35057400
v -0.73425200 0.18123800 0.37889300
v -0.73425200 -0.19375600 0.38086000
v -0.73425200 -0.19390500 0.35254100
v -0.77456100 0.18270300 0.65803200
v -0.73680200 0.18270300 0.65803200
v -0.73680200 -0.19229200 0.65999900
v -0.77456100 -0.19229200 0.65999900
v -0.77711100 0.18286100 0.68826400
v -0.77711100 0.18271300 0.65994500
v -0.77711100 -0.19228200 0.66191100
v -0.77711100 -0.19213400 0.69023000
v -0.73680200 0.18287100 0.69017600
v -0.77456100 0.18287100 0.69017600
v -0.77456100 -0.19212300 0.69214300
v -0.73680200 -0.19212300 0.69214300
v -0.73425200 0.18271300 0.65994500
v -0.73425200 0.18286100 0.68826400
v -0.73425200 -0.19213400 0.69023000
v -0.73425200 -0.19228200 0.66191100
v -0.79366100 -0.18646700 -0.28842000
v -0.79279800 -0.18642800 -0.28102400
v -0.79279800 -0.07903000 -0.28158700
v -0.79366100 -0.07906800 -0.28898400
v 0.78477000 -0.07906800 -0.28899800
v 0.78477000 -0.07902900 -0.28157300
v 0.78477000 -0.18642800 -0.28101000
v 0.78477000 -0.18646700 -0.28843500
v -0.78991100 -0.06346900 -0.28906600
v -0.78904800 -0.06343000 -0.28166900
v -0.78904800 0.04396900 -0.28223200
v -0.78991100 0.04393000 -0.28962900
v 0.77652000 0.04393000 -0.28964300
v 0.77652000 0.04396900 -0.28221800
v 0.77652000 -0.06343000 -0.28165500
v 0.77652000 -0.06346900 -0.28908000
v -0.77041100 0.05951500 -0.29252300
v -0.76954800 0.05955400 -0.28512700
v -0.76954800 0.16695200 -0.28569000
v -0.77041100 0.16691400 -0.29308700
v 0.78477000 0.16692800 -0.29028800
v 0.78477000 0.16696700 -0.28286300
v 0.78477000 0.05956900 -0.28230000
v 0.78477000 0.05953000 -0.28972500
v -0.81217700 0.23737300 -0.65761300
v -0.71916600 0.23716200 -0.69788700
v -0.71873400 0.22730200 -0.69727500
v -0.81174600 0.22751400 -0.65700100
v -0.03448300 0.23466300 0.35253500
v -0.03425200 0.22739000 0.35257300
v 0.05872800 0.22961400 0.31228600
v 0.05849700 0.23688600 0.31224700
v -0.05800400 0.23858300 0.31125800
v 0.03496500 0.24122900 0.35151500
v 0.03466800 0.24581000 0.35125000
v -0.05830100 0.24316400 0.31099300
v 0.81217500 0.23364100 -0.65773800
v 0.81217500 0.22374100 -0.65768600
v 0.71916400 0.22353000 -0.69796000
v 0.71916400 0.23343000 -0.69801200
v -0.76954800 0.15855200 0.35141900
v -0.77041100 0.16841400 0.35136700
v -0.77041100 0.16799200 0.27081800
v -0.76954800 0.15813000 0.27087000
v 0.78477000 0.17066500 0.34798000
v 0.78477000 0.16076600 0.34803200
v 0.78477000 0.16034300 0.26748300
v 0.78477000 0.17024300 0.26743100
v -0.79366100 -0.18471100 0.04626200
v -0.79279800 -0.18467200 0.05365900
v -0.79279800 -0.07727400 0.05309600
v -0.79366100 -0.07731300 0.04569900
v 0.78477000 -0.07727400 0.05311000
v 0.78477000 -0.18467200 0.05367300
v 0.78477000 -0.18471100 0.04624800
v 0.78477000 -0.07731300 0.04568500
v -0.78991100 -0.06171300 0.04561700
v -0.78904800 -0.06167400 0.05301400
v -0.78904800 0.04572400 0.05245000
v -0.78991100 0.04568600 0.04505400
v 0.77652000 0.04568500 0.04504000
v 0.77652000 0.04572400 0.05246500
v 0.77652000 -0.06167400 0.05302800
v 0.77652000 -0.06171300 0.04560300
v -0.77041100 0.06127100 0.04215900
v -0.76954800 0.06130900 0.04955600
v -0.76954800 0.16870800 0.04899300
v -0.77041100 0.16866900 0.04159600
v 0.78477000 0.16872300 0.05181900
v 0.78477000 0.06132400 0.05238300
v 0.78477000 0.06128500 0.04495800
v 0.78477000 0.16868400 0.04439400
v -0.79366100 -0.18294100 0.38375700
v -0.79279800 -0.18290200 0.39115400
v -0.79279800 -0.07550400 0.39059100
v -0.79366100 -0.07554200 0.38319400
v 0.78477000 -0.07550400 0.39060500
v 0.78477000 -0.18290200 0.39116800
v 0.78477000 -0.18294100 0.38374300
v 0.78477000 -0.07554300 0.38318000
v -0.78991100 -0.05994300 0.38311200
v -0.78904800 -0.05990400 0.39050900
v -0.78904800 0.04749500 0.38994600
v -0.78991100 0.04745600 0.38254900
v 0.77652000 0.04749500 0.38996000
v 0.77652000 -0.05990400 0.39052300
v 0.77652000 -0.05994300 0.38309800
v 0.77652000 0.04745600 0.38253500
v -0.77041100 0.06304100 0.37965500
v -0.76954800 0.06308000 0.38705100
v -0.76954800 0.17047800 0.38648800
v -0.77041100 0.17043900 0.37909100
v 0.78477000 0.17045400 0.38189000
v 0.78477000 0.17049300 0.38931500
v 0.78477000 0.06309400 0.38987800
v 0.78477000 0.06305600 0.38245300
v -0.79366100 -0.18130300 0.69594100
v -0.79279800 -0.18126500 0.70333700
v -0.79279800 -0.07386600 0.70277400
v -0.79366100 -0.07390500 0.69537700
v 0.78477000 -0.07386600 0.70278800
v 0.78477000 -0.18126500 0.70335100
v 0.78477000 -0.18130400 0.69592700
v 0.78477000 -0.07390500 0.69536300
v -0.78991100 -0.05830500 0.69529500
v -0.78904800 -0.05826600 0.70269200
v -0.78904800 0.04913200 0.70212900
v -0.78991100 0.04909300 0.69473200
v 0.77652000 0.04913200 0.70214300
v 0.77652000 -0.05826600 0.70270600
v 0.77652000 -0.05830500 0.69528100
v 0.77652000 0.04909300 0.69471800
v -0.77041100 0.06467800 0.69183800
v -0.76954800 0.06471700 0.69923500
v -0.76954800 0.17211600 0.69867100
v -0.77041100 0.17207700 0.69127500
v 0.78477000 0.17209200 0.69407300
v 0.78477000 0.17213100 0.70149800
v 0.78477000 0.06473200 0.70206100
v 0.78477000 0.06469300 0.69463600
v -0.78754800 0.15647900 -0.32976700
v -0.78841100 0.16634100 -0.32981900
v -0.78841100 0.16591900 -0.41036800
v -0.78754800 0.15605700 -0.41031600
v 0.78477000 0.16111000 -0.32979100
v 0.78477000 0.15121000 -0.32973900
v 0.78477000 0.15078800 -0.41028800
v 0.78477000 0.16068800 -0.41034000
v 0.78222000 -0.18641800 -0.27909700
v 0.78222000 -0.07901900 -0.27966100
v 0.51552000 -0.07901900 -0.27966100
v 0.51552000 -0.18641800 -0.27909700
v -0.48273000 -0.07904900 -0.28528600
v -0.48273000 -0.18644700 -0.28472200
v -0.79002700 -0.07902000 -0.27972800
v -0.79002700 -0.18641800 -0.27916500
v 0.51552000 -0.07651800 -0.28901100
v 0.51552000 -0.07647900 -0.28158700
v 0.78222000 -0.07647900 -0.28158600
v 0.78222000 -0.07651800 -0.28901100
v -0.48270900 -0.07654800 -0.29463600
v -0.48275100 -0.07650900 -0.28721200
v -0.79110600 -0.07651900 -0.28904000
v -0.79024500 -0.07648000 -0.28165100
v 0.51552000 -0.18647700 -0.29034700
v 0.51552000 -0.07907800 -0.29091000
v 0.78222000 -0.07907800 -0.29091000
v 0.78222000 -0.18647700 -0.29034700
v -0.48273000 -0.18650600 -0.29597200
v -0.48273000 -0.07910800 -0.29653500
v -0.79133400 -0.07907900 -0.29093500
v -0.79133400 -0.18647700 -0.29037200
v 0.20952000 0.04644800 -0.28965700
v 0.20952000 0.04655100 -0.28223200
v 0.77397000 0.04651900 -0.28223200
v 0.77397000 0.04648000 -0.28965700
v -0.43396800 0.04638700 -0.29528100
v -0.43399200 0.04580300 -0.28785300
v -0.78735600 0.04641300 -0.28967900
v -0.78649400 0.04658000 -0.28229000
v 0.20952000 -0.06347900 -0.29099200
v 0.20952000 0.04392000 -0.29155600
v 0.77397000 0.04392000 -0.29155600
v 0.77397000 -0.06347900 -0.29099200
v -0.43398000 -0.06350800 -0.29661700
v -0.43398000 0.04389000 -0.29718100
v -0.78758400 0.04392000 -0.29157500
v -0.78758400 -0.06347900 -0.29101100
v -0.31773000 0.05957000 -0.28207500
v -0.31773000 0.16696800 -0.28263800
v -0.76677600 0.16696200 -0.28377800
v -0.76677600 0.05956400 -0.28321500
v 0.24927000 0.16698900 -0.27870100
v 0.24927000 0.06259000 -0.27815300
v 0.78222000 0.05959300 -0.28037700
v 0.78222000 0.16697700 -0.28094000
v -0.76785000 0.16946400 -0.29308600
v -0.76698900 0.16950200 -0.28570500
v -0.31773000 0.16950800 -0.28456400
v -0.31773000 0.16946900 -0.29198900
v 0.24927500 0.16952900 -0.28062700
v 0.24926600 0.16949000 -0.28805200
v 0.78222000 0.16947800 -0.29029100
v 0.78222000 0.16951700 -0.28286600
v -0.31773000 0.05701000 -0.28397400
v -0.76698900 0.05700400 -0.28511500
v -0.76785000 0.05696500 -0.29249600
v -0.31773000 0.05697100 -0.29139900
v 0.24927500 0.06003000 -0.28005300
v 0.24926600 0.05999100 -0.28747700
v 0.78222000 0.05699400 -0.28970100
v 0.78222000 0.05703300 -0.28227600
v -0.43399200 -0.06600900 -0.28726700
v -0.78649400 -0.06598000 -0.28170000
v -0.78735600 -0.06601900 -0.28908900
v -0.43396800 -0.06604800 -0.29469100
v 0.20952000 -0.06598000 -0.28164200
v 0.20952000 -0.06601900 -0.28906600
v 0.77397000 -0.06601900 -0.28906700
v 0.77397000 -0.06598000 -0.28164200
v -0.48275100 -0.18900700 -0.28662100
v -0.79024500 -0.18897800 -0.28106000
v -0.79110600 -0.18901700 -0.28845000
v -0.48270900 -0.18904600 -0.29404600
v 0.51552000 -0.18897800 -0.28099600
v 0.51552000 -0.18901700 -0.28842100
v 0.78222000 -0.18901700 -0.28842100
v 0.78222000 -0.18897800 -0.28099600
v -0.58583600 0.23098400 -0.36355000
v -0.49282500 0.23077300 -0.40382500
v -0.71800200 0.23965100 -0.69638900
v -0.81101300 0.23986200 -0.65611500
v -0.30233600 0.23217500 0.00360100
v -0.21192300 0.23194000 -0.03554900
v 0.05713100 0.23943400 0.31058200
v -0.03583500 0.23715300 0.35086400
v -0.58583600 0.21598400 -0.36347200
v -0.81036000 0.22492300 -0.65518700
v -0.71734900 0.22471200 -0.69546100
v -0.49282500 0.21577300 -0.40374600
v -0.30233600 0.21717500 0.00367900
v -0.21192300 0.21694000 -0.03547000
v 0.05752200 0.22705100 0.31064700
v -0.03544300 0.22477100 0.35093000
v -0.58802900 0.21853900 -0.36250800
v -0.58806000 0.22843900 -0.36260100
v -0.81310200 0.23731200 -0.65499000
v -0.81267200 0.22748300 -0.65437900
v -0.30455800 0.21971500 0.00462800
v -0.30453100 0.22961500 0.00456400
v -0.03799600 0.23458500 0.35184900
v -0.03769900 0.22730200 0.35185800
v -0.49060100 0.21831800 -0.40469500
v -0.71524400 0.22726200 -0.69656600
v -0.71567400 0.23709100 -0.69717700
v -0.49063200 0.22821800 -0.40478800
v -0.20973800 0.21950000 -0.03644500
v -0.20970100 0.22940000 -0.03649800
v 0.05938600 0.23690200 0.30965400
v 0.05968400 0.22961900 0.30966300
v 0.26092500 0.23842700 0.05721600
v 0.16791400 0.23824400 0.01694200
v -0.05719600 0.24563000 0.30918900
v 0.03578300 0.24833300 0.34944900
v 0.54442500 0.23201500 -0.30990700
v 0.45401200 0.23181000 -0.34905700
v 0.71790100 0.23596000 -0.69636400
v 0.81090000 0.23617100 -0.65609500
v -0.31773000 0.15448300 0.35144000
v -0.76677600 0.15600300 0.35143200
v -0.76677600 0.15558100 0.27088300
v -0.31773000 0.15406100 0.27089100
v 0.24927000 0.14923300 0.35146800
v 0.24928100 0.14882300 0.27316900
v 0.78222100 0.15775000 0.26752400
v 0.78222100 0.15817300 0.34806200
v -0.31773000 0.15704300 0.35333900
v -0.31773000 0.16694300 0.35328700
v -0.76785000 0.16840600 0.35328000
v -0.76698900 0.15856400 0.35333100
v 0.24926100 0.15179400 0.35336700
v 0.24928000 0.16169300 0.35331500
v 0.78222000 0.17063200 0.34990900
v 0.78222000 0.16073300 0.34996100
v -0.31773000 0.15660100 0.26896500
v -0.76698900 0.15812100 0.26895700
v -0.76785000 0.16796300 0.26890600
v -0.31773000 0.16650100 0.26891300
v 0.24926100 0.15136300 0.27124300
v 0.24928000 0.16126200 0.27119100
v 0.78222000 0.17019000 0.26554600
v 0.78222000 0.16029100 0.26559800
v 0.78222000 -0.18466200 0.05558500
v 0.78222000 -0.07726400 0.05502200
v 0.51552000 -0.07726400 0.05502200
v 0.51552000 -0.18466200 0.05558500
v -0.48273000 -0.07729300 0.04939700
v -0.48273000 -0.18469200 0.04996100
v -0.79002700 -0.07726400 0.05495500
v -0.79002700 -0.18466300 0.05551800
v 0.51552000 -0.07476300 0.04567100
v 0.51552000 -0.07472400 0.05309600
v 0.78222000 -0.07472400 0.05309600
v 0.78222000 -0.07476300 0.04567100
v -0.48270900 -0.07479200 0.04004700
v -0.48275100 -0.07475300 0.04747100
v -0.79110600 -0.07476300 0.04564300
v -0.79024500 -0.07472400 0.05303200
v 0.51552000 -0.18472100 0.04433600
v 0.51552000 -0.07732300 0.04377200
v 0.78222000 -0.07732300 0.04377200
v 0.78222000 -0.18472100 0.04433600
v -0.48273000 -0.18475100 0.03871100
v -0.48273000 -0.07735200 0.03814700
v -0.79133400 -0.07732300 0.04374700
v -0.79133400 -0.18472100 0.04431100
v 0.20952000 0.04820400 0.04502600
v 0.20952000 0.04830600 0.05245100
v 0.77397000 0.04827400 0.05245100
v 0.77397000 0.04823500 0.04502600
v -0.43396800 0.04814200 0.03940100
v -0.43399200 0.04755900 0.04683000
v -0.78735600 0.04816900 0.04500400
v -0.78649400 0.04833500 0.05239300
v 0.20952000 -0.06172300 0.04369000
v 0.20952000 0.04567500 0.04312700
v 0.77397000 0.04567500 0.04312700
v 0.77397000 -0.06172300 0.04369000
v -0.43398000 -0.06175300 0.03806600
v -0.43398000 0.04564600 0.03750200
v -0.78758400 0.04567500 0.04310800
v -0.78758400 -0.06172300 0.04367100
v -0.31773000 0.06132500 0.05260800
v -0.31773000 0.16872400 0.05204400
v -0.76677600 0.16871800 0.05090400
v -0.76677600 0.06131900 0.05146800
v 0.24927000 0.16874500 0.05598200
v 0.24927000 0.06434600 0.05652900
v 0.78222000 0.06134900 0.05430600
v 0.78222000 0.16873300 0.05374300
v -0.76785000 0.17121900 0.04159700
v -0.76698900 0.17125800 0.04897800
v -0.31773000 0.17126400 0.05011900
v -0.31773000 0.17122500 0.04269400
v 0.24927500 0.17128400 0.05405600
v 0.24926600 0.17124600 0.04663100
v 0.78222000 0.17123400 0.04439200
v 0.78222000 0.17127300 0.05181700
v -0.31773000 0.05876500 0.05070900
v -0.76698900 0.05875900 0.04956800
v -0.76785000 0.05872100 0.04218700
v -0.31773000 0.05872600 0.04328400
v 0.24927500 0.06178600 0.05463000
v 0.24926600 0.06174700 0.04720500
v 0.78222000 0.05875000 0.04498200
v 0.78222000 0.05878900 0.05240700
v -0.43399200 -0.06425400 0.04741600
v -0.78649400 -0.06422400 0.05298300
v -0.78735600 -0.06426300 0.04559400
v -0.43396800 -0.06429300 0.03999200
v 0.20952000 -0.06422400 0.05304100
v 0.20952000 -0.06426300 0.04561600
v 0.77397000 -0.06426300 0.04561600
v 0.77397000 -0.06422400 0.05304100
v -0.48275100 -0.18725200 0.04806100
v -0.79024500 -0.18722300 0.05362200
v -0.79110600 -0.18726100 0.04623300
v -0.48270900 -0.18729100 0.04063700
v 0.51552000 -0.18722200 0.05368600
v 0.51552000 -0.18726100 0.04626200
v 0.78222000 -0.18726100 0.04626100
v 0.78222000 -0.18722200 0.05368600
v 0.78222000 -0.18289200 0.39308100
v 0.78222000 -0.07549400 0.39251700
v 0.51552000 -0.07549400 0.39251700
v 0.51552000 -0.18289200 0.39308100
v -0.48273000 -0.07552300 0.38689200
v -0.48273000 -0.18292100 0.38745600
v -0.79002700 -0.07549400 0.39245000
v -0.79002700 -0.18289200 0.39301300
v 0.51552000 -0.07299300 0.38316700
v 0.51552000 -0.07295400 0.39059100
v 0.78222000 -0.07295400 0.39059200
v 0.78222000 -0.07299300 0.38316700
v -0.48270900 -0.07302200 0.37754200
v -0.48275100 -0.07298300 0.38496600
v -0.79110600 -0.07299300 0.38313800
v -0.79024500 -0.07295400 0.39052800
v 0.51552000 -0.18295100 0.38183100
v 0.51552000 -0.07555300 0.38126800
v 0.78222000 -0.07555300 0.38126800
v 0.78222000 -0.18295100 0.38183100
v -0.48273000 -0.18298100 0.37620600
v -0.48273000 -0.07558200 0.37564300
v -0.79133400 -0.07555300 0.38124300
v -0.79133400 -0.18295100 0.38180600
v 0.20952000 0.04997400 0.38252200
v 0.20952000 0.05007600 0.38994600
v 0.77397000 0.05004500 0.38994600
v 0.77397000 0.05000600 0.38252100
v -0.43396800 0.04991200 0.37689700
v -0.43399200 0.04932900 0.38432500
v -0.78735600 0.04993900 0.38249900
v -0.78649400 0.05010600 0.38988800
v 0.20952000 -0.05995300 0.38118600
v 0.20952000 0.04744600 0.38062200
v 0.77397000 0.04744600 0.38062200
v 0.77397000 -0.05995300 0.38118600
v -0.43398000 -0.05998200 0.37556100
v -0.43398000 0.04741600 0.37499700
v -0.78758400 0.04744600 0.38060300
v -0.78758400 -0.05995300 0.38116700
v -0.31773000 0.06309600 0.39010300
v -0.31773000 0.17049400 0.38954000
v -0.76677600 0.17048800 0.38840000
v -0.76677600 0.06309000 0.38896300
v 0.24927000 0.17051500 0.39347700
v 0.24927000 0.06611600 0.39402500
v 0.78222000 0.06311900 0.39180100
v 0.78222000 0.17050300 0.39123800
v -0.76785000 0.17298900 0.37909200
v -0.76698900 0.17302800 0.38647300
v -0.31773000 0.17303400 0.38761400
v -0.31773000 0.17299500 0.38018900
v 0.24927500 0.17305500 0.39155100
v 0.24926600 0.17301600 0.38412600
v 0.78222000 0.17300400 0.38188700
v 0.78222000 0.17304300 0.38931200
v -0.31773000 0.06053600 0.38820400
v -0.76698900 0.06053000 0.38706400
v -0.76785000 0.06049100 0.37968200
v -0.31773000 0.06049700 0.38077900
v 0.24927500 0.06355600 0.39212500
v 0.24926600 0.06351700 0.38470100
v 0.78222000 0.06052000 0.38247700
v 0.78222000 0.06055900 0.38990200
v -0.43399200 -0.06248300 0.38491100
v -0.78649400 -0.06245400 0.39047800
v -0.78735600 -0.06249300 0.38308900
v -0.43396800 -0.06252200 0.37748700
v 0.20952000 -0.06245400 0.39053600
v 0.20952000 -0.06249300 0.38311200
v 0.77397000 -0.06249300 0.38311200
v 0.77397000 -0.06245400 0.39053600
v -0.48275100 -0.18548200 0.38555700
v -0.79024500 -0.18545200 0.39111800
v -0.79110600 -0.18549100 0.38372800
v -0.48270900 -0.18552000 0.37813200
v 0.51552000 -0.18545200 0.39118200
v 0.51552000 -0.18549100 0.38375700
v 0.78222000 -0.18549100 0.38375700
v 0.78222000 -0.18545200 0.39118200
v 0.78222000 -0.18125500 0.70526400
v 0.78222000 -0.07385600 0.70470100
v 0.51552000 -0.07385600 0.70470100
v 0.51552000 -0.18125400 0.70526400
v -0.48273000 -0.07388600 0.69907600
v -0.48273000 -0.18128400 0.69963900
v -0.79002700 -0.07385600 0.70463300
v -0.79002700 -0.18125500 0.70519600
v 0.51552000 -0.07135500 0.69535000
v 0.51552000 -0.07131600 0.70277500
v 0.78222000 -0.07131600 0.70277500
v 0.78222000 -0.07135500 0.69535000
v -0.48270900 -0.07138500 0.68972500
v -0.48275100 -0.07134600 0.69715000
v -0.79110600 -0.07135500 0.69532100
v -0.79024500 -0.07131600 0.70271100
v 0.51552000 -0.18131300 0.69401400
v 0.51552000 -0.07391500 0.69345100
v 0.78222000 -0.07391500 0.69345100
v 0.78222000 -0.18131400 0.69401400
v -0.48273000 -0.18134300 0.68838900
v -0.48273000 -0.07394500 0.68782600
v -0.79133400 -0.07391500 0.69342600
v -0.79133400 -0.18131400 0.69398900
v 0.20952000 0.05161100 0.69470500
v 0.20952000 0.05171400 0.70212900
v 0.77397000 0.05168200 0.70213000
v 0.77397000 0.05164300 0.69470500
v -0.43396800 0.05155000 0.68908000
v -0.43399200 0.05096600 0.69650900
v -0.78735600 0.05157600 0.69468200
v -0.78649400 0.05174300 0.70207100
v 0.20952000 -0.05831500 0.69336900
v 0.20952000 0.04908300 0.69280500
v 0.77397000 0.04908300 0.69280500
v 0.77397000 -0.05831500 0.69336900
v -0.43398000 -0.05834500 0.68774400
v -0.43398000 0.04905400 0.68718100
v -0.78758400 0.04908300 0.69278600
v -0.78758400 -0.05831500 0.69335000
v -0.31773000 0.06473300 0.70228600
v -0.31773000 0.17213200 0.70172300
v -0.76677600 0.17212600 0.70058300
v -0.76677600 0.06472700 0.70114600
v 0.24927000 0.17215200 0.70566000
v 0.24927000 0.06775400 0.70620800
v 0.78222000 0.06475600 0.70398400
v 0.78222000 0.17214100 0.70342100
v -0.76785000 0.17462700 0.69127500
v -0.76698900 0.17466600 0.69865600
v -0.31773000 0.17467200 0.69979700
v -0.31773000 0.17463300 0.69237200
v 0.24927500 0.17469200 0.70373400
v 0.24926600 0.17465300 0.69631000
v 0.78222000 0.17464200 0.69407000
v 0.78222000 0.17468100 0.70149500
v -0.31773000 0.06217300 0.70038700
v -0.76698900 0.06216700 0.69924700
v -0.76785000 0.06212800 0.69186500
v -0.31773000 0.06213400 0.69296200
v 0.24927500 0.06519400 0.70430900
v 0.24926600 0.06515500 0.69688400
v 0.78222000 0.06215700 0.69466000
v 0.78222000 0.06219600 0.70208500
v -0.43399200 -0.06084600 0.69709500
v -0.78649400 -0.06081700 0.70266100
v -0.78735600 -0.06085500 0.69527200
v -0.43396800 -0.06088500 0.68967000
v 0.20952000 -0.06081600 0.70272000
v 0.20952000 -0.06085500 0.69529500
v 0.77397000 -0.06085500 0.69529500
v 0.77397000 -0.06081600 0.70272000
v -0.48275100 -0.18384400 0.69774000
v -0.79024500 -0.18381500 0.70330100
v -0.79110600 -0.18385400 0.69591100
v -0.48270900 -0.18388300 0.69031500
v 0.51552000 -0.18381400 0.70336500
v 0.51552000 -0.18385300 0.69594000
v 0.78222000 -0.18385300 0.69594000
v 0.78222000 -0.18381500 0.70336500
v -0.31773000 0.15091000 -0.32973800
v -0.78477600 0.15392200 -0.32975400
v -0.78477600 0.15350000 -0.41030300
v -0.31773000 0.15048800 -0.41028700
v 0.24927000 0.14566000 -0.32971000
v 0.24927000 0.14525000 -0.40800900
v 0.78222000 0.14822400 -0.41026400
v 0.78222000 0.14864600 -0.32972600
v -0.31773000 0.15347000 -0.32783900
v -0.31773000 0.16337000 -0.32789100
v -0.78584900 0.16632400 -0.32790600
v -0.78498800 0.15648400 -0.32785500
v 0.24927500 0.14822000 -0.32781100
v 0.24926600 0.15812000 -0.32786300
v 0.78222000 0.16110600 -0.32787900
v 0.78222000 0.15120600 -0.32782700
v -0.31773000 0.15302800 -0.41221300
v -0.78498800 0.15604100 -0.41222800
v -0.78584900 0.16588100 -0.41228000
v -0.31773000 0.16292800 -0.41226500
v 0.24927500 0.14779000 -0.40993500
v 0.24926600 0.15768900 -0.40998700
v 0.78222000 0.16066300 -0.41224200
v 0.78222000 0.15076400 -0.41219000
v 0.77397000 -0.06342000 -0.27974200
v 0.77397000 0.04397900 -0.28030600
v 0.20952000 0.04397900 -0.28030600
v 0.20952000 -0.06342000 -0.27974200
v -0.43398000 0.04319900 -0.28592700
v -0.43398000 -0.06344900 -0.28536700
v -0.78627700 0.04397300 -0.28036700
v -0.78627700 -0.06342000 -0.27980400
v 0.24927000 0.16693000 -0.28995100
v 0.78222000 0.16691800 -0.29219000
v 0.78222000 0.05953400 -0.29162700
v 0.24927000 0.06253100 -0.28940300
v -0.31773000 0.05951100 -0.29332500
v -0.31773000 0.16690900 -0.29388800
v -0.76808400 0.16690400 -0.29498600
v -0.76808400 0.05950500 -0.29442200
v 0.54442500 0.21701600 -0.30982900
v 0.45401200 0.21681000 -0.34897800
v 0.71790100 0.22096000 -0.69628500
v 0.81090000 0.22117100 -0.65601600
v 0.16791400 0.22324500 0.01702000
v 0.26092500 0.22342700 0.05729500
v 0.03640500 0.23863500 0.35000700
v -0.05657400 0.23593200 0.30974700
v 0.54663100 0.21957100 -0.30888300
v 0.81310800 0.22372600 -0.65507300
v 0.81310800 0.23362600 -0.65512500
v 0.54663500 0.22947000 -0.30894000
v 0.26317300 0.23589700 0.05820300
v 0.26311800 0.22599500 0.05818900
v 0.03857300 0.24120900 0.35087000
v 0.03803100 0.24581300 0.35049900
v 0.45180100 0.21935500 -0.34994500
v 0.45180600 0.22925500 -0.35000200
v 0.71569300 0.23340500 -0.69730700
v 0.71569300 0.22350500 -0.69725500
v 0.16574500 0.23567500 0.01601600
v 0.16568700 0.22577400 0.01600700
v -0.05882200 0.23845200 0.30869700
v -0.05936300 0.24305500 0.30832500
v 0.24927000 0.16423300 0.35138900
v 0.78222100 0.17317300 0.34798300
v 0.78222100 0.17275000 0.26744500
v 0.24928100 0.16382300 0.27309000
v -0.31773000 0.16906100 0.27081200
v -0.31773000 0.16948300 0.35136100
v -0.76808400 0.17094600 0.35135400
v -0.76808400 0.17052400 0.27080500
v 0.77397000 -0.06166400 0.05494000
v 0.77397000 0.04573400 0.05437700
v 0.20952000 0.04573400 0.05437700
v 0.20952000 -0.06166400 0.05494000
v -0.43398000 0.04495500 0.04875600
v -0.43398000 -0.06169400 0.04931500
v -0.78627700 0.04572900 0.05431500
v -0.78627700 -0.06166400 0.05487900
v 0.24927000 0.16868600 0.04473200
v 0.78222000 0.16867400 0.04249300
v 0.78222000 0.06129000 0.04305600
v 0.24927000 0.06428700 0.04528000
v -0.31773000 0.06126600 0.04135800
v -0.31773000 0.16866500 0.04079400
v -0.76808400 0.16865900 0.03969700
v -0.76808400 0.06126100 0.04026000
v 0.77397000 -0.05989400 0.39243600
v 0.77397000 0.04750500 0.39187200
v 0.20952000 0.04750500 0.39187200
v 0.20952000 -0.05989400 0.39243600
v -0.43398000 0.04672500 0.38625100
v -0.43398000 -0.05992300 0.38681100
v -0.78627700 0.04749900 0.39181100
v -0.78627700 -0.05989400 0.39237400
v 0.24927000 0.17045600 0.38222700
v 0.78222000 0.17044400 0.37998800
v 0.78222000 0.06306000 0.38055100
v 0.24927000 0.06605700 0.38277500
v -0.31773000 0.06303700 0.37885300
v -0.31773000 0.17043500 0.37829000
v -0.76808400 0.17042900 0.37719200
v -0.76808400 0.06303100 0.37775600
v 0.77397000 -0.05825600 0.70461900
v 0.77397000 0.04914200 0.70405500
v 0.20952000 0.04914200 0.70405500
v 0.20952000 -0.05825600 0.70461900
v -0.43398000 0.04836300 0.69843400
v -0.43398000 -0.05828600 0.69899400
v -0.78627700 0.04913600 0.70399400
v -0.78627700 -0.05825700 0.70455700
v 0.24927000 0.17209300 0.69441000
v 0.78222000 0.17208200 0.69217100
v 0.78222000 0.06469700 0.69273400
v 0.24927000 0.06769500 0.69495800
v -0.31773000 0.06467400 0.69103600
v -0.31773000 0.17207300 0.69047300
v -0.76808400 0.17206700 0.68937600
v -0.76808400 0.06466800 0.68993900
v 0.24927000 0.16066000 -0.32978900
v 0.78222000 0.16364600 -0.32980500
v 0.78222000 0.16322300 -0.41034300
v 0.24927000 0.16024900 -0.40808800
v -0.31773000 0.16548800 -0.41036500
v -0.31773000 0.16591000 -0.32981700
v -0.78608400 0.16886500 -0.32983200
v -0.78608400 0.16844300 -0.41038100
v -0.78302600 0.16864500 -0.73161300
v -0.78462000 0.16896500 -0.73137500
v -0.78493900 0.17055700 -0.73162300
v -0.78493900 0.21776900 -0.73187000
v -0.78462000 0.21936400 -0.73164000
v -0.78302600 0.21968100 -0.73188000
v -0.72833700 0.21968100 -0.73188000
v -0.72674400 0.21936400 -0.73164000
v -0.72642500 0.21776900 -0.73187000
v -0.72642500 0.17055700 -0.73162300
v -0.72674400 0.16896500 -0.73137500
v -0.72833700 0.16864500 -0.73161300
v -0.78302600 0.17631100 0.72991100
v -0.78462000 0.17662800 0.72967000
v -0.78493900 0.17630300 0.72847600
v -0.78493900 0.16865200 -0.73017800
v -0.78462000 0.16896500 -0.73137500
v -0.78302600 0.16864500 -0.73161300
v -0.72833700 0.16864500 -0.73161300
v -0.72674400 0.16896500 -0.73137500
v -0.72642500 0.16865200 -0.73017800
v -0.72642500 0.17630300 0.72847600
v -0.72674400 0.17662800 0.72967000
v -0.72833700 0.17631100 0.72991100
v -0.78493900 0.22543500 0.72965300
v -0.78462000 0.22702800 0.72940500
v -0.78493900 0.22734000 0.72820800
v -0.78493900 0.21968900 -0.73044600
v -0.78462000 0.21936400 -0.73164000
v -0.78493900 0.21776900 -0.73187000
v -0.78493900 0.17055700 -0.73162300
v -0.78462000 0.16896500 -0.73137500
v -0.78493900 0.16865200 -0.73017800
v -0.78493900 0.17630300 0.72847600
v -0.78462000 0.17662800 0.72967000
v -0.78493900 0.17822300 0.72990100
v -0.78302600 0.21968100 -0.73188000
v -0.78462000 0.21936400 -0.73164000
v -0.78493900 0.21968900 -0.73044600
v -0.78493900 0.22734000 0.72820800
v -0.78462000 0.22702800 0.72940500
v -0.78302600 0.22734800 0.72964300
v -0.72833700 0.22734800 0.72964300
v -0.72674400 0.22702800 0.72940500
v -0.72642500 0.22734000 0.72820800
v -0.72642500 0.21968900 -0.73044600
v -0.72674400 0.21936400 -0.73164000
v -0.72833700 0.21968100 -0.73188000
v -0.72642500 0.16865200 -0.73017800
v -0.72674400 0.16896500 -0.73137500
v -0.72642500 0.17055700 -0.73162300
v -0.72642500 0.21776900 -0.73187000
v -0.72674400 0.21936400 -0.73164000
v -0.72642500 0.21968900 -0.73044600
v -0.72642500 0.22734000 0.72820800
v -0.72674400 0.22702800 0.72940500
v -0.72642500 0.22543500 0.72965300
v -0.72642500 0.17822300 0.72990100
v -0.72674400 0.17662800 0.72967000
v -0.72642500 0.17630300 0.72847600
v -0.78493900 0.17822300 0.72990100
v -0.78462000 0.17662800 0.72967000
v -0.78302600 0.17631100 0.72991100
v -0.72833700 0.17631100 0.72991100
v -0.72674400 0.17662800 0.72967000
v -0.72642500 0.17822300 0.72990100
v -0.72642500 0.22543500 0.72965300
v -0.72674400 0.22702800 0.72940500
v -0.72833700 0.22734800 0.72964300
v -0.78302600 0.22734800 0.72964300
v -0.78462000 0.22702800 0.72940500
v -0.78493900 0.22543500 0.72965300
v -0.03302600 0.16864500 -0.73161300
v -0.03462000 0.16896500 -0.73137500
v -0.03493800 0.17055700 -0.73162300
v -0.03493800 0.21776900 -0.73187000
v -0.03462000 0.21936400 -0.73164000
v -0.03302600 0.21968100 -0.73188000
v 0.02166300 0.21968100 -0.73188000
v 0.02325600 0.21936400 -0.73164000
v 0.02357500 0.21776900 -0.73187000
v 0.02357500 0.17055700 -0.73162300
v 0.02325600 0.16896500 -0.73137500
v 0.02166300 0.16864500 -0.73161300
v -0.03302600 0.17631100 0.72991100
v -0.03462000 0.17662800 0.72967000
v -0.03493800 0.17630300 0.72847600
v -0.03493800 0.16865200 -0.73017800
v -0.03462000 0.16896500 -0.73137500
v -0.03302600 0.16864500 -0.73161300
v 0.02166300 0.16864500 -0.73161300
v 0.02325600 0.16896500 -0.73137500
v 0.02357500 0.16865200 -0.73017800
v 0.02357500 0.17630300 0.72847600
v 0.02325600 0.17662800 0.72967000
v 0.02166300 0.17631100 0.72991100
v -0.03493800 0.22543500 0.72965300
v -0.03462000 0.22702800 0.72940500
v -0.03493800 0.22734000 0.72820800
v -0.03493800 0.21968900 -0.73044600
v -0.03462000 0.21936400 -0.73164000
v -0.03493800 0.21776900 -0.73187000
v -0.03493800 0.17055700 -0.73162300
v -0.03462000 0.16896500 -0.73137500
v -0.03493800 0.16865200 -0.73017800
v -0.03493800 0.17630300 0.72847600
v -0.03462000 0.17662800 0.72967000
v -0.03493800 0.17822300 0.72990100
v -0.03302600 0.21968100 -0.73188000
v -0.03462000 0.21936400 -0.73164000
v -0.03493800 0.21968900 -0.73044600
v -0.03493800 0.22734000 0.72820800
v -0.03462000 0.22702800 0.72940500
v -0.03302600 0.22734800 0.72964300
v 0.02166300 0.22734800 0.72964300
v 0.02325600 0.22702800 0.72940600
v 0.02357500 0.22734000 0.72820800
v 0.02357500 0.21968900 -0.73044600
v 0.02325600 0.21936400 -0.73164000
v 0.02166300 0.21968100 -0.73188000
v 0.02357500 0.16865200 -0.73017800
v 0.02325600 0.16896500 -0.73137500
v 0.02357500 0.17055700 -0.73162300
v 0.02357500 0.21776900 -0.73187000
v 0.02325600 0.21936400 -0.73164000
v 0.02357500 0.21968900 -0.73044600
v 0.02357500 0.22734000 0.72820800
v 0.02325600 0.22702800 0.72940600
v 0.02357500 0.22543500 0.72965300
v 0.02357500 0.17822300 0.72990100
v 0.02325600 0.17662800 0.72967000
v 0.02357500 0.17630300 0.72847600
v -0.03493800 0.17822300 0.72990100
v -0.03462000 0.17662800 0.72967000
v -0.03302600 0.17631100 0.72991100
v 0.02166300 0.17631100 0.72991100
v 0.02325600 0.17662800 0.72967000
v 0.02357500 0.17822300 0.72990100
v 0.02357500 0.22543500 0.72965300
v 0.02325600 0.22702800 0.72940600
v 0.02166300 0.22734800 0.72964300
v -0.03302600 0.22734800 0.72964300
v -0.03462000 0.22702800 0.72940500
v -0.03493800 0.22543500 0.72965300
v 0.71697400 0.16864500 -0.73161300
v 0.71538000 0.16896500 -0.73137500
v 0.71506100 0.17055700 -0.73162300
v 0.71506100 0.21776900 -0.73187000
v 0.71538000 0.21936400 -0.73164000
v 0.71697400 0.21968100 -0.73188000
v 0.77166300 0.21968100 -0.73188000
v 0.77325700 0.21936400 -0.73164000
v 0.77357500 0.21776900 -0.73187000
v 0.77357500 0.17055700 -0.73162300
v 0.77325700 0.16896500 -0.73137500
v 0.77166300 0.16864500 -0.73161300
v 0.71506100 0.16865200 -0.73017800
v 0.71538000 0.16896500 -0.73137500
v 0.71697400 0.16864500 -0.73161300
v 0.77166300 0.16864500 -0.73161300
v 0.77325700 0.16896500 -0.73137500
v 0.77357500 0.16865200 -0.73017800
v 0.77357500 0.17630300 0.72847600
v 0.77325700 0.17662800 0.72967000
v 0.77166300 0.17631100 0.72991100
v 0.71697400 0.17631100 0.72991100
v 0.71538000 0.17662800 0.72967000
v 0.71506100 0.17630300 0.72847600
v 0.71506100 0.22543500 0.72965300
v 0.71538000 0.22702800 0.72940500
v 0.71506100 0.22734000 0.72820800
v 0.71506100 0.21968900 -0.73044600
v 0.71538000 0.21936400 -0.73164000
v 0.71506100 0.21776900 -0.73187000
v 0.71506100 0.17055700 -0.73162300
v 0.71538000 0.16896500 -0.73137500
v 0.71506100 0.16865200 -0.73017800
v 0.71506100 0.17630300 0.72847600
v 0.71538000 0.17662800 0.72967000
v 0.71506100 0.17822300 0.72990100
v 0.71697400 0.21968100 -0.73188000
v 0.71538000 0.21936400 -0.73164000
v 0.71506100 0.21968900 -0.73044600
v 0.71506100 0.22734000 0.72820800
v 0.71538000 0.22702800 0.72940500
v 0.71697400 0.22734800 0.72964300
v 0.77166300 0.22734800 0.72964300
v 0.77325700 0.22702800 0.72940500
v 0.77357500 0.22734000 0.72820800
v 0.77357500 0.21968900 -0.73044600
v 0.77325700 0.21936400 -0.73164000
v 0.77166300 0.21968100 -0.73188000
v 0.77357500 0.16865200 -0.73017800
v 0.77325700 0.16896500 -0.73137500
v 0.77357500 0.17055700 -0.73162300
v 0.77357500 0.21776900 -0.73187000
v 0.77325700 0.21936400 -0.73164000
v 0.77357500 0.21968900 -0.73044600
v 0.77357500 0.22734000 0.72820800
v 0.77325700 0.22702800 0.72940500
v 0.77357500 0.22543500 0.72965300
v 0.77357500 0.17822300 0.72990100
v 0.77325700 0.17662800 0.72967000
v 0.77357500 0.17630300 0.72847600
v 0.71506100 0.17822300 0.72990100
v 0.71538000 0.17662800 0.72967000
v 0.71697400 0.17631100 0.72991100
v 0.77166300 0.17631100 0.72991100
v 0.77325700 0.17662800 0.72967000
v 0.77357500 0.17822300 0.72990100
v 0.77357500 0.22543500 0.72965300
v 0.77325700 0.22702800 0.72940500
v 0.77166300 0.22734800 0.72964300
v 0.71697400 0.22734800 0.72964300
v 0.71538000 0.22702800 0.72940500
v 0.71506100 0.22543500 0.72965300
v -0.78302600 -0.24385000 -0.72944900
v -0.78462000 -0.24353000 -0.72921200
v -0.78493900 -0.24193700 -0.72945900
v -0.78493900 -0.19472500 -0.72970700
v -0.78462000 -0.19313000 -0.72947600
v -0.78302600 -0.19281300 -0.72971700
v -0.72833700 -0.19281300 -0.72971700
v -0.72674400 -0.19313000 -0.72947600
v -0.72642500 -0.19472500 -0.72970700
v -0.72642500 -0.24193700 -0.72945900
v -0.72674400 -0.24353000 -0.72921200
v -0.72833700 -0.24385000 -0.72944900
v -0.78302600 -0.23618300 0.73207400
v -0.78462000 -0.23586600 0.73183400
v -0.78493900 -0.23619100 0.73064000
v -0.78493900 -0.24384200 -0.72801500
v -0.78462000 -0.24353000 -0.72921200
v -0.78302600 -0.24385000 -0.72944900
v -0.72833700 -0.24385000 -0.72944900
v -0.72674400 -0.24353000 -0.72921200
v -0.72642500 -0.24384200 -0.72801500
v -0.72642500 -0.23619100 0.73064000
v -0.72674400 -0.23586600 0.73183400
v -0.72833700 -0.23618300 0.73207400
v -0.78493900 -0.18705900 0.73181700
v -0.78462000 -0.18546700 0.73156900
v -0.78493900 -0.18515400 0.73037200
v -0.78493900 -0.19280500 -0.72828200
v -0.78462000 -0.19313000 -0.72947600
v -0.78493900 -0.19472500 -0.72970700
v -0.78493900 -0.24193700 -0.72945900
v -0.78462000 -0.24353000 -0.72921200
v -0.78493900 -0.24384200 -0.72801500
v -0.78493900 -0.23619100 0.73064000
v -0.78462000 -0.23586600 0.73183400
v -0.78493900 -0.23427100 0.73206400
v -0.78302600 -0.19281300 -0.72971700
v -0.78462000 -0.19313000 -0.72947600
v -0.78493900 -0.19280500 -0.72828200
v -0.78493900 -0.18515400 0.73037200
v -0.78462000 -0.18546700 0.73156900
v -0.78302600 -0.18514700 0.73180700
v -0.72833700 -0.18514700 0.73180700
v -0.72674400 -0.18546700 0.73156900
v -0.72642500 -0.18515400 0.73037200
v -0.72642500 -0.19280500 -0.72828200
v -0.72674400 -0.19313000 -0.72947600
v -0.72833700 -0.19281300 -0.72971700
v -0.72642500 -0.24384200 -0.72801500
v -0.72674400 -0.24353000 -0.72921200
v -0.72642500 -0.24193700 -0.72945900
v -0.72642500 -0.19472500 -0.72970700
v -0.72674400 -0.19313000 -0.72947600
v -0.72642500 -0.19280500 -0.72828200
v -0.72642500 -0.18515400 0.73037200
v -0.72674400 -0.18546700 0.73156900
v -0.72642500 -0.18705900 0.73181700
v -0.72642500 -0.23427100 0.73206400
v -0.72674400 -0.23586600 0.73183400
v -0.72642500 -0.23619100 0.73064000
v -0.78493900 -0.23427100 0.73206400
v -0.78462000 -0.23586600 0.73183400
v -0.78302600 -0.23618300 0.73207400
v -0.72833700 -0.23618300 0.73207400
v -0.72674400 -0.23586600 0.73183400
v -0.72642500 -0.23427100 0.73206400
v -0.72642500 -0.18705900 0.73181700
v -0.72674400 -0.18546700 0.73156900
v -0.72833700 -0.18514700 0.73180700
v -0.78302600 -0.18514700 0.73180700
v -0.78462000 -0.18546700 0.73156900
v -0.78493900 -0.18705900 0.73181700
v -0.03302600 -0.24385000 -0.72944900
v -0.03462000 -0.24353000 -0.72921200
v -0.03493800 -0.24193700 -0.72945900
v -0.03493800 -0.19472500 -0.72970700
v -0.03462000 -0.19313000 -0.72947600
v -0.03302600 -0.19281300 -0.72971700
v 0.02166300 -0.19281300 -0.72971700
v 0.02325600 -0.19313000 -0.72947600
v 0.02357500 -0.19472500 -0.72970700
v 0.02357500 -0.24193700 -0.72945900
v 0.02325600 -0.24353000 -0.72921200
v 0.02166300 -0.24385000 -0.72944900
v -0.03302600 -0.23618300 0.73207400
v -0.03462000 -0.23586600 0.73183400
v -0.03493800 -0.23619100 0.73064000
v -0.03493800 -0.24384200 -0.72801500
v -0.03462000 -0.24353000 -0.72921200
v -0.03302600 -0.24385000 -0.72944900
v 0.02166300 -0.24385000 -0.72944900
v 0.02325600 -0.24353000 -0.72921200
v 0.02357500 -0.24384200 -0.72801500
v 0.02357500 -0.23619100 0.73064000
v 0.02325600 -0.23586600 0.73183400
v 0.02166300 -0.23618300 0.73207400
v -0.03493800 -0.18705900 0.73181700
v -0.03462000 -0.18546700 0.73156900
v -0.03493800 -0.18515400 0.73037200
v -0.03493800 -0.19280500 -0.72828200
v -0.03462000 -0.19313000 -0.72947600
v -0.03493800 -0.19472500 -0.72970700
v -0.03493800 -0.24193700 -0.72945900
v -0.03462000 -0.24353000 -0.72921200
v -0.03493800 -0.24384200 -0.72801500
v -0.03493800 -0.23619100 0.73064000
v -0.03462000 -0.23586600 0.73183400
v -0.03493800 -0.23427100 0.73206400
v -0.03302600 -0.19281300 -0.72971700
v -0.03462000 -0.19313000 -0.72947600
v -0.03493800 -0.19280500 -0.72828200
v -0.03493800 -0.18515400 0.73037200
v -0.03462000 -0.18546700 0.73156900
v -0.03302600 -0.18514700 0.73180700
v 0.02166300 -0.18514700 0.73180700
v 0.02325600 -0.18546700 0.73156900
v 0.02357500 -0.18515400 0.73037200
v 0.02357500 -0.19280500 -0.72828200
v 0.02325600 -0.19313000 -0.72947600
v 0.02166300 -0.19281300 -0.72971700
v 0.02357500 -0.24384200 -0.72801500
v 0.02325600 -0.24353000 -0.72921200
v 0.02357500 -0.24193700 -0.72945900
v 0.02357500 -0.19472500 -0.72970700
v 0.02325600 -0.19313000 -0.72947600
v 0.02357500 -0.19280500 -0.72828200
v 0.02357500 -0.18515400 0.73037200
v 0.02325600 -0.18546700 0.73156900
v 0.02357500 -0.18705900 0.73181700
v 0.02357500 -0.23427100 0.73206400
v 0.02325600 -0.23586600 0.73183400
v 0.02357500 -0.23619100 0.73064000
v -0.03493800 -0.23427100 0.73206400
v -0.03462000 -0.23586600 0.73183400
v -0.03302600 -0.23618300 0.73207400
v 0.02166300 -0.23618300 0.73207400
v 0.02325600 -0.23586600 0.73183400
v 0.02357500 -0.23427100 0.73206400
v 0.02357500 -0.18705900 0.73181700
v 0.02325600 -0.18546700 0.73156900
v 0.02166300 -0.18514700 0.73180700
v -0.03302600 -0.18514700 0.73180700
v -0.03462000 -0.18546700 0.73156900
v -0.03493800 -0.18705900 0.73181700
v 0.71697400 -0.24385000 -0.72944900
v 0.71538000 -0.24353000 -0.72921200
v 0.71506100 -0.24193700 -0.72945900
v 0.71506100 -0.19472500 -0.72970700
v 0.71538000 -0.19313000 -0.72947600
v 0.71697400 -0.19281300 -0.72971700
v 0.77166300 -0.19281300 -0.72971700
v 0.77325700 -0.19313000 -0.72947600
v 0.77357500 -0.19472500 -0.72970700
v 0.77357500 -0.24193700 -0.72945900
v 0.77325700 -0.24353000 -0.72921200
v 0.77166300 -0.24385000 -0.72944900
v 0.71506100 -0.24384200 -0.72801500
v 0.71538000 -0.24353000 -0.72921200
v 0.71697400 -0.24385000 -0.72944900
v 0.77166300 -0.24385000 -0.72944900
v 0.77325700 -0.24353000 -0.72921200
v 0.77357500 -0.24384200 -0.72801500
v 0.77357500 -0.23619100 0.73064000
v 0.77325700 -0.23586600 0.73183400
v 0.77166300 -0.23618300 0.73207400
v 0.71697400 -0.23618300 0.73207400
v 0.71538000 -0.23586600 0.73183400
v 0.71506100 -0.23619100 0.73064000
v 0.71506100 -0.18705900 0.73181700
v 0.71538000 -0.18546700 0.73156900
v 0.71506100 -0.18515400 0.73037200
v 0.71506100 -0.19280500 -0.72828200
v 0.71538000 -0.19313000 -0.72947600
v 0.71506100 -0.19472500 -0.72970700
v 0.71506100 -0.24193700 -0.72945900
v 0.71538000 -0.24353000 -0.72921200
v 0.71506100 -0.24384200 -0.72801500
v 0.71506100 -0.23619100 0.73064000
v 0.71538000 -0.23586600 0.73183400
v 0.71506100 -0.23427100 0.73206400
v 0.71697400 -0.19281300 -0.72971700
v 0.71538000 -0.19313000 -0.72947600
v 0.71506100 -0.19280500 -0.72828200
v 0.71506100 -0.18515400 0.73037200
v 0.71538000 -0.18546700 0.73156900
v 0.71697400 -0.18514700 0.73180700
v 0.77166300 -0.18514700 0.73180700
v 0.77325700 -0.18546700 0.73156900
v 0.77357500 -0.18515400 0.73037200
v 0.77357500 -0.19280500 -0.72828200
v 0.77325700 -0.19313000 -0.72947600
v 0.77166300 -0.19281300 -0.72971700
v 0.77357500 -0.24384200 -0.72801500
v 0.77325700 -0.24353000 -0.72921200
v 0.77357500 -0.24193700 -0.72945900
v 0.77357500 -0.19472500 -0.72970700
v 0.77325700 -0.19313000 -0.72947600
v 0.77357500 -0.19280500 -0.72828200
v 0.77357500 -0.18515400 0.73037200
v 0.77325700 -0.18546700 0.73156900
v 0.77357500 -0.18705900 0.73181700
v 0.77357500 -0.23427100 0.73206400
v 0.77325700 -0.23586600 0.73183400
v 0.77357500 -0.23619100 0.73064000
v 0.71506100 -0.23427100 0.73206400
v 0.71538000 -0.23586600 0.73183400
v 0.71697400 -0.23618300 0.73207400
v 0.77166300 -0.23618300 0.73207400
v 0.77325700 -0.23586600 0.73183400
v 0.77357500 -0.23427100 0.73206400
v 0.77357500 -0.18705900 0.73181700
v 0.77325700 -0.18546700 0.73156900
v 0.77166300 -0.18514700 0.73180700
v 0.71697400 -0.18514700 0.73180700
v 0.71538000 -0.18546700 0.73156900
v 0.71506100 -0.18705900 0.73181700
v -0.79302200 -0.07715600 -0.28900500
v -0.79284300 -0.07748100 -0.29020000
v -0.79319000 -0.07907600 -0.29042400
v -0.79319000 -0.18647400 -0.28986100
v -0.79284300 -0.18806700 -0.28962000
v -0.79302200 -0.18837900 -0.28842100
v -0.79216000 -0.18834000 -0.28102600
v -0.79170300 -0.18801600 -0.27984300
v -0.79199400 -0.18642100 -0.27960600
v -0.79199400 -0.07902200 -0.28017000
v -0.79170300 -0.07743000 -0.28042300
v -0.79216000 -0.07711700 -0.28161000
v 0.78413300 -0.18837900 -0.28842500
v 0.78381400 -0.18806700 -0.28962200
v 0.78413300 -0.18647400 -0.28986900
v 0.78413300 -0.07907600 -0.29043200
v 0.78381400 -0.07748100 -0.29020200
v 0.78413300 -0.07715600 -0.28900800
v 0.78413300 -0.07711700 -0.28158300
v 0.78381400 -0.07742900 -0.28038600
v 0.78413300 -0.07902200 -0.28013900
v 0.78413300 -0.18642000 -0.27957500
v 0.78381400 -0.18801500 -0.27980600
v 0.78413300 -0.18834000 -0.28100000
v -0.78927200 0.04582600 -0.28964800
v -0.78909300 0.04550500 -0.29084200
v -0.78944100 0.04392200 -0.29106800
v -0.78944100 -0.06347600 -0.29050500
v -0.78909300 -0.06506900 -0.29026300
v -0.78927200 -0.06538100 -0.28906500
v -0.78841000 -0.06534200 -0.28167000
v -0.78795300 -0.06501700 -0.28048600
v -0.78824400 -0.06342200 -0.28025000
v -0.78824400 0.04397500 -0.28081400
v -0.78795300 0.04558000 -0.28106500
v -0.78841000 0.04589600 -0.28225300
v 0.77588300 -0.06538100 -0.28907000
v 0.77556400 -0.06506900 -0.29026700
v 0.77588300 -0.06347600 -0.29051400
v 0.77588300 0.04392200 -0.29107800
v 0.77556400 0.04551700 -0.29084700
v 0.77588300 0.04584200 -0.28965300
v 0.77588300 0.04588100 -0.28222800
v 0.77556400 0.04556900 -0.28103100
v 0.77588300 0.04397600 -0.28078400
v 0.77588300 -0.06342200 -0.28022100
v 0.77556400 -0.06501700 -0.28045100
v 0.77588300 -0.06534200 -0.28164500
v -0.76977100 0.16882600 -0.29309300
v -0.76959200 0.16850100 -0.29428200
v -0.76994000 0.16690600 -0.29451400
v -0.76994000 0.05950800 -0.29395100
v -0.76959200 0.05791500 -0.29370200
v -0.76977100 0.05760300 -0.29251000
v -0.76890800 0.05764100 -0.28511700
v -0.76845200 0.05796600 -0.28392600
v -0.76874400 0.05956100 -0.28369600
v -0.76874400 0.16696000 -0.28425900
v -0.76845200 0.16855300 -0.28450600
v -0.76890800 0.16886500 -0.28570000
v 0.78413300 0.05762100 -0.28971200
v 0.78381400 0.05793500 -0.29090800
v 0.78413300 0.05952600 -0.29115700
v 0.78413300 0.16692100 -0.29172000
v 0.78381400 0.16851600 -0.29148800
v 0.78413300 0.16884100 -0.29029600
v 0.78413300 0.16888000 -0.28287100
v 0.78381400 0.16856700 -0.28167300
v 0.78413300 0.16697500 -0.28142600
v 0.78413300 0.05958000 -0.28086300
v 0.78381400 0.05798700 -0.28109200
v 0.78413300 0.05766000 -0.28228700
v -0.81134300 0.22559600 -0.65646900
v -0.81257700 0.22591300 -0.65568200
v -0.81308100 0.22750900 -0.65586700
v -0.81351300 0.23736000 -0.65647900
v -0.81314800 0.23894200 -0.65649100
v -0.81194200 0.23926500 -0.65731700
v -0.71893000 0.23905400 -0.69759200
v -0.71737500 0.23872400 -0.69796100
v -0.71718900 0.23714100 -0.69818800
v -0.71675800 0.22729000 -0.69757600
v -0.71680500 0.22569500 -0.69715200
v -0.71833200 0.22538500 -0.69674300
v 0.05982300 0.23691700 0.31112100
v 0.05933800 0.23850500 0.31102400
v 0.05811500 0.23879700 0.31182400
v -0.03486100 0.23656000 0.35211000
v -0.03639600 0.23620700 0.35250600
v -0.03646500 0.23461700 0.35284200
v -0.03621700 0.22734200 0.35287300
v -0.03605200 0.22574500 0.35255500
v -0.03450900 0.22546100 0.35216900
v 0.05846700 0.22769900 0.31188300
v 0.05968200 0.22804200 0.31107400
v 0.06007000 0.22964200 0.31115200
v -0.05931500 0.23851600 0.31013900
v -0.05878500 0.23692200 0.31013900
v -0.05756700 0.23664800 0.31095300
v 0.03541000 0.23930900 0.35121300
v 0.03695200 0.23965300 0.35159600
v 0.03697300 0.24125300 0.35183300
v 0.03661500 0.24584500 0.35154200
v 0.03640300 0.24742300 0.35112600
v 0.03486700 0.24771200 0.35072800
v -0.05811000 0.24505200 0.31046800
v -0.05933500 0.24469200 0.30967100
v -0.05967300 0.24310800 0.30984700
v 0.71719200 0.23342100 -0.69831400
v 0.71731000 0.23501300 -0.69799500
v 0.71884800 0.23533700 -0.69760700
v 0.81185600 0.23554900 -0.65733400
v 0.81307700 0.23523000 -0.65652700
v 0.81351300 0.23364000 -0.65660700
v 0.81351300 0.22374000 -0.65655500
v 0.81307700 0.22214300 -0.65645900
v 0.81185600 0.22182400 -0.65726200
v 0.71884800 0.22161200 -0.69753500
v 0.71731000 0.22192600 -0.69792700
v 0.71719200 0.22352100 -0.69826200
v -0.76890800 0.15812300 0.26943500
v -0.76845200 0.15653400 0.26968300
v -0.76874400 0.15622200 0.27088000
v -0.76874400 0.15664500 0.35142900
v -0.76845200 0.15696900 0.35262300
v -0.76890800 0.15856000 0.35285300
v -0.76977100 0.16841700 0.35280200
v -0.76959200 0.17000400 0.35255400
v -0.76994000 0.17031700 0.35135700
v -0.76994000 0.16989500 0.27080800
v -0.76959200 0.16956800 0.26961400
v -0.76977100 0.16798000 0.26938400
v 0.78413300 0.17022500 0.26600400
v 0.78381400 0.17181400 0.26623800
v 0.78413300 0.17214500 0.26742800
v 0.78413300 0.17256700 0.34797400
v 0.78381400 0.17224900 0.34917300
v 0.78413300 0.17066200 0.34941900
v 0.78413300 0.16076200 0.34947100
v 0.78381400 0.15916200 0.34924200
v 0.78413300 0.15884200 0.34804600
v 0.78413300 0.15842000 0.26750000
v 0.78381400 0.15872700 0.26630600
v 0.78413300 0.16032500 0.26605500
v -0.79302200 -0.07540000 0.04567800
v -0.79284300 -0.07572500 0.04448300
v -0.79319000 -0.07732000 0.04425800
v -0.79319000 -0.18471900 0.04482200
v -0.79284300 -0.18631100 0.04506300
v -0.79302200 -0.18662400 0.04626200
v -0.79216000 -0.18658500 0.05365700
v -0.79170300 -0.18626000 0.05484000
v -0.79199400 -0.18466500 0.05507600
v -0.79199400 -0.07726700 0.05451300
v -0.79170300 -0.07567400 0.05426000
v -0.79216000 -0.07536200 0.05307300
v 0.78413300 -0.07732000 0.04425000
v 0.78381400 -0.07572500 0.04448100
v 0.78413300 -0.07540000 0.04567500
v 0.78413300 -0.07536100 0.05310000
v 0.78381400 -0.07567400 0.05429700
v 0.78413300 -0.07726600 0.05454400
v 0.78413300 -0.18466500 0.05510700
v 0.78381400 -0.18626000 0.05487700
v 0.78413300 -0.18658500 0.05368300
v 0.78413300 -0.18662400 0.04625800
v 0.78381400 -0.18631100 0.04506100
v 0.78413300 -0.18471900 0.04481400
v -0.78927200 0.04758100 0.04503500
v -0.78909300 0.04726000 0.04384000
v -0.78944100 0.04567800 0.04361500
v -0.78944100 -0.06172100 0.04417800
v -0.78909300 -0.06331300 0.04442000
v -0.78927200 -0.06362600 0.04561800
v -0.78841000 -0.06358700 0.05301300
v -0.78795300 -0.06326200 0.05419700
v -0.78824400 -0.06166700 0.05443300
v -0.78824400 0.04573000 0.05386900
v -0.78795300 0.04733500 0.05361700
v -0.78841000 0.04765200 0.05242900
v 0.77588300 -0.06362600 0.04561300
v 0.77556400 -0.06331300 0.04441600
v 0.77588300 -0.06172100 0.04416900
v 0.77588300 0.04567800 0.04360500
v 0.77556400 0.04727300 0.04383600
v 0.77588300 0.04759800 0.04503000
v 0.77588300 0.04763700 0.05245400
v 0.77556400 0.04732400 0.05365100
v 0.77588300 0.04573200 0.05389900
v 0.77588300 -0.06166700 0.05446200
v 0.77556400 -0.06326200 0.05423100
v 0.77588300 -0.06358700 0.05303800
v -0.76977100 0.17058200 0.04159000
v -0.76959200 0.17025700 0.04040100
v -0.76994000 0.16866200 0.04016900
v -0.76994000 0.06126300 0.04073200
v -0.76959200 0.05967000 0.04098100
v -0.76977100 0.05935800 0.04217300
v -0.76890800 0.05939700 0.04956600
v -0.76845200 0.05972200 0.05075600
v -0.76874400 0.06131700 0.05098700
v -0.76874400 0.16871500 0.05042300
v -0.76845200 0.17030800 0.05017600
v -0.76890800 0.17062000 0.04898200
v 0.78413300 0.16867600 0.04296300
v 0.78381400 0.17027100 0.04319500
v 0.78413300 0.17059600 0.04438700
v 0.78413300 0.17063500 0.05181200
v 0.78381400 0.17032300 0.05301000
v 0.78413300 0.16873000 0.05325600
v 0.78413300 0.06133500 0.05382000
v 0.78381400 0.05974200 0.05359000
v 0.78413300 0.05941500 0.05239500
v 0.78413300 0.05937600 0.04497000
v 0.78381400 0.05969100 0.04377500
v 0.78413300 0.06128100 0.04352600
v -0.79302200 -0.07363000 0.38317300
v -0.79284300 -0.07395500 0.38197800
v -0.79319000 -0.07555000 0.38175400
v -0.79319000 -0.18294800 0.38231700
v -0.79284300 -0.18454100 0.38255800
v -0.79302200 -0.18485300 0.38375700
v -0.79216000 -0.18481500 0.39115200
v -0.79170300 -0.18449000 0.39233600
v -0.79199400 -0.18289500 0.39257200
v -0.79199400 -0.07549600 0.39200800
v -0.79170300 -0.07390400 0.39175500
v -0.79216000 -0.07359100 0.39056800
v 0.78413300 -0.07555000 0.38174600
v 0.78381400 -0.07395500 0.38197600
v 0.78413300 -0.07363000 0.38317000
v 0.78413300 -0.07359100 0.39059500
v 0.78381400 -0.07390400 0.39179200
v 0.78413300 -0.07549600 0.39203900
v 0.78413300 -0.18289500 0.39260300
v 0.78381400 -0.18449000 0.39237200
v 0.78413300 -0.18481500 0.39117800
v 0.78413300 -0.18485300 0.38375300
v 0.78381400 -0.18454100 0.38255600
v 0.78413300 -0.18294900 0.38230900
v -0.78927200 0.04935200 0.38253000
v -0.78909300 0.04903000 0.38133600
v -0.78944100 0.04744800 0.38111000
v -0.78944100 -0.05995000 0.38167300
v -0.78909300 -0.06154300 0.38191500
v -0.78927200 -0.06185500 0.38311300
v -0.78841000 -0.06181700 0.39050800
v -0.78795300 -0.06149200 0.39169200
v -0.78824400 -0.05989700 0.39192800
v -0.78824400 0.04750100 0.39136500
v -0.78795300 0.04910500 0.39111300
v -0.78841000 0.04942200 0.38992500
v 0.77588300 0.04744800 0.38110100
v 0.77556400 0.04904300 0.38133100
v 0.77588300 0.04936800 0.38252500
v 0.77588300 0.04940700 0.38995000
v 0.77556400 0.04909500 0.39114700
v 0.77588300 0.04750200 0.39139400
v 0.77588300 -0.05989600 0.39195700
v 0.77556400 -0.06149100 0.39172700
v 0.77588300 -0.06181600 0.39053300
v 0.77588300 -0.06185500 0.38310800
v 0.77556400 -0.06154300 0.38191100
v 0.77588300 -0.05995000 0.38166400
v -0.76977100 0.17235200 0.37908500
v -0.76959200 0.17202700 0.37789600
v -0.76994000 0.17043200 0.37766400
v -0.76994000 0.06303300 0.37822700
v -0.76959200 0.06144100 0.37847600
v -0.76977100 0.06112800 0.37966800
v -0.76890800 0.06116700 0.38706100
v -0.76845200 0.06149200 0.38825200
v -0.76874400 0.06308700 0.38848200
v -0.76874400 0.17048600 0.38791900
v -0.76845200 0.17207800 0.38767200
v -0.76890800 0.17239100 0.38647800
v 0.78413300 0.06114700 0.38246600
v 0.78381400 0.06146100 0.38127000
v 0.78413300 0.06305200 0.38102100
v 0.78413300 0.17044700 0.38045800
v 0.78381400 0.17204200 0.38069000
v 0.78413300 0.17236700 0.38188200
v 0.78413300 0.17240500 0.38930700
v 0.78381400 0.17209300 0.39050600
v 0.78413300 0.17050100 0.39075200
v 0.78413300 0.06310600 0.39131500
v 0.78381400 0.06151200 0.39108600
v 0.78413300 0.06118600 0.38989100
v -0.79302200 -0.07199300 0.69535700
v -0.79284300 -0.07231700 0.69416100
v -0.79319000 -0.07391300 0.69393700
v -0.79319000 -0.18131100 0.69450000
v -0.79284300 -0.18290400 0.69474200
v -0.79302200 -0.18321600 0.69594000
v -0.79216000 -0.18317700 0.70333500
v -0.79170300 -0.18285200 0.70451900
v -0.79199400 -0.18125700 0.70475500
v -0.79199400 -0.07385900 0.70419100
v -0.79170300 -0.07226600 0.70393900
v -0.79216000 -0.07195400 0.70275100
v 0.78413300 -0.07391300 0.69392900
v 0.78381400 -0.07231800 0.69416000
v 0.78413300 -0.07199300 0.69535300
v 0.78413300 -0.07195400 0.70277800
v 0.78381400 -0.07226600 0.70397500
v 0.78413300 -0.07385900 0.70422300
v 0.78413300 -0.18125700 0.70478600
v 0.78381400 -0.18285200 0.70455500
v 0.78413300 -0.18317700 0.70336100
v 0.78413300 -0.18321600 0.69593700
v 0.78381400 -0.18290400 0.69474000
v 0.78413300 -0.18131100 0.69449200
v -0.78927200 0.05098900 0.69471300
v -0.78909300 0.05066800 0.69351900
v -0.78944100 0.04908600 0.69329300
v -0.78944100 -0.05831300 0.69385600
v -0.78909300 -0.05990500 0.69409800
v -0.78927200 -0.06021800 0.69529600
v -0.78841000 -0.06017900 0.70269100
v -0.78795300 -0.05985400 0.70387500
v -0.78824400 -0.05825900 0.70411100
v -0.78824400 0.04913800 0.70354800
v -0.78795300 0.05074300 0.70329600
v -0.78841000 0.05106000 0.70210800
v 0.77588300 0.04908600 0.69328400
v 0.77556400 0.05068100 0.69351400
v 0.77588300 0.05100600 0.69470800
v 0.77588300 0.05104500 0.70213300
v 0.77556400 0.05073200 0.70333000
v 0.77588300 0.04914000 0.70357700
v 0.77588300 -0.05825900 0.70414100
v 0.77556400 -0.05985400 0.70391000
v 0.77588300 -0.06017900 0.70271600
v 0.77588300 -0.06021800 0.69529100
v 0.77556400 -0.05990500 0.69409400
v 0.77588300 -0.05831300 0.69384700
v -0.76977100 0.17398900 0.69126800
v -0.76959200 0.17366500 0.69007900
v -0.76994000 0.17206900 0.68984700
v -0.76994000 0.06467100 0.69041100
v -0.76959200 0.06307800 0.69065900
v -0.76977100 0.06276600 0.69185100
v -0.76890800 0.06280500 0.69924400
v -0.76845200 0.06312900 0.70043500
v -0.76874400 0.06472500 0.70066500
v -0.76874400 0.17212300 0.70010200
v -0.76845200 0.17371600 0.69985500
v -0.76890800 0.17402800 0.69866100
v 0.78413300 0.06278400 0.69464900
v 0.78381400 0.06309800 0.69345300
v 0.78413300 0.06468900 0.69320500
v 0.78413300 0.17208400 0.69264100
v 0.78381400 0.17367900 0.69287300
v 0.78413300 0.17400400 0.69406600
v 0.78413300 0.17404300 0.70149000
v 0.78381400 0.17373100 0.70268900
v 0.78413300 0.17213800 0.70293500
v 0.78413300 0.06474300 0.70349800
v 0.78381400 0.06315000 0.70326900
v 0.78413300 0.06282300 0.70207400
v -0.78690800 0.15604800 -0.41175000
v -0.78645200 0.15445800 -0.41150300
v -0.78674400 0.15414700 -0.41030600
v -0.78674400 0.15457000 -0.32975700
v -0.78645200 0.15489300 -0.32856300
v -0.78690800 0.15648500 -0.32833300
v -0.78777100 0.16634200 -0.32838400
v -0.78759200 0.16792700 -0.32863100
v -0.78794100 0.16824200 -0.32982900
v -0.78794100 0.16782000 -0.41037800
v -0.78759200 0.16749200 -0.41157200
v -0.78777100 0.16590400 -0.41180200
v 0.78413300 0.16067700 -0.41177200
v 0.78381400 0.16227000 -0.41154000
v 0.78413300 0.16259700 -0.41034800
v 0.78413300 0.16301900 -0.32980100
v 0.78381400 0.16270500 -0.32860400
v 0.78413300 0.16111400 -0.32835700
v 0.78413300 0.15121400 -0.32830500
v 0.78381400 0.14961800 -0.32853600
v 0.78413300 0.14929400 -0.32972900
v 0.78413300 0.14887200 -0.41027600
v 0.78381400 0.14918300 -0.41147100
v 0.78413300 0.15077700 -0.41172000
v 0.78222000 -0.18833300 -0.27956500
v 0.78381400 -0.18801500 -0.27980600
v 0.78413300 -0.18642000 -0.27957500
v 0.78413300 -0.07902200 -0.28013900
v 0.78381400 -0.07742900 -0.28038600
v 0.78222000 -0.07710900 -0.28014900
v -0.79008100 -0.07711000 -0.28021500
v -0.79170300 -0.07743000 -0.28042300
v -0.79199400 -0.07902200 -0.28017000
v -0.79199400 -0.18642100 -0.27960600
v -0.79170300 -0.18801600 -0.27984300
v -0.79008100 -0.18833300 -0.27963200
v 0.78413300 -0.07715600 -0.28900800
v 0.78381400 -0.07748100 -0.29020200
v 0.78222000 -0.07716300 -0.29044200
v 0.78222000 -0.07710900 -0.28014900
v 0.78381400 -0.07742900 -0.28038600
v 0.78413300 -0.07711700 -0.28158300
v -0.79127700 -0.07716400 -0.29046800
v -0.79284300 -0.07748100 -0.29020000
v -0.79302200 -0.07715600 -0.28900500
v -0.79216000 -0.07711700 -0.28161000
v -0.79170300 -0.07743000 -0.28042300
v -0.79008100 -0.07711000 -0.28021500
v 0.78413300 -0.18647400 -0.28986900
v 0.78381400 -0.18806700 -0.28962200
v 0.78222000 -0.18838700 -0.28985900
v 0.78222000 -0.07716300 -0.29044200
v 0.78381400 -0.07748100 -0.29020200
v 0.78413300 -0.07907600 -0.29043200
v -0.79127700 -0.18838700 -0.28988500
v -0.79284300 -0.18806700 -0.28962000
v -0.79319000 -0.18647400 -0.28986100
v -0.79319000 -0.07907600 -0.29042400
v -0.79284300 -0.07748100 -0.29020000
v -0.79127700 -0.07716400 -0.29046800
v 0.77588300 0.04584200 -0.28965300
v 0.77556400 0.04551700 -0.29084700
v 0.77397000 0.04583500 -0.29108800
v 0.77397000 0.04588900 -0.28079400
v 0.77556400 0.04556900 -0.28103100
v 0.77588300 0.04588100 -0.28222800
v -0.78752700 0.04581800 -0.29110700
v -0.78909300 0.04550500 -0.29084200
v -0.78927200 0.04582600 -0.28964800
v -0.78841000 0.04589600 -0.28225300
v -0.78795300 0.04558000 -0.28106500
v -0.78633100 0.04590000 -0.28085500
v 0.77588300 -0.06347600 -0.29051400
v 0.77556400 -0.06506900 -0.29026700
v 0.77397000 -0.06538900 -0.29050400
v 0.77397000 0.04583500 -0.29108800
v 0.77556400 0.04551700 -0.29084700
v 0.77588300 0.04392200 -0.29107800
v -0.78752700 -0.06538900 -0.29052400
v -0.78909300 -0.06506900 -0.29026300
v -0.78944100 -0.06347600 -0.29050500
v -0.78944100 0.04392200 -0.29106800
v -0.78909300 0.04550500 -0.29084200
v -0.78752700 0.04581800 -0.29110700
v -0.76874400 0.05956100 -0.28369600
v -0.76845200 0.05796600 -0.28392600
v -0.76682900 0.05764900 -0.28368300
v -0.76682900 0.16887200 -0.28426700
v -0.76845200 0.16855300 -0.28450600
v -0.76874400 0.16696000 -0.28425900
v 0.78222000 0.05767800 -0.28084500
v 0.78381400 0.05798700 -0.28109200
v 0.78413300 0.05958000 -0.28086300
v 0.78413300 0.16697500 -0.28142600
v 0.78381400 0.16856700 -0.28167300
v 0.78222000 0.16888700 -0.28142800
v -0.76802500 0.16881900 -0.29451700
v -0.76959200 0.16850100 -0.29428200
v -0.76977100 0.16882600 -0.29309300
v -0.76890800 0.16886500 -0.28570000
v -0.76845200 0.16855300 -0.28450600
v -0.76682900 0.16887200 -0.28426700
v 0.78222000 0.16888700 -0.28142800
v 0.78381400 0.16856700 -0.28167300
v 0.78413300 0.16888000 -0.28287100
v 0.78413300 0.16884100 -0.29029600
v 0.78381400 0.16851600 -0.29148800
v 0.78222000 0.16883300 -0.29172200
v -0.76682900 0.05764900 -0.28368300
v -0.76845200 0.05796600 -0.28392600
v -0.76890800 0.05764100 -0.28511700
v -0.76977100 0.05760300 -0.29251000
v -0.76959200 0.05791500 -0.29370200
v -0.76802500 0.05759500 -0.29393400
v 0.78413300 0.05766000 -0.28228700
v 0.78381400 0.05798700 -0.28109200
v 0.78222000 0.05767800 -0.28084500
v 0.78222000 0.05762400 -0.29113900
v 0.78381400 0.05793500 -0.29090800
v 0.78413300 0.05762100 -0.28971200
v -0.78633100 -0.06533500 -0.28027100
v -0.78795300 -0.06501700 -0.28048600
v -0.78841000 -0.06534200 -0.28167000
v -0.78927200 -0.06538100 -0.28906500
v -0.78909300 -0.06506900 -0.29026300
v -0.78752700 -0.06538900 -0.29052400
v 0.77588300 -0.06534200 -0.28164500
v 0.77556400 -0.06501700 -0.28045100
v 0.77397000 -0.06533500 -0.28021100
v 0.77397000 -0.06538900 -0.29050400
v 0.77556400 -0.06506900 -0.29026700
v 0.77588300 -0.06538100 -0.28907000
v -0.79008100 -0.18833300 -0.27963200
v -0.79170300 -0.18801600 -0.27984300
v -0.79216000 -0.18834000 -0.28102600
v -0.79302200 -0.18837900 -0.28842100
v -0.79284300 -0.18806700 -0.28962000
v -0.79127700 -0.18838700 -0.28988500
v 0.78413300 -0.18834000 -0.28100000
v 0.78381400 -0.18801500 -0.27980600
v 0.78222000 -0.18833300 -0.27956500
v 0.78222000 -0.18838700 -0.28985900
v 0.78381400 -0.18806700 -0.28962200
v 0.78413300 -0.18837900 -0.28842500
v -0.81194200 0.23926500 -0.65731700
v -0.81314800 0.23894200 -0.65649100
v -0.81264000 0.23922700 -0.65535500
v -0.71631600 0.23900800 -0.69706400
v -0.71737500 0.23872400 -0.69796100
v -0.71893000 0.23905400 -0.69759200
v -0.03747900 0.23650200 0.35158800
v -0.03639600 0.23620700 0.35250600
v -0.03486100 0.23656000 0.35211000
v 0.05811500 0.23879700 0.31182400
v 0.05933800 0.23850500 0.31102400
v 0.05879900 0.23881000 0.30987200
v -0.81204200 0.22556600 -0.65450700
v -0.81257700 0.22591300 -0.65568200
v -0.81134300 0.22559600 -0.65646900
v -0.71833200 0.22538500 -0.69674300
v -0.71680500 0.22569500 -0.69715200
v -0.71571800 0.22534700 -0.69621600
v 0.05916700 0.22770200 0.30992300
v 0.05968200 0.22804200 0.31107400
v 0.05846700 0.22769900 0.31188300
v -0.03450900 0.22546100 0.35216900
v -0.03605200 0.22574500 0.35255500
v -0.03711100 0.22539500 0.35164000
v -0.81204200 0.22556600 -0.65450700
v -0.81264000 0.23922700 -0.65535500
v -0.03711100 0.22539500 0.35164000
v -0.03605200 0.22574500 0.35255500
v -0.03621700 0.22734200 0.35287300
v -0.03646500 0.23461700 0.35284200
v -0.03639600 0.23620700 0.35250600
v -0.03747900 0.23650200 0.35158800
v -0.71571800 0.22534700 -0.69621600
v -0.71680500 0.22569500 -0.69715200
v -0.71675800 0.22729000 -0.69757600
v -0.71718900 0.23714100 -0.69818800
v -0.71737500 0.23872400 -0.69796100
v -0.71631600 0.23900800 -0.69706400
v 0.05879900 0.23881000 0.30987200
v 0.05916700 0.22770200 0.30992300
v 0.03486700 0.24771200 0.35072800
v 0.03640300 0.24742300 0.35112600
v 0.03744900 0.24771700 0.35019000
v -0.05884200 0.24497300 0.30849500
v -0.05933500 0.24469200 0.30967100
v -0.05811000 0.24505200 0.31046800
v 0.81255600 0.23553700 -0.65537400
v 0.81307700 0.23523000 -0.65652700
v 0.81185600 0.23554900 -0.65733400
v 0.71884800 0.23533700 -0.69760700
v 0.71731000 0.23501300 -0.69799500
v 0.71624500 0.23531900 -0.69707800
v -0.76682900 0.15664800 0.35286300
v -0.76845200 0.15696900 0.35262300
v -0.76874400 0.15664500 0.35142900
v -0.76874400 0.15622200 0.27088000
v -0.76845200 0.15653400 0.26968300
v -0.76682900 0.15621100 0.26944500
v 0.78413300 0.15884200 0.34804600
v 0.78381400 0.15916200 0.34924200
v 0.78222000 0.15881800 0.34949300
v 0.78222100 0.15838000 0.26608600
v 0.78381400 0.15872700 0.26630600
v 0.78413300 0.15842000 0.26750000
v -0.76890800 0.15856000 0.35285300
v -0.76845200 0.15696900 0.35262300
v -0.76682900 0.15664800 0.35286300
v -0.76802500 0.17031600 0.35279200
v -0.76959200 0.17000400 0.35255400
v -0.76977100 0.16841700 0.35280200
v 0.78222000 0.15881800 0.34949300
v 0.78381400 0.15916200 0.34924200
v 0.78413300 0.16076200 0.34947100
v 0.78413300 0.17066200 0.34941900
v 0.78381400 0.17224900 0.34917300
v 0.78222000 0.17254300 0.34942100
v -0.76682900 0.15621100 0.26944500
v -0.76845200 0.15653400 0.26968300
v -0.76890800 0.15812300 0.26943500
v -0.76977100 0.16798000 0.26938400
v -0.76959200 0.16956800 0.26961400
v -0.76802500 0.16987900 0.26937400
v 0.78413300 0.16032500 0.26605500
v 0.78381400 0.15872700 0.26630600
v 0.78222100 0.15838000 0.26608600
v 0.78222100 0.17210500 0.26601400
v 0.78381400 0.17181400 0.26623800
v 0.78413300 0.17022500 0.26600400
v 0.78222000 -0.18657700 0.05511700
v 0.78381400 -0.18626000 0.05487700
v 0.78413300 -0.18466500 0.05510700
v 0.78413300 -0.07726600 0.05454400
v 0.78381400 -0.07567400 0.05429700
v 0.78222000 -0.07535400 0.05453400
v -0.79008100 -0.07535400 0.05446700
v -0.79170300 -0.07567400 0.05426000
v -0.79199400 -0.07726700 0.05451300
v -0.79199400 -0.18466500 0.05507600
v -0.79170300 -0.18626000 0.05484000
v -0.79008100 -0.18657800 0.05505100
v 0.78413300 -0.07540000 0.04567500
v 0.78381400 -0.07572500 0.04448100
v 0.78222000 -0.07540800 0.04424000
v 0.78222000 -0.07535400 0.05453400
v 0.78381400 -0.07567400 0.05429700
v 0.78413300 -0.07536100 0.05310000
v -0.79127700 -0.07540800 0.04421500
v -0.79284300 -0.07572500 0.04448300
v -0.79302200 -0.07540000 0.04567800
v -0.79216000 -0.07536200 0.05307300
v -0.79170300 -0.07567400 0.05426000
v -0.79008100 -0.07535400 0.05446700
v 0.78413300 -0.18471900 0.04481400
v 0.78381400 -0.18631100 0.04506100
v 0.78222000 -0.18663100 0.04482400
v 0.78222000 -0.07540800 0.04424000
v 0.78381400 -0.07572500 0.04448100
v 0.78413300 -0.07732000 0.04425000
v -0.79127700 -0.18663100 0.04479800
v -0.79284300 -0.18631100 0.04506300
v -0.79319000 -0.18471900 0.04482200
v -0.79319000 -0.07732000 0.04425800
v -0.79284300 -0.07572500 0.04448300
v -0.79127700 -0.07540800 0.04421500
v 0.77588300 0.04759800 0.04503000
v 0.77556400 0.04727300 0.04383600
v 0.77397000 0.04759000 0.04359500
v 0.77397000 0.04764400 0.05388900
v 0.77556400 0.04732400 0.05365100
v 0.77588300 0.04763700 0.05245400
v -0.78752700 0.04757400 0.04357500
v -0.78909300 0.04726000 0.04384000
v -0.78927200 0.04758100 0.04503500
v -0.78841000 0.04765200 0.05242900
v -0.78795300 0.04733500 0.05361700
v -0.78633100 0.04765500 0.05382800
v 0.77588300 -0.06172100 0.04416900
v 0.77556400 -0.06331300 0.04441600
v 0.77397000 -0.06363300 0.04417900
v 0.77397000 0.04759000 0.04359500
v 0.77556400 0.04727300 0.04383600
v 0.77588300 0.04567800 0.04360500
v -0.78752700 -0.06363300 0.04415900
v -0.78909300 -0.06331300 0.04442000
v -0.78944100 -0.06172100 0.04417800
v -0.78944100 0.04567800 0.04361500
v -0.78909300 0.04726000 0.04384000
v -0.78752700 0.04757400 0.04357500
v -0.76874400 0.06131700 0.05098700
v -0.76845200 0.05972200 0.05075600
v -0.76682900 0.05940400 0.05100000
v -0.76682900 0.17062800 0.05041600
v -0.76845200 0.17030800 0.05017600
v -0.76874400 0.16871500 0.05042300
v 0.78222000 0.05943400 0.05383800
v 0.78381400 0.05974200 0.05359000
v 0.78413300 0.06133500 0.05382000
v 0.78413300 0.16873000 0.05325600
v 0.78381400 0.17032300 0.05301000
v 0.78222000 0.17064300 0.05325400
v -0.76802500 0.17057400 0.04016500
v -0.76959200 0.17025700 0.04040100
v -0.76977100 0.17058200 0.04159000
v -0.76890800 0.17062000 0.04898200
v -0.76845200 0.17030800 0.05017600
v -0.76682900 0.17062800 0.05041600
v 0.78222000 0.17064300 0.05325400
v 0.78381400 0.17032300 0.05301000
v 0.78413300 0.17063500 0.05181200
v 0.78413300 0.17059600 0.04438700
v 0.78381400 0.17027100 0.04319500
v 0.78222000 0.17058900 0.04296100
v -0.76682900 0.05940400 0.05100000
v -0.76845200 0.05972200 0.05075600
v -0.76890800 0.05939700 0.04956600
v -0.76977100 0.05935800 0.04217300
v -0.76959200 0.05967000 0.04098100
v -0.76802500 0.05935100 0.04074900
v 0.78413300 0.05941500 0.05239500
v 0.78381400 0.05974200 0.05359000
v 0.78222000 0.05943400 0.05383800
v 0.78222000 0.05938000 0.04354400
v 0.78381400 0.05969100 0.04377500
v 0.78413300 0.05937600 0.04497000
v -0.78633100 -0.06357900 0.05441100
v -0.78795300 -0.06326200 0.05419700
v -0.78841000 -0.06358700 0.05301300
v -0.78927200 -0.06362600 0.04561800
v -0.78909300 -0.06331300 0.04442000
v -0.78752700 -0.06363300 0.04415900
v 0.77588300 -0.06358700 0.05303800
v 0.77556400 -0.06326200 0.05423100
v 0.77397000 -0.06357900 0.05447200
v 0.77397000 -0.06363300 0.04417900
v 0.77556400 -0.06331300 0.04441600
v 0.77588300 -0.06362600 0.04561300
v -0.79008100 -0.18657800 0.05505100
v -0.79170300 -0.18626000 0.05484000
v -0.79216000 -0.18658500 0.05365700
v -0.79302200 -0.18662400 0.04626200
v -0.79284300 -0.18631100 0.04506300
v -0.79127700 -0.18663100 0.04479800
v 0.78413300 -0.18658500 0.05368300
v 0.78381400 -0.18626000 0.05487700
v 0.78222000 -0.18657700 0.05511700
v 0.78222000 -0.18663100 0.04482400
v 0.78381400 -0.18631100 0.04506100
v 0.78413300 -0.18662400 0.04625800
v 0.78222000 -0.18480700 0.39261300
v 0.78381400 -0.18449000 0.39237200
v 0.78413300 -0.18289500 0.39260300
v 0.78413300 -0.07549600 0.39203900
v 0.78381400 -0.07390400 0.39179200
v 0.78222000 -0.07358400 0.39202900
v -0.79008100 -0.07358400 0.39196300
v -0.79170300 -0.07390400 0.39175500
v -0.79199400 -0.07549600 0.39200800
v -0.79199400 -0.18289500 0.39257200
v -0.79170300 -0.18449000 0.39233600
v -0.79008100 -0.18480700 0.39254600
v 0.78413300 -0.07363000 0.38317000
v 0.78381400 -0.07395500 0.38197600
v 0.78222000 -0.07363800 0.38173600
v 0.78222000 -0.07358400 0.39202900
v 0.78381400 -0.07390400 0.39179200
v 0.78413300 -0.07359100 0.39059500
v -0.79127700 -0.07363800 0.38171000
v -0.79284300 -0.07395500 0.38197800
v -0.79302200 -0.07363000 0.38317300
v -0.79216000 -0.07359100 0.39056800
v -0.79170300 -0.07390400 0.39175500
v -0.79008100 -0.07358400 0.39196300
v 0.78413300 -0.18294900 0.38230900
v 0.78381400 -0.18454100 0.38255600
v 0.78222000 -0.18486100 0.38231900
v 0.78222000 -0.07363800 0.38173600
v 0.78381400 -0.07395500 0.38197600
v 0.78413300 -0.07555000 0.38174600
v -0.79127700 -0.18486100 0.38229300
v -0.79284300 -0.18454100 0.38255800
v -0.79319000 -0.18294800 0.38231700
v -0.79319000 -0.07555000 0.38175400
v -0.79284300 -0.07395500 0.38197800
v -0.79127700 -0.07363800 0.38171000
v 0.77588300 0.04936800 0.38252500
v 0.77556400 0.04904300 0.38133100
v 0.77397000 0.04936100 0.38109000
v 0.77397000 0.04941500 0.39138400
v 0.77556400 0.04909500 0.39114700
v 0.77588300 0.04940700 0.38995000
v -0.78752700 0.04934400 0.38107000
v -0.78909300 0.04903000 0.38133600
v -0.78927200 0.04935200 0.38253000
v -0.78841000 0.04942200 0.38992500
v -0.78795300 0.04910500 0.39111300
v -0.78633100 0.04942600 0.39132300
v 0.77588300 -0.05995000 0.38166400
v 0.77556400 -0.06154300 0.38191100
v 0.77397000 -0.06186300 0.38167400
v 0.77397000 0.04936100 0.38109000
v 0.77556400 0.04904300 0.38133100
v 0.77588300 0.04744800 0.38110100
v -0.78752700 -0.06186300 0.38165400
v -0.78909300 -0.06154300 0.38191500
v -0.78944100 -0.05995000 0.38167300
v -0.78944100 0.04744800 0.38111000
v -0.78909300 0.04903000 0.38133600
v -0.78752700 0.04934400 0.38107000
v -0.76874400 0.06308700 0.38848200
v -0.76845200 0.06149200 0.38825200
v -0.76682900 0.06117500 0.38849500
v -0.76682900 0.17239800 0.38791100
v -0.76845200 0.17207800 0.38767200
v -0.76874400 0.17048600 0.38791900
v 0.78222000 0.06120400 0.39133300
v 0.78381400 0.06151200 0.39108600
v 0.78413300 0.06310600 0.39131500
v 0.78413300 0.17050100 0.39075200
v 0.78381400 0.17209300 0.39050600
v 0.78222000 0.17241300 0.39075000
v -0.76802500 0.17234400 0.37766100
v -0.76959200 0.17202700 0.37789600
v -0.76977100 0.17235200 0.37908500
v -0.76890800 0.17239100 0.38647800
v -0.76845200 0.17207800 0.38767200
v -0.76682900 0.17239800 0.38791100
v 0.78222000 0.17241300 0.39075000
v 0.78381400 0.17209300 0.39050600
v 0.78413300 0.17240500 0.38930700
v 0.78413300 0.17236700 0.38188200
v 0.78381400 0.17204200 0.38069000
v 0.78222000 0.17235900 0.38045600
v -0.76682900 0.06117500 0.38849500
v -0.76845200 0.06149200 0.38825200
v -0.76890800 0.06116700 0.38706100
v -0.76977100 0.06112800 0.37966800
v -0.76959200 0.06144100 0.37847600
v -0.76802500 0.06112100 0.37824400
v 0.78413300 0.06118600 0.38989100
v 0.78381400 0.06151200 0.39108600
v 0.78222000 0.06120400 0.39133300
v 0.78222000 0.06115000 0.38103900
v 0.78381400 0.06146100 0.38127000
v 0.78413300 0.06114700 0.38246600
v -0.78633100 -0.06180900 0.39190700
v -0.78795300 -0.06149200 0.39169200
v -0.78841000 -0.06181700 0.39050800
v -0.78927200 -0.06185500 0.38311300
v -0.78909300 -0.06154300 0.38191500
v -0.78752700 -0.06186300 0.38165400
v 0.77588300 -0.06181600 0.39053300
v 0.77556400 -0.06149100 0.39172700
v 0.77397000 -0.06180900 0.39196700
v 0.77397000 -0.06186300 0.38167400
v 0.77556400 -0.06154300 0.38191100
v 0.77588300 -0.06185500 0.38310800
v -0.79008100 -0.18480700 0.39254600
v -0.79170300 -0.18449000 0.39233600
v -0.79216000 -0.18481500 0.39115200
v -0.79302200 -0.18485300 0.38375700
v -0.79284300 -0.18454100 0.38255800
v -0.79127700 -0.18486100 0.38229300
v 0.78413300 -0.18481500 0.39117800
v 0.78381400 -0.18449000 0.39237200
v 0.78222000 -0.18480700 0.39261300
v 0.78222000 -0.18486100 0.38231900
v 0.78381400 -0.18454100 0.38255600
v 0.78413300 -0.18485300 0.38375300
v 0.78222000 -0.18317000 0.70479600
v 0.78381400 -0.18285200 0.70455500
v 0.78413300 -0.18125700 0.70478600
v 0.78413300 -0.07385900 0.70422300
v 0.78381400 -0.07226600 0.70397500
v 0.78222000 -0.07194600 0.70421200
v -0.79008100 -0.07194600 0.70414600
v -0.79170300 -0.07226600 0.70393900
v -0.79199400 -0.07385900 0.70419100
v -0.79199400 -0.18125700 0.70475500
v -0.79170300 -0.18285200 0.70451900
v -0.79008100 -0.18317000 0.70472900
v 0.78413300 -0.07199300 0.69535300
v 0.78381400 -0.07231800 0.69416000
v 0.78222000 -0.07200000 0.69391900
v 0.78222000 -0.07194600 0.70421200
v 0.78381400 -0.07226600 0.70397500
v 0.78413300 -0.07195400 0.70277800
v -0.79127700 -0.07200000 0.69389300
v -0.79284300 -0.07231700 0.69416100
v -0.79302200 -0.07199300 0.69535700
v -0.79216000 -0.07195400 0.70275100
v -0.79170300 -0.07226600 0.70393900
v -0.79008100 -0.07194600 0.70414600
v 0.78413300 -0.18131100 0.69449200
v 0.78381400 -0.18290400 0.69474000
v 0.78222000 -0.18322400 0.69450200
v 0.78222000 -0.07200000 0.69391900
v 0.78381400 -0.07231800 0.69416000
v 0.78413300 -0.07391300 0.69392900
v -0.79127700 -0.18322400 0.69447600
v -0.79284300 -0.18290400 0.69474200
v -0.79319000 -0.18131100 0.69450000
v -0.79319000 -0.07391300 0.69393700
v -0.79284300 -0.07231700 0.69416100
v -0.79127700 -0.07200000 0.69389300
v 0.77588300 0.05100600 0.69470800
v 0.77556400 0.05068100 0.69351400
v 0.77397000 0.05099800 0.69327400
v 0.77397000 0.05105200 0.70356700
v 0.77556400 0.05073200 0.70333000
v 0.77588300 0.05104500 0.70213300
v -0.78752700 0.05098100 0.69325400
v -0.78909300 0.05066800 0.69351900
v -0.78927200 0.05098900 0.69471300
v -0.78841000 0.05106000 0.70210800
v -0.78795300 0.05074300 0.70329600
v -0.78633100 0.05106300 0.70350600
v 0.77588300 -0.05831300 0.69384700
v 0.77556400 -0.05990500 0.69409400
v 0.77397000 -0.06022500 0.69385700
v 0.77397000 0.05099800 0.69327400
v 0.77556400 0.05068100 0.69351400
v 0.77588300 0.04908600 0.69328400
v -0.78752700 -0.06022500 0.69383700
v -0.78909300 -0.05990500 0.69409800
v -0.78944100 -0.05831300 0.69385600
v -0.78944100 0.04908600 0.69329300
v -0.78909300 0.05066800 0.69351900
v -0.78752700 0.05098100 0.69325400
v -0.76874400 0.06472500 0.70066500
v -0.76845200 0.06312900 0.70043500
v -0.76682900 0.06281200 0.70067800
v -0.76682900 0.17403600 0.70009500
v -0.76845200 0.17371600 0.69985500
v -0.76874400 0.17212300 0.70010200
v 0.78222000 0.06284100 0.70351600
v 0.78381400 0.06315000 0.70326900
v 0.78413300 0.06474300 0.70349800
v 0.78413300 0.17213800 0.70293500
v 0.78381400 0.17373100 0.70268900
v 0.78222000 0.17405100 0.70293300
v -0.76802500 0.17398200 0.68984400
v -0.76959200 0.17366500 0.69007900
v -0.76977100 0.17398900 0.69126800
v -0.76890800 0.17402800 0.69866100
v -0.76845200 0.17371600 0.69985500
v -0.76682900 0.17403600 0.70009500
v 0.78222000 0.17405100 0.70293300
v 0.78381400 0.17373100 0.70268900
v 0.78413300 0.17404300 0.70149000
v 0.78413300 0.17400400 0.69406600
v 0.78381400 0.17367900 0.69287300
v 0.78222000 0.17399700 0.69263900
v -0.76682900 0.06281200 0.70067800
v -0.76845200 0.06312900 0.70043500
v -0.76890800 0.06280500 0.69924400
v -0.76977100 0.06276600 0.69185100
v -0.76959200 0.06307800 0.69065900
v -0.76802500 0.06275800 0.69042700
v 0.78413300 0.06282300 0.70207400
v 0.78381400 0.06315000 0.70326900
v 0.78222000 0.06284100 0.70351600
v 0.78222000 0.06278700 0.69322300
v 0.78381400 0.06309800 0.69345300
v 0.78413300 0.06278400 0.69464900
v -0.78633100 -0.06017200 0.70409000
v -0.78795300 -0.05985400 0.70387500
v -0.78841000 -0.06017900 0.70269100
v -0.78927200 -0.06021800 0.69529600
v -0.78909300 -0.05990500 0.69409800
v -0.78752700 -0.06022500 0.69383700
v 0.77588300 -0.06017900 0.70271600
v 0.77556400 -0.05985400 0.70391000
v 0.77397000 -0.06017100 0.70415100
v 0.77397000 -0.06022500 0.69385700
v 0.77556400 -0.05990500 0.69409400
v 0.77588300 -0.06021800 0.69529100
v -0.79008100 -0.18317000 0.70472900
v -0.79170300 -0.18285200 0.70451900
v -0.79216000 -0.18317700 0.70333500
v -0.79302200 -0.18321600 0.69594000
v -0.79284300 -0.18290400 0.69474200
v -0.79127700 -0.18322400 0.69447600
v 0.78413300 -0.18317700 0.70336100
v 0.78381400 -0.18285200 0.70455500
v 0.78222000 -0.18317000 0.70479600
v 0.78222000 -0.18322400 0.69450200
v 0.78381400 -0.18290400 0.69474000
v 0.78413300 -0.18321600 0.69593700
v -0.78482900 0.15456800 -0.32832300
v -0.78645200 0.15489300 -0.32856300
v -0.78674400 0.15457000 -0.32975700
v -0.78674400 0.15414700 -0.41030600
v -0.78645200 0.15445800 -0.41150300
v -0.78482900 0.15413000 -0.41174000
v 0.78222000 0.14885400 -0.41170200
v 0.78381400 0.14918300 -0.41147100
v 0.78413300 0.14887200 -0.41027600
v 0.78413300 0.14929400 -0.32972900
v 0.78381400 0.14961800 -0.32853600
v 0.78222000 0.14929100 -0.32829500
v -0.78690800 0.15648500 -0.32833300
v -0.78645200 0.15489300 -0.32856300
v -0.78482900 0.15456800 -0.32832300
v -0.78602500 0.16823500 -0.32839400
v -0.78759200 0.16792700 -0.32863100
v -0.78777100 0.16634200 -0.32838400
v 0.78222000 0.14929100 -0.32829500
v 0.78381400 0.14961800 -0.32853600
v 0.78413300 0.15121400 -0.32830500
v 0.78413300 0.16111400 -0.32835700
v 0.78381400 0.16270500 -0.32860400
v 0.78222000 0.16301600 -0.32836700
v -0.78482900 0.15413000 -0.41174000
v -0.78645200 0.15445800 -0.41150300
v -0.78690800 0.15604800 -0.41175000
v -0.78777100 0.16590400 -0.41180200
v -0.78759200 0.16749200 -0.41157200
v -0.78602500 0.16779800 -0.41181200
v 0.78413300 0.15077700 -0.41172000
v 0.78381400 0.14918300 -0.41147100
v 0.78222000 0.14885400 -0.41170200
v 0.78222000 0.16257800 -0.41177400
v 0.78381400 0.16227000 -0.41154000
v 0.78413300 0.16067700 -0.41177200
v 0.77397000 -0.06533500 -0.28021100
v 0.77556400 -0.06501700 -0.28045100
v 0.77588300 -0.06342200 -0.28022100
v 0.77588300 0.04397600 -0.28078400
v 0.77556400 0.04556900 -0.28103100
v 0.77397000 0.04588900 -0.28079400
v -0.78633100 0.04590000 -0.28085500
v -0.78795300 0.04558000 -0.28106500
v -0.78824400 0.04397500 -0.28081400
v -0.78824400 -0.06342200 -0.28025000
v -0.78795300 -0.06501700 -0.28048600
v -0.78633100 -0.06533500 -0.28027100
v 0.78222000 0.16883300 -0.29172200
v 0.78381400 0.16851600 -0.29148800
v 0.78413300 0.16692100 -0.29172000
v 0.78413300 0.05952600 -0.29115700
v 0.78381400 0.05793500 -0.29090800
v 0.78222000 0.05762400 -0.29113900
v -0.76802500 0.05759500 -0.29393400
v -0.76959200 0.05791500 -0.29370200
v -0.76994000 0.05950800 -0.29395100
v -0.76994000 0.16690600 -0.29451400
v -0.76959200 0.16850100 -0.29428200
v -0.76802500 0.16881900 -0.29451700
v 0.81185600 0.22182400 -0.65726200
v 0.81307700 0.22214300 -0.65645900
v 0.81255600 0.22181300 -0.65530200
v 0.71624500 0.22159400 -0.69700600
v 0.71731000 0.22192600 -0.69792700
v 0.71884800 0.22161200 -0.69753500
v -0.05756700 0.23664800 0.31095300
v -0.05878500 0.23692200 0.31013900
v -0.05824000 0.23654800 0.30900600
v 0.03805100 0.23929200 0.35070100
v 0.03695200 0.23965300 0.35159600
v 0.03541000 0.23930900 0.35121300
v 0.81255600 0.22181300 -0.65530200
v 0.81255600 0.23553700 -0.65537400
v 0.03744900 0.24771700 0.35019000
v 0.03640300 0.24742300 0.35112600
v 0.03661500 0.24584500 0.35154200
v 0.03697300 0.24125300 0.35183300
v 0.03695200 0.23965300 0.35159600
v 0.03805100 0.23929200 0.35070100
v 0.71719200 0.22352100 -0.69826200
v 0.71731000 0.22192600 -0.69792700
v 0.71624500 0.22159400 -0.69700600
v 0.71624500 0.23531900 -0.69707800
v 0.71731000 0.23501300 -0.69799500
v 0.71719200 0.23342100 -0.69831400
v -0.05824000 0.23654800 0.30900600
v -0.05884200 0.24497300 0.30849500
v 0.78222000 0.17254300 0.34942100
v 0.78381400 0.17224900 0.34917300
v 0.78413300 0.17256700 0.34797400
v 0.78413300 0.17214500 0.26742800
v 0.78381400 0.17181400 0.26623800
v 0.78222100 0.17210500 0.26601400
v -0.76802500 0.16987900 0.26937400
v -0.76959200 0.16956800 0.26961400
v -0.76994000 0.16989500 0.27080800
v -0.76994000 0.17031700 0.35135700
v -0.76959200 0.17000400 0.35255400
v -0.76802500 0.17031600 0.35279200
v 0.77397000 -0.06357900 0.05447200
v 0.77556400 -0.06326200 0.05423100
v 0.77588300 -0.06166700 0.05446200
v 0.77588300 0.04573200 0.05389900
v 0.77556400 0.04732400 0.05365100
v 0.77397000 0.04764400 0.05388900
v -0.78633100 0.04765500 0.05382800
v -0.78795300 0.04733500 0.05361700
v -0.78824400 0.04573000 0.05386900
v -0.78824400 -0.06166700 0.05443300
v -0.78795300 -0.06326200 0.05419700
v -0.78633100 -0.06357900 0.05441100
v 0.78222000 0.17058900 0.04296100
v 0.78381400 0.17027100 0.04319500
v 0.78413300 0.16867600 0.04296300
v 0.78413300 0.06128100 0.04352600
v 0.78381400 0.05969100 0.04377500
v 0.78222000 0.05938000 0.04354400
v -0.76802500 0.05935100 0.04074900
v -0.76959200 0.05967000 0.04098100
v -0.76994000 0.06126300 0.04073200
v -0.76994000 0.16866200 0.04016900
v -0.76959200 0.17025700 0.04040100
v -0.76802500 0.17057400 0.04016500
v 0.77397000 -0.06180900 0.39196700
v 0.77556400 -0.06149100 0.39172700
v 0.77588300 -0.05989600 0.39195700
v 0.77588300 0.04750200 0.39139400
v 0.77556400 0.04909500 0.39114700
v 0.77397000 0.04941500 0.39138400
v -0.78633100 0.04942600 0.39132300
v -0.78795300 0.04910500 0.39111300
v -0.78824400 0.04750100 0.39136500
v -0.78824400 -0.05989700 0.39192800
v -0.78795300 -0.06149200 0.39169200
v -0.78633100 -0.06180900 0.39190700
v 0.78222000 0.17235900 0.38045600
v 0.78381400 0.17204200 0.38069000
v 0.78413300 0.17044700 0.38045800
v 0.78413300 0.06305200 0.38102100
v 0.78381400 0.06146100 0.38127000
v 0.78222000 0.06115000 0.38103900
v -0.76802500 0.06112100 0.37824400
v -0.76959200 0.06144100 0.37847600
v -0.76994000 0.06303300 0.37822700
v -0.76994000 0.17043200 0.37766400
v -0.76959200 0.17202700 0.37789600
v -0.76802500 0.17234400 0.37766100
v 0.77397000 -0.06017100 0.70415100
v 0.77556400 -0.05985400 0.70391000
v 0.77588300 -0.05825900 0.70414100
v 0.77588300 0.04914000 0.70357700
v 0.77556400 0.05073200 0.70333000
v 0.77397000 0.05105200 0.70356700
v -0.78633100 0.05106300 0.70350600
v -0.78795300 0.05074300 0.70329600
v -0.78824400 0.04913800 0.70354800
v -0.78824400 -0.05825900 0.70411100
v -0.78795300 -0.05985400 0.70387500
v -0.78633100 -0.06017200 0.70409000
v 0.78222000 0.17399700 0.69263900
v 0.78381400 0.17367900 0.69287300
v 0.78413300 0.17208400 0.69264100
v 0.78413300 0.06468900 0.69320500
v 0.78381400 0.06309800 0.69345300
v 0.78222000 0.06278700 0.69322300
v -0.76802500 0.06275800 0.69042700
v -0.76959200 0.06307800 0.69065900
v -0.76994000 0.06467100 0.69041100
v -0.76994000 0.17206900 0.68984700
v -0.76959200 0.17366500 0.69007900
v -0.76802500 0.17398200 0.68984400
v 0.78222000 0.16301600 -0.32836700
v 0.78381400 0.16270500 -0.32860400
v 0.78413300 0.16301900 -0.32980100
v 0.78413300 0.16259700 -0.41034800
v 0.78381400 0.16227000 -0.41154000
v 0.78222000 0.16257800 -0.41177400
v -0.78602500 0.16779800 -0.41181200
v -0.78759200 0.16749200 -0.41157200
v -0.78794100 0.16782000 -0.41037800
v -0.78794100 0.16824200 -0.32982900
v -0.78759200 0.16792700 -0.32863100
v -0.78602500 0.16823500 -0.32839400
v 0.72352600 -0.19568300 0.01361100
v 0.72352600 0.17931200 0.01164400
v 0.76511000 0.17931200 0.01164400
v 0.76511000 -0.19568300 0.01361100
v 0.72352600 -0.19551900 0.04479900
v 0.72352600 0.17947600 0.04283200
v 0.72352600 0.17931200 0.01164400
v 0.72352600 -0.19568300 0.01361100
v 0.76511000 -0.19551900 0.04479900
v 0.76511000 0.17947600 0.04283200
v 0.72352600 0.17947600 0.04283200
v 0.72352600 -0.19551900 0.04479900
v 0.76511000 -0.19568300 0.01361100
v 0.76511000 0.17931200 0.01164400
v 0.76511000 0.17947600 0.04283200
v 0.76511000 -0.19551900 0.04479900
v 0.72352600 -0.19745300 -0.32388400
v 0.72352600 0.17754200 -0.32585100
v 0.76511000 0.17754200 -0.32585100
v 0.76511000 -0.19745300 -0.32388400
v 0.72352600 -0.19728900 -0.29269600
v 0.72352600 0.17770500 -0.29466300
v 0.72352600 0.17754200 -0.32585100
v 0.72352600 -0.19745300 -0.32388400
v 0.76511000 -0.19728900 -0.29269600
v 0.76511000 0.17770500 -0.29466300
v 0.72352600 0.17770500 -0.29466300
v 0.72352600 -0.19728900 -0.29269600
v 0.76511000 -0.19745300 -0.32388400
v 0.76511000 0.17754200 -0.32585100
v 0.76511000 0.17770500 -0.29466300
v 0.76511000 -0.19728900 -0.29269600
v 0.72352600 -0.19391200 0.35110600
v 0.72352600 0.18108200 0.34913900
v 0.76511000 0.18108200 0.34913900
v 0.76511000 -0.19391200 0.35110600
v 0.72352600 -0.19374900 0.38229400
v 0.72352600 0.18124600 0.38032700
v 0.72352600 0.18108200 0.34913900
v 0.72352600 -0.19391200 0.35110600
v 0.76511000 -0.19374900 0.38229400
v 0.76511000 0.18124600 0.38032700
v 0.72352600 0.18124600 0.38032700
v 0.72352600 -0.19374900 0.38229400
v 0.76511000 -0.19391200 0.35110600
v 0.76511000 0.18108200 0.34913900
v 0.76511000 0.18124600 0.38032700
v 0.76511000 -0.19374900 0.38229400
v 0.72352600 -0.19229000 0.66047700
v 0.72352600 0.18270500 0.65851000
v 0.76511000 0.18270500 0.65851000
v 0.76511000 -0.19229000 0.66047700
v 0.72352600 -0.19212600 0.69166500
v 0.72352600 0.18286900 0.68969800
v 0.72352600 0.18270500 0.65851000
v 0.72352600 -0.19229000 0.66047700
v 0.76511000 -0.19212600 0.69166500
v 0.76511000 0.18286900 0.68969800
v 0.72352600 0.18286900 0.68969800
v 0.72352600 -0.19212600 0.69166500
v 0.76511000 -0.19229000 0.66047700
v 0.76511000 0.18270500 0.65851000
v 0.76511000 0.18286900 0.68969800
v 0.76511000 -0.19212600 0.69166500
v -0.02647400 -0.19568300 0.01361100
v -0.02647400 0.17931200 0.01164400
v 0.01511000 0.17931200 0.01164400
v 0.01511000 -0.19568300 0.01361100
v -0.02647400 -0.19551900 0.04479900
v -0.02647400 0.17947600 0.04283200
v -0.02647400 0.17931200 0.01164400
v -0.02647400 -0.19568300 0.01361100
v 0.01511000 -0.19551900 0.04479900
v 0.01511000 0.17947600 0.04283200
v -0.02647400 0.17947600 0.04283200
v -0.02647400 -0.19551900 0.04479900
v 0.01511000 -0.19568300 0.01361100
v 0.01511000 0.17931200 0.01164400
v 0.01511000 0.17947600 0.04283200
v 0.01511000 -0.19551900 0.04479900
v -0.02647400 -0.19745300 -0.32388400
v -0.02647400 0.17754200 -0.32585100
v 0.01511000 0.17754200 -0.32585100
v 0.01511000 -0.19745300 -0.32388400
v -0.02647400 -0.19728900 -0.29269600
v -0.02647400 0.17770500 -0.29466300
v -0.02647400 0.17754200 -0.32585100
v -0.02647400 -0.19745300 -0.32388400
v 0.01511000 -0.19728900 -0.29269600
v 0.01511000 0.17770500 -0.29466300
v -0.02647400 0.17770500 -0.29466300
v -0.02647400 -0.19728900 -0.29269600
v 0.01511000 -0.19745300 -0.32388400
v 0.01511000 0.17754200 -0.32585100
v 0.01511000 0.17770500 -0.29466300
v 0.01511000 -0.19728900 -0.29269600
v -0.02647400 -0.19391200 0.35110600
v -0.02647400 0.18108200 0.34913900
v 0.01511000 0.18108200 0.34913900
v 0.01511000 -0.19391200 0.35110600
v -0.02647400 -0.19374900 0.38229400
v -0.02647400 0.18124600 0.38032700
v -0.02647400 0.18108200 0.34913900
v -0.02647400 -0.19391200 0.35110600
v 0.01511000 -0.19374900 0.38229400
v 0.01511000 0.18124600 0.38032700
v -0.02647400 0.18124600 0.38032700
v -0.02647400 -0.19374900 0.38229400
v 0.01511000 -0.19391200 0.35110600
v 0.01511000 0.18108200 0.34913900
v 0.01511000 0.18124600 0.38032700
v 0.01511000 -0.19374900 0.38229400
v -0.02647400 -0.19229000 0.66047700
v -0.02647400 0.18270500 0.65851000
v 0.01511000 0.18270500 0.65851000
v 0.01511000 -0.19229000 0.66047700
v -0.02647400 -0.19212600 0.69166500
v -0.02647400 0.18286900 0.68969800
v -0.02647400 0.18270500 0.65851000
v -0.02647400 -0.19229000 0.66047700
v 0.01511000 -0.19212600 0.69166500
v 0.01511000 0.18286900 0.68969800
v -0.02647400 0.18286900 0.68969800
v -0.02647400 -0.19212600 0.69166500
v 0.01511000 -0.19229000 0.66047700
v 0.01511000 0.18270500 0.65851000
v 0.01511000 0.18286900 0.68969800
v 0.01511000 -0.19212600 0.69166500
v -0.77647400 -0.19568300 0.01361100
v -0.77647400 0.17931200 0.01164400
v -0.73489000 0.17931200 0.01164400
v -0.73489000 -0.19568300 0.01361100
v -0.77647400 -0.19551900 0.04479900
v -0.77647400 0.17947600 0.04283200
v -0.77647400 0.17931200 0.01164400
v -0.77647400 -0.19568300 0.01361100
v -0.73489000 -0.19551900 0.04479900
v -0.73489000 0.17947600 0.04283200
v -0.77647400 0.17947600 0.04283200
v -0.77647400 -0.19551900 0.04479900
v -0.73489000 -0.19568300 0.01361100
v -0.73489000 0.17931200 0.01164400
v -0.73489000 0.17947600 0.04283200
v -0.73489000 -0.19551900 0.04479900
v -0.77647400 -0.19745300 -0.32388400
v -0.77647400 0.17754200 -0.32585100
v -0.73489000 0.17754200 -0.32585100
v -0.73489000 -0.19745300 -0.32388400
v -0.77647400 -0.19728900 -0.29269600
v -0.77647400 0.17770500 -0.29466300
v -0.77647400 0.17754200 -0.32585100
v -0.77647400 -0.19745300 -0.32388400
v -0.73489000 -0.19728900 -0.29269600
v -0.73489000 0.17770500 -0.29466300
v -0.77647400 0.17770500 -0.29466300
v -0.77647400 -0.19728900 -0.29269600
v -0.73489000 -0.19745300 -0.32388400
v -0.73489000 0.17754200 -0.32585100
v -0.73489000 0.17770500 -0.29466300
v -0.73489000 -0.19728900 -0.29269600
v -0.77647400 -0.19391200 0.35110600
v -0.77647400 0.18108200 0.34913900
v -0.73489000 0.18108200 0.34913900
v -0.73489000 -0.19391200 0.35110600
v -0.77647400 -0.19374900 0.38229400
v -0.77647400 0.18124600 0.38032700
v -0.77647400 0.18108200 0.34913900
v -0.77647400 -0.19391200 0.35110600
v -0.73489000 -0.19374900 0.38229400
v -0.73489000 0.18124600 0.38032700
v -0.77647400 0.18124600 0.38032700
v -0.77647400 -0.19374900 0.38229400
v -0.73489000 -0.19391200 0.35110600
v -0.73489000 0.18108200 0.34913900
v -0.73489000 0.18124600 0.38032700
v -0.73489000 -0.19374900 0.38229400
v -0.77647400 -0.19229000 0.66047700
v -0.77647400 0.18270500 0.65851000
v -0.73489000 0.18270500 0.65851000
v -0.73489000 -0.19229000 0.66047700
v -0.77647400 -0.19212600 0.69166500
v -0.77647400 0.18286900 0.68969800
v -0.77647400 0.18270500 0.65851000
v -0.77647400 -0.19229000 0.66047700
v -0.73489000 -0.19212600 0.69166500
v -0.73489000 0.18286900 0.68969800
v -0.77647400 0.18286900 0.68969800
v -0.77647400 -0.19212600 0.69166500
v -0.73489000 -0.19229000 0.66047700
v -0.73489000 0.18270500 0.65851000
v -0.73489000 0.18286900 0.68969800
v -0.73489000 -0.19212600 0.69166500
v 0.51552000 -0.18833300 -0.27956500
v 0.51552000 -0.07710900 -0.28014900
v -0.48273500 -0.07713900 -0.28577400
v -0.48273500 -0.18836200 -0.28519000
v 0.51552000 -0.07716300 -0.29044200
v 0.51552000 -0.07710900 -0.28014900
v -0.48272500 -0.07719300 -0.29606700
v -0.48273500 -0.07713900 -0.28577400
v 0.51552000 -0.18838700 -0.28985900
v 0.51552000 -0.07716300 -0.29044200
v -0.48272500 -0.18841600 -0.29548400
v -0.48272500 -0.07719300 -0.29606700
v 0.20952000 0.04582700 -0.29108800
v 0.20952000 0.04589700 -0.28079400
v -0.43397700 0.04578900 -0.29671200
v -0.43398300 0.04512500 -0.28641500
v 0.20952000 -0.06538900 -0.29050400
v 0.20952000 0.04582700 -0.29108800
v -0.43397700 -0.06541800 -0.29612900
v -0.43397700 0.04578900 -0.29671200
v -0.31773000 0.05765500 -0.28254300
v -0.31773000 0.16887800 -0.28312700
v 0.24927100 0.16889900 -0.27918900
v 0.24927100 0.06067500 -0.27862100
v -0.31773000 0.16882400 -0.29342000
v -0.31773000 0.16887800 -0.28312700
v 0.24926900 0.16884500 -0.28948300
v 0.24927100 0.16889900 -0.27918900
v -0.31773000 0.05765500 -0.28254300
v -0.31773000 0.05760100 -0.29283700
v 0.24927100 0.06067500 -0.27862100
v 0.24926900 0.06062100 -0.28891500
v -0.43398300 -0.06536400 -0.28583600
v -0.43397700 -0.06541800 -0.29612900
v 0.20952000 -0.06533500 -0.28021100
v 0.20952000 -0.06538900 -0.29050400
v -0.48273500 -0.18836200 -0.28519000
v -0.48272500 -0.18841600 -0.29548400
v 0.51552000 -0.18833300 -0.27956500
v 0.51552000 -0.18838700 -0.28985900
v -0.58749600 0.23035000 -0.36283500
v -0.49117300 0.23013200 -0.40454400
v -0.30398900 0.23153000 0.00432000
v -0.21026300 0.23131000 -0.03626400
v -0.58748900 0.21662600 -0.36275300
v -0.49116500 0.21640700 -0.40446100
v -0.30399600 0.21780500 0.00439500
v -0.21027300 0.21758500 -0.03619200
v -0.58748900 0.21662600 -0.36275300
v -0.58749600 0.23035000 -0.36283500
v -0.30399600 0.21780500 0.00439500
v -0.30398900 0.23153000 0.00432000
v -0.49116500 0.21640700 -0.40446100
v -0.49117300 0.23013200 -0.40454400
v -0.21027300 0.21758500 -0.03619200
v -0.21026300 0.23131000 -0.03626400
v 0.26259100 0.23780400 0.05794100
v 0.16626700 0.23759200 0.01623200
v 0.54608200 0.23138200 -0.30918700
v 0.45235600 0.23116900 -0.34977100
v -0.31773000 0.15512800 0.35287100
v -0.31773000 0.15469100 0.26945300
v 0.24926800 0.14987900 0.35289900
v 0.24927100 0.14945300 0.27173100
v -0.31773000 0.15512800 0.35287100
v -0.31773000 0.16885300 0.35279900
v 0.24926800 0.14987900 0.35289900
v 0.24927300 0.16360300 0.35282700
v -0.31773000 0.15469100 0.26945300
v -0.31773000 0.16841600 0.26938100
v 0.24927100 0.14945300 0.27173100
v 0.24927500 0.16317700 0.27165900
v 0.51552000 -0.18657700 0.05511700
v 0.51552000 -0.07535400 0.05453400
v -0.48273500 -0.07538300 0.04890900
v -0.48273500 -0.18660700 0.04949200
v 0.51552000 -0.07540800 0.04424000
v 0.51552000 -0.07535400 0.05453400
v -0.48272500 -0.07543700 0.03861500
v -0.48273500 -0.07538300 0.04890900
v 0.51552000 -0.18663100 0.04482400
v 0.51552000 -0.07540800 0.04424000
v -0.48272500 -0.18666100 0.03919900
v -0.48272500 -0.07543700 0.03861500
v 0.20952000 0.04758200 0.04359500
v 0.20952000 0.04765200 0.05388900
v -0.43397700 0.04754500 0.03797000
v -0.43398300 0.04688100 0.04826800
v 0.20952000 -0.06363300 0.04417900
v 0.20952000 0.04758200 0.04359500
v -0.43397700 -0.06366300 0.03855400
v -0.43397700 0.04754500 0.03797000
v -0.31773000 0.05941000 0.05214000
v -0.31773000 0.17063400 0.05155600
v 0.24927100 0.17065500 0.05549400
v 0.24927100 0.06243100 0.05606100
v -0.31773000 0.17058000 0.04126300
v -0.31773000 0.17063400 0.05155600
v 0.24926900 0.17060100 0.04520000
v 0.24927100 0.17065500 0.05549400
v -0.31773000 0.05941000 0.05214000
v -0.31773000 0.05935600 0.04184600
v 0.24927100 0.06243100 0.05606100
v 0.24926900 0.06237700 0.04576800
v -0.43398300 -0.06360900 0.04884700
v -0.43397700 -0.06366300 0.03855400
v 0.20952000 -0.06357900 0.05447200
v 0.20952000 -0.06363300 0.04417900
v -0.48273500 -0.18660700 0.04949200
v -0.48272500 -0.18666100 0.03919900
v 0.51552000 -0.18657700 0.05511700
v 0.51552000 -0.18663100 0.04482400
v 0.51552000 -0.18480700 0.39261300
v 0.51552000 -0.07358400 0.39202900
v -0.48273500 -0.07361300 0.38640400
v -0.48273500 -0.18483600 0.38698800
v 0.51552000 -0.07363800 0.38173600
v 0.51552000 -0.07358400 0.39202900
v -0.48272500 -0.07366700 0.37611100
v -0.48273500 -0.07361300 0.38640400
v 0.51552000 -0.18486100 0.38231900
v 0.51552000 -0.07363800 0.38173600
v -0.48272500 -0.18489000 0.37669400
v -0.48272500 -0.07366700 0.37611100
v 0.20952000 0.04935300 0.38109100
v 0.20952000 0.04942300 0.39138400
v -0.43397700 0.04931500 0.37546500
v -0.43398300 0.04865100 0.38576300
v 0.20952000 -0.06186300 0.38167400
v 0.20952000 0.04935300 0.38109100
v -0.43397700 -0.06189200 0.37604900
v -0.43397700 0.04931500 0.37546500
v -0.31773000 0.06118100 0.38963500
v -0.31773000 0.17240400 0.38905100
v 0.24927100 0.17242500 0.39298900
v 0.24927100 0.06420100 0.39355600
v -0.31773000 0.17235000 0.37875800
v -0.31773000 0.17240400 0.38905100
v 0.24926900 0.17237100 0.38269500
v 0.24927100 0.17242500 0.39298900
v -0.31773000 0.06118100 0.38963500
v -0.31773000 0.06112700 0.37934100
v 0.24927100 0.06420100 0.39355600
v 0.24926900 0.06414700 0.38326300
v -0.43398300 -0.06183800 0.38634200
v -0.43397700 -0.06189200 0.37604900
v 0.20952000 -0.06180900 0.39196700
v 0.20952000 -0.06186300 0.38167400
v -0.48273500 -0.18483600 0.38698800
v -0.48272500 -0.18489000 0.37669400
v 0.51552000 -0.18480700 0.39261300
v 0.51552000 -0.18486100 0.38231900
v 0.51552000 -0.18316900 0.70479600
v 0.51552000 -0.07194600 0.70421200
v -0.48273500 -0.07197600 0.69858800
v -0.48273500 -0.18319900 0.69917100
v 0.51552000 -0.07200000 0.69391900
v 0.51552000 -0.07194600 0.70421200
v -0.48272500 -0.07203000 0.68829400
v -0.48273500 -0.07197600 0.69858800
v 0.51552000 -0.18322300 0.69450200
v 0.51552000 -0.07200000 0.69391900
v -0.48272500 -0.18325300 0.68887700
v -0.48272500 -0.07203000 0.68829400
v 0.20952000 0.05099000 0.69327400
v 0.20952000 0.05106000 0.70356700
v -0.43397700 0.05095300 0.68764900
v -0.43398300 0.05028900 0.69794600
v 0.20952000 -0.06022500 0.69385700
v 0.20952000 0.05099000 0.69327400
v -0.43397700 -0.06025500 0.68823200
v -0.43397700 0.05095300 0.68764900
v -0.31773000 0.06281800 0.70181800
v -0.31773000 0.17404200 0.70123500
v 0.24927100 0.17406200 0.70517200
v 0.24927100 0.06583900 0.70574000
v -0.31773000 0.17398800 0.69094100
v -0.31773000 0.17404200 0.70123500
v 0.24926900 0.17400800 0.69487800
v 0.24927100 0.17406200 0.70517200
v -0.31773000 0.06281800 0.70181800
v -0.31773000 0.06276400 0.69152400
v 0.24927100 0.06583900 0.70574000
v 0.24926900 0.06578500 0.69544600
v -0.43398300 -0.06020100 0.69852600
v -0.43397700 -0.06025500 0.68823200
v 0.20952000 -0.06017100 0.70415100
v 0.20952000 -0.06022500 0.69385700
v -0.48273500 -0.18319900 0.69917100
v -0.48272500 -0.18325300 0.68887700
v 0.51552000 -0.18316900 0.70479600
v 0.51552000 -0.18322300 0.69450200
v -0.31773000 0.15155500 -0.32830700
v -0.31773000 0.15111800 -0.41172400
v 0.24927100 0.14630500 -0.32827900
v 0.24927100 0.14588000 -0.40944700
v -0.31773000 0.15155500 -0.32830700
v -0.31773000 0.16528000 -0.32837900
v 0.24927100 0.14630500 -0.32827900
v 0.24926900 0.16003000 -0.32835100
v -0.31773000 0.15111800 -0.41172400
v -0.31773000 0.16484300 -0.41179600
v 0.24927100 0.14588000 -0.40944700
v 0.24926900 0.15960400 -0.40951900
v 0.20952000 -0.06533500 -0.28021100
v 0.20952000 0.04589700 -0.28079400
v -0.43398300 0.04512500 -0.28641500
v -0.43398300 -0.06536400 -0.28583600
v 0.24926900 0.16884500 -0.28948300
v 0.24926900 0.06062100 -0.28891500
v -0.31773000 0.05760100 -0.29283700
v -0.31773000 0.16882400 -0.29342000
v 0.54608100 0.21765700 -0.30911400
v 0.45235500 0.21744400 -0.34969800
v 0.16625300 0.22386700 0.01628900
v 0.26257800 0.22407900 0.05799700
v 0.54608100 0.21765700 -0.30911400
v 0.54608200 0.23138200 -0.30918700
v 0.26257800 0.22407900 0.05799700
v 0.26259100 0.23780400 0.05794100
v 0.45235500 0.21744400 -0.34969800
v 0.45235600 0.23116900 -0.34977100
v 0.16626700 0.23759200 0.01623200
v 0.16625300 0.22386700 0.01628900
v 0.24927300 0.16360300 0.35282700
v 0.24927500 0.16317700 0.27165900
v -0.31773000 0.16841600 0.26938100
v -0.31773000 0.16885300 0.35279900
v 0.20952000 -0.06357900 0.05447200
v 0.20952000 0.04765200 0.05388900
v -0.43398300 0.04688100 0.04826800
v -0.43398300 -0.06360900 0.04884700
v 0.24926900 0.17060100 0.04520000
v 0.24926900 0.06237700 0.04576800
v -0.31773000 0.05935600 0.04184600
v -0.31773000 0.17058000 0.04126300
v 0.20952000 -0.06180900 0.39196700
v 0.20952000 0.04942300 0.39138400
v -0.43398300 0.04865100 0.38576300
v -0.43398300 -0.06183800 0.38634200
v 0.24926900 0.17237100 0.38269500
v 0.24926900 0.06414700 0.38326300
v -0.31773000 0.06112700 0.37934100
v -0.31773000 0.17235000 0.37875800
v 0.20952000 -0.06017100 0.70415100
v 0.20952000 0.05106000 0.70356700
v -0.43398300 0.05028900 0.69794600
v -0.43398300 -0.06020100 0.69852600
v 0.24926900 0.17400800 0.69487800
v 0.24926900 0.06578500 0.69544600
v -0.31773000 0.06276400 0.69152400
v -0.31773000 0.17398800 0.69094100
v 0.24926900 0.16003000 -0.32835100
v 0.24926900 0.15960400 -0.40951900
v -0.31773000 0.16484300 -0.41179600
v -0.31773000 0.16528000 -0.32837900
vn 0.01990000 -0.02490000 -0.99950000
vn -0.02130000 -0.02370000 -0.99950000
vn -0.02050000 0.01410000 -0.99970000
vn 0.02130000 0.01350000 -0.99970000
vn -0.00670000 -0.99920000 -0.03870000
vn 0.00860000 -0.99920000 -0.03880000
vn 0.00620000 -0.99870000 0.04970000
vn -0.00860000 -0.99870000 0.04930000
vn -0.99900000 0.00800000 -0.04410000
vn -0.99900000 -0.01030000 -0.04400000
vn -0.99900000 -0.00770000 0.04430000
vn -0.99900000 0.01030000 0.04400000
vn -0.00670000 0.99920000 0.03870000
vn 0.00860000 0.99920000 0.03890000
vn 0.00620000 0.99870000 -0.04980000
vn -0.00860000 0.99870000 -0.04930000
vn 0.99900000 0.00960000 -0.04380000
vn 0.99900000 0.00860000 0.04420000
vn 0.99900000 -0.00830000 0.04500000
vn 0.99900000 -0.00870000 -0.04420000
vn -0.02120000 0.02380000 0.99950000
vn -0.02000000 -0.01450000 0.99970000
vn 0.02050000 -0.01390000 0.99970000
vn 0.02000000 0.02520000 0.99950000
vn 0.02020000 -0.02490000 -0.99950000
vn -0.02160000 -0.02370000 -0.99950000
vn -0.02070000 0.01400000 -0.99970000
vn 0.02160000 0.01350000 -0.99970000
vn -0.00650000 -0.99920000 -0.03880000
vn 0.00840000 -0.99920000 -0.03880000
vn 0.00600000 -0.99870000 0.04970000
vn -0.00840000 -0.99870000 0.04930000
vn -0.99900000 0.00800000 -0.04410000
vn -0.99900000 -0.01030000 -0.04410000
vn -0.99900000 -0.00780000 0.04430000
vn -0.99900000 0.01040000 0.04410000
vn -0.00660000 0.99920000 0.03870000
vn 0.00840000 0.99920000 0.03880000
vn 0.00600000 0.99870000 -0.04970000
vn -0.00840000 0.99880000 -0.04930000
vn 0.99900000 0.00960000 -0.04380000
vn 0.99900000 0.00870000 0.04420000
vn 0.99900000 -0.00830000 0.04490000
vn 0.99900000 -0.00870000 -0.04420000
vn -0.02150000 0.02380000 0.99950000
vn -0.02030000 -0.01450000 0.99970000
vn 0.02070000 -0.01380000 0.99970000
vn 0.02030000 0.02520000 0.99950000
vn 0.01990000 -0.02490000 -0.99950000
vn -0.02130000 -0.02370000 -0.99950000
vn -0.02050000 0.01410000 -0.99970000
vn 0.02130000 0.01350000 -0.99970000
vn 0.00830000 -0.99920000 -0.03850000
vn 0.00690000 -0.99880000 0.04950000
vn -0.00680000 -0.99870000 0.05040000
vn -0.00690000 -0.99920000 -0.03900000
vn -0.99900000 0.00800000 -0.04410000
vn -0.99900000 -0.01030000 -0.04410000
vn -0.99900000 -0.00780000 0.04430000
vn -0.99900000 0.01030000 0.04410000
vn -0.00680000 0.99920000 0.03880000
vn 0.00860000 0.99920000 0.03880000
vn 0.00620000 0.99870000 -0.04980000
vn -0.00860000 0.99870000 -0.04930000
vn 0.99900000 0.00960000 -0.04380000
vn 0.99900000 0.00860000 0.04420000
vn 0.99900000 -0.00830000 0.04490000
vn 0.99900000 -0.00870000 -0.04420000
vn -0.02120000 0.02380000 0.99950000
vn -0.02000000 -0.01450000 0.99970000
vn 0.02050000 -0.01390000 0.99970000
vn 0.02000000 0.02520000 0.99950000
vn 0.01990000 -0.02490000 -0.99950000
vn -0.02130000 -0.02370000 -0.99950000
vn -0.02050000 0.01390000 -0.99970000
vn 0.02130000 0.01320000 -0.99970000
vn -0.00670000 -0.99920000 -0.04040000
vn 0.00850000 -0.99910000 -0.04040000
vn 0.00620000 -0.99870000 0.04970000
vn -0.00860000 -0.99870000 0.04930000
vn -0.99890000 0.00800000 -0.04570000
vn -0.99890000 -0.01040000 -0.04550000
vn -0.99900000 -0.00770000 0.04430000
vn -0.99900000 0.01030000 0.04400000
vn -0.00680000 0.99920000 0.03880000
vn 0.00860000 0.99920000 0.03880000
vn 0.00610000 0.99870000 -0.05130000
vn -0.00860000 0.99870000 -0.05090000
vn 0.99890000 0.00950000 -0.04540000
vn 0.99900000 0.00860000 0.04420000
vn 0.99900000 -0.00830000 0.04500000
vn 0.99890000 -0.00880000 -0.04580000
vn -0.02120000 0.02360000 0.99950000
vn -0.02000000 -0.01450000 0.99970000
vn 0.02050000 -0.01390000 0.99970000
vn 0.02000000 0.02500000 0.99950000
vn 0.02020000 -0.02490000 -0.99950000
vn -0.02160000 -0.02370000 -0.99950000
vn -0.02080000 0.01380000 -0.99970000
vn 0.02160000 0.01330000 -0.99970000
vn -0.00660000 -0.99920000 -0.04040000
vn 0.00830000 -0.99910000 -0.04040000
vn 0.00600000 -0.99870000 0.04970000
vn -0.00840000 -0.99870000 0.04930000
vn -0.99890000 0.00800000 -0.04570000
vn -0.99890000 -0.01040000 -0.04560000
vn -0.99900000 -0.00780000 0.04430000
vn -0.99900000 0.01040000 0.04410000
vn -0.00650000 0.99920000 0.03880000
vn 0.00840000 0.99920000 0.03880000
vn 0.00600000 0.99870000 -0.05130000
vn -0.00830000 0.99870000 -0.05090000
vn 0.99890000 0.00950000 -0.04540000
vn 0.99900000 0.00870000 0.04420000
vn 0.99900000 -0.00830000 0.04500000
vn 0.99890000 -0.00870000 -0.04570000
vn -0.02140000 0.02360000 0.99950000
vn -0.02030000 -0.01450000 0.99970000
vn 0.02080000 -0.01380000 0.99970000
vn 0.02030000 0.02500000 0.99950000
vn 0.01990000 -0.02490000 -0.99950000
vn -0.02130000 -0.02370000 -0.99950000
vn -0.02050000 0.01390000 -0.99970000
vn 0.02130000 0.01320000 -0.99970000
vn 0.00820000 -0.99920000 -0.04000000
vn 0.00690000 -0.99880000 0.04950000
vn -0.00680000 -0.99870000 0.05030000
vn -0.00700000 -0.99920000 -0.04060000
vn -0.99890000 0.00800000 -0.04570000
vn -0.99890000 -0.01030000 -0.04560000
vn -0.99900000 -0.00780000 0.04430000
vn -0.99900000 0.01030000 0.04410000
vn -0.00680000 0.99920000 0.03880000
vn 0.00860000 0.99920000 0.03880000
vn 0.00620000 0.99870000 -0.05130000
vn -0.00860000 0.99870000 -0.05090000
vn 0.99890000 0.00950000 -0.04540000
vn 0.99900000 0.00860000 0.04420000
vn 0.99900000 -0.00830000 0.04490000
vn 0.99890000 -0.00880000 -0.04580000
vn -0.02110000 0.02360000 0.99950000
vn -0.02000000 -0.01450000 0.99970000
vn 0.02050000 -0.01390000 0.99970000
vn 0.02000000 0.02500000 0.99950000
vn 0.02090000 -0.00520000 -0.99980000
vn -0.02000000 -0.00530000 -0.99980000
vn -0.02080000 -0.00520000 -0.99980000
vn 0.02010000 -0.00540000 -0.99980000
vn -0.99800000 0.00030000 0.06340000
vn -0.99810000 -0.00030000 -0.06220000
vn -0.99800000 -0.00030000 -0.06340000
vn -0.99810000 0.00040000 0.06230000
vn -0.02080000 0.00520000 0.99980000
vn 0.02010000 0.00520000 0.99980000
vn 0.02080000 0.00520000 0.99980000
vn -0.02000000 0.00530000 0.99980000
vn 0.99800000 -0.00030000 -0.06350000
vn 0.99810000 0.00020000 0.06220000
vn 0.99800000 0.00030000 0.06340000
vn 0.99810000 -0.00040000 -0.06220000
vn 0.02070000 -0.00520000 -0.99980000
vn -0.02010000 -0.00520000 -0.99980000
vn -0.02070000 -0.00520000 -0.99980000
vn 0.02010000 -0.00530000 -0.99980000
vn -0.99800000 0.00030000 0.06270000
vn -0.99810000 -0.00030000 -0.06150000
vn -0.99800000 -0.00030000 -0.06270000
vn -0.99810000 0.00040000 0.06150000
vn -0.02070000 0.00520000 0.99980000
vn 0.02010000 0.00510000 0.99980000
vn 0.02070000 0.00520000 0.99980000
vn -0.02010000 0.00520000 0.99980000
vn 0.99800000 -0.00030000 -0.06270000
vn 0.99810000 0.00030000 0.06140000
vn 0.99800000 0.00030000 0.06270000
vn 0.99810000 -0.00030000 -0.06140000
vn 0.02090000 -0.00520000 -0.99980000
vn -0.02010000 -0.00530000 -0.99980000
vn -0.02090000 -0.00520000 -0.99980000
vn 0.02010000 -0.00510000 -0.99980000
vn -0.99800000 0.00030000 0.06340000
vn -0.99810000 -0.00030000 -0.06220000
vn -0.99800000 -0.00030000 -0.06350000
vn -0.99810000 0.00040000 0.06230000
vn -0.02080000 0.00520000 0.99980000
vn 0.02010000 0.00520000 0.99980000
vn 0.02080000 0.00520000 0.99980000
vn -0.02000000 0.00530000 0.99980000
vn 0.99800000 -0.00030000 -0.06350000
vn 0.99810000 0.00020000 0.06220000
vn 0.99800000 0.00030000 0.06340000
vn 0.99810000 -0.00030000 -0.06220000
vn 0.02080000 -0.00520000 -0.99980000
vn -0.02010000 -0.00520000 -0.99980000
vn -0.02080000 -0.00520000 -0.99980000
vn 0.01990000 -0.00540000 -0.99980000
vn -0.99800000 0.00030000 0.06340000
vn -0.99810000 -0.00030000 -0.06230000
vn -0.99800000 -0.00030000 -0.06340000
vn -0.99810000 0.00040000 0.06230000
vn -0.02080000 0.00520000 0.99980000
vn 0.01990000 0.00510000 0.99980000
vn 0.02080000 0.00520000 0.99980000
vn -0.02010000 0.00520000 0.99980000
vn 0.99800000 -0.00030000 -0.06340000
vn 0.99810000 0.00040000 0.06220000
vn 0.99800000 0.00030000 0.06340000
vn 0.99810000 -0.00030000 -0.06220000
vn 0.02080000 -0.00520000 -0.99980000
vn -0.02000000 -0.00520000 -0.99980000
vn -0.02080000 -0.00520000 -0.99980000
vn 0.02010000 -0.00530000 -0.99980000
vn -0.99800000 0.00030000 0.06330000
vn -0.99810000 -0.00030000 -0.06220000
vn -0.99800000 -0.00030000 -0.06330000
vn -0.99810000 0.00030000 0.06230000
vn -0.02080000 0.00520000 0.99980000
vn 0.02010000 0.00510000 0.99980000
vn 0.02080000 0.00520000 0.99980000
vn -0.02010000 0.00530000 0.99980000
vn 0.99800000 -0.00030000 -0.06340000
vn 0.99810000 0.00030000 0.06230000
vn 0.99800000 0.00030000 0.06330000
vn 0.99810000 -0.00030000 -0.06230000
vn 0.02070000 -0.00520000 -0.99980000
vn -0.02000000 -0.00520000 -0.99980000
vn -0.02070000 -0.00520000 -0.99980000
vn 0.02000000 -0.00530000 -0.99980000
vn -0.99800000 0.00030000 0.06270000
vn -0.99810000 -0.00030000 -0.06160000
vn -0.99800000 -0.00030000 -0.06270000
vn -0.99810000 0.00030000 0.06160000
vn -0.02070000 0.00520000 0.99980000
vn 0.02000000 0.00510000 0.99980000
vn 0.02070000 0.00520000 0.99980000
vn -0.02000000 0.00530000 0.99980000
vn 0.99800000 -0.00030000 -0.06270000
vn 0.99810000 0.00030000 0.06160000
vn 0.99800000 0.00030000 0.06270000
vn 0.99810000 -0.00040000 -0.06160000
vn 0.02080000 -0.00520000 -0.99980000
vn -0.02000000 -0.00520000 -0.99980000
vn -0.02080000 -0.00520000 -0.99980000
vn 0.02000000 -0.00520000 -0.99980000
vn -0.99800000 0.00030000 0.06330000
vn -0.99810000 -0.00030000 -0.06220000
vn -0.99800000 -0.00030000 -0.06340000
vn -0.99810000 0.00040000 0.06230000
vn -0.02080000 0.00520000 0.99980000
vn 0.02010000 0.00510000 0.99980000
vn 0.02080000 0.00520000 0.99980000
vn -0.02010000 0.00530000 0.99980000
vn 0.99800000 -0.00030000 -0.06340000
vn 0.99810000 0.00020000 0.06230000
vn 0.99800000 0.00030000 0.06330000
vn 0.99810000 -0.00030000 -0.06220000
vn 0.02080000 -0.00520000 -0.99980000
vn -0.02010000 -0.00530000 -0.99980000
vn -0.02080000 -0.00520000 -0.99980000
vn 0.02000000 -0.00530000 -0.99980000
vn -0.99800000 0.00030000 0.06330000
vn -0.99810000 -0.00030000 -0.06230000
vn -0.99800000 -0.00030000 -0.06330000
vn -0.99810000 0.00040000 0.06230000
vn -0.02080000 0.00520000 0.99980000
vn 0.02000000 0.00510000 0.99980000
vn 0.02080000 0.00520000 0.99980000
vn -0.02000000 0.00530000 0.99980000
vn 0.99800000 -0.00030000 -0.06330000
vn 0.99810000 0.00030000 0.06230000
vn 0.99800000 0.00030000 0.06330000
vn 0.99810000 -0.00040000 -0.06230000
vn 0.02090000 -0.00520000 -0.99980000
vn -0.02000000 -0.00530000 -0.99980000
vn -0.02080000 -0.00520000 -0.99980000
vn 0.02010000 -0.00540000 -0.99980000
vn -0.99800000 0.00030000 0.06340000
vn -0.99810000 -0.00030000 -0.06220000
vn -0.99800000 -0.00030000 -0.06340000
vn -0.99810000 0.00040000 0.06230000
vn -0.02080000 0.00520000 0.99980000
vn 0.02010000 0.00520000 0.99980000
vn 0.02080000 0.00520000 0.99980000
vn -0.02000000 0.00530000 0.99980000
vn 0.99800000 -0.00030000 -0.06350000
vn 0.99810000 0.00020000 0.06220000
vn 0.99800000 0.00030000 0.06340000
vn 0.99810000 -0.00040000 -0.06220000
vn 0.02070000 -0.00520000 -0.99980000
vn -0.02010000 -0.00520000 -0.99980000
vn -0.02070000 -0.00520000 -0.99980000
vn 0.02010000 -0.00530000 -0.99980000
vn -0.99800000 0.00030000 0.06270000
vn -0.99810000 -0.00030000 -0.06150000
vn -0.99800000 -0.00030000 -0.06270000
vn -0.99810000 0.00040000 0.06150000
vn -0.02070000 0.00520000 0.99980000
vn 0.02010000 0.00510000 0.99980000
vn 0.02070000 0.00520000 0.99980000
vn -0.02010000 0.00520000 0.99980000
vn 0.99800000 -0.00030000 -0.06270000
vn 0.99810000 0.00030000 0.06140000
vn 0.99800000 0.00030000 0.06270000
vn 0.99810000 -0.00030000 -0.06140000
vn 0.02090000 -0.00520000 -0.99980000
vn -0.02010000 -0.00530000 -0.99980000
vn -0.02090000 -0.00520000 -0.99980000
vn 0.02010000 -0.00510000 -0.99980000
vn -0.99800000 0.00030000 0.06340000
vn -0.99810000 -0.00030000 -0.06220000
vn -0.99800000 -0.00030000 -0.06350000
vn -0.99810000 0.00040000 0.06230000
vn -0.02080000 0.00520000 0.99980000
vn 0.02010000 0.00520000 0.99980000
vn 0.02080000 0.00520000 0.99980000
vn -0.02000000 0.00530000 0.99980000
vn 0.99800000 -0.00030000 -0.06350000
vn 0.99810000 0.00020000 0.06220000
vn 0.99800000 0.00030000 0.06340000
vn 0.99810000 -0.00030000 -0.06220000
vn 0.02080000 -0.00520000 -0.99980000
vn -0.02010000 -0.00520000 -0.99980000
vn -0.02080000 -0.00520000 -0.99980000
vn 0.01990000 -0.00540000 -0.99980000
vn -0.99800000 0.00030000 0.06340000
vn -0.99810000 -0.00030000 -0.06230000
vn -0.99800000 -0.00030000 -0.06340000
vn -0.99810000 0.00040000 0.06230000
vn -0.02080000 0.00520000 0.99980000
vn 0.01990000 0.00510000 0.99980000
vn 0.02080000 0.00520000 0.99980000
vn -0.02010000 0.00520000 0.99980000
vn 0.99800000 -0.00030000 -0.06340000
vn 0.99810000 0.00040000 0.06220000
vn 0.99800000 0.00030000 0.06340000
vn 0.99810000 -0.00030000 -0.06220000
vn -0.99990000 -0.00320000 0.01350000
vn -0.97830000 0.00080000 0.20710000
vn -0.97750000 0.00020000 0.21110000
vn -0.99990000 0.00140000 0.01300000
vn 0.99520000 0.00220000 -0.09800000
vn 0.99520000 0.00160000 0.09830000
vn 0.99470000 0.00080000 0.10240000
vn 0.99520000 -0.00160000 -0.09830000
vn -0.99990000 -0.00310000 0.01330000
vn -0.97830000 0.00090000 0.20710000
vn -0.97750000 -0.00000000 0.21110000
vn -0.99990000 0.00110000 0.01300000
vn 0.99520000 0.00200000 -0.09800000
vn 0.99520000 0.00140000 0.09820000
vn 0.99480000 0.00070000 0.10230000
vn 0.99520000 -0.00160000 -0.09830000
vn -0.99990000 -0.00290000 0.01310000
vn -0.97830000 0.00080000 0.20700000
vn -0.97750000 0.00030000 0.21080000
vn -0.99990000 0.00120000 0.01270000
vn 0.99520000 0.00220000 -0.09810000
vn 0.99520000 0.00150000 0.09820000
vn 0.99480000 0.00090000 0.10230000
vn 0.99520000 -0.00140000 -0.09830000
vn -0.39460000 -0.04980000 -0.91750000
vn -0.41800000 -0.05200000 -0.90700000
vn -0.41500000 -0.09720000 -0.90460000
vn -0.39410000 -0.10490000 -0.91300000
vn 0.41700000 0.05850000 0.90700000
vn 0.41910000 -0.02010000 0.90770000
vn 0.39620000 -0.02580000 0.91780000
vn 0.39370000 0.06060000 0.91720000
vn -0.39410000 -0.03680000 0.91830000
vn -0.41680000 -0.04710000 0.90780000
vn -0.41880000 0.08480000 0.90410000
vn -0.39510000 0.10570000 0.91250000
vn 0.39440000 0.02430000 -0.91860000
vn 0.39520000 -0.03350000 -0.91800000
vn 0.41770000 -0.02760000 -0.90810000
vn 0.41820000 0.01850000 -0.90820000
vn -0.98950000 -0.13560000 0.05070000
vn -0.99810000 -0.03550000 0.05090000
vn -0.99770000 -0.04140000 -0.05290000
vn -0.98930000 -0.13760000 -0.04950000
vn 0.99750000 0.05000000 0.04990000
vn 0.99740000 -0.05110000 0.05060000
vn 0.99760000 -0.04590000 -0.05260000
vn 0.99740000 0.05080000 -0.05080000
vn -0.99990000 -0.00320000 0.01350000
vn -0.97830000 0.00100000 0.20720000
vn -0.97750000 0.00020000 0.21100000
vn -0.99990000 0.00130000 0.01310000
vn 0.99510000 0.00200000 0.09850000
vn 0.99520000 -0.00190000 0.09780000
vn 0.99480000 0.00030000 -0.10210000
vn 0.99520000 0.00190000 -0.09780000
vn -0.99990000 -0.00310000 0.01340000
vn -0.97830000 0.00070000 0.20720000
vn -0.97750000 -0.00000000 0.21110000
vn -0.99990000 0.00110000 0.01300000
vn 0.99520000 0.00200000 -0.09800000
vn 0.99520000 0.00140000 0.09830000
vn 0.99470000 0.00070000 0.10240000
vn 0.99520000 -0.00160000 -0.09820000
vn -0.99990000 -0.00290000 0.01310000
vn -0.97830000 0.00080000 0.20700000
vn -0.97750000 0.00030000 0.21090000
vn -0.99990000 0.00120000 0.01270000
vn 0.99510000 0.00200000 0.09840000
vn 0.99520000 -0.00170000 0.09790000
vn 0.99480000 0.00060000 -0.10200000
vn 0.99520000 0.00200000 -0.09790000
vn -0.99990000 -0.00320000 0.01350000
vn -0.97830000 0.00080000 0.20710000
vn -0.97750000 0.00020000 0.21110000
vn -0.99990000 0.00140000 0.01300000
vn 0.99510000 0.00200000 0.09850000
vn 0.99520000 -0.00190000 0.09780000
vn 0.99480000 0.00030000 -0.10210000
vn 0.99520000 0.00190000 -0.09780000
vn -0.99990000 -0.00300000 0.01340000
vn -0.97830000 0.00080000 0.20720000
vn -0.97750000 -0.00000000 0.21110000
vn -0.99990000 0.00110000 0.01300000
vn 0.99510000 0.00180000 0.09850000
vn 0.99520000 -0.00190000 0.09780000
vn 0.99480000 0.00030000 -0.10200000
vn 0.99520000 0.00170000 -0.09780000
vn -0.99990000 -0.00290000 0.01310000
vn -0.97830000 0.00080000 0.20700000
vn -0.97750000 0.00030000 0.21080000
vn -0.99990000 0.00120000 0.01270000
vn 0.99520000 0.00220000 -0.09800000
vn 0.99520000 0.00150000 0.09820000
vn 0.99480000 0.00090000 0.10230000
vn 0.99520000 -0.00130000 -0.09830000
vn -0.99990000 -0.00320000 0.01350000
vn -0.97830000 0.00090000 0.20710000
vn -0.97750000 0.00020000 0.21110000
vn -0.99990000 0.00130000 0.01310000
vn 0.99510000 0.00200000 0.09850000
vn 0.99520000 -0.00190000 0.09780000
vn 0.99480000 0.00030000 -0.10190000
vn 0.99520000 0.00190000 -0.09780000
vn -0.99990000 -0.00310000 0.01330000
vn -0.97830000 0.00090000 0.20720000
vn -0.97750000 -0.00000000 0.21110000
vn -0.99990000 0.00110000 0.01310000
vn 0.99510000 0.00180000 0.09850000
vn 0.99520000 -0.00190000 0.09780000
vn 0.99480000 0.00030000 -0.10200000
vn 0.99520000 0.00170000 -0.09780000
vn -0.99990000 -0.00290000 0.01310000
vn -0.97830000 0.00080000 0.20700000
vn -0.97750000 0.00030000 0.21080000
vn -0.99990000 0.00120000 0.01270000
vn 0.99520000 0.00220000 -0.09800000
vn 0.99520000 0.00150000 0.09820000
vn 0.99480000 0.00090000 0.10230000
vn 0.99520000 -0.00140000 -0.09830000
vn -0.98950000 -0.13560000 0.04990000
vn -0.99810000 -0.03540000 0.05000000
vn -0.99780000 -0.04100000 -0.05290000
vn -0.98930000 -0.13760000 -0.04950000
vn 0.99750000 0.05000000 0.04910000
vn 0.99740000 -0.05110000 0.05000000
vn 0.99750000 -0.04640000 -0.05240000
vn 0.99740000 0.05090000 -0.05080000
vn -0.03170000 0.03070000 0.99900000
vn -0.03050000 -0.02170000 0.99930000
vn -0.00320000 -0.02580000 0.99970000
vn -0.00290000 0.03630000 0.99930000
vn -0.00350000 -0.02630000 0.99960000
vn -0.00330000 0.03670000 0.99930000
vn 0.04830000 -0.02020000 0.99860000
vn 0.04710000 0.03210000 0.99840000
vn 0.00060000 0.99430000 -0.10650000
vn -0.00000000 0.99540000 0.09610000
vn -0.00380000 0.99540000 0.09600000
vn -0.00390000 0.99450000 -0.10430000
vn -0.00200000 0.99430000 -0.10640000
vn -0.00020000 0.99540000 0.09610000
vn 0.00320000 0.99410000 -0.10840000
vn 0.00710000 0.99560000 0.09380000
vn 0.00280000 0.02600000 -0.99970000
vn 0.00290000 -0.03660000 -0.99930000
vn -0.03060000 -0.03190000 -0.99900000
vn -0.03040000 0.02160000 -0.99930000
vn 0.00350000 0.02560000 -0.99970000
vn 0.00330000 -0.03600000 -0.99930000
vn 0.01140000 -0.03210000 -0.99940000
vn 0.01280000 0.02020000 -0.99970000
vn 0.00090000 0.99400000 -0.10950000
vn -0.00070000 0.99670000 0.08160000
vn -0.00330000 0.99040000 0.13810000
vn -0.00410000 0.98630000 -0.16520000
vn -0.00120000 0.99800000 -0.06290000
vn 0.00090000 0.98270000 0.18520000
vn 0.00130000 0.99070000 -0.13620000
vn 0.00930000 0.99860000 0.05230000
vn 0.00440000 0.02600000 -0.99970000
vn 0.00450000 -0.03660000 -0.99930000
vn -0.03050000 -0.03220000 -0.99900000
vn -0.03050000 0.02160000 -0.99930000
vn 0.00530000 0.02560000 -0.99970000
vn 0.00510000 -0.03600000 -0.99930000
vn 0.01370000 -0.03240000 -0.99940000
vn 0.01520000 0.02030000 -0.99970000
vn -0.00440000 0.03340000 0.99940000
vn -0.00500000 -0.02290000 0.99970000
vn 0.02730000 -0.01820000 0.99950000
vn 0.02730000 0.02880000 0.99920000
vn -0.00360000 -0.02020000 0.99980000
vn -0.00370000 0.03040000 0.99950000
vn -0.02670000 0.02000000 0.99940000
vn -0.02560000 -0.01100000 0.99960000
vn 0.00460000 0.99390000 -0.11050000
vn 0.00490000 0.99580000 0.09120000
vn -0.00100000 0.99540000 0.09610000
vn 0.00050000 0.99430000 -0.10640000
vn -0.00070000 0.99540000 0.09610000
vn 0.00020000 0.99430000 -0.10640000
vn -0.00450000 0.99450000 -0.10480000
vn -0.00270000 0.99570000 0.09260000
vn 0.00220000 -0.99430000 0.10650000
vn -0.00010000 -0.99530000 0.09700000
vn 0.00410000 -0.99690000 -0.07860000
vn 0.00360000 -0.99690000 -0.07910000
vn -0.00060000 -0.99430000 0.10680000
vn 0.00030000 -0.99750000 -0.07130000
vn -0.00990000 -0.99800000 -0.06170000
vn -0.00920000 -0.99460000 0.10330000
vn 0.00090000 -0.99430000 0.10660000
vn 0.00140000 -0.99510000 0.09870000
vn 0.00220000 -0.99550000 -0.09500000
vn -0.00110000 -0.99540000 -0.09600000
vn -0.00070000 -0.99430000 0.10660000
vn 0.00090000 -0.99540000 -0.09590000
vn -0.00340000 -0.99550000 -0.09520000
vn -0.00400000 -0.99450000 0.10430000
vn 0.00060000 -0.99430000 0.10650000
vn 0.00140000 -0.99510000 0.09870000
vn 0.00220000 -0.99550000 -0.09430000
vn -0.00200000 -0.99540000 -0.09600000
vn -0.00020000 -0.99430000 0.10660000
vn 0.00060000 -0.99540000 -0.09590000
vn -0.00380000 -0.99540000 -0.09600000
vn -0.00400000 -0.99450000 0.10430000
vn 0.00790000 0.99840000 0.05550000
vn 0.02110000 0.99980000 -0.00390000
vn 0.03330000 0.99880000 -0.03470000
vn 0.01260000 0.99960000 -0.02360000
vn 0.00270000 0.99930000 0.03740000
vn 0.01320000 0.99970000 -0.02230000
vn -0.02510000 0.99880000 0.04100000
vn -0.00690000 0.99760000 0.06960000
vn -0.02300000 -0.99970000 0.00540000
vn -0.02500000 -0.99960000 -0.01280000
vn 0.00820000 -0.99730000 -0.07320000
vn -0.00790000 -0.99850000 -0.05470000
vn -0.01310000 -0.99970000 0.02280000
vn 0.00430000 -0.99940000 -0.03440000
vn 0.04580000 -0.99890000 -0.00160000
vn -0.01050000 -0.99810000 0.06000000
vn -0.79120000 -0.06040000 0.60860000
vn -0.79010000 0.06610000 0.60940000
vn -0.81010000 0.07610000 0.58130000
vn -0.81330000 -0.05810000 0.57890000
vn -0.79100000 -0.03880000 0.61050000
vn -0.79180000 0.04830000 0.60890000
vn -0.78960000 0.09050000 0.60700000
vn -0.78190000 -0.13600000 0.60840000
vn 0.79200000 -0.06660000 -0.60690000
vn 0.78970000 -0.05570000 -0.61100000
vn 0.78990000 0.06620000 -0.60970000
vn 0.79290000 0.06010000 -0.60640000
vn 0.79180000 -0.04850000 -0.60880000
vn 0.79090000 0.03870000 -0.61080000
vn 0.79950000 0.14210000 -0.58360000
vn 0.80980000 -0.09840000 -0.57830000
vn 0.00210000 0.99970000 0.02490000
vn -0.01000000 0.99950000 -0.02970000
vn -0.01280000 0.99990000 0.00890000
vn 0.02040000 0.99970000 0.01240000
vn -0.00350000 0.99920000 0.03910000
vn -0.01430000 0.99970000 -0.01720000
vn -0.03530000 0.99830000 -0.04550000
vn 0.00770000 0.99990000 0.01410000
vn -0.00650000 -0.99830000 0.05820000
vn -0.00060000 -0.99850000 0.05520000
vn 0.00890000 -0.99850000 -0.05410000
vn -0.00590000 -0.99880000 -0.04780000
vn -0.00060000 -0.99830000 0.05820000
vn -0.00040000 -0.99890000 -0.04720000
vn 0.00740000 -0.99850000 -0.05390000
vn 0.01380000 -0.99840000 0.05520000
vn -0.00080000 0.00490000 1.00000000
vn 0.00020000 0.02170000 0.99980000
vn 0.03180000 0.03310000 0.99890000
vn 0.02980000 0.00650000 0.99950000
vn 0.00390000 0.01310000 0.99990000
vn 0.00290000 0.02230000 0.99970000
vn -0.02510000 0.02670000 0.99930000
vn -0.02560000 0.01620000 0.99950000
vn 0.00190000 -0.04350000 -0.99910000
vn 0.03100000 -0.03990000 -0.99870000
vn 0.03100000 0.02270000 -0.99930000
vn 0.00280000 0.01130000 -0.99990000
vn -0.00100000 -0.05940000 -0.99820000
vn -0.00030000 0.01100000 -0.99990000
vn -0.04150000 0.01540000 -0.99900000
vn -0.04040000 -0.08730000 -0.99540000
vn -0.03170000 0.03070000 0.99900000
vn -0.03040000 -0.02160000 0.99930000
vn -0.00320000 -0.02570000 0.99970000
vn -0.00290000 0.03650000 0.99930000
vn -0.00350000 -0.02640000 0.99960000
vn -0.00330000 0.03670000 0.99930000
vn 0.04830000 -0.02020000 0.99860000
vn 0.04710000 0.03210000 0.99840000
vn 0.00060000 0.99440000 -0.10580000
vn -0.00000000 0.99540000 0.09540000
vn -0.00390000 0.99550000 0.09520000
vn -0.00410000 0.99460000 -0.10350000
vn -0.00200000 0.99440000 -0.10560000
vn -0.00020000 0.99540000 0.09530000
vn 0.00310000 0.99400000 -0.10900000
vn 0.00710000 0.99560000 0.09380000
vn 0.00280000 0.02600000 -0.99970000
vn 0.00290000 -0.03660000 -0.99930000
vn -0.03060000 -0.03180000 -0.99900000
vn -0.03040000 0.02160000 -0.99930000
vn 0.00350000 0.02560000 -0.99970000
vn 0.00330000 -0.03600000 -0.99930000
vn 0.01130000 -0.03220000 -0.99940000
vn 0.01280000 0.02020000 -0.99970000
vn 0.00090000 0.99410000 -0.10870000
vn -0.00070000 0.99670000 0.08160000
vn -0.00320000 0.99030000 0.13890000
vn -0.00410000 0.98630000 -0.16520000
vn -0.00120000 0.99800000 -0.06360000
vn 0.00090000 0.98280000 0.18460000
vn 0.00130000 0.99070000 -0.13620000
vn 0.00930000 0.99860000 0.05230000
vn 0.00440000 0.02610000 -0.99960000
vn 0.00450000 -0.03650000 -0.99930000
vn -0.03050000 -0.03220000 -0.99900000
vn -0.03050000 0.02160000 -0.99930000
vn 0.00530000 0.02550000 -0.99970000
vn 0.00510000 -0.03610000 -0.99930000
vn 0.01370000 -0.03240000 -0.99940000
vn 0.01520000 0.02030000 -0.99970000
vn -0.00440000 0.03340000 0.99940000
vn -0.00500000 -0.02290000 0.99970000
vn 0.02720000 -0.01820000 0.99950000
vn 0.02710000 0.02880000 0.99920000
vn -0.00360000 -0.02020000 0.99980000
vn -0.00370000 0.03040000 0.99950000
vn -0.02670000 0.02000000 0.99940000
vn -0.02560000 -0.01100000 0.99960000
vn 0.00450000 0.99390000 -0.11050000
vn 0.00480000 0.99580000 0.09120000
vn -0.00110000 0.99540000 0.09530000
vn 0.00040000 0.99440000 -0.10560000
vn -0.00070000 0.99540000 0.09540000
vn 0.00020000 0.99440000 -0.10550000
vn -0.00450000 0.99440000 -0.10540000
vn -0.00270000 0.99570000 0.09260000
vn 0.00220000 -0.99440000 0.10570000
vn -0.00000000 -0.99530000 0.09700000
vn 0.00410000 -0.99690000 -0.07860000
vn 0.00360000 -0.99680000 -0.07990000
vn -0.00060000 -0.99440000 0.10580000
vn 0.00030000 -0.99750000 -0.07050000
vn -0.00990000 -0.99800000 -0.06250000
vn -0.00920000 -0.99460000 0.10330000
vn 0.00090000 -0.99440000 0.10580000
vn 0.00140000 -0.99510000 0.09870000
vn 0.00220000 -0.99550000 -0.09500000
vn -0.00110000 -0.99550000 -0.09520000
vn -0.00070000 -0.99440000 0.10590000
vn 0.00090000 -0.99550000 -0.09510000
vn -0.00340000 -0.99550000 -0.09440000
vn -0.00410000 -0.99460000 0.10340000
vn 0.00060000 -0.99440000 0.10590000
vn 0.00140000 -0.99510000 0.09870000
vn 0.00230000 -0.99550000 -0.09500000
vn -0.00200000 -0.99550000 -0.09520000
vn -0.00020000 -0.99440000 0.10580000
vn 0.00060000 -0.99550000 -0.09510000
vn -0.00390000 -0.99540000 -0.09520000
vn -0.00410000 -0.99460000 0.10340000
vn -0.03170000 0.03060000 0.99900000
vn -0.03040000 -0.02160000 0.99930000
vn -0.00320000 -0.02570000 0.99970000
vn -0.00290000 0.03650000 0.99930000
vn -0.00350000 -0.02630000 0.99960000
vn -0.00330000 0.03670000 0.99930000
vn 0.04830000 -0.02020000 0.99860000
vn 0.04710000 0.03210000 0.99840000
vn 0.00060000 0.99440000 -0.10580000
vn -0.00000000 0.99540000 0.09530000
vn -0.00390000 0.99550000 0.09520000
vn -0.00400000 0.99460000 -0.10340000
vn -0.00200000 0.99440000 -0.10560000
vn -0.00020000 0.99540000 0.09530000
vn 0.00310000 0.99400000 -0.10900000
vn 0.00710000 0.99560000 0.09380000
vn 0.00280000 0.02600000 -0.99970000
vn 0.00290000 -0.03660000 -0.99930000
vn -0.03060000 -0.03180000 -0.99900000
vn -0.03040000 0.02160000 -0.99930000
vn 0.00350000 0.02570000 -0.99970000
vn 0.00330000 -0.03590000 -0.99930000
vn 0.01130000 -0.03210000 -0.99940000
vn 0.01280000 0.02020000 -0.99970000
vn 0.00090000 0.99410000 -0.10870000
vn -0.00070000 0.99670000 0.08160000
vn -0.00320000 0.99030000 0.13890000
vn -0.00410000 0.98630000 -0.16520000
vn -0.00120000 0.99800000 -0.06360000
vn 0.00090000 0.98280000 0.18460000
vn 0.00130000 0.99070000 -0.13620000
vn 0.00930000 0.99860000 0.05230000
vn 0.00440000 0.02610000 -0.99960000
vn 0.00450000 -0.03650000 -0.99930000
vn -0.03050000 -0.03210000 -0.99900000
vn -0.03050000 0.02160000 -0.99930000
vn 0.00530000 0.02570000 -0.99970000
vn 0.00510000 -0.03610000 -0.99930000
vn 0.01370000 -0.03240000 -0.99940000
vn 0.01520000 0.02030000 -0.99970000
vn -0.00440000 0.03340000 0.99940000
vn -0.00500000 -0.02290000 0.99970000
vn 0.02720000 -0.01820000 0.99950000
vn 0.02730000 0.02880000 0.99920000
vn -0.00360000 -0.02020000 0.99980000
vn -0.00370000 0.03040000 0.99950000
vn -0.02670000 0.02000000 0.99940000
vn -0.02560000 -0.01100000 0.99960000
vn 0.00450000 0.99390000 -0.11050000
vn 0.00490000 0.99580000 0.09120000
vn -0.00110000 0.99540000 0.09540000
vn 0.00040000 0.99440000 -0.10570000
vn -0.00070000 0.99540000 0.09540000
vn 0.00020000 0.99440000 -0.10550000
vn -0.00450000 0.99440000 -0.10550000
vn -0.00270000 0.99570000 0.09260000
vn 0.00220000 -0.99440000 0.10570000
vn -0.00000000 -0.99530000 0.09700000
vn 0.00400000 -0.99690000 -0.07880000
vn 0.00360000 -0.99680000 -0.07990000
vn -0.00060000 -0.99440000 0.10580000
vn 0.00030000 -0.99750000 -0.07050000
vn -0.00990000 -0.99800000 -0.06250000
vn -0.00910000 -0.99460000 0.10340000
vn 0.00090000 -0.99440000 0.10580000
vn 0.00140000 -0.99510000 0.09870000
vn 0.00220000 -0.99550000 -0.09500000
vn -0.00110000 -0.99540000 -0.09530000
vn -0.00070000 -0.99440000 0.10580000
vn 0.00090000 -0.99550000 -0.09510000
vn -0.00340000 -0.99550000 -0.09440000
vn -0.00410000 -0.99460000 0.10340000
vn 0.00060000 -0.99440000 0.10590000
vn 0.00140000 -0.99510000 0.09860000
vn 0.00220000 -0.99550000 -0.09500000
vn -0.00200000 -0.99550000 -0.09520000
vn -0.00020000 -0.99440000 0.10580000
vn 0.00060000 -0.99550000 -0.09520000
vn -0.00390000 -0.99550000 -0.09520000
vn -0.00410000 -0.99460000 0.10340000
vn -0.03170000 0.03070000 0.99900000
vn -0.03040000 -0.02170000 0.99930000
vn -0.00320000 -0.02580000 0.99970000
vn -0.00290000 0.03640000 0.99930000
vn -0.00350000 -0.02630000 0.99960000
vn -0.00330000 0.03680000 0.99930000
vn 0.04830000 -0.02030000 0.99860000
vn 0.04710000 0.03220000 0.99840000
vn 0.00060000 0.99440000 -0.10570000
vn -0.00000000 0.99540000 0.09530000
vn -0.00390000 0.99540000 0.09520000
vn -0.00410000 0.99460000 -0.10340000
vn -0.00200000 0.99440000 -0.10570000
vn -0.00020000 0.99540000 0.09530000
vn 0.00310000 0.99400000 -0.10900000
vn 0.00700000 0.99560000 0.09380000
vn 0.00280000 0.02590000 -0.99970000
vn 0.00290000 -0.03650000 -0.99930000
vn -0.03050000 -0.03200000 -0.99900000
vn -0.03030000 0.02170000 -0.99930000
vn 0.00350000 0.02570000 -0.99970000
vn 0.00330000 -0.03600000 -0.99930000
vn 0.01120000 -0.03220000 -0.99940000
vn 0.01280000 0.02020000 -0.99970000
vn 0.00090000 0.99410000 -0.10860000
vn -0.00070000 0.99670000 0.08160000
vn -0.00320000 0.99030000 0.13890000
vn -0.00410000 0.98630000 -0.16520000
vn -0.00120000 0.99800000 -0.06360000
vn 0.00090000 0.98280000 0.18460000
vn 0.00130000 0.99070000 -0.13620000
vn 0.00930000 0.99860000 0.05230000
vn 0.00440000 0.02600000 -0.99970000
vn 0.00450000 -0.03660000 -0.99930000
vn -0.03050000 -0.03210000 -0.99900000
vn -0.03040000 0.02160000 -0.99930000
vn 0.00530000 0.02570000 -0.99970000
vn 0.00510000 -0.03610000 -0.99930000
vn 0.01360000 -0.03240000 -0.99940000
vn 0.01520000 0.02030000 -0.99970000
vn -0.00440000 0.03340000 0.99940000
vn -0.00500000 -0.02290000 0.99970000
vn 0.02720000 -0.01820000 0.99950000
vn 0.02720000 0.02880000 0.99920000
vn -0.00360000 -0.02020000 0.99980000
vn -0.00370000 0.03040000 0.99950000
vn -0.02670000 0.02000000 0.99940000
vn -0.02560000 -0.01100000 0.99960000
vn 0.00450000 0.99390000 -0.11050000
vn 0.00490000 0.99580000 0.09120000
vn -0.00110000 0.99540000 0.09540000
vn 0.00040000 0.99440000 -0.10580000
vn -0.00070000 0.99540000 0.09550000
vn 0.00020000 0.99440000 -0.10550000
vn -0.00440000 0.99440000 -0.10550000
vn -0.00260000 0.99570000 0.09250000
vn 0.00220000 -0.99440000 0.10570000
vn -0.00000000 -0.99530000 0.09710000
vn 0.00400000 -0.99690000 -0.07870000
vn 0.00360000 -0.99680000 -0.07990000
vn -0.00060000 -0.99440000 0.10590000
vn 0.00030000 -0.99750000 -0.07050000
vn -0.00980000 -0.99800000 -0.06250000
vn -0.00910000 -0.99460000 0.10340000
vn 0.00090000 -0.99440000 0.10580000
vn 0.00140000 -0.99510000 0.09860000
vn 0.00220000 -0.99550000 -0.09500000
vn -0.00110000 -0.99550000 -0.09520000
vn -0.00070000 -0.99440000 0.10580000
vn 0.00090000 -0.99550000 -0.09510000
vn -0.00340000 -0.99550000 -0.09440000
vn -0.00410000 -0.99460000 0.10340000
vn 0.00060000 -0.99440000 0.10590000
vn 0.00140000 -0.99510000 0.09860000
vn 0.00230000 -0.99550000 -0.09500000
vn -0.00200000 -0.99550000 -0.09520000
vn -0.00020000 -0.99440000 0.10590000
vn 0.00060000 -0.99550000 -0.09510000
vn -0.00390000 -0.99540000 -0.09520000
vn -0.00390000 -0.99460000 0.10340000
vn -0.00800000 -0.99810000 0.06130000
vn -0.00370000 -0.99830000 0.05840000
vn 0.00540000 -0.99840000 -0.05690000
vn -0.00740000 -0.99870000 -0.05070000
vn -0.00430000 -0.99800000 0.06370000
vn -0.00420000 -0.99860000 -0.05190000
vn 0.00400000 -0.99840000 -0.05590000
vn 0.00210000 -0.99780000 0.06650000
vn -0.00100000 -0.01140000 0.99990000
vn 0.00010000 0.02180000 0.99980000
vn 0.03170000 0.03300000 0.99900000
vn 0.03000000 -0.00820000 0.99950000
vn -0.00030000 -0.01080000 0.99990000
vn -0.00010000 0.02210000 0.99980000
vn -0.03120000 0.02570000 0.99920000
vn -0.03160000 -0.01620000 0.99940000
vn 0.00190000 -0.02190000 -0.99980000
vn 0.03120000 -0.02000000 -0.99930000
vn 0.03160000 0.00550000 -0.99950000
vn 0.00290000 -0.00470000 -1.00000000
vn -0.00030000 -0.02120000 -0.99980000
vn 0.00020000 -0.01290000 -0.99990000
vn -0.03530000 -0.01770000 -0.99920000
vn -0.03480000 -0.02510000 -0.99910000
vn -0.03180000 0.03080000 0.99900000
vn -0.03040000 -0.02150000 0.99930000
vn -0.00460000 -0.02540000 0.99970000
vn -0.00450000 0.03630000 0.99930000
vn -0.00530000 -0.02580000 0.99970000
vn -0.00510000 0.03670000 0.99930000
vn 0.04590000 -0.01990000 0.99870000
vn 0.04470000 0.03180000 0.99850000
vn 0.00380000 -0.03100000 -0.99950000
vn -0.03590000 -0.02020000 -0.99920000
vn -0.03440000 0.02140000 -0.99920000
vn 0.00370000 0.02570000 -0.99970000
vn 0.00500000 0.02580000 -0.99970000
vn 0.00450000 -0.03320000 -0.99940000
vn 0.03350000 -0.02940000 -0.99900000
vn 0.03500000 0.02040000 -0.99920000
vn -0.00350000 -0.99880000 0.04860000
vn -0.01470000 -0.99990000 -0.00770000
vn -0.01700000 -0.99800000 -0.06030000
vn 0.00600000 -0.99880000 -0.04930000
vn -0.02290000 -0.99970000 0.01260000
vn -0.01470000 -0.99730000 0.07260000
vn 0.02450000 -0.99420000 0.10490000
vn 0.00740000 -0.99580000 0.09070000
vn 0.79120000 -0.03810000 0.61030000
vn 0.81340000 -0.04070000 0.58030000
vn 0.81280000 0.04760000 0.58060000
vn 0.79100000 0.04450000 0.61010000
vn 0.79160000 0.04380000 0.60950000
vn 0.79040000 -0.04640000 0.61080000
vn 0.79260000 0.06490000 0.60630000
vn 0.78110000 0.17480000 0.59940000
vn -0.79110000 -0.04470000 -0.61000000
vn -0.79140000 0.01370000 -0.61110000
vn -0.79440000 0.00910000 -0.60740000
vn -0.79360000 -0.04080000 -0.60710000
vn -0.78980000 0.03030000 -0.61260000
vn -0.79080000 -0.04390000 -0.61050000
vn -0.80250000 -0.17930000 -0.56900000
vn -0.81800000 -0.06700000 -0.57120000
vn 0.00060000 0.99890000 0.04790000
vn -0.01830000 0.99880000 0.04500000
vn -0.02770000 0.99760000 -0.06400000
vn 0.00050000 0.99830000 -0.05800000
vn 0.00670000 0.99830000 -0.05840000
vn 0.00610000 0.99890000 0.04740000
vn 0.00670000 0.99890000 0.04580000
vn 0.00530000 0.99840000 -0.05550000
vn -0.03180000 0.03070000 0.99900000
vn -0.03040000 -0.02150000 0.99930000
vn -0.00460000 -0.02550000 0.99970000
vn -0.00450000 0.03630000 0.99930000
vn -0.00530000 -0.02590000 0.99960000
vn -0.00510000 0.03670000 0.99930000
vn 0.04590000 -0.01990000 0.99870000
vn 0.04470000 0.03180000 0.99850000
vn 0.00380000 -0.03100000 -0.99950000
vn -0.03580000 -0.02020000 -0.99920000
vn -0.03440000 0.02150000 -0.99920000
vn 0.00370000 0.02570000 -0.99970000
vn 0.00500000 0.02580000 -0.99970000
vn 0.00450000 -0.03320000 -0.99940000
vn 0.03350000 -0.02940000 -0.99900000
vn 0.03500000 0.02040000 -0.99920000
vn -0.03180000 0.03070000 0.99900000
vn -0.03050000 -0.02160000 0.99930000
vn -0.00460000 -0.02560000 0.99970000
vn -0.00450000 0.03630000 0.99930000
vn -0.00530000 -0.02590000 0.99970000
vn -0.00510000 0.03680000 0.99930000
vn 0.04600000 -0.01980000 0.99870000
vn 0.04480000 0.03180000 0.99850000
vn 0.00380000 -0.03100000 -0.99950000
vn -0.03590000 -0.02020000 -0.99920000
vn -0.03440000 0.02150000 -0.99920000
vn 0.00370000 0.02570000 -0.99970000
vn 0.00500000 0.02580000 -0.99970000
vn 0.00450000 -0.03320000 -0.99940000
vn 0.03350000 -0.02940000 -0.99900000
vn 0.03500000 0.02030000 -0.99920000
vn -0.03180000 0.03070000 0.99900000
vn -0.03050000 -0.02150000 0.99930000
vn -0.00460000 -0.02560000 0.99970000
vn -0.00450000 0.03630000 0.99930000
vn -0.00530000 -0.02580000 0.99970000
vn -0.00510000 0.03690000 0.99930000
vn 0.04600000 -0.01980000 0.99870000
vn 0.04460000 0.03170000 0.99850000
vn 0.00380000 -0.03110000 -0.99950000
vn -0.03590000 -0.02020000 -0.99920000
vn -0.03430000 0.02150000 -0.99920000
vn 0.00370000 0.02570000 -0.99970000
vn 0.00500000 0.02590000 -0.99970000
vn 0.00450000 -0.03330000 -0.99940000
vn 0.03360000 -0.02940000 -0.99900000
vn 0.03490000 0.02040000 -0.99920000
vn 0.00410000 0.99860000 0.05340000
vn -0.00770000 0.99840000 0.05570000
vn -0.01600000 0.99780000 -0.06370000
vn 0.00420000 0.99840000 -0.05720000
vn 0.00820000 0.99830000 -0.05760000
vn 0.00760000 0.99870000 0.05040000
vn 0.00960000 0.99880000 0.04810000
vn 0.00830000 0.99840000 -0.05570000
vn 0.01050000 -0.65100000 -0.75900000
vn -0.53630000 -0.53970000 -0.64890000
vn -0.64650000 0.00560000 -0.76290000
vn -0.64690000 -0.01350000 -0.76250000
vn -0.53630000 0.53300000 -0.65450000
vn 0.01040000 0.64260000 -0.76610000
vn -0.01050000 0.64300000 -0.76580000
vn 0.53540000 0.53220000 -0.65580000
vn 0.64650000 -0.01340000 -0.76280000
vn 0.64690000 0.00570000 -0.76260000
vn 0.53540000 -0.53900000 -0.65020000
vn -0.01030000 -0.65060000 -0.75930000
vn 0.00610000 -0.63410000 0.77320000
vn -0.55230000 -0.52380000 0.64860000
vn -0.71370000 -0.69930000 0.03990000
vn -0.71320000 -0.70020000 -0.03260000
vn -0.55220000 -0.53080000 -0.64300000
vn 0.00610000 -0.64210000 -0.76660000
vn -0.00610000 -0.64210000 -0.76660000
vn 0.55130000 -0.53000000 -0.64430000
vn 0.71370000 -0.69970000 -0.03240000
vn 0.71320000 -0.69980000 0.03990000
vn 0.55220000 -0.52390000 0.64860000
vn -0.00610000 -0.63400000 0.77330000
vn -0.63810000 -0.00120000 0.77000000
vn -0.52740000 0.55560000 0.64280000
vn -0.69970000 0.71370000 0.03250000
vn -0.70020000 0.71280000 -0.03990000
vn -0.52740000 0.54880000 -0.64860000
vn -0.63790000 -0.00920000 -0.77010000
vn -0.63800000 0.00130000 -0.77000000
vn -0.52740000 -0.55560000 -0.64280000
vn -0.69970000 -0.71370000 -0.03240000
vn -0.70020000 -0.71280000 0.03990000
vn -0.52740000 -0.54860000 0.64870000
vn -0.63790000 0.00940000 0.77010000
vn 0.00610000 0.63410000 -0.77320000
vn -0.55220000 0.52400000 -0.64840000
vn -0.71370000 0.69930000 -0.03990000
vn -0.71320000 0.70020000 0.03250000
vn -0.55220000 0.53070000 0.64300000
vn 0.00610000 0.64220000 0.76650000
vn -0.00610000 0.64210000 0.76660000
vn 0.55220000 0.53080000 0.64290000
vn 0.71370000 0.69970000 0.03250000
vn 0.71320000 0.69980000 -0.03990000
vn 0.55120000 0.52330000 -0.64990000
vn -0.00610000 0.63410000 -0.77330000
vn 0.70020000 -0.71320000 -0.03260000
vn 0.52650000 -0.55480000 -0.64420000
vn 0.63800000 0.00130000 -0.77000000
vn 0.63800000 -0.00930000 -0.77000000
vn 0.52650000 0.54810000 -0.64990000
vn 0.69980000 0.71330000 -0.03980000
vn 0.70020000 0.71320000 0.03250000
vn 0.52730000 0.55560000 0.64290000
vn 0.63790000 -0.00110000 0.77010000
vn 0.63800000 0.00940000 0.77000000
vn 0.52730000 -0.54880000 0.64870000
vn 0.69970000 -0.71330000 0.03980000
vn -0.64690000 0.01370000 0.76250000
vn -0.53640000 -0.53280000 0.65450000
vn 0.01040000 -0.64260000 0.76620000
vn -0.01050000 -0.64300000 0.76580000
vn 0.53630000 -0.53300000 0.65450000
vn 0.64650000 0.01350000 0.76280000
vn 0.64690000 -0.00550000 0.76260000
vn 0.53640000 0.53980000 0.64880000
vn -0.01030000 0.65060000 0.75940000
vn 0.01050000 0.65100000 0.75900000
vn -0.53630000 0.53970000 0.64890000
vn -0.64650000 -0.00530000 0.76290000
vn 0.01070000 -0.65100000 -0.75900000
vn -0.53560000 -0.53890000 -0.65020000
vn -0.64660000 0.00560000 -0.76280000
vn -0.64700000 -0.01350000 -0.76240000
vn -0.53560000 0.53210000 -0.65580000
vn 0.01060000 0.64260000 -0.76610000
vn -0.01070000 0.64300000 -0.76580000
vn 0.53550000 0.53210000 -0.65580000
vn 0.64660000 -0.01330000 -0.76270000
vn 0.64700000 0.00570000 -0.76250000
vn 0.53550000 -0.53890000 -0.65020000
vn -0.01050000 -0.65060000 -0.75940000
vn 0.00640000 -0.63410000 0.77320000
vn -0.55220000 -0.52390000 0.64850000
vn -0.71360000 -0.69940000 0.03990000
vn -0.71310000 -0.70030000 -0.03260000
vn -0.55140000 -0.53000000 -0.64420000
vn 0.00630000 -0.64210000 -0.76660000
vn -0.00630000 -0.64220000 -0.76650000
vn 0.55150000 -0.53000000 -0.64420000
vn 0.71360000 -0.69980000 -0.03250000
vn 0.71310000 -0.69990000 0.04000000
vn 0.55210000 -0.52410000 0.64850000
vn -0.00630000 -0.63400000 0.77330000
vn -0.63810000 -0.00110000 0.76990000
vn -0.52740000 0.55560000 0.64280000
vn -0.69980000 0.71360000 0.03250000
vn -0.70010000 0.71290000 -0.04000000
vn -0.52660000 0.54800000 -0.64990000
vn -0.63810000 -0.00910000 -0.76990000
vn -0.63810000 0.00130000 -0.76990000
vn -0.52660000 -0.55480000 -0.64410000
vn -0.69960000 -0.71380000 -0.03230000
vn -0.70010000 -0.71290000 0.04000000
vn -0.52740000 -0.54880000 0.64860000
vn -0.63800000 0.00930000 0.77000000
vn 0.00630000 0.63410000 -0.77320000
vn -0.55150000 0.52310000 -0.64980000
vn -0.71360000 0.69940000 -0.03980000
vn -0.71320000 0.70020000 0.03260000
vn -0.55220000 0.53070000 0.64300000
vn 0.00630000 0.64210000 0.76660000
vn -0.00630000 0.64220000 0.76650000
vn 0.55220000 0.53080000 0.64290000
vn 0.71360000 0.69980000 0.03240000
vn 0.71310000 0.69990000 -0.03990000
vn 0.55140000 0.52320000 -0.64980000
vn -0.00630000 0.63410000 -0.77320000
vn 0.70010000 -0.71330000 -0.03260000
vn 0.52660000 -0.55480000 -0.64410000
vn 0.63810000 0.00130000 -0.77000000
vn 0.63810000 -0.00920000 -0.76990000
vn 0.52660000 0.54800000 -0.64990000
vn 0.69970000 0.71330000 -0.03980000
vn 0.70010000 0.71330000 0.03260000
vn 0.52730000 0.55560000 0.64290000
vn 0.63800000 -0.00100000 0.77000000
vn 0.63810000 0.00940000 0.76990000
vn 0.52730000 -0.54890000 0.64860000
vn 0.69970000 -0.71340000 0.03990000
vn -0.64700000 0.01380000 0.76240000
vn -0.53630000 -0.53290000 0.65450000
vn 0.01060000 -0.64260000 0.76610000
vn -0.01070000 -0.64310000 0.76570000
vn 0.53620000 -0.53310000 0.65450000
vn 0.64660000 0.01350000 0.76270000
vn 0.64700000 -0.00560000 0.76250000
vn 0.53630000 0.53980000 0.64880000
vn -0.01050000 0.65060000 0.75930000
vn 0.01070000 0.65100000 0.75900000
vn -0.53630000 0.53960000 0.64900000
vn -0.64660000 -0.00530000 0.76280000
vn 0.01050000 -0.65110000 -0.75900000
vn -0.53540000 -0.53900000 -0.65020000
vn -0.64650000 0.00550000 -0.76290000
vn -0.64690000 -0.01350000 -0.76240000
vn -0.53530000 0.53220000 -0.65590000
vn 0.01040000 0.64260000 -0.76610000
vn -0.01050000 0.64300000 -0.76580000
vn 0.53630000 0.53290000 -0.65450000
vn 0.64650000 -0.01340000 -0.76280000
vn 0.64690000 0.00570000 -0.76260000
vn 0.53630000 -0.53990000 -0.64880000
vn -0.01030000 -0.65060000 -0.75930000
vn -0.71320000 -0.70020000 -0.03260000
vn -0.55120000 -0.53010000 -0.64430000
vn 0.00600000 -0.64200000 -0.76660000
vn -0.00610000 -0.64210000 -0.76660000
vn 0.55220000 -0.53080000 -0.64290000
vn 0.71370000 -0.69970000 -0.03240000
vn 0.71320000 -0.69980000 0.03990000
vn 0.55230000 -0.52380000 0.64850000
vn -0.00610000 -0.63400000 0.77330000
vn 0.00610000 -0.63410000 0.77330000
vn -0.55220000 -0.52400000 0.64840000
vn -0.71370000 -0.69930000 0.03990000
vn -0.63800000 -0.00120000 0.77010000
vn -0.52730000 0.55560000 0.64290000
vn -0.69980000 0.71360000 0.03230000
vn -0.70020000 0.71280000 -0.04000000
vn -0.52650000 0.54800000 -0.65000000
vn -0.63790000 -0.00920000 -0.77010000
vn -0.63800000 0.00140000 -0.77000000
vn -0.52640000 -0.55490000 -0.64420000
vn -0.69970000 -0.71370000 -0.03250000
vn -0.70020000 -0.71280000 0.04000000
vn -0.52730000 -0.54880000 0.64870000
vn -0.63800000 0.00940000 0.77000000
vn 0.00610000 0.63420000 -0.77310000
vn -0.55130000 0.52320000 -0.64990000
vn -0.71360000 0.69940000 -0.03980000
vn -0.71320000 0.70020000 0.03260000
vn -0.55220000 0.53060000 0.64300000
vn 0.00610000 0.64220000 0.76650000
vn -0.00610000 0.64220000 0.76650000
vn 0.55220000 0.53070000 0.64300000
vn 0.71370000 0.69970000 0.03250000
vn 0.71320000 0.69980000 -0.03990000
vn 0.55220000 0.52400000 -0.64850000
vn -0.00610000 0.63400000 -0.77330000
vn 0.70020000 -0.71320000 -0.03250000
vn 0.52740000 -0.55560000 -0.64280000
vn 0.63790000 0.00130000 -0.77010000
vn 0.63800000 -0.00920000 -0.77000000
vn 0.52730000 0.54890000 -0.64860000
vn 0.69980000 0.71330000 -0.03980000
vn 0.70020000 0.71320000 0.03260000
vn 0.52730000 0.55560000 0.64290000
vn 0.63790000 -0.00120000 0.77010000
vn 0.63810000 0.00930000 0.76990000
vn 0.52740000 -0.54870000 0.64870000
vn 0.69970000 -0.71330000 0.03990000
vn -0.64690000 0.01370000 0.76250000
vn -0.53640000 -0.53290000 0.65450000
vn 0.01030000 -0.64250000 0.76620000
vn -0.01050000 -0.64300000 0.76580000
vn 0.53640000 -0.53290000 0.65440000
vn 0.64650000 0.01350000 0.76280000
vn 0.64700000 -0.00550000 0.76250000
vn 0.53630000 0.53980000 0.64890000
vn -0.01040000 0.65060000 0.75940000
vn 0.01050000 0.65100000 0.75900000
vn -0.53630000 0.53980000 0.64880000
vn -0.64640000 -0.00530000 0.76290000
vn 0.01050000 -0.65120000 -0.75890000
vn -0.53630000 -0.53970000 -0.64890000
vn -0.64650000 0.00550000 -0.76290000
vn -0.64690000 -0.01370000 -0.76240000
vn -0.53640000 0.53280000 -0.65450000
vn 0.01030000 0.64260000 -0.76610000
vn -0.01050000 0.64300000 -0.76580000
vn 0.53640000 0.53280000 -0.65460000
vn 0.64650000 -0.01350000 -0.76280000
vn 0.64690000 0.00570000 -0.76260000
vn 0.53630000 -0.53980000 -0.64890000
vn -0.01030000 -0.65070000 -0.75930000
vn 0.00610000 -0.63410000 0.77320000
vn -0.55240000 -0.52370000 0.64860000
vn -0.71360000 -0.69940000 0.03970000
vn -0.71310000 -0.70030000 -0.03410000
vn -0.55220000 -0.53070000 -0.64300000
vn 0.00610000 -0.64220000 -0.76650000
vn -0.00610000 -0.64230000 -0.76650000
vn 0.55220000 -0.53080000 -0.64290000
vn 0.71350000 -0.69980000 -0.03400000
vn 0.71310000 -0.69990000 0.04000000
vn 0.55220000 -0.52400000 0.64850000
vn -0.00610000 -0.63410000 0.77320000
vn -0.63810000 -0.00140000 0.77000000
vn -0.52740000 0.55550000 0.64290000
vn -0.69970000 0.71370000 0.03250000
vn -0.70020000 0.71280000 -0.04150000
vn -0.52750000 0.54870000 -0.64860000
vn -0.63800000 -0.00940000 -0.77000000
vn -0.63800000 0.00130000 -0.77000000
vn -0.52740000 -0.55560000 -0.64280000
vn -0.69960000 -0.71370000 -0.03400000
vn -0.70010000 -0.71290000 0.03990000
vn -0.52750000 -0.54850000 0.64880000
vn -0.63790000 0.00940000 0.77010000
vn 0.00610000 0.63410000 -0.77320000
vn -0.55230000 0.52380000 -0.64860000
vn -0.71370000 0.69930000 -0.04140000
vn -0.71320000 0.70020000 0.03250000
vn -0.55230000 0.53060000 0.64300000
vn 0.00610000 0.64220000 0.76650000
vn -0.00610000 0.64220000 0.76650000
vn 0.55220000 0.53080000 0.64290000
vn 0.71370000 0.69970000 0.03240000
vn 0.71320000 0.69970000 -0.04150000
vn 0.55230000 0.52380000 -0.64860000
vn -0.00600000 0.63400000 -0.77330000
vn 0.70010000 -0.71330000 -0.03410000
vn 0.52740000 -0.55560000 -0.64280000
vn 0.63800000 0.00130000 -0.77000000
vn 0.63800000 -0.00940000 -0.77000000
vn 0.52740000 0.54870000 -0.64870000
vn 0.69970000 0.71330000 -0.04140000
vn 0.70020000 0.71320000 0.03260000
vn 0.52730000 0.55550000 0.64290000
vn 0.63800000 -0.00130000 0.77000000
vn 0.63800000 0.00940000 0.77000000
vn 0.52740000 -0.54880000 0.64860000
vn 0.69960000 -0.71340000 0.03990000
vn -0.64690000 0.01370000 0.76250000
vn -0.53640000 -0.53270000 0.65460000
vn 0.01030000 -0.64270000 0.76610000
vn -0.01050000 -0.64310000 0.76570000
vn 0.53630000 -0.53300000 0.65440000
vn 0.64650000 0.01350000 0.76280000
vn 0.64690000 -0.00570000 0.76260000
vn 0.53630000 0.53980000 0.64880000
vn -0.01040000 0.65060000 0.75940000
vn 0.01050000 0.65100000 0.75900000
vn -0.53640000 0.53960000 0.64890000
vn -0.64650000 -0.00550000 0.76290000
vn 0.01070000 -0.65110000 -0.75890000
vn -0.53630000 -0.53960000 -0.64900000
vn -0.64660000 0.00560000 -0.76280000
vn -0.64700000 -0.01370000 -0.76240000
vn -0.53640000 0.53270000 -0.65460000
vn 0.01060000 0.64260000 -0.76610000
vn -0.01070000 0.64300000 -0.76580000
vn 0.53640000 0.53280000 -0.65460000
vn 0.64660000 -0.01350000 -0.76270000
vn 0.64700000 0.00570000 -0.76250000
vn 0.53630000 -0.53970000 -0.64890000
vn -0.01050000 -0.65070000 -0.75930000
vn 0.00630000 -0.63430000 0.77310000
vn -0.55220000 -0.52390000 0.64860000
vn -0.71350000 -0.69950000 0.03980000
vn -0.71300000 -0.70030000 -0.03410000
vn -0.55210000 -0.53070000 -0.64310000
vn 0.00630000 -0.64210000 -0.76660000
vn -0.00630000 -0.64220000 -0.76650000
vn 0.55220000 -0.53070000 -0.64300000
vn 0.71350000 -0.69990000 -0.03400000
vn 0.71300000 -0.70000000 0.03990000
vn 0.55240000 -0.52370000 0.64860000
vn -0.00630000 -0.63420000 0.77320000
vn -0.63810000 -0.00130000 0.76990000
vn -0.52740000 0.55540000 0.64290000
vn -0.69950000 0.71390000 0.03240000
vn -0.69990000 0.71300000 -0.04150000
vn -0.52750000 0.54860000 -0.64870000
vn -0.63800000 -0.00940000 -0.77000000
vn -0.63810000 0.00140000 -0.77000000
vn -0.52730000 -0.55560000 -0.64290000
vn -0.69950000 -0.71380000 -0.03400000
vn -0.70000000 -0.71300000 0.04000000
vn -0.52730000 -0.54870000 0.64880000
vn -0.63800000 0.00930000 0.77000000
vn 0.00630000 0.63410000 -0.77320000
vn -0.55230000 0.52380000 -0.64850000
vn -0.71350000 0.69950000 -0.04140000
vn -0.71310000 0.70030000 0.03260000
vn -0.55230000 0.53060000 0.64300000
vn 0.00630000 0.64220000 0.76650000
vn -0.00630000 0.64210000 0.76660000
vn 0.55230000 0.53050000 0.64300000
vn 0.71350000 0.69990000 0.03250000
vn 0.71300000 0.69990000 -0.04150000
vn 0.55230000 0.52380000 -0.64860000
vn -0.00630000 0.63400000 -0.77330000
vn 0.69990000 -0.71340000 -0.03400000
vn 0.52730000 -0.55560000 -0.64290000
vn 0.63800000 0.00140000 -0.77000000
vn 0.63810000 -0.00930000 -0.76990000
vn 0.52740000 0.54860000 -0.64870000
vn 0.69950000 0.71340000 -0.04150000
vn 0.70000000 0.71340000 0.03250000
vn 0.52740000 0.55540000 0.64290000
vn 0.63800000 -0.00130000 0.77000000
vn 0.63810000 0.00930000 0.76990000
vn 0.52760000 -0.54850000 0.64870000
vn 0.69950000 -0.71350000 0.03980000
vn -0.64700000 0.01380000 0.76240000
vn -0.53630000 -0.53290000 0.65450000
vn 0.01050000 -0.64270000 0.76610000
vn -0.01070000 -0.64320000 0.76560000
vn 0.53650000 -0.53270000 0.65450000
vn 0.64660000 0.01360000 0.76270000
vn 0.64700000 -0.00580000 0.76250000
vn 0.53640000 0.53960000 0.64900000
vn -0.01050000 0.65060000 0.75940000
vn 0.01070000 0.65100000 0.75900000
vn -0.53640000 0.53950000 0.64900000
vn -0.64660000 -0.00550000 0.76280000
vn 0.01050000 -0.65120000 -0.75890000
vn -0.53640000 -0.53970000 -0.64890000
vn -0.64650000 0.00550000 -0.76290000
vn -0.64700000 -0.01370000 -0.76240000
vn -0.53630000 0.53280000 -0.65460000
vn 0.01040000 0.64260000 -0.76610000
vn -0.01050000 0.64300000 -0.76580000
vn 0.53640000 0.53280000 -0.65450000
vn 0.64650000 -0.01350000 -0.76280000
vn 0.64690000 0.00570000 -0.76260000
vn 0.53630000 -0.53980000 -0.64880000
vn -0.01030000 -0.65070000 -0.75930000
vn -0.71310000 -0.70020000 -0.03410000
vn -0.55220000 -0.53080000 -0.64290000
vn 0.00610000 -0.64210000 -0.76660000
vn -0.00610000 -0.64220000 -0.76650000
vn 0.55220000 -0.53070000 -0.64300000
vn 0.71350000 -0.69980000 -0.03400000
vn 0.71310000 -0.69990000 0.04000000
vn 0.55230000 -0.52380000 0.64850000
vn -0.00610000 -0.63410000 0.77320000
vn 0.00610000 -0.63420000 0.77310000
vn -0.55220000 -0.52390000 0.64850000
vn -0.71360000 -0.69940000 0.03990000
vn -0.63800000 -0.00130000 0.77000000
vn -0.52730000 0.55550000 0.64290000
vn -0.69970000 0.71370000 0.03250000
vn -0.70010000 0.71280000 -0.04150000
vn -0.52740000 0.54870000 -0.64870000
vn -0.63800000 -0.00940000 -0.76990000
vn -0.63800000 0.00140000 -0.77000000
vn -0.52740000 -0.55550000 -0.64290000
vn -0.69960000 -0.71380000 -0.03410000
vn -0.70010000 -0.71290000 0.04000000
vn -0.52730000 -0.54880000 0.64870000
vn -0.63800000 0.00930000 0.77000000
vn 0.00610000 0.63410000 -0.77320000
vn -0.55220000 0.52380000 -0.64860000
vn -0.71360000 0.69930000 -0.04140000
vn -0.71320000 0.70020000 0.03260000
vn -0.55220000 0.53060000 0.64310000
vn 0.00610000 0.64220000 0.76650000
vn -0.00610000 0.64220000 0.76650000
vn 0.55230000 0.53060000 0.64300000
vn 0.71370000 0.69970000 0.03240000
vn 0.71320000 0.69970000 -0.04150000
vn 0.55230000 0.52380000 -0.64860000
vn -0.00610000 0.63400000 -0.77330000
vn 0.70000000 -0.71330000 -0.03400000
vn 0.52730000 -0.55560000 -0.64290000
vn 0.63790000 0.00140000 -0.77010000
vn 0.63810000 -0.00940000 -0.76990000
vn 0.52740000 0.54870000 -0.64870000
vn 0.69970000 0.71330000 -0.04150000
vn 0.70020000 0.71320000 0.03250000
vn 0.52730000 0.55550000 0.64300000
vn 0.63790000 -0.00130000 0.77010000
vn 0.63810000 0.00930000 0.76990000
vn 0.52740000 -0.54860000 0.64880000
vn 0.69960000 -0.71340000 0.03990000
vn -0.64690000 0.01370000 0.76250000
vn -0.53640000 -0.53290000 0.65450000
vn 0.01030000 -0.64270000 0.76610000
vn -0.01050000 -0.64320000 0.76570000
vn 0.53650000 -0.53270000 0.65450000
vn 0.64650000 0.01350000 0.76280000
vn 0.64700000 -0.00570000 0.76250000
vn 0.53640000 0.53960000 0.64890000
vn -0.01040000 0.65060000 0.75940000
vn 0.01050000 0.65110000 0.75900000
vn -0.53640000 0.53960000 0.64890000
vn -0.64650000 -0.00550000 0.76290000
vn -0.70680000 0.70740000 0.00380000
vn -0.57240000 0.55650000 -0.60220000
vn -0.69550000 -0.01210000 -0.71840000
vn -0.69550000 0.00440000 -0.71850000
vn -0.57240000 -0.56270000 -0.59640000
vn -0.70650000 -0.70760000 0.01120000
vn -0.68330000 -0.71350000 0.15520000
vn -0.48110000 -0.54080000 0.69000000
vn -0.58150000 0.01560000 0.81340000
vn -0.58160000 -0.00700000 0.81340000
vn -0.48110000 0.54800000 0.68430000
vn -0.68300000 0.71530000 0.14770000
vn 0.69840000 -0.71230000 -0.07020000
vn 0.52710000 -0.55510000 -0.64350000
vn 0.63880000 0.00580000 -0.76930000
vn 0.63890000 -0.01380000 -0.76920000
vn 0.52720000 0.54810000 -0.64930000
vn 0.69810000 0.71180000 -0.07760000
vn 0.69840000 0.71230000 0.07020000
vn 0.52720000 0.55500000 0.64340000
vn 0.63880000 -0.00580000 0.76940000
vn 0.63890000 0.01380000 0.76920000
vn 0.52710000 -0.54820000 0.64930000
vn 0.69810000 -0.71180000 0.07750000
vn -0.69880000 0.71530000 0.00090000
vn -0.57000000 0.55890000 -0.60220000
vn -0.69470000 -0.01190000 -0.71920000
vn -0.69460000 0.00450000 -0.71940000
vn -0.57160000 -0.56280000 -0.59710000
vn -0.70700000 -0.70710000 0.01110000
vn -0.68330000 -0.71340000 0.15540000
vn -0.48190000 -0.54090000 0.68930000
vn -0.58230000 0.01560000 0.81280000
vn -0.58320000 -0.00710000 0.81230000
vn -0.48170000 0.54630000 0.68520000
vn -0.69080000 0.70790000 0.14710000
vn 0.69840000 -0.71230000 -0.07000000
vn 0.52720000 -0.55500000 -0.64350000
vn 0.63880000 0.00580000 -0.76940000
vn 0.63890000 -0.01390000 -0.76920000
vn 0.52720000 0.54840000 -0.64910000
vn 0.69800000 0.71180000 -0.07750000
vn 0.69840000 0.71230000 0.07010000
vn 0.52720000 0.55520000 0.64330000
vn 0.63880000 -0.00580000 0.76930000
vn 0.63890000 0.01390000 0.76910000
vn 0.52720000 -0.54830000 0.64920000
vn 0.69810000 -0.71180000 0.07760000
vn -0.70980000 0.70440000 0.00290000
vn -0.56300000 0.55830000 -0.60930000
vn -0.68530000 -0.01240000 -0.72810000
vn -0.68540000 0.00480000 -0.72810000
vn -0.56290000 -0.56480000 -0.60340000
vn -0.70950000 -0.70460000 0.01040000
vn -0.68120000 -0.71570000 0.15420000
vn -0.49090000 -0.53940000 0.68410000
vn -0.59280000 0.01520000 0.80520000
vn -0.59290000 -0.00680000 0.80520000
vn -0.49090000 0.54660000 0.67840000
vn -0.68090000 0.71760000 0.14670000
vn 0.69680000 -0.71380000 -0.07020000
vn 0.52310000 -0.55690000 -0.64520000
vn 0.63720000 0.00580000 -0.77060000
vn 0.63650000 -0.01400000 -0.77110000
vn 0.52470000 0.54880000 -0.65070000
vn 0.69880000 0.71110000 -0.07760000
vn 0.69840000 0.71230000 0.07000000
vn 0.52890000 0.55510000 0.64200000
vn 0.64070000 -0.00570000 0.76770000
vn 0.64150000 0.01370000 0.76700000
vn 0.52720000 -0.54940000 0.64830000
vn 0.69570000 -0.71410000 0.07770000
vn -0.28680000 -0.68510000 -0.66960000
vn -0.76060000 -0.60480000 -0.23600000
vn -0.95660000 -0.08810000 -0.27790000
vn -0.95170000 -0.02780000 -0.30580000
vn -0.78720000 0.56220000 -0.25340000
vn -0.29970000 0.64640000 -0.70170000
vn -0.31170000 0.63790000 -0.70420000
vn 0.25510000 0.50970000 -0.82170000
vn 0.28540000 -0.03720000 -0.95770000
vn 0.31300000 -0.05410000 -0.94820000
vn 0.24960000 -0.54040000 -0.80350000
vn -0.29920000 -0.67200000 -0.67740000
vn 0.95760000 0.07600000 0.27800000
vn 0.75950000 0.60480000 0.23950000
vn 0.27810000 0.67040000 0.68790000
vn 0.28730000 0.66960000 0.68480000
vn -0.26370000 0.52160000 0.81140000
vn -0.29600000 0.01400000 0.95510000
vn -0.30520000 -0.02570000 0.95190000
vn -0.23900000 -0.52670000 0.81580000
vn 0.32470000 -0.63630000 0.69980000
vn 0.30960000 -0.65810000 0.68640000
vn 0.78900000 -0.56170000 0.24890000
vn 0.95420000 -0.00950000 0.29910000
vn -0.95500000 -0.11550000 0.27320000
vn -0.75720000 -0.59630000 0.26650000
vn -0.29030000 -0.62880000 0.72140000
vn -0.29360000 -0.64940000 0.70150000
vn 0.26360000 -0.47740000 0.83820000
vn 0.28510000 0.04020000 0.95770000
vn 0.31410000 0.12110000 0.94160000
vn 0.23680000 0.56770000 0.78850000
vn -0.31910000 0.65620000 0.68380000
vn -0.29770000 0.69800000 0.65130000
vn -0.79070000 0.56640000 0.23230000
vn -0.94910000 0.01520000 0.31450000
vn -0.30130000 0.00410000 -0.95350000
vn -0.25560000 0.52360000 -0.81270000
vn 0.30450000 0.65350000 -0.69300000
vn 0.29170000 0.66670000 -0.68590000
vn 0.77260000 0.58550000 -0.24560000
vn 0.95470000 0.03000000 -0.29600000
vn 0.95660000 -0.03260000 -0.28940000
vn 0.77480000 -0.58190000 -0.24710000
vn 0.29450000 -0.66540000 -0.68590000
vn 0.30740000 -0.65270000 -0.69240000
vn -0.25100000 -0.52650000 -0.81230000
vn -0.30330000 -0.01390000 -0.95280000
vn -0.62660000 -0.08040000 -0.77520000
vn -0.51020000 -0.58030000 -0.63480000
vn -0.66970000 -0.74180000 -0.03450000
vn -0.67010000 -0.74110000 0.04240000
vn -0.51000000 -0.57330000 0.64120000
vn -0.62630000 -0.07240000 0.77620000
vn -0.64570000 -0.02950000 0.76300000
vn -0.54160000 0.52910000 0.65330000
vn -0.72810000 0.68440000 0.03830000
vn -0.72860000 0.68340000 -0.04570000
vn -0.54170000 0.52220000 -0.65870000
vn -0.64560000 -0.03740000 -0.76280000
vn 0.63460000 0.01820000 -0.77260000
vn 0.51580000 0.55260000 -0.65470000
vn 0.69570000 0.71700000 -0.04490000
vn 0.69230000 0.72060000 0.03720000
vn 0.52400000 0.55860000 0.64300000
vn 0.64310000 0.02650000 0.76530000
vn 0.64020000 -0.01810000 0.76800000
vn 0.53620000 -0.54430000 0.64520000
vn 0.70450000 -0.70840000 0.04270000
vn 0.70800000 -0.70530000 -0.03560000
vn 0.52810000 -0.55220000 -0.64520000
vn 0.63140000 -0.02620000 -0.77500000
vn -0.70680000 0.70740000 0.00300000
vn -0.57240000 0.55650000 -0.60220000
vn -0.69550000 -0.01210000 -0.71850000
vn -0.69560000 0.00450000 -0.71840000
vn -0.57240000 -0.56290000 -0.59630000
vn -0.70650000 -0.70770000 0.01030000
vn -0.68340000 -0.71350000 0.15440000
vn -0.48090000 -0.54020000 0.69060000
vn -0.58170000 0.01560000 0.81320000
vn -0.58180000 -0.00710000 0.81330000
vn -0.48090000 0.54760000 0.68470000
vn -0.68310000 0.71540000 0.14700000
vn 0.63920000 -0.01380000 -0.76890000
vn 0.52730000 0.54860000 -0.64890000
vn 0.69810000 0.71180000 -0.07760000
vn 0.69840000 0.71230000 0.07010000
vn 0.52730000 0.55540000 0.64310000
vn 0.63910000 -0.00580000 0.76910000
vn 0.63920000 0.01380000 0.76890000
vn 0.52730000 -0.54860000 0.64880000
vn 0.69810000 -0.71180000 0.07750000
vn 0.69840000 -0.71230000 -0.07020000
vn 0.52730000 -0.55540000 -0.64310000
vn 0.63910000 0.00580000 -0.76910000
vn -0.69880000 0.71530000 0.00090000
vn -0.57010000 0.55900000 -0.60210000
vn -0.69410000 -0.01200000 -0.71980000
vn -0.69410000 0.00450000 -0.71990000
vn -0.57100000 -0.56290000 -0.59760000
vn -0.70710000 -0.70700000 0.01040000
vn -0.68340000 -0.71350000 0.15440000
vn -0.48190000 -0.54090000 0.68940000
vn -0.58250000 0.01560000 0.81270000
vn -0.58260000 -0.00710000 0.81270000
vn -0.48170000 0.54630000 0.68520000
vn -0.69090000 0.70790000 0.14710000
vn 0.69840000 -0.71220000 -0.07010000
vn 0.52730000 -0.55540000 -0.64300000
vn 0.63910000 0.00580000 -0.76910000
vn 0.63920000 -0.01380000 -0.76890000
vn 0.52730000 0.54880000 -0.64870000
vn 0.69800000 0.71180000 -0.07750000
vn 0.69840000 0.71230000 0.07010000
vn 0.52740000 0.55550000 0.64290000
vn 0.63910000 -0.00580000 0.76910000
vn 0.63920000 0.01380000 0.76890000
vn 0.52730000 -0.54860000 0.64880000
vn 0.69810000 -0.71180000 0.07750000
vn -0.70980000 0.70440000 0.00290000
vn -0.56280000 0.55790000 -0.60990000
vn -0.68470000 -0.01250000 -0.72870000
vn -0.68480000 0.00480000 -0.72870000
vn -0.56280000 -0.56440000 -0.60390000
vn -0.70950000 -0.70460000 0.01030000
vn -0.68120000 -0.71570000 0.15420000
vn -0.49110000 -0.53980000 0.68370000
vn -0.59310000 0.01520000 0.80500000
vn -0.59310000 -0.00680000 0.80510000
vn -0.49100000 0.54700000 0.67810000
vn -0.68090000 0.71760000 0.14670000
vn 0.63640000 -0.01400000 -0.77120000
vn 0.52490000 0.54900000 -0.65040000
vn 0.69880000 0.71110000 -0.07760000
vn 0.69830000 0.71240000 0.07010000
vn 0.52900000 0.55530000 0.64170000
vn 0.64080000 -0.00570000 0.76760000
vn 0.64150000 0.01370000 0.76700000
vn 0.52710000 -0.54930000 0.64840000
vn 0.69570000 -0.71410000 0.07770000
vn 0.69680000 -0.71380000 -0.07020000
vn 0.52300000 -0.55640000 -0.64560000
vn 0.63740000 0.00590000 -0.77050000
vn -0.70680000 0.70740000 0.00300000
vn -0.57230000 0.55650000 -0.60220000
vn -0.69550000 -0.01210000 -0.71850000
vn -0.69550000 0.00440000 -0.71850000
vn -0.57240000 -0.56290000 -0.59630000
vn -0.70650000 -0.70770000 0.01040000
vn -0.68340000 -0.71350000 0.15440000
vn -0.48090000 -0.54000000 0.69070000
vn -0.58190000 0.01560000 0.81310000
vn -0.58190000 -0.00710000 0.81320000
vn -0.48090000 0.54740000 0.68490000
vn -0.68310000 0.71540000 0.14690000
vn 0.63930000 -0.01380000 -0.76880000
vn 0.52730000 0.54870000 -0.64880000
vn 0.69810000 0.71180000 -0.07760000
vn 0.69840000 0.71230000 0.07010000
vn 0.52730000 0.55550000 0.64300000
vn 0.63920000 -0.00580000 0.76900000
vn 0.63930000 0.01380000 0.76880000
vn 0.52740000 -0.54870000 0.64870000
vn 0.69810000 -0.71180000 0.07750000
vn 0.69840000 -0.71230000 -0.07020000
vn 0.52730000 -0.55550000 -0.64300000
vn 0.63920000 0.00580000 -0.76900000
vn -0.69880000 0.71530000 0.00090000
vn -0.57000000 0.55890000 -0.60230000
vn -0.69430000 -0.01200000 -0.71960000
vn -0.69430000 0.00460000 -0.71970000
vn -0.57090000 -0.56280000 -0.59780000
vn -0.70710000 -0.70700000 0.01040000
vn -0.68340000 -0.71350000 0.15450000
vn -0.48190000 -0.54080000 0.68940000
vn -0.58240000 0.01560000 0.81280000
vn -0.58280000 -0.00720000 0.81260000
vn -0.48170000 0.54630000 0.68520000
vn -0.69090000 0.70790000 0.14710000
vn 0.63930000 -0.01390000 -0.76880000
vn 0.52730000 0.54880000 -0.64870000
vn 0.69810000 0.71180000 -0.07740000
vn 0.69840000 0.71220000 0.07010000
vn 0.52730000 0.55560000 0.64290000
vn 0.63930000 -0.00580000 0.76890000
vn 0.63930000 0.01390000 0.76880000
vn 0.52740000 -0.54870000 0.64870000
vn 0.69810000 -0.71180000 0.07750000
vn 0.69840000 -0.71220000 -0.07010000
vn 0.52740000 -0.55540000 -0.64290000
vn 0.63920000 0.00580000 -0.76900000
vn -0.70990000 0.70430000 0.00290000
vn -0.56290000 0.55770000 -0.61000000
vn -0.68450000 -0.01250000 -0.72890000
vn -0.68460000 0.00480000 -0.72890000
vn -0.56280000 -0.56440000 -0.60390000
vn -0.70950000 -0.70460000 0.01030000
vn -0.68120000 -0.71570000 0.15420000
vn -0.49120000 -0.53990000 0.68350000
vn -0.59280000 0.01520000 0.80520000
vn -0.59290000 -0.00680000 0.80520000
vn -0.49110000 0.54710000 0.67790000
vn -0.68090000 0.71760000 0.14670000
vn 0.69680000 -0.71380000 -0.07010000
vn 0.52290000 -0.55640000 -0.64570000
vn 0.63740000 0.00580000 -0.77050000
vn 0.63630000 -0.01400000 -0.77130000
vn 0.52500000 0.54910000 -0.65030000
vn 0.69880000 0.71110000 -0.07760000
vn 0.69830000 0.71240000 0.07010000
vn 0.52910000 0.55540000 0.64150000
vn 0.64100000 -0.00570000 0.76750000
vn 0.64130000 0.01370000 0.76710000
vn 0.52710000 -0.54920000 0.64850000
vn 0.69570000 -0.71420000 0.07760000
vn -0.70680000 0.70740000 0.00300000
vn -0.57240000 0.55650000 -0.60220000
vn -0.69550000 -0.01210000 -0.71840000
vn -0.69550000 0.00450000 -0.71850000
vn -0.57240000 -0.56290000 -0.59630000
vn -0.70660000 -0.70760000 0.01030000
vn -0.68340000 -0.71360000 0.15440000
vn -0.48080000 -0.54010000 0.69070000
vn -0.58190000 0.01560000 0.81310000
vn -0.58190000 -0.00700000 0.81320000
vn -0.48090000 0.54750000 0.68480000
vn -0.68300000 0.71550000 0.14690000
vn 0.63930000 -0.01390000 -0.76880000
vn 0.52730000 0.54880000 -0.64870000
vn 0.69810000 0.71180000 -0.07760000
vn 0.69840000 0.71230000 0.07020000
vn 0.52730000 0.55550000 0.64300000
vn 0.63930000 -0.00580000 0.76900000
vn 0.63930000 0.01380000 0.76880000
vn 0.52750000 -0.54860000 0.64870000
vn 0.69810000 -0.71180000 0.07750000
vn 0.69840000 -0.71230000 -0.07010000
vn 0.52730000 -0.55560000 -0.64290000
vn 0.63930000 0.00580000 -0.76890000
vn -0.69880000 0.71530000 0.00090000
vn -0.57000000 0.55890000 -0.60230000
vn -0.69430000 -0.01200000 -0.71960000
vn -0.69430000 0.00450000 -0.71970000
vn -0.57080000 -0.56270000 -0.59800000
vn -0.70710000 -0.70700000 0.01040000
vn -0.68340000 -0.71350000 0.15440000
vn -0.48190000 -0.54090000 0.68930000
vn -0.58250000 0.01550000 0.81270000
vn -0.58280000 -0.00690000 0.81260000
vn -0.48160000 0.54630000 0.68530000
vn -0.69090000 0.70780000 0.14710000
vn 0.63930000 -0.01380000 -0.76880000
vn 0.52740000 0.54880000 -0.64860000
vn 0.69800000 0.71190000 -0.07740000
vn 0.69830000 0.71240000 0.07010000
vn 0.52730000 0.55550000 0.64290000
vn 0.63930000 -0.00580000 0.76900000
vn 0.63930000 0.01380000 0.76880000
vn 0.52740000 -0.54860000 0.64870000
vn 0.69810000 -0.71180000 0.07750000
vn 0.69840000 -0.71230000 -0.07010000
vn 0.52730000 -0.55570000 -0.64280000
vn 0.63930000 0.00580000 -0.76890000
vn -0.70980000 0.70440000 0.00290000
vn -0.56290000 0.55780000 -0.60990000
vn -0.68450000 -0.01240000 -0.72890000
vn -0.68460000 0.00480000 -0.72890000
vn -0.56280000 -0.56430000 -0.60400000
vn -0.70950000 -0.70460000 0.01040000
vn -0.68120000 -0.71570000 0.15420000
vn -0.49110000 -0.53990000 0.68360000
vn -0.59290000 0.01510000 0.80520000
vn -0.59290000 -0.00680000 0.80520000
vn -0.49110000 0.54700000 0.67790000
vn -0.68080000 0.71770000 0.14670000
vn 0.69680000 -0.71380000 -0.07020000
vn 0.52300000 -0.55640000 -0.64570000
vn 0.63750000 0.00590000 -0.77040000
vn 0.63630000 -0.01390000 -0.77130000
vn 0.52500000 0.54930000 -0.65010000
vn 0.69880000 0.71110000 -0.07760000
vn 0.69840000 0.71230000 0.07010000
vn 0.52910000 0.55550000 0.64150000
vn 0.64090000 -0.00570000 0.76760000
vn 0.64140000 0.01370000 0.76700000
vn 0.52710000 -0.54920000 0.64850000
vn 0.69570000 -0.71410000 0.07770000
vn -0.62660000 -0.08040000 -0.77520000
vn -0.51090000 -0.57990000 -0.63460000
vn -0.67110000 -0.74050000 -0.03520000
vn -0.67160000 -0.73960000 0.04320000
vn -0.51090000 -0.57320000 0.64060000
vn -0.62640000 -0.07200000 0.77620000
vn -0.64630000 -0.02950000 0.76250000
vn -0.54090000 0.52990000 0.65320000
vn -0.72720000 0.68540000 0.03750000
vn -0.72770000 0.68440000 -0.04490000
vn -0.54090000 0.52280000 -0.65880000
vn -0.64610000 -0.03750000 -0.76230000
vn 0.63650000 0.01830000 -0.77110000
vn 0.52300000 0.54960000 -0.65150000
vn 0.69820000 0.71460000 -0.04320000
vn 0.69780000 0.71540000 0.03660000
vn 0.52500000 0.55680000 0.64380000
vn 0.63880000 0.02630000 0.76890000
vn 0.63810000 -0.01790000 0.76970000
vn 0.52900000 -0.54740000 0.64850000
vn 0.70130000 -0.71160000 0.04370000
vn 0.70260000 -0.71070000 -0.03580000
vn 0.52720000 -0.55430000 -0.64410000
vn 0.63560000 -0.02620000 -0.77160000
vn -0.01660000 -0.68410000 0.72920000
vn 0.53620000 -0.53240000 0.65500000
vn 0.64740000 0.01810000 0.76200000
vn 0.64780000 -0.01020000 0.76170000
vn 0.53620000 0.53910000 0.64950000
vn -0.01640000 0.69120000 0.72250000
vn 0.01730000 0.86090000 0.50850000
vn -0.50740000 0.53310000 0.67700000
vn -0.60950000 -0.01090000 0.79270000
vn -0.61000000 0.01950000 0.79220000
vn -0.50740000 -0.52600000 0.68260000
vn 0.01710000 -0.85490000 0.51850000
vn 0.71170000 0.69820000 -0.07750000
vn 0.55200000 0.52330000 -0.64920000
vn -0.01190000 0.67570000 -0.73700000
vn -0.01190000 0.68360000 0.72980000
vn 0.55200000 0.53010000 0.64360000
vn 0.71200000 0.69870000 0.07010000
vn -0.00880000 0.84560000 -0.53370000
vn -0.58590000 0.53610000 -0.60770000
vn -0.71750000 0.69660000 -0.00000000
vn -0.69900000 0.70030000 0.14490000
vn -0.51620000 0.51880000 0.68150000
vn 0.01470000 0.85410000 0.51990000
vn 0.64780000 0.01030000 -0.76180000
vn 0.53610000 -0.53920000 -0.64950000
vn -0.01640000 -0.69120000 -0.72250000
vn -0.01660000 0.68410000 -0.72920000
vn 0.53620000 0.53230000 -0.65510000
vn 0.64740000 -0.01810000 -0.76190000
vn -0.00140000 -0.85420000 -0.52000000
vn -0.56350000 -0.54630000 -0.61960000
vn -0.68400000 0.00920000 -0.72940000
vn -0.68440000 -0.01700000 -0.72890000
vn -0.56350000 0.53980000 -0.62530000
vn -0.00160000 0.84810000 -0.52980000
vn 0.71160000 0.69830000 -0.07750000
vn 0.55190000 0.52340000 -0.64920000
vn -0.01160000 0.68250000 -0.73080000
vn -0.01350000 0.64280000 0.76590000
vn 0.55210000 0.53020000 0.64350000
vn 0.71190000 0.69880000 0.07010000
vn -0.00710000 0.84920000 -0.52800000
vn -0.58280000 0.54010000 -0.60720000
vn -0.71030000 0.70390000 -0.00320000
vn -0.70670000 0.69270000 0.14400000
vn -0.51790000 0.51520000 0.68290000
vn 0.02790000 0.63630000 0.77090000
vn 0.64780000 0.01030000 -0.76180000
vn 0.53620000 -0.53910000 -0.64950000
vn -0.01620000 -0.69780000 -0.71610000
vn -0.01630000 0.69060000 -0.72300000
vn 0.53620000 0.53240000 -0.65510000
vn 0.64740000 -0.01810000 -0.76200000
vn -0.00010000 -0.84340000 -0.53730000
vn -0.56290000 -0.54640000 -0.62020000
vn -0.68360000 0.00910000 -0.72980000
vn -0.68400000 -0.01700000 -0.72920000
vn -0.56150000 0.54200000 -0.62530000
vn -0.00030000 0.84840000 -0.52940000
vn -0.61660000 0.01930000 0.78700000
vn -0.51370000 -0.52420000 0.67920000
vn 0.01560000 -0.65660000 0.75400000
vn 0.01570000 0.66510000 0.74660000
vn -0.51370000 0.53130000 0.67360000
vn -0.61610000 -0.01090000 0.78760000
vn -0.01850000 -0.64550000 0.76350000
vn 0.53590000 -0.53340000 0.65440000
vn 0.64930000 0.01810000 0.76030000
vn 0.64890000 -0.01020000 0.76080000
vn 0.53730000 0.53920000 0.64860000
vn -0.01400000 0.65210000 0.75800000
vn 0.01440000 0.62210000 -0.78280000
vn -0.57790000 0.53830000 -0.61340000
vn -0.72040000 0.69350000 -0.00060000
vn -0.69660000 0.70290000 0.14390000
vn -0.52420000 0.51730000 0.67650000
vn 0.01240000 0.65410000 0.75630000
vn -0.00950000 0.64380000 0.76510000
vn 0.55340000 0.53030000 0.64230000
vn 0.71180000 0.69890000 0.07000000
vn 0.71240000 0.69750000 -0.07750000
vn 0.55000000 0.52400000 -0.65040000
vn -0.01680000 0.63370000 -0.77340000
vn 0.01250000 -0.64610000 0.76320000
vn -0.52420000 -0.51010000 0.68190000
vn -0.69680000 -0.70110000 0.15140000
vn -0.72000000 -0.69400000 0.00640000
vn -0.57790000 -0.54470000 -0.60780000
vn 0.01440000 -0.63010000 -0.77640000
vn 0.70930000 -0.70060000 0.07750000
vn 0.55200000 -0.52430000 0.64840000
vn -0.01370000 -0.63640000 0.77120000
vn -0.01950000 -0.64260000 -0.76600000
vn 0.54860000 -0.53200000 -0.64500000
vn 0.71050000 -0.70020000 -0.07010000
vn 0.01430000 -0.83910000 0.54380000
vn -0.51690000 -0.51170000 0.68630000
vn -0.69920000 -0.69850000 0.15220000
vn -0.71760000 -0.69640000 0.00720000
vn -0.58520000 -0.54260000 -0.60260000
vn -0.00730000 -0.84020000 -0.54230000
vn 0.71170000 -0.69820000 0.07750000
vn 0.55200000 -0.52330000 0.64920000
vn -0.01160000 -0.68250000 0.73080000
vn -0.01160000 -0.69020000 -0.72350000
vn 0.55200000 -0.53010000 -0.64370000
vn 0.71200000 -0.69870000 -0.07010000
vn 0.01470000 -0.84850000 0.52890000
vn -0.51620000 -0.51160000 0.68690000
vn -0.69910000 -0.69860000 0.15220000
vn -0.71710000 -0.69700000 0.00730000
vn -0.58590000 -0.54230000 -0.60220000
vn -0.00860000 -0.85110000 -0.52490000
vn 0.71160000 -0.69830000 0.07740000
vn 0.55200000 -0.52340000 0.64910000
vn -0.01190000 -0.67580000 0.73700000
vn -0.01190000 -0.68360000 -0.72980000
vn 0.55200000 -0.53020000 -0.64360000
vn 0.71200000 -0.69870000 -0.07000000
vn -0.31880000 0.65250000 -0.68750000
vn -0.80070000 0.54540000 -0.24790000
vn -0.70150000 0.50400000 0.50390000
vn 0.71440000 0.45830000 -0.52880000
vn 0.19170000 0.45960000 -0.86720000
vn -0.33420000 0.60960000 -0.71880000
vn -0.64660000 0.59150000 0.48170000
vn -0.20290000 0.48680000 0.84960000
vn 0.30670000 0.65350000 0.69200000
vn 0.29660000 0.68180000 0.66870000
vn 0.77110000 0.59120000 0.23630000
vn 0.69160000 0.52380000 -0.49720000
vn -0.72200000 -0.48760000 0.49090000
vn -0.77110000 -0.59260000 -0.23280000
vn -0.30380000 -0.70110000 -0.64510000
vn -0.31690000 -0.66230000 -0.67890000
vn 0.19390000 -0.51420000 -0.83550000
vn 0.71340000 -0.42850000 -0.55450000
vn 0.63930000 -0.64280000 -0.42200000
vn 0.80090000 -0.54670000 0.24420000
vn 0.32760000 -0.66950000 0.66670000
vn 0.34530000 -0.61490000 0.70900000
vn -0.18080000 -0.48560000 0.85530000
vn -0.62810000 -0.60470000 0.48970000
vn -0.71570000 -0.46890000 0.51770000
vn -0.68860000 0.50120000 0.52410000
vn -0.60270000 -0.62520000 0.49590000
vn -0.08990000 -0.52720000 0.84500000
vn -0.13490000 -0.01950000 0.99070000
vn -0.12620000 0.01940000 0.99180000
vn -0.11650000 0.53000000 0.83990000
vn -0.62190000 0.61240000 0.48800000
vn 0.69060000 -0.45570000 -0.56160000
vn 0.10560000 -0.55230000 -0.82690000
vn 0.14520000 -0.06560000 -0.98720000
vn 0.11310000 -0.04930000 -0.99240000
vn 0.10330000 0.50590000 -0.85640000
vn 0.69540000 0.47700000 -0.53740000
vn 0.68180000 0.51370000 -0.52080000
vn 0.63220000 -0.63070000 -0.45000000
vn -0.33750000 0.64550000 0.68510000
vn 0.18260000 0.54340000 0.81940000
vn 0.48050000 0.80890000 0.33890000
vn -0.47530000 0.81720000 -0.32600000
vn -0.80400000 0.55220000 0.22050000
vn -0.31390000 0.71510000 0.62460000
vn 0.66760000 0.58000000 0.46680000
vn 0.78470000 0.57190000 -0.23910000
vn 0.30950000 0.67910000 -0.66560000
vn 0.32450000 0.63620000 -0.69990000
vn -0.19600000 0.48800000 -0.85050000
vn -0.59980000 0.66640000 -0.44300000
vn 0.01050000 -0.62230000 0.78270000
vn -0.53240000 -0.55270000 0.64110000
vn -0.68270000 -0.72950000 0.04220000
vn -0.68220000 -0.73030000 -0.03480000
vn -0.53240000 -0.55980000 -0.63500000
vn 0.01410000 -0.54810000 -0.83630000
vn 0.71750000 -0.69520000 0.04300000
vn 0.55970000 -0.51970000 0.64550000
vn 0.00290000 -0.63420000 0.77320000
vn -0.02240000 -0.44030000 -0.89760000
vn 0.55290000 -0.52790000 -0.64470000
vn 0.72120000 -0.69180000 -0.03560000
vn -0.63380000 -0.06980000 0.77040000
vn -0.51570000 -0.55700000 0.65100000
vn 0.01400000 -0.62900000 0.77730000
vn 0.02290000 0.58770000 0.80870000
vn -0.55470000 0.51330000 0.65480000
vn -0.65600000 -0.03470000 0.75400000
vn -0.00160000 -0.64270000 0.76610000
vn 0.54330000 -0.52800000 0.65270000
vn 0.64710000 -0.01440000 0.76230000
vn 0.65130000 0.02240000 0.75850000
vn 0.53290000 0.54290000 0.64900000
vn -0.02550000 0.45860000 0.88830000
vn 0.01740000 -0.55640000 -0.83070000
vn -0.51570000 -0.56410000 -0.64480000
vn -0.63340000 -0.07800000 -0.76990000
vn -0.65650000 -0.04290000 -0.75310000
vn -0.55460000 0.50650000 -0.66020000
vn 0.02080000 0.65980000 -0.75120000
vn 0.64230000 -0.02250000 -0.76610000
vn 0.53780000 -0.53630000 -0.65050000
vn -0.02480000 -0.45180000 -0.89180000
vn -0.03680000 0.64380000 -0.76430000
vn 0.52730000 0.53720000 -0.65830000
vn 0.64580000 0.01460000 -0.76340000
vn -0.01660000 -0.68360000 0.72970000
vn 0.53630000 -0.53270000 0.65470000
vn 0.64770000 0.01810000 0.76170000
vn 0.64820000 -0.01020000 0.76140000
vn 0.53630000 0.53950000 0.64910000
vn -0.01640000 0.69070000 0.72300000
vn 0.01720000 0.86080000 0.50860000
vn -0.50740000 0.53260000 0.67740000
vn -0.60980000 -0.01090000 0.79250000
vn -0.61020000 0.01950000 0.79200000
vn -0.50740000 -0.52550000 0.68300000
vn 0.01710000 -0.85490000 0.51850000
vn 0.71170000 0.69820000 -0.07750000
vn 0.55220000 0.52380000 -0.64860000
vn -0.01190000 0.67530000 -0.73740000
vn -0.01190000 0.68300000 0.73030000
vn 0.55220000 0.53060000 0.64310000
vn 0.71200000 0.69870000 0.07000000
vn -0.00880000 0.84520000 -0.53440000
vn -0.58600000 0.53600000 -0.60770000
vn -0.71740000 0.69660000 -0.00070000
vn -0.69910000 0.70040000 0.14400000
vn -0.51610000 0.51830000 0.68190000
vn 0.01470000 0.85400000 0.52000000
vn 0.64810000 0.01020000 -0.76150000
vn 0.53630000 -0.53960000 -0.64900000
vn -0.01650000 -0.69070000 -0.72300000
vn -0.01660000 0.68360000 -0.72970000
vn 0.53630000 0.53270000 -0.65470000
vn 0.64750000 -0.01810000 -0.76180000
vn -0.00140000 -0.85380000 -0.52070000
vn -0.56360000 -0.54620000 -0.61970000
vn -0.68400000 0.00920000 -0.72950000
vn -0.68440000 -0.01700000 -0.72890000
vn -0.56350000 0.53990000 -0.62530000
vn -0.00160000 0.84770000 -0.53040000
vn 0.71160000 0.69830000 -0.07750000
vn 0.55220000 0.52380000 -0.64860000
vn -0.01160000 0.68250000 -0.73080000
vn -0.01350000 0.64320000 0.76550000
vn 0.55230000 0.53060000 0.64300000
vn 0.71190000 0.69880000 0.07010000
vn -0.00710000 0.84910000 -0.52810000
vn -0.58280000 0.54010000 -0.60710000
vn -0.71030000 0.70390000 -0.00320000
vn -0.70670000 0.69270000 0.14410000
vn -0.51790000 0.51520000 0.68290000
vn 0.02790000 0.63680000 0.77060000
vn 0.64810000 0.01020000 -0.76150000
vn 0.53630000 -0.53960000 -0.64900000
vn -0.01620000 -0.69770000 -0.71620000
vn -0.01630000 0.69070000 -0.72300000
vn 0.53630000 0.53280000 -0.65460000
vn 0.64770000 -0.01810000 -0.76170000
vn -0.00010000 -0.84380000 -0.53670000
vn -0.56240000 -0.54640000 -0.62060000
vn -0.68300000 0.00920000 -0.73040000
vn -0.68340000 -0.01710000 -0.72980000
vn -0.56150000 0.54200000 -0.62520000
vn -0.00050000 0.84820000 -0.52960000
vn -0.61680000 0.01920000 0.78690000
vn -0.51380000 -0.52470000 0.67880000
vn 0.01550000 -0.65720000 0.75360000
vn 0.01570000 0.66550000 0.74620000
vn -0.51380000 0.53180000 0.67320000
vn -0.61640000 -0.01090000 0.78740000
vn -0.01850000 -0.64600000 0.76310000
vn 0.53580000 -0.53340000 0.65450000
vn 0.64930000 0.01810000 0.76030000
vn 0.64900000 -0.01020000 0.76070000
vn 0.53740000 0.53950000 0.64820000
vn -0.01400000 0.65220000 0.75790000
vn 0.01440000 0.62270000 -0.78240000
vn -0.57790000 0.53760000 -0.61400000
vn -0.72040000 0.69360000 -0.00070000
vn -0.69660000 0.70290000 0.14390000
vn -0.52440000 0.51760000 0.67610000
vn 0.01240000 0.65460000 0.75590000
vn -0.00960000 0.64380000 0.76510000
vn 0.55350000 0.53050000 0.64200000
vn 0.71180000 0.69890000 0.07000000
vn 0.71240000 0.69750000 -0.07750000
vn 0.55020000 0.52420000 -0.65000000
vn -0.01680000 0.63360000 -0.77350000
vn 0.01240000 -0.64650000 0.76280000
vn -0.52440000 -0.51050000 0.68150000
vn -0.69670000 -0.70120000 0.15140000
vn -0.72000000 -0.69390000 0.00650000
vn -0.57770000 -0.54430000 -0.60830000
vn 0.01440000 -0.63070000 -0.77590000
vn 0.70930000 -0.70060000 0.07750000
vn 0.55190000 -0.52430000 0.64850000
vn -0.01370000 -0.63690000 0.77080000
vn -0.01950000 -0.64300000 -0.76560000
vn 0.54860000 -0.53160000 -0.64530000
vn 0.71050000 -0.70020000 -0.07010000
vn 0.01430000 -0.83870000 0.54440000
vn -0.51690000 -0.51170000 0.68630000
vn -0.69920000 -0.69870000 0.15140000
vn -0.71760000 -0.69650000 0.00640000
vn -0.58460000 -0.54250000 -0.60330000
vn -0.00730000 -0.84060000 -0.54170000
vn 0.71170000 -0.69820000 0.07740000
vn 0.55220000 -0.52370000 0.64870000
vn -0.01160000 -0.68250000 0.73080000
vn -0.01160000 -0.69020000 -0.72350000
vn 0.55220000 -0.53050000 -0.64310000
vn 0.71200000 -0.69870000 -0.07010000
vn 0.01470000 -0.84850000 0.52890000
vn -0.51620000 -0.51110000 0.68730000
vn -0.69920000 -0.69870000 0.15140000
vn -0.71700000 -0.69700000 0.00640000
vn -0.58600000 -0.54240000 -0.60200000
vn -0.00870000 -0.85070000 -0.52560000
vn 0.71160000 -0.69830000 0.07750000
vn 0.55220000 -0.52380000 0.64860000
vn -0.01190000 -0.67530000 0.73750000
vn -0.01190000 -0.68310000 -0.73020000
vn 0.55220000 -0.53060000 -0.64310000
vn 0.71200000 -0.69870000 -0.07000000
vn -0.01660000 -0.68350000 0.72980000
vn 0.53640000 -0.53280000 0.65450000
vn 0.64780000 0.01810000 0.76160000
vn 0.64820000 -0.01020000 0.76140000
vn 0.53640000 0.53960000 0.64890000
vn -0.01650000 0.69060000 0.72310000
vn 0.01740000 0.86090000 0.50850000
vn -0.50730000 0.53250000 0.67750000
vn -0.60990000 -0.01090000 0.79240000
vn -0.61040000 0.01940000 0.79190000
vn -0.50720000 -0.52530000 0.68320000
vn 0.01700000 -0.85490000 0.51850000
vn 0.71170000 0.69820000 -0.07750000
vn 0.55230000 0.52380000 -0.64850000
vn -0.01190000 0.67520000 -0.73760000
vn -0.01190000 0.68290000 0.73040000
vn 0.55220000 0.53060000 0.64300000
vn 0.71200000 0.69870000 0.07000000
vn -0.00870000 0.84520000 -0.53440000
vn -0.58600000 0.53600000 -0.60770000
vn -0.71740000 0.69660000 -0.00070000
vn -0.69900000 0.70050000 0.14410000
vn -0.51600000 0.51820000 0.68210000
vn 0.01470000 0.85410000 0.51990000
vn 0.64820000 0.01020000 -0.76140000
vn 0.53640000 -0.53970000 -0.64880000
vn -0.01640000 -0.69060000 -0.72300000
vn -0.01660000 0.68350000 -0.72980000
vn 0.53650000 0.53280000 -0.65450000
vn 0.64780000 -0.01810000 -0.76160000
vn -0.00140000 -0.85370000 -0.52070000
vn -0.56350000 -0.54640000 -0.61960000
vn -0.68400000 0.00920000 -0.72940000
vn -0.68440000 -0.01710000 -0.72890000
vn -0.56350000 0.53980000 -0.62530000
vn -0.00160000 0.84770000 -0.53040000
vn 0.71160000 0.69830000 -0.07750000
vn 0.55220000 0.52390000 -0.64850000
vn -0.01160000 0.68250000 -0.73080000
vn -0.01350000 0.64340000 0.76540000
vn 0.55220000 0.53070000 0.64300000
vn 0.71190000 0.69880000 0.07000000
vn -0.00710000 0.84920000 -0.52810000
vn -0.58280000 0.54000000 -0.60720000
vn -0.71030000 0.70390000 -0.00330000
vn -0.70660000 0.69280000 0.14390000
vn -0.51790000 0.51520000 0.68290000
vn 0.02800000 0.63700000 0.77040000
vn 0.64830000 0.01020000 -0.76140000
vn 0.53640000 -0.53960000 -0.64890000
vn -0.01620000 -0.69780000 -0.71610000
vn -0.01630000 0.69060000 -0.72300000
vn 0.53630000 0.53290000 -0.65450000
vn 0.64780000 -0.01800000 -0.76160000
vn -0.00000000 -0.84380000 -0.53660000
vn -0.56230000 -0.54630000 -0.62080000
vn -0.68320000 0.00930000 -0.73020000
vn -0.68360000 -0.01700000 -0.72960000
vn -0.56150000 0.54190000 -0.62530000
vn -0.00040000 0.84830000 -0.52950000
vn -0.61660000 0.01920000 0.78700000
vn -0.51390000 -0.52470000 0.67870000
vn 0.01550000 -0.65730000 0.75350000
vn 0.01570000 0.66580000 0.74600000
vn -0.51390000 0.53180000 0.67310000
vn -0.61610000 -0.01080000 0.78760000
vn -0.01850000 -0.64600000 0.76310000
vn 0.53580000 -0.53330000 0.65460000
vn 0.64920000 0.01810000 0.76040000
vn 0.64910000 -0.01020000 0.76070000
vn 0.53750000 0.53960000 0.64800000
vn -0.01400000 0.65220000 0.75790000
vn 0.01430000 0.62280000 -0.78220000
vn -0.57780000 0.53770000 -0.61400000
vn -0.72040000 0.69360000 -0.00070000
vn -0.69660000 0.70290000 0.14390000
vn -0.52450000 0.51760000 0.67600000
vn 0.01240000 0.65470000 0.75580000
vn -0.00950000 0.64380000 0.76510000
vn 0.55360000 0.53060000 0.64180000
vn 0.71180000 0.69890000 0.07000000
vn 0.71240000 0.69750000 -0.07750000
vn 0.55020000 0.52430000 -0.64990000
vn -0.01680000 0.63360000 -0.77340000
vn 0.01240000 -0.64670000 0.76260000
vn -0.52440000 -0.51060000 0.68140000
vn -0.69690000 -0.70100000 0.15130000
vn -0.72000000 -0.69390000 0.00650000
vn -0.57760000 -0.54430000 -0.60840000
vn 0.01440000 -0.63070000 -0.77590000
vn 0.70930000 -0.70060000 0.07750000
vn 0.55180000 -0.52420000 0.64870000
vn -0.01370000 -0.63700000 0.77080000
vn -0.01950000 -0.64320000 -0.76540000
vn 0.54850000 -0.53140000 -0.64550000
vn 0.71050000 -0.70020000 -0.07010000
vn 0.01430000 -0.83870000 0.54450000
vn -0.51690000 -0.51170000 0.68630000
vn -0.69930000 -0.69860000 0.15150000
vn -0.71760000 -0.69650000 0.00640000
vn -0.58450000 -0.54240000 -0.60350000
vn -0.00730000 -0.84070000 -0.54150000
vn 0.71170000 -0.69820000 0.07740000
vn 0.55230000 -0.52380000 0.64860000
vn -0.01160000 -0.68250000 0.73080000
vn -0.01160000 -0.69030000 -0.72350000
vn 0.55230000 -0.53060000 -0.64300000
vn 0.71200000 -0.69870000 -0.07010000
vn 0.01470000 -0.84860000 0.52890000
vn -0.51610000 -0.51090000 0.68750000
vn -0.69930000 -0.69860000 0.15150000
vn -0.71710000 -0.69700000 0.00640000
vn -0.58590000 -0.54230000 -0.60210000
vn -0.00870000 -0.85070000 -0.52560000
vn 0.71160000 -0.69830000 0.07750000
vn 0.55230000 -0.52380000 0.64850000
vn -0.01190000 -0.67520000 0.73750000
vn -0.01190000 -0.68290000 -0.73040000
vn 0.55220000 -0.53060000 -0.64300000
vn 0.71200000 -0.69870000 -0.07000000
vn -0.01660000 -0.68350000 0.72980000
vn 0.53640000 -0.53280000 0.65450000
vn 0.64780000 0.01810000 0.76160000
vn 0.64820000 -0.01020000 0.76140000
vn 0.53640000 0.53970000 0.64880000
vn -0.01640000 0.69060000 0.72310000
vn 0.01740000 0.86090000 0.50860000
vn -0.50730000 0.53250000 0.67750000
vn -0.60990000 -0.01100000 0.79240000
vn -0.61030000 0.01940000 0.79200000
vn -0.50720000 -0.52530000 0.68320000
vn 0.01710000 -0.85490000 0.51850000
vn 0.71170000 0.69820000 -0.07740000
vn 0.55210000 0.52410000 -0.64850000
vn -0.01200000 0.67520000 -0.73760000
vn -0.01190000 0.68290000 0.73040000
vn 0.55230000 0.53070000 0.64290000
vn 0.71200000 0.69870000 0.07010000
vn -0.00870000 0.84520000 -0.53440000
vn -0.58590000 0.53600000 -0.60780000
vn -0.71740000 0.69660000 -0.00080000
vn -0.69900000 0.70050000 0.14400000
vn -0.51600000 0.51830000 0.68200000
vn 0.01470000 0.85410000 0.51990000
vn 0.64830000 0.01030000 -0.76140000
vn 0.53630000 -0.53970000 -0.64890000
vn -0.01650000 -0.69060000 -0.72310000
vn -0.01670000 0.68350000 -0.72980000
vn 0.53630000 0.53300000 -0.65440000
vn 0.64780000 -0.01810000 -0.76160000
vn -0.00130000 -0.85370000 -0.52080000
vn -0.56350000 -0.54630000 -0.61970000
vn -0.68390000 0.00910000 -0.72950000
vn -0.68440000 -0.01710000 -0.72890000
vn -0.56340000 0.53980000 -0.62540000
vn -0.00160000 0.84770000 -0.53050000
vn 0.71160000 0.69830000 -0.07740000
vn 0.55210000 0.52390000 -0.64860000
vn -0.01160000 0.68260000 -0.73070000
vn -0.01350000 0.64340000 0.76540000
vn 0.55220000 0.53080000 0.64290000
vn 0.71190000 0.69880000 0.07010000
vn -0.00710000 0.84920000 -0.52810000
vn -0.58280000 0.54010000 -0.60720000
vn -0.71030000 0.70390000 -0.00320000
vn -0.70670000 0.69280000 0.14400000
vn -0.51790000 0.51520000 0.68290000
vn 0.02800000 0.63700000 0.77040000
vn 0.64830000 0.01020000 -0.76140000
vn 0.53630000 -0.53990000 -0.64880000
vn -0.01620000 -0.69780000 -0.71610000
vn -0.01630000 0.69070000 -0.72290000
vn 0.53630000 0.53280000 -0.65460000
vn 0.64780000 -0.01810000 -0.76160000
vn -0.00000000 -0.84380000 -0.53660000
vn -0.56220000 -0.54630000 -0.62080000
vn -0.68320000 0.00920000 -0.73020000
vn -0.68360000 -0.01700000 -0.72960000
vn -0.56150000 0.54200000 -0.62530000
vn -0.00030000 0.84830000 -0.52950000
vn -0.61660000 0.01920000 0.78700000
vn -0.51380000 -0.52480000 0.67870000
vn 0.01550000 -0.65740000 0.75340000
vn 0.01570000 0.66570000 0.74600000
vn -0.51390000 0.53180000 0.67310000
vn -0.61620000 -0.01080000 0.78750000
vn -0.01850000 -0.64610000 0.76300000
vn 0.53580000 -0.53330000 0.65460000
vn 0.64920000 0.01800000 0.76040000
vn 0.64910000 -0.01010000 0.76070000
vn 0.53750000 0.53960000 0.64800000
vn -0.01400000 0.65220000 0.75800000
vn 0.01430000 0.62280000 -0.78220000
vn -0.57780000 0.53770000 -0.61400000
vn -0.72040000 0.69350000 -0.00070000
vn -0.69660000 0.70290000 0.14390000
vn -0.52450000 0.51760000 0.67600000
vn 0.01240000 0.65470000 0.75580000
vn -0.00950000 0.64380000 0.76510000
vn 0.55370000 0.53050000 0.64180000
vn 0.71180000 0.69890000 0.07000000
vn 0.71240000 0.69750000 -0.07750000
vn 0.55020000 0.52440000 -0.64980000
vn -0.01680000 0.63370000 -0.77340000
vn 0.01240000 -0.64680000 0.76260000
vn -0.52440000 -0.51060000 0.68140000
vn -0.69690000 -0.70100000 0.15140000
vn -0.72000000 -0.69400000 0.00650000
vn -0.57770000 -0.54420000 -0.60840000
vn 0.01440000 -0.63080000 -0.77580000
vn 0.70930000 -0.70060000 0.07750000
vn 0.55180000 -0.52420000 0.64870000
vn -0.01370000 -0.63700000 0.77080000
vn -0.01950000 -0.64320000 -0.76540000
vn 0.54850000 -0.53150000 -0.64550000
vn 0.71050000 -0.70020000 -0.07010000
vn 0.01430000 -0.83870000 0.54450000
vn -0.51700000 -0.51170000 0.68620000
vn -0.69920000 -0.69870000 0.15140000
vn -0.71760000 -0.69640000 0.00640000
vn -0.58440000 -0.54240000 -0.60360000
vn -0.00730000 -0.84060000 -0.54160000
vn 0.71170000 -0.69820000 0.07740000
vn 0.55230000 -0.52380000 0.64850000
vn -0.01160000 -0.68260000 0.73070000
vn -0.01160000 -0.69020000 -0.72350000
vn 0.55220000 -0.53080000 -0.64290000
vn 0.71200000 -0.69870000 -0.07000000
vn 0.01470000 -0.84860000 0.52890000
vn -0.51610000 -0.51100000 0.68740000
vn -0.69920000 -0.69870000 0.15150000
vn -0.71700000 -0.69710000 0.00640000
vn -0.58590000 -0.54240000 -0.60210000
vn -0.00870000 -0.85060000 -0.52570000
vn 0.71160000 -0.69830000 0.07750000
vn 0.55230000 -0.52390000 0.64850000
vn -0.01190000 -0.67520000 0.73760000
vn -0.01190000 -0.68300000 -0.73030000
vn 0.55220000 -0.53080000 -0.64290000
vn 0.71200000 -0.69870000 -0.07010000
vn 0.00920000 -0.62180000 0.78310000
vn -0.53330000 -0.55270000 0.64040000
vn -0.68420000 -0.72810000 0.04290000
vn -0.68370000 -0.72890000 -0.03550000
vn -0.53320000 -0.55930000 -0.63470000
vn 0.00920000 -0.63000000 -0.77660000
vn -0.01330000 -0.64180000 -0.76670000
vn 0.55210000 -0.52960000 -0.64400000
vn 0.71600000 -0.69720000 -0.03560000
vn 0.71470000 -0.69810000 0.04380000
vn 0.55350000 -0.52270000 0.64850000
vn -0.00930000 -0.63410000 0.77320000
vn -0.63380000 -0.06970000 0.77040000
vn -0.51660000 -0.55690000 0.65040000
vn 0.01270000 -0.62860000 0.77760000
vn 0.02320000 0.66850000 0.74330000
vn -0.55400000 0.51430000 0.65470000
vn -0.65670000 -0.03490000 0.75340000
vn -0.01390000 -0.64290000 0.76580000
vn 0.53760000 -0.53140000 0.65470000
vn 0.64660000 -0.01430000 0.76270000
vn 0.64790000 0.02240000 0.76140000
vn 0.53430000 0.54100000 0.64950000
vn -0.02140000 0.65200000 0.75790000
vn 0.01280000 -0.63700000 -0.77080000
vn -0.51660000 -0.56360000 -0.64460000
vn -0.63340000 -0.07790000 -0.76990000
vn -0.65720000 -0.04300000 -0.75250000
vn -0.55400000 0.50720000 -0.66020000
vn 0.02220000 0.66010000 -0.75090000
vn 0.64540000 -0.02230000 -0.76350000
vn 0.53650000 -0.53840000 -0.64990000
vn -0.01740000 -0.65020000 -0.75960000
vn -0.02390000 0.64430000 -0.76440000
vn 0.53300000 0.53380000 -0.65650000
vn 0.64600000 0.01470000 -0.76320000
vn -0.01630000 -0.69070000 0.72290000
vn 0.53620000 -0.53230000 0.65510000
vn 0.64740000 0.01810000 0.76190000
vn 0.64780000 -0.01030000 0.76170000
vn 0.53620000 0.53910000 0.64950000
vn -0.01790000 0.65130000 0.75860000
vn 0.03040000 0.65210000 0.75750000
vn -0.50790000 0.53170000 0.67780000
vn -0.61080000 -0.01090000 0.79170000
vn -0.61040000 0.01940000 0.79190000
vn -0.50790000 -0.52590000 0.68230000
vn 0.01690000 -0.84570000 0.53340000
vn -0.02110000 0.64260000 -0.76590000
vn 0.53440000 0.53300000 -0.65600000
vn 0.64590000 -0.01820000 -0.76320000
vn 0.64730000 0.01040000 -0.76220000
vn 0.53310000 -0.54130000 -0.65020000
vn -0.02380000 -0.65120000 -0.75860000
vn 0.02020000 -0.63630000 -0.77110000
vn -0.55690000 -0.54860000 -0.62360000
vn -0.67770000 0.00930000 -0.73530000
vn -0.67820000 -0.01730000 -0.73460000
vn -0.55690000 0.54200000 -0.62940000
vn 0.02000000 0.62770000 -0.77820000
vn 0.31300000 -0.67600000 -0.66710000
vn 0.78650000 -0.56710000 -0.24470000
vn 0.67640000 -0.57460000 0.46070000
vn -0.67810000 -0.52500000 -0.51430000
vn -0.19170000 -0.48770000 -0.85170000
vn 0.32750000 -0.63310000 -0.70140000
vn -0.31060000 -0.63190000 0.71010000
vn -0.76720000 -0.58080000 0.27210000
vn -0.58190000 -0.73100000 -0.35650000
vn 0.59670000 -0.63910000 0.48530000
vn 0.19860000 -0.42360000 0.88380000
vn -0.31590000 -0.62120000 0.71720000
vn 0.66790000 -0.56310000 0.48660000
vn 0.65840000 0.57030000 0.49120000
vn 0.45650000 0.81880000 0.34800000
vn 0.09540000 0.57090000 0.81550000
vn 0.15070000 0.11070000 0.98240000
vn 0.11460000 0.03080000 0.99290000
vn 0.10910000 -0.48350000 0.86850000
vn 0.56500000 -0.66650000 0.48630000
vn -0.13300000 -0.01390000 -0.99100000
vn -0.10220000 -0.53100000 -0.84120000
vn -0.65340000 -0.54980000 -0.52030000
vn -0.57540000 0.68270000 -0.45040000
vn -0.10820000 0.52850000 -0.84200000
vn -0.13080000 0.00380000 -0.99140000
vn -0.57810000 -0.71720000 -0.38900000
vn -0.46660000 0.81200000 -0.35070000
vn -0.02160000 0.44650000 0.89450000
vn 0.54920000 0.53320000 0.64350000
vn 0.70620000 0.70700000 0.03730000
vn 0.70960000 0.70320000 -0.04490000
vn 0.54230000 0.52750000 -0.65400000
vn -0.03250000 0.63440000 -0.77230000
vn 0.01570000 0.64920000 -0.76050000
vn -0.56920000 0.49220000 -0.65860000
vn -0.74290000 0.66790000 -0.04540000
vn -0.74250000 0.66870000 0.03840000
vn -0.56920000 0.49910000 0.65340000
vn 0.01790000 0.57510000 0.81790000
vn -0.01630000 -0.69070000 0.72300000
vn 0.53630000 -0.53270000 0.65470000
vn 0.64770000 0.01810000 0.76170000
vn 0.64810000 -0.01020000 0.76150000
vn 0.53630000 0.53970000 0.64890000
vn -0.01790000 0.65170000 0.75830000
vn 0.03040000 0.65250000 0.75720000
vn -0.50790000 0.53170000 0.67780000
vn -0.61020000 -0.01100000 0.79220000
vn -0.61050000 0.01940000 0.79180000
vn -0.50790000 -0.52590000 0.68230000
vn 0.01690000 -0.84530000 0.53400000
vn -0.02110000 0.64270000 -0.76590000
vn 0.53460000 0.53320000 -0.65570000
vn 0.64580000 -0.01820000 -0.76330000
vn 0.64730000 0.01040000 -0.76220000
vn 0.53310000 -0.54090000 -0.65060000
vn -0.02380000 -0.65160000 -0.75820000
vn 0.02020000 -0.63680000 -0.77070000
vn -0.55680000 -0.54810000 -0.62410000
vn -0.67720000 0.00940000 -0.73570000
vn -0.67770000 -0.01730000 -0.73520000
vn -0.55670000 0.54140000 -0.63000000
vn 0.02000000 0.62820000 -0.77780000
vn -0.01630000 -0.69070000 0.72300000
vn 0.53640000 -0.53280000 0.65450000
vn 0.64780000 0.01800000 0.76160000
vn 0.64830000 -0.01020000 0.76140000
vn 0.53630000 0.53970000 0.64890000
vn -0.01790000 0.65180000 0.75820000
vn 0.03040000 0.65270000 0.75700000
vn -0.50790000 0.53160000 0.67780000
vn -0.61040000 -0.01090000 0.79200000
vn -0.61030000 0.01940000 0.79190000
vn -0.50790000 -0.52600000 0.68210000
vn 0.01690000 -0.84530000 0.53410000
vn -0.02110000 0.64270000 -0.76590000
vn 0.53470000 0.53330000 -0.65550000
vn 0.64570000 -0.01820000 -0.76340000
vn 0.64760000 0.01040000 -0.76190000
vn 0.53300000 -0.54080000 -0.65080000
vn -0.02380000 -0.65170000 -0.75810000
vn 0.02020000 -0.63680000 -0.77080000
vn -0.55670000 -0.54820000 -0.62410000
vn -0.67700000 0.00930000 -0.73590000
vn -0.67740000 -0.01730000 -0.73540000
vn -0.55670000 0.54140000 -0.63000000
vn 0.02000000 0.62830000 -0.77770000
vn -0.01630000 -0.69070000 0.72290000
vn 0.53640000 -0.53280000 0.65450000
vn 0.64780000 0.01810000 0.76160000
vn 0.64820000 -0.01020000 0.76140000
vn 0.53630000 0.53970000 0.64890000
vn -0.01790000 0.65180000 0.75820000
vn 0.03040000 0.65270000 0.75700000
vn -0.50800000 0.53150000 0.67780000
vn -0.61040000 -0.01070000 0.79200000
vn -0.61040000 0.01940000 0.79190000
vn -0.50790000 -0.52600000 0.68220000
vn 0.01700000 -0.84520000 0.53410000
vn -0.02110000 0.64270000 -0.76580000
vn 0.53470000 0.53340000 -0.65540000
vn 0.64570000 -0.01820000 -0.76340000
vn 0.64740000 0.01040000 -0.76210000
vn 0.53290000 -0.54070000 -0.65090000
vn -0.02380000 -0.65170000 -0.75810000
vn 0.02020000 -0.63690000 -0.77070000
vn -0.55670000 -0.54820000 -0.62420000
vn -0.67690000 0.00930000 -0.73600000
vn -0.67740000 -0.01730000 -0.73540000
vn -0.55680000 0.54140000 -0.62990000
vn 0.02000000 0.62840000 -0.77760000
vn -0.01700000 0.64350000 0.76520000
vn 0.55010000 0.53190000 0.64380000
vn 0.71150000 0.70180000 0.03640000
vn 0.71180000 0.70100000 -0.04310000
vn 0.54850000 0.52460000 -0.65110000
vn -0.01950000 0.63510000 -0.77220000
vn 0.01700000 0.64940000 -0.76020000
vn -0.56850000 0.49290000 -0.65870000
vn -0.74210000 0.66880000 -0.04460000
vn -0.74160000 0.66970000 0.03780000
vn -0.56850000 0.49990000 0.65340000
vn 0.01780000 0.65730000 0.75340000
vn -0.65100000 -0.00400000 -0.75910000
vn -0.65110000 -0.00400000 -0.75900000
vn 0.65110000 -0.00400000 -0.75900000
vn 0.65110000 -0.00400000 -0.75900000
vn -0.63610000 0.00410000 0.77160000
vn -0.63590000 0.00400000 0.77170000
vn -0.63600000 -0.00410000 -0.77170000
vn -0.63590000 -0.00400000 -0.77170000
vn 0.65110000 0.00400000 0.75900000
vn 0.65110000 0.00400000 0.75900000
vn -0.65100000 0.00400000 0.75910000
vn -0.65110000 0.00400000 0.75900000
vn 0.63620000 -0.00400000 -0.77150000
vn 0.63590000 -0.00410000 -0.77180000
vn 0.63620000 0.00400000 0.77150000
vn 0.63590000 0.00410000 0.77170000
vn -0.65080000 -0.00400000 -0.75930000
vn -0.65080000 -0.00400000 -0.75930000
vn 0.65080000 -0.00400000 -0.75930000
vn 0.65080000 -0.00400000 -0.75930000
vn -0.63580000 0.00410000 0.77180000
vn -0.63570000 0.00400000 0.77190000
vn -0.63580000 -0.00410000 -0.77180000
vn -0.63570000 -0.00390000 -0.77190000
vn 0.65080000 0.00400000 0.75930000
vn 0.65080000 0.00400000 0.75930000
vn -0.65080000 0.00400000 0.75930000
vn -0.65080000 0.00400000 0.75930000
vn 0.63580000 -0.00400000 -0.77180000
vn 0.63570000 -0.00430000 -0.77190000
vn 0.63580000 0.00400000 0.77180000
vn 0.63570000 0.00410000 0.77190000
vn -0.65100000 -0.00400000 -0.75910000
vn -0.65100000 -0.00400000 -0.75910000
vn 0.65100000 -0.00400000 -0.75910000
vn 0.65100000 -0.00400000 -0.75910000
vn -0.63630000 0.00410000 0.77140000
vn -0.63610000 0.00400000 0.77160000
vn -0.63600000 -0.00410000 -0.77170000
vn -0.63590000 -0.00400000 -0.77180000
vn 0.65120000 0.00400000 0.75890000
vn 0.65120000 0.00400000 0.75890000
vn -0.65120000 0.00400000 0.75890000
vn -0.65120000 0.00400000 0.75890000
vn 0.63610000 -0.00400000 -0.77160000
vn 0.63580000 -0.00410000 -0.77180000
vn 0.63630000 0.00400000 0.77150000
vn 0.63610000 0.00410000 0.77160000
vn -0.65120000 -0.00400000 -0.75890000
vn -0.65120000 -0.00400000 -0.75890000
vn 0.65120000 -0.00400000 -0.75890000
vn 0.65120000 -0.00400000 -0.75890000
vn -0.63620000 0.00410000 0.77150000
vn -0.63600000 0.00400000 0.77170000
vn -0.63620000 -0.00410000 -0.77150000
vn -0.63600000 -0.00400000 -0.77170000
vn 0.65110000 0.00400000 0.75900000
vn 0.65120000 0.00400000 0.75890000
vn -0.65120000 0.00400000 0.75890000
vn -0.65120000 0.00420000 0.75890000
vn 0.63630000 -0.00400000 -0.77140000
vn 0.63610000 -0.00410000 -0.77160000
vn 0.63630000 0.00400000 0.77140000
vn 0.63600000 0.00410000 0.77170000
vn -0.65110000 -0.00400000 -0.75900000
vn -0.65110000 -0.00400000 -0.75900000
vn 0.65110000 -0.00400000 -0.75900000
vn 0.65110000 -0.00400000 -0.75900000
vn -0.63610000 0.00410000 0.77160000
vn -0.63610000 0.00400000 0.77160000
vn -0.63600000 -0.00410000 -0.77170000
vn -0.63610000 -0.00400000 -0.77160000
vn 0.65110000 0.00400000 0.75900000
vn 0.65110000 0.00400000 0.75900000
vn -0.65110000 0.00400000 0.75900000
vn -0.65110000 0.00420000 0.75900000
vn 0.63610000 -0.00400000 -0.77160000
vn 0.63600000 -0.00410000 -0.77170000
vn 0.63610000 0.00400000 0.77160000
vn 0.63610000 0.00410000 0.77160000
vn -0.65070000 -0.00400000 -0.75940000
vn -0.65070000 -0.00400000 -0.75940000
vn 0.65070000 -0.00400000 -0.75940000
vn 0.65070000 -0.00400000 -0.75940000
vn -0.63560000 0.00410000 0.77200000
vn -0.63560000 0.00400000 0.77200000
vn -0.63560000 -0.00410000 -0.77200000
vn -0.63560000 -0.00400000 -0.77200000
vn 0.65070000 0.00400000 0.75940000
vn 0.65070000 0.00400000 0.75940000
vn -0.65070000 0.00400000 0.75940000
vn -0.65070000 0.00400000 0.75940000
vn 0.63560000 -0.00400000 -0.77200000
vn 0.63560000 -0.00410000 -0.77200000
vn 0.63560000 0.00400000 0.77200000
vn 0.63560000 0.00410000 0.77200000
vn -0.65110000 -0.00400000 -0.75900000
vn -0.65110000 -0.00400000 -0.75900000
vn 0.65110000 -0.00400000 -0.75900000
vn 0.65110000 -0.00400000 -0.75900000
vn -0.63630000 0.00410000 0.77140000
vn -0.63630000 0.00400000 0.77140000
vn -0.63600000 -0.00410000 -0.77170000
vn -0.63600000 -0.00400000 -0.77170000
vn 0.65130000 0.00400000 0.75880000
vn 0.65130000 0.00400000 0.75880000
vn -0.65130000 0.00400000 0.75880000
vn -0.65130000 0.00400000 0.75880000
vn 0.63600000 -0.00400000 -0.77170000
vn 0.63600000 -0.00410000 -0.77170000
vn 0.63630000 0.00400000 0.77140000
vn 0.63630000 0.00410000 0.77140000
vn -0.65130000 -0.00400000 -0.75880000
vn -0.65130000 -0.00400000 -0.75880000
vn 0.65130000 -0.00400000 -0.75880000
vn 0.65130000 -0.00400000 -0.75880000
vn -0.63630000 0.00410000 0.77140000
vn -0.63630000 0.00400000 0.77140000
vn -0.63620000 -0.00410000 -0.77150000
vn -0.63630000 -0.00400000 -0.77140000
vn 0.65130000 0.00400000 0.75880000
vn 0.65130000 0.00400000 0.75880000
vn -0.65130000 0.00400000 0.75880000
vn -0.65130000 0.00400000 0.75880000
vn 0.63630000 -0.00400000 -0.77140000
vn 0.63620000 -0.00410000 -0.77150000
vn 0.63630000 0.00400000 0.77140000
vn 0.63630000 0.00410000 0.77140000
vn -0.65100000 -0.00400000 -0.75910000
vn -0.65110000 -0.00400000 -0.75900000
vn 0.65110000 -0.00400000 -0.75900000
vn 0.65110000 -0.00400000 -0.75900000
vn -0.63610000 0.00410000 0.77160000
vn -0.63590000 0.00400000 0.77170000
vn -0.63600000 -0.00410000 -0.77170000
vn -0.63590000 -0.00400000 -0.77170000
vn 0.65110000 0.00400000 0.75900000
vn 0.65110000 0.00400000 0.75900000
vn -0.65100000 0.00400000 0.75910000
vn -0.65110000 0.00400000 0.75900000
vn 0.63620000 -0.00400000 -0.77150000
vn 0.63590000 -0.00410000 -0.77180000
vn 0.63620000 0.00400000 0.77150000
vn 0.63590000 0.00410000 0.77170000
vn -0.65080000 -0.00400000 -0.75930000
vn -0.65080000 -0.00400000 -0.75930000
vn 0.65080000 -0.00400000 -0.75930000
vn 0.65080000 -0.00400000 -0.75930000
vn -0.63580000 0.00410000 0.77180000
vn -0.63570000 0.00400000 0.77190000
vn -0.63580000 -0.00410000 -0.77180000
vn -0.63570000 -0.00390000 -0.77190000
vn 0.65080000 0.00400000 0.75930000
vn 0.65080000 0.00400000 0.75930000
vn -0.65080000 0.00400000 0.75930000
vn -0.65080000 0.00400000 0.75930000
vn 0.63580000 -0.00400000 -0.77180000
vn 0.63570000 -0.00430000 -0.77190000
vn 0.63580000 0.00400000 0.77180000
vn 0.63570000 0.00410000 0.77190000
vn -0.65100000 -0.00400000 -0.75910000
vn -0.65100000 -0.00400000 -0.75910000
vn 0.65100000 -0.00400000 -0.75910000
vn 0.65100000 -0.00400000 -0.75910000
vn -0.63630000 0.00410000 0.77140000
vn -0.63610000 0.00400000 0.77160000
vn -0.63600000 -0.00410000 -0.77170000
vn -0.63590000 -0.00400000 -0.77180000
vn 0.65120000 0.00400000 0.75890000
vn 0.65120000 0.00400000 0.75890000
vn -0.65120000 0.00400000 0.75890000
vn -0.65120000 0.00400000 0.75890000
vn 0.63610000 -0.00400000 -0.77160000
vn 0.63580000 -0.00410000 -0.77180000
vn 0.63630000 0.00400000 0.77150000
vn 0.63610000 0.00410000 0.77160000
vn -0.65120000 -0.00400000 -0.75890000
vn -0.65120000 -0.00400000 -0.75890000
vn 0.65120000 -0.00400000 -0.75890000
vn 0.65120000 -0.00400000 -0.75890000
vn -0.63620000 0.00410000 0.77150000
vn -0.63600000 0.00400000 0.77170000
vn -0.63620000 -0.00410000 -0.77150000
vn -0.63600000 -0.00400000 -0.77170000
vn 0.65110000 0.00400000 0.75900000
vn 0.65120000 0.00400000 0.75890000
vn -0.65120000 0.00400000 0.75890000
vn -0.65120000 0.00420000 0.75890000
vn 0.63630000 -0.00400000 -0.77140000
vn 0.63610000 -0.00410000 -0.77160000
vn 0.63630000 0.00400000 0.77140000
vn 0.63600000 0.00410000 0.77170000
vn -0.00180000 -0.68670000 0.72690000
vn -0.00180000 0.69440000 0.71960000
vn 0.00070000 0.77010000 0.63790000
vn 0.00070000 -0.76340000 0.64590000
vn 0.00190000 0.67250000 -0.74010000
vn -0.00190000 0.68030000 0.73290000
vn -0.00080000 0.74870000 -0.66290000
vn 0.00070000 0.75680000 0.65370000
vn 0.00180000 -0.69460000 -0.71940000
vn 0.00180000 0.68700000 -0.72660000
vn -0.00060000 -0.76770000 -0.64080000
vn -0.00060000 0.76080000 -0.64900000
vn 0.00310000 0.68610000 -0.72750000
vn -0.00380000 0.63260000 0.77450000
vn 0.00080000 0.76320000 -0.64610000
vn -0.00050000 0.74210000 0.67030000
vn 0.00310000 -0.70170000 -0.71240000
vn 0.00310000 0.69840000 -0.71570000
vn 0.00090000 -0.76760000 -0.64100000
vn 0.00090000 0.77130000 -0.63650000
vn -0.00200000 -0.64680000 0.76270000
vn -0.00370000 0.65460000 0.75590000
vn -0.00080000 0.65390000 0.75650000
vn -0.00120000 -0.64640000 0.76300000
vn 0.00380000 0.63150000 -0.77540000
vn -0.00380000 0.63960000 0.76870000
vn 0.00090000 0.63090000 -0.77590000
vn -0.00090000 0.63920000 0.76900000
vn -0.00210000 -0.63150000 0.77530000
vn 0.00510000 -0.63960000 -0.76870000
vn -0.00130000 -0.63160000 0.77530000
vn 0.00400000 -0.64040000 -0.76810000
vn -0.00080000 -0.74980000 0.66160000
vn 0.00080000 -0.75560000 -0.65510000
vn -0.00310000 -0.67930000 0.73380000
vn 0.00310000 -0.68740000 -0.72630000
vn 0.00080000 -0.74990000 0.66160000
vn -0.00080000 -0.75560000 -0.65500000
vn -0.00190000 -0.67260000 0.74000000
vn 0.00190000 -0.68020000 -0.73300000
vn -0.65280000 0.55940000 0.51090000
vn 0.69460000 0.48910000 -0.52750000
vn -0.62310000 0.62150000 0.47480000
vn 0.61380000 0.62530000 -0.48190000
vn -0.65990000 -0.55980000 0.50120000
vn 0.65610000 -0.55980000 -0.50610000
vn -0.61480000 -0.62530000 0.48060000
vn 0.62540000 -0.62270000 -0.47020000
vn -0.65930000 -0.55900000 0.50290000
vn -0.65170000 0.56310000 0.50810000
vn -0.61310000 -0.62710000 0.48050000
vn -0.62250000 0.62300000 0.47370000
vn 0.65260000 -0.56390000 -0.50600000
vn 0.69610000 0.48770000 -0.52690000
vn 0.62440000 -0.62350000 -0.47050000
vn 0.61380000 0.62670000 -0.48010000
vn 0.62530000 0.62510000 0.46710000
vn -0.57680000 0.67350000 -0.46220000
vn 0.61910000 0.62520000 0.47520000
vn -0.52580000 0.74380000 -0.41280000
vn -0.00420000 -0.63200000 0.77500000
vn -0.00180000 -0.55650000 -0.83090000
vn 0.00100000 -0.63380000 0.77350000
vn -0.00190000 -0.50800000 -0.86130000
vn -0.00420000 -0.64710000 0.76240000
vn 0.00340000 0.57310000 0.81950000
vn 0.00110000 -0.64830000 0.76140000
vn 0.00220000 0.52210000 0.85290000
vn -0.00190000 -0.57270000 -0.81980000
vn 0.00540000 0.64690000 -0.76260000
vn -0.00180000 -0.52490000 -0.85120000
vn -0.00000000 0.64670000 -0.76280000
vn -0.00180000 -0.68660000 0.72700000
vn -0.00180000 0.69420000 0.71980000
vn 0.00060000 0.76970000 0.63840000
vn 0.00070000 -0.76290000 0.64650000
vn 0.00190000 0.67230000 -0.74020000
vn -0.00190000 0.68020000 0.73300000
vn -0.00080000 0.74920000 -0.66240000
vn 0.00070000 0.75630000 0.65420000
vn 0.00180000 -0.69450000 -0.71950000
vn 0.00180000 0.68700000 -0.72670000
vn -0.00070000 -0.76800000 -0.64040000
vn -0.00070000 0.76130000 -0.64840000
vn 0.00310000 0.68610000 -0.72750000
vn -0.00380000 0.63220000 0.77480000
vn 0.00080000 0.76290000 -0.64660000
vn -0.00050000 0.74260000 0.66980000
vn 0.00310000 -0.70160000 -0.71250000
vn 0.00310000 0.69840000 -0.71570000
vn 0.00090000 -0.76810000 -0.64040000
vn 0.00090000 0.77090000 -0.63700000
vn -0.00200000 -0.64720000 0.76230000
vn -0.00370000 0.65420000 0.75630000
vn -0.00080000 0.65380000 0.75670000
vn -0.00120000 -0.64680000 0.76270000
vn 0.00380000 0.63110000 -0.77570000
vn -0.00380000 0.63910000 0.76910000
vn 0.00090000 0.63100000 -0.77580000
vn -0.00090000 0.63910000 0.76920000
vn -0.00210000 -0.63190000 0.77500000
vn 0.00510000 -0.64010000 -0.76830000
vn -0.00130000 -0.63200000 0.77500000
vn 0.00400000 -0.64020000 -0.76820000
vn -0.00080000 -0.74940000 0.66210000
vn 0.00080000 -0.75610000 -0.65450000
vn -0.00310000 -0.67970000 0.73350000
vn 0.00310000 -0.68730000 -0.72640000
vn 0.00070000 -0.74940000 0.66210000
vn -0.00080000 -0.75600000 -0.65460000
vn -0.00190000 -0.67240000 0.74020000
vn 0.00190000 -0.68020000 -0.73300000
vn -0.00180000 -0.68650000 0.72710000
vn -0.00180000 0.69420000 0.71980000
vn 0.00060000 0.76960000 0.63850000
vn 0.00070000 -0.76280000 0.64660000
vn 0.00190000 0.67240000 -0.74020000
vn -0.00190000 0.68010000 0.73310000
vn -0.00080000 0.74930000 -0.66230000
vn 0.00070000 0.75620000 0.65430000
vn 0.00180000 -0.69450000 -0.71950000
vn 0.00180000 0.68690000 -0.72680000
vn -0.00070000 -0.76810000 -0.64040000
vn -0.00070000 0.76140000 -0.64830000
vn 0.00310000 0.68610000 -0.72750000
vn -0.00380000 0.63200000 0.77500000
vn 0.00080000 0.76280000 -0.64670000
vn -0.00050000 0.74270000 0.66970000
vn 0.00310000 -0.70170000 -0.71250000
vn 0.00310000 0.69840000 -0.71570000
vn 0.00090000 -0.76810000 -0.64030000
vn 0.00090000 0.77070000 -0.63720000
vn -0.00200000 -0.64730000 0.76220000
vn -0.00370000 0.65390000 0.75650000
vn -0.00080000 0.65360000 0.75690000
vn -0.00120000 -0.64710000 0.76240000
vn 0.00380000 0.63080000 -0.77600000
vn -0.00380000 0.63890000 0.76920000
vn 0.00090000 0.63080000 -0.77600000
vn -0.00090000 0.63890000 0.76930000
vn -0.00210000 -0.63220000 0.77480000
vn 0.00510000 -0.64040000 -0.76810000
vn -0.00130000 -0.63220000 0.77480000
vn 0.00400000 -0.64030000 -0.76810000
vn -0.00080000 -0.74920000 0.66230000
vn 0.00080000 -0.75610000 -0.65440000
vn -0.00310000 -0.67970000 0.73350000
vn 0.00310000 -0.68740000 -0.72630000
vn 0.00070000 -0.74920000 0.66230000
vn -0.00080000 -0.75620000 -0.65440000
vn -0.00190000 -0.67240000 0.74020000
vn 0.00190000 -0.68010000 -0.73310000
vn -0.00180000 -0.68660000 0.72710000
vn -0.00180000 0.69410000 0.71990000
vn 0.00060000 0.76960000 0.63860000
vn 0.00070000 -0.76280000 0.64670000
vn 0.00190000 0.67240000 -0.74020000
vn -0.00190000 0.68010000 0.73310000
vn -0.00080000 0.74920000 -0.66230000
vn 0.00070000 0.75620000 0.65440000
vn 0.00180000 -0.69450000 -0.71950000
vn 0.00180000 0.68690000 -0.72670000
vn -0.00070000 -0.76810000 -0.64040000
vn -0.00070000 0.76140000 -0.64830000
vn 0.00310000 0.68620000 -0.72740000
vn -0.00380000 0.63200000 0.77500000
vn 0.00080000 0.76270000 -0.64680000
vn -0.00050000 0.74270000 0.66970000
vn 0.00310000 -0.70160000 -0.71250000
vn 0.00310000 0.69850000 -0.71560000
vn 0.00090000 -0.76810000 -0.64040000
vn 0.00090000 0.77080000 -0.63710000
vn -0.00200000 -0.64740000 0.76210000
vn -0.00370000 0.65400000 0.75650000
vn -0.00080000 0.65360000 0.75690000
vn -0.00120000 -0.64700000 0.76250000
vn 0.00380000 0.63090000 -0.77590000
vn -0.00380000 0.63880000 0.76930000
vn 0.00090000 0.63070000 -0.77600000
vn -0.00090000 0.63890000 0.76930000
vn -0.00210000 -0.63220000 0.77480000
vn 0.00510000 -0.64030000 -0.76810000
vn -0.00130000 -0.63220000 0.77480000
vn 0.00400000 -0.64030000 -0.76810000
vn -0.00080000 -0.74920000 0.66230000
vn 0.00080000 -0.75610000 -0.65440000
vn -0.00310000 -0.67970000 0.73350000
vn 0.00310000 -0.68740000 -0.72630000
vn 0.00070000 -0.74930000 0.66230000
vn -0.00080000 -0.75620000 -0.65440000
vn -0.00190000 -0.67240000 0.74020000
vn 0.00190000 -0.68000000 -0.73320000
vn -0.00510000 -0.63160000 0.77530000
vn -0.00360000 -0.63950000 -0.76880000
vn -0.00100000 -0.63240000 0.77460000
vn -0.00140000 -0.63970000 -0.76870000
vn -0.00530000 -0.64670000 0.76270000
vn 0.00490000 0.65460000 0.75590000
vn -0.00100000 -0.64720000 0.76230000
vn 0.00100000 0.65550000 0.75520000
vn -0.00370000 -0.65450000 -0.75610000
vn 0.00650000 0.64650000 -0.76290000
vn -0.00140000 -0.65470000 -0.75590000
vn 0.00410000 0.64690000 -0.76260000
vn -0.00310000 -0.69330000 0.72060000
vn -0.00380000 0.64960000 0.76030000
vn -0.00050000 0.75960000 0.65040000
vn -0.00090000 -0.76340000 0.64590000
vn 0.00090000 0.64610000 -0.76320000
vn 0.00400000 -0.65560000 -0.75510000
vn 0.00510000 -0.65450000 -0.75610000
vn 0.00380000 0.64640000 -0.76300000
vn 0.65790000 -0.55720000 0.50680000
vn -0.65600000 -0.56270000 -0.50300000
vn -0.68940000 -0.50790000 -0.51650000
vn 0.69320000 -0.46820000 0.54790000
vn 0.65610000 -0.55870000 0.50730000
vn 0.61890000 0.62700000 0.47310000
vn 0.68890000 -0.47580000 0.54680000
vn 0.62730000 0.62270000 0.46760000
vn -0.65440000 -0.56480000 -0.50280000
vn -0.52640000 0.74460000 -0.41050000
vn -0.57350000 0.67810000 -0.45970000
vn -0.68970000 -0.50510000 -0.51890000
vn 0.00230000 0.50520000 0.86300000
vn 0.00010000 0.63090000 -0.77580000
vn 0.00530000 0.63210000 -0.77490000
vn 0.00330000 0.55710000 0.83050000
vn -0.00310000 -0.69360000 0.72030000
vn -0.00380000 0.64920000 0.76060000
vn -0.00050000 0.76000000 0.64990000
vn -0.00090000 -0.76300000 0.64640000
vn 0.00090000 0.64630000 -0.76310000
vn 0.00400000 -0.65560000 -0.75510000
vn 0.00510000 -0.65490000 -0.75570000
vn 0.00370000 0.64600000 -0.76330000
vn -0.00310000 -0.69370000 0.72020000
vn -0.00380000 0.64900000 0.76080000
vn -0.00050000 0.76020000 0.64970000
vn -0.00090000 -0.76290000 0.64660000
vn 0.00090000 0.64620000 -0.76310000
vn 0.00400000 -0.65570000 -0.75510000
vn 0.00510000 -0.65510000 -0.75550000
vn 0.00370000 0.64580000 -0.76350000
vn -0.00310000 -0.69370000 0.72020000
vn -0.00380000 0.64890000 0.76080000
vn -0.00050000 0.76020000 0.64970000
vn -0.00090000 -0.76280000 0.64660000
vn 0.00090000 0.64620000 -0.76310000
vn 0.00400000 -0.65570000 -0.75500000
vn 0.00510000 -0.65510000 -0.75560000
vn 0.00370000 0.64580000 -0.76350000
vn 0.00100000 0.64040000 0.76810000
vn 0.00410000 0.63140000 -0.77550000
vn 0.00640000 0.63140000 -0.77540000
vn 0.00480000 0.63970000 0.76860000
vt 0.90400800 0.47709300
vt 0.91874600 0.47709300
vt 0.91874600 0.46431300
vt 0.90400800 0.46431300
vt 0.43110300 0.11695100
vt 0.43110300 0.13152300
vt 0.95195400 0.13152300
vt 0.95195400 0.11695100
vt 0.43403200 0.55440100
vt 0.43403200 0.56718100
vt 0.95488400 0.56718100
vt 0.95488400 0.55440100
vt 0.95195400 0.17058300
vt 0.95195400 0.15595500
vt 0.43110300 0.15595500
vt 0.43110300 0.17058300
vt 0.43403200 0.63898200
vt 0.95488400 0.63898200
vt 0.95488400 0.62664300
vt 0.43403200 0.62664300
vt 0.92353900 0.46431300
vt 0.92353900 0.47709300
vt 0.93827800 0.47709300
vt 0.93827800 0.46431300
vt 0.95527700 0.33134100
vt 0.97001600 0.33134100
vt 0.97001600 0.31856100
vt 0.95527700 0.31856100
vt 0.43403200 0.69795300
vt 0.43403200 0.71269200
vt 0.95488400 0.71269200
vt 0.95488400 0.69795300
vt 0.43403200 0.48236800
vt 0.43403200 0.49492700
vt 0.95488400 0.49492700
vt 0.95488400 0.48236800
vt 0.95195400 0.07304700
vt 0.95195400 0.05839200
vt 0.43110300 0.05839200
vt 0.43110300 0.07304700
vt 0.43403200 0.51299400
vt 0.95488400 0.51299400
vt 0.95488400 0.50043400
vt 0.43403200 0.50043400
vt 0.95527700 0.30072700
vt 0.95527700 0.31328600
vt 0.97001600 0.31328600
vt 0.97001600 0.30072700
vt 0.88447600 0.47709300
vt 0.89921500 0.47709300
vt 0.89921500 0.46431300
vt 0.88447600 0.46431300
vt 0.43110300 0.11205000
vt 0.95195400 0.11205000
vt 0.95195400 0.09742300
vt 0.43110300 0.09742300
vt 0.43403200 0.59051000
vt 0.43403200 0.60284900
vt 0.95488400 0.60284900
vt 0.95488400 0.59051000
vt 0.95195400 0.20964500
vt 0.95195400 0.19501800
vt 0.43110300 0.19501800
vt 0.43110300 0.20964500
vt 0.43403200 0.62091600
vt 0.95488400 0.62091600
vt 0.95488400 0.60857700
vt 0.43403200 0.60857700
vt 0.94307000 0.46431300
vt 0.94307000 0.47709300
vt 0.95780900 0.47709300
vt 0.95780900 0.46431300
vt 0.95527700 0.75175100
vt 0.97001600 0.75175100
vt 0.97001600 0.73897100
vt 0.95527700 0.73897100
vt 0.43110300 0.07789400
vt 0.43110300 0.09257700
vt 0.95195400 0.09257700
vt 0.95195400 0.07789400
vt 0.43403200 0.53633500
vt 0.43403200 0.54911400
vt 0.95488400 0.54911400
vt 0.95488400 0.53633500
vt 0.95195400 0.22917600
vt 0.95195400 0.21454900
vt 0.43110300 0.21454900
vt 0.43110300 0.22917600
vt 0.43403200 0.65702500
vt 0.95488400 0.65702500
vt 0.95488400 0.64424500
vt 0.43403200 0.64424500
vt 0.95527700 0.75703800
vt 0.95527700 0.76981800
vt 0.97001600 0.76981800
vt 0.97001600 0.75703800
vt 0.95527700 0.34940700
vt 0.97001600 0.34940700
vt 0.97001600 0.33662800
vt 0.95527700 0.33662800
vt 0.43110300 0.01934400
vt 0.43110300 0.03398500
vt 0.95195400 0.03398500
vt 0.95195400 0.01934400
vt 0.43403200 0.57246800
vt 0.43403200 0.58524700
vt 0.95488400 0.58524700
vt 0.95488400 0.57246800
vt 0.95195400 0.05351600
vt 0.95195400 0.03886100
vt 0.43110300 0.03886100
vt 0.43110300 0.05351600
vt 0.43403200 0.67509100
vt 0.95488400 0.67509100
vt 0.95488400 0.66231100
vt 0.43403200 0.66231100
vt 0.95527700 0.35468200
vt 0.95527700 0.36724200
vt 0.97001600 0.36724200
vt 0.97001600 0.35468200
vt 0.95527700 0.73368500
vt 0.97001600 0.73368500
vt 0.97001600 0.72090500
vt 0.95527700 0.72090500
vt 0.43110300 0.15105100
vt 0.95195400 0.15105100
vt 0.95195400 0.13642400
vt 0.43110300 0.13642400
vt 0.43403200 0.51826800
vt 0.43403200 0.53104800
vt 0.95488400 0.53104800
vt 0.95488400 0.51826800
vt 0.95195400 0.19011400
vt 0.95195400 0.17548700
vt 0.43110300 0.17548700
vt 0.43110300 0.19011400
vt 0.43403200 0.69315700
vt 0.95488400 0.69315700
vt 0.95488400 0.68037800
vt 0.43403200 0.68037800
vt 0.95527700 0.77510400
vt 0.95527700 0.78788400
vt 0.97001600 0.78788400
vt 0.97001600 0.77510400
vt 0.54003900 0.77755300
vt 0.54003900 0.78787700
vt 0.64062500 0.78787700
vt 0.64062500 0.77755300
vt 0.85107400 0.26704000
vt 0.85107400 0.27714900
vt 0.95117200 0.27714900
vt 0.95117200 0.26704000
vt 0.74707000 0.77755300
vt 0.74707000 0.78787700
vt 0.84765600 0.78787700
vt 0.84765600 0.77755300
vt 0.96044900 0.94119700
vt 0.96044900 0.93087300
vt 0.85986300 0.93087300
vt 0.85986300 0.94119700
vt 0.54003900 0.74773800
vt 0.54003900 0.75763300
vt 0.64062500 0.75763300
vt 0.64062500 0.74773800
vt 0.85107400 0.32709900
vt 0.85107400 0.33720800
vt 0.95117200 0.33720800
vt 0.95117200 0.32709900
vt 0.85107400 0.73263100
vt 0.85107400 0.74295500
vt 0.95117200 0.74295500
vt 0.95117200 0.73263100
vt 0.96044900 0.95880400
vt 0.96044900 0.94891000
vt 0.85986300 0.94891000
vt 0.85986300 0.95880400
vt 0.54003900 0.71749400
vt 0.54003900 0.72781800
vt 0.64062500 0.72781800
vt 0.64062500 0.71749400
vt 0.85107400 0.71749400
vt 0.85107400 0.72781800
vt 0.95117200 0.72781800
vt 0.95117200 0.71749400
vt 0.74707000 0.73263100
vt 0.74707000 0.74295500
vt 0.84765600 0.74295500
vt 0.84765600 0.73263100
vt 0.95752000 0.87775000
vt 0.95752000 0.86785600
vt 0.85693400 0.86785600
vt 0.85693400 0.87775000
vt 0.43652300 0.71749400
vt 0.43652300 0.72781800
vt 0.53662100 0.72781800
vt 0.53662100 0.71749400
vt 0.85986300 0.44746000
vt 0.85986300 0.45756900
vt 0.96044900 0.45756900
vt 0.96044900 0.44746000
vt 0.85107400 0.76287500
vt 0.85107400 0.77276900
vt 0.95117200 0.77276900
vt 0.95117200 0.76287500
vt 0.98437500 0.44243300
vt 0.98437500 0.43232300
vt 0.88378900 0.43232300
vt 0.88378900 0.44243300
vt 0.54003900 0.76287500
vt 0.54003900 0.77276900
vt 0.64062500 0.77276900
vt 0.64062500 0.76287500
vt 0.85107400 0.31220600
vt 0.85107400 0.32231500
vt 0.95117200 0.32231500
vt 0.95117200 0.31220600
vt 0.74707000 0.71749400
vt 0.74707000 0.72781800
vt 0.84765600 0.72781800
vt 0.84765600 0.71749400
vt 0.96044900 0.90652900
vt 0.96044900 0.89620500
vt 0.85986300 0.89620500
vt 0.85986300 0.90652900
vt 0.64355500 0.77755300
vt 0.64355500 0.78787700
vt 0.74414100 0.78787700
vt 0.74414100 0.77755300
vt 0.85107400 0.35712800
vt 0.85107400 0.36723700
vt 0.95117200 0.36723700
vt 0.95117200 0.35712800
vt 0.64355500 0.74773800
vt 0.64355500 0.75763300
vt 0.74414100 0.75763300
vt 0.74414100 0.74773800
vt 0.96044900 0.92166600
vt 0.96044900 0.91134200
vt 0.85986300 0.91134200
vt 0.85986300 0.92166600
vt 0.43652300 0.74773800
vt 0.43652300 0.75763300
vt 0.53662100 0.75763300
vt 0.53662100 0.74773800
vt 0.85107400 0.29706900
vt 0.85107400 0.30717900
vt 0.95117200 0.30717900
vt 0.95117200 0.29706900
vt 0.74707000 0.76287500
vt 0.74707000 0.77276900
vt 0.84765600 0.77276900
vt 0.84765600 0.76287500
vt 0.95752000 0.81476200
vt 0.95752000 0.80486700
vt 0.85693400 0.80486700
vt 0.85693400 0.81476200
vt 0.43652300 0.77755300
vt 0.43652300 0.78787700
vt 0.53662100 0.78787700
vt 0.53662100 0.77755300
vt 0.86132800 0.96697700
vt 0.86132800 0.97687100
vt 0.96191400 0.97687100
vt 0.96191400 0.96697700
vt 0.64355500 0.73263100
vt 0.64355500 0.74295500
vt 0.74414100 0.74295500
vt 0.74414100 0.73263100
vt 0.96191400 0.38676800
vt 0.96191400 0.37665900
vt 0.86132800 0.37665900
vt 0.86132800 0.38676800
vt 0.43652300 0.73263100
vt 0.43652300 0.74295500
vt 0.53662100 0.74295500
vt 0.53662100 0.73263100
vt 0.85107400 0.28217700
vt 0.85107400 0.29228600
vt 0.95117200 0.29228600
vt 0.95117200 0.28217700
vt 0.85107400 0.74773800
vt 0.85107400 0.75763300
vt 0.95117200 0.75763300
vt 0.95117200 0.74773800
vt 0.95752000 0.85821900
vt 0.95752000 0.84832400
vt 0.85693400 0.84832400
vt 0.85693400 0.85821900
vt 0.43652300 0.76287500
vt 0.43652300 0.77276900
vt 0.53662100 0.77276900
vt 0.53662100 0.76287500
vt 0.85107400 0.25214800
vt 0.85107400 0.26225700
vt 0.95117200 0.26225700
vt 0.95117200 0.25214800
vt 0.85107400 0.77755300
vt 0.85107400 0.78787700
vt 0.95117200 0.78787700
vt 0.95117200 0.77755300
vt 0.95752000 0.83136300
vt 0.95752000 0.82146900
vt 0.85693400 0.82146900
vt 0.85693400 0.83136300
vt 0.54003900 0.73263100
vt 0.54003900 0.74295500
vt 0.64062500 0.74295500
vt 0.64062500 0.73263100
vt 0.85107400 0.34223500
vt 0.85107400 0.35234500
vt 0.95117200 0.35234500
vt 0.95117200 0.34223500
vt 0.64355500 0.71749400
vt 0.64355500 0.72781800
vt 0.74414100 0.72781800
vt 0.74414100 0.71749400
vt 0.95117200 0.24724200
vt 0.95117200 0.23713300
vt 0.85107400 0.23713300
vt 0.85107400 0.24724200
vt 0.64355500 0.76287500
vt 0.64355500 0.77276900
vt 0.74414100 0.77276900
vt 0.74414100 0.76287500
vt 0.86132800 0.41132700
vt 0.86132800 0.42143600
vt 0.96191400 0.42143600
vt 0.96191400 0.41132700
vt 0.74707000 0.74773800
vt 0.74707000 0.75763300
vt 0.84765600 0.75763300
vt 0.84765600 0.74773800
vt 0.96191400 0.40190500
vt 0.96191400 0.39179600
vt 0.86132800 0.39179600
vt 0.86132800 0.40190500
vt 0.88652100 0.84015600
vt 0.88652100 0.83757800
vt 0.85762000 0.83757800
vt 0.85762000 0.84015600
vt 0.39091500 0.02197700
vt 0.39091500 0.01932800
vt 0.36201400 0.01932800
vt 0.36201400 0.02197700
vt 0.66241100 0.01446800
vt 0.66241100 0.01181500
vt 0.63397600 0.01181500
vt 0.63397600 0.01446800
vt 0.18364300 0.02197700
vt 0.18364300 0.01932800
vt 0.15485800 0.01932800
vt 0.15485800 0.02197700
vt 0.69706800 0.01446800
vt 0.69706800 0.01181500
vt 0.66816700 0.01181500
vt 0.66816700 0.01446800
vt 0.11449100 0.02197700
vt 0.11449100 0.01932800
vt 0.08576500 0.01932800
vt 0.08576500 0.02197700
vt 0.46278100 0.43871300
vt 0.43411300 0.44127700
vt 0.43443600 0.44385500
vt 0.46310400 0.44129100
vt 0.01068300 0.01082500
vt 0.01067800 0.01318900
vt 0.03944800 0.01324800
vt 0.03944700 0.01088900
vt 0.46308600 0.47466400
vt 0.43439200 0.47210000
vt 0.43413100 0.47406700
vt 0.46299900 0.47663000
vt 0.46293700 0.46637700
vt 0.46293700 0.46379900
vt 0.43403600 0.46379900
vt 0.43403600 0.46637700
vt 0.52422700 0.01446800
vt 0.52422700 0.01181500
vt 0.49579200 0.01181500
vt 0.49579200 0.01446800
vt 0.83525100 0.01446800
vt 0.83525100 0.01181500
vt 0.80635000 0.01181500
vt 0.80635000 0.01446800
vt 0.88652100 0.79669900
vt 0.88652100 0.79412100
vt 0.85762000 0.79412100
vt 0.85762000 0.79669900
vt 0.42534500 0.01932800
vt 0.39667700 0.01932800
vt 0.39667700 0.02197700
vt 0.42534500 0.02197700
vt 0.62822000 0.01446800
vt 0.62822000 0.01181500
vt 0.59931900 0.01181500
vt 0.59931900 0.01446800
vt 0.28716100 0.02197700
vt 0.28716100 0.01932800
vt 0.25849300 0.01932800
vt 0.25849300 0.02197700
vt 0.73173600 0.01446800
vt 0.73173600 0.01181500
vt 0.70283500 0.01181500
vt 0.70283500 0.01446800
vt 0.07994500 0.01932800
vt 0.05121900 0.01932800
vt 0.05121900 0.02197700
vt 0.07994500 0.02197700
vt 0.89238000 0.98761700
vt 0.89238000 0.98503900
vt 0.86347900 0.98503900
vt 0.86347900 0.98761700
vt 0.32182400 0.01932800
vt 0.29292300 0.01932800
vt 0.29292300 0.02197700
vt 0.32182400 0.02197700
vt 0.55888400 0.01446800
vt 0.55888400 0.01181500
vt 0.52998300 0.01181500
vt 0.52998300 0.01446800
vt 0.21818900 0.01932800
vt 0.18940400 0.01932800
vt 0.18940400 0.02197700
vt 0.21818900 0.02197700
vt 0.76640400 0.01446800
vt 0.76640400 0.01181500
vt 0.73750300 0.01181500
vt 0.73750300 0.01446800
vt 0.04543000 0.02197700
vt 0.04543000 0.01932800
vt 0.01668900 0.01932800
vt 0.01668900 0.02197700
vt 0.88945100 0.88996100
vt 0.88945000 0.88738300
vt 0.86054900 0.88738300
vt 0.86055000 0.88996100
vt 0.35625300 0.01932800
vt 0.32758500 0.01932800
vt 0.32758500 0.02197700
vt 0.35625300 0.02197700
vt 0.59355200 0.01446800
vt 0.59355200 0.01181500
vt 0.56465100 0.01181500
vt 0.56465100 0.01446800
vt 0.25273500 0.01932800
vt 0.22395000 0.01932800
vt 0.22395000 0.02197700
vt 0.25273500 0.02197700
vt 0.80059400 0.01446800
vt 0.80059400 0.01181500
vt 0.77216000 0.01181500
vt 0.77216000 0.01446800
vt 0.14909700 0.02197700
vt 0.14909700 0.01932800
vt 0.12031200 0.01932800
vt 0.12031200 0.02197700
vt 0.49003600 0.01446800
vt 0.49003600 0.01181500
vt 0.46113500 0.01181500
vt 0.46113500 0.01446800
vt 0.86991900 0.01446800
vt 0.86991900 0.01181500
vt 0.84101800 0.01181500
vt 0.84101800 0.01446800
vt 0.01067700 0.71846000
vt 0.01067700 0.74736100
vt 0.08209200 0.74736100
vt 0.08209200 0.71846000
vt 0.34936500 0.74736100
vt 0.34936500 0.71846000
vt 0.43169000 0.74736100
vt 0.43169000 0.71846000
vt 0.78564500 0.40984400
vt 0.78564500 0.41242200
vt 0.85674200 0.41242200
vt 0.85674200 0.40984400
vt 0.51806600 0.40768800
vt 0.51806600 0.41042700
vt 0.43578200 0.40982700
vt 0.43593400 0.41238400
vt 0.36059600 0.89131100
vt 0.36059600 0.92021200
vt 0.43193500 0.92021200
vt 0.43193500 0.89131100
vt 0.09332300 0.89131100
vt 0.09332300 0.92021200
vt 0.01067700 0.92021200
vt 0.01067700 0.89131100
vt 0.58837900 0.95832000
vt 0.58837900 0.95574200
vt 0.43720600 0.95574200
vt 0.43720600 0.95832000
vt 0.76074200 0.96067900
vt 0.76074200 0.95777800
vt 0.85519100 0.95833700
vt 0.85485800 0.95579900
vt 0.27758800 0.68379200
vt 0.27758800 0.71269300
vt 0.42876000 0.71269300
vt 0.42876000 0.68379200
vt 0.10540800 0.68379200
vt 0.10540800 0.71269300
vt 0.01067800 0.71269300
vt 0.01067800 0.68379200
vt 0.30517600 0.06229800
vt 0.30517600 0.09105300
vt 0.42534300 0.09105300
vt 0.42534300 0.06229800
vt 0.15332000 0.09105300
vt 0.15332000 0.06309100
vt 0.01067700 0.06230200
vt 0.01067700 0.09105300
vt 0.85225700 0.81476300
vt 0.85192400 0.81218900
vt 0.73144500 0.81218800
vt 0.73144500 0.81476600
vt 0.57959000 0.81121100
vt 0.57959000 0.81378900
vt 0.43720500 0.81476100
vt 0.43720500 0.81218300
vt 0.73193400 0.84992200
vt 0.85192600 0.84988000
vt 0.85225900 0.84694400
vt 0.73193400 0.84734400
vt 0.58007800 0.85089800
vt 0.58007800 0.84832000
vt 0.43720700 0.84694600
vt 0.43720700 0.84988600
vt 0.53173800 0.92018100
vt 0.43740000 0.91824200
vt 0.43724800 0.92114000
vt 0.53173800 0.92308100
vt 0.70410200 0.91822800
vt 0.70410200 0.92112800
vt 0.85527400 0.92112800
vt 0.85527400 0.91822800
vt 0.51660200 0.45480700
vt 0.43444900 0.45285000
vt 0.43411600 0.45540700
vt 0.51660200 0.45754600
vt 0.78418000 0.45281200
vt 0.78418000 0.45539100
vt 0.85527700 0.45539100
vt 0.85527700 0.45281200
vt 0.30517600 0.16584500
vt 0.30517600 0.19462900
vt 0.42583100 0.19462900
vt 0.42583100 0.16584500
vt 0.15332000 0.16584600
vt 0.15332000 0.19389500
vt 0.01067500 0.19462600
vt 0.01067500 0.16584600
vt 0.55127000 0.30390900
vt 0.43110200 0.30390900
vt 0.43110200 0.33281000
vt 0.55127000 0.33281000
vt 0.70312500 0.30391100
vt 0.70312500 0.33207600
vt 0.84599800 0.33280600
vt 0.84599800 0.30391000
vt 0.58447300 0.44147400
vt 0.58447300 0.43889700
vt 0.46414800 0.43865800
vt 0.46448100 0.44123000
vt 0.73632800 0.44289800
vt 0.73632800 0.44015900
vt 0.87920100 0.43957900
vt 0.87919600 0.44209600
vt 0.33520500 0.01346900
vt 0.45566200 0.01331600
vt 0.45581400 0.01068000
vt 0.33520500 0.01081600
vt 0.18359400 0.01446800
vt 0.18359400 0.01181500
vt 0.04081200 0.01089400
vt 0.04081700 0.01332800
vt 0.30517600 0.26948000
vt 0.30517600 0.29814700
vt 0.42583000 0.29814800
vt 0.42583000 0.26947900
vt 0.15332000 0.26948100
vt 0.15332000 0.29741300
vt 0.01067700 0.29814400
vt 0.01067700 0.26948000
vt 0.13086200 0.09650600
vt 0.01067900 0.09681000
vt 0.01076700 0.12553700
vt 0.13097900 0.12517400
vt 0.28271500 0.09602100
vt 0.28271500 0.12401100
vt 0.42558100 0.12553100
vt 0.42534500 0.09681000
vt 0.73144500 0.86736300
vt 0.73144500 0.86994100
vt 0.85225700 0.87042400
vt 0.85192400 0.86785000
vt 0.57959000 0.86541000
vt 0.57959000 0.86798800
vt 0.43720500 0.87041800
vt 0.43720500 0.86784000
vt 0.73193400 0.87921900
vt 0.85192600 0.87873200
vt 0.85225900 0.87615800
vt 0.73193400 0.87664100
vt 0.57959000 0.88108900
vt 0.57959000 0.87818900
vt 0.43720500 0.87616200
vt 0.43720500 0.87869900
vt 0.01067700 0.78778500
vt 0.01067700 0.81621900
vt 0.08209200 0.81621900
vt 0.08209200 0.78778500
vt 0.34936500 0.81621900
vt 0.34936500 0.78778500
vt 0.43169000 0.81621900
vt 0.43169000 0.78778500
vt 0.78564500 0.38864500
vt 0.78564500 0.39138400
vt 0.85674200 0.39138400
vt 0.85674200 0.38864500
vt 0.51806600 0.38669200
vt 0.51806600 0.38943100
vt 0.43578200 0.38863100
vt 0.43593400 0.39136800
vt 0.36059600 0.96015900
vt 0.36059600 0.98906000
vt 0.43193500 0.98906000
vt 0.43193500 0.96015900
vt 0.09332300 0.96015900
vt 0.09332300 0.98906000
vt 0.01067700 0.98906000
vt 0.01067700 0.96015900
vt 0.58837900 0.94953100
vt 0.58837900 0.94695300
vt 0.43720600 0.94695300
vt 0.43720600 0.94953100
vt 0.76074200 0.95148500
vt 0.76074200 0.94890600
vt 0.85519100 0.94954400
vt 0.85485800 0.94696700
vt 0.27758800 0.58027600
vt 0.27758800 0.60917700
vt 0.42876000 0.60917700
vt 0.42876000 0.58027600
vt 0.10540800 0.58027600
vt 0.10540800 0.60917700
vt 0.01067800 0.60917700
vt 0.01067800 0.58027600
vt 0.30517600 0.02775200
vt 0.30517600 0.05650700
vt 0.42534300 0.05650700
vt 0.42534300 0.02775200
vt 0.15332000 0.05650700
vt 0.15332000 0.02856000
vt 0.01067700 0.02775600
vt 0.01067700 0.05650700
vt 0.85225700 0.82395400
vt 0.85192400 0.82101800
vt 0.73144500 0.82097700
vt 0.73144500 0.82355500
vt 0.57959000 0.82000000
vt 0.57959000 0.82257800
vt 0.43720500 0.82395300
vt 0.43720500 0.82101200
vt 0.73193400 0.85871100
vt 0.85192600 0.85871000
vt 0.85225900 0.85613600
vt 0.73193400 0.85613300
vt 0.58007800 0.85968700
vt 0.58007800 0.85710900
vt 0.43720700 0.85613800
vt 0.43720700 0.85871600
vt 0.53173800 0.89918500
vt 0.43740000 0.89720600
vt 0.43724800 0.89974300
vt 0.53173800 0.90208500
vt 0.70410200 0.89714800
vt 0.70410200 0.89972700
vt 0.85527400 0.89972700
vt 0.85527400 0.89714800
vt 0.77441400 0.42092500
vt 0.85676900 0.42286200
vt 0.85674000 0.42012500
vt 0.77441400 0.41818600
vt 0.50683600 0.42292000
vt 0.50683600 0.42034200
vt 0.43573800 0.42034200
vt 0.43573800 0.42292000
vt 0.01067700 0.75311700
vt 0.01067700 0.78155100
vt 0.08209200 0.78155100
vt 0.08209200 0.75311700
vt 0.34936500 0.78155100
vt 0.34936500 0.75311700
vt 0.43169000 0.78155100
vt 0.43169000 0.75311700
vt 0.78564500 0.39914300
vt 0.78564500 0.40188200
vt 0.85674200 0.40188200
vt 0.85674200 0.39914300
vt 0.51806600 0.39719000
vt 0.51806600 0.39992900
vt 0.43578200 0.39932900
vt 0.43593400 0.40188600
vt 0.36059600 0.85664300
vt 0.36059600 0.88554400
vt 0.43193500 0.88554400
vt 0.43193500 0.85664300
vt 0.09332300 0.85664300
vt 0.09332300 0.88554400
vt 0.01067700 0.88554400
vt 0.01067700 0.85664300
vt 0.58837900 0.93146500
vt 0.58837900 0.92888700
vt 0.43720600 0.92888700
vt 0.43720600 0.93146500
vt 0.76074200 0.93341900
vt 0.76074200 0.93083900
vt 0.85519100 0.93147800
vt 0.85485800 0.92890000
vt 0.27758800 0.61493300
vt 0.27758800 0.64336800
vt 0.42876000 0.64336800
vt 0.42876000 0.61493300
vt 0.10540800 0.61493300
vt 0.10540800 0.64336800
vt 0.01067800 0.64336800
vt 0.01067800 0.61493300
vt 0.72558600 0.26948000
vt 0.72558600 0.29814700
vt 0.84599600 0.29814700
vt 0.84599600 0.26948000
vt 0.57373000 0.29814600
vt 0.57373000 0.27021400
vt 0.43110200 0.26948300
vt 0.43110200 0.29814600
vt 0.85225700 0.79669600
vt 0.85192400 0.79412200
vt 0.73144500 0.79412100
vt 0.73144500 0.79669900
vt 0.57959000 0.79314500
vt 0.57959000 0.79572300
vt 0.43720500 0.79669500
vt 0.43720500 0.79411600
vt 0.73144500 0.83185500
vt 0.85192400 0.83181400
vt 0.85225700 0.82887800
vt 0.73144500 0.82927700
vt 0.57959000 0.83283200
vt 0.57959000 0.83025400
vt 0.43720500 0.82887900
vt 0.43720500 0.83182000
vt 0.53173800 0.90984400
vt 0.43740000 0.90790500
vt 0.43724800 0.91048100
vt 0.53173800 0.91242200
vt 0.70410200 0.90789100
vt 0.70410200 0.91046900
vt 0.85527400 0.91046900
vt 0.85527400 0.90789100
vt 0.77587900 0.98712900
vt 0.85827300 0.98906600
vt 0.85860600 0.98648900
vt 0.77587900 0.98455100
vt 0.50830100 0.98908200
vt 0.50830100 0.98650400
vt 0.43720300 0.98650400
vt 0.43720300 0.98908200
vt 0.01067700 0.82197500
vt 0.01067700 0.85087600
vt 0.08209200 0.85087600
vt 0.08209200 0.82197500
vt 0.34936500 0.85087600
vt 0.34936500 0.82197500
vt 0.43169000 0.85087600
vt 0.43169000 0.82197500
vt 0.78564500 0.43084000
vt 0.78564500 0.43341800
vt 0.85674200 0.43341800
vt 0.85674200 0.43084000
vt 0.51806600 0.42868400
vt 0.51806600 0.43142300
vt 0.43578200 0.43082300
vt 0.43593400 0.43338000
vt 0.36059600 0.92596800
vt 0.36059600 0.95440300
vt 0.43193500 0.95440300
vt 0.43193500 0.92596800
vt 0.09332300 0.92596800
vt 0.09332300 0.95440300
vt 0.01067700 0.95440300
vt 0.01067700 0.92596800
vt 0.58837900 0.94065900
vt 0.58837900 0.93775900
vt 0.43720600 0.93775900
vt 0.43720600 0.94065900
vt 0.76074200 0.94261300
vt 0.76074200 0.93971100
vt 0.85519100 0.94067200
vt 0.85485800 0.93777200
vt 0.27758800 0.64960100
vt 0.27758800 0.67803600
vt 0.42876000 0.67803600
vt 0.42876000 0.64960100
vt 0.10540800 0.64960100
vt 0.10540800 0.67803600
vt 0.01067800 0.67803600
vt 0.01067800 0.64960100
vt 0.72558600 0.33857100
vt 0.72558600 0.36723900
vt 0.84599600 0.36723900
vt 0.84599600 0.33857100
vt 0.57373000 0.36723800
vt 0.57373000 0.33930500
vt 0.43110200 0.33857500
vt 0.43110200 0.36723800
vt 0.85225900 0.80597400
vt 0.85192600 0.80344000
vt 0.73193400 0.80299300
vt 0.73193400 0.80589400
vt 0.58007800 0.80193400
vt 0.58007800 0.80451200
vt 0.43720700 0.80588700
vt 0.43720700 0.80294600
vt 0.73144500 0.84064400
vt 0.85192400 0.84064300
vt 0.85225700 0.83806900
vt 0.73144500 0.83806600
vt 0.57959000 0.84202600
vt 0.57959000 0.83912600
vt 0.43720500 0.83807100
vt 0.43720500 0.84060900
vt 0.53173800 0.88884800
vt 0.43740000 0.88690900
vt 0.43724800 0.88948500
vt 0.53173800 0.89142600
vt 0.70410200 0.88689500
vt 0.70410200 0.88947300
vt 0.85527400 0.88947300
vt 0.85527400 0.88689500
vt 0.77441400 0.37873000
vt 0.85676900 0.38089000
vt 0.85674000 0.37813200
vt 0.77441400 0.37615300
vt 0.50683600 0.38088600
vt 0.50683600 0.37814700
vt 0.43573800 0.37814700
vt 0.43573800 0.38088600
vt 0.13574200 0.37323900
vt 0.01067700 0.37323900
vt 0.01067700 0.40190700
vt 0.13574200 0.40190700
vt 0.28759800 0.37324100
vt 0.28759800 0.40117300
vt 0.43022600 0.40190400
vt 0.43022600 0.37324000
vt 0.73144500 0.96648400
vt 0.73144500 0.96906200
vt 0.85713900 0.96954500
vt 0.85680600 0.96697200
vt 0.57959000 0.96550800
vt 0.57959000 0.96808600
vt 0.43720500 0.96954400
vt 0.43720500 0.96696600
vt 0.73193400 0.97776900
vt 0.85680900 0.97732200
vt 0.85714200 0.97478800
vt 0.73193400 0.97486800
vt 0.58007800 0.97834000
vt 0.58007800 0.97576200
vt 0.43720700 0.97479000
vt 0.43720700 0.97736800
vt 0.01067700 0.44233100
vt 0.01067700 0.47099900
vt 0.16174300 0.47099900
vt 0.16174300 0.44233100
vt 0.33398400 0.47075600
vt 0.33398400 0.44233000
vt 0.42851500 0.47099700
vt 0.42851500 0.44233000
vt 0.28295900 0.16008400
vt 0.42583000 0.16008400
vt 0.42583000 0.13130300
vt 0.28295900 0.13215200
vt 0.13122600 0.13129900
vt 0.13122600 0.16008300
vt 0.01067700 0.16008300
vt 0.01067700 0.13129900
vt 0.70312500 0.23493800
vt 0.70312500 0.26298700
vt 0.84599600 0.26371700
vt 0.84599600 0.23493700
vt 0.55127000 0.26372100
vt 0.55127000 0.23493600
vt 0.43110000 0.23493600
vt 0.43110000 0.26372100
vt 0.60693400 0.46257800
vt 0.46430500 0.46379300
vt 0.46430500 0.46637100
vt 0.60693400 0.46515600
vt 0.75878900 0.46637700
vt 0.75878900 0.46379900
vt 0.87920100 0.46415900
vt 0.87921100 0.46620300
vt 0.73632800 0.47238500
vt 0.73632800 0.47512400
vt 0.87919900 0.47585300
vt 0.87919900 0.47311400
vt 0.58496100 0.47658900
vt 0.58496100 0.47385000
vt 0.46448500 0.47471800
vt 0.46432800 0.47689000
vt 0.15344200 0.33784000
vt 0.01076800 0.33856900
vt 0.01068000 0.36723200
vt 0.15344200 0.36577300
vt 0.30517600 0.36699500
vt 0.30517600 0.33832700
vt 0.42583100 0.33857000
vt 0.42583000 0.36723800
vt 0.01067700 0.54560800
vt 0.01067700 0.57450900
vt 0.16174300 0.57450900
vt 0.16174300 0.54560800
vt 0.33398400 0.57450400
vt 0.33398400 0.54561300
vt 0.42851500 0.57450900
vt 0.42851500 0.54561100
vt 0.28295900 0.33281400
vt 0.42583000 0.33281200
vt 0.42583000 0.30391300
vt 0.28295900 0.30488200
vt 0.13122600 0.30390900
vt 0.13122600 0.33281000
vt 0.01067700 0.33281000
vt 0.01067700 0.30390900
vt 0.01067700 0.51141700
vt 0.01067700 0.53985200
vt 0.16174300 0.53985200
vt 0.16174300 0.51141700
vt 0.33398400 0.53984800
vt 0.33398400 0.51142200
vt 0.42851500 0.53985200
vt 0.42851500 0.51142000
vt 0.28295900 0.26372200
vt 0.42583000 0.26372200
vt 0.42583000 0.23494000
vt 0.28295900 0.23579000
vt 0.13122600 0.23493600
vt 0.13122600 0.26372100
vt 0.01067700 0.26372100
vt 0.01067700 0.23493600
vt 0.01067700 0.47674900
vt 0.01067700 0.50518400
vt 0.16174300 0.50518400
vt 0.16174300 0.47674900
vt 0.33398400 0.50518000
vt 0.33398400 0.47675400
vt 0.42851500 0.50518400
vt 0.42851500 0.47675200
vt 0.28295900 0.22917600
vt 0.42583000 0.22917600
vt 0.42583000 0.20039500
vt 0.28295900 0.20124400
vt 0.13122600 0.20039000
vt 0.13122600 0.22917500
vt 0.01067700 0.22917500
vt 0.01067700 0.20039000
vt 0.15332000 0.40766500
vt 0.01067700 0.40766400
vt 0.01067700 0.43632800
vt 0.15332000 0.43559700
vt 0.30517600 0.43633100
vt 0.30517600 0.40766300
vt 0.43071300 0.40766300
vt 0.43071300 0.43633100
vt 0.90400800 0.46362300
vt 0.90332000 0.46362300
vt 0.90332000 0.46431300
vt 0.90332000 0.47709300
vt 0.90332000 0.47778300
vt 0.90400800 0.47778300
vt 0.91874600 0.47778300
vt 0.91943400 0.47778300
vt 0.91943400 0.47709300
vt 0.91943400 0.46431300
vt 0.91943400 0.46362300
vt 0.91874600 0.46362300
vt 0.95263700 0.11695100
vt 0.95263700 0.11627200
vt 0.95195400 0.11627200
vt 0.43110300 0.11627200
vt 0.43042000 0.11627200
vt 0.43042000 0.11695100
vt 0.43042000 0.13152300
vt 0.43042000 0.13220200
vt 0.43110300 0.13220200
vt 0.95195400 0.13220200
vt 0.95263700 0.13220200
vt 0.95263700 0.13152300
vt 0.95556600 0.55440100
vt 0.95556600 0.55371100
vt 0.95488400 0.55371100
vt 0.43403200 0.55371100
vt 0.43335000 0.55371100
vt 0.43335000 0.55440100
vt 0.43335000 0.56718100
vt 0.43335000 0.56787100
vt 0.43403200 0.56787100
vt 0.95488400 0.56787100
vt 0.95556600 0.56787100
vt 0.95556600 0.56718100
vt 0.43042000 0.17058300
vt 0.43042000 0.17126500
vt 0.43110300 0.17126500
vt 0.95195400 0.17126500
vt 0.95263700 0.17126500
vt 0.95263700 0.17058300
vt 0.95263700 0.15595500
vt 0.95263700 0.15527300
vt 0.95195400 0.15527300
vt 0.43110300 0.15527300
vt 0.43042000 0.15527300
vt 0.43042000 0.15595500
vt 0.43403200 0.62597700
vt 0.43335000 0.62597700
vt 0.43335000 0.62664300
vt 0.43335000 0.63898200
vt 0.43335000 0.63964800
vt 0.43403200 0.63964800
vt 0.95488400 0.63964800
vt 0.95556600 0.63964800
vt 0.95556600 0.63898200
vt 0.95556600 0.62664300
vt 0.95556600 0.62597700
vt 0.95488400 0.62597700
vt 0.93896500 0.46431300
vt 0.93896500 0.46362300
vt 0.93827800 0.46362300
vt 0.92353900 0.46362300
vt 0.92285200 0.46362300
vt 0.92285200 0.46431300
vt 0.92285200 0.47709300
vt 0.92285200 0.47778300
vt 0.92353900 0.47778300
vt 0.93827800 0.47778300
vt 0.93896500 0.47778300
vt 0.93896500 0.47709300
vt 0.95527700 0.31787100
vt 0.95459000 0.31787100
vt 0.95459000 0.31856100
vt 0.95459000 0.33134100
vt 0.95459000 0.33203100
vt 0.95527700 0.33203100
vt 0.97001600 0.33203100
vt 0.97070300 0.33203100
vt 0.97070300 0.33134100
vt 0.97070300 0.31856100
vt 0.97070300 0.31787100
vt 0.97001600 0.31787100
vt 0.95556600 0.69795300
vt 0.95556600 0.69726600
vt 0.95488400 0.69726600
vt 0.43403200 0.69726600
vt 0.43335000 0.69726600
vt 0.43335000 0.69795300
vt 0.43335000 0.71269200
vt 0.43335000 0.71337900
vt 0.43403200 0.71337900
vt 0.95488400 0.71337900
vt 0.95556600 0.71337900
vt 0.95556600 0.71269200
vt 0.95556600 0.48236800
vt 0.95556600 0.48168900
vt 0.95488400 0.48168900
vt 0.43403200 0.48168900
vt 0.43335000 0.48168900
vt 0.43335000 0.48236800
vt 0.43335000 0.49492700
vt 0.43335000 0.49560500
vt 0.43403200 0.49560500
vt 0.95488400 0.49560500
vt 0.95556600 0.49560500
vt 0.95556600 0.49492700
vt 0.43042000 0.07304700
vt 0.43042000 0.07373000
vt 0.43110300 0.07373000
vt 0.95195400 0.07373000
vt 0.95263700 0.07373000
vt 0.95263700 0.07304700
vt 0.95263700 0.05839200
vt 0.95263700 0.05770900
vt 0.95195400 0.05770900
vt 0.43110300 0.05770900
vt 0.43042000 0.05770900
vt 0.43042000 0.05839200
vt 0.43403200 0.49975600
vt 0.43335000 0.49975600
vt 0.43335000 0.50043400
vt 0.43335000 0.51299400
vt 0.43335000 0.51367200
vt 0.43403200 0.51367200
vt 0.95488400 0.51367200
vt 0.95556600 0.51367200
vt 0.95556600 0.51299400
vt 0.95556600 0.50043400
vt 0.95556600 0.49975600
vt 0.95488400 0.49975600
vt 0.97070300 0.30072700
vt 0.97070300 0.30004900
vt 0.97001600 0.30004900
vt 0.95527700 0.30004900
vt 0.95459000 0.30004900
vt 0.95459000 0.30072700
vt 0.95459000 0.31328600
vt 0.95459000 0.31396500
vt 0.95527700 0.31396500
vt 0.97001600 0.31396500
vt 0.97070300 0.31396500
vt 0.97070300 0.31328600
vt 0.88447600 0.46362300
vt 0.88378900 0.46362300
vt 0.88378900 0.46431300
vt 0.88378900 0.47709300
vt 0.88378900 0.47778300
vt 0.88447600 0.47778300
vt 0.89921500 0.47778300
vt 0.89990200 0.47778300
vt 0.89990200 0.47709300
vt 0.89990200 0.46431300
vt 0.89990200 0.46362300
vt 0.89921500 0.46362300
vt 0.43110300 0.09674100
vt 0.43042000 0.09674100
vt 0.43042000 0.09742300
vt 0.43042000 0.11205000
vt 0.43042000 0.11273200
vt 0.43110300 0.11273200
vt 0.95195400 0.11273200
vt 0.95263700 0.11273200
vt 0.95263700 0.11205000
vt 0.95263700 0.09742300
vt 0.95263700 0.09674100
vt 0.95195400 0.09674100
vt 0.95556600 0.59051000
vt 0.95556600 0.58984400
vt 0.95488400 0.58984400
vt 0.43403200 0.58984400
vt 0.43335000 0.58984400
vt 0.43335000 0.59051000
vt 0.43335000 0.60284900
vt 0.43335000 0.60351600
vt 0.43403200 0.60351600
vt 0.95488400 0.60351600
vt 0.95556600 0.60351600
vt 0.95556600 0.60284900
vt 0.43042000 0.20964500
vt 0.43042000 0.21032700
vt 0.43110300 0.21032700
vt 0.95195400 0.21032700
vt 0.95263700 0.21032700
vt 0.95263700 0.20964500
vt 0.95263700 0.19501800
vt 0.95263700 0.19433600
vt 0.95195400 0.19433600
vt 0.43110300 0.19433600
vt 0.43042000 0.19433600
vt 0.43042000 0.19501800
vt 0.43403200 0.60791000
vt 0.43335000 0.60791000
vt 0.43335000 0.60857700
vt 0.43335000 0.62091600
vt 0.43335000 0.62158200
vt 0.43403200 0.62158200
vt 0.95488400 0.62158200
vt 0.95556600 0.62158200
vt 0.95556600 0.62091600
vt 0.95556600 0.60857700
vt 0.95556600 0.60791000
vt 0.95488400 0.60791000
vt 0.95849600 0.46431300
vt 0.95849600 0.46362300
vt 0.95780900 0.46362300
vt 0.94307000 0.46362300
vt 0.94238300 0.46362300
vt 0.94238300 0.46431300
vt 0.94238300 0.47709300
vt 0.94238300 0.47778300
vt 0.94307000 0.47778300
vt 0.95780900 0.47778300
vt 0.95849600 0.47778300
vt 0.95849600 0.47709300
vt 0.95527700 0.73828100
vt 0.95459000 0.73828100
vt 0.95459000 0.73897100
vt 0.95459000 0.75175100
vt 0.95459000 0.75244100
vt 0.95527700 0.75244100
vt 0.97001600 0.75244100
vt 0.97070300 0.75244100
vt 0.97070300 0.75175100
vt 0.97070300 0.73897100
vt 0.97070300 0.73828100
vt 0.97001600 0.73828100
vt 0.95263700 0.07789400
vt 0.95263700 0.07720900
vt 0.95195400 0.07720900
vt 0.43110300 0.07720900
vt 0.43042000 0.07720900
vt 0.43042000 0.07789400
vt 0.43042000 0.09257700
vt 0.43042000 0.09326200
vt 0.43110300 0.09326200
vt 0.95195400 0.09326200
vt 0.95263700 0.09326200
vt 0.95263700 0.09257700
vt 0.95556600 0.53633500
vt 0.95556600 0.53564500
vt 0.95488400 0.53564500
vt 0.43403200 0.53564500
vt 0.43335000 0.53564500
vt 0.43335000 0.53633500
vt 0.43335000 0.54911400
vt 0.43335000 0.54980500
vt 0.43403200 0.54980500
vt 0.95488400 0.54980500
vt 0.95556600 0.54980500
vt 0.95556600 0.54911400
vt 0.43042000 0.22917600
vt 0.43042000 0.22985800
vt 0.43110300 0.22985800
vt 0.95195400 0.22985800
vt 0.95263700 0.22985800
vt 0.95263700 0.22917600
vt 0.95263700 0.21454900
vt 0.95263700 0.21386700
vt 0.95195400 0.21386700
vt 0.43110300 0.21386700
vt 0.43042000 0.21386700
vt 0.43042000 0.21454900
vt 0.43403200 0.64355500
vt 0.43335000 0.64355500
vt 0.43335000 0.64424500
vt 0.43335000 0.65702500
vt 0.43335000 0.65771500
vt 0.43403200 0.65771500
vt 0.95488400 0.65771500
vt 0.95556600 0.65771500
vt 0.95556600 0.65702500
vt 0.95556600 0.64424500
vt 0.95556600 0.64355500
vt 0.95488400 0.64355500
vt 0.97070300 0.75703800
vt 0.97070300 0.75634800
vt 0.97001600 0.75634800
vt 0.95527700 0.75634800
vt 0.95459000 0.75634800
vt 0.95459000 0.75703800
vt 0.95459000 0.76981800
vt 0.95459000 0.77050800
vt 0.95527700 0.77050800
vt 0.97001600 0.77050800
vt 0.97070300 0.77050800
vt 0.97070300 0.76981800
vt 0.95527700 0.33593800
vt 0.95459000 0.33593800
vt 0.95459000 0.33662800
vt 0.95459000 0.34940700
vt 0.95459000 0.35009800
vt 0.95527700 0.35009800
vt 0.97001600 0.35009800
vt 0.97070300 0.35009800
vt 0.97070300 0.34940700
vt 0.97070300 0.33662800
vt 0.97070300 0.33593800
vt 0.97001600 0.33593800
vt 0.95263700 0.01934400
vt 0.95263700 0.01866100
vt 0.95195400 0.01866100
vt 0.43110300 0.01866100
vt 0.43042000 0.01866100
vt 0.43042000 0.01934400
vt 0.43042000 0.03398500
vt 0.43042000 0.03466800
vt 0.43110300 0.03466800
vt 0.95195400 0.03466800
vt 0.95263700 0.03466800
vt 0.95263700 0.03398500
vt 0.95556600 0.57246800
vt 0.95556600 0.57177700
vt 0.95488400 0.57177700
vt 0.43403200 0.57177700
vt 0.43335000 0.57177700
vt 0.43335000 0.57246800
vt 0.43335000 0.58524700
vt 0.43335000 0.58593800
vt 0.43403200 0.58593800
vt 0.95488400 0.58593800
vt 0.95556600 0.58593800
vt 0.95556600 0.58524700
vt 0.43042000 0.05351600
vt 0.43042000 0.05419900
vt 0.43110300 0.05419900
vt 0.95195400 0.05419900
vt 0.95263700 0.05419900
vt 0.95263700 0.05351600
vt 0.95263700 0.03886100
vt 0.95263700 0.03817700
vt 0.95195400 0.03817700
vt 0.43110300 0.03817700
vt 0.43042000 0.03817700
vt 0.43042000 0.03886100
vt 0.43403200 0.66162100
vt 0.43335000 0.66162100
vt 0.43335000 0.66231100
vt 0.43335000 0.67509100
vt 0.43335000 0.67578100
vt 0.43403200 0.67578100
vt 0.95488400 0.67578100
vt 0.95556600 0.67578100
vt 0.95556600 0.67509100
vt 0.95556600 0.66231100
vt 0.95556600 0.66162100
vt 0.95488400 0.66162100
vt 0.97070300 0.35468200
vt 0.97070300 0.35400400
vt 0.97001600 0.35400400
vt 0.95527700 0.35400400
vt 0.95459000 0.35400400
vt 0.95459000 0.35468200
vt 0.95459000 0.36724200
vt 0.95459000 0.36792000
vt 0.95527700 0.36792000
vt 0.97001600 0.36792000
vt 0.97070300 0.36792000
vt 0.97070300 0.36724200
vt 0.95527700 0.72021500
vt 0.95459000 0.72021500
vt 0.95459000 0.72090500
vt 0.95459000 0.73368500
vt 0.95459000 0.73437500
vt 0.95527700 0.73437500
vt 0.97001600 0.73437500
vt 0.97070300 0.73437500
vt 0.97070300 0.73368500
vt 0.97070300 0.72090500
vt 0.97070300 0.72021500
vt 0.97001600 0.72021500
vt 0.43110300 0.13574200
vt 0.43042000 0.13574200
vt 0.43042000 0.13642400
vt 0.43042000 0.15105100
vt 0.43042000 0.15173300
vt 0.43110300 0.15173300
vt 0.95195400 0.15173300
vt 0.95263700 0.15173300
vt 0.95263700 0.15105100
vt 0.95263700 0.13642400
vt 0.95263700 0.13574200
vt 0.95195400 0.13574200
vt 0.95556600 0.51826800
vt 0.95556600 0.51757800
vt 0.95488400 0.51757800
vt 0.43403200 0.51757800
vt 0.43335000 0.51757800
vt 0.43335000 0.51826800
vt 0.43335000 0.53104800
vt 0.43335000 0.53173800
vt 0.43403200 0.53173800
vt 0.95488400 0.53173800
vt 0.95556600 0.53173800
vt 0.95556600 0.53104800
vt 0.43042000 0.19011400
vt 0.43042000 0.19079600
vt 0.43110300 0.19079600
vt 0.95195400 0.19079600
vt 0.95263700 0.19079600
vt 0.95263700 0.19011400
vt 0.95263700 0.17548700
vt 0.95263700 0.17480500
vt 0.95195400 0.17480500
vt 0.43110300 0.17480500
vt 0.43042000 0.17480500
vt 0.43042000 0.17548700
vt 0.43403200 0.67968800
vt 0.43335000 0.67968800
vt 0.43335000 0.68037800
vt 0.43335000 0.69315700
vt 0.43335000 0.69384800
vt 0.43403200 0.69384800
vt 0.95488400 0.69384800
vt 0.95556600 0.69384800
vt 0.95556600 0.69315700
vt 0.95556600 0.68037800
vt 0.95556600 0.67968800
vt 0.95488400 0.67968800
vt 0.97070300 0.77510400
vt 0.97070300 0.77441400
vt 0.97001600 0.77441400
vt 0.95527700 0.77441400
vt 0.95459000 0.77441400
vt 0.95459000 0.77510400
vt 0.95459000 0.78788400
vt 0.95459000 0.78857400
vt 0.95527700 0.78857400
vt 0.97001600 0.78857400
vt 0.97070300 0.78857400
vt 0.97070300 0.78788400
vt 0.85693400 0.84015600
vt 0.85693400 0.84082000
vt 0.85762000 0.84082000
vt 0.88652100 0.84082000
vt 0.88720700 0.84082000
vt 0.88720700 0.84015600
vt 0.88720700 0.83757800
vt 0.88720700 0.83691400
vt 0.88652100 0.83691400
vt 0.85762000 0.83691400
vt 0.85693400 0.83691400
vt 0.85693400 0.83757800
vt 0.36132800 0.02197700
vt 0.36132800 0.02265900
vt 0.36201400 0.02265900
vt 0.39091500 0.02265900
vt 0.39160200 0.02265900
vt 0.39160200 0.02197700
vt 0.39160200 0.01932800
vt 0.39160200 0.01864600
vt 0.39091500 0.01864600
vt 0.36201400 0.01864600
vt 0.36132800 0.01864600
vt 0.36132800 0.01932800
vt 0.63330100 0.01446800
vt 0.63330100 0.01515200
vt 0.63397600 0.01515200
vt 0.66241100 0.01515200
vt 0.66308600 0.01515200
vt 0.66308600 0.01446800
vt 0.66308600 0.01181500
vt 0.66308600 0.01113100
vt 0.66241100 0.01113100
vt 0.63397600 0.01113100
vt 0.63330100 0.01113100
vt 0.63330100 0.01181500
vt 0.15417500 0.02197700
vt 0.15417500 0.02265900
vt 0.15485800 0.02265900
vt 0.18364300 0.02265900
vt 0.18432600 0.02265900
vt 0.18432600 0.02197700
vt 0.18432600 0.01932800
vt 0.18432600 0.01864600
vt 0.18364300 0.01864600
vt 0.15485800 0.01864600
vt 0.15417500 0.01864600
vt 0.15417500 0.01932800
vt 0.66748000 0.01446800
vt 0.66748000 0.01515200
vt 0.66816700 0.01515200
vt 0.69706800 0.01515200
vt 0.69775400 0.01515200
vt 0.69775400 0.01446800
vt 0.69775400 0.01181500
vt 0.69775400 0.01113100
vt 0.69706800 0.01113100
vt 0.66816700 0.01113100
vt 0.66748000 0.01113100
vt 0.66748000 0.01181500
vt 0.08508300 0.02197700
vt 0.08508300 0.02265900
vt 0.08576500 0.02265900
vt 0.11449100 0.02265900
vt 0.11517300 0.02265900
vt 0.11517300 0.02197700
vt 0.11517300 0.01932800
vt 0.11517300 0.01864600
vt 0.11449100 0.01864600
vt 0.08576500 0.01864600
vt 0.08508300 0.01864600
vt 0.08508300 0.01932800
vt 0.46318700 0.44195500
vt 0.46386700 0.44189500
vt 0.46378400 0.44123000
vt 0.46346200 0.43865200
vt 0.46337900 0.43798800
vt 0.46269800 0.43804900
vt 0.43403000 0.44061300
vt 0.43335000 0.44067400
vt 0.43343300 0.44133800
vt 0.43375500 0.44391600
vt 0.43383800 0.44458000
vt 0.43451900 0.44451900
vt 0.04013100 0.01089000
vt 0.04013100 0.01006300
vt 0.03944800 0.01006200
vt 0.01068500 0.00999600
vt 0.01000200 0.00999500
vt 0.01000100 0.01082300
vt 0.00999600 0.01318700
vt 0.00999500 0.01401500
vt 0.01067800 0.01401700
vt 0.03944800 0.01407500
vt 0.04013100 0.01407600
vt 0.04013100 0.01324900
vt 0.46380300 0.47472200
vt 0.46386700 0.47363300
vt 0.46318700 0.47357200
vt 0.43451900 0.47100800
vt 0.43383800 0.47094700
vt 0.43371000 0.47203700
vt 0.43347800 0.47400800
vt 0.43335000 0.47509800
vt 0.43403600 0.47515900
vt 0.46293700 0.47772200
vt 0.46362300 0.47778300
vt 0.46368700 0.47669400
vt 0.43335000 0.46637700
vt 0.43335000 0.46704100
vt 0.43403600 0.46704100
vt 0.46293700 0.46704100
vt 0.46362300 0.46704100
vt 0.46362300 0.46637700
vt 0.46362300 0.46379900
vt 0.46362300 0.46313500
vt 0.46293700 0.46313500
vt 0.43403600 0.46313500
vt 0.43335000 0.46313500
vt 0.43335000 0.46379900
vt 0.49511700 0.01446800
vt 0.49511700 0.01515200
vt 0.49579200 0.01515200
vt 0.52422700 0.01515200
vt 0.52490200 0.01515200
vt 0.52490200 0.01446800
vt 0.52490200 0.01181500
vt 0.52490200 0.01113100
vt 0.52422700 0.01113100
vt 0.49579200 0.01113100
vt 0.49511700 0.01113100
vt 0.49511700 0.01181500
vt 0.80566400 0.01446800
vt 0.80566400 0.01515200
vt 0.80635000 0.01515200
vt 0.83525100 0.01515200
vt 0.83593800 0.01515200
vt 0.83593800 0.01446800
vt 0.83593800 0.01181500
vt 0.83593800 0.01113100
vt 0.83525100 0.01113100
vt 0.80635000 0.01113100
vt 0.80566400 0.01113100
vt 0.80566400 0.01181500
vt 0.85693400 0.79669900
vt 0.85693400 0.79736300
vt 0.85762000 0.79736300
vt 0.88652100 0.79736300
vt 0.88720700 0.79736300
vt 0.88720700 0.79669900
vt 0.88720700 0.79412100
vt 0.88720700 0.79345700
vt 0.88652100 0.79345700
vt 0.85762000 0.79345700
vt 0.85693400 0.79345700
vt 0.85693400 0.79412100
vt 0.42534500 0.02265900
vt 0.42602500 0.02265900
vt 0.42602500 0.02197700
vt 0.42602500 0.01932800
vt 0.42602500 0.01864600
vt 0.42534500 0.01864600
vt 0.39667700 0.01864600
vt 0.39599600 0.01864600
vt 0.39599600 0.01932800
vt 0.39599600 0.02197700
vt 0.39599600 0.02265900
vt 0.39667700 0.02265900
vt 0.59863300 0.01446800
vt 0.59863300 0.01515200
vt 0.59931900 0.01515200
vt 0.62822000 0.01515200
vt 0.62890600 0.01515200
vt 0.62890600 0.01446800
vt 0.62890600 0.01181500
vt 0.62890600 0.01113100
vt 0.62822000 0.01113100
vt 0.59931900 0.01113100
vt 0.59863300 0.01113100
vt 0.59863300 0.01181500
vt 0.25781200 0.02197700
vt 0.25781200 0.02265900
vt 0.25849300 0.02265900
vt 0.28716100 0.02265900
vt 0.28784200 0.02265900
vt 0.28784200 0.02197700
vt 0.28784200 0.01932800
vt 0.28784200 0.01864600
vt 0.28716100 0.01864600
vt 0.25849300 0.01864600
vt 0.25781200 0.01864600
vt 0.25781200 0.01932800
vt 0.70214800 0.01446800
vt 0.70214800 0.01515200
vt 0.70283500 0.01515200
vt 0.73173600 0.01515200
vt 0.73242200 0.01515200
vt 0.73242200 0.01446800
vt 0.73242200 0.01181500
vt 0.73242200 0.01113100
vt 0.73173600 0.01113100
vt 0.70283500 0.01113100
vt 0.70214800 0.01113100
vt 0.70214800 0.01181500
vt 0.07994500 0.02265900
vt 0.08062700 0.02265900
vt 0.08062700 0.02197700
vt 0.08062700 0.01932800
vt 0.08062700 0.01864600
vt 0.07994500 0.01864600
vt 0.05121900 0.01864600
vt 0.05053700 0.01864600
vt 0.05053700 0.01932800
vt 0.05053700 0.02197700
vt 0.05053700 0.02265900
vt 0.05121900 0.02265900
vt 0.86279300 0.98761700
vt 0.86279300 0.98828100
vt 0.86347900 0.98828100
vt 0.89238000 0.98828100
vt 0.89306600 0.98828100
vt 0.89306600 0.98761700
vt 0.89306600 0.98503900
vt 0.89306600 0.98437500
vt 0.89238000 0.98437500
vt 0.86347900 0.98437500
vt 0.86279300 0.98437500
vt 0.86279300 0.98503900
vt 0.32182400 0.02265900
vt 0.32251000 0.02265900
vt 0.32251000 0.02197700
vt 0.32251000 0.01932800
vt 0.32251000 0.01864600
vt 0.32182400 0.01864600
vt 0.29292300 0.01864600
vt 0.29223600 0.01864600
vt 0.29223600 0.01932800
vt 0.29223600 0.02197700
vt 0.29223600 0.02265900
vt 0.29292300 0.02265900
vt 0.52929700 0.01446800
vt 0.52929700 0.01515200
vt 0.52998300 0.01515200
vt 0.55888400 0.01515200
vt 0.55957000 0.01515200
vt 0.55957000 0.01446800
vt 0.55957000 0.01181500
vt 0.55957000 0.01113100
vt 0.55888400 0.01113100
vt 0.52998300 0.01113100
vt 0.52929700 0.01113100
vt 0.52929700 0.01181500
vt 0.21818900 0.02265900
vt 0.21887200 0.02265900
vt 0.21887200 0.02197700
vt 0.21887200 0.01932800
vt 0.21887200 0.01864600
vt 0.21818900 0.01864600
vt 0.18940400 0.01864600
vt 0.18872100 0.01864600
vt 0.18872100 0.01932800
vt 0.18872100 0.02197700
vt 0.18872100 0.02265900
vt 0.18940400 0.02265900
vt 0.73681600 0.01446800
vt 0.73681600 0.01515200
vt 0.73750300 0.01515200
vt 0.76640400 0.01515200
vt 0.76709000 0.01515200
vt 0.76709000 0.01446800
vt 0.76709000 0.01181500
vt 0.76709000 0.01113100
vt 0.76640400 0.01113100
vt 0.73750300 0.01113100
vt 0.73681600 0.01113100
vt 0.73681600 0.01181500
vt 0.01600600 0.02197700
vt 0.01600600 0.02265900
vt 0.01668900 0.02265900
vt 0.04543000 0.02265900
vt 0.04611200 0.02265900
vt 0.04611200 0.02197700
vt 0.04611200 0.01932800
vt 0.04611200 0.01864600
vt 0.04543000 0.01864600
vt 0.01668900 0.01864600
vt 0.01600600 0.01864600
vt 0.01600600 0.01932800
vt 0.85986300 0.88996100
vt 0.85986300 0.89062500
vt 0.86054900 0.89062500
vt 0.88945100 0.89062500
vt 0.89013700 0.89062500
vt 0.89013700 0.88996100
vt 0.89013700 0.88738300
vt 0.89013700 0.88671900
vt 0.88945100 0.88671900
vt 0.86054900 0.88671900
vt 0.85986300 0.88671900
vt 0.85986300 0.88738300
vt 0.35625300 0.02265900
vt 0.35693400 0.02265900
vt 0.35693400 0.02197700
vt 0.35693400 0.01932800
vt 0.35693400 0.01864600
vt 0.35625300 0.01864600
vt 0.32758500 0.01864600
vt 0.32690400 0.01864600
vt 0.32690400 0.01932800
vt 0.32690400 0.02197700
vt 0.32690400 0.02265900
vt 0.32758500 0.02265900
vt 0.56396500 0.01446800
vt 0.56396500 0.01515200
vt 0.56465100 0.01515200
vt 0.59355200 0.01515200
vt 0.59423800 0.01515200
vt 0.59423800 0.01446800
vt 0.59423800 0.01181500
vt 0.59423800 0.01113100
vt 0.59355200 0.01113100
vt 0.56465100 0.01113100
vt 0.56396500 0.01113100
vt 0.56396500 0.01181500
vt 0.25273500 0.02265900
vt 0.25341800 0.02265900
vt 0.25341800 0.02197700
vt 0.25341800 0.01932800
vt 0.25341800 0.01864600
vt 0.25273500 0.01864600
vt 0.22395000 0.01864600
vt 0.22326700 0.01864600
vt 0.22326700 0.01932800
vt 0.22326700 0.02197700
vt 0.22326700 0.02265900
vt 0.22395000 0.02265900
vt 0.77148400 0.01446800
vt 0.77148400 0.01515200
vt 0.77216000 0.01515200
vt 0.80059400 0.01515200
vt 0.80127000 0.01515200
vt 0.80127000 0.01446800
vt 0.80127000 0.01181500
vt 0.80127000 0.01113100
vt 0.80059400 0.01113100
vt 0.77216000 0.01113100
vt 0.77148400 0.01113100
vt 0.77148400 0.01181500
vt 0.11962900 0.02197700
vt 0.11962900 0.02265900
vt 0.12031200 0.02265900
vt 0.14909700 0.02265900
vt 0.14978000 0.02265900
vt 0.14978000 0.02197700
vt 0.14978000 0.01932800
vt 0.14978000 0.01864600
vt 0.14909700 0.01864600
vt 0.12031200 0.01864600
vt 0.11962900 0.01864600
vt 0.11962900 0.01932800
vt 0.46044900 0.01446800
vt 0.46044900 0.01515200
vt 0.46113500 0.01515200
vt 0.49003600 0.01515200
vt 0.49072300 0.01515200
vt 0.49072300 0.01446800
vt 0.49072300 0.01181500
vt 0.49072300 0.01113100
vt 0.49003600 0.01113100
vt 0.46113500 0.01113100
vt 0.46044900 0.01113100
vt 0.46044900 0.01181500
vt 0.84033200 0.01446800
vt 0.84033200 0.01515200
vt 0.84101800 0.01515200
vt 0.86991900 0.01515200
vt 0.87060500 0.01515200
vt 0.87060500 0.01446800
vt 0.87060500 0.01181500
vt 0.87060500 0.01113100
vt 0.86991900 0.01113100
vt 0.84101800 0.01113100
vt 0.84033200 0.01113100
vt 0.84033200 0.01181500
vt 0.01067700 0.71777300
vt 0.00999500 0.71777300
vt 0.00999500 0.71846000
vt 0.00999500 0.74736100
vt 0.00999500 0.74804700
vt 0.01067700 0.74804700
vt 0.43169000 0.74804700
vt 0.43237300 0.74804700
vt 0.43237300 0.74736100
vt 0.43237300 0.71846000
vt 0.43237300 0.71777300
vt 0.43169000 0.71777300
vt 0.85742200 0.40984400
vt 0.85742200 0.40918000
vt 0.85674200 0.40918000
vt 0.85674200 0.41308600
vt 0.85742200 0.41308600
vt 0.85742200 0.41242200
vt 0.43573900 0.40916200
vt 0.43505900 0.40918000
vt 0.43510000 0.40984400
vt 0.43526100 0.41242200
vt 0.43530300 0.41308600
vt 0.43598400 0.41307000
vt 0.43261700 0.89131100
vt 0.43261700 0.89062500
vt 0.43193500 0.89062500
vt 0.43193500 0.92089800
vt 0.43261700 0.92089800
vt 0.43261700 0.92021200
vt 0.01067700 0.89062500
vt 0.00999500 0.89062500
vt 0.00999500 0.89131100
vt 0.00999500 0.92021200
vt 0.00999500 0.92089800
vt 0.01067700 0.92089800
vt 0.43652300 0.95832000
vt 0.43652300 0.95898400
vt 0.43720600 0.95898400
vt 0.43720600 0.95507800
vt 0.43652300 0.95507800
vt 0.43652300 0.95574200
vt 0.85527500 0.95900200
vt 0.85595700 0.95898400
vt 0.85587400 0.95832000
vt 0.85555200 0.95574200
vt 0.85546900 0.95507800
vt 0.85478800 0.95509200
vt 0.42944300 0.68379200
vt 0.42944300 0.68310500
vt 0.42876000 0.68310500
vt 0.42876000 0.71337900
vt 0.42944300 0.71337900
vt 0.42944300 0.71269300
vt 0.01067700 0.68310500
vt 0.00999500 0.68310500
vt 0.00999500 0.68379200
vt 0.00999500 0.71269300
vt 0.00999500 0.71337900
vt 0.01067700 0.71337900
vt 0.42602500 0.06229800
vt 0.42602500 0.06161500
vt 0.42534300 0.06161500
vt 0.42534300 0.09173600
vt 0.42602500 0.09173600
vt 0.42602500 0.09105300
vt 0.01067700 0.06161900
vt 0.00999500 0.06161500
vt 0.00999500 0.06229800
vt 0.00999500 0.09105300
vt 0.00999500 0.09173600
vt 0.01067700 0.09173600
vt 0.85234300 0.81543000
vt 0.85302700 0.81543000
vt 0.85294400 0.81476600
vt 0.85262200 0.81218700
vt 0.85253900 0.81152300
vt 0.85185500 0.81152300
vt 0.43720500 0.81151900
vt 0.43652300 0.81152300
vt 0.43652300 0.81218700
vt 0.43652300 0.81476600
vt 0.43652300 0.81543000
vt 0.43720500 0.81542500
vt 0.85185800 0.85058600
vt 0.85253900 0.85058600
vt 0.85262200 0.84983900
vt 0.85294400 0.84693800
vt 0.85302700 0.84619100
vt 0.85234600 0.84619400
vt 0.43652300 0.84983900
vt 0.43652300 0.85058600
vt 0.43720700 0.85059100
vt 0.43720700 0.84619800
vt 0.43652300 0.84619100
vt 0.43652300 0.84693800
vt 0.43745000 0.91749400
vt 0.43676800 0.91748000
vt 0.43672600 0.91822800
vt 0.43656500 0.92112800
vt 0.43652300 0.92187500
vt 0.43720500 0.92188900
vt 0.85595700 0.91822800
vt 0.85595700 0.91748000
vt 0.85527400 0.91748000
vt 0.85527400 0.92187500
vt 0.85595700 0.92187500
vt 0.85595700 0.92112800
vt 0.43451900 0.45216500
vt 0.43383800 0.45214800
vt 0.43375500 0.45281200
vt 0.43343300 0.45539100
vt 0.43335000 0.45605500
vt 0.43403200 0.45607300
vt 0.85595700 0.45281200
vt 0.85595700 0.45214800
vt 0.85527700 0.45214800
vt 0.85527700 0.45605500
vt 0.85595700 0.45605500
vt 0.85595700 0.45539100
vt 0.42651400 0.16584500
vt 0.42651400 0.16516100
vt 0.42583100 0.16516100
vt 0.42583100 0.19531200
vt 0.42651400 0.19531200
vt 0.42651400 0.19462900
vt 0.01067500 0.16516100
vt 0.00999500 0.16516100
vt 0.00999500 0.16584500
vt 0.00999500 0.19462900
vt 0.00999500 0.19531200
vt 0.01067500 0.19530900
vt 0.43110200 0.30322300
vt 0.43042000 0.30322300
vt 0.43042000 0.30390900
vt 0.43042000 0.33281000
vt 0.43042000 0.33349600
vt 0.43110200 0.33349600
vt 0.84599800 0.33349300
vt 0.84668000 0.33349600
vt 0.84668000 0.33281000
vt 0.84668000 0.30390900
vt 0.84668000 0.30322300
vt 0.84599800 0.30322300
vt 0.46454800 0.44189600
vt 0.46406100 0.43799000
vt 0.87920100 0.44287500
vt 0.87988300 0.44287100
vt 0.87988300 0.44201600
vt 0.87988300 0.43957600
vt 0.87988300 0.43872100
vt 0.87920100 0.43872400
vt 0.45561500 0.01400100
vt 0.45629900 0.01400000
vt 0.45634000 0.01331900
vt 0.45650100 0.01067500
vt 0.45654300 0.00999500
vt 0.45586000 0.00999500
vt 0.04081200 0.01006800
vt 0.04081200 0.01408100
vt 0.42651400 0.26948000
vt 0.42651400 0.26879900
vt 0.42583000 0.26879900
vt 0.42583000 0.29882800
vt 0.42651400 0.29882800
vt 0.42651400 0.29814700
vt 0.01067700 0.26879900
vt 0.00999500 0.26879900
vt 0.00999500 0.26948000
vt 0.00999500 0.29814700
vt 0.00999500 0.29882800
vt 0.01067700 0.29882500
vt 0.01067700 0.09612900
vt 0.00999500 0.09613000
vt 0.00999700 0.09681200
vt 0.01008400 0.12553900
vt 0.01008600 0.12622100
vt 0.01076900 0.12621900
vt 0.42603100 0.09681200
vt 0.42602500 0.09613000
vt 0.42534300 0.09612700
vt 0.42558600 0.12621300
vt 0.42627000 0.12622100
vt 0.42626400 0.12553900
vt 0.85262200 0.86785200
vt 0.85253900 0.86718800
vt 0.85185500 0.86718500
vt 0.85234300 0.87109100
vt 0.85302700 0.87109400
vt 0.85294400 0.87043000
vt 0.43720500 0.86717600
vt 0.43652300 0.86718800
vt 0.43652300 0.86785200
vt 0.43652300 0.87043000
vt 0.43652300 0.87109400
vt 0.43720500 0.87108200
vt 0.85185800 0.87939700
vt 0.85253900 0.87939500
vt 0.85262200 0.87873000
vt 0.85294400 0.87615200
vt 0.85302700 0.87548800
vt 0.85234600 0.87549100
vt 0.43652300 0.87873000
vt 0.43652300 0.87939500
vt 0.43720500 0.87940600
vt 0.43720500 0.87549800
vt 0.43652300 0.87548800
vt 0.43652300 0.87615200
vt 0.01067700 0.78710900
vt 0.00999500 0.78710900
vt 0.00999500 0.78778500
vt 0.00999500 0.81621900
vt 0.00999500 0.81689500
vt 0.01067700 0.81689500
vt 0.43169000 0.81689500
vt 0.43237300 0.81689500
vt 0.43237300 0.81621900
vt 0.43237300 0.78778500
vt 0.43237300 0.78710900
vt 0.43169000 0.78710900
vt 0.85742200 0.38864500
vt 0.85742200 0.38793900
vt 0.85674200 0.38793900
vt 0.85674200 0.39209000
vt 0.85742200 0.39209000
vt 0.85742200 0.39138400
vt 0.43573900 0.38792300
vt 0.43505900 0.38793900
vt 0.43510000 0.38864500
vt 0.43526100 0.39138400
vt 0.43530300 0.39209000
vt 0.43598400 0.39207400
vt 0.43261700 0.96015900
vt 0.43261700 0.95947300
vt 0.43193500 0.95947300
vt 0.43193500 0.98974600
vt 0.43261700 0.98974600
vt 0.43261700 0.98906000
vt 0.01067700 0.95947300
vt 0.00999500 0.95947300
vt 0.00999500 0.96015900
vt 0.00999500 0.98906000
vt 0.00999500 0.98974600
vt 0.01067700 0.98974600
vt 0.43652300 0.94953100
vt 0.43652300 0.95019500
vt 0.43720600 0.95019500
vt 0.43720600 0.94628900
vt 0.43652300 0.94628900
vt 0.43652300 0.94695300
vt 0.85527500 0.95020900
vt 0.85595700 0.95019500
vt 0.85587400 0.94953100
vt 0.85555200 0.94695300
vt 0.85546900 0.94628900
vt 0.85478800 0.94630300
vt 0.42944300 0.58027600
vt 0.42944300 0.57959000
vt 0.42876000 0.57959000
vt 0.42876000 0.60986300
vt 0.42944300 0.60986300
vt 0.42944300 0.60917700
vt 0.01067700 0.57959000
vt 0.00999500 0.57959000
vt 0.00999500 0.58027600
vt 0.00999500 0.60917700
vt 0.00999500 0.60986300
vt 0.01067700 0.60986300
vt 0.42602500 0.02775200
vt 0.42602500 0.02706900
vt 0.42534300 0.02706900
vt 0.42534300 0.05719000
vt 0.42602500 0.05719000
vt 0.42602500 0.05650700
vt 0.01067700 0.02707300
vt 0.00999500 0.02706900
vt 0.00999500 0.02775200
vt 0.00999500 0.05650700
vt 0.00999500 0.05719000
vt 0.01067700 0.05719000
vt 0.85234300 0.82470400
vt 0.85302700 0.82470700
vt 0.85294400 0.82396000
vt 0.85262200 0.82106000
vt 0.85253900 0.82031200
vt 0.85185500 0.82031200
vt 0.43720500 0.82030800
vt 0.43652300 0.82031200
vt 0.43652300 0.82106000
vt 0.43652300 0.82396000
vt 0.43652300 0.82470700
vt 0.43720500 0.82470000
vt 0.85185800 0.85937500
vt 0.85253900 0.85937500
vt 0.85262200 0.85871100
vt 0.85294400 0.85613300
vt 0.85302700 0.85546900
vt 0.85234600 0.85546900
vt 0.43652300 0.85871100
vt 0.43652300 0.85937500
vt 0.43720700 0.85938000
vt 0.43720700 0.85547300
vt 0.43652300 0.85546900
vt 0.43652300 0.85613300
vt 0.43745000 0.89649800
vt 0.43676800 0.89648400
vt 0.43672600 0.89714800
vt 0.43656500 0.89972700
vt 0.43652300 0.90039100
vt 0.43720500 0.90040800
vt 0.85595700 0.89714800
vt 0.85595700 0.89648400
vt 0.85527400 0.89648400
vt 0.85527400 0.90039100
vt 0.85595700 0.90039100
vt 0.85595700 0.89972700
vt 0.85673900 0.42356800
vt 0.85742200 0.42358400
vt 0.85742200 0.42287800
vt 0.85742200 0.42013900
vt 0.85742200 0.41943400
vt 0.85674200 0.41941800
vt 0.43505900 0.42292000
vt 0.43505900 0.42358400
vt 0.43573800 0.42358400
vt 0.43573800 0.41967800
vt 0.43505900 0.41967800
vt 0.43505900 0.42034200
vt 0.01067700 0.75244100
vt 0.00999500 0.75244100
vt 0.00999500 0.75311700
vt 0.00999500 0.78155100
vt 0.00999500 0.78222700
vt 0.01067700 0.78222700
vt 0.43169000 0.78222700
vt 0.43237300 0.78222700
vt 0.43237300 0.78155100
vt 0.43237300 0.75311700
vt 0.43237300 0.75244100
vt 0.43169000 0.75244100
vt 0.85742200 0.39914300
vt 0.85742200 0.39843800
vt 0.85674200 0.39843800
vt 0.85674200 0.40258800
vt 0.85742200 0.40258800
vt 0.85742200 0.40188200
vt 0.43573900 0.39866400
vt 0.43505900 0.39868200
vt 0.43510000 0.39934600
vt 0.43526100 0.40192400
vt 0.43530300 0.40258800
vt 0.43598400 0.40257200
vt 0.43261700 0.85664300
vt 0.43261700 0.85595700
vt 0.43193500 0.85595700
vt 0.43193500 0.88623000
vt 0.43261700 0.88623000
vt 0.43261700 0.88554400
vt 0.01067700 0.85595700
vt 0.00999500 0.85595700
vt 0.00999500 0.85664300
vt 0.00999500 0.88554400
vt 0.00999500 0.88623000
vt 0.01067700 0.88623000
vt 0.43652300 0.93146500
vt 0.43652300 0.93212900
vt 0.43720600 0.93212900
vt 0.43720600 0.92822300
vt 0.43652300 0.92822300
vt 0.43652300 0.92888700
vt 0.85527500 0.93214300
vt 0.85595700 0.93212900
vt 0.85587400 0.93146500
vt 0.85555200 0.92888700
vt 0.85546900 0.92822300
vt 0.85478800 0.92823700
vt 0.42944300 0.61493300
vt 0.42944300 0.61425800
vt 0.42876000 0.61425800
vt 0.42876000 0.64404300
vt 0.42944300 0.64404300
vt 0.42944300 0.64336800
vt 0.01067700 0.61425800
vt 0.00999500 0.61425800
vt 0.00999500 0.61493300
vt 0.00999500 0.64336800
vt 0.00999500 0.64404300
vt 0.01067700 0.64404300
vt 0.84668000 0.26948000
vt 0.84668000 0.26879900
vt 0.84599600 0.26879900
vt 0.84599600 0.29882800
vt 0.84668000 0.29882800
vt 0.84668000 0.29814700
vt 0.43110200 0.26880200
vt 0.43042000 0.26879900
vt 0.43042000 0.26948000
vt 0.43042000 0.29814700
vt 0.43042000 0.29882800
vt 0.43110200 0.29882800
vt 0.85234300 0.79736300
vt 0.85302700 0.79736300
vt 0.85294400 0.79669900
vt 0.85262200 0.79412100
vt 0.85253900 0.79345700
vt 0.85185500 0.79345700
vt 0.43720500 0.79345200
vt 0.43652300 0.79345700
vt 0.43652300 0.79412100
vt 0.43652300 0.79669900
vt 0.43652300 0.79736300
vt 0.43720500 0.79735900
vt 0.85185500 0.83252000
vt 0.85253900 0.83252000
vt 0.85262200 0.83177200
vt 0.85294400 0.82887200
vt 0.85302700 0.82812500
vt 0.85234300 0.82812800
vt 0.43652300 0.83177200
vt 0.43652300 0.83252000
vt 0.43720500 0.83252400
vt 0.43720500 0.82813200
vt 0.43652300 0.82812500
vt 0.43652300 0.82887200
vt 0.43745000 0.90724100
vt 0.43676800 0.90722700
vt 0.43672600 0.90789100
vt 0.43656500 0.91046900
vt 0.43652300 0.91113300
vt 0.43720500 0.91114700
vt 0.85595700 0.90789100
vt 0.85595700 0.90722700
vt 0.85527400 0.90722700
vt 0.85527400 0.91113300
vt 0.85595700 0.91113300
vt 0.85595700 0.91046900
vt 0.85820400 0.98973000
vt 0.85888700 0.98974600
vt 0.85897000 0.98908200
vt 0.85929200 0.98650400
vt 0.85937500 0.98584000
vt 0.85869100 0.98582400
vt 0.43652300 0.98908200
vt 0.43652300 0.98974600
vt 0.43720300 0.98974600
vt 0.43720300 0.98584000
vt 0.43652300 0.98584000
vt 0.43652300 0.98650400
vt 0.01067700 0.82128900
vt 0.00999500 0.82128900
vt 0.00999500 0.82197500
vt 0.00999500 0.85087600
vt 0.00999500 0.85156200
vt 0.01067700 0.85156200
vt 0.43169000 0.85156200
vt 0.43237300 0.85156200
vt 0.43237300 0.85087600
vt 0.43237300 0.82197500
vt 0.43237300 0.82128900
vt 0.43169000 0.82128900
vt 0.85742200 0.43084000
vt 0.85742200 0.43017600
vt 0.85674200 0.43017600
vt 0.85674200 0.43408200
vt 0.85742200 0.43408200
vt 0.85742200 0.43341800
vt 0.43573900 0.43015800
vt 0.43505900 0.43017600
vt 0.43510000 0.43084000
vt 0.43526100 0.43341800
vt 0.43530300 0.43408200
vt 0.43598400 0.43406600
vt 0.43261700 0.92596800
vt 0.43261700 0.92529300
vt 0.43193500 0.92529300
vt 0.43193500 0.95507800
vt 0.43261700 0.95507800
vt 0.43261700 0.95440300
vt 0.01067700 0.92529300
vt 0.00999500 0.92529300
vt 0.00999500 0.92596800
vt 0.00999500 0.95440300
vt 0.00999500 0.95507800
vt 0.01067700 0.95507800
vt 0.43652300 0.94065900
vt 0.43652300 0.94140600
vt 0.43720600 0.94140600
vt 0.43720600 0.93701200
vt 0.43652300 0.93701200
vt 0.43652300 0.93775900
vt 0.85527500 0.94142000
vt 0.85595700 0.94140600
vt 0.85587400 0.94065900
vt 0.85555200 0.93775900
vt 0.85546900 0.93701200
vt 0.85478800 0.93702600
vt 0.42944300 0.64960100
vt 0.42944300 0.64892600
vt 0.42876000 0.64892600
vt 0.42876000 0.67871100
vt 0.42944300 0.67871100
vt 0.42944300 0.67803600
vt 0.01067700 0.64892600
vt 0.00999500 0.64892600
vt 0.00999500 0.64960100
vt 0.00999500 0.67803600
vt 0.00999500 0.67871100
vt 0.01067700 0.67871100
vt 0.84668000 0.33857100
vt 0.84668000 0.33789100
vt 0.84599600 0.33789100
vt 0.84599600 0.36792000
vt 0.84668000 0.36792000
vt 0.84668000 0.36723900
vt 0.43110200 0.33789400
vt 0.43042000 0.33789100
vt 0.43042000 0.33857100
vt 0.43042000 0.36723900
vt 0.43042000 0.36792000
vt 0.43110200 0.36792000
vt 0.85234600 0.80664100
vt 0.85302700 0.80664100
vt 0.85294400 0.80597700
vt 0.85262200 0.80339800
vt 0.85253900 0.80273400
vt 0.85185800 0.80273200
vt 0.43720700 0.80224100
vt 0.43652300 0.80224600
vt 0.43652300 0.80299300
vt 0.43652300 0.80589400
vt 0.43652300 0.80664100
vt 0.43720700 0.80663400
vt 0.85185500 0.84130900
vt 0.85253900 0.84130900
vt 0.85262200 0.84064500
vt 0.85294400 0.83806600
vt 0.85302700 0.83740200
vt 0.85234300 0.83740200
vt 0.43652300 0.84064500
vt 0.43652300 0.84130900
vt 0.43720500 0.84131600
vt 0.43720500 0.83740700
vt 0.43652300 0.83740200
vt 0.43652300 0.83806600
vt 0.43745000 0.88624400
vt 0.43676800 0.88623000
vt 0.43672600 0.88689500
vt 0.43656500 0.88947300
vt 0.43652300 0.89013700
vt 0.43720500 0.89015100
vt 0.85595700 0.88689500
vt 0.85595700 0.88623000
vt 0.85527400 0.88623000
vt 0.85527400 0.89013700
vt 0.85595700 0.89013700
vt 0.85595700 0.88947300
vt 0.85673900 0.38157400
vt 0.85742200 0.38159200
vt 0.85742200 0.38088600
vt 0.85742200 0.37814700
vt 0.85742200 0.37744100
vt 0.85674200 0.37742500
vt 0.43505900 0.38088600
vt 0.43505900 0.38159200
vt 0.43573800 0.38159200
vt 0.43573800 0.37744100
vt 0.43505900 0.37744100
vt 0.43505900 0.37814700
vt 0.01067700 0.37255900
vt 0.00999500 0.37255900
vt 0.00999500 0.37323900
vt 0.00999500 0.40190700
vt 0.00999500 0.40258800
vt 0.01067700 0.40258800
vt 0.43022600 0.40258400
vt 0.43090800 0.40258800
vt 0.43090800 0.40190700
vt 0.43090800 0.37323900
vt 0.43090800 0.37255900
vt 0.43022600 0.37255900
vt 0.85750500 0.96697300
vt 0.85742200 0.96630900
vt 0.85673800 0.96630600
vt 0.85722500 0.97021200
vt 0.85791000 0.97021500
vt 0.85782700 0.96955100
vt 0.43720500 0.96630200
vt 0.43652300 0.96630900
vt 0.43652300 0.96697300
vt 0.43652300 0.96955100
vt 0.43652300 0.97021500
vt 0.43720500 0.97020800
vt 0.85674000 0.97803000
vt 0.85742200 0.97802700
vt 0.85750500 0.97736300
vt 0.85782700 0.97478500
vt 0.85791000 0.97412100
vt 0.85722800 0.97412100
vt 0.43652300 0.97736300
vt 0.43652300 0.97802700
vt 0.43720700 0.97803200
vt 0.43720700 0.97412600
vt 0.43652300 0.97412100
vt 0.43652300 0.97478500
vt 0.01067700 0.44165000
vt 0.00999500 0.44165000
vt 0.00999500 0.44233100
vt 0.00999500 0.47099900
vt 0.00999500 0.47168000
vt 0.01067700 0.47168000
vt 0.42851500 0.47167800
vt 0.42919900 0.47168000
vt 0.42919900 0.47099900
vt 0.42919900 0.44233100
vt 0.42919900 0.44165000
vt 0.42851500 0.44165000
vt 0.42583000 0.16076700
vt 0.42651400 0.16076700
vt 0.42651400 0.16008300
vt 0.42651400 0.13129900
vt 0.42651400 0.13061500
vt 0.42583000 0.13061900
vt 0.01067700 0.13061500
vt 0.00999500 0.13061500
vt 0.00999500 0.13129900
vt 0.00999500 0.16008300
vt 0.00999500 0.16076700
vt 0.01067700 0.16076700
vt 0.84668000 0.23493600
vt 0.84668000 0.23425300
vt 0.84599600 0.23425300
vt 0.84599600 0.26440100
vt 0.84668000 0.26440400
vt 0.84668000 0.26372100
vt 0.43042000 0.26372100
vt 0.43042000 0.26440400
vt 0.43110000 0.26440400
vt 0.43110000 0.23425300
vt 0.43042000 0.23425300
vt 0.43042000 0.23493600
vt 0.46430500 0.46312900
vt 0.46430500 0.46703500
vt 0.87920100 0.46704100
vt 0.87988300 0.46704100
vt 0.87988300 0.46601600
vt 0.87988300 0.46416000
vt 0.87988300 0.46313500
vt 0.87920100 0.46313500
vt 0.87988300 0.47311800
vt 0.87988300 0.47241200
vt 0.87919900 0.47240900
vt 0.87919900 0.47655900
vt 0.87988300 0.47656200
vt 0.87988300 0.47585700
vt 0.46454900 0.47363000
vt 0.46430700 0.47778000
vt 0.01076900 0.33788700
vt 0.01008600 0.33789100
vt 0.01008400 0.33857100
vt 0.00999700 0.36723900
vt 0.00999500 0.36792000
vt 0.01067700 0.36791300
vt 0.42583100 0.36791900
vt 0.42651400 0.36792000
vt 0.42651400 0.36723900
vt 0.42651400 0.33857100
vt 0.42651400 0.33789100
vt 0.42583100 0.33788900
vt 0.01067700 0.54492200
vt 0.00999500 0.54492200
vt 0.00999500 0.54560800
vt 0.00999500 0.57450900
vt 0.00999500 0.57519500
vt 0.01067700 0.57519500
vt 0.42851500 0.57519500
vt 0.42919900 0.57519500
vt 0.42919900 0.57450900
vt 0.42919900 0.54560800
vt 0.42919900 0.54492200
vt 0.42851500 0.54492200
vt 0.42583000 0.33349600
vt 0.42651400 0.33349600
vt 0.42651400 0.33281000
vt 0.42651400 0.30390900
vt 0.42651400 0.30322300
vt 0.42583000 0.30322700
vt 0.01067700 0.30322300
vt 0.00999500 0.30322300
vt 0.00999500 0.30390900
vt 0.00999500 0.33281000
vt 0.00999500 0.33349600
vt 0.01067700 0.33349600
vt 0.01067700 0.51074200
vt 0.00999500 0.51074200
vt 0.00999500 0.51141700
vt 0.00999500 0.53985200
vt 0.00999500 0.54052700
vt 0.01067700 0.54052700
vt 0.42851500 0.54052700
vt 0.42919900 0.54052700
vt 0.42919900 0.53985200
vt 0.42919900 0.51141700
vt 0.42919900 0.51074200
vt 0.42851500 0.51074200
vt 0.42583000 0.26440400
vt 0.42651400 0.26440400
vt 0.42651400 0.26372100
vt 0.42651400 0.23493600
vt 0.42651400 0.23425300
vt 0.42583000 0.23425700
vt 0.01067700 0.23425300
vt 0.00999500 0.23425300
vt 0.00999500 0.23493600
vt 0.00999500 0.26372100
vt 0.00999500 0.26440400
vt 0.01067700 0.26440400
vt 0.01067700 0.47607400
vt 0.00999500 0.47607400
vt 0.00999500 0.47674900
vt 0.00999500 0.50518400
vt 0.00999500 0.50585900
vt 0.01067700 0.50585900
vt 0.42851500 0.50585900
vt 0.42919900 0.50585900
vt 0.42919900 0.50518400
vt 0.42919900 0.47674900
vt 0.42919900 0.47607400
vt 0.42851500 0.47607400
vt 0.42583000 0.22985800
vt 0.42651400 0.22985800
vt 0.42651400 0.22917500
vt 0.42651400 0.20039000
vt 0.42651400 0.19970700
vt 0.42583000 0.19971100
vt 0.01067700 0.19970700
vt 0.00999500 0.19970700
vt 0.00999500 0.20039000
vt 0.00999500 0.22917500
vt 0.00999500 0.22985800
vt 0.01067700 0.22985800
vt 0.01067700 0.40698200
vt 0.00999500 0.40698200
vt 0.00999500 0.40766300
vt 0.00999500 0.43633100
vt 0.00999500 0.43701200
vt 0.01067700 0.43700800
vt 0.43071300 0.43701200
vt 0.43139600 0.43701200
vt 0.43139600 0.43633100
vt 0.43139600 0.40766300
vt 0.43139600 0.40698200
vt 0.43071300 0.40698200
vt 0.64062500 0.77685500
vt 0.54003900 0.77685500
vt 0.54003900 0.78857400
vt 0.64062500 0.78857400
vt 0.95117200 0.26635700
vt 0.85107400 0.26635700
vt 0.85107400 0.27783200
vt 0.95117200 0.27783200
vt 0.84765600 0.77685500
vt 0.74707000 0.77685500
vt 0.74707000 0.78857400
vt 0.84765600 0.78857400
vt 0.85986300 0.94189500
vt 0.96044900 0.94189500
vt 0.96044900 0.93017600
vt 0.85986300 0.93017600
vt 0.64062500 0.74707000
vt 0.54003900 0.74707000
vt 0.54003900 0.75830100
vt 0.64062500 0.75830100
vt 0.95117200 0.32641600
vt 0.85107400 0.32641600
vt 0.85107400 0.33789100
vt 0.95117200 0.33789100
vt 0.95117200 0.73193400
vt 0.85107400 0.73193400
vt 0.85107400 0.74365200
vt 0.95117200 0.74365200
vt 0.85986300 0.95947300
vt 0.96044900 0.95947300
vt 0.96044900 0.94824200
vt 0.85986300 0.94824200
vt 0.64062500 0.71679700
vt 0.54003900 0.71679700
vt 0.54003900 0.72851600
vt 0.64062500 0.72851600
vt 0.95117200 0.71679700
vt 0.85107400 0.71679700
vt 0.85107400 0.72851600
vt 0.95117200 0.72851600
vt 0.84765600 0.73193400
vt 0.74707000 0.73193400
vt 0.74707000 0.74365200
vt 0.84765600 0.74365200
vt 0.85693400 0.87841800
vt 0.95752000 0.87841800
vt 0.95752000 0.86718800
vt 0.85693400 0.86718800
vt 0.53662100 0.71679700
vt 0.43652300 0.71679700
vt 0.43652300 0.72851600
vt 0.53662100 0.72851600
vt 0.96044900 0.44677700
vt 0.85986300 0.44677700
vt 0.85986300 0.45825200
vt 0.96044900 0.45825200
vt 0.95117200 0.76220700
vt 0.85107400 0.76220700
vt 0.85107400 0.77343800
vt 0.95117200 0.77343800
vt 0.88378900 0.44311500
vt 0.98437500 0.44311500
vt 0.98437500 0.43164100
vt 0.88378900 0.43164100
vt 0.64062500 0.76220700
vt 0.54003900 0.76220700
vt 0.54003900 0.77343800
vt 0.64062500 0.77343800
vt 0.95117200 0.31152300
vt 0.85107400 0.31152300
vt 0.85107400 0.32299800
vt 0.95117200 0.32299800
vt 0.84765600 0.71679700
vt 0.74707000 0.71679700
vt 0.74707000 0.72851600
vt 0.84765600 0.72851600
vt 0.85986300 0.90722700
vt 0.96044900 0.90722700
vt 0.96044900 0.89550800
vt 0.85986300 0.89550800
vt 0.74414100 0.77685500
vt 0.64355500 0.77685500
vt 0.64355500 0.78857400
vt 0.74414100 0.78857400
vt 0.95117200 0.35644500
vt 0.85107400 0.35644500
vt 0.85107400 0.36792000
vt 0.95117200 0.36792000
vt 0.74414100 0.74707000
vt 0.64355500 0.74707000
vt 0.64355500 0.75830100
vt 0.74414100 0.75830100
vt 0.85986300 0.92236300
vt 0.96044900 0.92236300
vt 0.96044900 0.91064500
vt 0.85986300 0.91064500
vt 0.53662100 0.74707000
vt 0.43652300 0.74707000
vt 0.43652300 0.75830100
vt 0.53662100 0.75830100
vt 0.95117200 0.29638700
vt 0.85107400 0.29638700
vt 0.85107400 0.30786100
vt 0.95117200 0.30786100
vt 0.84765600 0.76220700
vt 0.74707000 0.76220700
vt 0.74707000 0.77343800
vt 0.84765600 0.77343800
vt 0.85693400 0.81543000
vt 0.95752000 0.81543000
vt 0.95752000 0.80419900
vt 0.85693400 0.80419900
vt 0.53662100 0.77685500
vt 0.43652300 0.77685500
vt 0.43652300 0.78857400
vt 0.53662100 0.78857400
vt 0.96191400 0.96630900
vt 0.86132800 0.96630900
vt 0.86132800 0.97753900
vt 0.96191400 0.97753900
vt 0.74414100 0.73193400
vt 0.64355500 0.73193400
vt 0.64355500 0.74365200
vt 0.74414100 0.74365200
vt 0.86132800 0.38745100
vt 0.96191400 0.38745100
vt 0.96191400 0.37597700
vt 0.86132800 0.37597700
vt 0.53662100 0.73193400
vt 0.43652300 0.73193400
vt 0.43652300 0.74365200
vt 0.53662100 0.74365200
vt 0.95117200 0.28149400
vt 0.85107400 0.28149400
vt 0.85107400 0.29296900
vt 0.95117200 0.29296900
vt 0.95117200 0.74707000
vt 0.85107400 0.74707000
vt 0.85107400 0.75830100
vt 0.95117200 0.75830100
vt 0.85693400 0.85888700
vt 0.95752000 0.85888700
vt 0.95752000 0.84765600
vt 0.85693400 0.84765600
vt 0.53662100 0.76220700
vt 0.43652300 0.76220700
vt 0.43652300 0.77343800
vt 0.53662100 0.77343800
vt 0.95117200 0.25146500
vt 0.85107400 0.25146500
vt 0.85107400 0.26293900
vt 0.95117200 0.26293900
vt 0.95117200 0.77685500
vt 0.85107400 0.77685500
vt 0.85107400 0.78857400
vt 0.95117200 0.78857400
vt 0.85693400 0.83203100
vt 0.95752000 0.83203100
vt 0.95752000 0.82080100
vt 0.85693400 0.82080100
vt 0.64062500 0.73193400
vt 0.54003900 0.73193400
vt 0.54003900 0.74365200
vt 0.64062500 0.74365200
vt 0.95117200 0.34155300
vt 0.85107400 0.34155300
vt 0.85107400 0.35302700
vt 0.95117200 0.35302700
vt 0.74414100 0.71679700
vt 0.64355500 0.71679700
vt 0.64355500 0.72851600
vt 0.74414100 0.72851600
vt 0.85107400 0.24792500
vt 0.95117200 0.24792500
vt 0.95117200 0.23645000
vt 0.85107400 0.23645000
vt 0.74414100 0.76220700
vt 0.64355500 0.76220700
vt 0.64355500 0.77343800
vt 0.74414100 0.77343800
vt 0.96191400 0.41064500
vt 0.86132800 0.41064500
vt 0.86132800 0.42211900
vt 0.96191400 0.42211900
vt 0.84765600 0.74707000
vt 0.74707000 0.74707000
vt 0.74707000 0.75830100
vt 0.84765600 0.75830100
vt 0.86132800 0.40258800
vt 0.96191400 0.40258800
vt 0.96191400 0.39111300
vt 0.86132800 0.39111300
vt 0.08209200 0.71777300
vt 0.08209200 0.74804700
vt 0.34936500 0.74804700
vt 0.34936500 0.71777300
vt 0.78564500 0.40918000
vt 0.78564500 0.41308600
vt 0.51806600 0.40698200
vt 0.51806600 0.41113300
vt 0.36059600 0.89062500
vt 0.36059600 0.92089800
vt 0.09332300 0.89062500
vt 0.09332300 0.92089800
vt 0.58837900 0.95898400
vt 0.58837900 0.95507800
vt 0.76074200 0.96142600
vt 0.76074200 0.95703100
vt 0.27758800 0.68310500
vt 0.27758800 0.71337900
vt 0.10540800 0.68310500
vt 0.10540800 0.71337900
vt 0.30517600 0.06161500
vt 0.30517600 0.09173600
vt 0.15332000 0.09173600
vt 0.15332000 0.06240800
vt 0.73144500 0.81543000
vt 0.73144500 0.81152300
vt 0.57959000 0.81445300
vt 0.57959000 0.81054700
vt 0.73193400 0.85058600
vt 0.73193400 0.84668000
vt 0.58007800 0.85156200
vt 0.58007800 0.84765600
vt 0.53173800 0.91943400
vt 0.53173800 0.92382800
vt 0.70410200 0.91748000
vt 0.70410200 0.92187500
vt 0.51660200 0.45410200
vt 0.51660200 0.45825200
vt 0.78418000 0.45214800
vt 0.78418000 0.45605500
vt 0.30517600 0.16516100
vt 0.30517600 0.19531200
vt 0.15332000 0.16516100
vt 0.15332000 0.19458000
vt 0.55127000 0.30322300
vt 0.55127000 0.33349600
vt 0.70312500 0.30322300
vt 0.70312500 0.33276400
vt 0.58447300 0.44213900
vt 0.58447300 0.43823200
vt 0.73632800 0.44360400
vt 0.73632800 0.43945300
vt 0.33520500 0.01415300
vt 0.33520500 0.01013200
vt 0.18359400 0.01515200
vt 0.18359400 0.01113100
vt 0.30517600 0.26879900
vt 0.30517600 0.29882800
vt 0.15332000 0.26879900
vt 0.15332000 0.29809600
vt 0.13085900 0.09582500
vt 0.13098100 0.12585400
vt 0.28271500 0.09533700
vt 0.28271500 0.12469500
vt 0.73144500 0.86669900
vt 0.73144500 0.87060500
vt 0.57959000 0.86474600
vt 0.57959000 0.86865200
vt 0.73193400 0.87988300
vt 0.73193400 0.87597700
vt 0.57959000 0.88183600
vt 0.57959000 0.87744100
vt 0.08209200 0.78710900
vt 0.08209200 0.81689500
vt 0.34936500 0.81689500
vt 0.34936500 0.78710900
vt 0.78564500 0.38793900
vt 0.78564500 0.39209000
vt 0.51806600 0.38598600
vt 0.51806600 0.39013700
vt 0.36059600 0.95947300
vt 0.36059600 0.98974600
vt 0.09332300 0.95947300
vt 0.09332300 0.98974600
vt 0.58837900 0.95019500
vt 0.58837900 0.94628900
vt 0.76074200 0.95214800
vt 0.76074200 0.94824200
vt 0.27758800 0.57959000
vt 0.27758800 0.60986300
vt 0.10540800 0.57959000
vt 0.10540800 0.60986300
vt 0.30517600 0.02706900
vt 0.30517600 0.05719000
vt 0.15332000 0.05719000
vt 0.15332000 0.02787800
vt 0.73144500 0.82421900
vt 0.73144500 0.82031200
vt 0.57959000 0.82324200
vt 0.57959000 0.81933600
vt 0.73193400 0.85937500
vt 0.73193400 0.85546900
vt 0.58007800 0.86035200
vt 0.58007800 0.85644500
vt 0.53173800 0.89843800
vt 0.53173800 0.90283200
vt 0.70410200 0.89648400
vt 0.70410200 0.90039100
vt 0.77441400 0.42163100
vt 0.77441400 0.41748000
vt 0.50683600 0.42358400
vt 0.50683600 0.41967800
vt 0.08209200 0.75244100
vt 0.08209200 0.78222700
vt 0.34936500 0.78222700
vt 0.34936500 0.75244100
vt 0.78564500 0.39843800
vt 0.78564500 0.40258800
vt 0.51806600 0.39648400
vt 0.51806600 0.40063500
vt 0.36059600 0.85595700
vt 0.36059600 0.88623000
vt 0.09332300 0.85595700
vt 0.09332300 0.88623000
vt 0.58837900 0.93212900
vt 0.58837900 0.92822300
vt 0.76074200 0.93408200
vt 0.76074200 0.93017600
vt 0.27758800 0.61425800
vt 0.27758800 0.64404300
vt 0.10540800 0.61425800
vt 0.10540800 0.64404300
vt 0.72558600 0.26879900
vt 0.72558600 0.29882800
vt 0.57373000 0.29882800
vt 0.57373000 0.26953100
vt 0.73144500 0.79736300
vt 0.73144500 0.79345700
vt 0.57959000 0.79638700
vt 0.57959000 0.79248000
vt 0.73144500 0.83252000
vt 0.73144500 0.82861300
vt 0.57959000 0.83349600
vt 0.57959000 0.82959000
vt 0.53173800 0.90918000
vt 0.53173800 0.91308600
vt 0.70410200 0.90722700
vt 0.70410200 0.91113300
vt 0.77587900 0.98779300
vt 0.77587900 0.98388700
vt 0.50830100 0.98974600
vt 0.50830100 0.98584000
vt 0.08209200 0.82128900
vt 0.08209200 0.85156200
vt 0.34936500 0.85156200
vt 0.34936500 0.82128900
vt 0.78564500 0.43017600
vt 0.78564500 0.43408200
vt 0.51806600 0.42797900
vt 0.51806600 0.43212900
vt 0.36059600 0.92529300
vt 0.36059600 0.95507800
vt 0.09332300 0.92529300
vt 0.09332300 0.95507800
vt 0.58837900 0.94140600
vt 0.58837900 0.93701200
vt 0.76074200 0.94335900
vt 0.76074200 0.93896500
vt 0.27758800 0.64892600
vt 0.27758800 0.67871100
vt 0.10540800 0.64892600
vt 0.10540800 0.67871100
vt 0.72558600 0.33789100
vt 0.72558600 0.36792000
vt 0.57373000 0.36792000
vt 0.57373000 0.33862300
vt 0.73193400 0.80664100
vt 0.73193400 0.80224600
vt 0.58007800 0.80517600
vt 0.58007800 0.80127000
vt 0.73144500 0.84130900
vt 0.73144500 0.83740200
vt 0.57959000 0.84277300
vt 0.57959000 0.83837900
vt 0.53173800 0.88818400
vt 0.53173800 0.89209000
vt 0.70410200 0.88623000
vt 0.70410200 0.89013700
vt 0.77441400 0.37939500
vt 0.77441400 0.37548800
vt 0.50683600 0.38159200
vt 0.50683600 0.37744100
vt 0.13574200 0.37255900
vt 0.13574200 0.40258800
vt 0.28759800 0.37255900
vt 0.28759800 0.40185500
vt 0.73144500 0.96582000
vt 0.73144500 0.96972700
vt 0.57959000 0.96484400
vt 0.57959000 0.96875000
vt 0.73193400 0.97851600
vt 0.73193400 0.97412100
vt 0.58007800 0.97900400
vt 0.58007800 0.97509800
vt 0.16174300 0.44165000
vt 0.16174300 0.47168000
vt 0.33398400 0.47143600
vt 0.33398400 0.44165000
vt 0.28295900 0.16076700
vt 0.28295900 0.13147000
vt 0.13122600 0.13061500
vt 0.13122600 0.16076700
vt 0.70312500 0.23425300
vt 0.70312500 0.26367200
vt 0.55127000 0.26440400
vt 0.55127000 0.23425300
vt 0.60693400 0.46191400
vt 0.60693400 0.46582000
vt 0.75878900 0.46313500
vt 0.75878900 0.46704100
vt 0.73632800 0.47168000
vt 0.73632800 0.47583000
vt 0.58496100 0.47729500
vt 0.58496100 0.47314500
vt 0.15344200 0.33715800
vt 0.15344200 0.36645500
vt 0.30517600 0.36767600
vt 0.30517600 0.33764600
vt 0.16174300 0.54492200
vt 0.16174300 0.57519500
vt 0.33398400 0.57519500
vt 0.33398400 0.54492200
vt 0.28295900 0.33349600
vt 0.28295900 0.30419900
vt 0.13122600 0.30322300
vt 0.13122600 0.33349600
vt 0.16174300 0.51074200
vt 0.16174300 0.54052700
vt 0.33398400 0.54052700
vt 0.33398400 0.51074200
vt 0.28295900 0.26440400
vt 0.28295900 0.23510700
vt 0.13122600 0.23425300
vt 0.13122600 0.26440400
vt 0.16174300 0.47607400
vt 0.16174300 0.50585900
vt 0.33398400 0.50585900
vt 0.33398400 0.47607400
vt 0.28295900 0.22985800
vt 0.28295900 0.20056200
vt 0.13122600 0.19970700
vt 0.13122600 0.22985800
vt 0.15332000 0.40698200
vt 0.15332000 0.43627900
vt 0.30517600 0.43701200
vt 0.30517600 0.40698200
f 1/1/1 2/2/2 3/3/3
f 1/1/1 3/3/3 4/4/4
f 5/5/5 6/6/6 7/7/7
f 5/5/5 7/7/7 8/8/8
f 9/9/9 10/10/10 11/11/11
f 9/9/9 11/11/11 12/12/12
f 13/13/13 14/14/14 15/15/15
f 13/13/13 15/15/15 16/16/16
f 17/17/17 18/18/18 19/19/19
f 17/17/17 19/19/19 20/20/20
f 21/21/21 22/22/22 23/23/23
f 21/21/21 23/23/23 24/24/24
f 25/25/25 26/26/26 27/27/27
f 25/25/25 27/27/27 28/28/28
f 29/29/29 30/30/30 31/31/31
f 29/29/29 31/31/31 32/32/32
f 33/33/33 34/34/34 35/35/35
f 33/33/33 35/35/35 36/36/36
f 37/37/37 38/38/38 39/39/39
f 37/37/37 39/39/39 40/40/40
f 41/41/41 42/42/42 43/43/43
f 41/41/41 43/43/43 44/44/44
f 45/45/45 46/46/46 47/47/47
f 45/45/45 47/47/47 48/48/48
f 49/49/49 50/50/50 51/51/51
f 49/49/49 51/51/51 52/52/52
f 53/53/53 54/54/54 55/55/55
f 53/53/53 55/55/55 56/56/56
f 57/57/57 58/58/58 59/59/59
f 57/57/57 59/59/59 60/60/60
f 61/61/61 62/62/62 63/63/63
f 61/61/61 63/63/63 64/64/64
f 65/65/65 66/66/66 67/67/67
f 65/65/65 67/67/67 68/68/68
f 69/69/69 70/70/70 71/71/71
f 69/69/69 71/71/71 72/72/72
f 73/73/73 74/74/74 75/75/75
f 73/73/73 75/75/75 76/76/76
f 77/77/77 78/78/78 79/79/79
f 77/77/77 79/79/79 80/80/80
f 81/81/81 82/82/82 83/83/83
f 81/81/81 83/83/83 84/84/84
f 85/85/85 86/86/86 87/87/87
f 85/85/85 87/87/87 88/88/88
f 89/89/89 90/90/90 91/91/91
f 89/89/89 91/91/91 92/92/92
f 93/93/93 94/94/94 95/95/95
f 93/93/93 95/95/95 96/96/96
f 97/97/97 98/98/98 99/99/99
f 97/97/97 99/99/99 100/100/100
f 101/101/101 102/102/102 103/103/103
f 101/101/101 103/103/103 104/104/104
f 105/105/105 106/106/106 107/107/107
f 105/105/105 107/107/107 108/108/108
f 109/109/109 110/110/110 111/111/111
f 109/109/109 111/111/111 112/112/112
f 113/113/113 114/114/114 115/115/115
f 113/113/113 115/115/115 116/116/116
f 117/117/117 118/118/118 119/119/119
f 117/117/117 119/119/119 120/120/120
f 121/121/121 122/122/122 123/123/123
f 121/121/121 123/123/123 124/124/124
f 125/125/125 126/126/126 127/127/127
f 125/125/125 127/127/127 128/128/128
f 129/129/129 130/130/130 131/131/131
f 129/129/129 131/131/131 132/132/132
f 133/133/133 134/134/134 135/135/135
f 133/133/133 135/135/135 136/136/136
f 137/137/137 138/138/138 139/139/139
f 137/137/137 139/139/139 140/140/140
f 141/141/141 142/142/142 143/143/143
f 141/141/141 143/143/143 144/144/144
f 145/145/145 146/146/146 147/147/147
f 145/145/145 147/147/147 148/148/148
f 149/149/149 150/150/150 151/151/151
f 149/149/149 151/151/151 152/152/152
f 153/153/153 154/154/154 155/155/155
f 153/153/153 155/155/155 156/156/156
f 157/157/157 158/158/158 159/159/159
f 157/157/157 159/159/159 160/160/160
f 161/161/161 162/162/162 163/163/163
f 161/161/161 163/163/163 164/164/164
f 165/165/165 166/166/166 167/167/167
f 165/165/165 167/167/167 168/168/168
f 169/169/169 170/170/170 171/171/171
f 169/169/169 171/171/171 172/172/172
f 173/173/173 174/174/174 175/175/175
f 173/173/173 175/175/175 176/176/176
f 177/177/177 178/178/178 179/179/179
f 177/177/177 179/179/179 180/180/180
f 181/181/181 182/182/182 183/183/183
f 181/181/181 183/183/183 184/184/184
f 185/185/185 186/186/186 187/187/187
f 185/185/185 187/187/187 188/188/188
f 189/189/189 190/190/190 191/191/191
f 189/189/189 191/191/191 192/192/192
f 193/193/193 194/194/194 195/195/195
f 193/193/193 195/195/195 196/196/196
f 197/197/197 198/198/198 199/199/199
f 197/197/197 199/199/199 200/200/200
f 201/201/201 202/202/202 203/203/203
f 201/201/201 203/203/203 204/204/204
f 205/205/205 206/206/206 207/207/207
f 205/205/205 207/207/207 208/208/208
f 209/209/209 210/210/210 211/211/211
f 209/209/209 211/211/211 212/212/212
f 213/213/213 214/214/214 215/215/215
f 213/213/213 215/215/215 216/216/216
f 217/217/217 218/218/218 219/219/219
f 217/217/217 219/219/219 220/220/220
f 221/221/221 222/222/222 223/223/223
f 221/221/221 223/223/223 224/224/224
f 225/225/225 226/226/226 227/227/227
f 225/225/225 227/227/227 228/228/228
f 229/229/229 230/230/230 231/231/231
f 229/229/229 231/231/231 232/232/232
f 233/233/233 234/234/234 235/235/235
f 233/233/233 235/235/235 236/236/236
f 237/237/237 238/238/238 239/239/239
f 237/237/237 239/239/239 240/240/240
f 241/241/241 242/242/242 243/243/243
f 241/241/241 243/243/243 244/244/244
f 245/245/245 246/246/246 247/247/247
f 245/245/245 247/247/247 248/248/248
f 249/249/249 250/250/250 251/251/251
f 249/249/249 251/251/251 252/252/252
f 253/253/253 254/254/254 255/255/255
f 253/253/253 255/255/255 256/256/256
f 257/257/257 258/258/258 259/259/259
f 257/257/257 259/259/259 260/260/260
f 261/261/261 262/262/262 263/263/263
f 261/261/261 263/263/263 264/264/264
f 265/265/265 266/266/266 267/267/267
f 265/265/265 267/267/267 268/268/268
f 269/269/269 270/270/270 271/271/271
f 269/269/269 271/271/271 272/272/272
f 273/273/273 274/274/274 275/275/275
f 273/273/273 275/275/275 276/276/276
f 277/277/277 278/278/278 279/279/279
f 277/277/277 279/279/279 280/280/280
f 281/281/281 282/282/282 283/283/283
f 281/281/281 283/283/283 284/284/284
f 285/285/285 286/286/286 287/287/287
f 285/285/285 287/287/287 288/288/288
f 289/289/289 290/290/290 291/291/291
f 289/289/289 291/291/291 292/292/292
f 293/293/293 294/294/294 295/295/295
f 293/293/293 295/295/295 296/296/296
f 297/297/297 298/298/298 299/299/299
f 297/297/297 299/299/299 300/300/300
f 301/301/301 302/302/302 303/303/303
f 301/301/301 303/303/303 304/304/304
f 305/305/305 306/306/306 307/307/307
f 305/305/305 307/307/307 308/308/308
f 309/309/309 310/310/310 311/311/311
f 309/309/309 311/311/311 312/312/312
f 313/313/313 314/314/314 315/315/315
f 313/313/313 315/315/315 316/316/316
f 317/317/317 318/318/318 319/319/319
f 317/317/317 319/319/319 320/320/320
f 321/321/321 322/322/322 323/323/323
f 321/321/321 323/323/323 324/324/324
f 325/325/325 326/326/326 327/327/327
f 325/325/325 327/327/327 328/328/328
f 329/329/329 330/330/330 331/331/331
f 329/329/329 331/331/331 332/332/332
f 333/333/333 334/334/334 335/335/335
f 333/333/333 335/335/335 336/336/336
f 337/337/337 338/338/338 339/339/339
f 337/337/337 339/339/339 340/340/340
f 341/341/341 342/342/342 343/343/343
f 341/341/341 343/343/343 344/344/344
f 345/345/345 346/346/346 347/347/347
f 345/345/345 347/347/347 348/348/348
f 349/349/349 350/350/350 351/351/351
f 349/349/349 351/351/351 352/352/352
f 353/353/353 354/354/354 355/355/355
f 353/353/353 355/355/355 356/356/356
f 357/357/357 358/358/358 359/359/359
f 357/357/357 359/359/359 360/360/360
f 361/361/361 362/362/362 363/363/363
f 361/361/361 363/363/363 364/364/364
f 365/365/365 366/366/366 367/367/367
f 365/365/365 367/367/367 368/368/368
f 369/369/369 370/370/370 371/371/371
f 369/369/369 371/371/371 372/372/372
f 373/373/373 374/374/374 375/375/375
f 373/373/373 375/375/375 376/376/376
f 377/377/377 378/378/378 379/379/379
f 377/377/377 379/379/379 380/380/380
f 381/381/381 382/382/382 383/383/383
f 381/381/381 383/383/383 384/384/384
f 385/385/385 386/386/386 387/387/387
f 385/385/385 387/387/387 388/388/388
f 389/389/389 390/390/390 391/391/391
f 389/389/389 391/391/391 392/392/392
f 393/393/393 394/394/394 395/395/395
f 393/393/393 395/395/395 396/396/396
f 397/397/397 398/398/398 399/399/399
f 397/397/397 399/399/399 400/400/400
f 401/401/401 402/402/402 403/403/403
f 401/401/401 403/403/403 404/404/404
f 405/405/405 406/406/406 407/407/407
f 405/405/405 407/407/407 408/408/408
f 409/409/409 410/410/410 411/411/411
f 409/409/409 411/411/411 412/412/412
f 413/413/413 414/414/414 415/415/415
f 413/413/413 415/415/415 416/416/416
f 417/417/417 418/418/418 419/419/419
f 417/417/417 419/419/419 420/420/420
f 421/421/421 422/422/422 423/423/423
f 421/421/421 423/423/423 424/424/424
f 425/425/425 426/426/426 427/427/427
f 425/425/425 427/427/427 428/428/428
f 429/429/429 430/430/430 431/431/431
f 429/429/429 431/431/431 432/432/432
f 433/433/433 434/434/434 435/435/435
f 433/433/433 435/435/435 436/436/436
f 437/437/437 438/438/438 439/439/439
f 437/437/437 439/439/439 440/440/440
f 441/441/441 442/442/442 443/443/443
f 441/441/441 443/443/443 444/444/444
f 445/445/445 446/446/446 447/447/447
f 445/445/445 447/447/447 448/448/448
f 449/449/449 450/450/450 451/451/451
f 449/449/449 451/451/451 452/452/452
f 453/453/453 454/454/454 455/455/455
f 453/453/453 455/455/455 456/456/456
f 457/457/457 458/458/458 459/459/459
f 457/457/457 459/459/459 460/460/460
f 461/461/461 462/462/462 463/463/463
f 461/461/461 463/463/463 464/464/464
f 465/465/465 466/466/466 467/467/467
f 465/465/465 467/467/467 468/468/468
f 469/469/469 470/470/470 468/468/468
f 469/469/469 468/468/468 467/467/467
f 471/471/471 472/472/472 470/470/470
f 471/471/471 470/470/470 469/469/469
f 473/473/473 474/474/474 475/475/475
f 473/473/473 475/475/475 476/476/476
f 477/477/477 478/478/478 474/474/474
f 477/477/477 474/474/474 473/473/473
f 479/479/479 480/480/480 478/478/478
f 479/479/479 478/478/478 477/477/477
f 481/481/481 482/482/482 483/483/483
f 481/481/481 483/483/483 484/484/484
f 485/485/485 486/486/486 482/482/482
f 485/485/485 482/482/482 481/481/481
f 487/487/487 486/486/486 485/485/485
f 487/487/487 485/485/485 488/488/488
f 489/489/489 490/490/490 491/491/491
f 489/489/489 491/491/491 492/492/492
f 493/493/493 494/494/494 490/490/490
f 493/493/493 490/490/490 489/489/489
f 495/495/495 496/496/496 494/494/494
f 495/495/495 494/494/494 493/493/493
f 497/497/497 498/498/498 499/499/499
f 497/497/497 499/499/499 500/500/500
f 501/501/501 502/502/502 498/498/498
f 501/501/501 498/498/498 497/497/497
f 503/503/503 502/502/502 501/501/501
f 503/503/503 501/501/501 504/504/504
f 505/505/505 506/506/506 507/507/507
f 505/505/505 507/507/507 508/508/508
f 509/509/509 506/506/506 505/505/505
f 509/509/509 505/505/505 510/510/510
f 511/511/511 512/512/512 509/509/509
f 511/511/511 509/509/509 510/510/510
f 513/513/513 514/514/514 515/515/515
f 513/513/513 515/515/515 516/516/516
f 516/516/516 515/515/515 517/517/517
f 516/516/516 517/517/517 518/518/518
f 519/519/519 518/518/518 517/517/517
f 519/519/519 517/517/517 520/520/520
f 521/521/521 522/522/522 523/523/523
f 521/521/521 523/523/523 524/524/524
f 525/525/525 521/521/521 524/524/524
f 525/525/525 524/524/524 526/526/526
f 525/525/525 526/526/526 527/527/527
f 525/525/525 527/527/527 528/528/528
f 529/529/529 530/530/530 531/531/531
f 529/529/529 531/531/531 532/532/532
f 533/533/533 529/529/529 532/532/532
f 533/533/533 532/532/532 534/534/534
f 533/533/533 534/534/534 535/535/535
f 533/533/533 535/535/535 536/536/536
f 537/537/537 538/538/538 539/539/539
f 537/537/537 539/539/539 540/540/540
f 541/541/541 537/537/537 540/540/540
f 541/541/541 540/540/540 542/542/542
f 541/541/541 542/542/542 543/543/543
f 541/541/541 543/543/543 544/544/544
f 545/545/545 546/546/546 547/547/547
f 545/545/545 547/547/547 548/548/548
f 549/549/549 550/550/550 546/546/546
f 549/549/549 546/546/546 545/545/545
f 551/551/551 550/550/550 549/549/549
f 551/551/551 549/549/549 552/552/552
f 553/553/553 554/554/554 555/555/555
f 553/553/553 555/555/555 556/556/556
f 557/557/557 553/553/553 556/556/556
f 557/557/557 556/556/556 558/558/558
f 559/559/559 560/560/560 557/557/557
f 559/559/559 557/557/557 558/558/558
f 561/561/561 562/562/562 563/563/563
f 561/561/561 563/563/563 564/564/564
f 565/565/565 566/566/566 562/562/562
f 565/565/565 562/562/562 561/561/561
f 567/567/567 566/566/566 565/565/565
f 567/567/567 565/565/565 568/568/568
f 569/569/569 570/570/570 571/571/571
f 569/569/569 571/571/571 572/572/572
f 573/573/573 569/569/569 572/572/572
f 573/573/573 572/572/572 574/574/574
f 575/575/575 576/576/576 573/573/573
f 575/575/575 573/573/573 574/574/574
f 577/577/577 578/578/578 579/579/579
f 577/577/577 579/579/579 580/580/580
f 581/581/581 582/582/582 578/578/578
f 581/581/581 578/578/578 577/577/577
f 583/583/583 582/582/582 581/581/581
f 583/583/583 581/581/581 584/584/584
f 585/585/585 586/586/586 587/587/587
f 585/585/585 587/587/587 588/588/588
f 589/589/589 585/585/585 588/588/588
f 589/589/589 588/588/588 590/590/590
f 589/589/589 590/590/590 591/591/591
f 589/589/589 591/591/591 592/592/592
f 593/593/593 594/594/594 595/595/595
f 593/593/593 595/595/595 596/596/596
f 597/597/597 598/598/598 594/594/594
f 597/597/597 594/594/594 593/593/593
f 599/599/599 598/598/598 597/597/597
f 599/599/599 597/597/597 600/600/600
f 601/601/601 602/602/602 603/603/603
f 601/601/601 603/603/603 604/604/604
f 605/605/605 601/601/601 604/604/604
f 605/605/605 604/604/604 606/606/606
f 605/605/605 606/606/606 607/607/607
f 605/605/605 607/607/607 608/608/608
f 609/609/609 610/610/610 611/611/611
f 609/609/609 611/611/611 612/612/612
f 613/613/613 614/614/614 612/612/612
f 613/613/613 612/612/612 611/611/611
f 615/615/615 616/616/616 614/614/614
f 615/615/615 614/614/614 613/613/613
f 617/617/617 618/618/618 619/619/619
f 617/617/617 619/619/619 620/620/620
f 621/621/621 622/622/622 618/618/618
f 621/621/621 618/618/618 617/617/617
f 623/623/623 624/624/624 622/622/622
f 623/623/623 622/622/622 621/621/621
f 625/625/625 626/626/626 627/627/627
f 625/625/625 627/627/627 628/628/628
f 629/629/629 630/630/630 626/626/626
f 629/629/629 626/626/626 625/625/625
f 631/631/631 630/630/630 629/629/629
f 631/631/631 629/629/629 632/632/632
f 633/633/633 634/634/634 635/635/635
f 633/633/633 635/635/635 636/636/636
f 637/637/637 638/638/638 634/634/634
f 637/637/637 634/634/634 633/633/633
f 639/639/639 640/640/640 638/638/638
f 639/639/639 638/638/638 637/637/637
f 641/641/641 642/642/642 643/643/643
f 641/641/641 643/643/643 644/644/644
f 645/645/645 646/646/646 642/642/642
f 645/645/645 642/642/642 641/641/641
f 647/647/647 646/646/646 645/645/645
f 647/647/647 645/645/645 648/648/648
f 649/649/649 650/650/650 651/651/651
f 649/649/649 651/651/651 652/652/652
f 653/653/653 650/650/650 649/649/649
f 653/653/653 649/649/649 654/654/654
f 655/655/655 656/656/656 653/653/653
f 655/655/655 653/653/653 654/654/654
f 657/657/657 658/658/658 659/659/659
f 657/657/657 659/659/659 660/660/660
f 660/660/660 659/659/659 661/661/661
f 660/660/660 661/661/661 662/662/662
f 663/663/663 662/662/662 661/661/661
f 663/663/663 661/661/661 664/664/664
f 665/665/665 666/666/666 667/667/667
f 665/665/665 667/667/667 668/668/668
f 669/669/669 665/665/665 668/668/668
f 669/669/669 668/668/668 670/670/670
f 669/669/669 670/670/670 671/671/671
f 669/669/669 671/671/671 672/672/672
f 673/673/673 674/674/674 675/675/675
f 673/673/673 675/675/675 676/676/676
f 677/677/677 673/673/673 676/676/676
f 677/677/677 676/676/676 678/678/678
f 677/677/677 678/678/678 679/679/679
f 677/677/677 679/679/679 680/680/680
f 681/681/681 682/682/682 683/683/683
f 681/681/681 683/683/683 684/684/684
f 685/685/685 681/681/681 684/684/684
f 685/685/685 684/684/684 686/686/686
f 685/685/685 686/686/686 687/687/687
f 685/685/685 687/687/687 688/688/688
f 689/689/689 690/690/690 691/691/691
f 689/689/689 691/691/691 692/692/692
f 693/693/693 694/694/694 692/692/692
f 693/693/693 692/692/692 691/691/691
f 695/695/695 696/696/696 694/694/694
f 695/695/695 694/694/694 693/693/693
f 697/697/697 698/698/698 699/699/699
f 697/697/697 699/699/699 700/700/700
f 701/701/701 702/702/702 698/698/698
f 701/701/701 698/698/698 697/697/697
f 703/703/703 704/704/704 702/702/702
f 703/703/703 702/702/702 701/701/701
f 705/705/705 706/706/706 707/707/707
f 705/705/705 707/707/707 708/708/708
f 709/709/709 710/710/710 706/706/706
f 709/709/709 706/706/706 705/705/705
f 711/711/711 710/710/710 709/709/709
f 711/711/711 709/709/709 712/712/712
f 713/713/713 714/714/714 715/715/715
f 713/713/713 715/715/715 716/716/716
f 717/717/717 718/718/718 714/714/714
f 717/717/717 714/714/714 713/713/713
f 719/719/719 720/720/720 718/718/718
f 719/719/719 718/718/718 717/717/717
f 721/721/721 722/722/722 723/723/723
f 721/721/721 723/723/723 724/724/724
f 725/725/725 726/726/726 722/722/722
f 725/725/725 722/722/722 721/721/721
f 727/727/727 726/726/726 725/725/725
f 727/727/727 725/725/725 728/728/728
f 729/729/729 730/730/730 731/731/731
f 729/729/729 731/731/731 732/732/732
f 733/733/733 730/730/730 729/729/729
f 733/733/733 729/729/729 734/734/734
f 735/735/735 736/736/736 733/733/733
f 735/735/735 733/733/733 734/734/734
f 737/737/737 738/738/738 739/739/739
f 737/737/737 739/739/739 740/740/740
f 740/740/740 739/739/739 741/741/741
f 740/740/740 741/741/741 742/742/742
f 743/743/743 742/742/742 741/741/741
f 743/743/743 741/741/741 744/744/744
f 745/745/745 746/746/746 747/747/747
f 745/745/745 747/747/747 748/748/748
f 749/749/749 745/745/745 748/748/748
f 749/749/749 748/748/748 750/750/750
f 749/749/749 750/750/750 751/751/751
f 749/749/749 751/751/751 752/752/752
f 753/753/753 754/754/754 755/755/755
f 753/753/753 755/755/755 756/756/756
f 757/757/757 753/753/753 756/756/756
f 757/757/757 756/756/756 758/758/758
f 757/757/757 758/758/758 759/759/759
f 757/757/757 759/759/759 760/760/760
f 761/761/761 762/762/762 763/763/763
f 761/761/761 763/763/763 764/764/764
f 765/765/765 761/761/761 764/764/764
f 765/765/765 764/764/764 766/766/766
f 765/765/765 766/766/766 767/767/767
f 765/765/765 767/767/767 768/768/768
f 769/769/769 770/770/770 771/771/771
f 769/769/769 771/771/771 772/772/772
f 773/773/773 774/774/774 772/772/772
f 773/773/773 772/772/772 771/771/771
f 775/775/775 776/776/776 774/774/774
f 775/775/775 774/774/774 773/773/773
f 777/777/777 778/778/778 779/779/779
f 777/777/777 779/779/779 780/780/780
f 781/781/781 782/782/782 778/778/778
f 781/781/781 778/778/778 777/777/777
f 783/783/783 784/784/784 782/782/782
f 783/783/783 782/782/782 781/781/781
f 785/785/785 786/786/786 787/787/787
f 785/785/785 787/787/787 788/788/788
f 789/789/789 790/790/790 786/786/786
f 789/789/789 786/786/786 785/785/785
f 791/791/791 790/790/790 789/789/789
f 791/791/791 789/789/789 792/792/792
f 793/793/793 794/794/794 795/795/795
f 793/793/793 795/795/795 796/796/796
f 797/797/797 798/798/798 794/794/794
f 797/797/797 794/794/794 793/793/793
f 799/799/799 800/800/800 798/798/798
f 799/799/799 798/798/798 797/797/797
f 801/801/801 802/802/802 803/803/803
f 801/801/801 803/803/803 804/804/804
f 805/805/805 806/806/806 802/802/802
f 805/805/805 802/802/802 801/801/801
f 807/807/807 806/806/806 805/805/805
f 807/807/807 805/805/805 808/808/808
f 809/809/809 810/810/810 811/811/811
f 809/809/809 811/811/811 812/812/812
f 813/813/813 810/810/810 809/809/809
f 813/813/813 809/809/809 814/814/814
f 815/815/815 816/816/816 813/813/813
f 815/815/815 813/813/813 814/814/814
f 817/817/817 818/818/818 819/819/819
f 817/817/817 819/819/819 820/820/820
f 820/820/820 819/819/819 821/821/821
f 820/820/820 821/821/821 822/822/822
f 823/823/823 822/822/822 821/821/821
f 823/823/823 821/821/821 824/824/824
f 825/825/825 826/826/826 827/827/827
f 825/825/825 827/827/827 828/828/828
f 829/829/829 825/825/825 828/828/828
f 829/829/829 828/828/828 830/830/830
f 829/829/829 830/830/830 831/831/831
f 829/829/829 831/831/831 832/832/832
f 833/833/833 834/834/834 835/835/835
f 833/833/833 835/835/835 836/836/836
f 837/837/837 833/833/833 836/836/836
f 837/837/837 836/836/836 838/838/838
f 837/837/837 838/838/838 839/839/839
f 837/837/837 839/839/839 840/840/840
f 841/841/841 842/842/842 843/843/843
f 841/841/841 843/843/843 844/844/844
f 845/845/845 841/841/841 844/844/844
f 845/845/845 844/844/844 846/846/846
f 845/845/845 846/846/846 847/847/847
f 845/845/845 847/847/847 848/848/848
f 849/849/849 850/850/850 851/851/851
f 849/849/849 851/851/851 852/852/852
f 853/853/853 849/849/849 852/852/852
f 853/853/853 852/852/852 854/854/854
f 855/855/855 856/856/856 853/853/853
f 855/855/855 853/853/853 854/854/854
f 857/857/857 858/858/858 859/859/859
f 857/857/857 859/859/859 860/860/860
f 861/861/861 862/862/862 858/858/858
f 861/861/861 858/858/858 857/857/857
f 863/863/863 862/862/862 861/861/861
f 863/863/863 861/861/861 864/864/864
f 865/865/865 866/866/866 867/867/867
f 865/865/865 867/867/867 868/868/868
f 869/869/869 865/865/865 868/868/868
f 869/869/869 868/868/868 870/870/870
f 869/869/869 870/870/870 871/871/871
f 869/869/869 871/871/871 872/872/872
f 873/873/873 874/874/874 875/875/875
f 873/873/873 875/875/875 876/876/876
f 877/877/877 878/878/878 876/876/876
f 877/877/877 876/876/876 875/875/875
f 879/879/879 880/880/880 878/878/878
f 879/879/879 878/878/878 877/877/877
f 881/881/881 882/882/882 883/883/883
f 881/881/881 883/883/883 884/884/884
f 885/885/885 886/886/886 881/881/881
f 885/885/885 881/881/881 884/884/884
f 887/887/887 886/886/886 885/885/885
f 887/887/887 885/885/885 888/888/888
f 889/889/889 890/890/890 891/891/891
f 889/889/889 891/891/891 892/892/892
f 893/893/893 890/890/890 889/889/889
f 893/893/893 889/889/889 894/894/894
f 893/893/893 894/894/894 895/895/895
f 893/893/893 895/895/895 896/896/896
f 897/897/897 898/898/898 899/899/899
f 897/897/897 899/899/899 900/900/900
f 897/897/897 900/900/900 901/901/901
f 897/897/897 901/901/901 902/902/902
f 903/903/903 902/902/902 901/901/901
f 903/903/903 901/901/901 904/904/904
f 905/905/905 906/906/906 907/907/907
f 905/905/905 907/907/907 908/908/908
f 909/909/909 906/906/906 905/905/905
f 909/909/909 905/905/905 910/910/910
f 911/911/911 912/912/912 909/909/909
f 911/911/911 909/909/909 910/910/910
f 913/913/913 914/914/914 915/915/915
f 913/913/913 915/915/915 916/916/916
f 917/917/917 918/918/918 913/913/913
f 917/917/917 913/913/913 916/916/916
f 919/919/919 918/918/918 917/917/917
f 919/919/919 917/917/917 920/920/920
f 921/921/921 922/922/922 923/923/923
f 921/921/921 923/923/923 924/924/924
f 925/925/925 926/926/926 924/924/924
f 925/925/925 924/924/924 923/923/923
f 927/927/927 928/928/928 926/926/926
f 927/927/927 926/926/926 925/925/925
f 929/929/929 930/930/930 931/931/931
f 929/929/929 931/931/931 932/932/932
f 933/933/933 934/934/934 929/929/929
f 933/933/933 929/929/929 932/932/932
f 935/935/935 934/934/934 933/933/933
f 935/935/935 933/933/933 936/936/936
f 937/937/937 938/938/938 939/939/939
f 937/937/937 939/939/939 940/940/940
f 941/941/941 942/942/942 940/940/940
f 941/941/941 940/940/940 939/939/939
f 943/943/943 944/944/944 942/942/942
f 943/943/943 942/942/942 941/941/941
f 945/945/945 946/946/946 947/947/947
f 945/945/945 947/947/947 948/948/948
f 949/949/949 950/950/950 945/945/945
f 949/949/949 945/945/945 948/948/948
f 951/951/951 950/950/950 949/949/949
f 951/951/951 949/949/949 952/952/952
f 953/953/953 954/954/954 955/955/955
f 953/953/953 955/955/955 956/956/956
f 957/957/957 958/958/958 956/956/956
f 957/957/957 956/956/956 955/955/955
f 959/959/959 960/960/960 958/958/958
f 959/959/959 958/958/958 957/957/957
f 961/961/961 962/962/962 963/963/963
f 961/961/961 963/963/963 964/964/964
f 965/965/965 966/966/966 961/961/961
f 965/965/965 961/961/961 964/964/964
f 967/967/967 966/966/966 965/965/965
f 967/967/967 965/965/965 968/968/968
f 969/969/969 970/970/970 971/971/971
f 969/969/969 971/971/971 972/972/972
f 973/973/973 974/974/974 969/969/969
f 973/973/973 969/969/969 972/972/972
f 975/975/975 974/974/974 973/973/973
f 975/975/975 973/973/973 976/976/976
f 4/4/4 977/977/977 978/978/978
f 4/4/4 978/978/978 979/979/979
f 1/1/1 980/980/980 981/981/981
f 1/1/1 981/981/981 982/982/982
f 2/2/2 983/983/983 984/984/984
f 2/2/2 984/984/984 985/985/985
f 3/3/3 986/986/986 987/987/987
f 3/3/3 987/987/987 988/988/988
f 8/8/8 989/989/989 990/990/990
f 8/8/8 990/990/990 991/991/991
f 5/5/5 992/992/992 993/993/993
f 5/5/5 993/993/993 994/994/994
f 6/6/6 995/995/995 996/996/996
f 6/6/6 996/996/996 997/997/997
f 7/7/7 998/998/998 999/999/999
f 7/7/7 999/999/999 1000/1000/1000
f 12/12/12 1001/1001/1001 1002/1002/1002
f 12/12/12 1002/1002/1002 1003/1003/1003
f 9/9/9 1004/1004/1004 1005/1005/1005
f 9/9/9 1005/1005/1005 1006/1006/1006
f 10/10/10 1007/1007/1007 1008/1008/1008
f 10/10/10 1008/1008/1008 1009/1009/1009
f 11/11/11 1010/1010/1010 1011/1011/1011
f 11/11/11 1011/1011/1011 1012/1012/1012
f 16/16/16 1013/1013/1013 1014/1014/1014
f 16/16/16 1014/1014/1014 1015/1015/1015
f 13/13/13 1016/1016/1016 1017/1017/1017
f 13/13/13 1017/1017/1017 1018/1018/1018
f 14/14/14 1019/1019/1019 1020/1020/1020
f 14/14/14 1020/1020/1020 1021/1021/1021
f 15/15/15 1022/1022/1022 1023/1023/1023
f 15/15/15 1023/1023/1023 1024/1024/1024
f 20/20/20 1025/1025/1025 1026/1026/1026
f 20/20/20 1026/1026/1026 1027/1027/1027
f 17/17/17 1028/1028/1028 1029/1029/1029
f 17/17/17 1029/1029/1029 1030/1030/1030
f 18/18/18 1031/1031/1031 1032/1032/1032
f 18/18/18 1032/1032/1032 1033/1033/1033
f 19/19/19 1034/1034/1034 1035/1035/1035
f 19/19/19 1035/1035/1035 1036/1036/1036
f 24/24/24 1037/1037/1037 1038/1038/1038
f 24/24/24 1038/1038/1038 1039/1039/1039
f 21/21/21 1040/1040/1040 1041/1041/1041
f 21/21/21 1041/1041/1041 1042/1042/1042
f 22/22/22 1043/1043/1043 1044/1044/1044
f 22/22/22 1044/1044/1044 1045/1045/1045
f 23/23/23 1046/1046/1046 1047/1047/1047
f 23/23/23 1047/1047/1047 1048/1048/1048
f 28/28/28 1049/1049/1049 1050/1050/1050
f 28/28/28 1050/1050/1050 1051/1051/1051
f 25/25/25 1052/1052/1052 1053/1053/1053
f 25/25/25 1053/1053/1053 1054/1054/1054
f 26/26/26 1055/1055/1055 1056/1056/1056
f 26/26/26 1056/1056/1056 1057/1057/1057
f 27/27/27 1058/1058/1058 1059/1059/1059
f 27/27/27 1059/1059/1059 1060/1060/1060
f 32/32/32 1061/1061/1061 1062/1062/1062
f 32/32/32 1062/1062/1062 1063/1063/1063
f 29/29/29 1064/1064/1064 1065/1065/1065
f 29/29/29 1065/1065/1065 1066/1066/1066
f 30/30/30 1067/1067/1067 1068/1068/1068
f 30/30/30 1068/1068/1068 1069/1069/1069
f 31/31/31 1070/1070/1070 1071/1071/1071
f 31/31/31 1071/1071/1071 1072/1072/1072
f 36/36/36 1073/1073/1073 1074/1074/1074
f 36/36/36 1074/1074/1074 1075/1075/1075
f 33/33/33 1076/1076/1076 1077/1077/1077
f 33/33/33 1077/1077/1077 1078/1078/1078
f 34/34/34 1079/1079/1079 1080/1080/1080
f 34/34/34 1080/1080/1080 1081/1081/1081
f 35/35/35 1082/1082/1082 1083/1083/1083
f 35/35/35 1083/1083/1083 1084/1084/1084
f 40/40/40 1085/1085/1085 1086/1086/1086
f 40/40/40 1086/1086/1086 1087/1087/1087
f 37/37/37 1088/1088/1088 1089/1089/1089
f 37/37/37 1089/1089/1089 1090/1090/1090
f 38/38/38 1091/1091/1091 1092/1092/1092
f 38/38/38 1092/1092/1092 1093/1093/1093
f 39/39/39 1094/1094/1094 1095/1095/1095
f 39/39/39 1095/1095/1095 1096/1096/1096
f 44/44/44 1097/1097/1097 1098/1098/1098
f 44/44/44 1098/1098/1098 1099/1099/1099
f 41/41/41 1100/1100/1100 1101/1101/1101
f 41/41/41 1101/1101/1101 1102/1102/1102
f 42/42/42 1103/1103/1103 1104/1104/1104
f 42/42/42 1104/1104/1104 1105/1105/1105
f 43/43/43 1106/1106/1106 1107/1107/1107
f 43/43/43 1107/1107/1107 1108/1108/1108
f 48/48/48 1109/1109/1109 1110/1110/1110
f 48/48/48 1110/1110/1110 1111/1111/1111
f 45/45/45 1112/1112/1112 1113/1113/1113
f 45/45/45 1113/1113/1113 1114/1114/1114
f 46/46/46 1115/1115/1115 1116/1116/1116
f 46/46/46 1116/1116/1116 1117/1117/1117
f 47/47/47 1118/1118/1118 1119/1119/1119
f 47/47/47 1119/1119/1119 1120/1120/1120
f 52/52/52 1121/1121/1121 1122/1122/1122
f 52/52/52 1122/1122/1122 1123/1123/1123
f 49/49/49 1124/1124/1124 1125/1125/1125
f 49/49/49 1125/1125/1125 1126/1126/1126
f 50/50/50 1127/1127/1127 1128/1128/1128
f 50/50/50 1128/1128/1128 1129/1129/1129
f 51/51/51 1130/1130/1130 1131/1131/1131
f 51/51/51 1131/1131/1131 1132/1132/1132
f 56/56/56 1133/1133/1133 1134/1134/1134
f 56/56/56 1134/1134/1134 1135/1135/1135
f 53/53/53 1136/1136/1136 1137/1137/1137
f 53/53/53 1137/1137/1137 1138/1138/1138
f 54/54/54 1139/1139/1139 1140/1140/1140
f 54/54/54 1140/1140/1140 1141/1141/1141
f 55/55/55 1142/1142/1142 1143/1143/1143
f 55/55/55 1143/1143/1143 1144/1144/1144
f 60/60/60 1145/1145/1145 1146/1146/1146
f 60/60/60 1146/1146/1146 1147/1147/1147
f 57/57/57 1148/1148/1148 1149/1149/1149
f 57/57/57 1149/1149/1149 1150/1150/1150
f 58/58/58 1151/1151/1151 1152/1152/1152
f 58/58/58 1152/1152/1152 1153/1153/1153
f 59/59/59 1154/1154/1154 1155/1155/1155
f 59/59/59 1155/1155/1155 1156/1156/1156
f 64/64/64 1157/1157/1157 1158/1158/1158
f 64/64/64 1158/1158/1158 1159/1159/1159
f 61/61/61 1160/1160/1160 1161/1161/1161
f 61/61/61 1161/1161/1161 1162/1162/1162
f 62/62/62 1163/1163/1163 1164/1164/1164
f 62/62/62 1164/1164/1164 1165/1165/1165
f 63/63/63 1166/1166/1166 1167/1167/1167
f 63/63/63 1167/1167/1167 1168/1168/1168
f 68/68/68 1169/1169/1169 1170/1170/1170
f 68/68/68 1170/1170/1170 1171/1171/1171
f 65/65/65 1172/1172/1172 1173/1173/1173
f 65/65/65 1173/1173/1173 1174/1174/1174
f 66/66/66 1175/1175/1175 1176/1176/1176
f 66/66/66 1176/1176/1176 1177/1177/1177
f 67/67/67 1178/1178/1178 1179/1179/1179
f 67/67/67 1179/1179/1179 1180/1180/1180
f 72/72/72 1181/1181/1181 1182/1182/1182
f 72/72/72 1182/1182/1182 1183/1183/1183
f 69/69/69 1184/1184/1184 1185/1185/1185
f 69/69/69 1185/1185/1185 1186/1186/1186
f 70/70/70 1187/1187/1187 1188/1188/1188
f 70/70/70 1188/1188/1188 1189/1189/1189
f 71/71/71 1190/1190/1190 1191/1191/1191
f 71/71/71 1191/1191/1191 1192/1192/1192
f 76/76/76 1193/1193/1193 1194/1194/1194
f 76/76/76 1194/1194/1194 1195/1195/1195
f 73/73/73 1196/1196/1196 1197/1197/1197
f 73/73/73 1197/1197/1197 1198/1198/1198
f 74/74/74 1199/1199/1199 1200/1200/1200
f 74/74/74 1200/1200/1200 1201/1201/1201
f 75/75/75 1202/1202/1202 1203/1203/1203
f 75/75/75 1203/1203/1203 1204/1204/1204
f 80/80/80 1205/1205/1205 1206/1206/1206
f 80/80/80 1206/1206/1206 1207/1207/1207
f 77/77/77 1208/1208/1208 1209/1209/1209
f 77/77/77 1209/1209/1209 1210/1210/1210
f 78/78/78 1211/1211/1211 1212/1212/1212
f 78/78/78 1212/1212/1212 1213/1213/1213
f 79/79/79 1214/1214/1214 1215/1215/1215
f 79/79/79 1215/1215/1215 1216/1216/1216
f 84/84/84 1217/1217/1217 1218/1218/1218
f 84/84/84 1218/1218/1218 1219/1219/1219
f 81/81/81 1220/1220/1220 1221/1221/1221
f 81/81/81 1221/1221/1221 1222/1222/1222
f 82/82/82 1223/1223/1223 1224/1224/1224
f 82/82/82 1224/1224/1224 1225/1225/1225
f 83/83/83 1226/1226/1226 1227/1227/1227
f 83/83/83 1227/1227/1227 1228/1228/1228
f 88/88/88 1229/1229/1229 1230/1230/1230
f 88/88/88 1230/1230/1230 1231/1231/1231
f 85/85/85 1232/1232/1232 1233/1233/1233
f 85/85/85 1233/1233/1233 1234/1234/1234
f 86/86/86 1235/1235/1235 1236/1236/1236
f 86/86/86 1236/1236/1236 1237/1237/1237
f 87/87/87 1238/1238/1238 1239/1239/1239
f 87/87/87 1239/1239/1239 1240/1240/1240
f 92/92/92 1241/1241/1241 1242/1242/1242
f 92/92/92 1242/1242/1242 1243/1243/1243
f 89/89/89 1244/1244/1244 1245/1245/1245
f 89/89/89 1245/1245/1245 1246/1246/1246
f 90/90/90 1247/1247/1247 1248/1248/1248
f 90/90/90 1248/1248/1248 1249/1249/1249
f 91/91/91 1250/1250/1250 1251/1251/1251
f 91/91/91 1251/1251/1251 1252/1252/1252
f 96/96/96 1253/1253/1253 1254/1254/1254
f 96/96/96 1254/1254/1254 1255/1255/1255
f 93/93/93 1256/1256/1256 1257/1257/1257
f 93/93/93 1257/1257/1257 1258/1258/1258
f 94/94/94 1259/1259/1259 1260/1260/1260
f 94/94/94 1260/1260/1260 1261/1261/1261
f 95/95/95 1262/1262/1262 1263/1263/1263
f 95/95/95 1263/1263/1263 1264/1264/1264
f 100/100/100 1265/1265/1265 1266/1266/1266
f 100/100/100 1266/1266/1266 1267/1267/1267
f 97/97/97 1268/1268/1268 1269/1269/1269
f 97/97/97 1269/1269/1269 1270/1270/1270
f 98/98/98 1271/1271/1271 1272/1272/1272
f 98/98/98 1272/1272/1272 1273/1273/1273
f 99/99/99 1274/1274/1274 1275/1275/1275
f 99/99/99 1275/1275/1275 1276/1276/1276
f 104/104/104 1277/1277/1277 1278/1278/1278
f 104/104/104 1278/1278/1278 1279/1279/1279
f 101/101/101 1280/1280/1280 1281/1281/1281
f 101/101/101 1281/1281/1281 1282/1282/1282
f 102/102/102 1283/1283/1283 1284/1284/1284
f 102/102/102 1284/1284/1284 1285/1285/1285
f 103/103/103 1286/1286/1286 1287/1287/1287
f 103/103/103 1287/1287/1287 1288/1288/1288
f 108/108/108 1289/1289/1289 1290/1290/1290
f 108/108/108 1290/1290/1290 1291/1291/1291
f 105/105/105 1292/1292/1292 1293/1293/1293
f 105/105/105 1293/1293/1293 1294/1294/1294
f 106/106/106 1295/1295/1295 1296/1296/1296
f 106/106/106 1296/1296/1296 1297/1297/1297
f 107/107/107 1298/1298/1298 1299/1299/1299
f 107/107/107 1299/1299/1299 1300/1300/1300
f 112/112/112 1301/1301/1301 1302/1302/1302
f 112/112/112 1302/1302/1302 1303/1303/1303
f 109/109/109 1304/1304/1304 1305/1305/1305
f 109/109/109 1305/1305/1305 1306/1306/1306
f 110/110/110 1307/1307/1307 1308/1308/1308
f 110/110/110 1308/1308/1308 1309/1309/1309
f 111/111/111 1310/1310/1310 1311/1311/1311
f 111/111/111 1311/1311/1311 1312/1312/1312
f 116/116/116 1313/1313/1313 1314/1314/1314
f 116/116/116 1314/1314/1314 1315/1315/1315
f 113/113/113 1316/1316/1316 1317/1317/1317
f 113/113/113 1317/1317/1317 1318/1318/1318
f 114/114/114 1319/1319/1319 1320/1320/1320
f 114/114/114 1320/1320/1320 1321/1321/1321
f 115/115/115 1322/1322/1322 1323/1323/1323
f 115/115/115 1323/1323/1323 1324/1324/1324
f 120/120/120 1325/1325/1325 1326/1326/1326
f 120/120/120 1326/1326/1326 1327/1327/1327
f 117/117/117 1328/1328/1328 1329/1329/1329
f 117/117/117 1329/1329/1329 1330/1330/1330
f 118/118/118 1331/1331/1331 1332/1332/1332
f 118/118/118 1332/1332/1332 1333/1333/1333
f 119/119/119 1334/1334/1334 1335/1335/1335
f 119/119/119 1335/1335/1335 1336/1336/1336
f 124/124/124 1337/1337/1337 1338/1338/1338
f 124/124/124 1338/1338/1338 1339/1339/1339
f 121/121/121 1340/1340/1340 1341/1341/1341
f 121/121/121 1341/1341/1341 1342/1342/1342
f 122/122/122 1343/1343/1343 1344/1344/1344
f 122/122/122 1344/1344/1344 1345/1345/1345
f 123/123/123 1346/1346/1346 1347/1347/1347
f 123/123/123 1347/1347/1347 1348/1348/1348
f 128/128/128 1349/1349/1349 1350/1350/1350
f 128/128/128 1350/1350/1350 1351/1351/1351
f 125/125/125 1352/1352/1352 1353/1353/1353
f 125/125/125 1353/1353/1353 1354/1354/1354
f 126/126/126 1355/1355/1355 1356/1356/1356
f 126/126/126 1356/1356/1356 1357/1357/1357
f 127/127/127 1358/1358/1358 1359/1359/1359
f 127/127/127 1359/1359/1359 1360/1360/1360
f 132/132/132 1361/1361/1361 1362/1362/1362
f 132/132/132 1362/1362/1362 1363/1363/1363
f 129/129/129 1364/1364/1364 1365/1365/1365
f 129/129/129 1365/1365/1365 1366/1366/1366
f 130/130/130 1367/1367/1367 1368/1368/1368
f 130/130/130 1368/1368/1368 1369/1369/1369
f 131/131/131 1370/1370/1370 1371/1371/1371
f 131/131/131 1371/1371/1371 1372/1372/1372
f 136/136/136 1373/1373/1373 1374/1374/1374
f 136/136/136 1374/1374/1374 1375/1375/1375
f 133/133/133 1376/1376/1376 1377/1377/1377
f 133/133/133 1377/1377/1377 1378/1378/1378
f 134/134/134 1379/1379/1379 1380/1380/1380
f 134/134/134 1380/1380/1380 1381/1381/1381
f 135/135/135 1382/1382/1382 1383/1383/1383
f 135/135/135 1383/1383/1383 1384/1384/1384
f 140/140/140 1385/1385/1385 1386/1386/1386
f 140/140/140 1386/1386/1386 1387/1387/1387
f 137/137/137 1388/1388/1388 1389/1389/1389
f 137/137/137 1389/1389/1389 1390/1390/1390
f 138/138/138 1391/1391/1391 1392/1392/1392
f 138/138/138 1392/1392/1392 1393/1393/1393
f 139/139/139 1394/1394/1394 1395/1395/1395
f 139/139/139 1395/1395/1395 1396/1396/1396
f 144/144/144 1397/1397/1397 1398/1398/1398
f 144/144/144 1398/1398/1398 1399/1399/1399
f 141/141/141 1400/1400/1400 1401/1401/1401
f 141/141/141 1401/1401/1401 1402/1402/1402
f 142/142/142 1403/1403/1403 1404/1404/1404
f 142/142/142 1404/1404/1404 1405/1405/1405
f 143/143/143 1406/1406/1406 1407/1407/1407
f 143/143/143 1407/1407/1407 1408/1408/1408
f 340/340/340 1409/1409/1409 1410/1410/1410
f 340/340/340 1410/1410/1410 1411/1411/1411
f 337/337/337 1412/1412/1412 1413/1413/1413
f 337/337/337 1413/1413/1413 1414/1414/1414
f 338/338/338 1415/1415/1415 1416/1416/1416
f 338/338/338 1416/1416/1416 1417/1417/1417
f 339/339/339 1418/1418/1418 1419/1419/1419
f 339/339/339 1419/1419/1419 1420/1420/1420
f 344/344/344 1421/1421/1421 1422/1422/1422
f 344/344/344 1422/1422/1422 1423/1423/1423
f 341/341/341 1424/1424/1424 1425/1425/1425
f 341/341/341 1425/1425/1425 1426/1426/1426
f 342/342/342 1427/1427/1427 1428/1428/1428
f 342/342/342 1428/1428/1428 1429/1429/1429
f 343/343/343 1430/1430/1430 1431/1431/1431
f 343/343/343 1431/1431/1431 1432/1432/1432
f 348/348/348 1433/1433/1433 1434/1434/1434
f 348/348/348 1434/1434/1434 1435/1435/1435
f 345/345/345 1436/1436/1436 1437/1437/1437
f 345/345/345 1437/1437/1437 1438/1438/1438
f 346/346/346 1439/1439/1439 1440/1440/1440
f 346/346/346 1440/1440/1440 1441/1441/1441
f 347/347/347 1442/1442/1442 1443/1443/1443
f 347/347/347 1443/1443/1443 1444/1444/1444
f 352/352/352 1445/1445/1445 1446/1446/1446
f 352/352/352 1446/1446/1446 1447/1447/1447
f 349/349/349 1448/1448/1448 1449/1449/1449
f 349/349/349 1449/1449/1449 1450/1450/1450
f 350/350/350 1451/1451/1451 1452/1452/1452
f 350/350/350 1452/1452/1452 1453/1453/1453
f 351/351/351 1454/1454/1454 1455/1455/1455
f 351/351/351 1455/1455/1455 1456/1456/1456
f 356/356/356 1457/1457/1457 1458/1458/1458
f 356/356/356 1458/1458/1458 1459/1459/1459
f 353/353/353 1460/1460/1460 1461/1461/1461
f 353/353/353 1461/1461/1461 1462/1462/1462
f 354/354/354 1463/1463/1463 1464/1464/1464
f 354/354/354 1464/1464/1464 1465/1465/1465
f 355/355/355 1466/1466/1466 1467/1467/1467
f 355/355/355 1467/1467/1467 1468/1468/1468
f 360/360/360 1469/1469/1469 1470/1470/1470
f 360/360/360 1470/1470/1470 1471/1471/1471
f 357/357/357 1472/1472/1472 1473/1473/1473
f 357/357/357 1473/1473/1473 1474/1474/1474
f 358/358/358 1475/1475/1475 1476/1476/1476
f 358/358/358 1476/1476/1476 1477/1477/1477
f 359/359/359 1478/1478/1478 1479/1479/1479
f 359/359/359 1479/1479/1479 1480/1480/1480
f 364/364/364 1481/1481/1481 1482/1482/1482
f 364/364/364 1482/1482/1482 1483/1483/1483
f 361/361/361 1484/1484/1484 1485/1485/1485
f 361/361/361 1485/1485/1485 1486/1486/1486
f 362/362/362 1487/1487/1487 1488/1488/1488
f 362/362/362 1488/1488/1488 1489/1489/1489
f 363/363/363 1490/1490/1490 1491/1491/1491
f 363/363/363 1491/1491/1491 1492/1492/1492
f 368/368/368 1493/1493/1493 1494/1494/1494
f 368/368/368 1494/1494/1494 1495/1495/1495
f 365/365/365 1496/1496/1496 1497/1497/1497
f 365/365/365 1497/1497/1497 1498/1498/1498
f 366/366/366 1499/1499/1499 1500/1500/1500
f 366/366/366 1500/1500/1500 1501/1501/1501
f 367/367/367 1502/1502/1502 1503/1503/1503
f 367/367/367 1503/1503/1503 1504/1504/1504
f 369/369/369 1505/1505/1505 1506/1506/1506
f 369/369/369 1506/1506/1506 1507/1507/1507
f 370/370/370 1508/1508/1508 1509/1509/1509
f 370/370/370 1509/1509/1509 1510/1510/1510
f 371/371/371 1511/1511/1511 1512/1512/1512
f 371/371/371 1512/1512/1512 1513/1513/1513
f 372/372/372 1514/1514/1514 1515/1515/1515
f 372/372/372 1515/1515/1515 1516/1516/1516
f 376/376/376 1517/1517/1517 1518/1518/1518
f 376/376/376 1518/1518/1518 1519/1519/1519
f 373/373/373 1520/1520/1520 1521/1521/1521
f 373/373/373 1521/1521/1521 1522/1522/1522
f 374/374/374 1523/1523/1523 1524/1524/1524
f 374/374/374 1524/1524/1524 1525/1525/1525
f 375/375/375 1526/1526/1526 1527/1527/1527
f 375/375/375 1527/1527/1527 1528/1528/1528
f 380/380/380 1529/1529/1529 1530/1530/1530
f 380/380/380 1530/1530/1530 1531/1531/1531
f 377/377/377 1532/1532/1532 1533/1533/1533
f 377/377/377 1533/1533/1533 1534/1534/1534
f 378/378/378 1535/1535/1535 1536/1536/1536
f 378/378/378 1536/1536/1536 1537/1537/1537
f 379/379/379 1538/1538/1538 1539/1539/1539
f 379/379/379 1539/1539/1539 1540/1540/1540
f 384/384/384 1541/1541/1541 1542/1542/1542
f 384/384/384 1542/1542/1542 1543/1543/1543
f 381/381/381 1544/1544/1544 1545/1545/1545
f 381/381/381 1545/1545/1545 1546/1546/1546
f 382/382/382 1547/1547/1547 1548/1548/1548
f 382/382/382 1548/1548/1548 1549/1549/1549
f 383/383/383 1550/1550/1550 1551/1551/1551
f 383/383/383 1551/1551/1551 1552/1552/1552
f 388/388/388 1553/1553/1553 1554/1554/1554
f 388/388/388 1554/1554/1554 1555/1555/1555
f 385/385/385 1556/1556/1556 1557/1557/1557
f 385/385/385 1557/1557/1557 1558/1558/1558
f 386/386/386 1559/1559/1559 1560/1560/1560
f 386/386/386 1560/1560/1560 1561/1561/1561
f 387/387/387 1562/1562/1562 1563/1563/1563
f 387/387/387 1563/1563/1563 1564/1564/1564
f 392/392/392 1565/1565/1565 1566/1566/1566
f 392/392/392 1566/1566/1566 1567/1567/1567
f 389/389/389 1568/1568/1568 1569/1569/1569
f 389/389/389 1569/1569/1569 1570/1570/1570
f 390/390/390 1571/1571/1571 1572/1572/1572
f 390/390/390 1572/1572/1572 1573/1573/1573
f 391/391/391 1574/1574/1574 1575/1575/1575
f 391/391/391 1575/1575/1575 1576/1576/1576
f 396/396/396 1577/1577/1577 1578/1578/1578
f 396/396/396 1578/1578/1578 1579/1579/1579
f 393/393/393 1580/1580/1580 1581/1581/1581
f 393/393/393 1581/1581/1581 1582/1582/1582
f 394/394/394 1583/1583/1583 1584/1584/1584
f 394/394/394 1584/1584/1584 1585/1585/1585
f 395/395/395 1586/1586/1586 1587/1587/1587
f 395/395/395 1587/1587/1587 1588/1588/1588
f 400/400/400 1589/1589/1589 1590/1590/1590
f 400/400/400 1590/1590/1590 1591/1591/1591
f 397/397/397 1592/1592/1592 1593/1593/1593
f 397/397/397 1593/1593/1593 1594/1594/1594
f 398/398/398 1595/1595/1595 1596/1596/1596
f 398/398/398 1596/1596/1596 1597/1597/1597
f 399/399/399 1598/1598/1598 1599/1599/1599
f 399/399/399 1599/1599/1599 1600/1600/1600
f 404/404/404 1601/1601/1601 1602/1602/1602
f 404/404/404 1602/1602/1602 1603/1603/1603
f 401/401/401 1604/1604/1604 1605/1605/1605
f 401/401/401 1605/1605/1605 1606/1606/1606
f 402/402/402 1607/1607/1607 1608/1608/1608
f 402/402/402 1608/1608/1608 1609/1609/1609
f 403/403/403 1610/1610/1610 1611/1611/1611
f 403/403/403 1611/1611/1611 1612/1612/1612
f 408/408/408 1613/1613/1613 1614/1614/1614
f 408/408/408 1614/1614/1614 1615/1615/1615
f 405/405/405 1616/1616/1616 1617/1617/1617
f 405/405/405 1617/1617/1617 1618/1618/1618
f 406/406/406 1619/1619/1619 1620/1620/1620
f 406/406/406 1620/1620/1620 1621/1621/1621
f 407/407/407 1622/1622/1622 1623/1623/1623
f 407/407/407 1623/1623/1623 1624/1624/1624
f 412/412/412 1625/1625/1625 1626/1626/1626
f 412/412/412 1626/1626/1626 1627/1627/1627
f 409/409/409 1628/1628/1628 1629/1629/1629
f 409/409/409 1629/1629/1629 1630/1630/1630
f 410/410/410 1631/1631/1631 1632/1632/1632
f 410/410/410 1632/1632/1632 1633/1633/1633
f 411/411/411 1634/1634/1634 1635/1635/1635
f 411/411/411 1635/1635/1635 1636/1636/1636
f 416/416/416 1637/1637/1637 1638/1638/1638
f 416/416/416 1638/1638/1638 1639/1639/1639
f 413/413/413 1640/1640/1640 1641/1641/1641
f 413/413/413 1641/1641/1641 1642/1642/1642
f 414/414/414 1643/1643/1643 1644/1644/1644
f 414/414/414 1644/1644/1644 1645/1645/1645
f 415/415/415 1646/1646/1646 1647/1647/1647
f 415/415/415 1647/1647/1647 1648/1648/1648
f 420/420/420 1649/1649/1649 1650/1650/1650
f 420/420/420 1650/1650/1650 1651/1651/1651
f 417/417/417 1652/1652/1652 1653/1653/1653
f 417/417/417 1653/1653/1653 1654/1654/1654
f 418/418/418 1655/1655/1655 1656/1656/1656
f 418/418/418 1656/1656/1656 1657/1657/1657
f 419/419/419 1658/1658/1658 1659/1659/1659
f 419/419/419 1659/1659/1659 1660/1660/1660
f 424/424/424 1661/1661/1661 1662/1662/1662
f 424/424/424 1662/1662/1662 1663/1663/1663
f 421/421/421 1664/1664/1664 1665/1665/1665
f 421/421/421 1665/1665/1665 1666/1666/1666
f 422/422/422 1667/1667/1667 1668/1668/1668
f 422/422/422 1668/1668/1668 1669/1669/1669
f 423/423/423 1670/1670/1670 1671/1671/1671
f 423/423/423 1671/1671/1671 1672/1672/1672
f 428/428/428 1673/1673/1673 1674/1674/1674
f 428/428/428 1674/1674/1674 1675/1675/1675
f 425/425/425 1676/1676/1676 1677/1677/1677
f 425/425/425 1677/1677/1677 1678/1678/1678
f 426/426/426 1679/1679/1679 1680/1680/1680
f 426/426/426 1680/1680/1680 1681/1681/1681
f 427/427/427 1682/1682/1682 1683/1683/1683
f 427/427/427 1683/1683/1683 1684/1684/1684
f 432/432/432 1685/1685/1685 1686/1686/1686
f 432/432/432 1686/1686/1686 1687/1687/1687
f 429/429/429 1688/1688/1688 1689/1689/1689
f 429/429/429 1689/1689/1689 1690/1690/1690
f 430/430/430 1691/1691/1691 1692/1692/1692
f 430/430/430 1692/1692/1692 1693/1693/1693
f 431/431/431 1694/1694/1694 1695/1695/1695
f 431/431/431 1695/1695/1695 1696/1696/1696
f 436/436/436 1697/1697/1697 1698/1698/1698
f 436/436/436 1698/1698/1698 1699/1699/1699
f 433/433/433 1700/1700/1700 1701/1701/1701
f 433/433/433 1701/1701/1701 1702/1702/1702
f 434/434/434 1703/1703/1703 1704/1704/1704
f 434/434/434 1704/1704/1704 1705/1705/1705
f 435/435/435 1706/1706/1706 1707/1707/1707
f 435/435/435 1707/1707/1707 1708/1708/1708
f 440/440/440 1709/1709/1709 1710/1710/1710
f 440/440/440 1710/1710/1710 1711/1711/1711
f 437/437/437 1712/1712/1712 1713/1713/1713
f 437/437/437 1713/1713/1713 1714/1714/1714
f 438/438/438 1715/1715/1715 1716/1716/1716
f 438/438/438 1716/1716/1716 1717/1717/1717
f 439/439/439 1718/1718/1718 1719/1719/1719
f 439/439/439 1719/1719/1719 1720/1720/1720
f 444/444/444 1721/1721/1721 1722/1722/1722
f 444/444/444 1722/1722/1722 1723/1723/1723
f 441/441/441 1724/1724/1724 1725/1725/1725
f 441/441/441 1725/1725/1725 1726/1726/1726
f 442/442/442 1727/1727/1727 1728/1728/1728
f 442/442/442 1728/1728/1728 1729/1729/1729
f 443/443/443 1730/1730/1730 1731/1731/1731
f 443/443/443 1731/1731/1731 1732/1732/1732
f 448/448/448 1733/1733/1733 1734/1734/1734
f 448/448/448 1734/1734/1734 1735/1735/1735
f 445/445/445 1736/1736/1736 1737/1737/1737
f 445/445/445 1737/1737/1737 1738/1738/1738
f 446/446/446 1739/1739/1739 1740/1740/1740
f 446/446/446 1740/1740/1740 1741/1741/1741
f 447/447/447 1742/1742/1742 1743/1743/1743
f 447/447/447 1743/1743/1743 1744/1744/1744
f 452/452/452 1745/1745/1745 1746/1746/1746
f 452/452/452 1746/1746/1746 1747/1747/1747
f 449/449/449 1748/1748/1748 1749/1749/1749
f 449/449/449 1749/1749/1749 1750/1750/1750
f 450/450/450 1751/1751/1751 1752/1752/1752
f 450/450/450 1752/1752/1752 1753/1753/1753
f 451/451/451 1754/1754/1754 1755/1755/1755
f 451/451/451 1755/1755/1755 1756/1756/1756
f 456/456/456 1757/1757/1757 1758/1758/1758
f 456/456/456 1758/1758/1758 1759/1759/1759
f 453/453/453 1760/1760/1760 1761/1761/1761
f 453/453/453 1761/1761/1761 1762/1762/1762
f 454/454/454 1763/1763/1763 1764/1764/1764
f 454/454/454 1764/1764/1764 1765/1765/1765
f 455/455/455 1766/1766/1766 1767/1767/1767
f 455/455/455 1767/1767/1767 1768/1768/1768
f 460/460/460 1769/1769/1769 1770/1770/1770
f 460/460/460 1770/1770/1770 1771/1771/1771
f 457/457/457 1772/1772/1772 1773/1773/1773
f 457/457/457 1773/1773/1773 1774/1774/1774
f 458/458/458 1775/1775/1775 1776/1776/1776
f 458/458/458 1776/1776/1776 1777/1777/1777
f 459/459/459 1778/1778/1778 1779/1779/1779
f 459/459/459 1779/1779/1779 1780/1780/1780
f 464/464/464 1781/1781/1781 1782/1782/1782
f 464/464/464 1782/1782/1782 1783/1783/1783
f 461/461/461 1784/1784/1784 1785/1785/1785
f 461/461/461 1785/1785/1785 1786/1786/1786
f 462/462/462 1787/1787/1787 1788/1788/1788
f 462/462/462 1788/1788/1788 1789/1789/1789
f 463/463/463 1790/1790/1790 1791/1791/1791
f 463/463/463 1791/1791/1791 1792/1792/1792
f 465/465/465 1793/1793/1793 1794/1794/1794
f 465/465/465 1794/1794/1794 1795/1795/1795
f 466/466/466 1796/1796/1796 1797/1797/1797
f 466/466/466 1797/1797/1797 1798/1798/1798
f 471/471/471 1799/1799/1799 1800/1800/1800
f 471/471/471 1800/1800/1800 1801/1801/1801
f 472/472/472 1802/1802/1802 1803/1803/1803
f 472/472/472 1803/1803/1803 1804/1804/1804
f 476/476/476 1805/1805/1805 1806/1806/1806
f 476/476/476 1806/1806/1806 1807/1807/1807
f 475/475/475 1808/1808/1808 1809/1809/1809
f 475/475/475 1809/1809/1809 1810/1810/1810
f 479/479/479 1811/1811/1811 1812/1812/1812
f 479/479/479 1812/1812/1812 1813/1813/1813
f 480/480/480 1814/1814/1814 1815/1815/1815
f 480/480/480 1815/1815/1815 1816/1816/1816
f 484/484/484 1817/1817/1817 1818/1818/1818
f 484/484/484 1818/1818/1818 1819/1819/1819
f 483/483/483 1820/1820/1820 1821/1821/1821
f 483/483/483 1821/1821/1821 1822/1822/1822
f 488/488/488 1823/1823/1823 1824/1824/1824
f 488/488/488 1824/1824/1824 1825/1825/1825
f 487/487/487 1826/1826/1826 1827/1827/1827
f 487/487/487 1827/1827/1827 1828/1828/1828
f 492/492/492 1829/1829/1829 1830/1830/1830
f 492/492/492 1830/1830/1830 1831/1831/1831
f 491/491/491 1832/1832/1832 1833/1833/1833
f 491/491/491 1833/1833/1833 1834/1834/1834
f 495/495/495 1835/1835/1835 1836/1836/1836
f 495/495/495 1836/1836/1836 1837/1837/1837
f 496/496/496 1838/1838/1838 1839/1839/1839
f 496/496/496 1839/1839/1839 1840/1840/1840
f 500/500/500 1841/1841/1841 1842/1842/1842
f 500/500/500 1842/1842/1842 1843/1843/1843
f 499/499/499 1844/1844/1844 1845/1845/1845
f 499/499/499 1845/1845/1845 1846/1846/1846
f 504/504/504 1847/1847/1847 1848/1848/1848
f 504/504/504 1848/1848/1848 1849/1849/1849
f 503/503/503 1850/1850/1850 1851/1851/1851
f 503/503/503 1851/1851/1851 1852/1852/1852
f 508/508/508 1853/1853/1853 1854/1854/1854
f 508/508/508 1854/1854/1854 1855/1855/1855
f 507/507/507 1856/1856/1856 1857/1857/1857
f 507/507/507 1857/1857/1857 1858/1858/1858
f 511/511/511 1859/1859/1859 1860/1860/1860
f 511/511/511 1860/1860/1860 1861/1861/1861
f 512/512/512 1862/1862/1862 1863/1863/1863
f 512/512/512 1863/1863/1863 1864/1864/1864
f 513/513/513 1865/1865/1865 1866/1866/1866
f 513/513/513 1866/1866/1866 1867/1867/1867
f 514/514/514 1868/1868/1868 1869/1869/1869
f 514/514/514 1869/1869/1869 1870/1870/1870
f 520/520/520 1871/1871/1871 1872/1872/1872
f 520/520/520 1872/1872/1872 1873/1873/1873
f 519/519/519 1874/1874/1874 1875/1875/1875
f 519/519/519 1875/1875/1875 1876/1876/1876
f 522/522/522 1877/1877/1877 1878/1878/1878
f 522/522/522 1878/1878/1878 1879/1879/1879
f 523/523/523 1880/1880/1880 1881/1881/1881
f 523/523/523 1881/1881/1881 1882/1882/1882
f 528/528/528 1883/1883/1883 1884/1884/1884
f 528/528/528 1884/1884/1884 1885/1885/1885
f 527/527/527 1886/1886/1886 1887/1887/1887
f 527/527/527 1887/1887/1887 1888/1888/1888
f 530/530/530 1889/1889/1889 1890/1890/1890
f 530/530/530 1890/1890/1890 1891/1891/1891
f 531/531/531 1892/1892/1892 1893/1893/1893
f 531/531/531 1893/1893/1893 1894/1894/1894
f 536/536/536 1895/1895/1895 1896/1896/1896
f 536/536/536 1896/1896/1896 1897/1897/1897
f 535/535/535 1898/1898/1898 1899/1899/1899
f 535/535/535 1899/1899/1899 1900/1900/1900
f 538/538/538 1901/1901/1901 1902/1902/1902
f 538/538/538 1902/1902/1902 1903/1903/1903
f 539/539/539 1904/1904/1904 1905/1905/1905
f 539/539/539 1905/1905/1905 1906/1906/1906
f 544/544/544 1907/1907/1907 1908/1908/1908
f 544/544/544 1908/1908/1908 1909/1909/1909
f 543/543/543 1910/1910/1910 1911/1911/1911
f 543/543/543 1911/1911/1911 1912/1912/1912
f 548/548/548 1913/1913/1913 1914/1914/1914
f 548/548/548 1914/1914/1914 1915/1915/1915
f 547/547/547 1916/1916/1916 1917/1917/1917
f 547/547/547 1917/1917/1917 1918/1918/1918
f 552/552/552 1919/1919/1919 1920/1920/1920
f 552/552/552 1920/1920/1920 1921/1921/1921
f 551/551/551 1922/1922/1922 1923/1923/1923
f 551/551/551 1923/1923/1923 1924/1924/1924
f 554/554/554 1925/1925/1925 1926/1926/1926
f 554/554/554 1926/1926/1926 1927/1927/1927
f 555/555/555 1928/1928/1928 1929/1929/1929
f 555/555/555 1929/1929/1929 1930/1930/1930
f 559/559/559 1931/1931/1931 1932/1932/1932
f 559/559/559 1932/1932/1932 1933/1933/1933
f 560/560/560 1934/1934/1934 1935/1935/1935
f 560/560/560 1935/1935/1935 1936/1936/1936
f 564/564/564 1483/1483/1483 1482/1482/1482
f 564/564/564 1482/1482/1482 1937/1937/1937
f 563/563/563 1938/1938/1938 1485/1485/1485
f 563/563/563 1485/1485/1485 1484/1484/1484
f 568/568/568 1939/1939/1939 1940/1940/1940
f 568/568/568 1940/1940/1940 1941/1941/1941
f 567/567/567 1942/1942/1942 1943/1943/1943
f 567/567/567 1943/1943/1943 1944/1944/1944
f 570/570/570 1945/1945/1945 1946/1946/1946
f 570/570/570 1946/1946/1946 1947/1947/1947
f 571/571/571 1948/1948/1948 1949/1949/1949
f 571/571/571 1949/1949/1949 1950/1950/1950
f 575/575/575 1951/1951/1951 1494/1494/1494
f 575/575/575 1494/1494/1494 1493/1493/1493
f 576/576/576 1504/1504/1504 1503/1503/1503
f 576/576/576 1503/1503/1503 1952/1952/1952
f 580/580/580 1953/1953/1953 1954/1954/1954
f 580/580/580 1954/1954/1954 1955/1955/1955
f 579/579/579 1956/1956/1956 1957/1957/1957
f 579/579/579 1957/1957/1957 1958/1958/1958
f 584/584/584 1959/1959/1959 1960/1960/1960
f 584/584/584 1960/1960/1960 1961/1961/1961
f 583/583/583 1962/1962/1962 1963/1963/1963
f 583/583/583 1963/1963/1963 1964/1964/1964
f 586/586/586 1965/1965/1965 1966/1966/1966
f 586/586/586 1966/1966/1966 1967/1967/1967
f 587/587/587 1968/1968/1968 1969/1969/1969
f 587/587/587 1969/1969/1969 1970/1970/1970
f 592/592/592 1971/1971/1971 1972/1972/1972
f 592/592/592 1972/1972/1972 1973/1973/1973
f 591/591/591 1974/1974/1974 1975/1975/1975
f 591/591/591 1975/1975/1975 1976/1976/1976
f 596/596/596 1977/1977/1977 1978/1978/1978
f 596/596/596 1978/1978/1978 1979/1979/1979
f 595/595/595 1980/1980/1980 1981/1981/1981
f 595/595/595 1981/1981/1981 1982/1982/1982
f 600/600/600 1983/1983/1983 1984/1984/1984
f 600/600/600 1984/1984/1984 1985/1985/1985
f 599/599/599 1986/1986/1986 1987/1987/1987
f 599/599/599 1987/1987/1987 1988/1988/1988
f 602/602/602 1989/1989/1989 1990/1990/1990
f 602/602/602 1990/1990/1990 1991/1991/1991
f 603/603/603 1992/1992/1992 1993/1993/1993
f 603/603/603 1993/1993/1993 1994/1994/1994
f 608/608/608 1995/1995/1995 1996/1996/1996
f 608/608/608 1996/1996/1996 1997/1997/1997
f 607/607/607 1998/1998/1998 1999/1999/1999
f 607/607/607 1999/1999/1999 2000/2000/2000
f 609/609/609 2001/2001/2001 2002/2002/2002
f 609/609/609 2002/2002/2002 2003/2003/2003
f 610/610/610 2004/2004/2004 2005/2005/2005
f 610/610/610 2005/2005/2005 2006/2006/2006
f 615/615/615 2007/2007/2007 2008/2008/2008
f 615/615/615 2008/2008/2008 2009/2009/2009
f 616/616/616 2010/2010/2010 2011/2011/2011
f 616/616/616 2011/2011/2011 2012/2012/2012
f 620/620/620 2013/2013/2013 2014/2014/2014
f 620/620/620 2014/2014/2014 2015/2015/2015
f 619/619/619 2016/2016/2016 2017/2017/2017
f 619/619/619 2017/2017/2017 2018/2018/2018
f 623/623/623 2019/2019/2019 2020/2020/2020
f 623/623/623 2020/2020/2020 2021/2021/2021
f 624/624/624 2022/2022/2022 2023/2023/2023
f 624/624/624 2023/2023/2023 2024/2024/2024
f 628/628/628 2025/2025/2025 2026/2026/2026
f 628/628/628 2026/2026/2026 2027/2027/2027
f 627/627/627 2028/2028/2028 2029/2029/2029
f 627/627/627 2029/2029/2029 2030/2030/2030
f 632/632/632 2031/2031/2031 2032/2032/2032
f 632/632/632 2032/2032/2032 2033/2033/2033
f 631/631/631 2034/2034/2034 2035/2035/2035
f 631/631/631 2035/2035/2035 2036/2036/2036
f 636/636/636 2037/2037/2037 2038/2038/2038
f 636/636/636 2038/2038/2038 2039/2039/2039
f 635/635/635 2040/2040/2040 2041/2041/2041
f 635/635/635 2041/2041/2041 2042/2042/2042
f 639/639/639 2043/2043/2043 2044/2044/2044
f 639/639/639 2044/2044/2044 2045/2045/2045
f 640/640/640 2046/2046/2046 2047/2047/2047
f 640/640/640 2047/2047/2047 2048/2048/2048
f 644/644/644 2049/2049/2049 2050/2050/2050
f 644/644/644 2050/2050/2050 2051/2051/2051
f 643/643/643 2052/2052/2052 2053/2053/2053
f 643/643/643 2053/2053/2053 2054/2054/2054
f 648/648/648 2055/2055/2055 2056/2056/2056
f 648/648/648 2056/2056/2056 2057/2057/2057
f 647/647/647 2058/2058/2058 2059/2059/2059
f 647/647/647 2059/2059/2059 2060/2060/2060
f 652/652/652 2061/2061/2061 2062/2062/2062
f 652/652/652 2062/2062/2062 2063/2063/2063
f 651/651/651 2064/2064/2064 2065/2065/2065
f 651/651/651 2065/2065/2065 2066/2066/2066
f 655/655/655 2067/2067/2067 2068/2068/2068
f 655/655/655 2068/2068/2068 2069/2069/2069
f 656/656/656 2070/2070/2070 2071/2071/2071
f 656/656/656 2071/2071/2071 2072/2072/2072
f 657/657/657 2073/2073/2073 2074/2074/2074
f 657/657/657 2074/2074/2074 2075/2075/2075
f 658/658/658 2076/2076/2076 2077/2077/2077
f 658/658/658 2077/2077/2077 2078/2078/2078
f 664/664/664 2079/2079/2079 2080/2080/2080
f 664/664/664 2080/2080/2080 2081/2081/2081
f 663/663/663 2082/2082/2082 2083/2083/2083
f 663/663/663 2083/2083/2083 2084/2084/2084
f 666/666/666 2085/2085/2085 2086/2086/2086
f 666/666/666 2086/2086/2086 2087/2087/2087
f 667/667/667 2088/2088/2088 2089/2089/2089
f 667/667/667 2089/2089/2089 2090/2090/2090
f 672/672/672 2091/2091/2091 2092/2092/2092
f 672/672/672 2092/2092/2092 2093/2093/2093
f 671/671/671 2094/2094/2094 2095/2095/2095
f 671/671/671 2095/2095/2095 2096/2096/2096
f 674/674/674 2097/2097/2097 2098/2098/2098
f 674/674/674 2098/2098/2098 2099/2099/2099
f 675/675/675 2100/2100/2100 2101/2101/2101
f 675/675/675 2101/2101/2101 2102/2102/2102
f 680/680/680 2103/2103/2103 2104/2104/2104
f 680/680/680 2104/2104/2104 2105/2105/2105
f 679/679/679 2106/2106/2106 2107/2107/2107
f 679/679/679 2107/2107/2107 2108/2108/2108
f 682/682/682 2109/2109/2109 2110/2110/2110
f 682/682/682 2110/2110/2110 2111/2111/2111
f 683/683/683 2112/2112/2112 2113/2113/2113
f 683/683/683 2113/2113/2113 2114/2114/2114
f 688/688/688 2115/2115/2115 2116/2116/2116
f 688/688/688 2116/2116/2116 2117/2117/2117
f 687/687/687 2118/2118/2118 2119/2119/2119
f 687/687/687 2119/2119/2119 2120/2120/2120
f 689/689/689 2121/2121/2121 2122/2122/2122
f 689/689/689 2122/2122/2122 2123/2123/2123
f 690/690/690 2124/2124/2124 2125/2125/2125
f 690/690/690 2125/2125/2125 2126/2126/2126
f 695/695/695 2127/2127/2127 2128/2128/2128
f 695/695/695 2128/2128/2128 2129/2129/2129
f 696/696/696 2130/2130/2130 2131/2131/2131
f 696/696/696 2131/2131/2131 2132/2132/2132
f 700/700/700 2133/2133/2133 2134/2134/2134
f 700/700/700 2134/2134/2134 2135/2135/2135
f 699/699/699 2136/2136/2136 2137/2137/2137
f 699/699/699 2137/2137/2137 2138/2138/2138
f 703/703/703 2139/2139/2139 2140/2140/2140
f 703/703/703 2140/2140/2140 2141/2141/2141
f 704/704/704 2142/2142/2142 2143/2143/2143
f 704/704/704 2143/2143/2143 2144/2144/2144
f 708/708/708 2145/2145/2145 2146/2146/2146
f 708/708/708 2146/2146/2146 2147/2147/2147
f 707/707/707 2148/2148/2148 2149/2149/2149
f 707/707/707 2149/2149/2149 2150/2150/2150
f 712/712/712 2151/2151/2151 2152/2152/2152
f 712/712/712 2152/2152/2152 2153/2153/2153
f 711/711/711 2154/2154/2154 2155/2155/2155
f 711/711/711 2155/2155/2155 2156/2156/2156
f 716/716/716 2157/2157/2157 2158/2158/2158
f 716/716/716 2158/2158/2158 2159/2159/2159
f 715/715/715 2160/2160/2160 2161/2161/2161
f 715/715/715 2161/2161/2161 2162/2162/2162
f 719/719/719 2163/2163/2163 2164/2164/2164
f 719/719/719 2164/2164/2164 2165/2165/2165
f 720/720/720 2166/2166/2166 2167/2167/2167
f 720/720/720 2167/2167/2167 2168/2168/2168
f 724/724/724 2169/2169/2169 2170/2170/2170
f 724/724/724 2170/2170/2170 2171/2171/2171
f 723/723/723 2172/2172/2172 2173/2173/2173
f 723/723/723 2173/2173/2173 2174/2174/2174
f 728/728/728 2175/2175/2175 2176/2176/2176
f 728/728/728 2176/2176/2176 2177/2177/2177
f 727/727/727 2178/2178/2178 2179/2179/2179
f 727/727/727 2179/2179/2179 2180/2180/2180
f 732/732/732 2181/2181/2181 2182/2182/2182
f 732/732/732 2182/2182/2182 2183/2183/2183
f 731/731/731 2184/2184/2184 2185/2185/2185
f 731/731/731 2185/2185/2185 2186/2186/2186
f 735/735/735 2187/2187/2187 2188/2188/2188
f 735/735/735 2188/2188/2188 2189/2189/2189
f 736/736/736 2190/2190/2190 2191/2191/2191
f 736/736/736 2191/2191/2191 2192/2192/2192
f 737/737/737 2193/2193/2193 2194/2194/2194
f 737/737/737 2194/2194/2194 2195/2195/2195
f 738/738/738 2196/2196/2196 2197/2197/2197
f 738/738/738 2197/2197/2197 2198/2198/2198
f 744/744/744 2199/2199/2199 2200/2200/2200
f 744/744/744 2200/2200/2200 2201/2201/2201
f 743/743/743 2202/2202/2202 2203/2203/2203
f 743/743/743 2203/2203/2203 2204/2204/2204
f 746/746/746 2205/2205/2205 2206/2206/2206
f 746/746/746 2206/2206/2206 2207/2207/2207
f 747/747/747 2208/2208/2208 2209/2209/2209
f 747/747/747 2209/2209/2209 2210/2210/2210
f 752/752/752 2211/2211/2211 2212/2212/2212
f 752/752/752 2212/2212/2212 2213/2213/2213
f 751/751/751 2214/2214/2214 2215/2215/2215
f 751/751/751 2215/2215/2215 2216/2216/2216
f 754/754/754 2217/2217/2217 2218/2218/2218
f 754/754/754 2218/2218/2218 2219/2219/2219
f 755/755/755 2220/2220/2220 2221/2221/2221
f 755/755/755 2221/2221/2221 2222/2222/2222
f 760/760/760 2223/2223/2223 2224/2224/2224
f 760/760/760 2224/2224/2224 2225/2225/2225
f 759/759/759 2226/2226/2226 2227/2227/2227
f 759/759/759 2227/2227/2227 2228/2228/2228
f 762/762/762 2229/2229/2229 2230/2230/2230
f 762/762/762 2230/2230/2230 2231/2231/2231
f 763/763/763 2232/2232/2232 2233/2233/2233
f 763/763/763 2233/2233/2233 2234/2234/2234
f 768/768/768 2235/2235/2235 2236/2236/2236
f 768/768/768 2236/2236/2236 2237/2237/2237
f 767/767/767 2238/2238/2238 2239/2239/2239
f 767/767/767 2239/2239/2239 2240/2240/2240
f 769/769/769 2241/2241/2241 2242/2242/2242
f 769/769/769 2242/2242/2242 2243/2243/2243
f 770/770/770 2244/2244/2244 2245/2245/2245
f 770/770/770 2245/2245/2245 2246/2246/2246
f 775/775/775 2247/2247/2247 2248/2248/2248
f 775/775/775 2248/2248/2248 2249/2249/2249
f 776/776/776 2250/2250/2250 2251/2251/2251
f 776/776/776 2251/2251/2251 2252/2252/2252
f 780/780/780 2253/2253/2253 2254/2254/2254
f 780/780/780 2254/2254/2254 2255/2255/2255
f 779/779/779 2256/2256/2256 2257/2257/2257
f 779/779/779 2257/2257/2257 2258/2258/2258
f 783/783/783 2259/2259/2259 2260/2260/2260
f 783/783/783 2260/2260/2260 2261/2261/2261
f 784/784/784 2262/2262/2262 2263/2263/2263
f 784/784/784 2263/2263/2263 2264/2264/2264
f 788/788/788 2265/2265/2265 2266/2266/2266
f 788/788/788 2266/2266/2266 2267/2267/2267
f 787/787/787 2268/2268/2268 2269/2269/2269
f 787/787/787 2269/2269/2269 2270/2270/2270
f 792/792/792 2271/2271/2271 2272/2272/2272
f 792/792/792 2272/2272/2272 2273/2273/2273
f 791/791/791 2274/2274/2274 2275/2275/2275
f 791/791/791 2275/2275/2275 2276/2276/2276
f 796/796/796 2277/2277/2277 2278/2278/2278
f 796/796/796 2278/2278/2278 2279/2279/2279
f 795/795/795 2280/2280/2280 2281/2281/2281
f 795/795/795 2281/2281/2281 2282/2282/2282
f 799/799/799 2283/2283/2283 2284/2284/2284
f 799/799/799 2284/2284/2284 2285/2285/2285
f 800/800/800 2286/2286/2286 2287/2287/2287
f 800/800/800 2287/2287/2287 2288/2288/2288
f 804/804/804 2289/2289/2289 2290/2290/2290
f 804/804/804 2290/2290/2290 2291/2291/2291
f 803/803/803 2292/2292/2292 2293/2293/2293
f 803/803/803 2293/2293/2293 2294/2294/2294
f 808/808/808 2295/2295/2295 2296/2296/2296
f 808/808/808 2296/2296/2296 2297/2297/2297
f 807/807/807 2298/2298/2298 2299/2299/2299
f 807/807/807 2299/2299/2299 2300/2300/2300
f 812/812/812 2301/2301/2301 2302/2302/2302
f 812/812/812 2302/2302/2302 2303/2303/2303
f 811/811/811 2304/2304/2304 2305/2305/2305
f 811/811/811 2305/2305/2305 2306/2306/2306
f 815/815/815 2307/2307/2307 2308/2308/2308
f 815/815/815 2308/2308/2308 2309/2309/2309
f 816/816/816 2310/2310/2310 2311/2311/2311
f 816/816/816 2311/2311/2311 2312/2312/2312
f 817/817/817 2313/2313/2313 2314/2314/2314
f 817/817/817 2314/2314/2314 2315/2315/2315
f 818/818/818 2316/2316/2316 2317/2317/2317
f 818/818/818 2317/2317/2317 2318/2318/2318
f 824/824/824 2319/2319/2319 2320/2320/2320
f 824/824/824 2320/2320/2320 2321/2321/2321
f 823/823/823 2322/2322/2322 2323/2323/2323
f 823/823/823 2323/2323/2323 2324/2324/2324
f 826/826/826 2325/2325/2325 2326/2326/2326
f 826/826/826 2326/2326/2326 2327/2327/2327
f 827/827/827 2328/2328/2328 2329/2329/2329
f 827/827/827 2329/2329/2329 2330/2330/2330
f 832/832/832 2331/2331/2331 2332/2332/2332
f 832/832/832 2332/2332/2332 2333/2333/2333
f 831/831/831 2334/2334/2334 2335/2335/2335
f 831/831/831 2335/2335/2335 2336/2336/2336
f 834/834/834 2337/2337/2337 2338/2338/2338
f 834/834/834 2338/2338/2338 2339/2339/2339
f 835/835/835 2340/2340/2340 2341/2341/2341
f 835/835/835 2341/2341/2341 2342/2342/2342
f 840/840/840 2343/2343/2343 2344/2344/2344
f 840/840/840 2344/2344/2344 2345/2345/2345
f 839/839/839 2346/2346/2346 2347/2347/2347
f 839/839/839 2347/2347/2347 2348/2348/2348
f 842/842/842 2349/2349/2349 2350/2350/2350
f 842/842/842 2350/2350/2350 2351/2351/2351
f 843/843/843 2352/2352/2352 2353/2353/2353
f 843/843/843 2353/2353/2353 2354/2354/2354
f 848/848/848 2355/2355/2355 2356/2356/2356
f 848/848/848 2356/2356/2356 2357/2357/2357
f 847/847/847 2358/2358/2358 2359/2359/2359
f 847/847/847 2359/2359/2359 2360/2360/2360
f 850/850/850 2361/2361/2361 2362/2362/2362
f 850/850/850 2362/2362/2362 2363/2363/2363
f 851/851/851 2364/2364/2364 2365/2365/2365
f 851/851/851 2365/2365/2365 2366/2366/2366
f 855/855/855 2367/2367/2367 2368/2368/2368
f 855/855/855 2368/2368/2368 2369/2369/2369
f 856/856/856 2370/2370/2370 2371/2371/2371
f 856/856/856 2371/2371/2371 2372/2372/2372
f 860/860/860 2373/2373/2373 2374/2374/2374
f 860/860/860 2374/2374/2374 2375/2375/2375
f 859/859/859 2376/2376/2376 2377/2377/2377
f 859/859/859 2377/2377/2377 2378/2378/2378
f 864/864/864 2379/2379/2379 2380/2380/2380
f 864/864/864 2380/2380/2380 2381/2381/2381
f 863/863/863 2382/2382/2382 2383/2383/2383
f 863/863/863 2383/2383/2383 2384/2384/2384
f 866/866/866 2385/2385/2385 2386/2386/2386
f 866/866/866 2386/2386/2386 2387/2387/2387
f 867/867/867 2388/2388/2388 2389/2389/2389
f 867/867/867 2389/2389/2389 2390/2390/2390
f 872/872/872 2391/2391/2391 2392/2392/2392
f 872/872/872 2392/2392/2392 2393/2393/2393
f 871/871/871 2394/2394/2394 2395/2395/2395
f 871/871/871 2395/2395/2395 2396/2396/2396
f 873/873/873 2397/2397/2397 2398/2398/2398
f 873/873/873 2398/2398/2398 2399/2399/2399
f 874/874/874 2400/2400/2400 2401/2401/2401
f 874/874/874 2401/2401/2401 2402/2402/2402
f 879/879/879 2403/2403/2403 2404/2404/2404
f 879/879/879 2404/2404/2404 2405/2405/2405
f 880/880/880 2406/2406/2406 2407/2407/2407
f 880/880/880 2407/2407/2407 2408/2408/2408
f 882/882/882 2409/2409/2409 2410/2410/2410
f 882/882/882 2410/2410/2410 2411/2411/2411
f 883/883/883 2412/2412/2412 2413/2413/2413
f 883/883/883 2413/2413/2413 2414/2414/2414
f 888/888/888 2415/2415/2415 2416/2416/2416
f 888/888/888 2416/2416/2416 2417/2417/2417
f 887/887/887 2418/2418/2418 2419/2419/2419
f 887/887/887 2419/2419/2419 2420/2420/2420
f 892/892/892 2421/2421/2421 2422/2422/2422
f 892/892/892 2422/2422/2422 2423/2423/2423
f 891/891/891 2424/2424/2424 2425/2425/2425
f 891/891/891 2425/2425/2425 2426/2426/2426
f 896/896/896 2427/2427/2427 2428/2428/2428
f 896/896/896 2428/2428/2428 2429/2429/2429
f 895/895/895 2430/2430/2430 2431/2431/2431
f 895/895/895 2431/2431/2431 2432/2432/2432
f 898/898/898 2433/2433/2433 1524/1524/1524
f 898/898/898 1524/1524/1524 1523/1523/1523
f 899/899/899 1522/1522/1522 1521/1521/1521
f 899/899/899 1521/1521/1521 2434/2434/2434
f 904/904/904 2435/2435/2435 2436/2436/2436
f 904/904/904 2436/2436/2436 2437/2437/2437
f 903/903/903 2438/2438/2438 2439/2439/2439
f 903/903/903 2439/2439/2439 2440/2440/2440
f 908/908/908 2441/2441/2441 2442/2442/2442
f 908/908/908 2442/2442/2442 2443/2443/2443
f 907/907/907 2444/2444/2444 2445/2445/2445
f 907/907/907 2445/2445/2445 2446/2446/2446
f 911/911/911 2447/2447/2447 1506/1506/1506
f 911/911/911 1506/1506/1506 1505/1505/1505
f 912/912/912 1516/1516/1516 1515/1515/1515
f 912/912/912 1515/1515/1515 2448/2448/2448
f 914/914/914 2449/2449/2449 2450/2450/2450
f 914/914/914 2450/2450/2450 2451/2451/2451
f 915/915/915 2452/2452/2452 2453/2453/2453
f 915/915/915 2453/2453/2453 2454/2454/2454
f 920/920/920 2455/2455/2455 2456/2456/2456
f 920/920/920 2456/2456/2456 2457/2457/2457
f 919/919/919 2458/2458/2458 2459/2459/2459
f 919/919/919 2459/2459/2459 2460/2460/2460
f 921/921/921 2461/2461/2461 2462/2462/2462
f 921/921/921 2462/2462/2462 2463/2463/2463
f 922/922/922 2464/2464/2464 2465/2465/2465
f 922/922/922 2465/2465/2465 2466/2466/2466
f 927/927/927 2467/2467/2467 2468/2468/2468
f 927/927/927 2468/2468/2468 2469/2469/2469
f 928/928/928 2470/2470/2470 2471/2471/2471
f 928/928/928 2471/2471/2471 2472/2472/2472
f 930/930/930 2473/2473/2473 2474/2474/2474
f 930/930/930 2474/2474/2474 2475/2475/2475
f 931/931/931 2476/2476/2476 2477/2477/2477
f 931/931/931 2477/2477/2477 2478/2478/2478
f 936/936/936 2479/2479/2479 2480/2480/2480
f 936/936/936 2480/2480/2480 2481/2481/2481
f 935/935/935 2482/2482/2482 2483/2483/2483
f 935/935/935 2483/2483/2483 2484/2484/2484
f 937/937/937 2485/2485/2485 2486/2486/2486
f 937/937/937 2486/2486/2486 2487/2487/2487
f 938/938/938 2488/2488/2488 2489/2489/2489
f 938/938/938 2489/2489/2489 2490/2490/2490
f 943/943/943 2491/2491/2491 2492/2492/2492
f 943/943/943 2492/2492/2492 2493/2493/2493
f 944/944/944 2494/2494/2494 2495/2495/2495
f 944/944/944 2495/2495/2495 2496/2496/2496
f 946/946/946 2497/2497/2497 2498/2498/2498
f 946/946/946 2498/2498/2498 2499/2499/2499
f 947/947/947 2500/2500/2500 2501/2501/2501
f 947/947/947 2501/2501/2501 2502/2502/2502
f 952/952/952 2503/2503/2503 2504/2504/2504
f 952/952/952 2504/2504/2504 2505/2505/2505
f 951/951/951 2506/2506/2506 2507/2507/2507
f 951/951/951 2507/2507/2507 2508/2508/2508
f 953/953/953 2509/2509/2509 2510/2510/2510
f 953/953/953 2510/2510/2510 2511/2511/2511
f 954/954/954 2512/2512/2512 2513/2513/2513
f 954/954/954 2513/2513/2513 2514/2514/2514
f 959/959/959 2515/2515/2515 2516/2516/2516
f 959/959/959 2516/2516/2516 2517/2517/2517
f 960/960/960 2518/2518/2518 2519/2519/2519
f 960/960/960 2519/2519/2519 2520/2520/2520
f 962/962/962 2521/2521/2521 2522/2522/2522
f 962/962/962 2522/2522/2522 2523/2523/2523
f 963/963/963 2524/2524/2524 2525/2525/2525
f 963/963/963 2525/2525/2525 2526/2526/2526
f 968/968/968 2527/2527/2527 2528/2528/2528
f 968/968/968 2528/2528/2528 2529/2529/2529
f 967/967/967 2530/2530/2530 2531/2531/2531
f 967/967/967 2531/2531/2531 2532/2532/2532
f 970/970/970 2533/2533/2533 2534/2534/2534
f 970/970/970 2534/2534/2534 2535/2535/2535
f 971/971/971 2536/2536/2536 2537/2537/2537
f 971/971/971 2537/2537/2537 2538/2538/2538
f 976/976/976 2539/2539/2539 2540/2540/2540
f 976/976/976 2540/2540/2540 2541/2541/2541
f 975/975/975 2542/2542/2542 2543/2543/2543
f 975/975/975 2543/2543/2543 2544/2544/2544
f 1/1/1 4/4/4 979/979/979
f 1/1/1 979/979/979 980/980/980
f 2/2/2 1/1/1 982/982/982
f 2/2/2 982/982/982 983/983/983
f 3/3/3 2/2/2 985/985/985
f 3/3/3 985/985/985 986/986/986
f 4/4/4 3/3/3 988/988/988
f 4/4/4 988/988/988 977/977/977
f 5/5/5 8/8/8 991/991/991
f 5/5/5 991/991/991 992/992/992
f 6/6/6 5/5/5 994/994/994
f 6/6/6 994/994/994 995/995/995
f 7/7/7 6/6/6 997/997/997
f 7/7/7 997/997/997 998/998/998
f 8/8/8 7/7/7 1000/1000/1000
f 8/8/8 1000/1000/1000 989/989/989
f 9/9/9 12/12/12 1003/1003/1003
f 9/9/9 1003/1003/1003 1004/1004/1004
f 10/10/10 9/9/9 1006/1006/1006
f 10/10/10 1006/1006/1006 1007/1007/1007
f 11/11/11 10/10/10 1009/1009/1009
f 11/11/11 1009/1009/1009 1010/1010/1010
f 12/12/12 11/11/11 1012/1012/1012
f 12/12/12 1012/1012/1012 1001/1001/1001
f 13/13/13 16/16/16 1015/1015/1015
f 13/13/13 1015/1015/1015 1016/1016/1016
f 14/14/14 13/13/13 1018/1018/1018
f 14/14/14 1018/1018/1018 1019/1019/1019
f 15/15/15 14/14/14 1021/1021/1021
f 15/15/15 1021/1021/1021 1022/1022/1022
f 16/16/16 15/15/15 1024/1024/1024
f 16/16/16 1024/1024/1024 1013/1013/1013
f 17/17/17 20/20/20 1027/1027/1027
f 17/17/17 1027/1027/1027 1028/1028/1028
f 18/18/18 17/17/17 1030/1030/1030
f 18/18/18 1030/1030/1030 1031/1031/1031
f 19/19/19 18/18/18 1033/1033/1033
f 19/19/19 1033/1033/1033 1034/1034/1034
f 20/20/20 19/19/19 1036/1036/1036
f 20/20/20 1036/1036/1036 1025/1025/1025
f 21/21/21 24/24/24 1039/1039/1039
f 21/21/21 1039/1039/1039 1040/1040/1040
f 22/22/22 21/21/21 1042/1042/1042
f 22/22/22 1042/1042/1042 1043/1043/1043
f 23/23/23 22/22/22 1045/1045/1045
f 23/23/23 1045/1045/1045 1046/1046/1046
f 24/24/24 23/23/23 1048/1048/1048
f 24/24/24 1048/1048/1048 1037/1037/1037
f 25/25/25 28/28/28 1051/1051/1051
f 25/25/25 1051/1051/1051 1052/1052/1052
f 26/26/26 25/25/25 1054/1054/1054
f 26/26/26 1054/1054/1054 1055/1055/1055
f 27/27/27 26/26/26 1057/1057/1057
f 27/27/27 1057/1057/1057 1058/1058/1058
f 28/28/28 27/27/27 1060/1060/1060
f 28/28/28 1060/1060/1060 1049/1049/1049
f 29/29/29 32/32/32 1063/1063/1063
f 29/29/29 1063/1063/1063 1064/1064/1064
f 30/30/30 29/29/29 1066/1066/1066
f 30/30/30 1066/1066/1066 1067/1067/1067
f 31/31/31 30/30/30 1069/1069/1069
f 31/31/31 1069/1069/1069 1070/1070/1070
f 32/32/32 31/31/31 1072/1072/1072
f 32/32/32 1072/1072/1072 1061/1061/1061
f 33/33/33 36/36/36 1075/1075/1075
f 33/33/33 1075/1075/1075 1076/1076/1076
f 34/34/34 33/33/33 1078/1078/1078
f 34/34/34 1078/1078/1078 1079/1079/1079
f 35/35/35 34/34/34 1081/1081/1081
f 35/35/35 1081/1081/1081 1082/1082/1082
f 36/36/36 35/35/35 1084/1084/1084
f 36/36/36 1084/1084/1084 1073/1073/1073
f 37/37/37 40/40/40 1087/1087/1087
f 37/37/37 1087/1087/1087 1088/1088/1088
f 38/38/38 37/37/37 1090/1090/1090
f 38/38/38 1090/1090/1090 1091/1091/1091
f 39/39/39 38/38/38 1093/1093/1093
f 39/39/39 1093/1093/1093 1094/1094/1094
f 40/40/40 39/39/39 1096/1096/1096
f 40/40/40 1096/1096/1096 1085/1085/1085
f 41/41/41 44/44/44 1099/1099/1099
f 41/41/41 1099/1099/1099 1100/1100/1100
f 42/42/42 41/41/41 1102/1102/1102
f 42/42/42 1102/1102/1102 1103/1103/1103
f 43/43/43 42/42/42 1105/1105/1105
f 43/43/43 1105/1105/1105 1106/1106/1106
f 44/44/44 43/43/43 1108/1108/1108
f 44/44/44 1108/1108/1108 1097/1097/1097
f 45/45/45 48/48/48 1111/1111/1111
f 45/45/45 1111/1111/1111 1112/1112/1112
f 46/46/46 45/45/45 1114/1114/1114
f 46/46/46 1114/1114/1114 1115/1115/1115
f 47/47/47 46/46/46 1117/1117/1117
f 47/47/47 1117/1117/1117 1118/1118/1118
f 48/48/48 47/47/47 1120/1120/1120
f 48/48/48 1120/1120/1120 1109/1109/1109
f 49/49/49 52/52/52 1123/1123/1123
f 49/49/49 1123/1123/1123 1124/1124/1124
f 50/50/50 49/49/49 1126/1126/1126
f 50/50/50 1126/1126/1126 1127/1127/1127
f 51/51/51 50/50/50 1129/1129/1129
f 51/51/51 1129/1129/1129 1130/1130/1130
f 52/52/52 51/51/51 1132/1132/1132
f 52/52/52 1132/1132/1132 1121/1121/1121
f 53/53/53 56/56/56 1135/1135/1135
f 53/53/53 1135/1135/1135 1136/1136/1136
f 54/54/54 53/53/53 1138/1138/1138
f 54/54/54 1138/1138/1138 1139/1139/1139
f 55/55/55 54/54/54 1141/1141/1141
f 55/55/55 1141/1141/1141 1142/1142/1142
f 56/56/56 55/55/55 1144/1144/1144
f 56/56/56 1144/1144/1144 1133/1133/1133
f 57/57/57 60/60/60 1147/1147/1147
f 57/57/57 1147/1147/1147 1148/1148/1148
f 58/58/58 57/57/57 1150/1150/1150
f 58/58/58 1150/1150/1150 1151/1151/1151
f 59/59/59 58/58/58 1153/1153/1153
f 59/59/59 1153/1153/1153 1154/1154/1154
f 60/60/60 59/59/59 1156/1156/1156
f 60/60/60 1156/1156/1156 1145/1145/1145
f 61/61/61 64/64/64 1159/1159/1159
f 61/61/61 1159/1159/1159 1160/1160/1160
f 62/62/62 61/61/61 1162/1162/1162
f 62/62/62 1162/1162/1162 1163/1163/1163
f 63/63/63 62/62/62 1165/1165/1165
f 63/63/63 1165/1165/1165 1166/1166/1166
f 64/64/64 63/63/63 1168/1168/1168
f 64/64/64 1168/1168/1168 1157/1157/1157
f 65/65/65 68/68/68 1171/1171/1171
f 65/65/65 1171/1171/1171 1172/1172/1172
f 66/66/66 65/65/65 1174/1174/1174
f 66/66/66 1174/1174/1174 1175/1175/1175
f 67/67/67 66/66/66 1177/1177/1177
f 67/67/67 1177/1177/1177 1178/1178/1178
f 68/68/68 67/67/67 1180/1180/1180
f 68/68/68 1180/1180/1180 1169/1169/1169
f 69/69/69 72/72/72 1183/1183/1183
f 69/69/69 1183/1183/1183 1184/1184/1184
f 70/70/70 69/69/69 1186/1186/1186
f 70/70/70 1186/1186/1186 1187/1187/1187
f 71/71/71 70/70/70 1189/1189/1189
f 71/71/71 1189/1189/1189 1190/1190/1190
f 72/72/72 71/71/71 1192/1192/1192
f 72/72/72 1192/1192/1192 1181/1181/1181
f 73/73/73 76/76/76 1195/1195/1195
f 73/73/73 1195/1195/1195 1196/1196/1196
f 74/74/74 73/73/73 1198/1198/1198
f 74/74/74 1198/1198/1198 1199/1199/1199
f 75/75/75 74/74/74 1201/1201/1201
f 75/75/75 1201/1201/1201 1202/1202/1202
f 76/76/76 75/75/75 1204/1204/1204
f 76/76/76 1204/1204/1204 1193/1193/1193
f 77/77/77 80/80/80 1207/1207/1207
f 77/77/77 1207/1207/1207 1208/1208/1208
f 78/78/78 77/77/77 1210/1210/1210
f 78/78/78 1210/1210/1210 1211/1211/1211
f 79/79/79 78/78/78 1213/1213/1213
f 79/79/79 1213/1213/1213 1214/1214/1214
f 80/80/80 79/79/79 1216/1216/1216
f 80/80/80 1216/1216/1216 1205/1205/1205
f 81/81/81 84/84/84 1219/1219/1219
f 81/81/81 1219/1219/1219 1220/1220/1220
f 82/82/82 81/81/81 1222/1222/1222
f 82/82/82 1222/1222/1222 1223/1223/1223
f 83/83/83 82/82/82 1225/1225/1225
f 83/83/83 1225/1225/1225 1226/1226/1226
f 84/84/84 83/83/83 1228/1228/1228
f 84/84/84 1228/1228/1228 1217/1217/1217
f 85/85/85 88/88/88 1231/1231/1231
f 85/85/85 1231/1231/1231 1232/1232/1232
f 86/86/86 85/85/85 1234/1234/1234
f 86/86/86 1234/1234/1234 1235/1235/1235
f 87/87/87 86/86/86 1237/1237/1237
f 87/87/87 1237/1237/1237 1238/1238/1238
f 88/88/88 87/87/87 1240/1240/1240
f 88/88/88 1240/1240/1240 1229/1229/1229
f 89/89/89 92/92/92 1243/1243/1243
f 89/89/89 1243/1243/1243 1244/1244/1244
f 90/90/90 89/89/89 1246/1246/1246
f 90/90/90 1246/1246/1246 1247/1247/1247
f 91/91/91 90/90/90 1249/1249/1249
f 91/91/91 1249/1249/1249 1250/1250/1250
f 92/92/92 91/91/91 1252/1252/1252
f 92/92/92 1252/1252/1252 1241/1241/1241
f 93/93/93 96/96/96 1255/1255/1255
f 93/93/93 1255/1255/1255 1256/1256/1256
f 94/94/94 93/93/93 1258/1258/1258
f 94/94/94 1258/1258/1258 1259/1259/1259
f 95/95/95 94/94/94 1261/1261/1261
f 95/95/95 1261/1261/1261 1262/1262/1262
f 96/96/96 95/95/95 1264/1264/1264
f 96/96/96 1264/1264/1264 1253/1253/1253
f 97/97/97 100/100/100 1267/1267/1267
f 97/97/97 1267/1267/1267 1268/1268/1268
f 98/98/98 97/97/97 1270/1270/1270
f 98/98/98 1270/1270/1270 1271/1271/1271
f 99/99/99 98/98/98 1273/1273/1273
f 99/99/99 1273/1273/1273 1274/1274/1274
f 100/100/100 99/99/99 1276/1276/1276
f 100/100/100 1276/1276/1276 1265/1265/1265
f 101/101/101 104/104/104 1279/1279/1279
f 101/101/101 1279/1279/1279 1280/1280/1280
f 102/102/102 101/101/101 1282/1282/1282
f 102/102/102 1282/1282/1282 1283/1283/1283
f 103/103/103 102/102/102 1285/1285/1285
f 103/103/103 1285/1285/1285 1286/1286/1286
f 104/104/104 103/103/103 1288/1288/1288
f 104/104/104 1288/1288/1288 1277/1277/1277
f 105/105/105 108/108/108 1291/1291/1291
f 105/105/105 1291/1291/1291 1292/1292/1292
f 106/106/106 105/105/105 1294/1294/1294
f 106/106/106 1294/1294/1294 1295/1295/1295
f 107/107/107 106/106/106 1297/1297/1297
f 107/107/107 1297/1297/1297 1298/1298/1298
f 108/108/108 107/107/107 1300/1300/1300
f 108/108/108 1300/1300/1300 1289/1289/1289
f 109/109/109 112/112/112 1303/1303/1303
f 109/109/109 1303/1303/1303 1304/1304/1304
f 110/110/110 109/109/109 1306/1306/1306
f 110/110/110 1306/1306/1306 1307/1307/1307
f 111/111/111 110/110/110 1309/1309/1309
f 111/111/111 1309/1309/1309 1310/1310/1310
f 112/112/112 111/111/111 1312/1312/1312
f 112/112/112 1312/1312/1312 1301/1301/1301
f 113/113/113 116/116/116 1315/1315/1315
f 113/113/113 1315/1315/1315 1316/1316/1316
f 114/114/114 113/113/113 1318/1318/1318
f 114/114/114 1318/1318/1318 1319/1319/1319
f 115/115/115 114/114/114 1321/1321/1321
f 115/115/115 1321/1321/1321 1322/1322/1322
f 116/116/116 115/115/115 1324/1324/1324
f 116/116/116 1324/1324/1324 1313/1313/1313
f 117/117/117 120/120/120 1327/1327/1327
f 117/117/117 1327/1327/1327 1328/1328/1328
f 118/118/118 117/117/117 1330/1330/1330
f 118/118/118 1330/1330/1330 1331/1331/1331
f 119/119/119 118/118/118 1333/1333/1333
f 119/119/119 1333/1333/1333 1334/1334/1334
f 120/120/120 119/119/119 1336/1336/1336
f 120/120/120 1336/1336/1336 1325/1325/1325
f 121/121/121 124/124/124 1339/1339/1339
f 121/121/121 1339/1339/1339 1340/1340/1340
f 122/122/122 121/121/121 1342/1342/1342
f 122/122/122 1342/1342/1342 1343/1343/1343
f 123/123/123 122/122/122 1345/1345/1345
f 123/123/123 1345/1345/1345 1346/1346/1346
f 124/124/124 123/123/123 1348/1348/1348
f 124/124/124 1348/1348/1348 1337/1337/1337
f 125/125/125 128/128/128 1351/1351/1351
f 125/125/125 1351/1351/1351 1352/1352/1352
f 126/126/126 125/125/125 1354/1354/1354
f 126/126/126 1354/1354/1354 1355/1355/1355
f 127/127/127 126/126/126 1357/1357/1357
f 127/127/127 1357/1357/1357 1358/1358/1358
f 128/128/128 127/127/127 1360/1360/1360
f 128/128/128 1360/1360/1360 1349/1349/1349
f 129/129/129 132/132/132 1363/1363/1363
f 129/129/129 1363/1363/1363 1364/1364/1364
f 130/130/130 129/129/129 1366/1366/1366
f 130/130/130 1366/1366/1366 1367/1367/1367
f 131/131/131 130/130/130 1369/1369/1369
f 131/131/131 1369/1369/1369 1370/1370/1370
f 132/132/132 131/131/131 1372/1372/1372
f 132/132/132 1372/1372/1372 1361/1361/1361
f 133/133/133 136/136/136 1375/1375/1375
f 133/133/133 1375/1375/1375 1376/1376/1376
f 134/134/134 133/133/133 1378/1378/1378
f 134/134/134 1378/1378/1378 1379/1379/1379
f 135/135/135 134/134/134 1381/1381/1381
f 135/135/135 1381/1381/1381 1382/1382/1382
f 136/136/136 135/135/135 1384/1384/1384
f 136/136/136 1384/1384/1384 1373/1373/1373
f 137/137/137 140/140/140 1387/1387/1387
f 137/137/137 1387/1387/1387 1388/1388/1388
f 138/138/138 137/137/137 1390/1390/1390
f 138/138/138 1390/1390/1390 1391/1391/1391
f 139/139/139 138/138/138 1393/1393/1393
f 139/139/139 1393/1393/1393 1394/1394/1394
f 140/140/140 139/139/139 1396/1396/1396
f 140/140/140 1396/1396/1396 1385/1385/1385
f 141/141/141 144/144/144 1399/1399/1399
f 141/141/141 1399/1399/1399 1400/1400/1400
f 142/142/142 141/141/141 1402/1402/1402
f 142/142/142 1402/1402/1402 1403/1403/1403
f 143/143/143 142/142/142 1405/1405/1405
f 143/143/143 1405/1405/1405 1406/1406/1406
f 144/144/144 143/143/143 1408/1408/1408
f 144/144/144 1408/1408/1408 1397/1397/1397
f 145/145/145 148/148/148 2545/2545/2545
f 145/145/145 2545/2545/2545 2546/2546/2546
f 147/147/147 146/146/146 2547/2547/2547
f 147/147/147 2547/2547/2547 2548/2548/2548
f 149/149/149 152/152/152 2549/2549/2549
f 149/149/149 2549/2549/2549 2550/2550/2550
f 151/151/151 150/150/150 2551/2551/2551
f 151/151/151 2551/2551/2551 2552/2552/2552
f 153/153/153 156/156/156 2553/2553/2553
f 153/153/153 2553/2553/2553 2554/2554/2554
f 155/155/155 154/154/154 2555/2555/2555
f 155/155/155 2555/2555/2555 2556/2556/2556
f 157/157/157 160/160/160 2557/2557/2557
f 157/157/157 2557/2557/2557 2558/2558/2558
f 159/159/159 158/158/158 2559/2559/2559
f 159/159/159 2559/2559/2559 2560/2560/2560
f 161/161/161 164/164/164 2561/2561/2561
f 161/161/161 2561/2561/2561 2562/2562/2562
f 163/163/163 162/162/162 2563/2563/2563
f 163/163/163 2563/2563/2563 2564/2564/2564
f 165/165/165 168/168/168 2565/2565/2565
f 165/165/165 2565/2565/2565 2566/2566/2566
f 167/167/167 166/166/166 2567/2567/2567
f 167/167/167 2567/2567/2567 2568/2568/2568
f 169/169/169 172/172/172 2569/2569/2569
f 169/169/169 2569/2569/2569 2570/2570/2570
f 171/171/171 170/170/170 2571/2571/2571
f 171/171/171 2571/2571/2571 2572/2572/2572
f 173/173/173 176/176/176 2573/2573/2573
f 173/173/173 2573/2573/2573 2574/2574/2574
f 175/175/175 174/174/174 2575/2575/2575
f 175/175/175 2575/2575/2575 2576/2576/2576
f 177/177/177 180/180/180 2577/2577/2577
f 177/177/177 2577/2577/2577 2578/2578/2578
f 179/179/179 178/178/178 2579/2579/2579
f 179/179/179 2579/2579/2579 2580/2580/2580
f 181/181/181 184/184/184 2581/2581/2581
f 181/181/181 2581/2581/2581 2582/2582/2582
f 183/183/183 182/182/182 2583/2583/2583
f 183/183/183 2583/2583/2583 2584/2584/2584
f 185/185/185 188/188/188 2585/2585/2585
f 185/185/185 2585/2585/2585 2586/2586/2586
f 187/187/187 186/186/186 2587/2587/2587
f 187/187/187 2587/2587/2587 2588/2588/2588
f 189/189/189 192/192/192 2589/2589/2589
f 189/189/189 2589/2589/2589 2590/2590/2590
f 191/191/191 190/190/190 2591/2591/2591
f 191/191/191 2591/2591/2591 2592/2592/2592
f 193/193/193 196/196/196 2593/2593/2593
f 193/193/193 2593/2593/2593 2594/2594/2594
f 195/195/195 194/194/194 2595/2595/2595
f 195/195/195 2595/2595/2595 2596/2596/2596
f 197/197/197 200/200/200 2597/2597/2597
f 197/197/197 2597/2597/2597 2598/2598/2598
f 199/199/199 198/198/198 2599/2599/2599
f 199/199/199 2599/2599/2599 2600/2600/2600
f 201/201/201 204/204/204 2601/2601/2601
f 201/201/201 2601/2601/2601 2602/2602/2602
f 203/203/203 202/202/202 2603/2603/2603
f 203/203/203 2603/2603/2603 2604/2604/2604
f 205/205/205 208/208/208 2605/2605/2605
f 205/205/205 2605/2605/2605 2606/2606/2606
f 207/207/207 206/206/206 2607/2607/2607
f 207/207/207 2607/2607/2607 2608/2608/2608
f 209/209/209 212/212/212 2609/2609/2609
f 209/209/209 2609/2609/2609 2610/2610/2610
f 211/211/211 210/210/210 2611/2611/2611
f 211/211/211 2611/2611/2611 2612/2612/2612
f 213/213/213 216/216/216 2613/2613/2613
f 213/213/213 2613/2613/2613 2614/2614/2614
f 215/215/215 214/214/214 2615/2615/2615
f 215/215/215 2615/2615/2615 2616/2616/2616
f 217/217/217 220/220/220 2617/2617/2617
f 217/217/217 2617/2617/2617 2618/2618/2618
f 219/219/219 218/218/218 2619/2619/2619
f 219/219/219 2619/2619/2619 2620/2620/2620
f 221/221/221 224/224/224 2621/2621/2621
f 221/221/221 2621/2621/2621 2622/2622/2622
f 223/223/223 222/222/222 2623/2623/2623
f 223/223/223 2623/2623/2623 2624/2624/2624
f 225/225/225 228/228/228 2625/2625/2625
f 225/225/225 2625/2625/2625 2626/2626/2626
f 227/227/227 226/226/226 2627/2627/2627
f 227/227/227 2627/2627/2627 2628/2628/2628
f 229/229/229 232/232/232 2629/2629/2629
f 229/229/229 2629/2629/2629 2630/2630/2630
f 231/231/231 230/230/230 2631/2631/2631
f 231/231/231 2631/2631/2631 2632/2632/2632
f 233/233/233 236/236/236 2633/2633/2633
f 233/233/233 2633/2633/2633 2634/2634/2634
f 235/235/235 234/234/234 2635/2635/2635
f 235/235/235 2635/2635/2635 2636/2636/2636
f 237/237/237 240/240/240 2637/2637/2637
f 237/237/237 2637/2637/2637 2638/2638/2638
f 239/239/239 238/238/238 2639/2639/2639
f 239/239/239 2639/2639/2639 2640/2640/2640
f 241/241/241 244/244/244 2641/2641/2641
f 241/241/241 2641/2641/2641 2642/2642/2642
f 243/243/243 242/242/242 2643/2643/2643
f 243/243/243 2643/2643/2643 2644/2644/2644
f 245/245/245 248/248/248 2645/2645/2645
f 245/245/245 2645/2645/2645 2646/2646/2646
f 247/247/247 246/246/246 2647/2647/2647
f 247/247/247 2647/2647/2647 2648/2648/2648
f 249/249/249 252/252/252 2649/2649/2649
f 249/249/249 2649/2649/2649 2650/2650/2650
f 251/251/251 250/250/250 2651/2651/2651
f 251/251/251 2651/2651/2651 2652/2652/2652
f 253/253/253 256/256/256 2653/2653/2653
f 253/253/253 2653/2653/2653 2654/2654/2654
f 255/255/255 254/254/254 2655/2655/2655
f 255/255/255 2655/2655/2655 2656/2656/2656
f 257/257/257 260/260/260 2657/2657/2657
f 257/257/257 2657/2657/2657 2658/2658/2658
f 259/259/259 258/258/258 2659/2659/2659
f 259/259/259 2659/2659/2659 2660/2660/2660
f 261/261/261 264/264/264 2661/2661/2661
f 261/261/261 2661/2661/2661 2662/2662/2662
f 263/263/263 262/262/262 2663/2663/2663
f 263/263/263 2663/2663/2663 2664/2664/2664
f 265/265/265 268/268/268 2665/2665/2665
f 265/265/265 2665/2665/2665 2666/2666/2666
f 267/267/267 266/266/266 2667/2667/2667
f 267/267/267 2667/2667/2667 2668/2668/2668
f 269/269/269 272/272/272 2669/2669/2669
f 269/269/269 2669/2669/2669 2670/2670/2670
f 271/271/271 270/270/270 2671/2671/2671
f 271/271/271 2671/2671/2671 2672/2672/2672
f 273/273/273 276/276/276 2673/2673/2673
f 273/273/273 2673/2673/2673 2674/2674/2674
f 275/275/275 274/274/274 2675/2675/2675
f 275/275/275 2675/2675/2675 2676/2676/2676
f 277/277/277 280/280/280 2677/2677/2677
f 277/277/277 2677/2677/2677 2678/2678/2678
f 279/279/279 278/278/278 2679/2679/2679
f 279/279/279 2679/2679/2679 2680/2680/2680
f 281/281/281 284/284/284 2681/2681/2681
f 281/281/281 2681/2681/2681 2682/2682/2682
f 283/283/283 282/282/282 2683/2683/2683
f 283/283/283 2683/2683/2683 2684/2684/2684
f 285/285/285 288/288/288 2685/2685/2685
f 285/285/285 2685/2685/2685 2686/2686/2686
f 287/287/287 286/286/286 2687/2687/2687
f 287/287/287 2687/2687/2687 2688/2688/2688
f 289/289/289 292/292/292 2689/2689/2689
f 289/289/289 2689/2689/2689 2690/2690/2690
f 291/291/291 290/290/290 2691/2691/2691
f 291/291/291 2691/2691/2691 2692/2692/2692
f 293/293/293 296/296/296 2693/2693/2693
f 293/293/293 2693/2693/2693 2694/2694/2694
f 295/295/295 294/294/294 2695/2695/2695
f 295/295/295 2695/2695/2695 2696/2696/2696
f 297/297/297 300/300/300 2697/2697/2697
f 297/297/297 2697/2697/2697 2698/2698/2698
f 299/299/299 298/298/298 2699/2699/2699
f 299/299/299 2699/2699/2699 2700/2700/2700
f 301/301/301 304/304/304 2701/2701/2701
f 301/301/301 2701/2701/2701 2702/2702/2702
f 303/303/303 302/302/302 2703/2703/2703
f 303/303/303 2703/2703/2703 2704/2704/2704
f 305/305/305 308/308/308 2705/2705/2705
f 305/305/305 2705/2705/2705 2706/2706/2706
f 307/307/307 306/306/306 2707/2707/2707
f 307/307/307 2707/2707/2707 2708/2708/2708
f 309/309/309 312/312/312 2709/2709/2709
f 309/309/309 2709/2709/2709 2710/2710/2710
f 311/311/311 310/310/310 2711/2711/2711
f 311/311/311 2711/2711/2711 2712/2712/2712
f 313/313/313 316/316/316 2713/2713/2713
f 313/313/313 2713/2713/2713 2714/2714/2714
f 315/315/315 314/314/314 2715/2715/2715
f 315/315/315 2715/2715/2715 2716/2716/2716
f 317/317/317 320/320/320 2717/2717/2717
f 317/317/317 2717/2717/2717 2718/2718/2718
f 319/319/319 318/318/318 2719/2719/2719
f 319/319/319 2719/2719/2719 2720/2720/2720
f 321/321/321 324/324/324 2721/2721/2721
f 321/321/321 2721/2721/2721 2722/2722/2722
f 323/323/323 322/322/322 2723/2723/2723
f 323/323/323 2723/2723/2723 2724/2724/2724
f 325/325/325 328/328/328 2725/2725/2725
f 325/325/325 2725/2725/2725 2726/2726/2726
f 327/327/327 326/326/326 2727/2727/2727
f 327/327/327 2727/2727/2727 2728/2728/2728
f 329/329/329 332/332/332 2729/2729/2729
f 329/329/329 2729/2729/2729 2730/2730/2730
f 331/331/331 330/330/330 2731/2731/2731
f 331/331/331 2731/2731/2731 2732/2732/2732
f 333/333/333 336/336/336 2733/2733/2733
f 333/333/333 2733/2733/2733 2734/2734/2734
f 335/335/335 334/334/334 2735/2735/2735
f 335/335/335 2735/2735/2735 2736/2736/2736
f 337/337/337 340/340/340 1411/1411/1411
f 337/337/337 1411/1411/1411 1412/1412/1412
f 338/338/338 337/337/337 1414/1414/1414
f 338/338/338 1414/1414/1414 1415/1415/1415
f 339/339/339 338/338/338 1417/1417/1417
f 339/339/339 1417/1417/1417 1418/1418/1418
f 340/340/340 339/339/339 1420/1420/1420
f 340/340/340 1420/1420/1420 1409/1409/1409
f 341/341/341 344/344/344 1423/1423/1423
f 341/341/341 1423/1423/1423 1424/1424/1424
f 342/342/342 341/341/341 1426/1426/1426
f 342/342/342 1426/1426/1426 1427/1427/1427
f 343/343/343 342/342/342 1429/1429/1429
f 343/343/343 1429/1429/1429 1430/1430/1430
f 344/344/344 343/343/343 1432/1432/1432
f 344/344/344 1432/1432/1432 1421/1421/1421
f 345/345/345 348/348/348 1435/1435/1435
f 345/345/345 1435/1435/1435 1436/1436/1436
f 346/346/346 345/345/345 1438/1438/1438
f 346/346/346 1438/1438/1438 1439/1439/1439
f 347/347/347 346/346/346 1441/1441/1441
f 347/347/347 1441/1441/1441 1442/1442/1442
f 348/348/348 347/347/347 1444/1444/1444
f 348/348/348 1444/1444/1444 1433/1433/1433
f 349/349/349 352/352/352 1447/1447/1447
f 349/349/349 1447/1447/1447 1448/1448/1448
f 350/350/350 349/349/349 1450/1450/1450
f 350/350/350 1450/1450/1450 1451/1451/1451
f 351/351/351 350/350/350 1453/1453/1453
f 351/351/351 1453/1453/1453 1454/1454/1454
f 352/352/352 351/351/351 1456/1456/1456
f 352/352/352 1456/1456/1456 1445/1445/1445
f 353/353/353 356/356/356 1459/1459/1459
f 353/353/353 1459/1459/1459 1460/1460/1460
f 354/354/354 353/353/353 1462/1462/1462
f 354/354/354 1462/1462/1462 1463/1463/1463
f 355/355/355 354/354/354 1465/1465/1465
f 355/355/355 1465/1465/1465 1466/1466/1466
f 356/356/356 355/355/355 1468/1468/1468
f 356/356/356 1468/1468/1468 1457/1457/1457
f 357/357/357 360/360/360 1471/1471/1471
f 357/357/357 1471/1471/1471 1472/1472/1472
f 358/358/358 357/357/357 1474/1474/1474
f 358/358/358 1474/1474/1474 1475/1475/1475
f 359/359/359 358/358/358 1477/1477/1477
f 359/359/359 1477/1477/1477 1478/1478/1478
f 360/360/360 359/359/359 1480/1480/1480
f 360/360/360 1480/1480/1480 1469/1469/1469
f 361/361/361 364/364/364 1483/1483/1483
f 361/361/361 1483/1483/1483 1484/1484/1484
f 362/362/362 361/361/361 1486/1486/1486
f 362/362/362 1486/1486/1486 1487/1487/1487
f 363/363/363 362/362/362 1489/1489/1489
f 363/363/363 1489/1489/1489 1490/1490/1490
f 364/364/364 363/363/363 1492/1492/1492
f 364/364/364 1492/1492/1492 1481/1481/1481
f 365/365/365 368/368/368 1495/1495/1495
f 365/365/365 1495/1495/1495 1496/1496/1496
f 366/366/366 365/365/365 1498/1498/1498
f 366/366/366 1498/1498/1498 1499/1499/1499
f 367/367/367 366/366/366 1501/1501/1501
f 367/367/367 1501/1501/1501 1502/1502/1502
f 368/368/368 367/367/367 1504/1504/1504
f 368/368/368 1504/1504/1504 1493/1493/1493
f 370/370/370 369/369/369 1507/1507/1507
f 370/370/370 1507/1507/1507 1508/1508/1508
f 371/371/371 370/370/370 1510/1510/1510
f 371/371/371 1510/1510/1510 1511/1511/1511
f 372/372/372 371/371/371 1513/1513/1513
f 372/372/372 1513/1513/1513 1514/1514/1514
f 369/369/369 372/372/372 1516/1516/1516
f 369/369/369 1516/1516/1516 1505/1505/1505
f 373/373/373 376/376/376 1519/1519/1519
f 373/373/373 1519/1519/1519 1520/1520/1520
f 374/374/374 373/373/373 1522/1522/1522
f 374/374/374 1522/1522/1522 1523/1523/1523
f 375/375/375 374/374/374 1525/1525/1525
f 375/375/375 1525/1525/1525 1526/1526/1526
f 376/376/376 375/375/375 1528/1528/1528
f 376/376/376 1528/1528/1528 1517/1517/1517
f 377/377/377 380/380/380 1531/1531/1531
f 377/377/377 1531/1531/1531 1532/1532/1532
f 378/378/378 377/377/377 1534/1534/1534
f 378/378/378 1534/1534/1534 1535/1535/1535
f 379/379/379 378/378/378 1537/1537/1537
f 379/379/379 1537/1537/1537 1538/1538/1538
f 380/380/380 379/379/379 1540/1540/1540
f 380/380/380 1540/1540/1540 1529/1529/1529
f 381/381/381 384/384/384 1543/1543/1543
f 381/381/381 1543/1543/1543 1544/1544/1544
f 382/382/382 381/381/381 1546/1546/1546
f 382/382/382 1546/1546/1546 1547/1547/1547
f 383/383/383 382/382/382 1549/1549/1549
f 383/383/383 1549/1549/1549 1550/1550/1550
f 384/384/384 383/383/383 1552/1552/1552
f 384/384/384 1552/1552/1552 1541/1541/1541
f 385/385/385 388/388/388 1555/1555/1555
f 385/385/385 1555/1555/1555 1556/1556/1556
f 386/386/386 385/385/385 1558/1558/1558
f 386/386/386 1558/1558/1558 1559/1559/1559
f 387/387/387 386/386/386 1561/1561/1561
f 387/387/387 1561/1561/1561 1562/1562/1562
f 388/388/388 387/387/387 1564/1564/1564
f 388/388/388 1564/1564/1564 1553/1553/1553
f 389/389/389 392/392/392 1567/1567/1567
f 389/389/389 1567/1567/1567 1568/1568/1568
f 390/390/390 389/389/389 1570/1570/1570
f 390/390/390 1570/1570/1570 1571/1571/1571
f 391/391/391 390/390/390 1573/1573/1573
f 391/391/391 1573/1573/1573 1574/1574/1574
f 392/392/392 391/391/391 1576/1576/1576
f 392/392/392 1576/1576/1576 1565/1565/1565
f 393/393/393 396/396/396 1579/1579/1579
f 393/393/393 1579/1579/1579 1580/1580/1580
f 394/394/394 393/393/393 1582/1582/1582
f 394/394/394 1582/1582/1582 1583/1583/1583
f 395/395/395 394/394/394 1585/1585/1585
f 395/395/395 1585/1585/1585 1586/1586/1586
f 396/396/396 395/395/395 1588/1588/1588
f 396/396/396 1588/1588/1588 1577/1577/1577
f 397/397/397 400/400/400 1591/1591/1591
f 397/397/397 1591/1591/1591 1592/1592/1592
f 398/398/398 397/397/397 1594/1594/1594
f 398/398/398 1594/1594/1594 1595/1595/1595
f 399/399/399 398/398/398 1597/1597/1597
f 399/399/399 1597/1597/1597 1598/1598/1598
f 400/400/400 399/399/399 1600/1600/1600
f 400/400/400 1600/1600/1600 1589/1589/1589
f 401/401/401 404/404/404 1603/1603/1603
f 401/401/401 1603/1603/1603 1604/1604/1604
f 402/402/402 401/401/401 1606/1606/1606
f 402/402/402 1606/1606/1606 1607/1607/1607
f 403/403/403 402/402/402 1609/1609/1609
f 403/403/403 1609/1609/1609 1610/1610/1610
f 404/404/404 403/403/403 1612/1612/1612
f 404/404/404 1612/1612/1612 1601/1601/1601
f 405/405/405 408/408/408 1615/1615/1615
f 405/405/405 1615/1615/1615 1616/1616/1616
f 406/406/406 405/405/405 1618/1618/1618
f 406/406/406 1618/1618/1618 1619/1619/1619
f 407/407/407 406/406/406 1621/1621/1621
f 407/407/407 1621/1621/1621 1622/1622/1622
f 408/408/408 407/407/407 1624/1624/1624
f 408/408/408 1624/1624/1624 1613/1613/1613
f 409/409/409 412/412/412 1627/1627/1627
f 409/409/409 1627/1627/1627 1628/1628/1628
f 410/410/410 409/409/409 1630/1630/1630
f 410/410/410 1630/1630/1630 1631/1631/1631
f 411/411/411 410/410/410 1633/1633/1633
f 411/411/411 1633/1633/1633 1634/1634/1634
f 412/412/412 411/411/411 1636/1636/1636
f 412/412/412 1636/1636/1636 1625/1625/1625
f 413/413/413 416/416/416 1639/1639/1639
f 413/413/413 1639/1639/1639 1640/1640/1640
f 414/414/414 413/413/413 1642/1642/1642
f 414/414/414 1642/1642/1642 1643/1643/1643
f 415/415/415 414/414/414 1645/1645/1645
f 415/415/415 1645/1645/1645 1646/1646/1646
f 416/416/416 415/415/415 1648/1648/1648
f 416/416/416 1648/1648/1648 1637/1637/1637
f 417/417/417 420/420/420 1651/1651/1651
f 417/417/417 1651/1651/1651 1652/1652/1652
f 418/418/418 417/417/417 1654/1654/1654
f 418/418/418 1654/1654/1654 1655/1655/1655
f 419/419/419 418/418/418 1657/1657/1657
f 419/419/419 1657/1657/1657 1658/1658/1658
f 420/420/420 419/419/419 1660/1660/1660
f 420/420/420 1660/1660/1660 1649/1649/1649
f 421/421/421 424/424/424 1663/1663/1663
f 421/421/421 1663/1663/1663 1664/1664/1664
f 422/422/422 421/421/421 1666/1666/1666
f 422/422/422 1666/1666/1666 1667/1667/1667
f 423/423/423 422/422/422 1669/1669/1669
f 423/423/423 1669/1669/1669 1670/1670/1670
f 424/424/424 423/423/423 1672/1672/1672
f 424/424/424 1672/1672/1672 1661/1661/1661
f 425/425/425 428/428/428 1675/1675/1675
f 425/425/425 1675/1675/1675 1676/1676/1676
f 426/426/426 425/425/425 1678/1678/1678
f 426/426/426 1678/1678/1678 1679/1679/1679
f 427/427/427 426/426/426 1681/1681/1681
f 427/427/427 1681/1681/1681 1682/1682/1682
f 428/428/428 427/427/427 1684/1684/1684
f 428/428/428 1684/1684/1684 1673/1673/1673
f 429/429/429 432/432/432 1687/1687/1687
f 429/429/429 1687/1687/1687 1688/1688/1688
f 430/430/430 429/429/429 1690/1690/1690
f 430/430/430 1690/1690/1690 1691/1691/1691
f 431/431/431 430/430/430 1693/1693/1693
f 431/431/431 1693/1693/1693 1694/1694/1694
f 432/432/432 431/431/431 1696/1696/1696
f 432/432/432 1696/1696/1696 1685/1685/1685
f 433/433/433 436/436/436 1699/1699/1699
f 433/433/433 1699/1699/1699 1700/1700/1700
f 434/434/434 433/433/433 1702/1702/1702
f 434/434/434 1702/1702/1702 1703/1703/1703
f 435/435/435 434/434/434 1705/1705/1705
f 435/435/435 1705/1705/1705 1706/1706/1706
f 436/436/436 435/435/435 1708/1708/1708
f 436/436/436 1708/1708/1708 1697/1697/1697
f 437/437/437 440/440/440 1711/1711/1711
f 437/437/437 1711/1711/1711 1712/1712/1712
f 438/438/438 437/437/437 1714/1714/1714
f 438/438/438 1714/1714/1714 1715/1715/1715
f 439/439/439 438/438/438 1717/1717/1717
f 439/439/439 1717/1717/1717 1718/1718/1718
f 440/440/440 439/439/439 1720/1720/1720
f 440/440/440 1720/1720/1720 1709/1709/1709
f 441/441/441 444/444/444 1723/1723/1723
f 441/441/441 1723/1723/1723 1724/1724/1724
f 442/442/442 441/441/441 1726/1726/1726
f 442/442/442 1726/1726/1726 1727/1727/1727
f 443/443/443 442/442/442 1729/1729/1729
f 443/443/443 1729/1729/1729 1730/1730/1730
f 444/444/444 443/443/443 1732/1732/1732
f 444/444/444 1732/1732/1732 1721/1721/1721
f 445/445/445 448/448/448 1735/1735/1735
f 445/445/445 1735/1735/1735 1736/1736/1736
f 446/446/446 445/445/445 1738/1738/1738
f 446/446/446 1738/1738/1738 1739/1739/1739
f 447/447/447 446/446/446 1741/1741/1741
f 447/447/447 1741/1741/1741 1742/1742/1742
f 448/448/448 447/447/447 1744/1744/1744
f 448/448/448 1744/1744/1744 1733/1733/1733
f 449/449/449 452/452/452 1747/1747/1747
f 449/449/449 1747/1747/1747 1748/1748/1748
f 450/450/450 449/449/449 1750/1750/1750
f 450/450/450 1750/1750/1750 1751/1751/1751
f 451/451/451 450/450/450 1753/1753/1753
f 451/451/451 1753/1753/1753 1754/1754/1754
f 452/452/452 451/451/451 1756/1756/1756
f 452/452/452 1756/1756/1756 1745/1745/1745
f 453/453/453 456/456/456 1759/1759/1759
f 453/453/453 1759/1759/1759 1760/1760/1760
f 454/454/454 453/453/453 1762/1762/1762
f 454/454/454 1762/1762/1762 1763/1763/1763
f 455/455/455 454/454/454 1765/1765/1765
f 455/455/455 1765/1765/1765 1766/1766/1766
f 456/456/456 455/455/455 1768/1768/1768
f 456/456/456 1768/1768/1768 1757/1757/1757
f 457/457/457 460/460/460 1771/1771/1771
f 457/457/457 1771/1771/1771 1772/1772/1772
f 458/458/458 457/457/457 1774/1774/1774
f 458/458/458 1774/1774/1774 1775/1775/1775
f 459/459/459 458/458/458 1777/1777/1777
f 459/459/459 1777/1777/1777 1778/1778/1778
f 460/460/460 459/459/459 1780/1780/1780
f 460/460/460 1780/1780/1780 1769/1769/1769
f 461/461/461 464/464/464 1783/1783/1783
f 461/461/461 1783/1783/1783 1784/1784/1784
f 462/462/462 461/461/461 1786/1786/1786
f 462/462/462 1786/1786/1786 1787/1787/1787
f 463/463/463 462/462/462 1789/1789/1789
f 463/463/463 1789/1789/1789 1790/1790/1790
f 464/464/464 463/463/463 1792/1792/1792
f 464/464/464 1792/1792/1792 1781/1781/1781
f 465/465/465 468/468/468 2737/2737/2737
f 465/465/465 2737/2737/2737 1793/1793/1793
f 466/466/466 465/465/465 1795/1795/1795
f 466/466/466 1795/1795/1795 1796/1796/1796
f 467/467/467 466/466/466 1798/1798/1798
f 467/467/467 1798/1798/1798 2738/2738/2738
f 469/469/469 467/467/467 2738/2738/2738
f 469/469/469 2738/2738/2738 2739/2739/2739
f 468/468/468 470/470/470 2740/2740/2740
f 468/468/468 2740/2740/2740 2737/2737/2737
f 471/471/471 469/469/469 2739/2739/2739
f 471/471/471 2739/2739/2739 1799/1799/1799
f 472/472/472 471/471/471 1801/1801/1801
f 472/472/472 1801/1801/1801 1802/1802/1802
f 470/470/470 472/472/472 1804/1804/1804
f 470/470/470 1804/1804/1804 2740/2740/2740
f 473/473/473 476/476/476 1807/1807/1807
f 473/473/473 1807/1807/1807 2741/2741/2741
f 475/475/475 474/474/474 2742/2742/2742
f 475/475/475 2742/2742/2742 1808/1808/1808
f 476/476/476 475/475/475 1810/1810/1810
f 476/476/476 1810/1810/1810 1805/1805/1805
f 477/477/477 473/473/473 2741/2741/2741
f 477/477/477 2741/2741/2741 2743/2743/2743
f 474/474/474 478/478/478 2744/2744/2744
f 474/474/474 2744/2744/2744 2742/2742/2742
f 479/479/479 477/477/477 2743/2743/2743
f 479/479/479 2743/2743/2743 1811/1811/1811
f 480/480/480 479/479/479 1813/1813/1813
f 480/480/480 1813/1813/1813 1814/1814/1814
f 478/478/478 480/480/480 1816/1816/1816
f 478/478/478 1816/1816/1816 2744/2744/2744
f 481/481/481 484/484/484 1819/1819/1819
f 481/481/481 1819/1819/1819 2745/2745/2745
f 483/483/483 482/482/482 2746/2746/2746
f 483/483/483 2746/2746/2746 1820/1820/1820
f 484/484/484 483/483/483 1822/1822/1822
f 484/484/484 1822/1822/1822 1817/1817/1817
f 485/485/485 481/481/481 2745/2745/2745
f 485/485/485 2745/2745/2745 2747/2747/2747
f 482/482/482 486/486/486 2748/2748/2748
f 482/482/482 2748/2748/2748 2746/2746/2746
f 487/487/487 488/488/488 1825/1825/1825
f 487/487/487 1825/1825/1825 1826/1826/1826
f 486/486/486 487/487/487 1828/1828/1828
f 486/486/486 1828/1828/1828 2748/2748/2748
f 488/488/488 485/485/485 2747/2747/2747
f 488/488/488 2747/2747/2747 1823/1823/1823
f 489/489/489 492/492/492 1831/1831/1831
f 489/489/489 1831/1831/1831 2749/2749/2749
f 491/491/491 490/490/490 2750/2750/2750
f 491/491/491 2750/2750/2750 1832/1832/1832
f 492/492/492 491/491/491 1834/1834/1834
f 492/492/492 1834/1834/1834 1829/1829/1829
f 493/493/493 489/489/489 2749/2749/2749
f 493/493/493 2749/2749/2749 2751/2751/2751
f 490/490/490 494/494/494 2752/2752/2752
f 490/490/490 2752/2752/2752 2750/2750/2750
f 495/495/495 493/493/493 2751/2751/2751
f 495/495/495 2751/2751/2751 1835/1835/1835
f 496/496/496 495/495/495 1837/1837/1837
f 496/496/496 1837/1837/1837 1838/1838/1838
f 494/494/494 496/496/496 1840/1840/1840
f 494/494/494 1840/1840/1840 2752/2752/2752
f 497/497/497 500/500/500 1843/1843/1843
f 497/497/497 1843/1843/1843 2753/2753/2753
f 499/499/499 498/498/498 2754/2754/2754
f 499/499/499 2754/2754/2754 1844/1844/1844
f 500/500/500 499/499/499 1846/1846/1846
f 500/500/500 1846/1846/1846 1841/1841/1841
f 501/501/501 497/497/497 2753/2753/2753
f 501/501/501 2753/2753/2753 2755/2755/2755
f 498/498/498 502/502/502 2756/2756/2756
f 498/498/498 2756/2756/2756 2754/2754/2754
f 503/503/503 504/504/504 1849/1849/1849
f 503/503/503 1849/1849/1849 1850/1850/1850
f 502/502/502 503/503/503 1852/1852/1852
f 502/502/502 1852/1852/1852 2756/2756/2756
f 504/504/504 501/501/501 2755/2755/2755
f 504/504/504 2755/2755/2755 1847/1847/1847
f 505/505/505 508/508/508 1855/1855/1855
f 505/505/505 1855/1855/1855 2757/2757/2757
f 507/507/507 506/506/506 2758/2758/2758
f 507/507/507 2758/2758/2758 1856/1856/1856
f 508/508/508 507/507/507 1858/1858/1858
f 508/508/508 1858/1858/1858 1853/1853/1853
f 506/506/506 509/509/509 2759/2759/2759
f 506/506/506 2759/2759/2759 2758/2758/2758
f 510/510/510 505/505/505 2757/2757/2757
f 510/510/510 2757/2757/2757 2760/2760/2760
f 511/511/511 510/510/510 2760/2760/2760
f 511/511/511 2760/2760/2760 1859/1859/1859
f 512/512/512 511/511/511 1861/1861/1861
f 512/512/512 1861/1861/1861 1862/1862/1862
f 509/509/509 512/512/512 1864/1864/1864
f 509/509/509 1864/1864/1864 2759/2759/2759
f 513/513/513 516/516/516 2761/2761/2761
f 513/513/513 2761/2761/2761 1865/1865/1865
f 514/514/514 513/513/513 1867/1867/1867
f 514/514/514 1867/1867/1867 1868/1868/1868
f 515/515/515 514/514/514 1870/1870/1870
f 515/515/515 1870/1870/1870 2762/2762/2762
f 516/516/516 518/518/518 2763/2763/2763
f 516/516/516 2763/2763/2763 2761/2761/2761
f 517/517/517 515/515/515 2762/2762/2762
f 517/517/517 2762/2762/2762 2764/2764/2764
f 519/519/519 520/520/520 1873/1873/1873
f 519/519/519 1873/1873/1873 1874/1874/1874
f 518/518/518 519/519/519 1876/1876/1876
f 518/518/518 1876/1876/1876 2763/2763/2763
f 520/520/520 517/517/517 2764/2764/2764
f 520/520/520 2764/2764/2764 1871/1871/1871
f 522/522/522 521/521/521 2765/2765/2765
f 522/522/522 2765/2765/2765 1877/1877/1877
f 523/523/523 522/522/522 1879/1879/1879
f 523/523/523 1879/1879/1879 1880/1880/1880
f 524/524/524 523/523/523 1882/1882/1882
f 524/524/524 1882/1882/1882 2766/2766/2766
f 521/521/521 525/525/525 2767/2767/2767
f 521/521/521 2767/2767/2767 2765/2765/2765
f 526/526/526 524/524/524 2766/2766/2766
f 526/526/526 2766/2766/2766 2768/2768/2768
f 525/525/525 528/528/528 1885/1885/1885
f 525/525/525 1885/1885/1885 2767/2767/2767
f 527/527/527 526/526/526 2768/2768/2768
f 527/527/527 2768/2768/2768 1886/1886/1886
f 528/528/528 527/527/527 1888/1888/1888
f 528/528/528 1888/1888/1888 1883/1883/1883
f 530/530/530 529/529/529 2769/2769/2769
f 530/530/530 2769/2769/2769 1889/1889/1889
f 531/531/531 530/530/530 1891/1891/1891
f 531/531/531 1891/1891/1891 1892/1892/1892
f 532/532/532 531/531/531 1894/1894/1894
f 532/532/532 1894/1894/1894 2770/2770/2770
f 529/529/529 533/533/533 2771/2771/2771
f 529/529/529 2771/2771/2771 2769/2769/2769
f 534/534/534 532/532/532 2770/2770/2770
f 534/534/534 2770/2770/2770 2772/2772/2772
f 533/533/533 536/536/536 1897/1897/1897
f 533/533/533 1897/1897/1897 2771/2771/2771
f 535/535/535 534/534/534 2772/2772/2772
f 535/535/535 2772/2772/2772 1898/1898/1898
f 536/536/536 535/535/535 1900/1900/1900
f 536/536/536 1900/1900/1900 1895/1895/1895
f 538/538/538 537/537/537 2773/2773/2773
f 538/538/538 2773/2773/2773 1901/1901/1901
f 539/539/539 538/538/538 1903/1903/1903
f 539/539/539 1903/1903/1903 1904/1904/1904
f 540/540/540 539/539/539 1906/1906/1906
f 540/540/540 1906/1906/1906 2774/2774/2774
f 537/537/537 541/541/541 2775/2775/2775
f 537/537/537 2775/2775/2775 2773/2773/2773
f 542/542/542 540/540/540 2774/2774/2774
f 542/542/542 2774/2774/2774 2776/2776/2776
f 541/541/541 544/544/544 1909/1909/1909
f 541/541/541 1909/1909/1909 2775/2775/2775
f 543/543/543 542/542/542 2776/2776/2776
f 543/543/543 2776/2776/2776 1910/1910/1910
f 544/544/544 543/543/543 1912/1912/1912
f 544/544/544 1912/1912/1912 1907/1907/1907
f 545/545/545 548/548/548 1915/1915/1915
f 545/545/545 1915/1915/1915 2777/2777/2777
f 547/547/547 546/546/546 2778/2778/2778
f 547/547/547 2778/2778/2778 1916/1916/1916
f 548/548/548 547/547/547 1918/1918/1918
f 548/548/548 1918/1918/1918 1913/1913/1913
f 549/549/549 545/545/545 2777/2777/2777
f 549/549/549 2777/2777/2777 2779/2779/2779
f 546/546/546 550/550/550 2780/2780/2780
f 546/546/546 2780/2780/2780 2778/2778/2778
f 551/551/551 552/552/552 1921/1921/1921
f 551/551/551 1921/1921/1921 1922/1922/1922
f 550/550/550 551/551/551 1924/1924/1924
f 550/550/550 1924/1924/1924 2780/2780/2780
f 552/552/552 549/549/549 2779/2779/2779
f 552/552/552 2779/2779/2779 1919/1919/1919
f 554/554/554 553/553/553 2781/2781/2781
f 554/554/554 2781/2781/2781 1925/1925/1925
f 555/555/555 554/554/554 1927/1927/1927
f 555/555/555 1927/1927/1927 1928/1928/1928
f 556/556/556 555/555/555 1930/1930/1930
f 556/556/556 1930/1930/1930 2782/2782/2782
f 553/553/553 557/557/557 2783/2783/2783
f 553/553/553 2783/2783/2783 2781/2781/2781
f 558/558/558 556/556/556 2782/2782/2782
f 558/558/558 2782/2782/2782 2784/2784/2784
f 559/559/559 558/558/558 2784/2784/2784
f 559/559/559 2784/2784/2784 1931/1931/1931
f 560/560/560 559/559/559 1933/1933/1933
f 560/560/560 1933/1933/1933 1934/1934/1934
f 557/557/557 560/560/560 1936/1936/1936
f 557/557/557 1936/1936/1936 2783/2783/2783
f 561/561/561 564/564/564 1937/1937/1937
f 561/561/561 1937/1937/1937 2785/2785/2785
f 563/563/563 562/562/562 2786/2786/2786
f 563/563/563 2786/2786/2786 1938/1938/1938
f 564/564/564 563/563/563 1484/1484/1484
f 564/564/564 1484/1484/1484 1483/1483/1483
f 565/565/565 561/561/561 2785/2785/2785
f 565/565/565 2785/2785/2785 2787/2787/2787
f 562/562/562 566/566/566 2788/2788/2788
f 562/562/562 2788/2788/2788 2786/2786/2786
f 567/567/567 568/568/568 1941/1941/1941
f 567/567/567 1941/1941/1941 1942/1942/1942
f 566/566/566 567/567/567 1944/1944/1944
f 566/566/566 1944/1944/1944 2788/2788/2788
f 568/568/568 565/565/565 2787/2787/2787
f 568/568/568 2787/2787/2787 1939/1939/1939
f 570/570/570 569/569/569 2789/2789/2789
f 570/570/570 2789/2789/2789 1945/1945/1945
f 571/571/571 570/570/570 1947/1947/1947
f 571/571/571 1947/1947/1947 1948/1948/1948
f 572/572/572 571/571/571 1950/1950/1950
f 572/572/572 1950/1950/1950 2790/2790/2790
f 569/569/569 573/573/573 2791/2791/2791
f 569/569/569 2791/2791/2791 2789/2789/2789
f 574/574/574 572/572/572 2790/2790/2790
f 574/574/574 2790/2790/2790 2792/2792/2792
f 575/575/575 574/574/574 2792/2792/2792
f 575/575/575 2792/2792/2792 1951/1951/1951
f 576/576/576 575/575/575 1493/1493/1493
f 576/576/576 1493/1493/1493 1504/1504/1504
f 573/573/573 576/576/576 1952/1952/1952
f 573/573/573 1952/1952/1952 2791/2791/2791
f 577/577/577 580/580/580 1955/1955/1955
f 577/577/577 1955/1955/1955 2793/2793/2793
f 579/579/579 578/578/578 2794/2794/2794
f 579/579/579 2794/2794/2794 1956/1956/1956
f 580/580/580 579/579/579 1958/1958/1958
f 580/580/580 1958/1958/1958 1953/1953/1953
f 581/581/581 577/577/577 2793/2793/2793
f 581/581/581 2793/2793/2793 2795/2795/2795
f 578/578/578 582/582/582 2796/2796/2796
f 578/578/578 2796/2796/2796 2794/2794/2794
f 583/583/583 584/584/584 1961/1961/1961
f 583/583/583 1961/1961/1961 1962/1962/1962
f 582/582/582 583/583/583 1964/1964/1964
f 582/582/582 1964/1964/1964 2796/2796/2796
f 584/584/584 581/581/581 2795/2795/2795
f 584/584/584 2795/2795/2795 1959/1959/1959
f 586/586/586 585/585/585 2797/2797/2797
f 586/586/586 2797/2797/2797 1965/1965/1965
f 587/587/587 586/586/586 1967/1967/1967
f 587/587/587 1967/1967/1967 1968/1968/1968
f 588/588/588 587/587/587 1970/1970/1970
f 588/588/588 1970/1970/1970 2798/2798/2798
f 585/585/585 589/589/589 2799/2799/2799
f 585/585/585 2799/2799/2799 2797/2797/2797
f 590/590/590 588/588/588 2798/2798/2798
f 590/590/590 2798/2798/2798 2800/2800/2800
f 589/589/589 592/592/592 1973/1973/1973
f 589/589/589 1973/1973/1973 2799/2799/2799
f 591/591/591 590/590/590 2800/2800/2800
f 591/591/591 2800/2800/2800 1974/1974/1974
f 592/592/592 591/591/591 1976/1976/1976
f 592/592/592 1976/1976/1976 1971/1971/1971
f 593/593/593 596/596/596 1979/1979/1979
f 593/593/593 1979/1979/1979 2801/2801/2801
f 595/595/595 594/594/594 2802/2802/2802
f 595/595/595 2802/2802/2802 1980/1980/1980
f 596/596/596 595/595/595 1982/1982/1982
f 596/596/596 1982/1982/1982 1977/1977/1977
f 597/597/597 593/593/593 2801/2801/2801
f 597/597/597 2801/2801/2801 2803/2803/2803
f 594/594/594 598/598/598 2804/2804/2804
f 594/594/594 2804/2804/2804 2802/2802/2802
f 599/599/599 600/600/600 1985/1985/1985
f 599/599/599 1985/1985/1985 1986/1986/1986
f 598/598/598 599/599/599 1988/1988/1988
f 598/598/598 1988/1988/1988 2804/2804/2804
f 600/600/600 597/597/597 2803/2803/2803
f 600/600/600 2803/2803/2803 1983/1983/1983
f 602/602/602 601/601/601 2805/2805/2805
f 602/602/602 2805/2805/2805 1989/1989/1989
f 603/603/603 602/602/602 1991/1991/1991
f 603/603/603 1991/1991/1991 1992/1992/1992
f 604/604/604 603/603/603 1994/1994/1994
f 604/604/604 1994/1994/1994 2806/2806/2806
f 601/601/601 605/605/605 2807/2807/2807
f 601/601/601 2807/2807/2807 2805/2805/2805
f 606/606/606 604/604/604 2806/2806/2806
f 606/606/606 2806/2806/2806 2808/2808/2808
f 605/605/605 608/608/608 1997/1997/1997
f 605/605/605 1997/1997/1997 2807/2807/2807
f 607/607/607 606/606/606 2808/2808/2808
f 607/607/607 2808/2808/2808 1998/1998/1998
f 608/608/608 607/607/607 2000/2000/2000
f 608/608/608 2000/2000/2000 1995/1995/1995
f 609/609/609 612/612/612 2809/2809/2809
f 609/609/609 2809/2809/2809 2001/2001/2001
f 610/610/610 609/609/609 2003/2003/2003
f 610/610/610 2003/2003/2003 2004/2004/2004
f 611/611/611 610/610/610 2006/2006/2006
f 611/611/611 2006/2006/2006 2810/2810/2810
f 613/613/613 611/611/611 2810/2810/2810
f 613/613/613 2810/2810/2810 2811/2811/2811
f 612/612/612 614/614/614 2812/2812/2812
f 612/612/612 2812/2812/2812 2809/2809/2809
f 615/615/615 613/613/613 2811/2811/2811
f 615/615/615 2811/2811/2811 2007/2007/2007
f 616/616/616 615/615/615 2009/2009/2009
f 616/616/616 2009/2009/2009 2010/2010/2010
f 614/614/614 616/616/616 2012/2012/2012
f 614/614/614 2012/2012/2012 2812/2812/2812
f 617/617/617 620/620/620 2015/2015/2015
f 617/617/617 2015/2015/2015 2813/2813/2813
f 619/619/619 618/618/618 2814/2814/2814
f 619/619/619 2814/2814/2814 2016/2016/2016
f 620/620/620 619/619/619 2018/2018/2018
f 620/620/620 2018/2018/2018 2013/2013/2013
f 621/621/621 617/617/617 2813/2813/2813
f 621/621/621 2813/2813/2813 2815/2815/2815
f 618/618/618 622/622/622 2816/2816/2816
f 618/618/618 2816/2816/2816 2814/2814/2814
f 623/623/623 621/621/621 2815/2815/2815
f 623/623/623 2815/2815/2815 2019/2019/2019
f 624/624/624 623/623/623 2021/2021/2021
f 624/624/624 2021/2021/2021 2022/2022/2022
f 622/622/622 624/624/624 2024/2024/2024
f 622/622/622 2024/2024/2024 2816/2816/2816
f 625/625/625 628/628/628 2027/2027/2027
f 625/625/625 2027/2027/2027 2817/2817/2817
f 627/627/627 626/626/626 2818/2818/2818
f 627/627/627 2818/2818/2818 2028/2028/2028
f 628/628/628 627/627/627 2030/2030/2030
f 628/628/628 2030/2030/2030 2025/2025/2025
f 629/629/629 625/625/625 2817/2817/2817
f 629/629/629 2817/2817/2817 2819/2819/2819
f 626/626/626 630/630/630 2820/2820/2820
f 626/626/626 2820/2820/2820 2818/2818/2818
f 631/631/631 632/632/632 2033/2033/2033
f 631/631/631 2033/2033/2033 2034/2034/2034
f 630/630/630 631/631/631 2036/2036/2036
f 630/630/630 2036/2036/2036 2820/2820/2820
f 632/632/632 629/629/629 2819/2819/2819
f 632/632/632 2819/2819/2819 2031/2031/2031
f 633/633/633 636/636/636 2039/2039/2039
f 633/633/633 2039/2039/2039 2821/2821/2821
f 635/635/635 634/634/634 2822/2822/2822
f 635/635/635 2822/2822/2822 2040/2040/2040
f 636/636/636 635/635/635 2042/2042/2042
f 636/636/636 2042/2042/2042 2037/2037/2037
f 637/637/637 633/633/633 2821/2821/2821
f 637/637/637 2821/2821/2821 2823/2823/2823
f 634/634/634 638/638/638 2824/2824/2824
f 634/634/634 2824/2824/2824 2822/2822/2822
f 639/639/639 637/637/637 2823/2823/2823
f 639/639/639 2823/2823/2823 2043/2043/2043
f 640/640/640 639/639/639 2045/2045/2045
f 640/640/640 2045/2045/2045 2046/2046/2046
f 638/638/638 640/640/640 2048/2048/2048
f 638/638/638 2048/2048/2048 2824/2824/2824
f 641/641/641 644/644/644 2051/2051/2051
f 641/641/641 2051/2051/2051 2825/2825/2825
f 643/643/643 642/642/642 2826/2826/2826
f 643/643/643 2826/2826/2826 2052/2052/2052
f 644/644/644 643/643/643 2054/2054/2054
f 644/644/644 2054/2054/2054 2049/2049/2049
f 645/645/645 641/641/641 2825/2825/2825
f 645/645/645 2825/2825/2825 2827/2827/2827
f 642/642/642 646/646/646 2828/2828/2828
f 642/642/642 2828/2828/2828 2826/2826/2826
f 647/647/647 648/648/648 2057/2057/2057
f 647/647/647 2057/2057/2057 2058/2058/2058
f 646/646/646 647/647/647 2060/2060/2060
f 646/646/646 2060/2060/2060 2828/2828/2828
f 648/648/648 645/645/645 2827/2827/2827
f 648/648/648 2827/2827/2827 2055/2055/2055
f 649/649/649 652/652/652 2063/2063/2063
f 649/649/649 2063/2063/2063 2829/2829/2829
f 651/651/651 650/650/650 2830/2830/2830
f 651/651/651 2830/2830/2830 2064/2064/2064
f 652/652/652 651/651/651 2066/2066/2066
f 652/652/652 2066/2066/2066 2061/2061/2061
f 650/650/650 653/653/653 2831/2831/2831
f 650/650/650 2831/2831/2831 2830/2830/2830
f 654/654/654 649/649/649 2829/2829/2829
f 654/654/654 2829/2829/2829 2832/2832/2832
f 655/655/655 654/654/654 2832/2832/2832
f 655/655/655 2832/2832/2832 2067/2067/2067
f 656/656/656 655/655/655 2069/2069/2069
f 656/656/656 2069/2069/2069 2070/2070/2070
f 653/653/653 656/656/656 2072/2072/2072
f 653/653/653 2072/2072/2072 2831/2831/2831
f 657/657/657 660/660/660 2833/2833/2833
f 657/657/657 2833/2833/2833 2073/2073/2073
f 658/658/658 657/657/657 2075/2075/2075
f 658/658/658 2075/2075/2075 2076/2076/2076
f 659/659/659 658/658/658 2078/2078/2078
f 659/659/659 2078/2078/2078 2834/2834/2834
f 660/660/660 662/662/662 2835/2835/2835
f 660/660/660 2835/2835/2835 2833/2833/2833
f 661/661/661 659/659/659 2834/2834/2834
f 661/661/661 2834/2834/2834 2836/2836/2836
f 663/663/663 664/664/664 2081/2081/2081
f 663/663/663 2081/2081/2081 2082/2082/2082
f 662/662/662 663/663/663 2084/2084/2084
f 662/662/662 2084/2084/2084 2835/2835/2835
f 664/664/664 661/661/661 2836/2836/2836
f 664/664/664 2836/2836/2836 2079/2079/2079
f 666/666/666 665/665/665 2837/2837/2837
f 666/666/666 2837/2837/2837 2085/2085/2085
f 667/667/667 666/666/666 2087/2087/2087
f 667/667/667 2087/2087/2087 2088/2088/2088
f 668/668/668 667/667/667 2090/2090/2090
f 668/668/668 2090/2090/2090 2838/2838/2838
f 665/665/665 669/669/669 2839/2839/2839
f 665/665/665 2839/2839/2839 2837/2837/2837
f 670/670/670 668/668/668 2838/2838/2838
f 670/670/670 2838/2838/2838 2840/2840/2840
f 669/669/669 672/672/672 2093/2093/2093
f 669/669/669 2093/2093/2093 2839/2839/2839
f 671/671/671 670/670/670 2840/2840/2840
f 671/671/671 2840/2840/2840 2094/2094/2094
f 672/672/672 671/671/671 2096/2096/2096
f 672/672/672 2096/2096/2096 2091/2091/2091
f 674/674/674 673/673/673 2841/2841/2841
f 674/674/674 2841/2841/2841 2097/2097/2097
f 675/675/675 674/674/674 2099/2099/2099
f 675/675/675 2099/2099/2099 2100/2100/2100
f 676/676/676 675/675/675 2102/2102/2102
f 676/676/676 2102/2102/2102 2842/2842/2842
f 673/673/673 677/677/677 2843/2843/2843
f 673/673/673 2843/2843/2843 2841/2841/2841
f 678/678/678 676/676/676 2842/2842/2842
f 678/678/678 2842/2842/2842 2844/2844/2844
f 677/677/677 680/680/680 2105/2105/2105
f 677/677/677 2105/2105/2105 2843/2843/2843
f 679/679/679 678/678/678 2844/2844/2844
f 679/679/679 2844/2844/2844 2106/2106/2106
f 680/680/680 679/679/679 2108/2108/2108
f 680/680/680 2108/2108/2108 2103/2103/2103
f 682/682/682 681/681/681 2845/2845/2845
f 682/682/682 2845/2845/2845 2109/2109/2109
f 683/683/683 682/682/682 2111/2111/2111
f 683/683/683 2111/2111/2111 2112/2112/2112
f 684/684/684 683/683/683 2114/2114/2114
f 684/684/684 2114/2114/2114 2846/2846/2846
f 681/681/681 685/685/685 2847/2847/2847
f 681/681/681 2847/2847/2847 2845/2845/2845
f 686/686/686 684/684/684 2846/2846/2846
f 686/686/686 2846/2846/2846 2848/2848/2848
f 685/685/685 688/688/688 2117/2117/2117
f 685/685/685 2117/2117/2117 2847/2847/2847
f 687/687/687 686/686/686 2848/2848/2848
f 687/687/687 2848/2848/2848 2118/2118/2118
f 688/688/688 687/687/687 2120/2120/2120
f 688/688/688 2120/2120/2120 2115/2115/2115
f 689/689/689 692/692/692 2849/2849/2849
f 689/689/689 2849/2849/2849 2121/2121/2121
f 690/690/690 689/689/689 2123/2123/2123
f 690/690/690 2123/2123/2123 2124/2124/2124
f 691/691/691 690/690/690 2126/2126/2126
f 691/691/691 2126/2126/2126 2850/2850/2850
f 693/693/693 691/691/691 2850/2850/2850
f 693/693/693 2850/2850/2850 2851/2851/2851
f 692/692/692 694/694/694 2852/2852/2852
f 692/692/692 2852/2852/2852 2849/2849/2849
f 695/695/695 693/693/693 2851/2851/2851
f 695/695/695 2851/2851/2851 2127/2127/2127
f 696/696/696 695/695/695 2129/2129/2129
f 696/696/696 2129/2129/2129 2130/2130/2130
f 694/694/694 696/696/696 2132/2132/2132
f 694/694/694 2132/2132/2132 2852/2852/2852
f 697/697/697 700/700/700 2135/2135/2135
f 697/697/697 2135/2135/2135 2853/2853/2853
f 699/699/699 698/698/698 2854/2854/2854
f 699/699/699 2854/2854/2854 2136/2136/2136
f 700/700/700 699/699/699 2138/2138/2138
f 700/700/700 2138/2138/2138 2133/2133/2133
f 701/701/701 697/697/697 2853/2853/2853
f 701/701/701 2853/2853/2853 2855/2855/2855
f 698/698/698 702/702/702 2856/2856/2856
f 698/698/698 2856/2856/2856 2854/2854/2854
f 703/703/703 701/701/701 2855/2855/2855
f 703/703/703 2855/2855/2855 2139/2139/2139
f 704/704/704 703/703/703 2141/2141/2141
f 704/704/704 2141/2141/2141 2142/2142/2142
f 702/702/702 704/704/704 2144/2144/2144
f 702/702/702 2144/2144/2144 2856/2856/2856
f 705/705/705 708/708/708 2147/2147/2147
f 705/705/705 2147/2147/2147 2857/2857/2857
f 707/707/707 706/706/706 2858/2858/2858
f 707/707/707 2858/2858/2858 2148/2148/2148
f 708/708/708 707/707/707 2150/2150/2150
f 708/708/708 2150/2150/2150 2145/2145/2145
f 709/709/709 705/705/705 2857/2857/2857
f 709/709/709 2857/2857/2857 2859/2859/2859
f 706/706/706 710/710/710 2860/2860/2860
f 706/706/706 2860/2860/2860 2858/2858/2858
f 711/711/711 712/712/712 2153/2153/2153
f 711/711/711 2153/2153/2153 2154/2154/2154
f 710/710/710 711/711/711 2156/2156/2156
f 710/710/710 2156/2156/2156 2860/2860/2860
f 712/712/712 709/709/709 2859/2859/2859
f 712/712/712 2859/2859/2859 2151/2151/2151
f 713/713/713 716/716/716 2159/2159/2159
f 713/713/713 2159/2159/2159 2861/2861/2861
f 715/715/715 714/714/714 2862/2862/2862
f 715/715/715 2862/2862/2862 2160/2160/2160
f 716/716/716 715/715/715 2162/2162/2162
f 716/716/716 2162/2162/2162 2157/2157/2157
f 717/717/717 713/713/713 2861/2861/2861
f 717/717/717 2861/2861/2861 2863/2863/2863
f 714/714/714 718/718/718 2864/2864/2864
f 714/714/714 2864/2864/2864 2862/2862/2862
f 719/719/719 717/717/717 2863/2863/2863
f 719/719/719 2863/2863/2863 2163/2163/2163
f 720/720/720 719/719/719 2165/2165/2165
f 720/720/720 2165/2165/2165 2166/2166/2166
f 718/718/718 720/720/720 2168/2168/2168
f 718/718/718 2168/2168/2168 2864/2864/2864
f 721/721/721 724/724/724 2171/2171/2171
f 721/721/721 2171/2171/2171 2865/2865/2865
f 723/723/723 722/722/722 2866/2866/2866
f 723/723/723 2866/2866/2866 2172/2172/2172
f 724/724/724 723/723/723 2174/2174/2174
f 724/724/724 2174/2174/2174 2169/2169/2169
f 725/725/725 721/721/721 2865/2865/2865
f 725/725/725 2865/2865/2865 2867/2867/2867
f 722/722/722 726/726/726 2868/2868/2868
f 722/722/722 2868/2868/2868 2866/2866/2866
f 727/727/727 728/728/728 2177/2177/2177
f 727/727/727 2177/2177/2177 2178/2178/2178
f 726/726/726 727/727/727 2180/2180/2180
f 726/726/726 2180/2180/2180 2868/2868/2868
f 728/728/728 725/725/725 2867/2867/2867
f 728/728/728 2867/2867/2867 2175/2175/2175
f 729/729/729 732/732/732 2183/2183/2183
f 729/729/729 2183/2183/2183 2869/2869/2869
f 731/731/731 730/730/730 2870/2870/2870
f 731/731/731 2870/2870/2870 2184/2184/2184
f 732/732/732 731/731/731 2186/2186/2186
f 732/732/732 2186/2186/2186 2181/2181/2181
f 730/730/730 733/733/733 2871/2871/2871
f 730/730/730 2871/2871/2871 2870/2870/2870
f 734/734/734 729/729/729 2869/2869/2869
f 734/734/734 2869/2869/2869 2872/2872/2872
f 735/735/735 734/734/734 2872/2872/2872
f 735/735/735 2872/2872/2872 2187/2187/2187
f 736/736/736 735/735/735 2189/2189/2189
f 736/736/736 2189/2189/2189 2190/2190/2190
f 733/733/733 736/736/736 2192/2192/2192
f 733/733/733 2192/2192/2192 2871/2871/2871
f 737/737/737 740/740/740 2873/2873/2873
f 737/737/737 2873/2873/2873 2193/2193/2193
f 738/738/738 737/737/737 2195/2195/2195
f 738/738/738 2195/2195/2195 2196/2196/2196
f 739/739/739 738/738/738 2198/2198/2198
f 739/739/739 2198/2198/2198 2874/2874/2874
f 740/740/740 742/742/742 2875/2875/2875
f 740/740/740 2875/2875/2875 2873/2873/2873
f 741/741/741 739/739/739 2874/2874/2874
f 741/741/741 2874/2874/2874 2876/2876/2876
f 743/743/743 744/744/744 2201/2201/2201
f 743/743/743 2201/2201/2201 2202/2202/2202
f 742/742/742 743/743/743 2204/2204/2204
f 742/742/742 2204/2204/2204 2875/2875/2875
f 744/744/744 741/741/741 2876/2876/2876
f 744/744/744 2876/2876/2876 2199/2199/2199
f 746/746/746 745/745/745 2877/2877/2877
f 746/746/746 2877/2877/2877 2205/2205/2205
f 747/747/747 746/746/746 2207/2207/2207
f 747/747/747 2207/2207/2207 2208/2208/2208
f 748/748/748 747/747/747 2210/2210/2210
f 748/748/748 2210/2210/2210 2878/2878/2878
f 745/745/745 749/749/749 2879/2879/2879
f 745/745/745 2879/2879/2879 2877/2877/2877
f 750/750/750 748/748/748 2878/2878/2878
f 750/750/750 2878/2878/2878 2880/2880/2880
f 749/749/749 752/752/752 2213/2213/2213
f 749/749/749 2213/2213/2213 2879/2879/2879
f 751/751/751 750/750/750 2880/2880/2880
f 751/751/751 2880/2880/2880 2214/2214/2214
f 752/752/752 751/751/751 2216/2216/2216
f 752/752/752 2216/2216/2216 2211/2211/2211
f 754/754/754 753/753/753 2881/2881/2881
f 754/754/754 2881/2881/2881 2217/2217/2217
f 755/755/755 754/754/754 2219/2219/2219
f 755/755/755 2219/2219/2219 2220/2220/2220
f 756/756/756 755/755/755 2222/2222/2222
f 756/756/756 2222/2222/2222 2882/2882/2882
f 753/753/753 757/757/757 2883/2883/2883
f 753/753/753 2883/2883/2883 2881/2881/2881
f 758/758/758 756/756/756 2882/2882/2882
f 758/758/758 2882/2882/2882 2884/2884/2884
f 757/757/757 760/760/760 2225/2225/2225
f 757/757/757 2225/2225/2225 2883/2883/2883
f 759/759/759 758/758/758 2884/2884/2884
f 759/759/759 2884/2884/2884 2226/2226/2226
f 760/760/760 759/759/759 2228/2228/2228
f 760/760/760 2228/2228/2228 2223/2223/2223
f 762/762/762 761/761/761 2885/2885/2885
f 762/762/762 2885/2885/2885 2229/2229/2229
f 763/763/763 762/762/762 2231/2231/2231
f 763/763/763 2231/2231/2231 2232/2232/2232
f 764/764/764 763/763/763 2234/2234/2234
f 764/764/764 2234/2234/2234 2886/2886/2886
f 761/761/761 765/765/765 2887/2887/2887
f 761/761/761 2887/2887/2887 2885/2885/2885
f 766/766/766 764/764/764 2886/2886/2886
f 766/766/766 2886/2886/2886 2888/2888/2888
f 765/765/765 768/768/768 2237/2237/2237
f 765/765/765 2237/2237/2237 2887/2887/2887
f 767/767/767 766/766/766 2888/2888/2888
f 767/767/767 2888/2888/2888 2238/2238/2238
f 768/768/768 767/767/767 2240/2240/2240
f 768/768/768 2240/2240/2240 2235/2235/2235
f 769/769/769 772/772/772 2889/2889/2889
f 769/769/769 2889/2889/2889 2241/2241/2241
f 770/770/770 769/769/769 2243/2243/2243
f 770/770/770 2243/2243/2243 2244/2244/2244
f 771/771/771 770/770/770 2246/2246/2246
f 771/771/771 2246/2246/2246 2890/2890/2890
f 773/773/773 771/771/771 2890/2890/2890
f 773/773/773 2890/2890/2890 2891/2891/2891
f 772/772/772 774/774/774 2892/2892/2892
f 772/772/772 2892/2892/2892 2889/2889/2889
f 775/775/775 773/773/773 2891/2891/2891
f 775/775/775 2891/2891/2891 2247/2247/2247
f 776/776/776 775/775/775 2249/2249/2249
f 776/776/776 2249/2249/2249 2250/2250/2250
f 774/774/774 776/776/776 2252/2252/2252
f 774/774/774 2252/2252/2252 2892/2892/2892
f 777/777/777 780/780/780 2255/2255/2255
f 777/777/777 2255/2255/2255 2893/2893/2893
f 779/779/779 778/778/778 2894/2894/2894
f 779/779/779 2894/2894/2894 2256/2256/2256
f 780/780/780 779/779/779 2258/2258/2258
f 780/780/780 2258/2258/2258 2253/2253/2253
f 781/781/781 777/777/777 2893/2893/2893
f 781/781/781 2893/2893/2893 2895/2895/2895
f 778/778/778 782/782/782 2896/2896/2896
f 778/778/778 2896/2896/2896 2894/2894/2894
f 783/783/783 781/781/781 2895/2895/2895
f 783/783/783 2895/2895/2895 2259/2259/2259
f 784/784/784 783/783/783 2261/2261/2261
f 784/784/784 2261/2261/2261 2262/2262/2262
f 782/782/782 784/784/784 2264/2264/2264
f 782/782/782 2264/2264/2264 2896/2896/2896
f 785/785/785 788/788/788 2267/2267/2267
f 785/785/785 2267/2267/2267 2897/2897/2897
f 787/787/787 786/786/786 2898/2898/2898
f 787/787/787 2898/2898/2898 2268/2268/2268
f 788/788/788 787/787/787 2270/2270/2270
f 788/788/788 2270/2270/2270 2265/2265/2265
f 789/789/789 785/785/785 2897/2897/2897
f 789/789/789 2897/2897/2897 2899/2899/2899
f 786/786/786 790/790/790 2900/2900/2900
f 786/786/786 2900/2900/2900 2898/2898/2898
f 791/791/791 792/792/792 2273/2273/2273
f 791/791/791 2273/2273/2273 2274/2274/2274
f 790/790/790 791/791/791 2276/2276/2276
f 790/790/790 2276/2276/2276 2900/2900/2900
f 792/792/792 789/789/789 2899/2899/2899
f 792/792/792 2899/2899/2899 2271/2271/2271
f 793/793/793 796/796/796 2279/2279/2279
f 793/793/793 2279/2279/2279 2901/2901/2901
f 795/795/795 794/794/794 2902/2902/2902
f 795/795/795 2902/2902/2902 2280/2280/2280
f 796/796/796 795/795/795 2282/2282/2282
f 796/796/796 2282/2282/2282 2277/2277/2277
f 797/797/797 793/793/793 2901/2901/2901
f 797/797/797 2901/2901/2901 2903/2903/2903
f 794/794/794 798/798/798 2904/2904/2904
f 794/794/794 2904/2904/2904 2902/2902/2902
f 799/799/799 797/797/797 2903/2903/2903
f 799/799/799 2903/2903/2903 2283/2283/2283
f 800/800/800 799/799/799 2285/2285/2285
f 800/800/800 2285/2285/2285 2286/2286/2286
f 798/798/798 800/800/800 2288/2288/2288
f 798/798/798 2288/2288/2288 2904/2904/2904
f 801/801/801 804/804/804 2291/2291/2291
f 801/801/801 2291/2291/2291 2905/2905/2905
f 803/803/803 802/802/802 2906/2906/2906
f 803/803/803 2906/2906/2906 2292/2292/2292
f 804/804/804 803/803/803 2294/2294/2294
f 804/804/804 2294/2294/2294 2289/2289/2289
f 805/805/805 801/801/801 2905/2905/2905
f 805/805/805 2905/2905/2905 2907/2907/2907
f 802/802/802 806/806/806 2908/2908/2908
f 802/802/802 2908/2908/2908 2906/2906/2906
f 807/807/807 808/808/808 2297/2297/2297
f 807/807/807 2297/2297/2297 2298/2298/2298
f 806/806/806 807/807/807 2300/2300/2300
f 806/806/806 2300/2300/2300 2908/2908/2908
f 808/808/808 805/805/805 2907/2907/2907
f 808/808/808 2907/2907/2907 2295/2295/2295
f 809/809/809 812/812/812 2303/2303/2303
f 809/809/809 2303/2303/2303 2909/2909/2909
f 811/811/811 810/810/810 2910/2910/2910
f 811/811/811 2910/2910/2910 2304/2304/2304
f 812/812/812 811/811/811 2306/2306/2306
f 812/812/812 2306/2306/2306 2301/2301/2301
f 810/810/810 813/813/813 2911/2911/2911
f 810/810/810 2911/2911/2911 2910/2910/2910
f 814/814/814 809/809/809 2909/2909/2909
f 814/814/814 2909/2909/2909 2912/2912/2912
f 815/815/815 814/814/814 2912/2912/2912
f 815/815/815 2912/2912/2912 2307/2307/2307
f 816/816/816 815/815/815 2309/2309/2309
f 816/816/816 2309/2309/2309 2310/2310/2310
f 813/813/813 816/816/816 2312/2312/2312
f 813/813/813 2312/2312/2312 2911/2911/2911
f 817/817/817 820/820/820 2913/2913/2913
f 817/817/817 2913/2913/2913 2313/2313/2313
f 818/818/818 817/817/817 2315/2315/2315
f 818/818/818 2315/2315/2315 2316/2316/2316
f 819/819/819 818/818/818 2318/2318/2318
f 819/819/819 2318/2318/2318 2914/2914/2914
f 820/820/820 822/822/822 2915/2915/2915
f 820/820/820 2915/2915/2915 2913/2913/2913
f 821/821/821 819/819/819 2914/2914/2914
f 821/821/821 2914/2914/2914 2916/2916/2916
f 823/823/823 824/824/824 2321/2321/2321
f 823/823/823 2321/2321/2321 2322/2322/2322
f 822/822/822 823/823/823 2324/2324/2324
f 822/822/822 2324/2324/2324 2915/2915/2915
f 824/824/824 821/821/821 2916/2916/2916
f 824/824/824 2916/2916/2916 2319/2319/2319
f 826/826/826 825/825/825 2917/2917/2917
f 826/826/826 2917/2917/2917 2325/2325/2325
f 827/827/827 826/826/826 2327/2327/2327
f 827/827/827 2327/2327/2327 2328/2328/2328
f 828/828/828 827/827/827 2330/2330/2330
f 828/828/828 2330/2330/2330 2918/2918/2918
f 825/825/825 829/829/829 2919/2919/2919
f 825/825/825 2919/2919/2919 2917/2917/2917
f 830/830/830 828/828/828 2918/2918/2918
f 830/830/830 2918/2918/2918 2920/2920/2920
f 829/829/829 832/832/832 2333/2333/2333
f 829/829/829 2333/2333/2333 2919/2919/2919
f 831/831/831 830/830/830 2920/2920/2920
f 831/831/831 2920/2920/2920 2334/2334/2334
f 832/832/832 831/831/831 2336/2336/2336
f 832/832/832 2336/2336/2336 2331/2331/2331
f 834/834/834 833/833/833 2921/2921/2921
f 834/834/834 2921/2921/2921 2337/2337/2337
f 835/835/835 834/834/834 2339/2339/2339
f 835/835/835 2339/2339/2339 2340/2340/2340
f 836/836/836 835/835/835 2342/2342/2342
f 836/836/836 2342/2342/2342 2922/2922/2922
f 833/833/833 837/837/837 2923/2923/2923
f 833/833/833 2923/2923/2923 2921/2921/2921
f 838/838/838 836/836/836 2922/2922/2922
f 838/838/838 2922/2922/2922 2924/2924/2924
f 837/837/837 840/840/840 2345/2345/2345
f 837/837/837 2345/2345/2345 2923/2923/2923
f 839/839/839 838/838/838 2924/2924/2924
f 839/839/839 2924/2924/2924 2346/2346/2346
f 840/840/840 839/839/839 2348/2348/2348
f 840/840/840 2348/2348/2348 2343/2343/2343
f 842/842/842 841/841/841 2925/2925/2925
f 842/842/842 2925/2925/2925 2349/2349/2349
f 843/843/843 842/842/842 2351/2351/2351
f 843/843/843 2351/2351/2351 2352/2352/2352
f 844/844/844 843/843/843 2354/2354/2354
f 844/844/844 2354/2354/2354 2926/2926/2926
f 841/841/841 845/845/845 2927/2927/2927
f 841/841/841 2927/2927/2927 2925/2925/2925
f 846/846/846 844/844/844 2926/2926/2926
f 846/846/846 2926/2926/2926 2928/2928/2928
f 845/845/845 848/848/848 2357/2357/2357
f 845/845/845 2357/2357/2357 2927/2927/2927
f 847/847/847 846/846/846 2928/2928/2928
f 847/847/847 2928/2928/2928 2358/2358/2358
f 848/848/848 847/847/847 2360/2360/2360
f 848/848/848 2360/2360/2360 2355/2355/2355
f 850/850/850 849/849/849 2929/2929/2929
f 850/850/850 2929/2929/2929 2361/2361/2361
f 851/851/851 850/850/850 2363/2363/2363
f 851/851/851 2363/2363/2363 2364/2364/2364
f 852/852/852 851/851/851 2366/2366/2366
f 852/852/852 2366/2366/2366 2930/2930/2930
f 849/849/849 853/853/853 2931/2931/2931
f 849/849/849 2931/2931/2931 2929/2929/2929
f 854/854/854 852/852/852 2930/2930/2930
f 854/854/854 2930/2930/2930 2932/2932/2932
f 855/855/855 854/854/854 2932/2932/2932
f 855/855/855 2932/2932/2932 2367/2367/2367
f 856/856/856 855/855/855 2369/2369/2369
f 856/856/856 2369/2369/2369 2370/2370/2370
f 853/853/853 856/856/856 2372/2372/2372
f 853/853/853 2372/2372/2372 2931/2931/2931
f 857/857/857 860/860/860 2375/2375/2375
f 857/857/857 2375/2375/2375 2933/2933/2933
f 859/859/859 858/858/858 2934/2934/2934
f 859/859/859 2934/2934/2934 2376/2376/2376
f 860/860/860 859/859/859 2378/2378/2378
f 860/860/860 2378/2378/2378 2373/2373/2373
f 861/861/861 857/857/857 2933/2933/2933
f 861/861/861 2933/2933/2933 2935/2935/2935
f 858/858/858 862/862/862 2936/2936/2936
f 858/858/858 2936/2936/2936 2934/2934/2934
f 863/863/863 864/864/864 2381/2381/2381
f 863/863/863 2381/2381/2381 2382/2382/2382
f 862/862/862 863/863/863 2384/2384/2384
f 862/862/862 2384/2384/2384 2936/2936/2936
f 864/864/864 861/861/861 2935/2935/2935
f 864/864/864 2935/2935/2935 2379/2379/2379
f 866/866/866 865/865/865 2937/2937/2937
f 866/866/866 2937/2937/2937 2385/2385/2385
f 867/867/867 866/866/866 2387/2387/2387
f 867/867/867 2387/2387/2387 2388/2388/2388
f 868/868/868 867/867/867 2390/2390/2390
f 868/868/868 2390/2390/2390 2938/2938/2938
f 865/865/865 869/869/869 2939/2939/2939
f 865/865/865 2939/2939/2939 2937/2937/2937
f 870/870/870 868/868/868 2938/2938/2938
f 870/870/870 2938/2938/2938 2940/2940/2940
f 869/869/869 872/872/872 2393/2393/2393
f 869/869/869 2393/2393/2393 2939/2939/2939
f 871/871/871 870/870/870 2940/2940/2940
f 871/871/871 2940/2940/2940 2394/2394/2394
f 872/872/872 871/871/871 2396/2396/2396
f 872/872/872 2396/2396/2396 2391/2391/2391
f 873/873/873 876/876/876 2941/2941/2941
f 873/873/873 2941/2941/2941 2397/2397/2397
f 874/874/874 873/873/873 2399/2399/2399
f 874/874/874 2399/2399/2399 2400/2400/2400
f 875/875/875 874/874/874 2402/2402/2402
f 875/875/875 2402/2402/2402 2942/2942/2942
f 877/877/877 875/875/875 2942/2942/2942
f 877/877/877 2942/2942/2942 2943/2943/2943
f 876/876/876 878/878/878 2944/2944/2944
f 876/876/876 2944/2944/2944 2941/2941/2941
f 879/879/879 877/877/877 2943/2943/2943
f 879/879/879 2943/2943/2943 2403/2403/2403
f 880/880/880 879/879/879 2405/2405/2405
f 880/880/880 2405/2405/2405 2406/2406/2406
f 878/878/878 880/880/880 2408/2408/2408
f 878/878/878 2408/2408/2408 2944/2944/2944
f 882/882/882 881/881/881 2945/2945/2945
f 882/882/882 2945/2945/2945 2409/2409/2409
f 883/883/883 882/882/882 2411/2411/2411
f 883/883/883 2411/2411/2411 2412/2412/2412
f 884/884/884 883/883/883 2414/2414/2414
f 884/884/884 2414/2414/2414 2946/2946/2946
f 885/885/885 884/884/884 2946/2946/2946
f 885/885/885 2946/2946/2946 2947/2947/2947
f 881/881/881 886/886/886 2948/2948/2948
f 881/881/881 2948/2948/2948 2945/2945/2945
f 887/887/887 888/888/888 2417/2417/2417
f 887/887/887 2417/2417/2417 2418/2418/2418
f 886/886/886 887/887/887 2420/2420/2420
f 886/886/886 2420/2420/2420 2948/2948/2948
f 888/888/888 885/885/885 2947/2947/2947
f 888/888/888 2947/2947/2947 2415/2415/2415
f 889/889/889 892/892/892 2423/2423/2423
f 889/889/889 2423/2423/2423 2949/2949/2949
f 891/891/891 890/890/890 2950/2950/2950
f 891/891/891 2950/2950/2950 2424/2424/2424
f 892/892/892 891/891/891 2426/2426/2426
f 892/892/892 2426/2426/2426 2421/2421/2421
f 890/890/890 893/893/893 2951/2951/2951
f 890/890/890 2951/2951/2951 2950/2950/2950
f 894/894/894 889/889/889 2949/2949/2949
f 894/894/894 2949/2949/2949 2952/2952/2952
f 893/893/893 896/896/896 2429/2429/2429
f 893/893/893 2429/2429/2429 2951/2951/2951
f 895/895/895 894/894/894 2952/2952/2952
f 895/895/895 2952/2952/2952 2430/2430/2430
f 896/896/896 895/895/895 2432/2432/2432
f 896/896/896 2432/2432/2432 2427/2427/2427
f 898/898/898 897/897/897 2953/2953/2953
f 898/898/898 2953/2953/2953 2433/2433/2433
f 899/899/899 898/898/898 1523/1523/1523
f 899/899/899 1523/1523/1523 1522/1522/1522
f 900/900/900 899/899/899 2434/2434/2434
f 900/900/900 2434/2434/2434 2954/2954/2954
f 897/897/897 902/902/902 2955/2955/2955
f 897/897/897 2955/2955/2955 2953/2953/2953
f 901/901/901 900/900/900 2954/2954/2954
f 901/901/901 2954/2954/2954 2956/2956/2956
f 903/903/903 904/904/904 2437/2437/2437
f 903/903/903 2437/2437/2437 2438/2438/2438
f 902/902/902 903/903/903 2440/2440/2440
f 902/902/902 2440/2440/2440 2955/2955/2955
f 904/904/904 901/901/901 2956/2956/2956
f 904/904/904 2956/2956/2956 2435/2435/2435
f 905/905/905 908/908/908 2443/2443/2443
f 905/905/905 2443/2443/2443 2957/2957/2957
f 907/907/907 906/906/906 2958/2958/2958
f 907/907/907 2958/2958/2958 2444/2444/2444
f 908/908/908 907/907/907 2446/2446/2446
f 908/908/908 2446/2446/2446 2441/2441/2441
f 906/906/906 909/909/909 2959/2959/2959
f 906/906/906 2959/2959/2959 2958/2958/2958
f 910/910/910 905/905/905 2957/2957/2957
f 910/910/910 2957/2957/2957 2960/2960/2960
f 911/911/911 910/910/910 2960/2960/2960
f 911/911/911 2960/2960/2960 2447/2447/2447
f 912/912/912 911/911/911 1505/1505/1505
f 912/912/912 1505/1505/1505 1516/1516/1516
f 909/909/909 912/912/912 2448/2448/2448
f 909/909/909 2448/2448/2448 2959/2959/2959
f 914/914/914 913/913/913 2961/2961/2961
f 914/914/914 2961/2961/2961 2449/2449/2449
f 915/915/915 914/914/914 2451/2451/2451
f 915/915/915 2451/2451/2451 2452/2452/2452
f 916/916/916 915/915/915 2454/2454/2454
f 916/916/916 2454/2454/2454 2962/2962/2962
f 917/917/917 916/916/916 2962/2962/2962
f 917/917/917 2962/2962/2962 2963/2963/2963
f 913/913/913 918/918/918 2964/2964/2964
f 913/913/913 2964/2964/2964 2961/2961/2961
f 919/919/919 920/920/920 2457/2457/2457
f 919/919/919 2457/2457/2457 2458/2458/2458
f 918/918/918 919/919/919 2460/2460/2460
f 918/918/918 2460/2460/2460 2964/2964/2964
f 920/920/920 917/917/917 2963/2963/2963
f 920/920/920 2963/2963/2963 2455/2455/2455
f 921/921/921 924/924/924 2965/2965/2965
f 921/921/921 2965/2965/2965 2461/2461/2461
f 922/922/922 921/921/921 2463/2463/2463
f 922/922/922 2463/2463/2463 2464/2464/2464
f 923/923/923 922/922/922 2466/2466/2466
f 923/923/923 2466/2466/2466 2966/2966/2966
f 925/925/925 923/923/923 2966/2966/2966
f 925/925/925 2966/2966/2966 2967/2967/2967
f 924/924/924 926/926/926 2968/2968/2968
f 924/924/924 2968/2968/2968 2965/2965/2965
f 927/927/927 925/925/925 2967/2967/2967
f 927/927/927 2967/2967/2967 2467/2467/2467
f 928/928/928 927/927/927 2469/2469/2469
f 928/928/928 2469/2469/2469 2470/2470/2470
f 926/926/926 928/928/928 2472/2472/2472
f 926/926/926 2472/2472/2472 2968/2968/2968
f 930/930/930 929/929/929 2969/2969/2969
f 930/930/930 2969/2969/2969 2473/2473/2473
f 931/931/931 930/930/930 2475/2475/2475
f 931/931/931 2475/2475/2475 2476/2476/2476
f 932/932/932 931/931/931 2478/2478/2478
f 932/932/932 2478/2478/2478 2970/2970/2970
f 933/933/933 932/932/932 2970/2970/2970
f 933/933/933 2970/2970/2970 2971/2971/2971
f 929/929/929 934/934/934 2972/2972/2972
f 929/929/929 2972/2972/2972 2969/2969/2969
f 935/935/935 936/936/936 2481/2481/2481
f 935/935/935 2481/2481/2481 2482/2482/2482
f 934/934/934 935/935/935 2484/2484/2484
f 934/934/934 2484/2484/2484 2972/2972/2972
f 936/936/936 933/933/933 2971/2971/2971
f 936/936/936 2971/2971/2971 2479/2479/2479
f 937/937/937 940/940/940 2973/2973/2973
f 937/937/937 2973/2973/2973 2485/2485/2485
f 938/938/938 937/937/937 2487/2487/2487
f 938/938/938 2487/2487/2487 2488/2488/2488
f 939/939/939 938/938/938 2490/2490/2490
f 939/939/939 2490/2490/2490 2974/2974/2974
f 941/941/941 939/939/939 2974/2974/2974
f 941/941/941 2974/2974/2974 2975/2975/2975
f 940/940/940 942/942/942 2976/2976/2976
f 940/940/940 2976/2976/2976 2973/2973/2973
f 943/943/943 941/941/941 2975/2975/2975
f 943/943/943 2975/2975/2975 2491/2491/2491
f 944/944/944 943/943/943 2493/2493/2493
f 944/944/944 2493/2493/2493 2494/2494/2494
f 942/942/942 944/944/944 2496/2496/2496
f 942/942/942 2496/2496/2496 2976/2976/2976
f 946/946/946 945/945/945 2977/2977/2977
f 946/946/946 2977/2977/2977 2497/2497/2497
f 947/947/947 946/946/946 2499/2499/2499
f 947/947/947 2499/2499/2499 2500/2500/2500
f 948/948/948 947/947/947 2502/2502/2502
f 948/948/948 2502/2502/2502 2978/2978/2978
f 949/949/949 948/948/948 2978/2978/2978
f 949/949/949 2978/2978/2978 2979/2979/2979
f 945/945/945 950/950/950 2980/2980/2980
f 945/945/945 2980/2980/2980 2977/2977/2977
f 951/951/951 952/952/952 2505/2505/2505
f 951/951/951 2505/2505/2505 2506/2506/2506
f 950/950/950 951/951/951 2508/2508/2508
f 950/950/950 2508/2508/2508 2980/2980/2980
f 952/952/952 949/949/949 2979/2979/2979
f 952/952/952 2979/2979/2979 2503/2503/2503
f 953/953/953 956/956/956 2981/2981/2981
f 953/953/953 2981/2981/2981 2509/2509/2509
f 954/954/954 953/953/953 2511/2511/2511
f 954/954/954 2511/2511/2511 2512/2512/2512
f 955/955/955 954/954/954 2514/2514/2514
f 955/955/955 2514/2514/2514 2982/2982/2982
f 957/957/957 955/955/955 2982/2982/2982
f 957/957/957 2982/2982/2982 2983/2983/2983
f 956/956/956 958/958/958 2984/2984/2984
f 956/956/956 2984/2984/2984 2981/2981/2981
f 959/959/959 957/957/957 2983/2983/2983
f 959/959/959 2983/2983/2983 2515/2515/2515
f 960/960/960 959/959/959 2517/2517/2517
f 960/960/960 2517/2517/2517 2518/2518/2518
f 958/958/958 960/960/960 2520/2520/2520
f 958/958/958 2520/2520/2520 2984/2984/2984
f 962/962/962 961/961/961 2985/2985/2985
f 962/962/962 2985/2985/2985 2521/2521/2521
f 963/963/963 962/962/962 2523/2523/2523
f 963/963/963 2523/2523/2523 2524/2524/2524
f 964/964/964 963/963/963 2526/2526/2526
f 964/964/964 2526/2526/2526 2986/2986/2986
f 965/965/965 964/964/964 2986/2986/2986
f 965/965/965 2986/2986/2986 2987/2987/2987
f 961/961/961 966/966/966 2988/2988/2988
f 961/961/961 2988/2988/2988 2985/2985/2985
f 967/967/967 968/968/968 2529/2529/2529
f 967/967/967 2529/2529/2529 2530/2530/2530
f 966/966/966 967/967/967 2532/2532/2532
f 966/966/966 2532/2532/2532 2988/2988/2988
f 968/968/968 965/965/965 2987/2987/2987
f 968/968/968 2987/2987/2987 2527/2527/2527
f 970/970/970 969/969/969 2989/2989/2989
f 970/970/970 2989/2989/2989 2533/2533/2533
f 971/971/971 970/970/970 2535/2535/2535
f 971/971/971 2535/2535/2535 2536/2536/2536
f 972/972/972 971/971/971 2538/2538/2538
f 972/972/972 2538/2538/2538 2990/2990/2990
f 973/973/973 972/972/972 2990/2990/2990
f 973/973/973 2990/2990/2990 2991/2991/2991
f 969/969/969 974/974/974 2992/2992/2992
f 969/969/969 2992/2992/2992 2989/2989/2989
f 975/975/975 976/976/976 2541/2541/2541
f 975/975/975 2541/2541/2541 2542/2542/2542
f 974/974/974 975/975/975 2544/2544/2544
f 974/974/974 2544/2544/2544 2992/2992/2992
f 976/976/976 973/973/973 2991/2991/2991
f 976/976/976 2991/2991/2991 2539/2539/2539

